# Blender 5.0.0
# www.blender.org
mtllib cherryBlossom.mtl
o Small-Tree
v 0.000289 0.051984 -1.634877
v -0.099702 9.563930 -0.138942
v -0.778932 5.418233 -0.988724
v -0.716918 0.004214 1.460894
v 0.377247 5.167053 -0.200693
v 0.155951 2.800429 0.616229
v -0.619452 1.791865 -1.178740
v -1.285090 -0.026426 -1.019962
v -1.124334 2.209343 -0.447371
v -1.112420 1.213251 -0.462235
v -0.309245 1.107913 -1.138298
v -0.223036 1.426943 1.193245
v -1.602958 0.025437 0.350069
v -1.074604 1.354454 0.569675
v -0.781450 2.655771 0.347145
v 0.358949 3.508160 0.056556
v -0.831431 2.831704 -1.489296
v -1.094112 3.139647 -0.670291
v -0.567515 3.439083 0.014034
v -0.758641 5.252701 -0.382461
v -0.940469 4.310452 -1.475985
v -1.026237 4.312952 -0.622055
v 0.477442 4.383608 -0.153729
v -0.398893 4.345322 -0.036649
v -0.247061 5.141494 -0.033534
v 1.600775 0.023927 0.361913
v 1.070072 2.050422 -0.697587
v 1.227085 1.237932 -0.018831
v 0.715121 0.004069 1.462030
v 0.804991 1.374466 0.927237
v 0.981968 2.528672 0.147149
v 1.290684 -0.027234 -1.013630
v 0.737499 1.119266 -0.937654
v 0.363049 1.721749 -1.288934
v 0.344730 5.464963 -1.292261
v 0.837348 2.954696 -1.416338
v 0.984890 3.290881 -0.584452
v 0.637304 4.379356 -1.690461
v 0.938398 4.398712 -0.894245
v 0.640043 5.311881 -0.764012
v 0.033836 2.749619 -1.821560
v -0.194843 4.340231 -1.952686
v -0.284173 5.512951 -1.394988
v 0.095049 9.568959 -0.296987
v -0.458896 7.658606 0.165555
v 0.517684 7.581853 0.200054
v -0.768518 6.307457 -0.559994
v 0.459370 5.938573 -0.026001
v -0.649663 5.998951 -0.046818
v -0.106314 5.835606 0.189666
v -0.196099 7.717013 0.479099
v -0.688131 6.872401 -0.014024
v -0.464389 6.608995 0.439792
v 0.576965 6.646587 0.291615
v 0.095467 6.508972 0.575214
v 0.236114 7.683076 0.494492
v -0.445558 8.324131 -0.080697
v 0.447653 8.199250 -0.202309
v -0.134772 8.455485 0.142640
v 0.260573 8.400285 0.088923
v 0.009554 9.563176 -0.115259
v -0.335648 9.010051 -0.270408
v -0.063643 9.005604 -0.151558
v 0.268889 9.065516 -0.538022
v 0.203956 9.030142 -0.269920
v 0.095769 9.565395 -0.185179
v 0.046779 7.476150 -0.365803
v 0.249190 6.494148 -0.950438
v 0.616522 6.233233 -0.535991
v 0.177584 7.121258 -0.526485
v 0.611948 6.920392 -0.200914
v 0.431800 7.489524 -0.184278
v -0.365187 6.528642 -0.963739
v -0.399688 7.101359 -0.446025
v -0.349284 7.550773 -0.212408
v -0.101477 9.570342 -0.340299
v -0.110175 7.961698 -0.605889
v 0.280845 8.003506 -0.512511
v -0.219958 9.073744 -0.753510
v 0.078719 9.084917 -0.753678
v 0.006679 9.571163 -0.366065
v -0.433684 8.103097 -0.415697
v -0.404992 9.040592 -0.539973
v -0.149185 9.567141 -0.239776
v 0.089960 9.829978 -1.382239
v 0.256162 8.713198 -1.692460
v 0.183842 9.096242 -1.310968
v 0.089960 9.746597 -1.438327
v -0.006815 9.326594 -1.517800
v 0.067714 9.582521 -1.345869
v 0.108918 9.693643 -1.173363
v 0.046650 9.809349 -1.396115
v 0.006633 9.674175 -1.201072
v 0.046417 9.767561 -1.424225
v -0.014512 9.618529 -1.287446
v 0.002911 9.091820 -1.307849
v 0.143200 9.328278 -1.140336
v -0.001182 9.337248 -1.158790
v 0.035132 9.456985 -1.375799
v -0.055974 9.401629 -1.276582
v -0.093358 9.206934 -1.411214
v 0.133271 9.767225 -1.424450
v 0.169999 9.601990 -1.318160
v 0.133504 9.809013 -1.396341
v 0.191143 9.657636 -1.231786
v 0.174115 9.331017 -1.520919
v 0.179514 9.448015 -1.357345
v 0.234306 9.383635 -1.239553
v 0.270384 9.215902 -1.417554
v -0.085833 8.697449 -1.885309
v 0.226736 8.946856 -1.507115
v -0.051895 9.225183 -1.674436
v 0.017663 8.912925 -1.486689
v -0.122730 9.051859 -1.570213
v 0.088157 8.721299 -1.593264
v 0.238399 8.893364 -1.645244
v 0.009116 8.854638 -1.578682
v -0.131489 9.067195 -1.896688
v -0.176999 8.941317 -1.704006
v -0.083687 8.713470 -1.689124
v 0.157178 9.259115 -1.694861
v 0.297570 9.120179 -1.611338
v 0.082172 8.689347 -1.984505
v 0.097794 9.105921 -1.963249
v 0.283908 9.019242 -1.837926
v 0.254015 8.697177 -1.888645
v 0.000873 8.931335 -0.450153
v 0.177306 9.169983 -3.196950
v -0.157324 8.705994 -1.679334
v -0.000873 8.100021 -0.427154
v 0.312159 8.571736 -1.789714
v 0.148787 7.949131 -0.904337
v -0.117902 8.558578 -0.807691
v 0.359143 8.723972 -0.423700
v 0.233727 8.510824 -0.808416
v 0.360278 8.310549 -0.412146
v 0.367948 8.208321 -0.856349
v 0.034303 8.795225 -1.547820
v -0.139857 8.371421 -1.288997
v 0.157900 8.413710 -1.233987
v 0.279220 7.963315 -1.362939
v 0.367392 8.211557 -1.270349
v 0.268199 8.729143 -1.601826
v -0.359142 8.307386 -0.453606
v -0.202842 7.996883 -0.903613
v -0.360278 8.720809 -0.465160
v -0.337063 8.299387 -0.855680
v 0.120532 8.482505 -1.921228
v -0.018536 7.921026 -1.417949
v -0.228029 8.123177 -1.381587
v -0.113365 8.548586 -1.867222
v 0.219389 9.213108 -3.160943
v -0.089333 8.855262 -2.256755
v 0.294735 8.868146 -2.246718
v -0.001392 9.012156 -2.283493
v 0.189566 9.019422 -2.278665
v 0.163576 9.195961 -3.177914
v 0.023911 8.852928 -2.886960
v 0.028364 8.970200 -2.820369
v 0.264872 8.954601 -2.805808
v 0.147886 9.021276 -2.779753
v 0.184369 9.217493 -3.159950
v 0.206795 8.711252 -2.219981
v 0.015836 8.703987 -2.224810
v 0.233119 9.187129 -3.179980
v 0.260419 8.837327 -2.872398
v 0.140897 8.786252 -2.913015
v 0.212325 9.165598 -3.197943
v 0.580868 6.927926 -2.530310
v 0.779086 6.129652 -1.290916
v 0.665114 6.682001 -1.670833
v 0.580868 6.836146 -2.509036
v 0.506946 6.489047 -1.906587
v 0.603916 6.627735 -2.272820
v 0.637097 6.893400 -2.323997
v 0.549486 6.905083 -2.525016
v 0.536840 6.845111 -2.314589
v 0.549400 6.859181 -2.514374
v 0.519991 6.712293 -2.289002
v 0.493224 6.675156 -1.675068
v 0.622901 6.888607 -2.060282
v 0.488704 6.853341 -2.058522
v 0.540416 6.580021 -2.049362
v 0.447136 6.699122 -2.053065
v 0.413752 6.578768 -1.792827
v 0.612250 6.858990 -2.514330
v 0.704172 6.676023 -2.282230
v 0.612337 6.904891 -2.524971
v 0.721022 6.808841 -2.307817
v 0.678837 6.495893 -1.902350
v 0.674613 6.615288 -2.051121
v 0.716181 6.769506 -2.056580
v 0.758308 6.592280 -1.784595
v 0.382650 5.928150 -1.552804
v 0.698421 6.394648 -1.436872
v 0.469153 6.407670 -1.871338
v 0.500000 6.392896 -1.412979
v 0.384945 6.399394 -1.629905
v 0.540787 6.186196 -1.217427
v 0.725908 6.227288 -1.363886
v 0.507549 6.225872 -1.303187
v 0.427205 6.248740 -1.810597
v 0.357760 6.236583 -1.526124
v 0.342131 6.085713 -1.348022
v 0.667573 6.409422 -1.895231
v 0.782628 6.402923 -1.678306
v 0.620950 5.871607 -1.626292
v 0.645564 6.250155 -1.871297
v 0.795353 6.239445 -1.648359
v 0.819605 5.972088 -1.495698
v -0.447549 5.696138 -0.822106
v 3.414783 6.910085 -2.711000
v 1.807476 5.790810 -1.860687
v 0.447549 5.260343 -0.916353
v 1.949306 5.657140 -1.344253
v 0.660420 5.658109 -1.029981
v 0.326057 6.234548 -1.495546
v -0.099974 5.763740 -0.471675
v 0.477930 6.331702 -1.120407
v 0.348331 5.546209 -0.517675
v 0.645462 6.043992 -0.886628
v 1.871909 5.986995 -1.677613
v 1.157264 6.055621 -1.762787
v 1.262777 6.222479 -1.477507
v 1.210016 5.714113 -1.159734
v 1.289462 6.052367 -1.175311
v 1.942973 5.920818 -1.419014
v 0.099974 5.192741 -1.266783
v 0.508546 5.560954 -1.405118
v -0.348331 5.410272 -1.220783
v 0.341014 5.848663 -1.638898
v 1.884873 5.460955 -1.527328
v 1.104503 5.547255 -1.445014
v 1.077818 5.717367 -1.747208
v 1.813809 5.527133 -1.785928
v 3.417825 6.935557 -2.672191
v 2.484786 5.864201 -2.087846
v 2.667477 5.902634 -1.733655
v 2.456816 6.026135 -1.976429
v 2.548009 6.045841 -1.799115
v 3.398297 6.925594 -2.706023
v 3.121380 6.261733 -2.530765
v 3.055831 6.348987 -2.471704
v 3.204561 6.355279 -2.315382
v 3.097188 6.395998 -2.363906
v 3.399766 6.938369 -2.686617
v 2.695447 5.740700 -1.845073
v 2.604254 5.720993 -2.022385
v 3.434312 6.920049 -2.677171
v 3.270110 6.268023 -2.374440
v 3.228753 6.221014 -2.482239
v 3.432844 6.907274 -2.696575
v 2.407329 6.160084 -0.135191
v 1.110791 6.253506 -1.392511
v 1.679058 6.371679 -0.840171
v 2.407774 6.102248 -0.134761
v 1.771321 6.008703 -0.746312
v 2.155003 6.081254 -0.344817
v 2.175299 6.343437 -0.326340
v 2.424798 6.145641 -0.153084
v 2.249374 6.277627 -0.413081
v 2.425020 6.116689 -0.152867
v 2.239209 6.146378 -0.422326
v 1.820627 6.279644 -0.938878
v 1.975274 6.351573 -0.553201
v 2.065679 6.269736 -0.661977
v 1.944157 6.027172 -0.580525
v 2.050098 6.107341 -0.675650
v 1.866808 6.097939 -0.891886
v 2.390306 6.116691 -0.116869
v 2.080928 6.147064 -0.258075
v 2.390083 6.145643 -0.117085
v 2.091092 6.278313 -0.248830
v 1.629752 6.100738 -0.647605
v 1.853752 6.109008 -0.471749
v 1.869333 6.271403 -0.458076
v 1.583571 6.282443 -0.694597
v 1.110883 5.673678 -1.378359
v 1.487737 6.213632 -1.025299
v 1.639589 5.823739 -0.871644
v 1.661599 6.114313 -1.126379
v 1.737610 5.919134 -1.049452
v 1.284900 6.104337 -1.569395
v 1.336188 6.217675 -1.173270
v 1.491069 6.085759 -1.331393
v 1.335847 5.702408 -1.163157
v 1.490891 5.827817 -1.326322
v 1.284938 5.814076 -1.562302
v 1.465727 5.923058 -0.770565
v 1.389717 6.118237 -0.847492
v 0.936774 5.822847 -1.201474
v 1.180966 5.834324 -1.005034
v 1.181144 6.092266 -1.010105
v 0.936736 6.113108 -1.208568
v -0.209444 10.131940 1.863550
v -0.177142 9.087141 2.221882
v -0.193916 9.454271 2.221241
v -0.209444 10.064932 1.794210
v -0.224294 9.621836 1.887965
v -0.212827 9.859696 1.875500
v -0.205943 10.021885 2.074929
v -0.251091 10.115255 1.846285
v -0.318826 9.983344 2.027602
v -0.251122 10.081654 1.811514
v -0.322361 9.902013 1.927598
v -0.363439 9.490041 2.149887
v -0.199777 9.763784 2.251320
v -0.342831 9.751070 2.182395
v -0.217712 9.708327 1.944608
v -0.351929 9.723261 2.028596
v -0.378793 9.574064 1.982769
v -0.167796 10.081616 1.811475
v -0.099944 9.898238 1.922826
v -0.167765 10.115218 1.846246
v -0.096408 9.979568 2.022832
v -0.054771 9.586065 1.959321
v -0.074657 9.721042 2.013533
v -0.065560 9.748851 2.167333
v -0.039416 9.502043 2.126438
v -0.241745 8.874619 1.868288
v -0.189208 9.314384 2.155915
v -0.231202 9.490738 1.781438
v -0.379749 9.350771 2.079021
v -0.400942 9.439200 1.891246
v -0.371410 9.048599 2.157756
v -0.180700 9.242239 2.162997
v -0.400515 9.221132 2.075167
v -0.241320 9.132088 1.709874
v -0.431067 9.165899 1.847961
v -0.403939 8.942038 1.980459
v -0.040661 9.454350 1.858333
v -0.019468 9.365919 2.046108
v -0.047477 8.913159 1.932413
v -0.021505 9.153195 1.797703
v 0.009047 9.208427 2.024910
v -0.014948 9.019723 2.109710
v 0.304443 9.364516 3.542532
v -0.358003 7.336865 0.061158
v -0.464865 8.702722 1.871545
v 0.271509 9.385026 3.447775
v 0.003811 8.905711 1.731680
v 0.142122 8.929950 3.035708
v 0.039225 8.602114 3.177398
v 0.261813 9.361849 3.525642
v -0.022124 8.750205 3.217287
v 0.185945 8.972815 3.435206
v 0.305278 8.909526 3.465812
v 0.262157 9.119699 3.226860
v 0.247486 9.371008 3.483560
v 0.167704 9.065944 3.328987
v 0.024222 8.895067 3.153832
v -0.068855 9.042844 2.672033
v -0.330425 8.714685 2.718727
v -0.345846 8.894789 2.780352
v -0.229177 9.039535 2.759046
v -0.416425 8.861719 1.706969
v -0.419093 8.915321 2.238010
v -0.417272 9.109804 2.215406
v -0.053435 9.199197 2.184061
v -0.254367 9.234703 2.191553
v -0.207998 8.950868 1.645992
v 0.348018 9.389853 3.477942
v 0.252493 8.664546 2.963814
v 0.476415 9.006400 3.281409
v 0.316486 9.393503 3.445095
v 0.400372 9.093389 3.205134
v 0.244555 8.827250 2.950344
v 0.342673 9.377041 3.520997
v 0.434323 8.925173 3.396604
v 0.161711 8.565122 3.064186
v -0.082361 8.620494 2.027029
v -0.040693 8.719936 2.561264
v 0.016028 8.900240 2.583353
v -0.056056 8.850388 2.224565
v 0.036029 9.027529 2.198756
v 0.060899 8.758066 1.902128
v -0.193823 8.638023 2.621126
v -0.257204 8.800900 2.241901
v -0.314706 8.596119 2.013423
v 0.378774 7.065471 -0.017178
v -0.417090 7.527126 1.287667
v 0.222752 7.618825 1.285754
v -0.420441 8.356374 1.601191
v 0.121878 8.524100 1.499184
v -0.322461 8.470274 1.392392
v -0.081626 8.544077 1.348642
v -0.253636 7.685054 1.115074
v -0.425130 7.884143 1.469403
v -0.293271 7.995859 1.258587
v 0.164397 8.032728 1.418664
v -0.031678 8.061152 1.237698
v 0.030119 7.724625 1.115628
v -0.391203 7.351601 0.919329
v 0.303895 7.324070 0.935421
v -0.182743 7.561056 0.824468
v 0.125263 7.547084 0.832411
v -0.054249 7.518403 0.052938
v -0.373939 7.302244 0.477194
v -0.117897 7.509634 0.434768
v 0.352658 7.153967 0.474920
v 0.203756 7.441879 0.434100
v 0.271553 7.396004 0.018102
v -0.069695 7.335333 1.595745
v -0.053141 8.319820 1.874032
v 0.135573 8.423930 1.734363
v -0.071390 7.832337 1.797221
v 0.147622 7.930485 1.669220
v 0.179142 7.444595 1.500823
v -0.298828 8.290025 1.815064
v -0.324458 7.811917 1.708795
v -0.333123 7.371892 1.501445
v -0.165493 6.738929 -0.002553
v -0.069287 6.947816 1.105829
v 0.217942 7.055574 1.057930
v -0.105931 6.781209 0.551119
v 0.215182 6.857758 0.527337
v 0.184265 6.770661 -0.026565
v -0.338398 7.078760 1.044523
v -0.366166 6.977767 0.528935
v -0.404996 6.989269 0.036214
v 5.332760 6.937103 0.691906
v 4.245786 6.773098 0.436574
v 5.216431 6.285292 1.605806
v 4.129457 6.121287 1.350474
v 3.990572 6.526059 -0.858454
v 2.962400 6.526059 -0.393194
v 4.348522 5.805121 -0.067426
v 3.320350 5.805121 0.397834
v 3.274790 5.916338 -0.719013
v 2.838603 5.916338 0.321826
v 4.075562 5.195400 -0.383430
v 3.639375 5.195400 0.657408
v 2.657238 5.358451 1.917867
v 1.553092 5.358451 1.684482
v 2.477682 4.637513 2.767344
v 1.373537 4.637513 2.533960
v 1.215336 6.274632 1.000676
v 0.187164 6.274632 1.465937
v 1.573285 5.553694 1.791704
v 0.545114 5.553694 2.256963
v 3.732885 5.545994 1.363024
v 2.628740 5.545994 1.129641
v 3.553329 4.825057 2.212502
v 2.449184 4.825057 1.979119
v 2.217964 7.115543 1.745805
v 1.113819 7.115543 1.512420
v 2.038409 6.394606 2.595284
v 0.934264 6.394606 2.361898
v 1.195201 6.420851 1.024045
v 0.602901 6.551939 1.975675
v 2.152570 6.409544 1.621474
v 1.560269 6.540631 2.573103
v 3.858038 6.088643 -0.155768
v 2.753893 6.088643 -0.389153
v 3.678483 5.367705 0.693710
v 2.574337 5.367705 0.460325
v 3.858038 7.082816 -0.333544
v 2.753893 7.082816 -0.566928
v 3.678483 6.361878 0.515935
v 2.574337 6.361878 0.282550
v 4.933685 6.276186 0.086105
v 3.829540 6.276186 -0.147279
v 4.754130 5.555249 0.935583
v 3.649985 5.555249 0.702199
v 0.130530 9.128966 -0.131380
v -0.366876 9.128966 0.881631
v 0.909894 8.408029 0.251301
v 0.412488 8.408029 1.264312
v 0.122419 8.163587 -0.095912
v -0.943678 8.012035 0.241835
v 0.491674 7.801445 0.907137
v -0.574424 7.649893 1.244885
v 0.122419 8.351130 -0.650754
v -0.943678 8.199578 -0.313006
v 0.491674 7.988988 0.352295
v -0.574424 7.837436 0.690043
v -0.981318 8.070973 -1.534496
v -1.592408 8.070973 -0.585721
v -0.251375 7.350036 -1.064351
v -0.862465 7.350036 -0.115577
v -1.420591 8.744365 -1.538470
v -2.031681 8.744365 -0.589695
v -0.690648 8.023427 -1.068326
v -1.301738 8.023427 -0.119551
v 0.758793 9.024521 0.141987
v -0.307304 8.872970 0.479735
v 1.128047 8.662379 1.145036
v 0.061950 8.510827 1.482784
v -0.316854 8.836978 0.696828
v -1.382952 8.685426 1.034576
v 0.052400 8.474835 1.699877
v -1.013698 8.323283 2.037625
v -0.344944 8.744365 -1.538470
v -0.956034 8.744365 -0.589695
v 0.384999 8.023427 -1.068326
v -0.226091 8.023427 -0.119551
v -0.308744 8.995728 0.284294
v -0.806150 8.995728 1.297305
v 0.470620 8.274790 0.666975
v -0.026786 8.274790 1.679986
v 0.782300 9.310715 0.205316
v -0.271758 9.310715 0.608512
v 1.092500 8.589777 1.016259
v 0.038443 8.589777 1.419454
v 1.221574 8.449780 -0.032583
v 0.167516 8.449780 0.370613
v 1.531774 7.728843 0.778360
v 0.477716 7.728843 1.181555
v 0.130530 9.128966 -0.928095
v -0.366876 9.128966 0.084916
v 0.909894 8.408029 -0.545414
v 0.412488 8.408029 0.467597
v 0.130530 9.316510 -0.686222
v -0.366876 9.316510 0.326789
v 0.909894 8.595572 -0.303541
v 0.412488 8.595572 0.709470
v -0.985907 8.070812 -1.620389
v -1.714977 8.120312 -0.760382
v -0.128806 7.999692 -0.889689
v -0.857876 8.049191 -0.029682
v 0.122419 8.883198 0.145961
v -0.943678 8.731647 0.483709
v 0.491674 8.521056 1.149010
v -0.574424 8.369504 1.486758
v 0.145927 8.449780 -0.032583
v -0.908131 8.449780 0.370613
v 0.456127 7.728843 0.778360
v -0.597931 7.728843 1.181555
v 0.145927 8.911884 -0.210358
v -0.908131 8.911884 0.192838
v 0.456127 8.190947 0.600585
v -0.597931 8.190947 1.003780
v -0.293347 8.591103 -0.036557
v -1.347405 8.591103 0.366639
v 0.016853 7.870165 0.774386
v -1.037205 7.870165 1.177581
v -0.293347 8.778646 -0.591399
v -1.347405 8.778646 -0.188203
v 0.016853 8.057709 0.219544
v -1.037205 8.057709 0.622740
v -0.316854 8.836978 -0.099887
v -1.382952 8.685426 0.237861
v 0.052400 8.474835 0.903163
v -1.013698 8.323283 1.240910
v 0.128878 8.619803 0.756637
v -0.511425 8.722255 1.680282
v 1.054443 8.589523 1.401630
v 0.414139 8.691976 2.325275
v 0.094329 8.070973 -0.737780
v -0.516761 8.070973 0.210994
v 0.824272 7.350036 -0.267636
v 0.213182 7.350036 0.681138
v -0.950986 8.475598 -0.892523
v -0.752486 8.475598 0.218423
v -0.096276 7.754661 -1.045240
v 0.102225 7.754661 0.065707
v -0.950986 8.288055 -1.134396
v -0.752486 8.288055 -0.023450
v -0.096276 7.567118 -1.287113
v 0.102225 7.567118 -0.176167
v -0.308744 8.808185 0.042420
v -0.806150 8.808185 1.055432
v 0.470620 8.087247 0.425101
v -0.026786 8.087247 1.438112
v -0.246244 9.756145 -0.516035
v -0.334320 10.188023 0.522872
v 0.877338 9.843990 -0.457300
v 0.789263 10.275868 0.581608
v -1.210581 10.997969 -2.374764
v -1.298657 11.429848 -1.335857
v -0.086999 11.085814 -2.316029
v -0.175074 11.517693 -1.277121
v -0.694370 11.664837 -0.208429
v -0.495870 11.664837 0.902517
v 0.160340 10.943899 -0.361146
v 0.358840 10.943899 0.749801
v -0.771308 11.261950 -0.951011
v -0.859383 11.693829 0.087897
v 0.352274 11.349795 -0.892275
v 0.264199 11.781673 0.146633
v -0.246244 9.943687 -0.274162
v -0.334320 10.375566 0.764745
v 0.877338 10.031533 -0.215426
v 0.789263 10.463411 0.823482
v 0.785629 9.997279 -1.487163
v 0.056559 10.046779 -0.627156
v 1.642730 9.926159 -0.756463
v 0.913660 9.975657 0.103544
v -0.621279 11.431151 -2.223739
v -1.350349 11.480651 -1.363733
v 0.235822 11.360031 -1.493039
v -0.493248 11.409530 -0.633032
v -0.729291 10.670670 -0.694422
v -1.458361 10.720169 0.165585
v 0.127810 10.599550 0.036278
v -0.601260 10.649048 0.896285
v -0.729291 10.670670 -1.491137
v -1.458361 10.720169 -0.631130
v 0.127810 10.599550 -0.760437
v -0.601260 10.649048 0.099570
v -0.729291 10.483127 -0.936296
v -1.458361 10.532626 -0.076289
v 0.127810 10.412006 -0.205596
v -0.601260 10.461505 0.654411
v -0.724702 10.727633 -2.206082
v -1.335792 10.727633 -1.257308
v 0.005241 10.006695 -1.735938
v -0.605849 10.006695 -0.787164
v -0.724702 10.540089 -2.447956
v -1.335792 10.540089 -1.499181
v 0.005241 9.819151 -1.977812
v -0.605849 9.819151 -1.029037
v 0.128878 10.496584 -2.127053
v -0.511425 10.599035 -1.203408
v 1.054443 10.466304 -1.482060
v 0.414139 10.568756 -0.558415
v 0.758793 10.308455 -2.809926
v -0.307304 10.156903 -2.472178
v 1.128047 9.946313 -1.806876
v 0.061950 9.794761 -1.469129
v 0.582460 11.747730 -3.598437
v -0.483637 11.596179 -3.260689
v 0.951715 11.385589 -2.595388
v -0.114383 11.234036 -2.257640
v 0.019826 11.318719 -5.432822
v -1.046272 11.167168 -5.095074
v 0.389080 10.956577 -4.429772
v -0.677017 10.805025 -4.092025
v 0.019826 11.131176 -5.674696
v -1.046272 10.979625 -5.336947
v 0.389080 10.769034 -4.671646
v -0.677017 10.617482 -4.333899
v 1.221574 10.825902 -5.320231
v 0.167516 10.825902 -4.917034
v 1.531774 10.104964 -4.509288
v 0.477716 10.104964 -4.106092
v 1.221574 11.013445 -5.078357
v 0.167516 11.013445 -4.675160
v 1.531774 10.292507 -4.267414
v 0.477716 10.292507 -3.864218
v 0.782300 10.692663 -4.107841
v -0.271758 10.692663 -3.704645
v 1.092500 9.971725 -3.296898
v 0.038443 9.971725 -2.893703
v 1.198066 11.071776 -4.586844
v 0.131969 10.920225 -4.249097
v 1.567321 10.709635 -3.583795
v 0.501223 10.558083 -3.246048
v 1.198066 10.265147 -4.167196
v 0.131969 10.113596 -3.829449
v 1.567321 9.903006 -3.164147
v 0.501223 9.751453 -2.826399
v 1.221574 9.831729 -4.345740
v 0.167516 9.831729 -3.942544
v 1.531774 9.110791 -3.534797
v 0.477716 9.110791 -3.131602
v 0.130530 10.510915 -5.241252
v -0.366876 10.510915 -4.228241
v 0.909894 9.789977 -4.858572
v 0.412488 9.789977 -3.845560
v 0.130530 10.698459 -4.999379
v -0.366876 10.698459 -3.986368
v 0.909894 9.977521 -4.616698
v 0.412488 9.977521 -3.603687
v -0.308744 10.722201 -4.270737
v -0.806150 10.722201 -3.257726
v 0.470620 10.001264 -3.888056
v -0.026786 10.001264 -2.875045
v -0.616548 10.588527 -4.628009
v -1.682645 10.436975 -4.290261
v -0.247294 10.226385 -3.624959
v -1.313391 10.074833 -3.287212
v -0.616548 10.400984 -4.073167
v -1.682645 10.249433 -3.735419
v -0.247294 10.038842 -3.070118
v -1.313391 9.887290 -2.732370
v -1.055821 11.318719 -5.432822
v -2.121919 11.167168 -5.095074
v -0.686567 10.956577 -4.429772
v -1.752665 10.805025 -4.092025
v -0.234035 11.824557 -3.797674
v -0.874338 11.927009 -2.874028
v 0.691530 11.794277 -3.152681
v 0.051227 11.896729 -2.229036
v -0.673308 11.503776 -2.827158
v -1.313611 11.606227 -1.903513
v 0.252257 11.473495 -2.182165
v -0.388047 11.575948 -1.258520
v -0.308744 11.588654 -2.667619
v -0.806150 11.588654 -1.654608
v 0.470620 10.867716 -2.284938
v -0.026786 10.867716 -1.271927
v -0.378801 12.007341 -3.335669
v -0.876207 12.007341 -2.322657
v 0.400563 11.286404 -2.952988
v -0.096843 11.286404 -1.939976
v -0.792880 12.114820 -4.484612
v -1.858978 11.963269 -4.146864
v -0.423626 11.752679 -3.481562
v -1.489724 11.601127 -3.143815
v -0.616548 10.588527 -3.831294
v -1.682645 10.436975 -3.493546
v -0.247294 10.226385 -2.828244
v -1.313391 10.074833 -2.490497
v 0.122419 10.077603 -3.612355
v -0.943678 9.926052 -3.274607
v 0.491674 9.715462 -2.609305
v -0.574424 9.563910 -2.271558
v -0.593040 10.155108 -4.009838
v -1.647098 10.155108 -3.606642
v -0.282840 9.434171 -3.198895
v -1.336898 9.434171 -2.795700
v 1.221574 11.823096 -2.674400
v 0.167516 11.823096 -2.271204
v 1.531774 11.102159 -1.863457
v 0.477716 11.102159 -1.460261
v 1.221574 10.293834 -5.320231
v 0.167516 10.293834 -4.917034
v 1.531774 9.572896 -4.509288
v 0.477716 9.572896 -4.106092
v 1.198066 9.774288 3.404337
v 0.131969 9.622737 3.742085
v 1.567321 9.412147 4.407388
v 0.501223 9.260594 4.745134
v -0.293347 10.258605 1.866138
v -1.347405 10.258605 2.269334
v 0.016853 9.537667 2.677081
v -1.037205 9.537667 3.080276
v -0.293347 10.258605 1.069423
v -1.347405 10.258605 1.472619
v 0.016853 9.537667 1.880366
v -1.037205 9.537667 2.283561
v -0.285429 10.696021 0.584444
v -0.896519 10.696021 1.533219
v 0.444515 9.975083 1.054588
v -0.166576 9.975083 2.003363
v 0.130530 9.745495 3.546644
v -0.366876 9.745495 4.559655
v 0.909894 9.024557 3.929325
v 0.412488 9.024557 4.942337
v -0.771308 11.341444 -0.693921
v -0.859383 11.773323 0.344987
v 0.352274 11.429290 -0.635185
v 0.264199 11.861168 0.403723
v -0.771308 11.153900 -0.139079
v -0.859383 11.585779 0.899828
v 0.352274 11.241747 -0.080344
v 0.264199 11.673624 0.958564
v 1.221574 9.528413 3.467666
v 0.167516 9.528413 3.870862
v 1.531774 8.807475 4.278610
v 0.477716 8.807475 4.681806
v 0.130530 10.731186 -2.595422
v -0.366876 10.731186 -1.582411
v 0.909894 10.010248 -2.212741
v 0.412488 10.010248 -1.199730
v 0.758793 10.308455 -3.606641
v -0.307304 10.156903 -3.268893
v 1.128047 9.946313 -2.603591
v 0.061950 9.794761 -2.265844
v -0.310396 10.616173 1.303801
v -0.950699 10.718624 2.227446
v 0.615169 10.585892 1.948794
v -0.025134 10.688345 2.872439
v 0.128878 9.885981 2.108614
v -0.511425 9.988432 3.032259
v 1.054443 9.855700 2.753607
v 0.414139 9.958153 3.677252
v -0.310396 10.428629 1.858642
v -0.950699 10.531080 2.782288
v 0.615169 10.398349 2.503635
v -0.025134 10.500801 3.427280
v 0.790219 11.660488 0.029603
v 0.179129 11.660488 0.978378
v 1.520162 10.939550 0.499747
v 0.909072 10.939550 1.448522
v 0.785629 10.695860 0.498550
v 0.056559 10.745359 1.358557
v 1.642730 10.624740 1.229250
v 0.913660 10.674238 2.089257
v 0.454368 11.510646 -0.373219
v -0.274702 11.560145 0.486788
v 1.311469 11.439526 0.357481
v 0.582399 11.489024 1.217488
v 0.758793 10.840523 -3.606641
v -0.307304 10.688972 -3.268893
v 1.128047 10.478381 -2.603591
v 0.061950 10.326829 -2.265844
v 0.019826 10.599108 -5.674696
v -1.046272 10.447556 -5.336947
v 0.389080 10.236966 -4.671646
v -0.677017 10.085414 -4.333899
v 0.130530 10.543642 -2.837296
v -0.366876 10.543642 -1.824284
v 0.909894 9.822704 -2.454615
v 0.412488 9.822704 -1.441603
v 0.019826 10.786651 -5.432822
v -1.046272 10.635099 -5.095074
v 0.389080 10.424509 -4.429772
v -0.677017 10.272957 -4.092025
v -1.390260 11.593416 -0.587232
v -1.191759 11.593416 0.523714
v -0.535549 10.872478 -0.739949
v -0.337049 10.872478 0.370998
v 1.221574 11.635553 -2.916273
v 0.167516 11.635553 -2.513077
v 1.531774 10.914616 -2.105330
v 0.477716 10.914616 -1.702135
v 1.021734 11.824167 -2.416557
v -0.044363 11.672617 -2.078809
v 1.390988 11.462027 -1.413507
v 0.324891 11.310474 -1.075760
v 2.177765 6.518306 1.902344
v 1.090791 6.354300 1.647012
v 2.061436 5.866494 2.816242
v 0.974462 5.702490 2.560910
v 2.617039 7.501899 1.974539
v 1.530065 7.337893 1.719208
v 2.500710 6.850087 2.888439
v 1.413736 6.686083 2.633107
v 2.617039 7.314355 2.529382
v 1.530065 7.150350 2.274050
v 2.500710 6.662543 3.443281
v 1.413736 6.498539 3.187948
v 2.217964 6.840982 2.165453
v 1.113819 6.840982 1.932070
v 2.038409 6.120044 3.014931
v 0.934264 6.120044 2.781548
v 2.217964 6.653439 1.923581
v 1.113819 6.653439 1.690196
v 2.038409 5.932501 2.773057
v 0.934264 5.932501 2.539674
v 4.413282 7.101774 0.286422
v 3.445735 7.101774 0.867333
v 4.860209 6.380836 1.030809
v 3.892661 6.380836 1.611719
v 4.348692 5.736739 -0.340583
v 3.301386 5.596398 0.055721
v 4.769053 5.405085 0.652848
v 3.721745 5.264742 1.049152
v 2.177765 7.050374 1.902344
v 1.090791 6.886369 1.647012
v 2.061436 6.398562 2.816242
v 0.974462 6.234558 2.560910
v 2.217964 7.647612 1.745805
v 1.113819 7.647612 1.512420
v 2.038409 6.926674 2.595284
v 0.934264 6.926674 2.361898
v 2.833772 6.466931 -1.145396
v 1.786465 6.326590 -0.749092
v 3.254132 6.135277 -0.151965
v 2.206825 5.994935 0.244339
v 3.294683 5.699256 -0.828701
v 2.266511 5.699256 -0.363440
v 3.652633 4.978318 -0.037673
v 2.624461 4.978318 0.427587
v 2.315924 7.240632 1.907975
v 1.313515 7.127072 2.413826
v 2.833735 6.967111 2.872684
v 1.831325 6.853551 3.378534
v 2.315924 7.053089 1.666103
v 1.313515 6.939529 2.171952
v 2.833735 6.779567 2.630810
v 1.831325 6.666008 3.136661
v -2.159002 11.889769 -5.096346
v -2.247077 12.321647 -4.057438
v -1.035419 11.977613 -5.037611
v -1.123495 12.409492 -3.998703
v -1.314270 12.573721 -4.630956
v -1.811676 12.573721 -3.617945
v -0.534907 11.852783 -4.248275
v -1.032313 11.852783 -3.235264
v -0.804940 12.606557 -4.687424
v -1.302346 12.606557 -3.674413
v -0.025576 11.885619 -4.304743
v -0.522982 11.885619 -3.291732
v 1.221574 9.715957 2.912825
v 0.167516 9.715957 3.316020
v 1.531774 8.995019 3.723767
v 0.477716 8.995019 4.126964
v 3.274790 6.722967 -0.341947
v 2.838603 6.722967 0.698892
v 4.075562 6.002029 -0.006364
v 3.639375 6.002029 1.034474
v 2.773209 7.289318 0.203687
v 1.805662 7.289318 0.784598
v 3.220134 6.568380 0.948074
v 2.252587 6.568380 1.528985
v 2.755198 7.284343 0.685898
v 1.752788 7.170783 1.191748
v 3.273008 7.010821 1.650607
v 2.270599 6.897262 2.156456
v 3.974009 6.837793 -0.340616
v 3.006462 6.837793 0.240295
v 4.420935 6.116856 0.403770
v 3.453387 6.116856 0.984681
v 4.933685 6.620711 -0.155769
v 3.829540 6.620711 -0.389154
v 4.754130 5.899774 0.693710
v 3.649985 5.899774 0.460325
v 3.732885 5.890519 1.917866
v 2.628740 5.890519 1.684482
v 3.553329 5.169581 2.767344
v 2.449184 5.169581 2.533960
v 2.657238 7.072236 0.388534
v 1.553092 7.072236 0.155150
v 2.477682 6.351298 1.238013
v 1.373537 6.351298 1.004629
v 2.177765 6.705849 2.144217
v 1.090791 6.541844 1.888885
v 2.061436 6.054038 3.058115
v 0.974462 5.890033 2.802783
v 0.233515 12.316784 2.750297
v -0.820543 12.316784 3.153493
v 0.543715 11.595846 3.561240
v -0.510343 11.595846 3.964435
v -1.420591 10.599411 -0.987331
v -2.031681 10.599411 -0.038556
v -0.690648 9.878473 -0.517187
v -1.301738 9.878473 0.431588
v -1.425181 10.411706 0.278331
v -2.154251 10.461205 1.138338
v -0.568080 10.340586 1.009031
v -1.297150 10.390084 1.869038
v -1.231923 12.440396 3.614594
v -0.897582 12.458646 4.692317
v -0.364715 11.765718 3.356985
v -0.030375 11.783967 4.434709
v -1.420591 10.599411 -0.190616
v -2.031681 10.599411 0.758159
v -0.690648 9.878473 0.279528
v -1.301738 9.878473 1.228303
v -1.420591 10.411867 -0.432490
v -2.031681 10.411867 0.516285
v -0.690648 9.690929 0.037655
v -1.301738 9.690929 0.986429
v -0.981318 9.681675 1.965754
v -1.592408 9.681675 2.914529
v -0.251375 8.960737 2.435898
v -0.862465 8.960737 3.384673
v -1.906471 10.869747 0.437417
v -1.994546 11.301625 1.476324
v -0.782888 10.957592 0.496152
v -0.870964 11.389471 1.535060
v -0.942134 9.815466 0.944590
v -1.030209 10.247345 1.983497
v 0.181448 9.903312 1.003325
v 0.093373 10.335190 2.042233
v -0.942134 9.627922 1.499431
v -1.030209 10.059801 2.538338
v 0.181448 9.715769 1.558166
v 0.093373 10.147646 2.597074
v -1.906471 11.057290 -0.117425
v -1.994546 11.489168 0.921483
v -0.782888 11.145136 -0.058689
v -0.870964 11.577014 0.980219
v -1.906471 11.057290 -0.914140
v -1.994546 11.489168 0.124768
v -0.782888 11.145136 -0.855404
v -0.870964 11.577014 0.183504
v 5.315371 6.975104 0.181442
v 5.261999 7.819664 0.928084
v 5.177050 6.228368 1.016221
v 5.123678 7.072927 1.762864
v 0.758793 10.447680 3.400362
v -0.307304 10.296127 3.738110
v 1.128047 10.085537 4.403412
v 0.061950 9.933985 4.741159
v -0.188609 10.611114 -1.068264
v -1.254706 10.459562 -0.730516
v 0.180645 10.248972 -0.065214
v -0.885452 10.097420 0.272533
v -1.354185 10.682334 -0.399345
v -2.408243 10.682334 0.003851
v -1.043985 9.961396 0.411598
v -2.098042 9.961396 0.814793
v -1.583222 9.353385 -1.772101
v -2.312292 9.402884 -0.912094
v -0.726121 9.282265 -1.041401
v -1.455191 9.331763 -0.181394
v -1.390260 11.536615 1.807037
v -1.191759 11.536615 2.917984
v -0.535549 10.815678 1.654320
v -0.337049 10.815678 2.765267
v -1.467197 11.133728 1.064456
v -1.555272 11.565606 2.103363
v -0.343615 11.221573 1.123191
v -0.431690 11.653452 2.162099
v -0.942134 9.815466 1.741305
v -1.030209 10.247345 2.780212
v 0.181448 9.903312 1.800040
v 0.093373 10.335190 2.838948
v -0.942134 9.627922 2.296146
v -1.030209 10.059801 3.335054
v 0.181448 9.715769 2.354882
v 0.093373 10.147646 3.393790
v 0.089740 9.681514 1.083145
v -0.639330 9.731013 1.943152
v 0.946841 9.610394 1.813845
v 0.217771 9.659892 2.673852
v 1.090299 11.639353 2.849760
v 1.112168 12.218365 3.818198
v 1.309111 10.686945 3.414246
v 1.330981 11.265957 4.382684
v -0.349533 10.411706 0.278331
v -1.078604 10.461205 1.138338
v 0.507567 10.340586 1.009031
v -0.221503 10.390084 1.869038
v -0.344944 10.599411 -0.987331
v -0.956034 10.599411 -0.038556
v 0.384999 9.878473 -0.517187
v -0.226091 9.878473 0.431588
v -0.338660 8.784904 0.205316
v -1.392718 8.784904 0.608512
v -0.028460 8.063966 1.016259
v -1.082518 8.063966 1.419454
v -1.429704 8.469916 0.284294
v -1.927110 8.469916 1.297305
v -0.650340 7.748979 0.666975
v -1.147746 7.748979 1.679986
v -1.465905 8.218554 -1.538470
v -2.076995 8.218554 -0.589695
v -0.735962 7.497616 -1.068326
v -1.347052 7.497616 -0.119551
v -1.437815 8.311167 0.696828
v -2.503912 8.159615 1.034576
v -1.068560 7.949024 1.699877
v -2.134658 7.797472 2.037626
v -0.362167 8.498710 0.141987
v -1.428265 8.347158 0.479735
v 0.007087 8.136568 1.145036
v -1.059011 7.985016 1.482784
v -2.541552 8.218554 -1.538470
v -3.152642 8.218554 -0.589695
v -1.811608 7.497616 -1.068326
v -2.422698 7.497616 -0.119551
v -2.102278 7.545162 -1.534496
v -2.713368 7.545162 -0.585721
v -1.372335 6.824224 -1.064350
v -1.983425 6.824224 -0.115577
v -0.998541 7.825318 -0.650754
v -2.064638 7.673767 -0.313006
v -0.629287 7.463177 0.352295
v -1.695384 7.311625 0.690043
v -0.998541 7.637775 -0.095912
v -2.064638 7.486224 0.241835
v -0.629287 7.275634 0.907137
v -1.695384 7.124082 1.244885
v -0.990430 8.603155 -0.131380
v -1.487836 8.603155 0.881631
v -0.211067 7.882217 0.251301
v -0.708473 7.882217 1.264312
v 1.221574 12.019122 1.141620
v 0.167516 12.019122 1.544816
v 1.531774 11.298184 1.952563
v 0.477716 11.298184 2.355758
v 0.782300 10.921416 2.112135
v -0.271758 10.921416 2.515331
v 1.092500 10.200479 2.923078
v 0.038443 10.200479 3.326274
v 0.758793 10.979748 3.400362
v -0.307304 10.828197 3.738110
v 1.128047 10.617606 4.403412
v 0.061950 10.466054 4.741159
v 1.021734 12.207737 0.844621
v -0.044363 12.056186 1.182369
v 1.390988 11.845595 1.847671
v 0.324891 11.694043 2.185418
v 1.198066 11.300529 1.633132
v 0.131969 11.148978 1.970880
v 1.567321 10.938388 2.636182
v 0.501223 10.786836 2.973929
v 0.758793 11.167291 2.845521
v -0.307304 11.015739 3.183269
v 1.128047 10.805149 3.848571
v 0.061950 10.653597 4.186318
v 0.758793 11.167291 2.048806
v -0.307304 11.015739 2.386554
v 1.128047 10.805149 3.051856
v 0.061950 10.653597 3.389603
v 0.758793 10.979748 2.603648
v -0.307304 10.828197 2.941395
v 1.128047 10.617606 3.606697
v 0.061950 10.466054 3.944445
v 0.145927 11.054655 2.493176
v -0.908131 11.054655 2.896372
v 0.456127 10.333717 3.304119
v -0.597931 10.333717 3.707315
v -0.293347 10.733872 2.666977
v -1.347405 10.733872 3.070173
v 0.016853 10.012935 3.477920
v -1.037205 10.012935 3.881115
v 0.145927 12.019122 1.141620
v -0.908131 12.019122 1.544816
v 0.456127 11.298184 1.952563
v -0.597931 11.298184 2.355758
v -0.241521 11.490473 0.033601
v -0.970591 11.539972 0.893607
v 0.615580 11.419353 0.764301
v -0.113490 11.468851 1.624307
v 1.021734 11.675669 0.844621
v -0.044363 11.524117 1.182369
v 1.390988 11.313526 1.847671
v 0.324891 11.161974 2.185418
v 0.782300 10.389348 2.112135
v -0.271758 10.389348 2.515331
v 1.092500 9.668410 2.923078
v 0.038443 9.668410 3.326274
v 1.221574 10.710130 1.141620
v 0.167516 10.710130 1.544816
v 1.531774 9.989192 1.952563
v 0.477716 9.989192 2.355758
v 0.782300 10.201804 2.666977
v -0.271758 10.201804 3.070173
v 1.092500 9.480866 3.477920
v 0.038443 9.480866 3.881115
v 1.221574 10.522586 2.493176
v 0.167516 10.522586 2.896372
v 1.531774 9.801648 3.304119
v 0.477716 9.801648 3.707315
v 0.782300 12.029702 0.891648
v -0.271758 12.029702 1.294844
v 1.092500 11.308764 1.702591
v 0.038443 11.308764 2.105786
v 0.782300 10.258605 1.866138
v -0.271758 10.258605 2.269334
v 1.092500 9.537667 2.677081
v 0.038443 9.537667 3.080276
v 1.677907 7.018868 -5.609754
v 1.066817 7.018868 -4.660977
v 2.407850 6.297932 -5.139608
v 1.796760 6.297932 -4.190835
v 2.805151 7.397676 -4.904555
v 1.751094 7.397676 -4.501359
v 3.115352 6.676737 -4.093614
v 2.061294 6.676737 -3.690418
v 2.112591 7.151947 -6.111320
v 1.383521 7.201446 -5.251315
v 2.969692 7.080825 -5.380620
v 2.240622 7.130324 -4.520615
v 0.602260 6.831326 -5.851626
v -0.008830 6.831326 -4.902852
v 1.332203 6.110387 -5.381483
v 0.721113 6.110387 -4.432707
v 2.168778 6.998846 -4.523514
v 1.114720 6.998846 -4.120318
v 2.478978 6.277907 -3.712571
v 1.424920 6.277907 -3.309376
v 0.782300 10.733872 2.666977
v -0.271758 10.733872 3.070173
v 1.092500 10.012935 3.477920
v 0.038443 10.012935 3.881115
v -1.264256 10.611114 -1.068264
v -2.330353 10.459562 -0.730516
v -0.895002 10.248972 -0.065214
v -1.961099 10.097420 0.272533
v -0.914911 10.658590 -1.127988
v -1.968969 10.658590 -0.724792
v -0.604711 9.937653 -0.317045
v -1.658769 9.937653 0.086151
v -0.914911 10.471047 -1.369861
v -1.968969 10.471047 -0.966665
v -0.604711 9.750110 -0.558918
v -1.658769 9.750110 -0.155722
v -1.703530 10.534677 -2.250144
v -2.769627 10.383125 -1.912396
v -1.334275 10.172535 -1.247094
v -2.400373 10.020983 -0.909347
v -1.264256 9.804484 -1.445330
v -2.330353 9.652933 -1.107583
v -0.895002 9.442343 -0.442281
v -1.961099 9.290791 -0.104533
v -2.042156 9.630136 -1.897283
v -2.653246 9.630136 -0.948509
v -1.312212 8.909199 -1.427139
v -1.923303 8.909199 -0.478365
v -3.412488 9.759552 -1.249421
v -3.500564 10.191431 -0.210514
v -2.288906 9.847398 -1.190686
v -2.376981 10.279276 -0.151778
v -3.412488 9.759552 -2.046136
v -3.500564 10.191431 -1.007229
v -2.288906 9.847398 -1.987401
v -2.376981 10.279276 -0.948493
v -3.098142 10.026776 -1.776075
v -3.827212 10.076276 -0.916068
v -2.241041 9.955656 -1.045375
v -2.970111 10.005155 -0.185368
v -2.481429 10.303527 -1.901257
v -3.092519 10.303527 -0.952483
v -1.751486 9.582589 -1.431113
v -2.362576 9.582589 -0.482338
v -1.573609 12.751613 -3.751047
v -1.239268 12.769861 -2.673323
v -0.706401 12.076934 -4.008656
v -0.372061 12.095182 -2.930933
v 0.007373 12.356639 -5.296614
v -1.046685 12.356639 -4.893417
v 0.317573 11.635701 -4.485671
v -0.736485 11.635701 -4.082475
v -1.244213 12.617137 -4.937396
v -1.741619 12.617137 -3.924385
v -0.464849 11.896199 -4.554715
v -0.962255 11.896199 -3.541704
v -2.451097 10.520609 -1.501159
v -2.252597 10.520609 -0.390212
v -1.596387 9.799671 -1.653875
v -1.397887 9.799671 -0.542929
v -2.658869 9.353385 -2.568816
v -3.387939 9.402884 -1.708809
v -1.801768 9.282265 -1.838116
v -2.530838 9.331763 -0.978109
v -2.011824 10.034761 -1.255311
v -1.813324 10.034761 -0.144364
v -1.157114 9.313824 -1.408028
v -0.958613 9.313824 -0.297081
v -2.011824 9.847218 -1.497184
v -1.813324 9.847218 -0.386238
v -1.157114 9.126280 -1.649901
v -0.958613 9.126280 -0.538955
v -0.930308 10.688129 -0.494168
v -1.427714 10.688129 0.518843
v -0.150944 9.967192 -0.111487
v -0.648350 9.967192 0.901524
v -1.369582 10.424149 -1.121207
v -1.866988 10.424149 -0.108196
v -0.590218 9.703211 -0.738526
v -1.087624 9.703211 0.274485
v -2.022495 10.214319 -2.330916
v -2.751565 10.263819 -1.470910
v -1.165394 10.143199 -1.600217
v -1.894464 10.192698 -0.740210
v -2.022495 10.026776 -1.776075
v -2.751565 10.076276 -0.916068
v -1.165394 9.955656 -1.045375
v -1.894464 10.005155 -0.185368
v -2.042156 9.817679 -1.655410
v -2.653246 9.817679 -0.706635
v -1.312212 9.096742 -1.185266
v -1.923303 9.096742 -0.236491
v -3.098142 10.026776 -2.572790
v -3.827212 10.076276 -1.712783
v -2.241041 9.955656 -1.842090
v -2.970111 10.005155 -0.982083
v -3.098142 10.214319 -2.330916
v -3.827212 10.263819 -1.470910
v -2.241041 10.143199 -1.600217
v -2.970111 10.192698 -0.740210
v -0.266714 10.808062 3.995068
v 0.067628 10.826310 5.072792
v 0.600495 10.133383 3.737459
v 0.934835 10.151631 4.815182
v -1.049363 10.523256 -5.618862
v -1.689666 10.625708 -4.695216
v -0.123798 10.492976 -4.973868
v -0.764101 10.595428 -4.050223
v 0.130530 12.040178 -3.392137
v -0.366876 12.040178 -2.379126
v 0.909894 11.319241 -3.009456
v 0.412488 11.319241 -1.996445
v -0.310396 10.232603 -2.754092
v -0.950699 10.335054 -1.830447
v 0.615169 10.202323 -2.109099
v -0.025134 10.304775 -1.185454
v -0.308744 10.377677 -4.028863
v -0.806150 10.377677 -3.015852
v 0.470620 9.656739 -3.646183
v -0.026786 9.656739 -2.633171
v 0.128878 10.463858 -4.531011
v -0.511425 10.566309 -3.607365
v 1.054443 10.433577 -3.886018
v 0.414139 10.536030 -2.962373
v 0.128878 9.657228 -4.111363
v -0.511425 9.759679 -3.187717
v 1.054443 9.626947 -3.466369
v 0.414139 9.729400 -2.542724
v 0.128878 9.469685 -3.556521
v -0.511425 9.572136 -2.632875
v 1.054443 9.439404 -2.911528
v 0.414139 9.541857 -1.987883
v 1.198066 9.733079 -4.963912
v 0.131969 9.581528 -4.626164
v 1.567321 9.370937 -3.960862
v 0.501223 9.219385 -3.623115
v 0.019826 10.599108 -4.877981
v -1.046272 10.447556 -4.540233
v 0.389080 10.236966 -3.874931
v -0.677017 10.085414 -3.537184
v -0.310396 10.420147 -3.308934
v -0.950699 10.522598 -2.385288
v 0.615169 10.389867 -2.663940
v -0.025134 10.492319 -1.740295
v 1.221574 9.487204 -4.900582
v 0.167516 9.487204 -4.497386
v 1.531774 8.766266 -4.089640
v 0.477716 8.766266 -3.686444
v -0.310396 10.232603 -3.550807
v -0.950699 10.335054 -2.627162
v 0.615169 10.202323 -2.905814
v -0.025134 10.304775 -1.982169
v -0.608437 11.553907 -5.460191
v -1.105843 11.553907 -4.447180
v 0.170926 10.832970 -5.077510
v -0.326480 10.832970 -4.064499
v -1.047711 11.233125 -4.489676
v -1.545117 11.233125 -3.476664
v -0.268347 10.512187 -4.106995
v -0.765753 10.512187 -3.093983
v -0.673308 11.283505 -3.879559
v -1.313611 11.385957 -2.955914
v 0.252257 11.253225 -3.234566
v -0.388047 11.355678 -2.310921
v 2.781644 7.512807 -5.213882
v 1.715547 7.361257 -4.876134
v 3.150898 7.150667 -4.210834
v 2.084801 6.999115 -3.873085
v 3.244425 6.724285 -4.900581
v 2.190367 6.724285 -4.497386
v 3.554625 6.003346 -4.089640
v 2.500567 6.003346 -3.686444
v 1.036944 6.157773 -5.136831
v 0.307874 6.207273 -4.276824
v 1.894045 6.086653 -4.406131
v 1.164975 6.136151 -3.546124
v 1.036944 6.345316 -5.691672
v 0.307874 6.394815 -4.831666
v 1.894045 6.274197 -4.960972
v 1.164975 6.323695 -4.100965
v 0.122419 10.297874 -2.559954
v -0.943678 10.146322 -2.222206
v 0.491674 9.935732 -1.556905
v -0.574424 9.784180 -1.219157
v -0.493187 11.747730 -3.598437
v -1.559284 11.596179 -3.260689
v -0.123933 11.385589 -2.595388
v -1.190030 11.234036 -2.257640
v -1.049363 10.523256 -4.822146
v -1.689666 10.625708 -3.898501
v -0.123798 10.492976 -4.177154
v -0.764101 10.595428 -3.253509
v 0.128878 9.657228 -4.908077
v -0.511425 9.759679 -3.984432
v 1.054443 9.626947 -4.263084
v 0.414139 9.729400 -3.339439
v 0.128878 9.469685 -4.353235
v -0.511425 9.572136 -3.429591
v 1.054443 9.439404 -3.708243
v 0.414139 9.541857 -2.784598
v -1.049363 10.710799 -5.376988
v -1.689666 10.813251 -4.453343
v -0.123798 10.680519 -4.731995
v -0.764101 10.782971 -3.808350
v -1.083911 10.449694 -5.515724
v -1.695001 10.449694 -4.566949
v -0.353968 9.728756 -5.045580
v -0.965058 9.728756 -4.096805
v -0.644638 10.770475 -5.689525
v -1.255728 10.770475 -4.740750
v 0.085305 10.049538 -5.219381
v -0.525785 10.049538 -4.270606
v -2.056135 11.617826 -4.243231
v -2.785205 11.667326 -3.383224
v -1.199034 11.546707 -3.512531
v -1.928104 11.596205 -2.652524
v -1.425181 10.158879 -3.533563
v -2.154251 10.208379 -2.673557
v -0.568080 10.087759 -2.802863
v -1.297150 10.137258 -1.942856
v -2.398851 10.935844 -5.364859
v -2.715946 10.277480 -4.504851
v -2.014068 11.705015 -4.634158
v -2.331163 11.046651 -3.774151
v -1.720285 9.963845 -5.269877
v -2.331375 9.963845 -4.321102
v -0.990342 9.242908 -4.799733
v -1.601432 9.242908 -3.850958
v -1.724874 10.957856 -6.330260
v -2.453944 11.007357 -5.470254
v -0.867773 10.886737 -5.599560
v -1.596843 10.936235 -4.739553
v -2.164148 10.637075 -5.359745
v -2.893218 10.686575 -4.499738
v -1.307047 10.565955 -4.629045
v -2.036117 10.615454 -3.769038
v -1.425181 10.346422 -3.291690
v -2.154251 10.395922 -2.431683
v -0.568080 10.275302 -2.560990
v -1.297150 10.324800 -1.700983
v -1.425181 10.158879 -2.736848
v -2.154251 10.208379 -1.876842
v -0.568080 10.087759 -2.006148
v -1.297150 10.137258 -1.146142
v -2.164148 10.449532 -4.804903
v -2.893218 10.499031 -3.944896
v -1.307047 10.378411 -4.074203
v -2.036117 10.427910 -3.214196
v 0.597671 6.920691 -4.334403
v -0.131399 6.970191 -3.474396
v 1.454772 6.849572 -3.603703
v 0.725702 6.899071 -2.743695
v 1.705997 6.980740 -5.213882
v 0.639899 6.829188 -4.876134
v 2.075251 6.618598 -4.210834
v 1.009154 6.467045 -3.873085
v 2.145270 7.776789 -4.586843
v 1.079173 7.625237 -4.249096
v 2.514525 7.414648 -3.583795
v 1.448427 7.263094 -3.246047
v 1.714107 8.510916 -3.642109
v 1.216701 8.510916 -2.629098
v 2.493471 7.789978 -3.259428
v 1.996065 7.789978 -2.246417
v 2.151729 7.921207 -3.478610
v 1.511426 8.023660 -2.554965
v 3.077294 7.890928 -2.833616
v 2.436990 7.993381 -1.909972
v 1.705997 7.700352 -5.768724
v 0.639899 7.548800 -5.430976
v 2.075251 7.338210 -4.765676
v 1.009154 7.186657 -4.427927
v 2.145270 6.438090 -4.963912
v 1.079173 6.286540 -4.626163
v 2.514525 6.075950 -3.960861
v 1.448427 5.924397 -3.623115
v 3.220917 6.250547 -4.409070
v 2.154820 6.098997 -4.071321
v 3.590172 5.888405 -3.406019
v 2.524074 5.736854 -3.068273
v 2.151729 6.174696 -3.556520
v 1.511426 6.277148 -2.632874
v 3.077294 6.144417 -2.911527
v 2.436990 6.246869 -1.987882
v 2.153381 7.968266 -3.392137
v 1.655975 7.968266 -2.379126
v 2.932745 7.247329 -3.009455
v 2.435338 7.247329 -1.996445
v 0.641444 6.777574 -4.724518
v 0.553369 7.209452 -3.685611
v 1.765026 6.865418 -4.665783
v 1.676951 7.297297 -3.626875
v 2.151729 6.174696 -4.353235
v 1.511426 6.277147 -3.429590
v 3.077294 6.144416 -3.708242
v 2.436990 6.246869 -2.784597
v 1.705997 7.733078 -3.364768
v 0.639899 7.581528 -3.027020
v 2.075251 7.370937 -2.361717
v 1.009154 7.219385 -2.023970
v 0.597671 7.018708 -5.695646
v -0.131399 7.068208 -4.835639
v 1.454772 6.947587 -4.964946
v 0.725702 6.997087 -4.104939
v 0.152940 6.952494 -6.492362
v -0.164155 6.294128 -5.632356
v 0.537723 7.721663 -5.761662
v 0.220628 7.063300 -4.901654
v 0.632592 7.235950 -5.209653
v 0.831092 7.235950 -4.098708
v 1.487302 6.515013 -5.362370
v 1.685802 6.515013 -4.251424
v 1.729504 6.734865 -5.150554
v 0.675446 6.734865 -4.747357
v 2.039704 6.013927 -4.339611
v 0.985647 6.013927 -3.936415
v 2.805151 7.266932 -5.150554
v 1.751094 7.266932 -4.747357
v 3.115352 6.545996 -4.339611
v 2.061294 6.545996 -3.936415
v 2.805151 7.397676 -4.107841
v 1.751094 7.397676 -3.704644
v 3.115352 6.676737 -3.296897
v 2.061294 6.676738 -2.893703
v 2.781644 7.700352 -5.768724
v 1.715547 7.548800 -5.430976
v 3.150898 7.338210 -4.765676
v 2.084801 7.186657 -4.427927
v 1.712455 6.937615 -3.550807
v 1.072152 7.040067 -2.627162
v 2.638020 6.907336 -2.905813
v 1.997717 7.009788 -1.982168
v 1.712455 7.125158 -3.308933
v 1.072152 7.227611 -2.385288
v 2.638020 7.094879 -2.663939
v 1.997717 7.197331 -1.740295
v 1.705997 7.168283 -5.768724
v 0.639899 7.016732 -5.430976
v 2.075251 6.806141 -4.765676
v 1.009154 6.654590 -4.427927
v 3.220917 6.438090 -4.963912
v 2.154820 6.286540 -4.626163
v 3.590172 6.075950 -3.960861
v 2.524074 5.924397 -3.623115
v 1.712455 7.380156 -3.560494
v 1.072152 7.482607 -2.636849
v 2.638020 7.349876 -2.915502
v 1.997717 7.452328 -1.991857
v 2.153381 7.935540 -5.796093
v 1.655975 7.935540 -4.783082
v 2.932745 7.214602 -5.413413
v 2.435338 7.214602 -4.400402
v 2.145270 6.782617 -3.612355
v 1.079173 6.631064 -3.274606
v 2.514525 6.420475 -2.609304
v 1.448427 6.268923 -2.271558
v -0.616548 11.050632 -5.602499
v -1.682645 10.899080 -5.264751
v -0.247294 10.688490 -4.599449
v -1.313391 10.536938 -4.261702
v -0.616548 10.863089 -5.047657
v -1.682645 10.711537 -4.709909
v -0.247294 10.500947 -4.044607
v -1.313391 10.349395 -3.706860
v -1.055821 10.729850 -3.835268
v -2.121919 10.578299 -3.497520
v -0.686567 10.367708 -2.832218
v -1.752665 10.216156 -2.494471
v -1.055821 10.729850 -4.631983
v -2.121919 10.578299 -4.294235
v -0.686567 10.367708 -3.628933
v -1.752665 10.216156 -3.291186
v -1.055821 10.542306 -4.077141
v -2.121919 10.390755 -3.739394
v -0.686567 10.180164 -3.074092
v -1.752665 10.028612 -2.736344
v -0.616548 11.050632 -4.805784
v -1.682645 10.899080 -4.468036
v -0.247294 10.688490 -3.802734
v -1.313391 10.536938 -3.464987
v 0.145927 9.487204 -4.103867
v -0.908131 9.487204 -3.700671
v 0.456127 8.766266 -3.292924
v -0.597931 8.766266 -2.889729
v -1.032314 10.540776 -5.369493
v -2.086372 10.540776 -4.966297
v -0.722114 9.819839 -4.558550
v -1.776172 9.819839 -4.155355
v -0.255097 11.690027 0.984543
v -0.056597 11.690027 2.095490
v 0.599614 10.969090 0.831826
v 0.798114 10.969090 1.942773
v -0.290018 10.695860 0.498550
v -1.019088 10.745359 1.358557
v 0.567083 10.624740 1.229250
v -0.161987 10.674238 2.089257
v -0.621279 11.510646 -0.373219
v -1.350349 11.560145 0.486788
v 0.235822 11.439526 0.357481
v -0.493248 11.489024 1.217488
v -0.290018 10.695860 -0.298165
v -1.019088 10.745359 0.561842
v 0.567083 10.624740 0.432535
v -0.161987 10.674238 1.292542
v -0.621279 11.510646 -1.169934
v -1.350349 11.560145 -0.309928
v 0.235822 11.439526 -0.439234
v -0.493248 11.489024 0.420773
v -0.255097 11.690027 0.187828
v -0.056597 11.690027 1.298775
v 0.599614 10.969090 0.035112
v 0.798114 10.969090 1.146058
v -0.255097 11.877570 0.429702
v -0.056597 11.877570 1.540648
v 0.599614 11.156632 0.276985
v 0.798114 11.156632 1.387932
v -1.210581 12.014835 0.098820
v -1.298657 12.446713 1.137727
v -0.086999 12.102680 0.157556
v -0.175074 12.534559 1.196464
v -1.210581 11.827291 0.653662
v -1.298657 12.259171 1.692569
v -0.086999 11.915137 0.712397
v -0.175074 12.347015 1.751305
v -0.285429 10.696021 -0.212271
v -0.896519 10.696021 0.736504
v 0.444515 9.975083 0.257873
v -0.166576 9.975083 1.206648
v -0.694370 12.550961 0.425728
v -0.495870 12.550961 1.536674
v 0.160340 11.830023 0.273011
v 0.358840 11.830023 1.383958
v -0.771308 11.341444 0.102795
v -0.859383 11.773323 1.141702
v 0.352274 11.429290 0.161530
v 0.264199 11.861168 1.200438
v -0.771308 11.153900 0.657636
v -0.859383 11.585779 1.696543
v 0.352274 11.241747 0.716371
v 0.264199 11.673624 1.755279
v 0.816244 10.740721 -0.298165
v 0.379902 11.326893 0.561842
v 1.319388 10.043205 0.432535
v 0.883045 10.629377 1.292542
v 0.454368 11.510646 -1.169934
v -0.274702 11.560145 -0.309928
v 1.311469 11.439526 -0.439234
v 0.582399 11.489024 0.420773
v -1.032314 10.483974 -4.568654
v -2.086372 10.483974 -4.165458
v -0.722114 9.763037 -3.757711
v -1.776172 9.763037 -3.354515
v -0.316854 10.218926 -3.616329
v -1.382952 10.067375 -3.278581
v 0.052400 9.856785 -2.613279
v -1.013698 9.705233 -2.275532
v 2.151729 7.168869 -5.327724
v 1.511426 7.271320 -4.404079
v 3.077294 7.138589 -4.682733
v 2.436990 7.241042 -3.759088
v 5.372958 6.540167 0.713144
v 4.268813 6.540167 0.479759
v 5.193403 5.819230 1.562621
v 4.089258 5.819230 1.329237
v 1.714107 7.082688 -4.825577
v 1.216701 7.082688 -3.812567
v 2.493471 6.361752 -4.442896
v 1.996065 6.361752 -3.429885
v 1.705997 7.111483 -4.967885
v 0.639899 6.959930 -4.630136
v 2.075251 6.749341 -3.964835
v 1.009154 6.597788 -3.627089
v 1.712455 7.035631 -4.115335
v 1.072152 7.138083 -3.191690
v 2.638020 7.005351 -3.470342
v 1.997717 7.107803 -2.546697
v 2.145270 7.244720 -5.383560
v 1.079173 7.093170 -5.045812
v 2.514525 6.882578 -4.380509
v 1.448427 6.731027 -4.042762
v 3.692686 6.749560 0.922139
v 2.605712 6.585555 0.666808
v 3.576357 6.097748 1.836038
v 2.489383 5.933744 1.580706
v 0.632592 7.048408 -5.451528
v 0.831092 7.048408 -4.340580
v 1.487302 6.327469 -5.604243
v 1.685802 6.327469 -4.493298
v 1.071865 6.562560 -5.205679
v 1.270365 6.562560 -4.094734
v 1.926576 5.841621 -5.358397
v 2.125076 5.841621 -4.247449
v 3.692686 5.942930 1.341788
v 2.605712 5.778925 1.086455
v 3.576357 5.291119 2.255687
v 2.489383 5.127114 2.000355
v 3.692686 5.755387 1.896630
v 2.605712 5.591382 1.641298
v 3.576357 5.103575 2.810529
v 2.489383 4.939571 2.555197
v 3.220917 7.432263 -5.141685
v 2.154820 7.280713 -4.803937
v 3.590172 7.070123 -4.138637
v 2.524074 6.918571 -3.800889
v 1.221574 8.911884 -1.007073
v 0.167516 8.911884 -0.603877
v 1.531774 8.190947 -0.196130
v 0.477716 8.190947 0.207065
v 0.130530 8.322337 0.288268
v -0.366876 8.322337 1.301279
v 0.909894 7.601399 0.670949
v 0.412488 7.601399 1.683960
v 0.145927 8.637323 -0.587425
v -0.908131 8.637323 -0.184229
v 0.456127 7.916386 0.223518
v -0.597931 7.916386 0.626714
v 0.122419 8.883198 -0.650754
v -0.943678 8.731647 -0.313006
v 0.491674 8.521056 0.352295
v -0.574424 8.369504 0.690043
v 0.122419 8.695655 -0.095912
v -0.943678 8.544104 0.241835
v 0.491674 8.333513 0.907137
v -0.574424 8.181961 1.244885
v 1.198066 8.883198 0.145961
v 0.131969 8.731647 0.483709
v 1.567321 8.521056 1.149010
v 0.501223 8.369504 1.486758
v 1.198066 8.695655 0.700803
v 0.131969 8.544104 1.038550
v 1.567321 8.333513 1.703852
v 0.501223 8.181961 2.041599
v 0.782300 8.835447 -1.392238
v -0.271758 8.835447 -0.989042
v 1.092500 8.114510 -0.581295
v 0.038443 8.114510 -0.178100
v 1.198066 9.157760 -0.273687
v 0.131969 9.006208 0.064060
v 1.567321 8.795618 0.729362
v 0.501223 8.644066 1.067110
v 0.122419 8.163587 0.700803
v -0.943678 8.012035 1.038550
v 0.491674 7.801445 1.703852
v -0.574424 7.649893 2.041600
v 0.130530 8.322337 -0.508447
v -0.366876 8.322337 0.504564
v 0.909894 7.601399 -0.125767
v 0.412488 7.601399 0.887245
v -0.344944 8.931908 -1.296596
v -0.956034 8.931908 -0.347821
v 0.384999 8.210970 -0.826452
v -0.226091 8.210970 0.122323
v 0.128878 10.880154 1.930839
v -0.511425 10.982605 2.854485
v 1.054443 10.849873 2.575832
v 0.414139 10.952326 3.499477
v -0.648855 11.991217 3.665926
v -1.146261 11.991217 4.678938
v 0.130508 11.270279 4.048607
v -0.366898 11.270279 5.061619
v -1.088129 12.533866 3.415955
v -1.585535 12.533866 4.428966
v -0.308765 11.812928 3.798635
v -0.806171 11.812928 4.811646
v -2.002917 11.274427 3.257005
v -2.090992 11.706306 4.295912
v -0.879335 11.362274 3.315740
v -0.967410 11.794151 4.354648
v -1.088129 12.001797 3.415955
v -1.585535 12.001797 4.428966
v -0.308765 11.280859 3.798635
v -0.806171 11.280859 4.811646
v 1.198066 9.961831 2.849495
v 0.131969 9.810280 3.187243
v 1.567321 9.599689 3.852545
v 0.501223 9.448137 4.190292
v 0.145927 11.635553 -2.916273
v -0.908131 11.635553 -2.513077
v 0.456127 10.914616 -2.105330
v -0.597931 10.914616 -1.702135
v -1.689953 10.987556 -5.289426
v -1.491453 10.987556 -4.178479
v -0.835243 10.266619 -5.442143
v -0.636743 10.266619 -4.331196
v 0.145927 11.823096 -2.674400
v -0.908131 11.823096 -2.271204
v 0.456127 11.102159 -1.863457
v -0.597931 11.102159 -1.460261
v 0.782300 10.594648 -3.543312
v -0.271758 10.594648 -3.140116
v 1.092500 9.873711 -2.732369
v 0.038443 9.873711 -2.329173
v -0.308744 11.588654 -3.464334
v -0.806150 11.588654 -2.451323
v 0.470620 10.867716 -3.081653
v -0.026786 10.867716 -2.068642
v -0.950986 10.696904 -3.221371
v -0.752486 10.696904 -2.110425
v -0.096276 9.975966 -3.374088
v 0.102225 9.975966 -2.263141
v -0.316854 10.504480 1.006093
v -1.382952 10.352929 1.343841
v 0.052400 10.142339 2.009143
v -1.013698 9.990787 2.346890
v 0.145927 10.522586 1.696461
v -0.908131 10.522586 2.099657
v 0.456127 9.801648 2.507404
v -0.597931 9.801648 2.910600
v 0.145927 10.710130 1.938335
v -0.908131 10.710130 2.341531
v 0.456127 9.989192 2.749278
v -0.597931 9.989192 3.152473
v 0.122419 10.768461 2.429847
v -0.943678 10.616910 2.767595
v 0.491674 10.406320 3.432897
v -0.574424 10.254767 3.770644
v 0.122419 9.961831 2.849495
v -0.943678 9.810280 3.187243
v 0.491674 9.599689 3.852545
v -0.574424 9.448137 4.190292
v 0.145927 9.528413 2.670951
v -0.908131 9.528413 3.074147
v 0.456127 8.807475 3.481894
v -0.597931 8.807475 3.885090
v 0.130530 11.704135 1.220597
v -0.366876 11.704135 2.233609
v 0.909894 10.983197 1.603278
v 0.412488 10.983197 2.616290
v -0.308744 10.606429 2.191113
v -0.806150 10.606429 3.204124
v 0.470620 9.885491 2.573794
v -0.026786 9.885491 3.586805
v -0.234035 11.488515 0.815061
v -0.874338 11.590966 1.738706
v 0.691530 11.458235 1.460054
v 0.051227 11.560687 2.383699
v 0.128878 10.692610 1.688966
v -0.511425 10.795061 2.612611
v 1.054443 10.662330 2.333959
v 0.414139 10.764782 3.257604
v -0.310396 10.559371 2.901355
v -0.950699 10.661822 3.825000
v 0.615169 10.529091 3.546348
v -0.025134 10.631543 4.469993
v -0.310396 10.559371 2.104640
v -0.950699 10.661822 3.028285
v 0.615169 10.529091 2.749633
v -0.025134 10.631543 3.673278
v -0.310396 10.371828 2.659482
v -0.950699 10.474279 3.583127
v 0.615169 10.341548 3.304475
v -0.025134 10.444000 4.228120
v 0.128878 10.001753 -3.556521
v -0.511425 10.104204 -2.632875
v 1.054443 9.971473 -2.911528
v 0.414139 10.073925 -1.987883
v 1.198066 11.259320 -5.141686
v 0.131969 11.107769 -4.803938
v 1.567321 10.897179 -4.138637
v 0.501223 10.745626 -3.800890
v -1.047711 11.289927 -6.087230
v -1.545117 11.289927 -5.074219
v -0.268347 10.568989 -5.704549
v -0.765753 10.568989 -4.691538
v 0.043333 11.072845 -5.369493
v -1.010725 11.072845 -4.966297
v 0.353533 10.351907 -4.558550
v -0.700525 10.351907 -4.155355
v 1.221574 10.019272 -4.103867
v 0.167516 10.019272 -3.700671
v 1.531774 9.298334 -3.292924
v 0.477716 9.298334 -2.889729
v -0.308744 10.663231 1.390274
v -0.806150 10.663231 2.403285
v 0.470620 9.942293 1.772955
v -0.026786 9.942293 2.785966
v 0.130530 10.465107 2.991802
v -0.366876 10.465107 4.004814
v 0.909894 9.744169 3.374483
v 0.412488 9.744169 4.387494
v 0.145927 9.715957 2.116110
v -0.908131 9.715957 2.519306
v 0.456127 8.995019 2.927052
v -0.597931 8.995019 3.330248
v 2.266350 6.520553 -0.833037
v 1.768944 6.520553 0.179974
v 3.045714 5.799615 -0.450356
v 2.548308 5.799615 0.562655
v -0.316854 10.504480 1.802808
v -1.382952 10.352929 2.140556
v 0.052400 10.142339 2.805858
v -1.013698 9.990787 3.143605
v -0.293347 10.446149 0.514581
v -1.347405 10.446149 0.917777
v 0.016853 9.725211 1.325524
v -1.037205 9.725211 1.728720
v 5.162866 5.736885 1.791195
v 4.535432 6.563360 1.347494
v 4.413884 5.616881 2.626796
v 3.786449 6.443356 2.183095
v 0.582460 11.690929 -2.797597
v -0.483637 11.539378 -2.459850
v 0.951715 11.328788 -1.794548
v -0.114383 11.177236 -1.456801
v -1.720285 10.958018 -6.244367
v -2.331375 10.958018 -5.295591
v -0.990342 10.237081 -5.774222
v -1.601432 10.237081 -4.825448
v -2.159559 10.637237 -5.273851
v -2.770649 10.637237 -4.325076
v -1.429615 9.916299 -4.803707
v -2.040706 9.916299 -3.854932
v -1.724874 10.770313 -5.775419
v -2.453944 10.819813 -4.915412
v -0.867773 10.699194 -5.044719
v -1.596843 10.748692 -4.184712
v -1.724874 9.963684 -5.355771
v -2.453944 10.013184 -4.495764
v -0.867773 9.892564 -4.625071
v -1.596843 9.942062 -3.765064
v -1.724874 9.776141 -4.800929
v -2.453944 9.825641 -3.940922
v -0.867773 9.705021 -4.070229
v -1.596843 9.754519 -3.210222
v 0.128878 10.651401 -5.085852
v -0.511425 10.753852 -4.162207
v 1.054443 10.621120 -4.440859
v 0.414139 10.723573 -3.517214
v -0.310396 10.143075 -4.357210
v -0.950699 10.245526 -3.433565
v 0.615169 10.112795 -3.712217
v -0.025134 10.215247 -2.788572
v -1.055821 11.131176 -4.877981
v -2.121919 10.979625 -4.540233
v -0.686567 10.769034 -3.874931
v -1.752665 10.617482 -3.537184
v 1.221574 10.019272 -4.900582
v 0.167516 10.019272 -4.497386
v 1.531774 9.298334 -4.089640
v 0.477716 9.298334 -3.686444
v 0.019826 11.131176 -4.877981
v -1.046272 10.979625 -4.540233
v 0.389080 10.769034 -3.874931
v -0.677017 10.617482 -3.537184
v 1.198066 10.265147 -4.963912
v 0.131969 10.113596 -4.626164
v 1.567321 9.903006 -3.960862
v 0.501223 9.751453 -3.623115
v 1.198066 10.077603 -4.409070
v 0.131969 9.926052 -4.071322
v 1.567321 9.715462 -3.406020
v 0.501223 9.563910 -3.068273
v -0.981318 11.640315 -0.360293
v -1.592408 11.640315 0.588482
v -0.251375 10.919377 0.109852
v -0.862465 10.919377 1.058626
v -1.420591 10.542609 0.610223
v -2.031681 10.542609 1.558998
v -0.690648 9.821671 1.080367
v -1.301738 9.821671 2.029142
v -1.425181 10.354904 1.875886
v -2.154251 10.404404 2.735893
v -0.568080 10.283785 2.606586
v -1.297150 10.333282 3.466593
v -1.317168 11.490473 -0.763114
v -2.046238 11.539972 0.096892
v -0.460067 11.419353 -0.032414
v -1.189137 11.468851 0.827592
v -0.985907 10.675687 0.108655
v -1.714977 10.725186 0.968662
v -0.128806 10.604567 0.839355
v -0.857876 10.654065 1.699362
v -1.425181 10.542448 1.321044
v -2.154251 10.591948 2.181051
v -0.568080 10.471328 2.051744
v -1.297150 10.520826 2.911751
v -2.575361 10.402012 0.207401
v -2.892456 9.743647 1.067408
v -2.190578 11.171182 0.938101
v -2.507673 10.512817 1.798108
v -1.425181 10.354904 1.079171
v -2.154251 10.404404 1.939178
v -0.568080 10.283785 1.809871
v -1.297150 10.333282 2.669878
v -1.317168 11.490473 0.033601
v -2.046238 11.539972 0.893607
v -0.460067 11.419353 0.764301
v -1.189137 11.468851 1.624307
v -0.981318 9.869219 1.410912
v -1.592408 9.869219 2.359687
v -0.251375 9.148281 1.881056
v -0.862465 9.148281 2.829831
v -0.349533 10.599249 -0.276510
v -1.078604 10.648748 0.583497
v 0.507567 10.528129 0.454190
v -0.221503 10.577627 1.314197
v 0.094329 10.675848 0.991264
v -0.516761 10.675848 1.940039
v 0.824272 9.954910 1.461408
v 0.213182 9.954910 2.410183
v 1.705997 7.512807 -5.213882
v 0.639899 7.361257 -4.876134
v 2.075251 7.150667 -4.210834
v 1.009154 6.999115 -3.873085
v 2.151729 7.356412 -5.085852
v 1.511426 7.458864 -4.162207
v 3.077294 7.326132 -4.440858
v 2.436990 7.428585 -3.517214
v 1.714107 7.671558 -5.626418
v 1.216701 7.671558 -4.613406
v 2.493471 6.950621 -5.243736
v 1.996065 6.950621 -4.230724
v 1.036944 7.151947 -6.111320
v 0.307874 7.201446 -5.251315
v 1.894045 7.080825 -5.380620
v 1.164975 7.130324 -4.520615
v 1.041533 7.339651 -6.580268
v 0.430443 7.339651 -5.631495
v 1.771477 6.618712 -6.110125
v 1.160386 6.618712 -5.161349
v 1.337333 7.824646 -3.701871
v 1.249258 8.256525 -2.662964
v 2.460915 7.912491 -3.643136
v 2.372840 8.344371 -2.604228
v 2.153381 7.935540 -4.999379
v 1.655975 7.935540 -3.986368
v 2.932745 7.214602 -4.616697
v 2.435338 7.214602 -3.603687
v 2.153381 6.221755 -3.470047
v 1.655975 6.221755 -2.457036
v 2.932745 5.500817 -3.087367
v 2.435338 5.500817 -2.074355
v 1.714107 6.984674 -3.464334
v 1.216701 6.984674 -2.451323
v 2.493471 6.263736 -3.081652
v 1.996065 6.263736 -2.068641
v 1.673318 7.051435 -3.291689
v 0.944248 7.100935 -2.431683
v 2.530419 6.980315 -2.560989
v 1.801349 7.029813 -1.700982
v 1.714107 7.946119 -6.046065
v 1.216701 7.946119 -5.033053
v 2.493471 7.225182 -5.663384
v 1.996065 7.225182 -4.650373
v 2.168778 7.219117 -3.471114
v 1.114720 7.219117 -3.067919
v 2.478978 6.498179 -2.660172
v 1.424920 6.498179 -2.256975
v 1.198066 9.774288 2.607622
v 0.131969 9.622737 2.945370
v 1.567321 9.412147 3.610671
v 0.501223 9.260594 3.948419
v 2.373796 7.432645 -3.002796
v 1.762706 7.432645 -2.054023
v 3.103739 6.711707 -2.532652
v 2.492649 6.711707 -1.583879
v 1.729504 6.955134 -3.301437
v 0.675446 6.955135 -2.898242
v 2.039704 6.234198 -2.490494
v 0.985647 6.234198 -2.087300
v 2.145270 7.277448 -2.979601
v 1.079173 7.125896 -2.641855
v 2.514525 6.915306 -1.976552
v 1.448427 6.763754 -1.638804
v 2.145270 7.464991 -3.534443
v 1.079173 7.313439 -3.196696
v 2.514525 7.102849 -2.531394
v 1.448427 6.951297 -2.193646
v 1.293560 7.845510 -6.522114
v 0.564490 7.895010 -5.662107
v 2.150661 7.774391 -5.791414
v 1.421591 7.823888 -4.931407
v 3.220917 7.809516 -2.979601
v 2.154820 7.657965 -2.641855
v 3.590172 7.447375 -1.976553
v 2.524074 7.295823 -1.638805
v 3.244425 6.724285 -4.103867
v 2.190367 6.724285 -3.700670
v 3.554625 6.003346 -3.292923
v 2.500567 6.003347 -2.889729
v 2.151729 6.706765 -3.556520
v 1.511426 6.809216 -2.632874
v 3.077294 6.676485 -2.911527
v 2.436990 6.778937 -1.987882
v 2.151729 6.706765 -4.353235
v 1.511426 6.809216 -3.429590
v 3.077294 6.676485 -3.708242
v 2.436990 6.778937 -2.784597
v 2.168778 7.186388 -5.875072
v 1.114720 7.186388 -5.471876
v 2.478978 6.465452 -5.064128
v 1.424920 6.465452 -4.660933
v 2.151729 6.894309 -4.908076
v 1.511426 6.996759 -3.984432
v 3.077294 6.864028 -4.263083
v 2.436990 6.966481 -3.339438
v 2.781644 6.923939 -3.616328
v 1.715547 6.772388 -3.278580
v 3.150898 6.561797 -2.613278
v 2.084801 6.410245 -2.275532
v -0.293347 10.250123 -3.301438
v -1.347405 10.250123 -2.898242
v 0.016853 9.529185 -2.490495
v -1.037205 9.529185 -2.087300
v -2.159559 10.669964 -3.666608
v -2.770649 10.669964 -2.717834
v -1.429615 9.949026 -3.196464
v -2.040706 9.949026 -2.247690
v -2.159559 10.482420 -3.111767
v -2.770649 10.482420 -2.162992
v -1.429615 9.761482 -2.641623
v -2.040706 9.761482 -1.692848
v -1.210581 10.941168 0.019505
v -1.298657 11.373046 1.058412
v -0.086999 11.029013 0.078240
v -0.175074 11.460892 1.117148
v -0.290018 9.997279 -0.690448
v -1.019088 10.046779 0.169559
v 0.567083 9.926159 0.040252
v -0.161987 9.975657 0.900259
v -0.621279 11.431151 -1.427024
v -1.350349 11.480651 -0.567017
v 0.235822 11.360031 -0.696324
v -0.493248 11.409530 0.163683
v -0.724702 10.670832 -0.608528
v -1.335792 10.670832 0.340247
v 0.005241 9.949894 -0.138384
v -0.605849 9.949894 0.810391
v -0.285429 11.580994 -1.820917
v -0.896519 11.580994 -0.872142
v 0.444515 10.860056 -1.350773
v -0.166576 10.860056 -0.401998
v 0.346356 10.539927 -1.737135
v -0.382714 10.589427 -0.877128
v 1.203457 10.468807 -1.006435
v 0.474387 10.518306 -0.146428
v 0.350945 10.727633 -3.002797
v -0.260145 10.727633 -2.054023
v 1.080888 10.006695 -2.532653
v 0.469798 10.006695 -1.583879
v 0.790219 9.997440 -1.401269
v 0.179129 9.997440 -0.452494
v 1.520162 9.276503 -0.931125
v 0.909072 9.276503 0.017650
v -0.724702 10.727633 -3.002797
v -1.335792 10.727633 -2.054023
v 0.005241 10.006695 -2.532653
v -0.605849 10.006695 -1.583879
v -1.906471 10.869747 -0.359298
v -1.994546 11.301625 0.679609
v -0.782888 10.957592 -0.300562
v -0.870964 11.389471 0.738346
v -0.950986 11.669853 0.594648
v -0.752486 11.669853 1.705594
v -0.096276 10.948915 0.441931
v 0.102225 10.948915 1.552878
v -0.950986 11.857397 0.836521
v -0.752486 11.857397 1.947468
v -0.096276 11.136459 0.683805
v 0.102225 11.136459 1.794751
v 0.582460 11.690929 -2.000883
v -0.483637 11.539378 -1.663135
v 0.951715 11.328788 -0.997833
v -0.114383 11.177236 -0.660086
v 1.021734 11.824167 -3.213272
v -0.044363 11.672617 -2.875524
v 1.390988 11.462027 -2.210222
v 0.324891 11.310474 -1.872475
v 0.782300 10.725390 -2.500599
v -0.271758 10.725390 -2.097403
v 1.092500 10.004453 -1.689656
v 0.038443 10.004453 -1.286460
v 0.782300 10.537848 -1.945757
v -0.271758 10.537848 -1.542561
v 1.092500 9.816910 -1.134815
v 0.038443 9.816910 -0.731619
v -0.293347 10.193322 -2.500599
v -1.347405 10.193322 -2.097403
v 0.016853 9.472384 -1.689656
v -1.037205 9.472384 -1.286460
v -1.468259 11.463879 -6.186213
v -2.197329 11.513378 -5.326206
v -0.611158 11.392757 -5.455513
v -1.340228 11.442257 -4.595506
v 0.122419 10.759978 -3.534444
v -0.943678 10.608427 -3.196696
v 0.491674 10.397837 -2.531394
v -0.574424 10.246284 -2.193647
v 0.122419 10.572435 -2.979602
v -0.943678 10.420884 -2.641855
v 0.491674 10.210294 -1.976553
v -0.574424 10.058742 -1.638805
v -0.316854 10.439197 -2.563928
v -1.382952 10.287645 -2.226180
v 0.052400 10.077055 -1.560879
v -1.013698 9.925503 -1.223131
v 0.122419 10.759978 -2.737729
v -0.943678 10.608427 -2.399981
v 0.491674 10.397837 -1.734679
v -0.574424 10.246284 -1.396932
v 1.080717 6.104181 -5.517261
v 0.992642 6.536060 -4.478353
v 2.204299 6.192028 -5.458525
v 2.116224 6.623906 -4.419617
v 3.244425 6.998846 -5.320230
v 2.190367 6.998846 -4.917034
v 3.554625 6.277907 -4.509287
v 2.500567 6.277907 -4.106091
v 2.781644 7.168283 -5.768724
v 1.715547 7.016732 -5.430976
v 3.150898 6.806141 -4.765676
v 2.084801 6.654590 -4.427927
v 1.729504 6.922409 -5.705396
v 0.675446 6.922409 -5.302198
v 2.039704 6.201470 -4.894453
v 0.985647 6.201470 -4.491257
v -0.610089 11.506849 -5.546664
v -1.250393 11.609301 -4.623019
v 0.315475 11.476568 -4.901671
v -0.324828 11.579021 -3.978026
v -0.610089 11.319305 -4.991823
v -1.250393 11.421757 -4.068178
v 0.315475 11.289025 -4.346830
v -0.324828 11.391478 -3.423185
v -0.673308 11.471048 -4.434400
v -1.313611 11.573500 -3.510755
v 0.252257 11.440768 -3.789407
v -0.388047 11.543221 -2.865762
v -1.412275 11.794428 -4.895213
v -2.052578 11.896879 -3.971567
v -0.486711 11.764149 -4.250219
v -1.127014 11.866600 -3.326575
v -0.673308 11.283505 -4.676274
v -1.313611 11.385957 -3.752628
v 0.252257 11.253225 -4.031281
v -0.388047 11.355678 -3.107636
v 0.130530 10.048811 -3.470048
v -0.366876 10.048811 -2.457037
v 0.909894 9.327873 -3.087367
v 0.412488 9.327873 -2.074356
v -1.047711 11.102383 -4.735673
v -1.545117 11.102383 -3.722662
v -0.268347 10.381445 -4.352993
v -0.765753 10.381445 -3.339981
v -1.047711 12.096556 -5.710163
v -1.545117 12.096556 -4.697152
v -0.268347 11.375618 -5.327482
v -0.765753 11.375618 -4.314471
v 0.130530 11.042984 -4.444538
v -0.366876 11.042984 -3.431526
v 0.909894 10.322046 -4.061857
v 0.412488 10.322046 -3.048846
v 0.602260 7.018868 -6.406467
v -0.008830 7.018868 -5.457693
v 1.332203 6.297932 -5.936324
v 0.721113 6.297932 -4.987548
v 1.729504 7.266932 -5.150554
v 0.675446 7.266932 -4.747357
v 2.039704 6.545996 -4.339611
v 0.985647 6.545996 -3.936415
v 2.168778 6.192215 -4.103867
v 1.114720 6.192215 -3.700670
v 2.478978 5.471279 -3.292923
v 1.424920 5.471279 -2.889729
v 2.145270 7.432263 -5.938400
v 1.079173 7.280713 -5.600653
v 2.514525 7.070123 -4.935350
v 1.448427 6.918571 -4.597603
v 0.145927 11.823096 -3.471115
v -0.908131 11.823096 -3.067919
v 0.456127 11.102159 -2.660172
v -0.597931 11.102159 -2.256976
v 2.781644 7.201010 -3.364768
v 1.715547 7.049459 -3.027020
v 3.150898 6.838869 -2.361717
v 2.084801 6.687316 -2.023970
v -0.344944 10.346583 -3.205796
v -0.956034 10.346583 -2.257021
v 0.384999 9.625646 -2.735652
v -0.226091 9.625646 -1.786877
v 0.089740 10.479661 -3.707364
v -0.639330 10.529160 -2.847357
v 0.946841 10.408541 -2.976664
v 0.217771 10.458039 -2.116657
v 1.729504 7.210133 -4.349714
v 0.675446 7.210133 -3.946518
v 2.039704 6.489194 -3.538771
v 0.985647 6.489195 -3.135576
v 2.112591 6.345316 -5.691672
v 1.383521 6.394815 -4.831666
v 2.969692 6.274197 -4.960972
v 2.240622 6.323695 -4.100965
v 3.244425 7.530913 -4.523514
v 2.190367 7.530913 -4.120318
v 3.554625 6.809977 -3.712571
v 2.500567 6.809977 -3.309376
v 0.602260 6.920854 -4.248508
v -0.008830 6.920854 -3.299733
v 1.332203 6.199915 -3.778364
v 0.721113 6.199916 -2.829589
v 2.112591 7.184672 -3.707363
v 1.383521 7.234173 -2.847357
v 2.969692 7.113553 -2.976664
v 2.240622 7.163052 -2.116657
v 1.677907 7.051596 -3.205796
v 1.066817 7.051596 -2.257020
v 2.407850 6.330658 -2.735651
v 1.796760 6.330658 -1.786876
v 2.168778 7.751184 -3.471114
v 1.114720 7.751185 -3.067919
v 2.478978 7.030247 -2.660172
v 1.424920 7.030247 -2.256975
v 2.117180 7.184834 -3.621469
v 1.506090 7.184835 -2.672694
v 2.847124 6.463897 -3.151325
v 2.236033 6.463897 -2.202550
v 2.153381 6.941367 -4.821603
v 1.655975 6.941367 -3.808593
v 2.932745 6.220428 -4.438922
v 2.435338 6.220428 -3.425911
v 1.677907 6.864052 -3.447670
v 1.066817 6.864053 -2.498894
v 2.407850 6.143115 -2.977525
v 1.796760 6.143115 -2.028750
v 2.781644 7.456007 -3.616328
v 1.715547 7.304456 -3.278580
v 3.150898 7.093866 -2.613278
v 2.084801 6.942314 -2.275532
v 1.041533 7.184834 -3.621469
v 0.430443 7.184835 -2.672694
v 1.771477 6.463897 -3.151325
v 1.160386 6.463897 -2.202550
v 3.220917 7.776789 -5.383560
v 2.154820 7.625237 -5.045812
v 3.590172 7.414648 -4.380509
v 2.524074 7.263094 -4.042762
v 2.781644 7.643550 -4.171169
v 1.715547 7.492000 -3.833422
v 3.150898 7.281408 -3.168120
v 2.084801 7.129857 -2.830373
v 2.781644 7.643550 -4.967885
v 1.715547 7.492000 -4.630136
v 3.150898 7.281408 -3.964835
v 2.084801 7.129857 -3.627089
v 2.781644 7.456007 -4.413043
v 1.715547 7.304456 -4.075295
v 3.150898 7.093865 -3.409993
v 2.084801 6.942314 -3.072247
v 1.041533 7.152108 -6.025427
v 0.430443 7.152108 -5.076653
v 1.771477 6.431170 -5.555284
v 1.160386 6.431170 -4.606508
v 1.712455 7.035631 -4.912050
v 1.072152 7.138083 -3.988405
v 2.638020 7.005351 -4.267057
v 1.997717 7.107802 -3.343412
v 1.036944 7.339489 -6.666162
v 0.307874 7.388988 -5.806156
v 1.894045 7.268370 -5.935462
v 1.164975 7.317868 -5.075456
v 1.036944 7.372217 -4.262206
v 0.307874 7.421716 -3.402199
v 1.894045 7.301095 -3.531506
v 1.164975 7.350595 -2.671499
v 3.244425 6.004673 -3.549026
v 2.190367 6.004673 -3.145828
v 3.554625 5.283735 -2.738082
v 2.500567 5.283735 -2.334887
v 2.805151 6.734865 -5.947268
v 1.751094 6.734865 -5.544073
v 3.115352 6.013927 -5.136325
v 2.061294 6.013927 -4.733130
v 1.714107 8.478189 -6.046065
v 1.216701 8.478189 -5.033053
v 2.493471 7.757250 -5.663384
v 1.996065 7.757250 -4.650373
v 2.153381 6.753822 -3.470047
v 1.655975 6.753823 -2.457036
v 2.932745 6.032886 -3.087367
v 2.435338 6.032886 -2.074355
v 1.712455 7.380156 -4.357210
v 1.072152 7.482606 -3.433564
v 2.638020 7.349875 -3.712216
v 1.997717 7.452328 -2.788571
v 1.712455 7.567698 -4.912050
v 1.072152 7.670151 -3.988405
v 2.638020 7.537418 -4.267057
v 1.997717 7.639872 -3.343412
v 1.712455 7.567698 -4.115335
v 1.072152 7.670151 -3.191690
v 2.638020 7.537418 -3.470342
v 1.997717 7.639872 -2.546697
v 2.151729 7.700938 -5.327724
v 1.511426 7.803390 -4.404079
v 3.077294 7.670658 -4.682733
v 2.436990 7.773109 -3.759088
v 2.151729 7.888482 -5.882566
v 1.511426 7.990932 -4.958921
v 3.077294 7.858202 -5.237574
v 2.436990 7.960653 -4.313929
v -2.041845 10.196353 -1.551267
v -2.682148 10.298804 -0.627622
v -1.116280 10.166073 -0.906274
v -1.756583 10.268525 0.017371
v -2.041845 10.196353 -0.754552
v -2.682148 10.298804 0.169093
v -1.116280 10.166073 -0.109559
v -1.756583 10.268525 0.814086
v -1.602571 10.329592 -1.966941
v -2.242874 10.432043 -1.043296
v -0.677006 10.299311 -1.321948
v -1.317309 10.401764 -0.398303
v -2.041845 10.008809 -0.199711
v -2.682148 10.111260 0.723935
v -1.116280 9.978529 0.445282
v -1.756583 10.080981 1.368927
v -1.369582 10.554891 -0.875209
v -1.866988 10.554891 0.137802
v -0.590218 9.833953 -0.492528
v -1.087624 9.833953 0.520483
v -2.973215 9.086161 -2.042162
v -3.061290 9.518040 -1.003255
v -1.849633 9.174007 -1.983427
v -1.937708 9.605885 -0.944519
v -2.042156 9.630136 -1.100568
v -2.653246 9.630136 -0.151794
v -1.312212 8.909199 -0.630424
v -1.923303 8.909199 0.318351
v -2.973215 9.086161 -1.245447
v -3.061290 9.518040 -0.206540
v -1.849633 9.174007 -1.186712
v -1.937708 9.605885 -0.147804
v -2.973215 9.273705 -1.800288
v -3.061290 9.705584 -0.761381
v -1.849633 9.361550 -1.741553
v -1.937708 9.793428 -0.702645
v -2.973215 10.080334 -2.219937
v -3.061290 10.512213 -1.181029
v -1.849633 10.168180 -2.161201
v -1.937708 10.600058 -1.122293
v -2.451097 10.708152 -1.259285
v -2.252597 10.708152 -0.148339
v -1.596387 9.987214 -1.412002
v -1.397887 9.987214 -0.301055
v -1.703530 10.347133 -1.695302
v -2.769627 10.195581 -1.357554
v -1.334275 9.984991 -0.692253
v -2.400373 9.833439 -0.354505
v -0.914911 9.664417 -0.950213
v -1.968969 9.664417 -0.547017
v -0.604711 8.943480 -0.139270
v -1.658769 8.943480 0.263926
v 0.160736 10.196486 -0.950213
v -0.893322 10.196486 -0.547017
v 0.470936 9.475548 -0.139270
v -0.583122 9.475548 0.263926
v -0.804215 11.598866 -1.928972
v -1.870312 11.447314 -1.591224
v -0.434961 11.236724 -0.925922
v -1.501058 11.085172 -0.588175
v -0.188609 10.336553 -1.445330
v -1.254706 10.185001 -1.107583
v 0.180645 9.974411 -0.442281
v -0.885452 9.822859 -0.104533
v -1.602571 9.867487 -0.195737
v -2.242874 9.969938 0.727909
v -0.677006 9.837207 0.449256
v -1.317309 9.939659 1.372901
v -0.292055 11.639650 3.623538
v 0.042286 11.657899 4.701261
v 0.575153 10.964972 3.365929
v 0.909494 10.983220 4.443653
v -1.354185 11.516059 -1.200185
v -2.408243 11.516059 -0.796989
v -1.043985 10.795121 -0.389242
v -2.098042 10.795121 0.013954
v -2.481429 10.491071 -1.659384
v -3.092519 10.491071 -0.710609
v -1.751486 9.770133 -1.189240
v -2.362576 9.770133 -0.240465
v -2.658869 10.347558 -2.746591
v -3.387939 10.397058 -1.886584
v -1.801768 10.276438 -2.015891
v -2.530838 10.325936 -1.155884
v -2.658869 9.540928 -2.326942
v -3.387939 9.590427 -1.466936
v -1.801768 9.469808 -1.596242
v -2.530838 9.519306 -0.736236
v -2.658869 9.353385 -1.772101
v -3.387939 9.402884 -0.912094
v -1.801768 9.282265 -1.041401
v -2.530838 9.331763 -0.181394
v -1.602571 10.517135 -1.725068
v -2.242874 10.619586 -0.801423
v -0.677006 10.486855 -1.080075
v -1.317309 10.589307 -0.156430
v -2.041845 10.008809 -0.996426
v -2.682148 10.111260 -0.072780
v -1.116280 9.978529 -0.351433
v -1.756583 10.080981 0.572212
v 4.893486 7.205191 0.064867
v 3.806512 7.041185 -0.190465
v 4.777157 6.553379 0.978768
v 3.690183 6.389375 0.723436
v 4.370330 5.511713 -0.273859
v 3.342158 5.511713 0.191401
v 4.728280 4.790775 0.517168
v 3.700108 4.790775 0.982429
v 2.708619 5.924282 -0.423318
v 1.661312 5.783941 -0.027014
v 3.128979 5.592628 0.570113
v 2.081672 5.452286 0.966417
v 4.348692 6.730912 -0.518359
v 3.301386 6.590571 -0.122055
v 4.769053 6.399258 0.475074
v 3.721745 6.258915 0.871378
v 5.372958 6.352624 0.471271
v 4.268813 6.352624 0.237886
v 5.193403 5.631686 1.320747
v 4.089258 5.631686 1.087363
v 4.893486 6.673122 0.064867
v 3.806512 6.509117 -0.190464
v 4.777157 6.021311 0.978768
v 3.690183 5.857306 0.723436
v 4.893486 6.485579 -0.177005
v 3.806512 6.321574 -0.432337
v 4.777157 5.833767 0.736894
v 3.690183 5.669763 0.481562
v 3.732885 5.545994 0.566310
v 2.628740 5.545994 0.332926
v 3.553329 4.825057 1.415788
v 2.449184 4.825057 1.182404
v 4.893486 6.485579 0.619710
v 3.806512 6.321574 0.364378
v 4.777157 5.833767 1.533609
v 3.690183 5.669763 1.278277
v 5.332760 5.942930 0.869681
v 4.245786 5.778925 0.614350
v 5.216431 5.291119 1.783581
v 4.129457 5.127114 1.528249
v 3.692686 5.755387 1.099915
v 2.605712 5.591382 0.844583
v 3.576357 5.103575 2.013813
v 2.489383 4.939571 1.758482
v 2.755198 5.758101 1.660388
v 1.752788 5.644542 2.166239
v 3.273008 5.484580 2.625097
v 2.270599 5.371020 3.130947
v 3.955998 6.488294 -0.413246
v 2.953588 6.374734 0.092604
v 4.473808 6.214772 0.551462
v 3.471399 6.101213 1.057312
v -2.159559 10.506495 -6.316564
v -2.770649 10.506495 -5.367788
v -1.429615 9.785557 -5.846419
v -2.040706 9.785557 -4.897645
v -0.308744 10.475687 1.148400
v -0.806150 10.475687 2.161412
v 0.470620 9.754749 1.531081
v -0.026786 9.754749 2.544093
v 0.130530 10.277563 2.749929
v -0.366876 10.277563 3.762940
v 0.909894 9.556625 3.132610
v 0.412488 9.556625 4.145621
v -0.308744 10.475687 1.945115
v -0.806150 10.475687 2.958127
v 0.470620 9.754749 2.327796
v -0.026786 9.754749 3.340808
v 2.773209 6.569705 -0.038185
v 1.805662 6.569705 0.542726
v 3.220134 5.848768 0.706200
v 2.252587 5.848768 1.287111
v 3.732885 5.890519 1.121152
v 2.628740 5.890519 0.887767
v 3.553329 5.169581 1.970629
v 2.449184 5.169581 1.737245
v 3.692686 6.287455 1.896630
v 2.605712 6.123450 1.641298
v 3.576357 5.635643 2.810529
v 2.489383 5.471639 2.555197
v 3.692686 6.474998 1.341788
v 2.605712 6.310993 1.086455
v 3.576357 5.823187 2.255687
v 2.489383 5.659183 2.000355
v 5.332760 7.281628 1.246747
v 4.245786 7.117623 0.991415
v 5.216431 6.629817 2.160648
v 4.129457 6.465812 1.905316
v 5.372958 7.072236 0.713143
v 4.268813 7.072236 0.479758
v 5.193403 6.351298 1.562621
v 4.089258 6.351298 1.329237
v 5.372958 6.884692 0.471271
v 4.268813 6.884692 0.237885
v 5.193403 6.163754 1.320747
v 4.089258 6.163754 1.087363
v 4.893486 7.017647 -0.177006
v 3.806512 6.853642 -0.432337
v 4.777157 6.365836 0.736894
v 3.690183 6.201831 0.481562
v 1.712455 7.657228 -3.308933
v 1.072152 7.759679 -2.385288
v 2.638020 7.626947 -2.663939
v 1.997717 7.729400 -1.740295
v 1.712455 7.469684 -3.550807
v 1.072152 7.572135 -2.627162
v 2.638020 7.439404 -2.905813
v 1.997717 7.541856 -1.982169
v 1.080717 6.104181 -4.720544
v 0.992642 6.536060 -3.681638
v 2.204299 6.192028 -4.661809
v 2.116224 6.623906 -3.622901
v 2.153381 6.221755 -4.266762
v 1.655975 6.221755 -3.253752
v 2.932745 5.500816 -3.884081
v 2.435338 5.500817 -2.871070
v 1.737422 7.172280 -6.432248
v 1.126333 7.172280 -5.483472
v 2.467366 6.451344 -5.962102
v 1.856276 6.451344 -5.013329
v 1.080717 6.324452 -3.668144
v 0.992642 6.756331 -2.629236
v 2.204299 6.412299 -3.609408
v 2.116224 6.844177 -2.570500
v 1.071865 7.589459 -3.776212
v 1.270365 7.589460 -2.665266
v 1.926576 6.868522 -3.928930
v 2.125076 6.868522 -2.817982
v 1.729504 6.767591 -3.543312
v 0.675446 6.767592 -3.140115
v 2.039704 6.046655 -2.732368
v 0.985647 6.046655 -2.329172
v 1.729504 7.761765 -3.721087
v 0.675446 7.761765 -3.317889
v 2.039704 7.040828 -2.910143
v 0.985647 7.040828 -2.506948
v 1.071865 6.562560 -6.002396
v 1.270365 6.562560 -4.891448
v 1.926576 5.841621 -6.155111
v 2.125076 5.841621 -5.044166
v 1.729504 7.729037 -6.125043
v 0.675446 7.729037 -5.721848
v 2.039704 7.008101 -5.314100
v 0.985647 7.008101 -4.910904
v 2.066242 6.282973 -3.857795
v 1.568836 6.282974 -2.844784
v 2.845605 5.562037 -3.475115
v 2.348199 5.562037 -2.462103
v 2.168778 7.718458 -5.078356
v 1.114720 7.718458 -4.675159
v 2.478978 6.997519 -4.267414
v 1.424920 6.997519 -3.864218
v 0.632592 7.081135 -3.047570
v 0.831092 7.081135 -1.936623
v 1.487302 6.360197 -3.200286
v 1.685802 6.360197 -2.089340
v 2.151729 6.894309 -4.111362
v 1.511426 6.996759 -3.187716
v 3.077294 6.864028 -3.466368
v 2.436990 6.966481 -2.542723
v 1.080717 7.098354 -5.695035
v 0.992642 7.530233 -4.656127
v 2.204299 7.186201 -5.636300
v 2.116224 7.618079 -4.597392
v 3.244425 6.192215 -4.103867
v 2.190367 6.192215 -3.700670
v 3.554625 5.471279 -3.292923
v 2.500567 5.471279 -2.889729
v 1.714107 7.139490 -6.423132
v 1.216701 7.139490 -5.410120
v 2.493471 6.418551 -6.040452
v 1.996065 6.418551 -5.027441
v 3.244425 6.004673 -4.345739
v 2.190367 6.004673 -3.942544
v 3.554625 5.283734 -3.534796
v 2.500567 5.283735 -3.131602
v 0.602260 6.888126 -6.652465
v -0.008830 6.888126 -5.703691
v 1.332203 6.167190 -6.182322
v 0.721113 6.167190 -5.233546
v 1.705997 7.545536 -3.606641
v 0.639899 7.393983 -3.268893
v 2.075251 7.183394 -2.603590
v 1.009154 7.031842 -2.265843
v 1.714107 7.704286 -3.222461
v 1.216701 7.704286 -2.209449
v 2.493471 6.983348 -2.839779
v 1.996065 6.983348 -1.826767
v 1.729504 8.293834 -3.721087
v 0.675446 8.293834 -3.317890
v 2.039704 7.572896 -2.910143
v 0.985647 7.572896 -2.506948
v 0.597671 6.887966 -6.738359
v -0.131399 6.937465 -5.878353
v 1.454772 6.816844 -6.007659
v 0.725702 6.866343 -5.147653
v 1.041533 6.345478 -6.402493
v 0.430443 6.345478 -5.453719
v 1.771477 5.624539 -5.932350
v 1.160386 5.624539 -4.983574
v -0.214707 7.661711 -6.745967
v -0.712113 7.661711 -5.732956
v 0.564657 6.940773 -6.363286
v 0.067251 6.940773 -5.350276
v -0.804215 11.542065 -0.331417
v -1.870312 11.390512 0.006330
v -0.434961 11.179922 0.671632
v -1.501058 11.028370 1.009380
v -0.278538 10.682334 -0.399345
v -1.332595 10.682334 0.003851
v 0.031663 9.961396 0.411598
v -1.022395 9.961396 0.814793
v -0.278538 10.207067 -1.200185
v -1.332595 10.207067 -0.796989
v 0.031663 9.486129 -0.389242
v -1.022395 9.486129 0.013954
v 2.329420 8.011008 -6.195292
v 1.275362 8.011008 -5.792095
v 2.639620 7.290071 -5.384348
v 1.585562 7.290071 -4.981153
v 2.608821 7.741340 -6.643023
v 2.111415 7.741340 -5.630011
v 3.388184 7.020401 -6.260342
v 2.890778 7.020401 -5.247331
v -0.278538 10.337809 -0.954187
v -1.332595 10.337809 -0.550991
v 0.031663 9.616871 -0.143244
v -1.022395 9.616871 0.259952
v -0.627883 10.290332 -0.097748
v -1.693980 10.138781 0.240000
v -0.258628 9.928190 0.905302
v -1.324726 9.776638 1.243049
v -0.627883 10.477875 -0.652589
v -1.693980 10.326324 -0.314842
v -0.258628 10.115733 0.350460
v -1.324726 9.964181 0.688207
v -0.627883 10.290332 -0.894463
v -1.693980 10.138781 -0.556715
v -0.258628 9.928190 0.108587
v -1.324726 9.776638 0.446334
v -1.354185 11.646801 -0.157472
v -2.408243 11.646801 0.245724
v -1.043985 10.925863 0.653471
v -2.098042 10.925863 1.056667
v -1.602571 10.055030 -0.750578
v -2.242874 10.157481 0.173067
v -0.677006 10.024750 -0.105585
v -1.317309 10.127202 0.818060
v 1.600686 11.928539 0.318948
v 1.622555 12.507551 1.287385
v 1.819498 10.976131 0.883434
v 1.841368 11.555143 1.851871
v -1.354185 10.337809 -0.954187
v -2.408243 10.337809 -0.550991
v -1.043985 9.616871 -0.143244
v -2.098042 9.616871 0.259952
v -1.703530 10.290332 -0.097748
v -2.769627 10.138781 0.240000
v -1.334275 9.928190 0.905302
v -2.400373 9.776638 1.243049
v -1.264256 10.611114 -1.864979
v -2.330353 10.459562 -1.527231
v -0.895002 10.248972 -0.861929
v -1.961099 10.097420 -0.524182
v -1.703530 10.477875 -0.652589
v -2.769627 10.326324 -0.314842
v -1.334275 10.115733 0.350460
v -2.400373 9.964181 0.688207
v -1.703530 10.477875 -1.449304
v -2.769627 10.326324 -1.111557
v -1.334275 10.115733 -0.446255
v -2.400373 9.964181 -0.108508
v -1.703530 10.290332 -0.894463
v -2.769627 10.138781 -0.556715
v -1.334275 9.928190 0.108587
v -2.400373 9.776638 0.446334
v -1.440589 11.518321 -1.856775
v -2.506686 11.366770 -1.519027
v -1.071334 11.156179 -0.853725
v -2.137432 11.004627 -0.515978
v 0.782300 12.661455 0.891648
v -0.271758 12.661455 1.294844
v 1.092500 11.940517 1.702591
v 0.038443 11.940517 2.105786
v -1.354185 10.394609 -1.755026
v -2.408243 10.394609 -1.351830
v -1.043985 9.673672 -0.944083
v -2.098042 9.673672 -0.540888
v -0.804714 13.090540 1.258415
v -0.470373 13.108788 2.336138
v 0.062494 12.415861 1.000805
v 0.396835 12.434110 2.078529
v -0.804215 11.542065 -1.128132
v -1.870312 11.390512 -0.790385
v -0.434961 11.179922 -0.125083
v -1.501058 11.028370 0.212665
v 2.617039 7.281628 0.922139
v 1.530065 7.117623 0.666807
v 2.500710 6.629817 1.836038
v 1.413736 6.465812 1.580706
v 2.333935 7.864693 1.560958
v 1.366388 7.864693 2.141870
v 2.780861 7.143755 2.305344
v 1.813314 7.143755 2.886255
v 2.755198 7.504613 1.738299
v 1.752788 7.391053 2.244149
v 3.273008 7.231091 2.703007
v 2.270599 7.117532 3.208858
v 2.657238 7.104963 1.995777
v 1.553092 7.104963 1.762393
v 2.477682 6.384025 2.845254
v 1.373537 6.384025 2.611871
v 2.833772 6.597673 -0.102684
v 1.786465 6.457333 0.293620
v 3.254132 6.266020 0.890748
v 2.206825 6.125677 1.287052
v 1.942908 6.740433 -0.899400
v 1.683682 5.716055 -0.503095
v 2.407108 7.007295 0.094032
v 2.147882 5.982918 0.490337
v 2.833772 6.410130 -0.344557
v 1.786465 6.269789 0.051747
v 3.254132 6.078476 0.648874
v 2.206825 5.938133 1.045178
v 3.273046 6.918455 -1.073200
v 2.225739 6.778114 -0.676896
v 3.693406 6.586802 -0.079769
v 2.646099 6.446459 0.316536
v 0.302835 6.773160 1.179950
v 0.043609 5.748782 1.576254
v 0.767035 7.040022 2.173382
v 0.507809 6.015645 2.569685
v 1.193698 6.442857 1.734792
v 0.146391 6.302516 2.131095
v 1.614058 6.111203 2.728223
v 0.566751 5.970860 3.124527
v 1.632972 6.951182 1.006149
v 0.585665 6.810842 1.402452
v 2.053332 6.619529 1.999581
v 1.006025 6.479186 2.395885
v 4.370330 6.505886 -0.451634
v 3.342158 6.505886 0.013627
v 4.728280 5.784948 0.339393
v 3.700108 5.784948 0.804654
v 3.732885 5.358451 1.917867
v 2.628740 5.358451 1.684482
v 3.553329 4.637513 2.767344
v 2.449184 4.637513 2.533960
v 2.315924 6.675837 -0.495982
v 1.313515 6.562277 0.009869
v 2.833735 6.402315 0.468727
v 1.831325 6.288755 0.974577
v 2.755198 5.758101 0.863674
v 1.752788 5.644542 1.369524
v 3.273008 5.484580 1.828382
v 2.270599 5.371020 2.334232
v 3.817839 7.205191 0.064867
v 2.730865 7.041185 -0.190465
v 3.701510 6.553379 0.978768
v 2.614536 6.389375 0.723436
v 3.974009 7.831966 -0.518391
v 3.006462 7.831966 0.062520
v 4.420935 7.111029 0.225995
v 3.453387 7.111029 0.806905
v 2.315924 6.963561 0.859699
v 1.313515 6.850001 1.365550
v 2.833735 6.690039 1.824408
v 1.831325 6.576479 2.330257
v 2.315924 7.151104 0.304857
v 1.313515 7.037544 0.810707
v 2.833735 6.877583 1.269567
v 1.831325 6.764023 1.775416
v 2.315924 7.151104 1.101572
v 1.313515 7.037544 1.607422
v 2.833735 6.877583 2.066282
v 1.831325 6.764023 2.572130
v 4.395272 7.284343 0.213792
v 3.392862 7.170783 0.719642
v 4.913082 7.010821 1.178501
v 3.910673 6.897262 1.684350
v 4.395272 7.471886 -0.341050
v 3.392862 7.358326 0.164800
v 4.913082 7.198364 0.623658
v 3.910673 7.084805 1.129508
v 2.177765 7.237918 2.144217
v 1.090791 7.073913 1.888885
v 2.061436 6.586106 3.058115
v 0.974462 6.422102 2.802783
v 2.315924 6.963561 1.656415
v 1.313515 6.850001 2.162265
v 2.833735 6.690039 2.621123
v 1.831325 6.576479 3.126972
v 4.413282 7.289318 -0.268419
v 3.445735 7.289318 0.312492
v 4.860209 6.568380 0.475967
v 3.892661 6.568380 1.056877
v 1.221574 9.487204 -4.103867
v 0.167516 9.487204 -3.700671
v 1.531774 8.766266 -3.292924
v 0.477716 8.766266 -2.889729
v 0.043333 10.540776 -5.369493
v -1.010725 10.540776 -4.966297
v 0.353533 9.819839 -4.558550
v -0.700525 9.819839 -4.155355
v 1.198066 10.727252 -5.141686
v 0.131969 10.575701 -4.803938
v 1.567321 10.365110 -4.138637
v 0.501223 10.213558 -3.800890
v -2.129227 10.854319 -4.873752
v -1.930727 10.854319 -3.762805
v -1.274517 10.133381 -5.026468
v -1.076016 10.133381 -3.915522
v -1.390260 10.376122 -3.047571
v -1.191759 10.376122 -1.936624
v -0.535549 9.655184 -3.200287
v -0.337049 9.655184 -2.089341
v -1.055821 10.599108 -4.877981
v -2.121919 10.447556 -4.540233
v -0.686567 10.236966 -3.874931
v -1.752665 10.085414 -3.537184
v -2.164148 10.539060 -3.998500
v -2.893218 10.588559 -3.138493
v -1.307047 10.467939 -3.267800
v -2.036117 10.517438 -2.407793
v -0.593040 9.810584 -4.564680
v -1.647098 9.810584 -4.161484
v -0.282840 9.089646 -3.753737
v -1.336898 9.089646 -3.350541
v 0.130530 9.516742 -4.266763
v -0.366876 9.516742 -3.253752
v 0.909894 8.795804 -3.884082
v 0.412488 8.795804 -2.871071
v -1.047711 10.757857 -5.290515
v -1.545117 10.757857 -4.277504
v -0.268347 10.036920 -4.907834
v -0.765753 10.036920 -3.894823
v 0.130530 9.704286 -4.024890
v -0.366876 9.704286 -3.011878
v 0.909894 8.983348 -3.642209
v 0.412488 8.983348 -2.629197
v -0.673308 11.373034 -3.869871
v -1.313611 11.475485 -2.946225
v 0.252257 11.342753 -3.224878
v -0.388047 11.445206 -2.301233
v -1.083911 10.637237 -5.273851
v -1.695001 10.637237 -4.325076
v -0.353968 9.916299 -4.803707
v -0.965058 9.916299 -3.854932
v -0.649227 10.770313 -5.775419
v -1.378297 10.819813 -4.915412
v 0.207874 10.699194 -5.044719
v -0.521196 10.748692 -4.184712
v -0.649227 9.963684 -5.355771
v -1.378297 10.013184 -4.495764
v 0.207874 9.892564 -4.625071
v -0.521196 9.942062 -3.765064
v 0.089740 9.452761 -5.136831
v -0.639330 9.502260 -4.276825
v 0.946841 9.381640 -4.406131
v 0.217771 9.431139 -3.546125
v -0.644638 9.776302 -5.511750
v -1.255728 9.776302 -4.562975
v 0.085305 9.055365 -5.041605
v -0.525785 9.055365 -4.092831
v 0.758793 10.495997 -3.364768
v -0.307304 10.344446 -3.027020
v 1.128047 10.133856 -2.361718
v 0.061950 9.982304 -2.023971
v -0.644638 9.963845 -5.269877
v -1.255728 9.963845 -4.321102
v 0.085305 9.242908 -4.799733
v -0.525785 9.242908 -3.850958
v 1.221574 10.326561 -2.916273
v 0.167516 10.326561 -2.513077
v 1.531774 9.605623 -2.105330
v 0.477716 9.605623 -1.702135
v -0.593040 11.336825 -5.539169
v -1.647098 11.336825 -5.135973
v -0.282840 10.615888 -4.728227
v -1.336898 10.615888 -4.325031
v -1.032314 10.828500 -4.013812
v -2.086372 10.828500 -3.610616
v -0.722114 10.107562 -3.202869
v -1.776172 10.107562 -2.799674
v 0.145927 9.528413 3.467666
v -0.908131 9.528413 3.870862
v 0.456127 8.807475 4.278610
v -0.597931 8.807475 4.681806
v -0.293347 10.446149 1.311296
v -1.347405 10.446149 1.714492
v 0.016853 9.725211 2.122239
v -1.037205 9.725211 2.525434
v 0.145927 9.715957 2.912825
v -0.908131 9.715957 3.316020
v 0.456127 8.995019 3.723767
v -0.597931 8.995019 4.126964
v 3.293611 6.088643 0.316338
v 2.189466 6.088643 0.082954
v 3.114056 5.367705 1.165816
v 2.009911 5.367705 0.932432
v 1.654609 6.538613 1.627715
v 0.626437 6.538613 2.092974
v 2.012559 5.817675 2.418741
v 0.984387 5.817675 2.884002
v -0.729291 10.539927 -2.533850
v -1.458361 10.589427 -1.673843
v 0.127810 10.468807 -1.803150
v -0.601260 10.518306 -0.943143
v -1.060552 11.354713 -3.405619
v -1.789622 11.404213 -2.545613
v -0.203451 11.283594 -2.674919
v -0.932521 11.333092 -1.814913
v -1.060552 11.354713 -2.608904
v -1.789622 11.404213 -1.748898
v -0.203451 11.283594 -1.878205
v -0.932521 11.333092 -1.018198
v -0.290018 9.997279 -1.487163
v -1.019088 10.046779 -0.627156
v 0.567083 9.926159 -0.756463
v -0.161987 9.975657 0.103544
v -0.694370 10.700370 -0.450303
v -0.495870 10.700370 0.660644
v 0.160340 9.979432 -0.603019
v 0.358840 9.979432 0.507927
v -0.694370 11.534095 -1.251142
v -0.495870 11.534095 -0.140195
v 0.160340 10.813157 -1.403859
v 0.358840 10.813157 -0.292912
v -0.694370 11.534095 -2.047857
v -0.495870 11.534095 -0.936910
v 0.160340 10.813157 -2.200574
v 0.358840 10.813157 -1.089627
v 0.350945 10.540089 -2.447956
v -0.260145 10.540089 -1.499181
v 1.080888 9.819151 -1.977812
v 0.469798 9.819151 -1.029037
v 1.221574 9.299661 -4.345739
v 0.167516 9.299661 -3.942544
v 1.531774 8.578723 -3.534797
v 0.477716 8.578723 -3.131602
v 0.130530 9.704286 -4.821604
v -0.366876 9.704286 -3.808593
v 0.909894 8.983348 -4.438922
v 0.412488 8.983348 -3.425912
v -1.047711 10.757857 -6.087230
v -1.545117 10.757857 -5.074219
v -0.268347 10.036920 -5.704549
v -0.765753 10.036920 -4.691538
v 4.933685 6.088643 -0.155768
v 3.829540 6.088643 -0.389153
v 4.754130 5.367705 0.693710
v 3.649985 5.367705 0.460325
v 0.859295 6.740433 1.299983
v 0.600069 5.716055 1.696287
v 1.323495 7.007295 2.293414
v 1.064269 5.982918 2.689718
v 3.294683 6.505886 -0.451634
v 2.266511 6.505886 0.013627
v 3.652633 5.784948 0.339393
v 2.624461 5.784948 0.804654
v 2.855409 6.185104 -0.277833
v 1.827238 6.185104 0.187427
v 3.213359 5.464166 0.513194
v 2.185187 5.464166 0.978455
v 2.855409 6.372647 -0.832675
v 1.827238 6.372647 -0.367414
v 3.213359 5.651710 -0.041647
v 2.185187 5.651710 0.423613
v 2.657238 5.545994 1.363024
v 1.553092 5.545994 1.129641
v 2.477682 4.825057 2.212502
v 1.373537 4.825057 1.979119
v 5.332760 7.281628 0.450032
v 4.245786 7.117623 0.194700
v 5.216431 6.629817 1.363932
v 4.129457 6.465812 1.108600
v 3.253413 7.148390 0.541098
v 2.166439 6.984385 0.285766
v 3.137083 6.496578 1.454998
v 2.050109 6.332574 1.199666
v 4.297311 6.540167 -0.083571
v 3.193166 6.540167 -0.316957
v 4.117756 5.819230 0.765907
v 3.013611 5.819230 0.532522
v 4.476807 6.684750 1.413496
v 3.849373 7.529310 1.821723
v 3.727825 5.938014 1.807214
v 3.100390 6.782573 2.215441
v 5.332760 6.749560 0.450033
v 4.245786 6.585555 0.194701
v 5.216431 6.097748 1.363932
v 4.129457 5.933744 1.108600
v 4.257113 6.937103 -0.104809
v 3.170139 6.773098 -0.360141
v 4.140783 6.285292 0.809090
v 3.053809 6.121287 0.553759
v 0.454368 11.431151 -1.427024
v -0.274702 11.480651 -0.567017
v 1.311469 11.360031 -0.696324
v 0.582399 11.409530 0.163683
v 0.350945 10.670832 -0.608528
v -0.260145 10.670832 0.340247
v 1.080888 9.949894 -0.138384
v 0.469798 9.949894 0.810391
v 0.790219 11.580994 -1.820917
v 0.179129 11.580994 -0.872142
v 1.520162 10.860056 -1.350773
v 0.909072 10.860056 -0.401998
v 0.346356 10.539927 -2.533850
v -0.382714 10.589427 -1.673843
v 1.203457 10.468807 -1.803150
v 0.474387 10.518306 -0.943143
v 0.015095 11.354713 -3.405619
v -0.713975 11.404213 -2.545613
v 0.872196 11.283594 -2.674919
v 0.143126 11.333092 -1.814913
v 0.015095 11.354713 -2.608904
v -0.713975 11.404213 -1.748898
v 0.872196 11.283594 -1.878205
v 0.143126 11.333092 -1.018198
v 0.350945 10.540089 -1.651241
v -0.260145 10.540089 -0.702466
v 1.080888 9.819151 -1.181097
v 0.469798 9.819151 -0.232322
v 0.790219 11.580994 -1.024202
v 0.179129 11.580994 -0.075427
v 1.520162 10.860056 -0.554058
v 0.909072 10.860056 0.394717
v 0.350945 10.670832 -1.405243
v -0.260145 10.670832 -0.456468
v 1.080888 9.949894 -0.935099
v 0.469798 9.949894 0.013676
v 0.128878 9.698437 3.460171
v -0.511425 9.800888 4.383816
v 1.054443 9.668157 4.105164
v 0.414139 9.770609 5.028809
v -0.310396 10.428629 1.061928
v -0.950699 10.531080 1.985573
v 0.615169 10.398349 1.706921
v -0.025134 10.500801 2.630566
v -0.310396 10.616173 0.507086
v -0.950699 10.718624 1.430731
v 0.615169 10.585892 1.152079
v -0.025134 10.688345 2.075724
v -0.724702 10.540089 -1.651241
v -1.335792 10.540089 -0.702466
v 0.005241 9.819151 -1.181097
v -0.605849 9.819151 -0.232322
v -1.210581 10.997969 -1.578049
v -1.298657 11.429848 -0.539142
v -0.086999 11.085814 -1.519314
v -0.175074 11.517693 -0.480406
v -0.246244 9.943687 -1.070877
v -0.334320 10.375566 -0.031969
v 0.877338 10.031533 -1.012141
v 0.789263 10.463411 0.026767
v 4.554753 5.554317 2.177346
v 3.927320 6.439067 1.865661
v 3.805771 5.307567 2.984653
v 3.178337 6.192318 2.672967
v 0.346356 10.483127 -0.139581
v -0.382714 10.532626 0.720426
v 1.203457 10.412006 0.591119
v 0.474387 10.461505 1.451126
v 0.454368 11.431151 -2.223739
v -0.274702 11.480651 -1.363733
v 1.311469 11.360031 -1.493039
v 0.582399 11.409530 -0.633032
v 0.346356 10.670670 -0.694422
v -0.382714 10.720169 0.165585
v 1.203457 10.599550 0.036278
v 0.474387 10.649048 0.896285
v 0.346356 10.670670 -1.491137
v -0.382714 10.720169 -0.631130
v 1.203457 10.599550 -0.760437
v 0.474387 10.649048 0.099570
v 0.346356 10.483127 -0.936296
v -0.382714 10.532626 -0.076289
v 1.203457 10.412006 -0.205596
v 0.474387 10.461505 0.654411
v -0.285429 11.580994 -1.024202
v -0.896519 11.580994 -0.075427
v 0.444515 10.860056 -0.554058
v -0.166576 10.860056 0.394717
v -0.724702 10.483288 -0.850402
v -1.335792 10.483288 0.098373
v 0.005241 9.762350 -0.380258
v -0.605849 9.762350 0.568517
v -0.724702 10.670832 -1.405243
v -1.335792 10.670832 -0.456468
v 0.005241 9.949894 -0.935099
v -0.605849 9.949894 0.013676
v -0.729291 10.483127 -0.139581
v -1.458361 10.532626 0.720426
v 0.127810 10.412006 0.591119
v -0.601260 10.461505 1.451126
v 1.714107 7.172216 -3.222461
v 1.216701 7.172217 -2.209449
v 2.493471 6.451280 -2.839779
v 1.996065 6.451280 -1.826767
v 0.641444 6.834373 -6.322073
v 0.553369 7.266253 -5.283165
v 1.765026 6.922220 -6.263338
v 1.676951 7.354097 -5.224430
v 1.080717 6.291726 -6.072102
v 0.992642 6.723604 -5.033195
v 2.204299 6.379570 -6.013367
v 2.116224 6.811450 -4.974459
v 1.080717 7.131083 -3.291077
v 0.992642 7.562961 -2.252171
v 2.204299 7.218927 -3.232342
v 2.116224 7.650806 -2.193434
v 3.220917 7.464991 -2.737729
v 2.154820 7.313440 -2.399981
v 3.590172 7.102849 -1.734679
v 2.524074 6.951297 -1.396932
v 1.071865 7.556733 -6.180170
v 1.270365 7.556733 -5.069222
v 1.926576 6.835794 -6.332887
v 2.125076 6.835794 -5.221940
v 2.805151 6.955134 -3.301437
v 1.751094 6.955135 -2.898242
v 3.115352 6.234198 -2.490494
v 2.061294 6.234198 -2.087300
v 2.168778 6.004673 -3.549026
v 1.114720 6.004673 -3.145828
v 2.478978 5.283735 -2.738082
v 1.424920 5.283735 -2.334887
v 1.729504 6.734865 -5.947268
v 0.675446 6.734865 -5.544073
v 2.039704 6.013927 -5.136325
v 0.985647 6.013927 -4.733130
v -0.007475 10.169482 -2.094187
v -0.504881 10.169482 -1.081176
v 0.771888 9.448545 -1.711506
v 0.274482 9.448545 -0.698495
v 0.043391 9.577962 -3.857796
v -0.454015 9.577962 -2.844785
v 0.822754 8.857024 -3.475115
v 0.325348 8.857024 -2.462104
v -1.032314 10.353232 -4.814652
v -2.086372 10.353232 -4.411455
v -0.722114 9.632295 -4.003709
v -1.776172 9.632295 -3.600513
v -1.032314 11.347405 -5.789141
v -2.086372 11.347405 -5.385945
v -0.722114 10.626468 -4.978198
v -1.776172 10.626468 -4.575003
v 2.177765 6.960846 1.892655
v 1.090791 6.796841 1.637323
v 2.061436 6.309034 2.806555
v 0.974462 6.145030 2.551223
v 4.257113 7.469172 -0.104809
v 3.170139 7.305166 -0.360141
v 4.140783 6.817360 0.809090
v 3.053809 6.653356 0.553759
v 4.257113 7.281628 0.450032
v 3.170139 7.117623 0.194700
v 4.140783 6.629817 1.363932
v 3.053809 6.465812 1.108600
v 2.177765 7.148390 1.337813
v 1.090791 6.984385 1.082482
v 2.061436 6.496578 2.251714
v 0.974462 6.332574 1.996381
v 2.177765 7.148390 0.541098
v 1.090791 6.984385 0.285766
v 2.061436 6.496578 1.454998
v 0.974462 6.332574 1.199666
v 2.177765 6.960846 1.095940
v 1.090791 6.796841 0.840608
v 2.061436 6.309034 2.009840
v 0.974462 6.145030 1.754508
v 2.617039 7.469172 0.367297
v 1.530065 7.305166 0.111965
v 2.500710 6.817360 1.281198
v 1.413736 6.653356 1.025866
v 3.858038 6.808255 0.086104
v 2.753893 6.808255 -0.147280
v 3.678483 6.087317 0.935583
v 2.574337 6.087317 0.702199
v 3.858038 6.620711 -0.155769
v 2.753893 6.620711 -0.389154
v 3.678483 5.899774 0.693710
v 2.574337 5.899774 0.460325
v 2.805151 7.454476 -5.705396
v 1.751094 7.454476 -5.302198
v 3.115352 6.733540 -4.894453
v 2.061294 6.733540 -4.491257
v 2.168778 7.530913 -4.523514
v 1.114720 7.530913 -4.120318
v 2.478978 6.809977 -3.712571
v 1.424920 6.809977 -3.309376
v 1.729504 6.678063 -4.349714
v 0.675446 6.678063 -3.946518
v 2.039704 5.957127 -3.538771
v 0.985647 5.957127 -3.135576
v 2.805151 6.865608 -4.107841
v 1.751094 6.865608 -3.704644
v 3.115352 6.144670 -3.296897
v 2.061294 6.144670 -2.893703
v 2.730257 5.511713 0.198247
v 1.702085 5.511713 0.663508
v 3.088206 4.790775 0.989275
v 2.060035 4.790775 1.454535
v 1.634475 6.872375 1.096241
v 1.042175 7.003463 2.047873
v 2.591843 6.861068 1.693671
v 1.999543 6.992155 2.645301
v 1.195201 6.551594 1.270043
v 0.602901 6.682681 2.221673
v 2.152570 6.540286 1.867471
v 1.560269 6.671373 2.819102
v 2.617039 5.755387 1.896630
v 1.530065 5.591382 1.641298
v 2.500710 5.103575 2.810529
v 1.413736 4.939571 2.555197
v 2.657238 5.358451 1.121152
v 1.553092 5.358451 0.887767
v 2.477682 4.637513 1.970629
v 1.373537 4.637513 1.737245
v 4.413282 6.757249 -0.268419
v 3.445735 6.757249 0.312492
v 4.860209 6.036311 0.475968
v 3.892661 6.036311 1.056877
v 4.395272 6.939817 -0.341050
v 3.392862 6.826258 0.164800
v 4.913082 6.666296 0.623659
v 3.910673 6.552736 1.129508
v 2.755198 6.752275 -0.110817
v 1.752788 6.638715 0.395033
v 3.273008 6.478753 0.853892
v 2.270599 6.365193 1.359742
v 1.195201 6.331324 0.217642
v 0.602901 6.462411 1.169273
v 2.152570 6.320016 0.815069
v 1.560269 6.451103 1.766701
v 2.835516 6.589729 -0.722987
v 2.399329 6.589729 0.317851
v 3.636289 5.868791 -0.387405
v 3.200102 5.868791 0.653434
v 3.817839 6.673122 0.064867
v 2.730865 6.509117 -0.190464
v 3.701510 6.021311 0.978768
v 2.614536 5.857306 0.723436
v 3.817839 6.485579 -0.177005
v 2.730865 6.321574 -0.432337
v 3.701510 5.833767 0.736894
v 2.614536 5.669763 0.481562
v 0.128878 9.698437 2.663456
v -0.511425 9.800888 3.587101
v 1.054443 9.668157 3.308449
v 0.414139 9.770609 4.232094
v 0.130530 10.465107 2.195087
v -0.366876 10.465107 3.208098
v 0.909894 9.744169 2.577768
v 0.412488 9.744169 3.590779
v 0.782300 11.755141 1.311296
v -0.271758 11.755141 1.714492
v 1.092500 11.034204 2.122239
v 0.038443 11.034204 2.525434
v -0.308744 11.972223 0.593559
v -0.806150 11.972223 1.606570
v 0.470620 11.251286 0.976240
v -0.026786 11.251286 1.989251
v 1.198066 11.488073 1.875006
v 0.131969 11.336521 2.212753
v 1.567321 11.125931 2.878055
v 0.501223 10.974379 3.215803
v 0.128878 10.418049 2.905329
v -0.511425 10.520500 3.828975
v 1.054443 10.387769 3.550322
v 0.414139 10.490221 4.473968
v 1.198066 10.306356 2.607622
v 0.131969 10.154805 2.945370
v 1.567321 9.944215 3.610671
v 0.501223 9.792663 3.948419
v 1.198066 10.493899 2.052780
v 0.131969 10.342348 2.390528
v 1.567321 10.131758 3.055830
v 0.501223 9.980206 3.393577
v 0.758793 11.036549 1.802808
v -0.307304 10.884997 2.140556
v 1.128047 10.674407 2.805858
v 0.061950 10.522855 3.143605
v 0.782300 11.755141 0.514581
v -0.271758 11.755141 0.917777
v 1.092500 11.034204 1.325524
v 0.038443 11.034204 1.728720
v 1.221574 10.248025 2.116110
v 0.167516 10.248025 2.519306
v 1.531774 9.527087 2.927052
v 0.477716 9.527087 3.330248
v -0.293347 11.755141 0.514581
v -1.347405 11.755141 0.917777
v 0.016853 11.034204 1.325524
v -1.037205 11.034204 1.728720
v -0.316854 11.036549 1.802808
v -1.382952 10.884997 2.140556
v 0.052400 10.674407 2.805858
v -1.013698 10.522855 3.143605
v -0.293347 10.921416 2.112135
v -1.347405 10.921416 2.515331
v 0.016853 10.200479 2.923078
v -1.037205 10.200479 3.326274
v -0.316854 10.979748 3.400362
v -1.382952 10.828197 3.738110
v 0.052400 10.617606 4.403412
v -1.013698 10.466054 4.741159
v -0.053913 12.207737 0.844621
v -1.120010 12.056186 1.182369
v 0.315341 11.845595 1.847671
v -0.750756 11.694043 2.185418
v -0.053913 12.020193 1.399463
v -1.120010 11.868642 1.737210
v 0.315341 11.658051 2.402512
v -0.750756 11.506499 2.740260
v -0.316854 11.167291 2.845521
v -1.382952 11.015739 3.183269
v 0.052400 10.805149 3.848571
v -1.013698 10.653597 4.186318
v -0.316854 11.167291 2.048806
v -1.382952 11.015739 2.386554
v 0.052400 10.805149 3.051856
v -1.013698 10.653597 3.389603
v -0.316854 10.979748 2.603648
v -1.382952 10.828197 2.941395
v 0.052400 10.617606 3.606697
v -1.013698 10.466054 3.944445
v 0.122419 11.488073 1.875006
v -0.943678 11.336521 2.212753
v 0.491674 11.125931 2.878055
v -0.574424 10.974379 3.215803
v 0.145927 10.248025 2.912825
v -0.908131 10.248025 3.316020
v 0.456127 9.527087 3.723767
v -0.597931 9.527087 4.126963
v -0.293347 11.755141 1.311296
v -1.347405 11.755141 1.714492
v 0.016853 11.034204 2.122239
v -1.037205 11.034204 2.525434
v -0.293347 11.567597 1.069423
v -1.347405 11.567597 1.472619
v 0.016853 10.846660 1.880366
v -1.037205 10.846660 2.283561
v -0.293347 10.790674 1.866138
v -1.347405 10.790674 2.269334
v 0.016853 10.069736 2.677081
v -1.037205 10.069736 3.080276
v 1.714107 6.951947 -5.071576
v 1.216701 6.951947 -4.058565
v 2.493471 6.231009 -4.688894
v 1.996065 6.231009 -3.675884
v 1.714107 6.951947 -5.868290
v 1.216701 6.951947 -4.855279
v 2.493471 6.231009 -5.485610
v 1.996065 6.231009 -4.472599
v 2.145270 6.438090 -4.167195
v 1.079173 6.286540 -3.829448
v 2.514525 6.075950 -3.164146
v 1.448427 5.924397 -2.826398
v 2.781644 6.980740 -5.213882
v 1.715547 6.829188 -4.876134
v 3.150898 6.618598 -4.210834
v 2.084801 6.467045 -3.873085
v 1.714107 7.614758 -4.825577
v 1.216701 7.614758 -3.812567
v 2.493471 6.893819 -4.442896
v 1.996065 6.893819 -3.429885
v 2.151729 6.362239 -4.908076
v 1.511426 6.464691 -3.984432
v 3.077294 6.331960 -4.263083
v 2.436990 6.434412 -3.339438
v 1.712455 7.092432 -5.712891
v 1.072152 7.194882 -4.789246
v 2.638020 7.062151 -5.067897
v 1.997717 7.164604 -4.144252
v 2.151729 6.362239 -4.111362
v 1.511426 6.464691 -3.187716
v 3.077294 6.331960 -3.466368
v 2.436990 6.434412 -2.542723
v 2.151729 7.168869 -4.531011
v 1.511426 7.271320 -3.607364
v 3.077294 7.138589 -3.886018
v 2.436990 7.241042 -2.962373
v 0.758793 10.447680 2.603648
v -0.307304 10.296127 2.941395
v 1.128047 10.085537 3.606697
v 0.061950 9.933985 3.944445
v 1.463432 10.565073 1.952743
v 1.485301 11.144085 2.921181
v 1.682244 9.612665 2.517229
v 1.704114 10.191677 3.485667
v 1.198066 10.768461 1.633132
v 0.131969 10.616910 1.970880
v 1.567321 10.406320 2.636182
v 0.501223 10.254767 2.973929
v -1.264256 10.149009 -0.093774
v -2.330353 9.997458 0.243974
v -0.895002 9.786867 0.909276
v -1.961099 9.635315 1.247023
v -2.041845 10.540877 -0.199711
v -2.682148 10.643329 0.723935
v -1.116280 10.510597 0.445282
v -1.756583 10.613050 1.368927
v 3.220917 7.244720 -4.586843
v 2.154820 7.093170 -4.249096
v 3.590172 6.882578 -3.583795
v 2.524074 6.731027 -3.246047
v 2.145270 6.782617 -4.409070
v 1.079173 6.631064 -4.071321
v 2.514525 6.420475 -3.406019
v 1.448427 6.268923 -3.068273
v 2.145270 6.970160 -4.963912
v 1.079173 6.818607 -4.626163
v 2.514525 6.608017 -3.960861
v 1.448427 6.456466 -3.623115
v 2.168778 6.536740 -4.345739
v 1.114720 6.536740 -3.942544
v 2.478978 5.815804 -3.534796
v 1.424920 5.815804 -3.131602
v 2.145270 6.970160 -4.167195
v 1.079173 6.818607 -3.829448
v 2.514525 6.608017 -3.164146
v 1.448427 6.456466 -2.826398
v 3.244425 7.718458 -5.078356
v 2.190367 7.718458 -4.675159
v 3.554625 6.997519 -4.267414
v 2.500567 6.997519 -3.864218
v 3.244425 7.530913 -5.320230
v 2.190367 7.530913 -4.917034
v 3.554625 6.809977 -4.509287
v 2.500567 6.809977 -4.106091
v 0.128878 9.885981 2.905329
v -0.511425 9.988432 3.828975
v 1.054443 9.855700 3.550322
v 0.414139 9.958153 4.473968
v 0.602260 7.018868 -5.609754
v -0.008830 7.018868 -4.660977
v 1.332203 6.297932 -5.139608
v 0.721113 6.297932 -4.190835
v 1.673318 7.018708 -5.695646
v 0.944248 7.068208 -4.835639
v 2.530419 6.947587 -4.964946
v 1.801349 6.997087 -4.104939
v 1.673318 6.831163 -5.937521
v 0.944248 6.880663 -5.077514
v 2.530419 6.760044 -5.206820
v 1.801349 6.809543 -4.346814
v -1.965483 11.470021 -2.286005
v -2.605787 11.572473 -1.362360
v -1.039919 11.439741 -1.641012
v -1.680222 11.542193 -0.717367
v -2.404757 11.336782 -1.073616
v -3.045060 11.439234 -0.149971
v -1.479192 11.306502 -0.428623
v -2.119495 11.408955 0.495022
v -2.404757 11.336782 -1.870331
v -3.045060 11.439234 -0.946686
v -1.479192 11.306502 -1.225338
v -2.119495 11.408955 -0.301693
v -2.041845 10.540877 -0.996426
v -2.682148 10.643329 -0.072780
v -1.116280 10.510597 -0.351433
v -1.756583 10.613050 0.572212
v -1.369582 11.676339 -0.320368
v -1.866988 11.676339 0.692644
v -0.590218 10.955401 0.062313
v -1.087624 10.955401 1.075325
v -1.264256 10.336553 -1.445330
v -2.330353 10.185001 -1.107583
v -0.895002 9.974411 -0.442281
v -1.961099 9.822859 -0.104533
v -1.264256 10.149009 -0.890489
v -2.330353 9.997458 -0.552741
v -0.895002 9.786867 0.112561
v -1.961099 9.635315 0.450308
v -1.879862 11.598866 -2.725687
v -2.945960 11.447314 -2.387939
v -1.510608 11.236724 -1.722637
v -2.576705 11.085172 -1.384890
v -1.602571 10.329592 -1.170226
v -2.242874 10.432043 -0.246581
v -0.677006 10.299311 -0.525233
v -1.317309 10.401764 0.398412
v -0.188609 9.804484 -1.445330
v -1.254706 9.652933 -1.107583
v 0.180645 9.442343 -0.442281
v -0.885452 9.290791 -0.104533
v -0.627883 10.347133 -1.695302
v -1.693980 10.195581 -1.357554
v -0.258628 9.984991 -0.692253
v -1.324726 9.833439 -0.354505
v -1.264256 10.336553 -0.648615
v -2.330353 10.185001 -0.310868
v -0.895002 9.974411 0.354434
v -1.961099 9.822859 0.692182
v -0.293347 10.725390 -2.500599
v -1.347405 10.725390 -2.097403
v 0.016853 10.004453 -1.689656
v -1.037205 10.004453 -1.286460
v 0.130530 10.269081 -2.417647
v -0.366876 10.269081 -1.404636
v 0.909894 9.548143 -2.034967
v 0.412488 9.548143 -1.021955
v -0.293347 10.594648 -2.746597
v -1.347405 10.594648 -2.343401
v 0.016853 9.873711 -1.935654
v -1.037205 9.873711 -1.532458
v -0.293347 10.594648 -3.543312
v -1.347405 10.594648 -3.140116
v 0.016853 9.873711 -2.732369
v -1.037205 9.873711 -2.329173
v -0.985907 9.681514 1.879860
v -1.714977 9.731013 2.739867
v -0.128806 9.610394 2.610560
v -0.857876 9.659892 3.470567
v -0.985907 9.869057 1.325018
v -1.714977 9.918556 2.185025
v -0.128806 9.797936 2.055718
v -0.857876 9.847435 2.915725
v -0.985907 10.675687 0.905370
v -1.714977 10.725186 1.765377
v -0.128806 10.604567 1.636070
v -0.857876 10.654065 2.496077
v -1.420591 10.542609 1.406938
v -2.031681 10.542609 2.355713
v -0.690648 9.821671 1.877082
v -1.301738 9.821671 2.825857
v -0.981318 11.640315 0.436422
v -1.592408 11.640315 1.385197
v -0.251375 10.919377 0.906567
v -0.862465 10.919377 1.855341
v -0.981318 10.675848 0.194549
v -1.592408 10.675848 1.143324
v -0.251375 9.954910 0.664693
v -0.862465 9.954910 1.613468
v -1.425181 10.411706 -0.518383
v -2.154251 10.461205 0.341623
v -0.568080 10.340586 0.212317
v -1.297150 10.390084 1.072324
v -1.425181 10.599249 -1.073225
v -2.154251 10.648748 -0.213218
v -0.568080 10.528129 -0.342525
v -1.297150 10.577627 0.517482
v -1.425181 10.599249 -0.276510
v -2.154251 10.648748 0.583497
v -0.568080 10.528129 0.454190
v -1.297150 10.577627 1.314197
v -0.729291 10.539927 -1.737135
v -1.458361 10.589427 -0.877128
v 0.127810 10.468807 -1.006435
v -0.601260 10.518306 -0.146428
v -0.285429 9.997440 -1.401269
v -0.896519 9.997440 -0.452494
v 0.444515 9.276503 -0.931125
v -0.166576 9.276503 0.017650
v -1.210581 10.941168 -0.777210
v -1.298657 11.373046 0.261697
v -0.086999 11.029013 -0.718475
v -0.175074 11.460892 0.320433
v -1.210581 11.128711 -1.332052
v -1.298657 11.560589 -0.293144
v -0.086999 11.216557 -1.273316
v -0.175074 11.648435 -0.234408
v -1.210581 11.128711 -0.535337
v -1.298657 11.560589 0.503571
v -0.086999 11.216557 -0.476601
v -0.175074 11.648435 0.562307
v 4.297311 7.072236 -0.083572
v 3.193166 7.072236 -0.316957
v 4.117756 6.351298 0.765907
v 3.013611 6.351298 0.532522
v 2.168778 7.718458 -5.875072
v 1.114720 7.718458 -5.471876
v 2.478978 6.997519 -5.064128
v 1.424920 6.997519 -4.660933
v 2.730257 5.699256 -0.356594
v 1.702085 5.699256 0.108666
v 3.088206 4.978318 0.434433
v 2.060035 4.978318 0.899694
v 3.244425 7.031573 -2.916272
v 2.190367 7.031573 -2.513077
v 3.554625 6.310636 -2.105330
v 2.500567 6.310636 -1.702134
v -0.950986 11.669853 1.391363
v -0.752486 11.669853 2.502310
v -0.096276 10.948915 1.238646
v 0.102225 10.948915 2.349593
v -1.390260 10.628948 0.764324
v -1.191759 10.628948 1.875271
v -0.535549 9.908010 0.611608
v -0.337049 9.908010 1.722554
v -0.950986 9.898757 2.365853
v -0.752486 9.898757 3.476799
v -0.096276 9.177819 2.213136
v 0.102225 9.177819 3.324083
v -1.390260 10.628948 -0.032391
v -1.191759 10.628948 1.078556
v -0.535549 9.908010 -0.185107
v -0.337049 9.908010 0.925839
v 0.089740 8.258355 -1.378516
v -0.639330 8.307855 -0.518509
v 0.946841 8.187235 -0.647816
v 0.217771 8.236733 0.212191
v 0.089740 8.070812 -0.823674
v -0.639330 8.120312 0.036332
v 0.946841 7.999692 -0.092974
v 0.217771 8.049191 0.767032
v 0.094329 8.070973 -1.534496
v -0.516761 8.070973 -0.585721
v 0.824272 7.350036 -1.064351
v 0.213182 7.350036 -0.115577
v 0.094329 8.258517 -1.292622
v -0.516761 8.258517 -0.343847
v 0.824272 7.537580 -0.822478
v 0.213182 7.537580 0.126297
v 0.130530 8.666862 0.843109
v -0.366876 8.666862 1.856121
v 0.909894 7.945924 1.225790
v 0.412488 7.945924 2.238802
v 0.122419 8.695655 0.700803
v -0.943678 8.544104 1.038550
v 0.491674 8.333513 1.703852
v -0.574424 8.181961 2.041599
v 1.221574 8.449780 0.764132
v 0.167516 8.449780 1.167328
v 1.531774 7.728843 1.575074
v 0.477716 7.728843 1.978270
v 0.130530 8.134793 0.046395
v -0.366876 8.134793 1.059406
v 0.909894 7.413856 0.429075
v 0.412488 7.413856 1.442087
v 0.128878 8.619803 -0.040079
v -0.511425 8.722255 0.883567
v 1.054443 8.589523 0.604914
v 0.414139 8.691976 1.528559
v 1.198066 8.351130 -0.650754
v 0.131969 8.199578 -0.313006
v 1.567321 7.988988 0.352295
v 0.501223 7.837436 0.690043
v 0.758793 8.893779 -0.900726
v -0.307304 8.742228 -0.562978
v 1.128047 8.531637 0.102323
v 0.061950 8.380085 0.440071
v 1.221574 8.105255 -0.587425
v 0.167516 8.105255 -0.184229
v 1.531774 7.384317 0.223518
v 0.477716 7.384317 0.626714
v -1.390260 8.961446 -1.138371
v -1.191759 8.961446 -0.027424
v -0.535549 8.240508 -1.291087
v -0.337049 8.240508 -0.180141
v 2.151729 7.356412 -5.882566
v 1.511426 7.458864 -4.958921
v 3.077294 7.326132 -5.237574
v 2.436990 7.428585 -4.313929
v 1.673318 6.863892 -3.533562
v 0.944248 6.913391 -2.673557
v 2.530419 6.792771 -2.802862
v 1.801349 6.842270 -1.942855
v 2.168778 6.998846 -5.320230
v 1.114720 6.998846 -4.917034
v 2.478978 6.277907 -4.509287
v 1.424920 6.277907 -4.106091
v 1.080717 7.285899 -6.249876
v 0.992642 7.717776 -5.210968
v 2.204299 7.373744 -6.191141
v 2.116224 7.805623 -5.152233
v 0.641444 6.777574 -5.521235
v 0.553369 7.209452 -4.482327
v 1.765026 6.865418 -5.462499
v 1.676951 7.297297 -4.423591
v 0.641444 6.965117 -6.076076
v 0.553369 7.396996 -5.037169
v 1.765026 7.052962 -6.017341
v 1.676951 7.484840 -4.978433
v 0.641444 6.965117 -5.279360
v 0.553369 7.396996 -4.240453
v 1.765026 7.052962 -5.220625
v 1.676951 7.484840 -4.181717
v 0.632592 7.105208 -6.252367
v 0.831092 7.105208 -5.141420
v 1.487302 6.384271 -6.405084
v 1.685802 6.384271 -5.294137
v 1.714107 7.978847 -3.642109
v 1.216701 7.978847 -2.629098
v 2.493471 7.257908 -3.259428
v 1.996065 7.257909 -2.246417
v 1.080717 7.318625 -3.845918
v 0.992642 7.750504 -2.807011
v 2.204299 7.406472 -3.787184
v 2.116224 7.838350 -2.748276
v 0.641444 6.997844 -3.672118
v 0.553369 7.429722 -2.633210
v 1.765026 7.085690 -3.613383
v 1.676951 7.517568 -2.574475
v -0.310396 10.371828 3.456197
v -0.950699 10.474279 4.379842
v 0.615169 10.341548 4.101190
v -0.025134 10.444000 5.024835
v 1.036944 6.157773 -5.933547
v 0.307874 6.207273 -5.073539
v 1.894045 6.086653 -5.202847
v 1.164975 6.136151 -4.342839
v 1.036944 6.345316 -6.488388
v 0.307874 6.394815 -5.628380
v 1.894045 6.274197 -5.757688
v 1.164975 6.323695 -4.897680
v 1.337333 7.791920 -6.105828
v 1.249258 8.223799 -5.066922
v 2.460915 7.879766 -6.047092
v 2.372840 8.311644 -5.008184
v 3.220917 7.277448 -2.979601
v 2.154820 7.125896 -2.641855
v 3.590172 6.915306 -1.976552
v 2.524074 6.763754 -1.638804
v 1.293560 7.878238 -4.118157
v 0.564490 7.927737 -3.258151
v 2.150661 7.807117 -3.387457
v 1.421591 7.856616 -2.527451
v 2.805151 7.487204 -3.301437
v 1.751094 7.487204 -2.898242
v 3.115352 6.766266 -2.490494
v 2.061294 6.766266 -2.087300
v 1.714107 7.704286 -4.019176
v 1.216701 7.704286 -3.006163
v 2.493471 6.983347 -3.636494
v 1.996065 6.983348 -2.623482
v 3.220917 7.997060 -2.737729
v 2.154820 7.845509 -2.399981
v 3.590172 7.634918 -1.734679
v 2.524074 7.483366 -1.396932
v 1.036944 7.184672 -3.707363
v 0.307874 7.234173 -2.847357
v 1.894045 7.113553 -2.976664
v 1.164975 7.163052 -2.116657
v 1.729504 7.397676 -4.904555
v 0.675446 7.397676 -4.501359
v 2.039704 6.676737 -4.093614
v 0.985647 6.676737 -3.690418
v 2.145270 6.250547 -3.612355
v 1.079173 6.098997 -3.274606
v 2.514525 5.888406 -2.609304
v 1.448427 5.736854 -2.271558
v 2.168778 6.004673 -4.345739
v 1.114720 6.004673 -3.942544
v 2.478978 5.283734 -3.534796
v 1.424920 5.283735 -3.131602
v 2.168778 7.186388 -5.078356
v 1.114720 7.186388 -4.675159
v 2.478978 6.465452 -4.267414
v 1.424920 6.465452 -3.864218
v 1.080717 6.291726 -5.275386
v 0.992642 6.723604 -4.236479
v 2.204299 6.379570 -5.216650
v 2.116224 6.811450 -4.177742
v 2.781644 7.013466 -3.606641
v 1.715547 6.861916 -3.268893
v 3.150898 6.651325 -2.603590
v 2.084801 6.499773 -2.265843
v 2.781644 6.980740 -6.010598
v 1.715547 6.829188 -5.672850
v 3.150898 6.618598 -5.007547
v 2.084801 6.467045 -4.669800
v 2.369207 7.432484 -3.088691
v 1.640137 7.481983 -2.228684
v 3.226308 7.361363 -2.357991
v 2.497238 7.410862 -1.497984
v 3.244425 7.563642 -2.916272
v 2.190367 7.563642 -2.513077
v 3.554625 6.842704 -2.105330
v 2.500567 6.842704 -1.702134
v 2.781644 7.545536 -3.606641
v 1.715547 7.393983 -3.268893
v 3.150898 7.183394 -2.603590
v 2.084801 7.031842 -2.265843
v 3.220917 6.782617 -3.612355
v 2.154820 6.631064 -3.274606
v 3.590172 6.420475 -2.609304
v 2.524074 6.268923 -2.271558
v 2.153381 7.747995 -5.241251
v 1.655975 7.747995 -4.228240
v 2.932745 7.027059 -4.858572
v 2.435338 7.027059 -3.845559
v -1.724874 9.963684 -6.152486
v -2.453944 10.013184 -5.292479
v -0.867773 9.892564 -5.421785
v -1.596843 9.942062 -4.561779
v -1.724874 9.776141 -5.597644
v -2.453944 9.825641 -4.737637
v -0.867773 9.705021 -4.866944
v -1.596843 9.754519 -4.006937
v 0.145927 10.514104 -3.471115
v -0.908131 10.514104 -3.067919
v 0.456127 9.793166 -2.660172
v -0.597931 9.793166 -2.256976
v 0.582460 11.503386 -2.242756
v -0.483637 11.351834 -1.905008
v 0.951715 11.141244 -1.239707
v -0.114383 10.989692 -0.901959
v 1.221574 11.242198 1.938335
v 0.167516 11.242198 2.341531
v 1.531774 10.521260 2.749278
v 0.477716 10.521260 3.152473
v 1.221574 11.054655 1.696461
v 0.167516 11.054655 2.099657
v 1.531774 10.333717 2.507404
v 0.477716 10.333717 2.910600
v 0.582460 11.756212 0.772424
v -0.483637 11.604661 1.110172
v 0.951715 11.394071 1.775473
v -0.114383 11.242518 2.113221
v 0.582460 11.943756 0.217582
v -0.483637 11.792205 0.555330
v 0.951715 11.581614 1.220632
v -0.114383 11.430062 1.558379
v 0.582460 11.943756 1.014297
v -0.483637 11.792205 1.352045
v 0.951715 11.581614 2.017347
v -0.114383 11.430062 2.355094
v 0.782300 10.790674 1.866138
v -0.271758 10.790674 2.269334
v 1.092500 10.069736 2.677081
v 0.038443 10.069736 3.080276
v 0.782300 12.561771 0.891648
v -0.271758 12.561771 1.294844
v 1.092500 11.840834 1.702591
v 0.038443 11.840834 2.105786
v 1.221574 11.054655 2.493176
v 0.167516 11.054655 2.896372
v 1.531774 10.333717 3.304119
v 0.477716 10.333717 3.707315
v -2.159559 10.637237 -6.070566
v -2.770649 10.637237 -5.121791
v -1.429615 9.916299 -5.600421
v -2.040706 9.916299 -4.651647
v -1.720285 10.770475 -5.689525
v -2.331375 10.770475 -4.740750
v -0.990342 10.049538 -5.219381
v -1.601432 10.049538 -4.270606
v -2.757868 10.496639 -3.949398
v -3.074963 9.838274 -3.089391
v -2.373085 11.265809 -3.218698
v -2.690180 10.607445 -2.358691
v 0.043333 10.353232 -5.611366
v -1.010725 10.353232 -5.208170
v 0.353533 9.632295 -4.800424
v -0.700525 9.632295 -4.397228
v 0.128878 10.692610 2.485681
v -0.511425 10.795061 3.409326
v 1.054443 10.662330 3.130674
v 0.414139 10.764782 4.054319
v 0.130530 10.927212 2.017312
v -0.366876 10.927212 3.030324
v 0.909894 10.206274 2.399993
v 0.412488 10.206274 3.413005
v 0.130530 10.739668 1.775439
v -0.366876 10.739668 2.788450
v 0.909894 10.018730 2.158120
v 0.412488 10.018730 3.171131
v 2.805151 6.865608 -4.904555
v 1.751094 6.865608 -4.501359
v 3.115352 6.144670 -4.093614
v 2.061294 6.144670 -3.690418
v 3.220917 6.438090 -4.167195
v 2.154820 6.286540 -3.829448
v 3.590172 6.075950 -3.164146
v 2.524074 5.924397 -2.826398
v 3.220917 6.250547 -3.612355
v 2.154820 6.098997 -3.274606
v 3.590172 5.888406 -2.609304
v 2.524074 5.736854 -2.271558
v 2.805151 6.678063 -4.349714
v 1.751094 6.678063 -3.946518
v 3.115352 5.957127 -3.538771
v 2.061294 5.957127 -3.135576
v 2.781644 6.923939 -4.413043
v 1.715547 6.772388 -4.075295
v 3.150898 6.561797 -3.409993
v 2.084801 6.410245 -3.072247
v 3.244425 6.998846 -4.523514
v 2.190367 6.998846 -4.120318
v 3.554625 6.277907 -3.712571
v 2.500567 6.277907 -3.309376
v 2.781644 7.111483 -4.171169
v 1.715547 6.959930 -3.833422
v 3.150898 6.749341 -3.168120
v 2.084801 6.597789 -2.830373
v 1.221574 10.060482 2.670951
v 0.167516 10.060482 3.074147
v 1.531774 9.339544 3.481894
v 0.477716 9.339544 3.885090
v 1.198066 11.300529 2.429847
v 0.131969 11.148978 2.767595
v 1.567321 10.938388 3.432897
v 0.501223 10.786836 3.770644
v 0.782300 10.921416 2.908850
v -0.271758 10.921416 3.312046
v 1.092500 10.200479 3.719793
v 0.038443 10.200479 4.122989
v 0.782300 9.123171 -0.036557
v -0.271758 9.123171 0.366639
v 1.092500 8.402233 0.774386
v 0.038443 8.402233 1.177581
v 0.782300 8.647903 -0.837397
v -0.271758 8.647903 -0.434201
v 1.092500 7.926966 -0.026454
v 0.038443 7.926966 0.376742
v 1.221574 8.029881 -0.210358
v 0.167516 8.029881 0.192838
v 1.531774 7.308943 0.600585
v 0.477716 7.308943 1.003780
v 0.782300 8.591103 -0.036557
v -0.271758 8.591103 0.366639
v 1.092500 7.870165 0.774386
v 0.038443 7.870165 1.177581
v 0.782300 8.778646 -0.591399
v -0.271758 8.778646 -0.188203
v 1.092500 8.057709 0.219544
v 0.038443 8.057709 0.622740
v -0.293347 9.123171 -0.036557
v -1.347405 9.123171 0.366639
v 0.016853 8.402233 0.774386
v -1.037205 8.402233 1.177581
v 0.782300 9.310715 -0.591399
v -0.271758 9.310715 -0.188203
v 1.092500 8.589777 0.219544
v 0.038443 8.589777 0.622740
v 0.089740 8.070812 -1.620389
v -0.639330 8.120312 -0.760382
v 0.946841 7.999692 -0.889689
v 0.217771 8.049191 -0.029682
v -0.942134 8.017220 -0.407388
v -1.030209 8.449100 0.631519
v 0.181448 8.105067 -0.348653
v 0.093373 8.536944 0.690255
v 0.758793 8.836978 0.696828
v -0.307304 8.685426 1.034576
v 1.128047 8.474835 1.699877
v 0.061950 8.323283 2.037625
v -0.942134 8.017220 -1.204103
v -1.030209 8.449100 -0.165196
v 0.181448 8.105067 -1.145368
v 0.093373 8.536944 -0.106460
v -0.981318 8.070973 -0.737780
v -1.592408 8.070973 0.210994
v -0.251375 7.350036 -0.267636
v -0.862465 7.350036 0.681138
v 1.221574 8.105255 0.209290
v 0.167516 8.105255 0.612486
v 1.531774 7.384317 1.020233
v 0.477716 7.384317 1.423429
v -1.965483 11.470021 -1.489290
v -2.605787 11.572473 -0.565645
v -1.039919 11.439741 -0.844297
v -1.680222 11.542193 0.079348
v -1.369582 11.863883 -0.078494
v -1.866988 11.863883 0.934517
v -0.590218 11.142945 0.304187
v -1.087624 11.142945 1.317198
v -2.404757 11.393583 -2.671171
v -3.045060 11.496035 -1.747525
v -1.479192 11.363303 -2.026177
v -2.119495 11.465755 -1.102532
v -1.602571 9.867487 -0.992452
v -2.242874 9.969938 -0.068806
v -0.677006 9.837207 -0.347459
v -1.317309 9.939659 0.576186
v -1.602571 10.055030 -1.547293
v -2.242874 10.157481 -0.623648
v -0.677006 10.024750 -0.902300
v -1.317309 10.127202 0.021345
v -2.041845 10.597679 -1.797265
v -2.682148 10.700130 -0.873620
v -1.116280 10.567398 -1.152272
v -1.756583 10.669851 -0.228627
v -0.768539 12.991842 1.258415
v -0.434198 13.010090 2.336138
v 0.098669 12.317163 1.000805
v 0.433009 12.335411 2.078529
v -0.337802 11.163375 3.997054
v -0.003461 11.181623 5.074778
v 0.529406 10.488696 3.739445
v 0.863747 10.506945 4.817168
v -1.879862 11.542065 -1.128132
v -2.945960 11.390512 -0.790385
v -1.510608 11.179922 -0.125083
v -2.576705 11.028370 0.212665
v -1.879862 11.542065 -0.331417
v -2.945960 11.390512 0.006330
v -1.510608 11.179922 0.671632
v -2.576705 11.028370 1.009380
v -0.966509 9.630136 -1.100568
v -1.577599 9.630136 -0.151794
v -0.236565 8.909199 -0.630424
v -0.847656 8.909199 0.318351
v -0.914911 10.196486 -0.950213
v -1.968969 10.196486 -0.547017
v -0.604711 9.475548 -0.139270
v -1.658769 9.475548 0.263926
v -1.879862 11.598866 -1.928972
v -2.945960 11.447314 -1.591224
v -1.510608 11.236724 -0.925922
v -2.576705 11.085172 -0.588175
v -0.981318 8.258517 -1.292622
v -1.592408 8.258517 -0.343847
v -0.251375 7.537580 -0.822478
v -0.862465 7.537580 0.126297
v -0.316854 8.893779 -0.900726
v -1.382952 8.742228 -0.562978
v 0.052400 8.531637 0.102323
v -1.013698 8.380085 0.440071
v 0.145927 8.105255 -0.587425
v -0.908131 8.105255 -0.184229
v 0.456127 7.384317 0.223518
v -0.597931 7.384317 0.626714
v 0.130530 8.854405 0.288268
v -0.366876 8.854405 1.301279
v 0.909894 8.133468 0.670949
v 0.412488 8.133468 1.683960
v -0.308744 9.052529 -1.313261
v -0.806150 9.052529 -0.300249
v 0.470620 8.331592 -0.930580
v -0.026786 8.331592 0.082432
v -0.308744 8.995728 -0.512421
v -0.806150 8.995728 0.500590
v 0.470620 8.274790 -0.129741
v -0.026786 8.274790 0.883271
v 0.145927 7.917711 -0.032583
v -0.908131 7.917711 0.370613
v 0.456127 7.196774 0.778360
v -0.597931 7.196774 1.181555
v 0.122419 8.351130 0.145961
v -0.943678 8.199578 0.483709
v 0.491674 7.988988 1.149010
v -0.574424 7.837436 1.486758
v 0.145927 9.099428 -0.765200
v -0.908131 9.099428 -0.362004
v 0.456127 8.378490 0.045743
v -0.597931 8.378490 0.448939
v 0.145927 8.911884 -1.007073
v -0.908131 8.911884 -0.603877
v 0.456127 8.190947 -0.196130
v -0.597931 8.190947 0.207065
v 1.198066 8.351130 0.145961
v 0.131969 8.199578 0.483709
v 1.567321 7.988988 1.149010
v 0.501223 7.837436 1.486758
v -0.355101 9.314535 1.799652
v -0.020759 9.332784 2.877375
v 0.512107 8.639856 1.542042
v 0.846448 8.658105 2.619766
v 0.782300 8.778646 0.205316
v -0.271758 8.778646 0.608512
v 1.092500 8.057709 1.016259
v 0.038443 8.057709 1.419454
v 1.221574 9.099428 -0.765200
v 0.167516 9.099428 -0.362004
v 1.531774 8.378490 0.045743
v 0.477716 8.378490 0.448939
v 0.145927 8.449780 0.764132
v -0.908131 8.449780 1.167328
v 0.456127 7.728843 1.575074
v -0.597931 7.728843 1.978270
v 0.100613 7.391900 0.764132
v -0.953444 7.391900 1.167328
v 0.410814 6.670962 1.575075
v -0.643244 6.670962 1.978271
v -0.992083 7.749468 -0.594920
v -1.632386 7.851919 0.328725
v -0.066518 7.719187 0.050073
v -0.706821 7.821640 0.973718
v -0.990430 7.608982 0.843109
v -1.487836 7.608982 1.856121
v -0.211067 6.888044 1.225791
v -0.708473 6.888044 2.238802
v 0.077106 7.637775 0.700803
v -0.988991 7.486224 1.038550
v 0.446360 7.275634 1.703852
v -0.619737 7.124082 2.041600
v -1.414307 8.122092 -0.837397
v -2.468365 8.122092 -0.434201
v -1.104107 7.401155 -0.026454
v -2.158165 7.401155 0.376742
v -1.414307 8.654161 -0.837397
v -2.468365 8.654161 -0.434201
v -1.104107 7.933224 -0.026454
v -2.158165 7.933224 0.376742
v -0.362167 8.311167 -0.099887
v -1.428265 8.159615 0.237861
v 0.007087 7.949024 0.903163
v -1.059011 7.797472 1.240910
v 0.342471 8.428560 -0.750792
v 0.364341 9.007572 0.217646
v 0.561283 7.476152 -0.186306
v 0.583154 8.055164 0.782132
v -0.992083 7.749468 0.201795
v -1.632386 7.851919 1.125440
v -0.066518 7.719187 0.846788
v -0.706821 7.821640 1.770433
v -2.106867 7.545001 -0.823674
v -2.835938 7.594501 0.036332
v -1.249766 7.473881 -0.092974
v -1.978837 7.523379 0.767032
v -2.106867 7.732544 -1.378516
v -2.835938 7.782043 -0.518509
v -1.249766 7.661424 -0.647816
v -1.978837 7.710922 0.212191
v -2.541552 8.406096 -1.296596
v -3.152642 8.406096 -0.347821
v -1.811608 7.685159 -0.826452
v -2.422698 7.685159 0.122323
v -2.071946 7.762244 -0.337682
v -1.873446 7.762244 0.773265
v -1.217236 7.041306 -0.490398
v -1.018736 7.041306 0.620548
v 0.100613 8.918142 -1.007073
v -0.953444 8.918142 -0.603877
v 0.410814 8.197205 -0.196130
v -0.643244 8.197205 0.207065
v 0.100613 8.111512 -0.587425
v -0.953444 8.111512 -0.184229
v 0.410814 7.390574 0.223518
v -0.643244 7.390574 0.626714
v -0.975034 8.111512 0.209290
v -2.029091 8.111512 0.612486
v -0.664833 7.390574 1.020233
v -1.718891 7.390574 1.423429
v -0.772086 7.040958 1.625914
v -0.437745 7.059207 2.703636
v 0.095122 6.366280 1.368304
v 0.429463 6.384528 2.446028
v 0.768627 6.931392 1.150197
v -0.278680 6.791051 1.546501
v 1.188987 6.599738 2.143629
v 0.141680 6.459395 2.539932
v 0.770130 6.852585 1.240290
v 0.177830 6.983673 2.191921
v 1.727499 6.841278 1.837718
v 1.135198 6.972365 2.789349
v -0.975034 7.923969 0.764132
v -2.029091 7.923969 1.167328
v -0.664833 7.203032 1.575074
v -1.718891 7.203032 1.978270
v 0.100613 8.573617 -0.765200
v -0.953444 8.573617 -0.362004
v 0.410814 7.852679 0.045743
v -0.643244 7.852679 0.448939
v -0.338660 8.252835 0.205316
v -1.392718 8.252835 0.608512
v -0.028460 7.531898 1.016259
v -1.082518 7.531898 1.419454
v -1.476061 8.788724 1.799652
v -1.141720 8.806973 2.877375
v -0.608853 8.114045 1.542042
v -0.274512 8.132294 2.619766
v 0.077106 7.825318 0.145961
v -0.988991 7.673767 0.483709
v 0.446360 7.463177 1.149010
v -0.619737 7.311625 1.486758
v -0.975034 8.386073 -1.007073
v -2.029091 8.386073 -0.603877
v -0.664833 7.665135 -0.196130
v -1.718891 7.665135 0.207065
v -0.975034 8.573617 -0.765200
v -2.029091 8.573617 -0.362004
v -0.664833 7.852679 0.045743
v -1.718891 7.852679 0.448939
v -0.338660 8.654161 -0.837397
v -1.392718 8.654161 -0.434201
v -0.028460 7.933224 -0.026454
v -1.082518 7.933224 0.376742
v 0.100613 8.918142 -0.210358
v -0.953444 8.918142 0.192838
v 0.410814 8.197205 0.600585
v -0.643244 8.197205 1.003780
v 0.077106 7.637775 -0.095912
v -0.988991 7.486224 0.241835
v 0.446360 7.275634 0.907137
v -0.619737 7.124082 1.244885
v -1.429704 8.339174 -1.555134
v -1.927110 8.339174 -0.542123
v -0.650340 7.618237 -1.172453
v -1.147746 7.618237 -0.159442
v -0.990430 8.141050 0.046395
v -1.487836 8.141050 1.059406
v -0.211067 7.420113 0.429075
v -0.708473 7.420113 1.442087
v -1.429704 8.339174 -0.758419
v -1.927110 8.339174 0.254592
v -0.650340 7.618237 -0.375738
v -1.147746 7.618237 0.637273
v -0.975034 7.391900 0.764132
v -2.029091 7.391900 1.167328
v -0.664833 6.670962 1.575075
v -1.718891 6.670962 1.978271
v -0.975034 7.579444 0.209290
v -2.029091 7.579444 0.612486
v -0.664833 6.858506 1.020234
v -1.718891 6.858506 1.423429
v -0.992083 7.561924 0.756637
v -1.632386 7.664375 1.680282
v -0.066518 7.531644 1.401630
v -0.706821 7.634096 2.325275
v -0.992083 7.561924 -0.040079
v -1.632386 7.664375 0.883567
v -0.066518 7.531644 0.604914
v -0.706821 7.634096 1.528559
v -0.990430 8.328594 -0.508447
v -1.487836 8.328594 0.504564
v -0.211067 7.607656 -0.125767
v -0.708473 7.607656 0.887245
v 0.077106 8.169844 -0.095912
v -0.988991 8.018292 0.241835
v 0.446360 7.807702 0.907137
v -0.619737 7.656150 1.244885
v 0.077106 8.357387 -0.650754
v -0.988991 8.205835 -0.313006
v 0.446360 7.995245 0.352295
v -0.619737 7.843693 0.690043
v -0.998541 7.825318 0.145961
v -2.064638 7.673767 0.483709
v -0.629287 7.463177 1.149010
v -1.695384 7.311625 1.486758
v -0.975034 7.391900 -0.032583
v -2.029091 7.391900 0.370613
v -0.664833 6.670962 0.778361
v -1.718891 6.670962 1.181556
v -1.429704 8.469916 -0.512421
v -1.927110 8.469916 0.500590
v -0.650340 7.748979 -0.129741
v -1.147746 7.748979 0.883271
v -1.429704 8.526718 -1.313261
v -1.927110 8.526718 -0.300249
v -0.650340 7.805780 -0.930580
v -1.147746 7.805780 0.082432
v -0.990430 8.328594 0.288268
v -1.487836 8.328594 1.301279
v -0.211067 7.607656 0.670949
v -0.708473 7.607656 1.683960
v -0.975034 7.579444 -0.587425
v -2.029091 7.579444 -0.184229
v -0.664833 6.858506 0.223518
v -1.718891 6.858506 0.626714
v -1.437815 8.367968 -0.900726
v -2.503912 8.216416 -0.562978
v -1.068560 8.005826 0.102323
v -2.134658 7.854274 0.440071
v -2.102278 7.732706 -1.292622
v -2.713368 7.732706 -0.343847
v -1.372335 7.011768 -0.822478
v -1.983425 7.011768 0.126297
v 0.100613 7.579444 0.209290
v -0.953444 7.579444 0.612486
v 0.410814 6.858506 1.020234
v -0.643244 6.858506 1.423429
v -2.102278 7.545162 -0.737780
v -2.713368 7.545162 0.210994
v -1.372335 6.824224 -0.267635
v -1.983425 6.824224 0.681138
v -2.063094 7.491409 -1.204103
v -2.151170 7.923288 -0.165196
v -0.939512 7.579256 -1.145368
v -1.027587 8.011133 -0.106460
v -0.362167 8.311167 0.696828
v -1.428265 8.159615 1.034576
v 0.007087 7.949024 1.699877
v -1.059011 7.797472 2.037626
v -2.063094 7.491409 -0.407388
v -2.151170 7.923288 0.631519
v -0.939512 7.579256 -0.348653
v -1.027587 8.011133 0.690255
v -0.992083 8.093992 -0.040079
v -1.632386 8.196444 0.883567
v -0.066518 8.063712 0.604914
v -0.706821 8.166164 1.528559
v -0.990430 7.608982 0.046395
v -1.487836 7.608982 1.059406
v -0.211067 6.888044 0.429075
v -0.708473 6.888044 1.442088
v 0.100613 7.923969 0.764132
v -0.953444 7.923969 1.167328
v 0.410814 7.203032 1.575074
v -0.643244 7.203032 1.978270
v -0.998541 8.169844 0.700803
v -2.064638 8.018292 1.038550
v -0.629287 7.807702 1.703852
v -1.695384 7.656150 2.041600
v -0.990430 8.141050 0.843109
v -1.487836 8.141050 1.856121
v -0.211067 7.420113 1.225790
v -0.708473 7.420113 2.238802
v -1.026631 7.732706 -1.292622
v -1.637721 7.732706 -0.343847
v -0.296688 7.011768 -0.822478
v -0.907778 7.011768 0.126297
v -1.026631 7.545162 -1.534496
v -1.637721 7.545162 -0.585721
v -0.296688 6.824224 -1.064350
v -0.907778 6.824224 -0.115577
v -1.031220 7.545001 -0.823674
v -1.760290 7.594501 0.036332
v -0.174119 7.473881 -0.092974
v -0.903189 7.523379 0.767032
v -1.031220 7.732544 -1.378516
v -1.760290 7.782043 -0.518509
v -0.174119 7.661424 -0.647816
v -0.903189 7.710922 0.212191
v 2.853049 7.306155 -0.518391
v 1.885502 7.306155 0.062520
v 3.299974 6.585217 0.225996
v 2.332427 6.585217 0.806906
v 1.212975 7.338882 1.560958
v 0.245428 7.338882 2.141870
v 1.659901 6.617944 2.305344
v 0.692353 6.617944 2.886255
v -1.465905 8.406096 -1.296596
v -2.076995 8.406096 -0.347821
v -0.735962 7.685159 -0.826452
v -1.347052 7.685159 0.122323
v -0.990430 7.796526 -0.508447
v -1.487836 7.796526 0.504564
v -0.211067 7.075588 -0.125767
v -0.708473 7.075588 0.887245
v -1.031220 7.545001 -1.620389
v -1.760290 7.594501 -0.760382
v -0.174119 7.473881 -0.889689
v -0.903189 7.523379 -0.029682
v -0.338660 8.784904 -0.591399
v -1.392718 8.784904 -0.188203
v -0.028460 8.063966 0.219544
v -1.082518 8.063966 0.622740
v -1.414307 8.597360 -0.036557
v -2.468365 8.597360 0.366639
v -1.104107 7.876422 0.774386
v -2.158165 7.876422 1.177581
v -0.338660 8.252835 -0.591399
v -1.392718 8.252835 -0.188203
v -0.028460 7.531898 0.219544
v -1.082518 7.531898 0.622740
v -0.338660 8.065291 -0.036557
v -1.392718 8.065291 0.366639
v -0.028460 7.344354 0.774386
v -1.082518 7.344354 1.177581
v 0.100613 7.504069 -0.210358
v -0.953444 7.504069 0.192838
v 0.410814 6.783132 0.600585
v -0.643244 6.783132 1.003780
v -0.338660 8.122092 -0.837397
v -1.392718 8.122092 -0.434201
v -0.028460 7.401155 -0.026454
v -1.082518 7.401155 0.376742
v -0.338660 8.597360 -0.036557
v -1.392718 8.597360 0.366639
v -0.028460 7.876422 0.774386
v -1.082518 7.876422 1.177581
v -2.511220 8.435635 -1.138371
v -2.312720 8.435635 -0.027424
v -1.656510 7.714697 -1.291087
v -1.458009 7.714697 -0.180141
v 0.100613 7.579444 -0.587425
v -0.953444 7.579444 -0.184229
v 0.410814 6.858506 0.223518
v -0.643244 6.858506 0.626714
v -0.362167 8.367968 -0.900726
v -1.428265 8.216416 -0.562978
v 0.007087 8.005826 0.102323
v -1.059011 7.854274 0.440071
v 0.077106 7.825318 -0.650754
v -0.988991 7.673767 -0.313006
v 0.446360 7.463177 0.352295
v -0.619737 7.311625 0.690043
v -2.071946 7.949787 -0.892523
v -1.873446 7.949787 0.218423
v -1.217236 7.228849 -1.045240
v -1.018736 7.228849 0.065707
v -1.026631 7.545162 -0.737780
v -1.637721 7.545162 0.210994
v -0.296688 6.824224 -0.267635
v -0.907778 6.824224 0.681138
v -0.992083 8.093992 0.756637
v -1.632386 8.196444 1.680282
v -0.066518 8.063712 1.401630
v -0.706821 8.166164 2.325275
v -1.437815 8.311167 -0.099887
v -2.503912 8.159615 0.237861
v -1.068560 7.949024 0.903163
v -2.134658 7.797472 1.240910
v -1.414307 8.252835 -0.591399
v -2.468365 8.252835 -0.188203
v -1.104107 7.531898 0.219544
v -2.158165 7.531898 0.622740
v -1.414307 8.065291 -0.036557
v -2.468365 8.065291 0.366639
v -1.104107 7.344354 0.774386
v -2.158165 7.344354 1.177581
v -0.975034 8.386073 -0.210358
v -2.029091 8.386073 0.192838
v -0.664833 7.665135 0.600585
v -1.718891 7.665135 1.003780
v -0.975034 7.923969 -0.032583
v -2.029091 7.923969 0.370613
v -0.664833 7.203032 0.778360
v -1.718891 7.203032 1.181555
v -0.998541 8.357387 0.145961
v -2.064638 8.205835 0.483709
v -0.629287 7.995245 1.149010
v -1.695384 7.843693 1.486758
v -2.106867 7.545001 -1.620389
v -2.835938 7.594501 -0.760382
v -1.249766 7.473881 -0.889689
v -1.978837 7.523379 -0.029682
v -0.990430 8.790699 -0.686222
v -1.487836 8.790699 0.326789
v -0.211067 8.069761 -0.303541
v -0.708473 8.069761 0.709470
v -0.990430 8.603155 -0.928095
v -1.487836 8.603155 0.084916
v -0.211067 7.882217 -0.545414
v -0.708473 7.882217 0.467597
v 0.100613 7.923969 -0.032583
v -0.953444 7.923969 0.370613
v 0.410814 7.203032 0.778360
v -0.643244 7.203032 1.181555
v -0.998541 7.637775 0.700803
v -2.064638 7.486224 1.038550
v -0.629287 7.275634 1.703852
v -1.695384 7.124082 2.041600
v -0.338660 8.309636 -1.392238
v -1.392718 8.309636 -0.989042
v -0.028460 7.588698 -0.581295
v -1.082518 7.588698 -0.178100
v 0.077106 8.169844 0.700803
v -0.988991 8.018292 1.038550
v 0.446360 7.807702 1.703852
v -0.619737 7.656150 2.041600
v 0.077106 8.357387 0.145961
v -0.988991 8.205835 0.483709
v 0.446360 7.995245 1.149010
v -0.619737 7.843693 1.486758
v -0.998541 8.169844 -0.095912
v -2.064638 8.018292 0.241835
v -0.629287 7.807702 0.907137
v -1.695384 7.656150 1.244885
v -0.998541 8.357387 -0.650754
v -2.064638 8.205835 -0.313006
v -0.629287 7.995245 0.352295
v -1.695384 7.843693 0.690043
v -0.975034 8.111512 -0.587425
v -2.029091 8.111512 -0.184229
v -0.664833 7.390574 0.223518
v -1.718891 7.390574 0.626714
v -0.990430 7.796526 0.288268
v -1.487836 7.796526 1.301279
v -0.211067 7.075588 0.670949
v -0.708473 7.075588 1.683961
v 0.100613 8.386073 -1.007073
v -0.953444 8.386073 -0.603877
v 0.410814 7.665135 -0.196130
v -0.643244 7.665135 0.207065
v 1.097004 7.121800 1.745805
v -0.007142 7.121800 1.512420
v 0.917448 6.400863 2.595284
v -0.186697 6.400863 2.361898
v -1.429704 8.282373 0.042420
v -1.927110 8.282373 1.055432
v -0.650340 7.561436 0.425101
v -1.147746 7.561436 1.438112
v -2.071946 7.762244 -1.134396
v -1.873446 7.762244 -0.023450
v -1.217236 7.041306 -1.287112
v -1.018736 7.041306 -0.176167
v 2.153381 7.747995 -4.444538
v 1.655975 7.747995 -3.431525
v 2.932745 7.027059 -4.061856
v 2.435338 7.027059 -3.048846
v 2.153381 6.409297 -4.024889
v 1.655975 6.409298 -3.011878
v 2.932745 5.688360 -3.642209
v 2.435338 5.688360 -2.629196
v 0.597671 6.831163 -5.937521
v -0.131399 6.880663 -5.077514
v 1.454772 6.760044 -5.206820
v 0.725702 6.809543 -4.346814
v 1.729504 6.865608 -4.904555
v 0.675446 6.865608 -4.501359
v 2.039704 6.144670 -4.093614
v 0.985647 6.144670 -3.690418
v 0.597671 6.831163 -5.140805
v -0.131399 6.880663 -4.280798
v 1.454772 6.760044 -4.410106
v 0.725702 6.809543 -3.550098
v 1.714107 7.484015 -5.071576
v 1.216701 7.484015 -4.058565
v 2.493471 6.763078 -4.688894
v 1.996065 6.763078 -3.675884
v 2.805151 6.734865 -5.150554
v 1.751094 6.734865 -4.747357
v 3.115352 6.013927 -4.339611
v 2.061294 6.013927 -3.936415
v -0.308744 10.606429 2.987828
v -0.806150 10.606429 4.000840
v 0.470620 9.885491 3.370509
v -0.026786 9.885491 4.383520
v 1.714107 7.139490 -5.626418
v 1.216701 7.139490 -4.613406
v 2.493471 6.418551 -5.243736
v 1.996065 6.418551 -4.230724
v 1.677907 6.831326 -5.851626
v 1.066817 6.831326 -4.902852
v 2.407850 6.110387 -5.381483
v 1.796760 6.110387 -4.432707
v 1.712455 6.904889 -5.158049
v 1.072152 7.007339 -4.234404
v 2.638020 6.874609 -4.513055
v 1.997717 6.977060 -3.589411
v 0.641444 6.867102 -3.918117
v 0.553369 7.298980 -2.879209
v 1.765026 6.954947 -3.859380
v 1.676951 7.386826 -2.820472
v 1.705997 7.643550 -4.171169
v 0.639899 7.492000 -3.833422
v 2.075251 7.281408 -3.168120
v 1.009154 7.129857 -2.830373
v 1.705997 7.643550 -4.967885
v 0.639899 7.492000 -4.630136
v 2.075251 7.281408 -3.964835
v 1.009154 7.129857 -3.627089
v 1.705997 7.456007 -4.413043
v 0.639899 7.304456 -4.075295
v 2.075251 7.093865 -3.409993
v 1.009154 6.942314 -3.072247
v 2.145270 7.964333 -5.141685
v 1.079173 7.812780 -4.803937
v 2.514525 7.602190 -4.138637
v 1.448427 7.450638 -3.800889
v 1.729504 7.266932 -5.947268
v 0.675446 7.266932 -5.544073
v 2.039704 6.545996 -5.136325
v 0.985647 6.545996 -4.733130
v 2.168778 6.536740 -3.549026
v 1.114720 6.536741 -3.145828
v 2.478978 5.815804 -2.738082
v 1.424920 5.815804 -2.334887
v 2.153381 6.753822 -4.266762
v 1.655975 6.753822 -3.253752
v 2.932745 6.032886 -3.884081
v 2.435338 6.032886 -2.871070
v 2.153381 7.436198 -3.392137
v 1.655975 7.436198 -2.379126
v 2.932745 6.715261 -3.009455
v 2.435338 6.715261 -1.996444
v 0.632592 7.235950 -6.006370
v 0.831092 7.235950 -4.895422
v 1.487302 6.515013 -6.159085
v 1.685802 6.515013 -5.048140
v 2.151729 7.389140 -3.478610
v 1.511426 7.491591 -2.554965
v 3.077294 7.358860 -2.833616
v 2.436990 7.461312 -1.909972
v 2.168778 6.724285 -4.900581
v 1.114720 6.724285 -4.497386
v 2.478978 6.003346 -4.089640
v 1.424920 6.003346 -3.686444
v 2.145270 6.250547 -4.409070
v 1.079173 6.098997 -4.071321
v 2.514525 5.888405 -3.406019
v 1.448427 5.736854 -3.068273
v -0.344944 10.355066 1.165065
v -0.956034 10.355066 2.113840
v 0.384999 9.634129 1.635209
v -0.226091 9.634129 2.583984
v 0.094329 11.640315 -0.360293
v -0.516761 11.640315 0.588482
v 0.824272 10.919377 0.109852
v 0.213182 10.919377 1.058626
v -0.344944 10.542609 0.610223
v -0.956034 10.542609 1.558998
v 0.384999 9.821671 1.080367
v -0.226091 9.821671 2.029142
v -0.349533 10.354904 1.875886
v -1.078604 10.404404 2.735893
v 0.507567 10.283785 2.606586
v -0.221503 10.333282 3.466593
v -0.241521 11.490473 -0.763114
v -0.970591 11.539972 0.096892
v 0.615580 11.419353 -0.032414
v -0.113490 11.468851 0.827592
v 0.089740 10.675687 0.108655
v -0.639330 10.725186 0.968662
v 0.946841 10.604567 0.839355
v 0.217771 10.654065 1.699362
v -0.349533 10.542448 1.321044
v -1.078604 10.591948 2.181051
v 0.507567 10.471328 2.051744
v -0.221503 10.520826 2.911751
v -0.349533 10.542448 0.524329
v -1.078604 10.591948 1.384336
v 0.507567 10.471328 1.255029
v -0.221503 10.520826 2.115036
v -0.349533 10.354904 1.079171
v -1.078604 10.404404 1.939178
v 0.507567 10.283785 1.809871
v -0.221503 10.333282 2.669878
v 1.221574 10.825902 -4.523515
v 0.167516 10.825902 -4.120319
v 1.531774 10.104964 -3.712572
v 0.477716 10.104964 -3.309377
v 0.043333 10.885301 -4.814652
v -1.010725 10.885301 -4.411455
v 0.353533 10.164363 -4.003709
v -0.700525 10.164363 -3.600513
v 2.145270 7.964333 -5.938400
v 1.079173 7.812780 -5.600653
v 2.514525 7.602190 -4.935350
v 1.448427 7.450638 -4.597603
v 2.145270 7.776789 -5.383560
v 1.079173 7.625237 -5.045812
v 2.514525 7.414648 -4.380509
v 1.448427 7.263094 -4.042762
v 2.168778 6.724285 -4.103867
v 1.114720 6.724285 -3.700670
v 2.478978 6.003346 -3.292923
v 1.424920 6.003347 -2.889729
v 1.634475 6.684832 1.651083
v 1.042175 6.815919 2.602715
v 2.591843 6.673524 2.248512
v 1.999543 6.804613 3.200143
v 3.274790 6.910511 -0.896789
v 2.838603 6.910511 0.144050
v 4.075562 6.189573 -0.561206
v 3.639375 6.189573 0.479633
v 4.933685 6.620711 0.640947
v 3.829540 6.620711 0.407561
v 4.754130 5.899774 1.490425
v 3.649985 5.899774 1.257040
v 3.732885 6.884692 0.943376
v 2.628740 6.884692 0.709992
v 3.553329 6.163754 1.792855
v 2.449184 6.163754 1.559470
v 2.855409 6.241905 -1.078673
v 1.827238 6.241905 -0.613412
v 3.213359 5.520967 -0.287645
v 2.185187 5.520967 0.177615
v 3.732885 5.358451 1.121152
v 2.628740 5.358451 0.887767
v 3.553329 4.637513 1.970629
v 2.449184 4.637513 1.737245
v 1.729504 7.454476 -5.705396
v 0.675446 7.454476 -5.302198
v 2.039704 6.733540 -4.894453
v 0.985647 6.733540 -4.491257
v 3.974009 6.493268 -0.895458
v 3.006462 6.493268 -0.314546
v 4.420935 5.772330 -0.151071
v 3.453387 5.772330 0.429840
v 2.835275 6.388124 -1.055305
v 2.242975 6.519212 -0.103673
v 3.792643 6.376817 -0.457875
v 3.200343 6.507904 0.493756
v 3.274549 5.845476 -0.805332
v 2.682249 5.976563 0.146299
v 4.231917 5.834168 -0.207903
v 3.639617 5.965255 0.743727
v 2.686070 5.636752 1.345271
v 1.718523 5.636752 1.926182
v 3.132995 4.915814 2.089657
v 2.165448 4.915814 2.670568
v -0.316854 10.447680 3.400362
v -1.382952 10.296127 3.738110
v 0.052400 10.085537 4.403412
v -1.013698 9.933985 4.741159
v 0.782300 10.258605 1.069423
v -0.271758 10.258605 1.472619
v 1.092500 9.537667 1.880366
v 0.038443 9.537667 2.283561
v 1.198066 9.545535 -3.612355
v 0.131969 9.393984 -3.274607
v 1.567321 9.183393 -2.609305
v 0.501223 9.031841 -2.271558
v 1.198066 9.733079 -4.167196
v 0.131969 9.581528 -3.829449
v 1.567321 9.370937 -3.164147
v 0.501223 9.219385 -2.826399
v 1.198066 10.539708 -4.586844
v 0.131969 10.388157 -4.249097
v 1.567321 10.177567 -3.583795
v 0.501223 10.026014 -3.246048
v 0.782300 10.160595 -4.107841
v -0.271758 10.160595 -3.704645
v 1.092500 9.439657 -3.296898
v 0.038443 9.439657 -2.893703
v 1.221574 10.481377 -5.078357
v 0.167516 10.481377 -4.675160
v 1.531774 9.760439 -4.267414
v 0.477716 9.760439 -3.864218
v 0.758793 10.635222 2.845521
v -0.307304 10.483671 3.183269
v 1.128047 10.273081 3.848571
v 0.061950 10.121529 4.186318
v 0.471358 7.265359 -3.222816
v -0.026048 7.265360 -2.209805
v 1.250721 6.544423 -2.840137
v 0.753315 6.544423 -1.827124
v 3.273805 7.364882 -3.408846
v 2.776399 7.364882 -2.395835
v 4.053168 6.643945 -3.026165
v 3.555762 6.643945 -2.013155
v -0.981318 10.675848 0.991264
v -1.592408 10.675848 1.940039
v -0.251375 9.954910 1.461408
v -0.862465 9.954910 2.410183
v -1.420591 10.355066 1.165065
v -2.031681 10.355066 2.113840
v -0.690648 9.634129 1.635209
v -1.301738 9.634129 2.583984
v -1.032314 10.353232 -5.611366
v -2.086372 10.353232 -5.208170
v -0.722114 9.632295 -4.800424
v -1.776172 9.632295 -4.397228
v 0.145927 9.299661 -3.549026
v -0.908131 9.299661 -3.145829
v 0.456127 8.578723 -2.738083
v -0.597931 8.578723 -2.334887
v -0.308744 10.467205 -4.019176
v -0.806150 10.467205 -3.006164
v 0.470620 9.746267 -3.636495
v -0.026786 9.746267 -2.623483
v 0.782300 10.250123 -3.301438
v -0.271758 10.250123 -2.898242
v 1.092500 9.529185 -2.490495
v 0.038443 9.529185 -2.087300
v -1.689953 11.175100 -5.844267
v -1.491453 11.175100 -4.733321
v -0.835243 10.454163 -5.996985
v -0.636743 10.454163 -4.886038
v 1.198066 10.759978 -2.737729
v 0.131969 10.608427 -2.399981
v 1.567321 10.397837 -1.734679
v 0.501223 10.246284 -1.396932
v -1.467197 10.937702 -3.548279
v -1.555272 11.369580 -2.509371
v -0.343615 11.025547 -3.489543
v -0.431690 11.457426 -2.450635
v -1.390260 10.563665 -2.805697
v -1.191759 10.563665 -1.694751
v -0.535549 9.842728 -2.958414
v -0.337049 9.842728 -1.847467
v -0.316854 10.308455 -2.809926
v -1.382952 10.156903 -2.472178
v 0.052400 9.946313 -1.806876
v -1.013698 9.794761 -1.469129
v -1.681101 9.722549 -5.181358
v -1.769176 10.154428 -4.142450
v -0.557519 9.810395 -5.122623
v -0.645594 10.242273 -4.083715
v -1.681101 9.910093 -5.736199
v -1.769176 10.341971 -4.697292
v -0.557519 9.997939 -5.677464
v -0.645594 10.429817 -4.638556
v -2.120375 10.452742 -5.986171
v -2.208450 10.884621 -4.947264
v -0.996792 10.540587 -5.927436
v -1.084868 10.972466 -4.888528
v -0.308744 10.467205 -3.222461
v -0.806150 10.467205 -2.209449
v 0.470620 9.746267 -2.839780
v -0.026786 9.746267 -1.826768
v -1.689953 10.180927 -5.666493
v -1.491453 10.180927 -4.555546
v -0.835243 9.459990 -5.819209
v -0.636743 9.459990 -4.708261
v 1.198066 10.572435 -2.182887
v 0.131969 10.420884 -1.845140
v 1.567321 10.210294 -1.179838
v 0.501223 10.058742 -0.842090
v 1.221574 10.514104 -2.674400
v 0.167516 10.514104 -2.271204
v 1.531774 9.793166 -1.863457
v 0.477716 9.793166 -1.460261
v 0.782300 10.594648 -2.746597
v -0.271758 10.594648 -2.343401
v 1.092500 9.873711 -1.935654
v 0.038443 9.873711 -1.532458
v -0.293347 10.062580 -2.746597
v -1.347405 10.062580 -2.343401
v 0.016853 9.341642 -1.935654
v -1.037205 9.341642 -1.532458
v -0.293347 11.833676 -3.721087
v -1.347405 11.833676 -3.317890
v 0.016853 11.112739 -2.910144
v -1.037205 11.112739 -2.506948
v -0.285429 10.499995 -4.028290
v -0.896519 10.499995 -3.079515
v 0.444515 9.779058 -3.558146
v -0.166576 9.779058 -2.609371
v -0.293347 10.062580 -3.543312
v -1.347405 10.062580 -3.140116
v 0.016853 9.341642 -2.732369
v -1.037205 9.341642 -2.329173
v -0.950986 11.661371 -3.776213
v -0.752486 11.661371 -2.665266
v -0.096276 10.940434 -3.928930
v 0.102225 10.940434 -2.817983
v -0.942134 9.619440 -3.668145
v -1.030209 10.051319 -2.629237
v 0.181448 9.707286 -3.609409
v 0.093373 10.139164 -2.570501
v -1.024396 10.790648 -6.096345
v -1.635486 10.790648 -5.147570
v -0.294453 10.069711 -5.626201
v -0.905543 10.069711 -4.677426
v -2.159559 10.539221 -3.912606
v -2.770649 10.539221 -2.963831
v -1.429615 9.818283 -3.442462
v -2.040706 9.818283 -2.493687
v -0.608437 11.366364 -4.905350
v -1.105843 11.366364 -3.892339
v 0.170926 10.645426 -4.522669
v -0.326480 10.645426 -3.509658
v -1.049363 11.055325 -5.618862
v -1.689666 11.157776 -4.695216
v -0.123798 11.025044 -4.973868
v -0.764101 11.127497 -4.050223
v 0.128878 10.001753 -4.353236
v -0.511425 10.104204 -3.429591
v 1.054443 9.971473 -3.708243
v 0.414139 10.073925 -2.784598
v 0.128878 10.189296 -4.908077
v -0.511425 10.291747 -3.984432
v 1.054443 10.159016 -4.263084
v 0.414139 10.261468 -3.339439
v -1.049363 11.055325 -4.822146
v -1.689666 11.157776 -3.898501
v -0.123798 11.025044 -4.177154
v -0.764101 11.127497 -3.253509
v 0.130530 10.236354 -4.024890
v -0.366876 10.236354 -3.011878
v 0.909894 9.515416 -3.642209
v 0.412488 9.515416 -2.629197
v -1.047711 11.289927 -5.290515
v -1.545117 11.289927 -4.277504
v -0.268347 10.568989 -4.907834
v -0.765753 10.568989 -3.894823
v 0.130530 10.048811 -4.266763
v -0.366876 10.048811 -3.253752
v 0.909894 9.327873 -3.884082
v 0.412488 9.327873 -2.871071
v -0.593040 10.342652 -4.564680
v -1.647098 10.342652 -4.161484
v -0.282840 9.621715 -3.753737
v -1.336898 9.621715 -3.350541
v -1.055821 11.131176 -5.674696
v -2.121919 10.979625 -5.336947
v -0.686567 10.769034 -4.671646
v -1.752665 10.617482 -4.333899
v -0.593040 11.149282 -4.984328
v -1.647098 11.149282 -4.581132
v -0.282840 10.428344 -4.173385
v -1.336898 10.428344 -3.770189
v -0.593040 11.336825 -4.742454
v -1.647098 11.336825 -4.339258
v -0.282840 10.615888 -3.931511
v -1.336898 10.615888 -3.528316
v -2.129227 10.666775 -5.115625
v -1.930727 10.666775 -4.004679
v -1.274517 9.945837 -5.268342
v -1.076016 9.945837 -4.157395
v -1.720285 9.776302 -4.715035
v -2.331375 9.776302 -3.766260
v -0.990342 9.055365 -4.244891
v -1.601432 9.055365 -3.296116
v -0.673308 11.560576 -3.627997
v -1.313611 11.663028 -2.704352
v 0.252257 11.530296 -2.983004
v -0.388047 11.632749 -2.059359
v 0.128878 10.222023 -2.504120
v -0.511425 10.324474 -1.580475
v 1.054443 10.191743 -1.859127
v 0.414139 10.294195 -0.935482
v -1.720285 9.963845 -6.066592
v -2.331375 9.963845 -5.117817
v -0.990342 9.242908 -5.596447
v -1.601432 9.242908 -4.647673
v -2.164148 10.506331 -6.402457
v -2.893218 10.555832 -5.542451
v -1.307047 10.435213 -5.671758
v -2.036117 10.484711 -4.811750
v -0.673308 11.373034 -3.073156
v -1.313611 11.475485 -2.149510
v 0.252257 11.342753 -2.428163
v -0.388047 11.445206 -1.504518
v -0.293347 12.365746 -3.721087
v -1.347405 12.365746 -3.317890
v 0.016853 11.644808 -2.910144
v -1.037205 11.644808 -2.506948
v -0.308744 11.776197 -3.222461
v -0.806150 11.776197 -2.209449
v 0.470620 11.055260 -2.839780
v -0.026786 11.055260 -1.826768
v -0.316854 10.840523 -3.606641
v -1.382952 10.688972 -3.268893
v 0.052400 10.478381 -2.603591
v -1.013698 10.326829 -2.265844
v -0.649227 9.776141 -5.597644
v -1.378297 9.825641 -4.737637
v 0.207874 9.705021 -4.866944
v -0.521196 9.754519 -4.006937
v -1.681101 9.722549 -4.384643
v -1.769176 10.154428 -3.345735
v -0.557519 9.810395 -4.325907
v -0.645594 10.242273 -3.286999
v -1.681101 9.910093 -4.939484
v -1.769176 10.341971 -3.900577
v -0.557519 9.997939 -4.880749
v -0.645594 10.429817 -3.841841
v -1.467197 11.321271 0.509614
v -1.555272 11.753149 1.548521
v -0.343615 11.409117 0.568349
v -0.431690 11.840995 1.607257
v -1.381407 10.301313 1.495457
v -1.469483 10.733192 2.534364
v -0.257825 10.389159 1.554192
v -0.345901 10.821037 2.593101
v -1.381407 10.488857 1.737330
v -1.469483 10.920735 2.776238
v -0.257825 10.576703 1.796066
v -0.345901 11.008581 2.834974
v -1.467197 11.133728 0.267741
v -1.555272 11.565606 1.306648
v -0.343615 11.221573 0.326476
v -0.431690 11.653452 1.365384
v -1.467197 11.321271 -0.287101
v -1.555272 11.753149 0.751806
v -0.343615 11.409117 -0.228365
v -0.431690 11.840995 0.810543
v -1.390260 11.536615 1.010322
v -1.191759 11.536615 2.121269
v -0.535549 10.815678 0.857605
v -0.337049 10.815678 1.968552
v -0.950986 11.857397 0.039806
v -0.752486 11.857397 1.150753
v -0.096276 11.136459 -0.112910
v 0.102225 11.136459 0.998036
v -0.981318 9.681675 1.169039
v -1.592408 9.681675 2.117814
v -0.251375 8.960737 1.639183
v -0.862465 8.960737 2.587958
v 0.122419 9.961831 2.052780
v -0.943678 9.810280 2.390528
v 0.491674 9.599689 3.055830
v -0.574424 9.448137 3.393577
v 0.122419 9.774288 2.607622
v -0.943678 9.622737 2.945370
v 0.491674 9.412147 3.610671
v -0.574424 9.260594 3.948419
v -0.316854 10.692023 1.247967
v -1.382952 10.540472 1.585715
v 0.052400 10.329882 2.251016
v -1.013698 10.178329 2.588764
v -0.316854 10.692023 0.451252
v -1.382952 10.540472 0.789000
v 0.052400 10.329882 1.454301
v -1.013698 10.178329 1.792049
v -1.032314 11.792967 -3.771938
v -2.086372 11.792967 -3.368742
v -0.722114 11.072029 -2.960995
v -1.776172 11.072029 -2.557800
v 0.043333 10.885301 -5.611366
v -1.010725 10.885301 -5.208170
v 0.353533 10.164363 -4.800424
v -0.700525 10.164363 -4.397228
v -1.047711 11.102383 -5.532389
v -1.545117 11.102383 -4.519377
v -0.268347 10.381445 -5.149708
v -0.765753 10.381445 -4.136697
v 0.128878 10.189296 -4.111363
v -0.511425 10.291747 -3.187717
v 1.054443 10.159016 -3.466369
v 0.414139 10.261468 -2.542724
v -0.234035 11.604287 -4.850074
v -0.874338 11.706738 -3.926429
v 0.691530 11.574007 -4.205082
v 0.051227 11.676459 -3.281436
v -0.308744 11.686668 -4.028863
v -0.806150 11.686668 -3.015852
v 0.470620 10.965731 -3.646183
v -0.026786 10.965731 -2.633171
v 0.130530 11.230527 -4.999379
v -0.366876 11.230527 -3.986368
v 0.909894 10.509589 -4.616698
v 0.412488 10.509589 -3.603687
v -0.308744 12.246784 0.970625
v -0.806150 12.246784 1.983637
v 0.470620 11.525846 1.353306
v -0.026786 11.525846 2.366318
v 0.130530 10.739668 2.572154
v -0.366876 10.739668 3.585165
v 0.909894 10.018730 2.954835
v 0.412488 10.018730 3.967846
v -0.308744 10.418886 2.745954
v -0.806150 10.418886 3.758966
v 0.470620 9.697948 3.128635
v -0.026786 9.697948 4.141647
v -0.950986 9.898757 1.569138
v -0.752486 9.898757 2.680084
v -0.096276 9.177819 1.416421
v 0.102225 9.177819 2.527368
v -1.390260 11.593416 0.209483
v -1.191759 11.593416 1.320429
v -0.535549 10.872478 0.056766
v -0.337049 10.872478 1.167713
v -0.950986 10.086300 1.811011
v -0.752486 10.086300 2.921958
v -0.096276 9.365362 1.658294
v 0.102225 9.365362 2.769241
v -2.056135 11.430284 -3.688390
v -2.785205 11.479783 -2.828383
v -1.199034 11.359163 -2.957690
v -1.928104 11.408662 -2.097683
v -0.234035 11.292489 -3.000959
v -0.874338 11.394940 -2.077313
v 0.691530 11.262209 -2.355966
v 0.051227 11.364661 -1.432321
v -0.493187 11.560186 -3.043595
v -1.559284 11.408636 -2.705848
v -0.123933 11.198046 -2.040546
v -1.190030 11.046494 -1.702799
v 0.582460 11.560186 -3.043595
v -0.483637 11.408636 -2.705848
v 0.951715 11.198046 -2.040546
v -0.114383 11.046494 -1.702799
v 1.021734 12.011711 -2.971398
v -0.044363 11.860160 -2.633651
v 1.390988 11.649570 -1.968349
v 0.324891 11.498017 -1.630601
v -0.308744 11.776197 -4.019176
v -0.806150 11.776197 -3.006164
v 0.470620 11.055260 -3.636495
v -0.026786 11.055260 -2.623483
v 0.782300 11.559115 -3.301438
v -0.271758 11.559115 -2.898242
v 1.092500 10.838178 -2.490495
v 0.038443 10.838178 -2.087300
v -1.799520 12.123848 -4.099184
v -2.528589 12.173347 -3.239177
v -0.942419 12.052728 -3.368483
v -1.671489 12.102226 -2.508477
v 0.782300 10.193322 -2.500599
v -0.271758 10.193322 -2.097403
v 1.092500 9.472384 -1.689656
v 0.038443 9.472384 -1.286460
v 1.198066 10.572435 -2.979602
v 0.131969 10.420884 -2.641855
v 1.567321 10.210294 -1.976553
v 0.501223 10.058742 -1.638805
v 1.250493 10.198064 -2.896894
v 1.272362 10.777075 -1.928456
v 1.469305 9.245656 -2.332408
v 1.491175 9.824667 -1.363970
v -1.424485 11.410287 -5.769926
v -1.512561 11.842165 -4.731019
v -0.300903 11.498133 -5.711191
v -0.388978 11.930011 -4.672283
v 0.145927 10.326561 -2.119558
v -0.908131 10.326561 -1.716362
v 0.456127 9.605623 -1.308615
v -0.597931 9.605623 -0.905419
v -0.308744 10.279661 -3.464334
v -0.806150 10.279661 -2.451323
v 0.470620 9.558723 -3.081653
v -0.026786 9.558723 -2.068642
v -1.047711 10.570314 -4.735673
v -1.545117 10.570314 -3.722662
v -0.268347 9.849377 -4.352993
v -0.765753 9.849377 -3.339981
v 0.130530 9.516742 -3.470048
v -0.366876 9.516742 -2.457037
v 0.909894 8.795804 -3.087367
v 0.412488 8.795804 -2.074356
v -1.047711 10.570314 -5.532389
v -1.545117 10.570314 -4.519377
v -0.268347 9.849377 -5.149708
v -0.765753 9.849377 -4.136697
v -0.344944 10.346583 -4.002511
v -0.956034 10.346583 -3.053736
v 0.384999 9.625646 -3.532367
v -0.226091 9.625646 -2.583592
v -1.088501 10.449532 -5.601618
v -1.817571 10.499031 -4.741612
v -0.231400 10.378411 -4.870918
v -0.960470 10.427910 -4.010911
v -1.210581 11.631266 -3.959072
v -1.298657 12.063145 -2.920165
v -0.086999 11.719112 -3.900337
v -0.175074 12.150990 -2.861429
v -1.088501 10.637075 -5.359745
v -1.817571 10.686575 -4.499738
v -0.231400 10.565955 -4.629045
v -0.960470 10.615454 -3.769038
v -1.720285 11.767670 -3.840409
v -2.331375 11.767670 -2.891634
v -0.990342 11.046732 -3.370265
v -1.601432 11.046732 -2.421490
v -1.420591 10.346583 -3.205796
v -2.031681 10.346583 -2.257021
v -0.690648 9.625646 -2.735652
v -1.301738 9.625646 -1.786877
v -1.088501 10.449532 -4.804903
v -1.817571 10.499031 -3.944896
v -0.231400 10.378411 -4.074203
v -0.960470 10.427910 -3.214196
v -1.083911 10.637237 -6.070566
v -1.695001 10.637237 -5.121791
v -0.353968 9.916299 -5.600421
v -0.965058 9.916299 -4.651647
v -0.593040 10.804757 -5.539169
v -1.647098 10.804757 -5.135973
v -0.282840 10.083819 -4.728227
v -1.336898 10.083819 -4.325031
v -0.593040 11.149282 -4.187613
v -1.647098 11.149282 -3.784416
v -0.282840 10.428344 -3.376670
v -1.336898 10.428344 -2.973474
v 0.758793 10.750995 -4.413044
v -0.307304 10.599443 -4.075296
v 1.128047 10.388853 -3.409994
v 0.061950 10.237301 -3.072247
v 0.019826 11.261918 -4.631983
v -1.046272 11.110367 -4.294235
v 0.389080 10.899776 -3.628933
v -0.677017 10.748224 -3.291186
v 0.758793 10.938539 -4.171170
v -0.307304 10.786987 -3.833423
v 1.128047 10.576397 -3.168121
v 0.061950 10.424845 -2.830373
v 1.198066 11.071776 -5.383560
v 0.131969 10.920225 -5.045812
v 1.567321 10.709635 -4.380510
v 0.501223 10.558083 -4.042763
v -0.981318 10.479822 -3.621470
v -1.592408 10.479822 -2.672695
v -0.251375 9.758884 -3.151326
v -0.862465 9.758884 -2.202551
v 0.758793 10.750995 -3.616329
v -0.307304 10.599443 -3.278581
v 1.128047 10.388853 -2.613279
v 0.061950 10.237301 -2.275532
v 0.782300 10.692663 -4.904556
v -0.271758 10.692663 -4.501360
v 1.092500 9.971725 -4.093614
v 0.038443 9.971725 -3.690418
v -0.344944 10.159040 -3.447670
v -0.956034 10.159040 -2.498895
v 0.384999 9.438103 -2.977526
v -0.226091 9.438103 -2.028751
v 0.782300 10.505120 -4.349715
v -0.271758 10.505120 -3.946519
v 1.092500 9.784183 -3.538772
v 0.038443 9.784183 -3.135576
v 0.782300 10.029853 -5.150554
v -0.271758 10.029853 -4.747358
v 1.092500 9.308915 -4.339611
v 0.038443 9.308915 -3.936416
v 0.094329 10.479822 -3.621470
v -0.516761 10.479822 -2.672695
v 0.824272 9.758884 -3.151326
v 0.213182 9.758884 -2.202551
v 0.094329 9.681675 1.965754
v -0.516761 9.681675 2.914529
v 0.824272 8.960737 2.435898
v 0.213182 8.960737 3.384673
v 0.128878 10.230505 3.460171
v -0.511425 10.332956 4.383816
v 1.054443 10.200225 4.105164
v 0.414139 10.302677 5.028809
v 1.221574 10.293834 -4.523515
v 0.167516 10.293834 -4.120319
v 1.531774 9.572896 -3.712572
v 0.477716 9.572896 -3.309377
v 0.782300 9.973051 -4.349715
v -0.271758 9.973051 -3.946519
v 1.092500 9.252113 -3.538772
v 0.038443 9.252113 -3.135576
v 0.782300 10.160595 -4.904556
v -0.271758 10.160595 -4.501360
v 1.092500 9.439657 -4.093614
v 0.038443 9.439657 -3.690418
v 0.758793 10.218926 -3.616329
v -0.307304 10.067375 -3.278581
v 1.128047 9.856785 -2.613279
v 0.061950 9.705233 -2.275532
v 1.198066 10.539708 -5.383560
v 0.131969 10.388157 -5.045812
v 1.567321 10.177567 -4.380510
v 0.501223 10.026014 -4.042763
v 0.758793 10.406469 -4.171170
v -0.307304 10.254918 -3.833423
v 1.128047 10.044328 -3.168121
v 0.061950 9.892776 -2.830373
v 1.463432 10.336321 -5.063949
v 1.485301 10.915332 -4.095511
v 1.682244 9.383913 -4.499463
v 1.704114 9.962925 -3.531025
v 0.758793 10.218926 -4.413044
v -0.307304 10.067375 -4.075296
v 1.128047 9.856785 -3.409994
v 0.061950 9.705233 -3.072247
v -0.593040 10.617213 -4.187613
v -1.647098 10.617213 -3.784416
v -0.282840 9.896276 -3.376670
v -1.336898 9.896276 -2.973474
v -1.032314 10.296432 -4.013812
v -2.086372 10.296432 -3.610616
v -0.722114 9.575494 -3.202869
v -1.776172 9.575494 -2.799674
v 2.145270 7.432263 -5.141685
v 1.079173 7.280713 -4.803937
v 2.514525 7.070123 -4.138637
v 1.448427 6.918571 -3.800889
v 1.705997 6.923939 -4.413043
v 0.639899 6.772388 -4.075295
v 2.075251 6.561797 -3.409993
v 1.009154 6.410245 -3.072247
v 3.293611 6.219385 0.562336
v 2.189466 6.219385 0.328952
v 3.114056 5.498447 1.411814
v 2.009911 5.498447 1.178430
v 3.732885 6.352624 0.943377
v 2.628740 6.352624 0.709993
v 3.553329 5.631686 1.792855
v 2.449184 5.631686 1.559470
v 1.215336 6.217831 1.801516
v 0.187164 6.217831 2.266776
v 1.573285 5.496893 2.592542
v 0.545114 5.496893 3.057802
v 1.215336 6.405375 1.246673
v 0.187164 6.405375 1.711935
v 1.573285 5.684437 2.037700
v 0.545114 5.684437 2.502962
v 2.217964 6.308913 2.165453
v 1.113819 6.308913 1.932070
v 2.038409 5.587976 3.014931
v 0.934264 5.587976 2.781548
v 2.617039 6.782287 2.529382
v 1.530065 6.618281 2.274050
v 2.500710 6.130476 3.443281
v 1.413736 5.966472 3.187948
v 3.529661 7.424476 -0.929153
v 2.482354 7.284135 -0.532849
v 3.950021 7.092822 0.064279
v 2.902714 6.952479 0.460583
v 3.732885 6.078063 1.363024
v 2.628740 6.078063 1.129641
v 3.553329 5.357125 2.212502
v 2.449184 5.357125 1.979119
v 4.933685 6.808255 0.086104
v 3.829540 6.808255 -0.147280
v 4.754130 6.087317 0.935583
v 3.649985 6.087317 0.702199
v 3.974009 7.025337 -0.895458
v 3.006462 7.025337 -0.314547
v 4.420935 6.304399 -0.151071
v 3.453387 6.304399 0.429840
v 5.332760 7.469172 0.691906
v 4.245786 7.305166 0.436574
v 5.216431 6.817360 1.605806
v 4.129457 6.653356 1.350474
v 0.122419 10.956004 1.875006
v -0.943678 10.804453 2.212753
v 0.491674 10.593863 2.878055
v -0.574424 10.442310 3.215803
v -0.316854 10.447680 2.603648
v -1.382952 10.296127 2.941395
v 0.052400 10.085537 3.606697
v -1.013698 9.933985 3.944445
v -0.316854 10.635222 2.048806
v -1.382952 10.483671 2.386554
v 0.052400 10.273081 3.051856
v -1.013698 10.121529 3.389603
v -0.316854 10.635222 2.845521
v -1.382952 10.483671 3.183269
v 0.052400 10.273081 3.848571
v -1.013698 10.121529 4.186318
v -0.053913 11.488125 1.399463
v -1.120010 11.336574 1.737210
v 0.315341 11.125983 2.402512
v -0.750756 10.974431 2.740260
v -0.053913 11.675669 0.844621
v -1.120010 11.524117 1.182369
v 0.315341 11.313526 1.847671
v -0.750756 11.161974 2.185418
v -0.293347 10.389348 2.112135
v -1.347405 10.389348 2.515331
v 0.016853 9.668410 2.923078
v -1.037205 9.668410 3.326274
v 0.145927 10.710130 1.141620
v -0.908131 10.710130 1.544816
v 0.456127 9.989192 1.952563
v -0.597931 9.989192 2.355758
v -0.293347 10.201804 2.666977
v -1.347405 10.201804 3.070173
v 0.016853 9.480866 3.477920
v -1.037205 9.480866 3.881115
v 0.145927 10.522586 2.493176
v -0.908131 10.522586 2.896372
v 0.456127 9.801648 3.304119
v -0.597931 9.801648 3.707315
v 1.673318 6.831163 -5.140805
v 0.944248 6.880663 -4.280798
v 2.530419 6.760044 -4.410106
v 1.801349 6.809543 -3.550098
v 1.729504 6.865608 -4.107841
v 0.675446 6.865608 -3.704644
v 2.039704 6.144670 -3.296897
v 0.985647 6.144670 -2.893703
v -0.308744 10.950954 2.745954
v -0.806150 10.950954 3.758966
v 0.470620 10.230017 3.128635
v -0.026786 10.230017 4.141647
v 0.130530 11.271736 2.572154
v -0.366876 11.271736 3.585165
v 0.909894 10.550798 2.954835
v 0.412488 10.550798 3.967846
v -0.308744 12.778852 0.970625
v -0.806150 12.778852 1.983637
v 0.470620 12.057915 1.353306
v -0.026786 12.057915 2.366318
v -0.308744 11.007755 1.945115
v -0.806150 11.007755 2.958127
v 0.470620 10.286818 2.327796
v -0.026786 10.286818 3.340808
v -0.310396 10.903896 2.659482
v -0.950699 11.006348 3.583127
v 0.615169 10.873616 3.304475
v -0.025134 10.976068 4.228120
v -0.310396 11.091440 2.104640
v -0.950699 11.193892 3.028285
v 0.615169 11.061159 2.749633
v -0.025134 11.163612 3.673278
v -0.234035 11.833040 1.369902
v -0.874338 11.935492 2.293548
v 0.691530 11.802759 2.014895
v 0.051227 11.905212 2.938540
v -0.234035 12.020583 0.815061
v -0.874338 12.123034 1.738706
v 0.691530 11.990303 1.460054
v 0.051227 12.092755 2.383699
v -0.308744 11.138498 2.191113
v -0.806150 11.138498 3.204124
v 0.470620 10.417561 2.573794
v -0.026786 10.417561 3.586805
v 0.130530 12.236204 1.220597
v -0.366876 12.236204 2.233609
v 0.909894 11.515266 1.603278
v 0.412488 11.515266 2.616290
v 0.145927 10.060482 2.670951
v -0.908131 10.060482 3.074147
v 0.456127 9.339544 3.481894
v -0.597931 9.339544 3.885090
v 0.122419 10.493899 2.849495
v -0.943678 10.342348 3.187243
v 0.491674 10.131758 3.852545
v -0.574424 9.980206 4.190292
v 3.974009 7.299898 -0.518391
v 3.006462 7.299898 0.062520
v 4.420935 6.578960 0.225996
v 3.453387 6.578960 0.806906
v 3.274549 6.839649 -0.983108
v 2.682249 6.970736 -0.031477
v 4.231917 6.828341 -0.385678
v 3.639617 6.959428 0.565952
v 2.835275 6.331324 -0.254464
v 2.242975 6.462411 0.697167
v 3.792643 6.320016 0.342964
v 3.200343 6.451103 1.294595
v 2.835275 6.518867 -0.809307
v 2.242975 6.649954 0.142324
v 3.792643 6.507559 -0.211878
v 3.200343 6.638646 0.739753
v 2.835275 6.518867 -0.012591
v 2.242975 6.649954 0.939040
v 3.792643 6.507559 0.584837
v 3.200343 6.638646 1.536468
v 2.835516 6.458986 -0.968984
v 2.399329 6.458986 0.071854
v 3.636289 5.738049 -0.633402
v 3.200102 5.738049 0.407436
v 1.632972 6.763638 1.560991
v 0.585665 6.623298 1.957294
v 2.053332 6.431985 2.554421
v 1.006025 6.291642 2.950726
v 3.931056 6.372647 -0.832675
v 2.902885 6.372647 -0.367414
v 4.289006 5.651710 -0.041647
v 3.260835 5.651710 0.423613
v 1.654609 6.726156 1.072873
v 0.626437 6.726156 1.538134
v 2.012559 6.005219 1.863901
v 0.984387 6.005219 2.329160
v 1.891091 7.378397 1.240289
v 1.298790 7.509484 2.191921
v 2.848459 7.367089 1.837717
v 2.256159 7.498176 2.789349
v 3.974009 6.305725 -0.340615
v 3.006462 6.305725 0.240296
v 4.420935 5.584787 0.403770
v 3.453387 5.584787 0.984681
v 2.773209 5.575533 1.733019
v 1.805662 5.575533 2.313931
v 3.220134 4.854595 2.477405
v 2.252587 4.854595 3.058316
v 2.333935 7.332625 1.560958
v 1.366388 7.332625 2.141870
v 2.780861 6.611687 2.305344
v 1.813314 6.611687 2.886255
v 3.692686 6.287455 1.099915
v 2.605712 6.123450 0.844582
v 3.576357 5.635643 2.013813
v 2.489383 5.471639 1.758482
v 5.332760 6.474998 0.869681
v 4.245786 6.310993 0.614350
v 5.216431 5.823187 1.783581
v 4.129457 5.659183 1.528249
v 4.893486 7.017647 0.619709
v 3.806512 6.853642 0.364377
v 4.777157 6.365836 1.533609
v 3.690183 6.201831 1.278277
v 5.372958 6.078063 0.890919
v 4.268813 6.078063 0.657534
v 5.193403 5.357125 1.740396
v 4.089258 5.357125 1.507012
v 2.177765 7.017647 0.295100
v 1.090791 6.853642 0.039768
v 2.061436 6.365836 1.209000
v 0.974462 6.201831 0.953669
v 2.755198 6.939817 0.131057
v 1.752788 6.826258 0.636906
v 3.273008 6.666296 1.095765
v 2.270599 6.552736 1.601614
v 3.273046 6.730912 -0.518359
v 2.225739 6.590571 -0.122055
v 3.693406 6.399258 0.475074
v 2.646099 6.258915 0.871378
v 2.855409 6.372647 -0.035960
v 1.827238 6.372647 0.429301
v 3.213359 5.651710 0.755068
v 2.185187 5.651710 1.220327
v 3.294683 6.693429 -1.006475
v 2.266511 6.693429 -0.541215
v 3.652633 5.972491 -0.215448
v 2.624461 5.972491 0.249812
v 3.273046 5.924282 -0.895425
v 2.225739 5.783941 -0.499121
v 3.693406 5.592628 0.098007
v 2.646099 5.452286 0.494311
v 3.531164 7.345670 -0.839060
v 2.938864 7.476757 0.112571
v 4.488533 7.334362 -0.241632
v 3.896233 7.465449 0.709999
v 1.889587 7.457203 1.150196
v 0.842280 7.316862 1.546500
v 2.309947 7.125549 2.143629
v 1.262640 6.985207 2.539932
v -0.316854 10.495997 -3.364768
v -1.382952 10.344446 -3.027020
v 0.052400 10.133856 -2.361718
v -1.013698 9.982304 -2.023971
v -2.129227 11.663969 -3.266510
v -1.930727 11.663969 -2.155563
v -1.274517 10.943031 -3.419226
v -1.076016 10.943031 -2.308280
v -1.381407 10.105288 -2.320562
v -1.469483 10.537167 -1.281655
v -0.257825 10.193133 -2.261827
v -0.345901 10.625011 -1.222919
v -0.310396 10.363346 -2.508094
v -0.950699 10.465797 -1.584449
v 0.615169 10.333065 -1.863101
v -0.025134 10.435518 -0.939456
v 0.130530 10.236354 -4.821604
v -0.366876 10.236354 -3.808593
v 0.909894 9.515416 -4.438923
v 0.412488 9.515416 -3.425912
v -1.032314 10.885301 -4.814652
v -2.086372 10.885301 -4.411455
v -0.722114 10.164363 -4.003709
v -1.776172 10.164363 -3.600513
v 0.145927 9.831729 -3.549026
v -0.908131 9.831729 -3.145829
v 0.456127 9.110791 -2.738083
v -0.597931 9.110791 -2.334887
v -1.032314 10.885301 -5.611366
v -2.086372 10.885301 -5.208170
v -0.722114 10.164363 -4.800424
v -1.776172 10.164363 -4.397228
v -1.032314 11.072845 -5.369493
v -2.086372 11.072845 -4.966297
v -0.722114 10.351907 -4.558550
v -1.776172 10.351907 -4.155355
v 0.145927 10.019272 -4.103867
v -0.908131 10.019272 -3.700671
v 0.456127 9.298334 -3.292924
v -0.597931 9.298334 -2.889729
v -0.616548 11.582700 -4.805784
v -1.682645 11.431149 -4.468036
v -0.247294 11.220558 -3.802734
v -1.313391 11.069006 -3.464987
v -1.055821 11.074375 -4.077141
v -2.121919 10.922823 -3.739394
v -0.686567 10.712233 -3.074092
v -1.752665 10.560680 -2.736344
v -1.232154 11.981582 -4.068937
v -2.298251 11.830030 -3.731190
v -0.862900 11.619440 -3.065888
v -1.928997 11.467888 -2.728140
v -0.985907 9.681514 1.083145
v -1.714977 9.731013 1.943152
v -0.128806 9.610394 1.813845
v -0.857876 9.659892 2.673852
v -0.985907 9.869057 0.528303
v -1.714977 9.918556 1.388310
v -0.128806 9.797936 1.259003
v -0.857876 9.847435 2.119010
v -1.390260 10.572147 1.565164
v -1.191759 10.572147 2.676110
v -0.535549 9.851210 1.412447
v -0.337049 9.851210 2.523394
v -1.032314 11.016043 -4.568654
v -2.086372 11.016043 -4.165458
v -0.722114 10.295105 -3.757711
v -1.776172 10.295105 -3.354515
v -0.293347 11.559115 -3.301438
v -1.347405 11.559115 -2.898242
v 0.016853 10.838178 -2.490495
v -1.037205 10.838178 -2.087300
v -0.053913 12.011711 -2.971398
v -1.120010 11.860160 -2.633651
v 0.315341 11.649570 -1.968349
v -0.750756 11.498017 -1.630601
v -0.493187 11.690929 -2.797597
v -1.559284 11.539378 -2.459850
v -0.123933 11.328788 -1.794548
v -1.190030 11.177236 -1.456801
v -0.053913 11.824167 -3.213272
v -1.120010 11.672617 -2.875524
v 0.315341 11.462027 -2.210222
v -0.750756 11.310474 -1.872475
v -0.053913 12.011711 -3.768113
v -1.120010 11.860160 -3.430366
v 0.315341 11.649570 -2.765064
v -0.750756 11.498017 -2.427316
v 0.145927 10.514104 -2.674400
v -0.908131 10.514104 -2.271204
v 0.456127 9.793166 -1.863457
v -0.597931 9.793166 -1.460261
v 0.145927 10.326561 -2.916273
v -0.908131 10.326561 -2.513077
v 0.456127 9.605623 -2.105330
v -0.597931 9.605623 -1.702135
v -0.316854 10.308455 -3.606641
v -1.382952 10.156903 -3.268893
v 0.052400 9.946313 -2.603591
v -1.013698 9.794761 -2.265844
v -2.129227 10.854319 -5.670467
v -1.930727 10.854319 -4.559520
v -1.274517 10.133381 -5.823184
v -1.076016 10.133381 -4.712237
v -2.120375 10.395941 -4.388617
v -2.208450 10.827820 -3.349710
v -0.996792 10.483787 -4.329881
v -1.084868 10.915665 -3.290973
v -0.308744 10.410403 -2.421621
v -0.806150 10.410403 -1.408610
v 0.470620 9.689466 -2.038940
v -0.026786 9.689466 -1.025929
v 0.130530 10.731186 -3.392137
v -0.366876 10.731186 -2.379126
v 0.909894 10.010248 -3.009456
v 0.412488 10.010248 -1.996445
v -1.049363 10.653998 -4.576149
v -1.689666 10.756450 -3.652504
v -0.123798 10.623718 -3.931156
v -0.764101 10.726171 -3.007511
v -0.310396 10.330619 -4.115336
v -0.950699 10.433070 -3.191691
v 0.615169 10.300339 -3.470343
v -0.025134 10.402791 -2.546698
v -0.610089 10.787237 -4.991823
v -1.250393 10.889688 -4.068178
v 0.315475 10.756957 -4.346830
v -0.324828 10.859409 -3.423185
v -0.610089 10.974780 -5.546664
v -1.250393 11.077231 -4.623019
v 0.315475 10.944500 -4.901671
v -0.324828 11.046952 -3.978026
v -0.310396 10.143075 -3.560495
v -0.950699 10.245526 -2.636850
v 0.615169 10.112795 -2.915502
v -0.025134 10.215247 -1.991857
v -1.047711 10.701056 -4.489676
v -1.545117 10.701056 -3.476664
v -0.268347 9.980119 -4.106995
v -0.765753 9.980119 -3.093983
v -0.608437 11.021838 -5.460191
v -1.105843 11.021838 -4.447180
v 0.170926 10.300900 -5.077510
v -0.326480 10.300900 -4.064499
v 0.145927 9.299661 -4.345739
v -0.908131 9.299661 -3.942544
v 0.456127 8.578723 -3.534797
v -0.597931 8.578723 -3.131602
v 0.122419 9.545535 -3.612355
v -0.943678 9.393984 -3.274607
v 0.491674 9.183393 -2.609305
v -0.574424 9.031841 -2.271558
v -0.616548 11.395157 -5.047657
v -1.682645 11.243606 -4.709909
v -0.247294 11.033015 -4.044607
v -1.313391 10.881463 -3.706860
v -0.616548 11.582700 -5.602499
v -1.682645 11.431149 -5.264751
v -0.247294 11.220558 -4.599449
v -1.313391 11.069006 -4.261702
v -0.316854 10.750995 -3.616329
v -1.382952 10.599443 -3.278581
v 0.052400 10.388853 -2.613279
v -1.013698 10.237301 -2.275532
v -0.593040 10.804757 -4.742454
v -1.647098 10.804757 -4.339258
v -0.282840 10.083819 -3.931511
v -1.336898 10.083819 -3.528316
v -0.593040 10.617213 -4.984328
v -1.647098 10.617213 -4.581132
v -0.282840 9.896276 -4.173385
v -1.336898 9.896276 -3.770189
v -1.055821 10.599108 -5.674696
v -2.121919 10.447556 -5.336947
v -0.686567 10.236966 -4.671646
v -1.752665 10.085414 -4.333899
v 0.128878 10.496584 -2.923768
v -0.511425 10.599035 -2.000123
v 1.054443 10.466304 -2.278775
v 0.414139 10.568756 -1.355130
v -1.055821 10.786651 -5.432822
v -2.121919 10.635099 -5.095074
v -0.686567 10.424509 -4.429772
v -1.752665 10.272957 -4.092025
v -0.616548 9.868916 -4.073167
v -1.682645 9.717364 -3.735419
v -0.247294 9.506774 -3.070118
v -1.313391 9.355222 -2.732370
v -0.616548 10.056458 -4.628009
v -1.682645 9.904907 -4.290261
v -0.247294 9.694317 -3.624959
v -1.313391 9.542765 -3.287212
v -1.720285 9.776302 -5.511750
v -2.331375 9.776302 -4.562975
v -0.990342 9.055365 -5.041605
v -1.601432 9.055365 -4.092831
v -0.234035 11.292489 -3.797674
v -0.874338 11.394940 -2.874028
v 0.691530 11.262209 -3.152681
v 0.051227 11.364661 -2.229036
v -0.308744 12.050758 -3.642109
v -0.806150 12.050758 -2.629098
v 0.470620 11.329821 -3.259428
v -0.026786 11.329821 -2.246417
v -0.308744 10.279661 -2.667619
v -0.806150 10.279661 -1.654608
v 0.470620 9.558723 -2.284938
v -0.026786 9.558723 -1.271927
v -1.689953 9.993383 -4.314936
v -1.491453 9.993383 -3.203990
v -0.835243 9.272446 -4.467652
v -0.636743 9.272446 -3.356706
v -2.129227 10.723576 -5.916465
v -1.930727 10.723576 -4.805518
v -1.274517 10.002638 -6.069181
v -1.076016 10.002638 -4.958235
v -1.681101 10.904266 -5.913974
v -1.769176 11.336144 -4.875067
v -0.557519 10.992111 -5.855239
v -0.645594 11.423990 -4.816331
v -1.689953 10.180927 -4.869778
v -1.491453 10.180927 -3.758831
v -0.835243 9.459990 -5.022493
v -0.636743 9.459990 -3.911548
v -0.349533 10.158879 -3.533563
v -1.078604 10.208379 -2.673557
v 0.507567 10.087759 -2.802863
v -0.221503 10.137258 -1.942856
v -1.689953 9.993383 -5.111651
v -1.491453 9.993383 -4.000704
v -0.835243 9.272446 -5.264368
v -0.636743 9.272446 -4.153420
v -0.308744 10.190133 -4.270737
v -0.806150 10.190133 -3.257726
v 0.470620 9.469195 -3.888056
v -0.026786 9.469195 -2.875045
v 0.130530 10.510915 -4.444538
v -0.366876 10.510915 -3.431526
v 0.909894 9.789977 -4.061857
v 0.412488 9.789977 -3.048846
v -1.047711 11.564487 -5.710163
v -1.545117 11.564487 -4.697152
v -0.268347 10.843550 -5.327482
v -0.765753 10.843550 -4.314471
v -0.349533 10.346422 -3.291690
v -1.078604 10.395922 -2.431683
v 0.507567 10.275302 -2.560990
v -0.221503 10.324800 -1.700983
v -0.349533 10.158879 -2.736848
v -1.078604 10.208379 -1.876842
v 0.507567 10.087759 -2.006148
v -0.221503 10.137258 -1.146142
v 0.122419 9.733079 -4.167196
v -0.943678 9.581528 -3.829449
v 0.491674 9.370937 -3.164147
v -0.574424 9.219385 -2.826399
v -0.616548 10.863089 -4.250942
v -1.682645 10.711537 -3.913194
v -0.247294 10.500947 -3.247892
v -1.313391 10.349395 -2.910145
v -1.032314 10.483974 -3.771938
v -2.086372 10.483974 -3.368742
v -0.722114 9.763037 -2.960995
v -1.776172 9.763037 -2.557800
v -2.018901 10.402012 -2.608231
v -2.335996 9.743647 -1.748224
v -1.634118 11.171182 -1.877531
v -1.951213 10.512817 -1.017524
v 1.393058 10.667666 -1.135673
v 1.414927 11.246677 -0.167235
v 1.611870 9.715260 -0.571187
v 1.633740 10.294271 0.397251
v 0.122419 10.572435 -2.182887
v -0.943678 10.420884 -1.845140
v 0.491674 10.210294 -1.179838
v -0.574424 10.058742 -0.842090
v -2.129227 11.533227 -3.512507
v -1.930727 11.533227 -2.401561
v -1.274517 10.812289 -3.665224
v -1.076016 10.812289 -2.554277
v -1.906471 10.804463 -3.132605
v -1.994546 11.236341 -2.093697
v -0.782888 10.892309 -3.073869
v -0.870964 11.324187 -2.034961
v -1.381407 10.105288 -3.117277
v -1.469483 10.537167 -2.078370
v -0.257825 10.193133 -3.058542
v -0.345901 10.625011 -2.019634
v -2.206164 11.448626 -3.767218
v -2.294240 11.880504 -2.728310
v -1.082582 11.536470 -3.708482
v -1.170657 11.968349 -2.669574
v 0.130530 10.543642 -2.040580
v -0.366876 10.543642 -1.027569
v 0.909894 9.822704 -1.657900
v 0.412488 9.822704 -0.644888
v 0.094329 9.452922 -5.050938
v -0.516761 9.452922 -4.102161
v 0.824272 8.731984 -4.580792
v 0.213182 8.731984 -3.632019
v 3.800541 6.438856 3.454418
v 2.746483 6.438856 3.857615
v 4.110741 5.717917 4.265361
v 3.056683 5.717917 4.668558
v -1.060552 11.996493 0.177648
v -1.789622 12.045993 1.037655
v -0.203451 11.925373 0.908348
v -0.932521 11.974872 1.768355
v -0.285429 11.660488 0.029603
v -0.896519 11.660488 0.978378
v 0.444515 10.939550 0.499747
v -0.166576 10.939550 1.448522
v 0.015095 11.996493 0.177648
v -0.713975 12.045993 1.037655
v 0.872196 11.925373 0.908348
v 0.143126 11.974872 1.768355
v 1.182014 11.490667 0.590198
v 1.203883 12.069679 1.558636
v 1.400826 10.538260 1.154684
v 1.422696 11.117271 2.123122
v 2.112591 6.157773 -5.136831
v 1.383521 6.207273 -4.276824
v 2.969692 6.086653 -4.406131
v 2.240622 6.136151 -3.546124
v 2.434263 7.685441 -6.393051
v 1.936857 7.685441 -5.380040
v 3.213627 6.964503 -6.010369
v 2.716221 6.964503 -4.997358
v 1.994990 8.228089 -6.643023
v 1.497584 8.228090 -5.630011
v 2.774353 7.507153 -6.260342
v 2.276947 7.507153 -5.247331
v 1.221574 9.715957 2.116110
v 0.167516 9.715957 2.519306
v 1.531774 8.995019 2.927052
v 0.477716 8.995019 3.330248
v 0.782300 10.446149 0.514581
v -0.271758 10.446149 0.917777
v 1.092500 9.725211 1.325524
v 0.038443 9.725211 1.728720
v 0.758793 10.504480 1.802808
v -0.307304 10.352929 2.140556
v 1.128047 10.142339 2.805858
v 0.061950 9.990787 3.143605
v 1.198066 9.961831 2.052780
v 0.131969 9.810280 2.390528
v 1.567321 9.599689 3.055830
v 0.501223 9.448137 3.393577
v 0.122419 11.300529 2.429847
v -0.943678 11.148978 2.767595
v 0.491674 10.938388 3.432897
v -0.574424 10.786836 3.770644
v 0.128878 10.230505 2.663456
v -0.511425 10.332956 3.587101
v 1.054443 10.200225 3.308449
v 0.414139 10.302677 4.232094
v 0.130530 9.745495 2.749929
v -0.366876 9.745495 3.762940
v 0.909894 9.024557 3.132610
v 0.412488 9.024557 4.145621
v 1.221574 10.060482 3.467666
v 0.167516 10.060482 3.870862
v 1.531774 9.339544 4.278610
v 0.477716 9.339544 4.681806
v 0.122419 10.306356 3.404337
v -0.943678 10.154805 3.742085
v 0.491674 9.944215 4.407387
v -0.574424 9.792663 4.745134
v -0.255097 10.214521 -1.001170
v -0.056597 10.214521 0.109776
v 0.599614 9.493584 -1.153887
v 0.798114 9.493584 -0.042940
v 0.350945 10.727633 -2.206082
v -0.260145 10.727633 -1.257308
v 1.080888 10.006695 -1.735938
v 0.469798 10.006695 -0.787164
v 0.130530 10.277563 3.546644
v -0.366876 10.277563 4.559655
v 0.909894 9.556625 3.929325
v 0.412488 9.556625 4.942336
v 0.348874 7.566770 1.625913
v 0.683215 7.585018 2.703636
v 1.216082 6.892091 1.368304
v 1.550423 6.910339 2.446028
v 3.033034 6.726096 3.159192
v 2.535628 6.726096 4.172204
v 3.812397 6.005157 3.541873
v 3.314991 6.005157 4.554883
v 2.905412 6.776105 2.759162
v 2.408006 6.776105 3.772175
v 3.684776 6.055167 3.141844
v 3.187370 6.055168 4.154856
v 2.466139 7.318754 2.509192
v 1.968733 7.318755 3.522202
v 3.245502 6.597816 2.891871
v 2.748096 6.597816 3.904884
v 2.466139 6.786685 2.509192
v 1.968733 6.786685 3.522202
v 3.245502 6.065747 2.891871
v 2.748096 6.065747 3.904884
v 0.145927 8.637323 0.209290
v -0.908131 8.637323 0.612486
v 0.456127 7.916386 1.020233
v -0.597931 7.916386 1.423429
v 1.221574 8.637323 -0.587425
v 0.167516 8.637323 -0.184229
v 1.531774 7.916386 0.223518
v 0.477716 7.916386 0.626714
v 1.198066 8.883198 -0.650754
v 0.131969 8.731647 -0.313006
v 1.567321 8.521056 0.352295
v 0.501223 8.369504 0.690043
v 1.198066 8.695655 -0.095912
v 0.131969 8.544104 0.241835
v 1.567321 8.333513 0.907137
v 0.501223 8.181961 1.244885
v 0.130530 8.854405 -0.508447
v -0.366876 8.854405 0.504564
v 0.909894 8.133468 -0.125767
v 0.412488 8.133468 0.887245
v 0.128878 8.087735 -0.040079
v -0.511425 8.190187 0.883567
v 1.054443 8.057455 0.604914
v 0.414139 8.159907 1.528559
v 0.128878 8.087735 0.756637
v -0.511425 8.190187 1.680282
v 1.054443 8.057455 1.401630
v 0.414139 8.159907 2.325275
v 0.145927 8.105255 0.209290
v -0.908131 8.105255 0.612486
v 0.456127 7.384317 1.020233
v -0.597931 7.384317 1.423429
v 0.145927 7.917711 0.764132
v -0.908131 7.917711 1.167328
v 0.456127 7.196774 1.575074
v -0.597931 7.196774 1.978270
v -0.308744 8.864985 -0.758419
v -0.806150 8.864985 0.254592
v 0.470620 8.144048 -0.375738
v -0.026786 8.144048 0.637273
v 0.130530 8.666862 0.046395
v -0.366876 8.666862 1.059406
v 0.909894 7.945924 0.429075
v 0.412488 7.945924 1.442087
v -0.308744 8.864985 -1.555134
v -0.806150 8.864985 -0.542123
v 0.470620 8.144048 -1.172453
v -0.026786 8.144048 -0.159442
v 1.198066 8.163587 -0.095912
v 0.131969 8.012035 0.241835
v 1.567321 7.801445 0.907137
v 0.501223 7.649893 1.244885
v 1.221574 9.443954 -0.210358
v 0.167516 9.443954 0.192838
v 1.531774 8.723016 0.600585
v 0.477716 8.723016 1.003780
v 0.782300 9.179973 -0.837397
v -0.271758 9.179973 -0.434201
v 1.092500 8.459035 -0.026454
v 0.038443 8.459035 0.376742
v 1.221574 9.443954 -1.007073
v 0.167516 9.443954 -0.603877
v 1.531774 8.723016 -0.196130
v 0.477716 8.723016 0.207065
v -0.950986 8.288055 -0.337682
v -0.752486 8.288055 0.773265
v -0.096276 7.567118 -0.490398
v 0.102225 7.567118 0.620548
v -1.420591 8.931908 -1.296596
v -2.031681 8.931908 -0.347821
v -0.690648 8.210970 -0.826452
v -1.301738 8.210970 0.122323
v -0.985907 8.258355 -1.378516
v -1.714977 8.307855 -0.518509
v -0.128806 8.187235 -0.647816
v -0.857876 8.236733 0.212191
v -0.985907 8.070812 -0.823674
v -1.714977 8.120312 0.036332
v -0.128806 7.999692 -0.092974
v -0.857876 8.049191 0.767032
v 0.128878 8.275279 0.201795
v -0.511425 8.377730 1.125440
v 1.054443 8.244998 0.846788
v 0.414139 8.347451 1.770433
v 1.198066 9.157760 -1.070402
v 0.131969 9.006208 -0.732655
v 1.567321 8.795618 -0.067353
v 0.501223 8.644066 0.270395
v 1.463432 8.954371 -0.750792
v 1.485301 9.533383 0.217646
v 1.682244 8.001964 -0.186306
v 1.704114 8.580976 0.782132
v 0.758793 8.836978 -0.099887
v -0.307304 8.685426 0.237861
v 1.128047 8.474835 0.903163
v 0.061950 8.323283 1.240910
v -0.293347 9.179973 -0.837397
v -1.347405 9.179973 -0.434201
v 0.016853 8.459035 -0.026454
v -1.037205 8.459035 0.376742
v 3.817839 7.017647 -0.177006
v 2.730865 6.853642 -0.432337
v 3.701510 6.365836 0.736894
v 2.614536 6.201831 0.481562
v 2.333935 7.025337 -0.423351
v 1.366388 7.025337 0.157559
v 2.780861 6.304399 0.321035
v 1.813314 6.304399 0.901946
v 2.755198 7.471886 0.131057
v 1.752788 7.358326 0.636906
v 3.273008 7.198364 1.095765
v 2.270599 7.084805 1.601614
v 3.858038 7.614884 -0.333544
v 2.753893 7.614884 -0.566928
v 3.678483 6.893947 0.515934
v 2.574337 6.893947 0.282550
v 2.315924 7.020362 0.058860
v 1.313515 6.906802 0.564709
v 2.833735 6.746840 1.023569
v 1.831325 6.633281 1.529418
v 3.955998 7.207905 -0.171374
v 2.953588 7.094345 0.334476
v 4.473808 6.934383 0.793335
v 3.471399 6.820824 1.299186
v 3.955998 7.020362 -0.413247
v 2.953588 6.906802 0.092603
v 4.473808 6.746840 0.551461
v 3.471399 6.633281 1.057312
v 2.773209 5.763076 1.178177
v 1.805662 5.763076 1.759089
v 3.220134 5.042138 1.922564
v 2.252587 5.042138 2.503474
v 2.773209 5.575533 0.936305
v 1.805662 5.575533 1.517215
v 3.220134 4.854595 1.680690
v 2.252587 4.854595 2.261600
v 1.193698 6.499658 0.933951
v 0.146391 6.359317 1.330256
v 1.614058 6.168004 1.927384
v 0.566751 6.027661 2.323688
v 1.195443 6.434913 1.911204
v 0.759255 6.434913 2.952042
v 1.996215 5.713975 2.246786
v 1.560028 5.713975 3.287623
v 3.274549 6.652105 -0.428266
v 2.682249 6.783193 0.523365
v 4.231917 6.640798 0.169162
v 3.639617 6.771885 1.120794
v -1.602571 9.522962 -1.547293
v -2.242874 9.625413 -0.623648
v -0.677006 9.492682 -0.902300
v -1.317309 9.595134 0.021345
v -1.659175 12.264410 0.433919
v -1.747250 12.696289 1.472827
v -0.535593 12.352256 0.492655
v -0.623668 12.784134 1.531563
v -2.041845 10.253154 -2.352107
v -2.682148 10.355605 -1.428461
v -1.116280 10.222874 -1.707114
v -1.756583 10.325326 -0.783469
v -0.278538 10.739135 -1.200185
v -1.332595 10.739135 -0.796989
v 0.031663 10.018197 -0.389242
v -1.022395 10.018197 0.013954
v -0.278538 11.646801 -0.157472
v -1.332595 11.646801 0.245724
v 0.031663 10.925863 0.653471
v -1.022395 10.925863 1.056667
v -0.188609 10.336553 -0.648615
v -1.254706 10.185001 -0.310868
v 0.180645 9.974411 0.354434
v -0.885452 9.822859 0.692182
v -0.308744 12.878537 0.970625
v -0.806150 12.878537 1.983637
v 0.470620 12.157599 1.353306
v -0.026786 12.157599 2.366318
v 0.130530 12.899977 1.220597
v -0.366876 12.899977 2.233609
v 0.909894 12.179039 1.603278
v 0.412488 12.179039 2.616290
v -0.930308 10.688129 -1.290883
v -1.427714 10.688129 -0.277872
v -0.150944 9.967192 -0.908202
v -0.648350 9.967192 0.104809
v -0.308744 12.910557 0.970625
v -0.806150 12.910557 1.983637
v 0.470620 12.189619 1.353306
v -0.026786 12.189619 2.366318
v -1.369582 10.554891 -0.078494
v -1.866988 10.554891 0.934517
v -0.590218 9.833953 0.304187
v -1.087624 9.833953 1.317198
v -0.914911 10.471047 -0.573146
v -1.968969 10.471047 -0.169950
v -0.604711 9.750110 0.237797
v -1.658769 9.750110 0.640992
v 0.094329 9.869219 1.410912
v -0.516761 9.869219 2.359687
v 0.824272 9.148281 1.881056
v 0.213182 9.148281 2.829831
v -0.344944 10.599411 -0.190616
v -0.956034 10.599411 0.758159
v 0.384999 9.878473 0.279528
v -0.226091 9.878473 1.228303
v 0.094329 9.681675 1.169039
v -0.516761 9.681675 2.117814
v 0.824272 8.960737 1.639183
v 0.213182 8.960737 2.587958
v 0.089740 9.681514 1.879860
v -0.639330 9.731013 2.739867
v 0.946841 9.610394 2.610560
v 0.217771 9.659892 3.470567
v 0.089740 9.869057 1.325018
v -0.639330 9.918556 2.185025
v 0.946841 9.797936 2.055718
v 0.217771 9.847435 2.915725
v 0.089740 10.675687 0.905370
v -0.639330 10.725186 1.765377
v 0.946841 10.604567 1.636070
v 0.217771 10.654065 2.496077
v -0.344944 10.542609 1.406938
v -0.956034 10.542609 2.355713
v 0.384999 9.821671 1.877082
v -0.226091 9.821671 2.825857
v 0.094329 11.640315 0.436422
v -0.516761 11.640315 1.385197
v 0.824272 10.919377 0.906567
v 0.213182 10.919377 1.855341
v 0.094329 10.675848 0.194549
v -0.516761 10.675848 1.143324
v 0.824272 9.954910 0.664693
v 0.213182 9.954910 1.613468
v -0.349533 10.411706 -0.518383
v -1.078604 10.461205 0.341623
v 0.507567 10.340586 0.212317
v -0.221503 10.390084 1.072324
v -0.349533 10.599249 -1.073225
v -1.078604 10.648748 -0.213218
v 0.507567 10.528129 -0.342525
v -0.221503 10.577627 0.517482
v -1.354185 10.207067 -1.200185
v -2.408243 10.207067 -0.796989
v -1.043985 9.486129 -0.389242
v -2.098042 9.486129 0.013954
v -2.041845 10.065610 -1.797265
v -2.682148 10.168061 -0.873620
v -1.116280 10.035330 -1.152272
v -1.756583 10.137782 -0.228627
v 0.130530 9.933039 2.195087
v -0.366876 9.933039 3.208098
v 0.909894 9.212101 2.577768
v 0.412488 9.212101 3.590779
v 0.122419 9.774288 3.404337
v -0.943678 9.622737 3.742085
v 0.491674 9.412147 4.407388
v -0.574424 9.260594 4.745134
v 1.198066 10.768461 2.429847
v 0.131969 10.616910 2.767595
v 1.567321 10.406320 3.432897
v 0.501223 10.254767 3.770644
v 0.782300 10.446149 1.311296
v -0.271758 10.446149 1.714492
v 1.092500 9.725211 2.122239
v 0.038443 9.725211 2.525434
v 1.198066 10.956004 1.875006
v 0.131969 10.804453 2.212753
v 1.567321 10.593863 2.878055
v 0.501223 10.442310 3.215803
v -0.308744 10.663231 0.593559
v -0.806150 10.663231 1.606570
v 0.470620 9.942293 0.976240
v -0.026786 9.942293 1.989251
v -0.308744 11.138498 2.987828
v -0.806150 11.138498 4.000840
v 0.470620 10.417561 3.370509
v -0.026786 10.417561 4.383520
v 1.198066 10.306356 3.404337
v 0.131969 10.154805 3.742085
v 1.567321 9.944215 4.407387
v 0.501223 9.792663 4.745134
v 1.198066 10.493899 2.849495
v 0.131969 10.342348 3.187243
v 1.567321 10.131758 3.852545
v 0.501223 9.980206 4.190292
v -0.308744 11.784679 1.148400
v -0.806150 11.784679 2.161412
v 0.470620 11.063742 1.531081
v -0.026786 11.063742 2.544093
v 0.782300 11.567597 1.069423
v -0.271758 11.567597 1.472619
v 1.092500 10.846660 1.880366
v 0.038443 10.846660 2.283561
v -0.293347 10.921416 2.908850
v -1.347405 10.921416 3.312046
v 0.016853 10.200479 3.719793
v -1.037205 10.200479 4.122989
v 0.145927 11.242198 1.938335
v -0.908131 11.242198 2.341531
v 0.456127 10.521260 2.749278
v -0.597931 10.521260 3.152473
v 0.145927 11.054655 1.696461
v -0.908131 11.054655 2.099657
v 0.456127 10.333717 2.507404
v -0.597931 10.333717 2.910600
v -0.493187 11.756212 0.772424
v -1.559284 11.604661 1.110172
v -0.123933 11.394071 1.775473
v -1.190030 11.242518 2.113221
v -0.493187 11.943756 0.217582
v -1.559284 11.792205 0.555330
v -0.123933 11.581614 1.220632
v -1.190030 11.430062 1.558379
v -0.493187 11.943756 1.014297
v -1.559284 11.792205 1.352045
v -0.123933 11.581614 2.017347
v -1.190030 11.430062 2.355094
v 0.122419 10.306356 2.607622
v -0.943678 10.154805 2.945370
v 0.491674 9.944215 3.610671
v -0.574424 9.792663 3.948419
v 0.122419 10.493899 2.052780
v -0.943678 10.342348 2.390528
v 0.491674 10.131758 3.055830
v -0.574424 9.980206 3.393577
v 0.145927 10.248025 2.116110
v -0.908131 10.248025 2.519306
v 0.456127 9.527087 2.927052
v -0.597931 9.527087 3.330248
v -0.308744 11.972223 1.390274
v -0.806150 11.972223 2.403285
v 0.470620 11.251286 1.772955
v -0.026786 11.251286 2.785966
v 0.128878 11.412222 1.930839
v -0.511425 11.514673 2.854485
v 1.054443 11.381942 2.575832
v 0.414139 11.484394 3.499477
v -0.293347 12.561771 0.891648
v -1.347405 12.561771 1.294844
v 0.016853 11.840834 1.702591
v -1.037205 11.840834 2.105786
v -0.310396 10.960697 1.858642
v -0.950699 11.063148 2.782288
v 0.615169 10.930417 2.503635
v -0.025134 11.032869 3.427280
v 0.128878 10.418049 2.108614
v -0.511425 10.520500 3.032259
v 1.054443 10.387769 2.753607
v 0.414139 10.490221 3.677252
v 0.130530 9.933039 2.991802
v -0.366876 9.933039 4.004814
v 0.909894 9.212101 3.374483
v 0.412488 9.212101 4.387495
v -0.673308 11.756602 0.984737
v -1.313611 11.859054 1.908382
v 0.252257 11.726322 1.629730
v -0.388047 11.828774 2.553375
v -0.673308 11.756602 0.188022
v -1.313611 11.859054 1.111667
v 0.252257 11.726322 0.833015
v -0.388047 11.828774 1.756660
v -0.673308 11.569059 0.742863
v -1.313611 11.671511 1.666509
v 0.252257 11.538778 1.387856
v -0.388047 11.641232 2.311501
v 0.130530 11.271736 1.775439
v -0.366876 11.271736 2.788450
v 0.909894 10.550798 2.158120
v 0.412488 10.550798 3.171131
v 0.130530 11.459280 2.017312
v -0.366876 11.459280 3.030324
v 0.909894 10.738342 2.399993
v 0.412488 10.738342 3.413005
v 1.712455 7.436956 -5.158049
v 1.072152 7.539409 -4.234404
v 2.638020 7.406676 -4.513055
v 1.997717 7.509130 -3.589411
v 2.168778 7.530913 -5.320230
v 1.114720 7.530913 -4.917034
v 2.478978 6.809977 -4.509287
v 1.424920 6.809977 -4.106091
v 1.712455 7.624501 -5.712891
v 1.072152 7.726952 -4.789246
v 2.638020 7.594221 -5.067897
v 1.997717 7.696672 -4.144252
v 1.712455 7.436956 -5.954763
v 1.072152 7.539409 -5.031118
v 2.638020 7.406676 -5.309771
v 1.997717 7.509130 -4.386126
v 2.112591 6.157773 -5.933547
v 1.383521 6.207273 -5.073539
v 2.969692 6.086653 -5.202847
v 2.240622 6.136151 -4.342839
v 1.714107 7.614758 -4.028862
v 1.216701 7.614758 -3.015851
v 2.493471 6.893819 -3.646183
v 1.996065 6.893820 -2.633170
v 2.151729 7.700938 -4.531011
v 1.511426 7.803390 -3.607364
v 3.077294 7.670658 -3.886018
v 2.436990 7.773110 -2.962373
v 2.805151 7.266932 -5.947268
v 1.751094 7.266932 -5.544073
v 3.115352 6.545996 -5.136325
v 2.061294 6.545996 -4.733130
v 3.244425 6.536740 -3.549026
v 2.190367 6.536741 -3.145828
v 3.554625 5.815804 -2.738082
v 2.500567 5.815804 -2.334887
v 1.729504 7.397676 -4.107841
v 0.675446 7.397676 -3.704644
v 2.039704 6.676737 -3.296897
v 0.985647 6.676738 -2.893703
v 1.705997 7.512807 -6.010598
v 0.639899 7.361257 -5.672850
v 2.075251 7.150667 -5.007547
v 1.009154 6.999115 -4.669800
v 1.714107 7.484015 -5.868290
v 1.216701 7.484015 -4.855279
v 2.493471 6.763078 -5.485610
v 1.996065 6.763078 -4.472599
v 1.705997 6.980740 -6.010598
v 0.639899 6.829188 -5.672850
v 2.075251 6.618598 -5.007547
v 1.009154 6.467045 -4.669800
v 1.705997 7.456007 -3.616328
v 0.639899 7.304456 -3.278580
v 2.075251 7.093866 -2.613278
v 1.009154 6.942314 -2.275532
v 1.705997 7.201010 -3.364768
v 0.639899 7.049459 -3.027020
v 2.075251 6.838869 -2.361717
v 1.009154 6.687316 -2.023970
v 2.145270 7.997059 -3.534444
v 1.079173 7.845509 -3.196696
v 2.514525 7.634918 -2.531394
v 1.448427 7.483366 -2.193646
v 2.145270 7.809516 -2.979601
v 1.079173 7.657965 -2.641855
v 2.514525 7.447375 -1.976553
v 1.448427 7.295823 -1.638805
v 1.729504 7.487204 -3.301437
v 0.675446 7.487204 -2.898242
v 2.039704 6.766266 -2.490494
v 0.985647 6.766266 -2.087300
v 1.729504 7.299661 -3.543312
v 0.675446 7.299661 -3.140115
v 2.039704 6.578723 -2.732368
v 0.985647 6.578723 -2.329172
v 1.071865 7.401917 -3.221370
v 1.270365 7.401917 -2.110425
v 1.926576 6.680978 -3.374088
v 2.125076 6.680979 -2.263140
v 1.714107 7.516742 -3.464334
v 1.216701 7.516742 -2.451323
v 2.493471 6.795805 -3.081652
v 1.996065 6.795805 -2.068641
v 2.805151 7.299661 -3.543312
v 1.751094 7.299661 -3.140115
v 3.115352 6.578723 -2.732368
v 2.061294 6.578723 -2.329172
v 1.071865 7.369190 -5.625329
v 1.270365 7.369190 -4.514381
v 1.926576 6.648252 -5.778046
v 2.125076 6.648252 -4.667099
v 2.151729 7.888482 -5.085852
v 1.511426 7.990932 -4.162207
v 3.077294 7.858202 -4.440858
v 2.436990 7.960653 -3.517214
v 1.729504 8.261106 -6.125043
v 0.675446 8.261106 -5.721848
v 2.039704 7.540168 -5.314100
v 0.985647 7.540168 -4.910904
v 1.221574 10.522586 1.696461
v 0.167516 10.522586 2.099657
v 1.531774 9.801648 2.507404
v 0.477716 9.801648 2.910600
v 0.145927 10.060482 3.467666
v -0.908131 10.060482 3.870862
v 0.456127 9.339544 4.278610
v -0.597931 9.339544 4.681806
v 1.221574 10.710130 1.938335
v 0.167516 10.710130 2.341531
v 1.531774 9.989192 2.749278
v 0.477716 9.989192 3.152473
v 0.782300 10.389348 2.908850
v -0.271758 10.389348 3.312046
v 1.092500 9.668410 3.719793
v 0.038443 9.668410 4.122989
v 0.758793 10.692023 0.451252
v -0.307304 10.540472 0.789000
v 1.128047 10.329882 1.454301
v 0.061950 10.178329 1.792049
v 0.758793 10.692023 1.247967
v -0.307304 10.540472 1.585715
v 1.128047 10.329882 2.251016
v 0.061950 10.178329 2.588764
v 0.758793 10.504480 1.006093
v -0.307304 10.352929 1.343841
v 1.128047 10.142339 2.009143
v 0.061950 9.990787 2.346890
v -0.998541 8.231828 1.006759
v -2.064638 8.080276 1.344506
v -0.629287 7.869686 2.009809
v -1.695384 7.718134 2.347557
v -1.429704 9.063969 1.386965
v -1.927110 9.063969 2.399976
v -0.650340 8.343031 1.769646
v -1.147746 8.343031 2.782657
v 2.217964 8.241664 2.848476
v 1.113819 8.241664 2.615091
v 2.038409 7.520727 3.697953
v 0.934264 7.520727 3.464570
v -0.293347 8.647903 -0.837397
v -1.347405 8.647903 -0.434201
v 0.016853 7.926966 -0.026454
v -1.037205 7.926966 0.376742
v 1.198066 8.163587 0.700803
v 0.131969 8.012035 1.038550
v 1.567321 7.801445 1.703852
v 0.501223 7.649893 2.041600
v 0.130530 8.134793 0.843109
v -0.366876 8.134793 1.856121
v 0.909894 7.413856 1.225790
v 0.412488 7.413856 2.238802
v 0.128878 8.275279 -0.594920
v -0.511425 8.377730 0.328725
v 1.054443 8.244998 0.050073
v 0.414139 8.347451 0.973718
v 1.221574 7.917711 0.764132
v 0.167516 7.917711 1.167328
v 1.531774 7.196774 1.575074
v 0.477716 7.196774 1.978270
v -0.869511 7.290368 1.221799
v -0.671011 6.258541 1.633546
v -0.014800 7.165009 0.495604
v 0.183700 6.133183 0.907351
v -0.460569 6.613835 1.767362
v -1.071659 5.732631 2.119004
v 0.269374 5.909975 1.272017
v -0.341716 5.028770 1.623658
v -0.460569 6.801380 1.212520
v -1.071659 5.920175 1.564162
v 0.269374 6.097519 0.717175
v -0.341716 5.216314 1.068816
v 0.203894 7.465579 1.483590
v -0.862203 7.095716 1.468011
v 0.573149 6.399745 1.518998
v -0.492949 6.029882 1.503417
v -0.899843 7.474770 1.208545
v -1.510933 6.593565 1.560188
v -0.169899 6.770909 0.713200
v -0.780990 5.889705 1.064842
v -0.465158 7.101060 0.855928
v -1.194228 6.320647 1.220644
v 0.391943 6.396040 1.060691
v -0.337127 5.615627 1.425406
v -0.465158 6.913517 1.410770
v -1.194228 6.133104 1.775488
v 0.391943 6.208497 1.615533
v -0.337127 5.428083 1.980248
v 0.227402 7.095668 1.603304
v -0.826656 6.721187 1.752740
v 0.537602 6.075279 1.234267
v -0.516456 5.700799 1.383703
v -0.465158 6.913517 0.614055
v -1.194228 6.133104 0.978773
v 0.391943 6.208497 0.818817
v -0.337127 5.428084 1.183534
v -0.460569 6.613835 0.970647
v -1.071659 5.732631 1.322289
v 0.269374 5.909975 0.475302
v -0.341716 5.028770 0.826943
v -0.899843 7.287227 0.966673
v -1.510933 6.406022 1.318316
v -0.169899 6.583366 0.471327
v -0.780990 5.702162 0.822970
v 1.221574 8.511764 1.866803
v 0.167516 8.511764 2.269999
v 1.531774 7.790826 2.677746
v 0.477716 7.790826 3.080941
v 0.130530 8.728846 1.945780
v -0.366876 8.728846 2.958792
v 0.909894 8.007908 2.328461
v 0.412488 8.007908 3.341473
v 1.198066 8.757639 1.803473
v 0.131969 8.606088 2.141221
v 1.567321 8.395497 2.806523
v 0.501223 8.243945 3.144270
v 0.130530 9.260914 1.149065
v -0.366876 9.260914 2.162077
v 0.909894 8.539976 1.531746
v 0.412488 8.539976 2.544758
v 0.145927 8.511764 1.866803
v -0.908131 8.511764 2.269999
v 0.456127 7.790826 2.677746
v -0.597931 7.790826 3.080941
v 0.145927 8.699307 1.311961
v -0.908131 8.699307 1.715157
v 0.456127 7.978370 2.122904
v -0.597931 7.978370 2.526100
v 0.128878 8.681787 1.859307
v -0.511425 8.784239 2.782953
v 1.054443 8.651507 2.504301
v 0.414139 8.753960 3.427946
v 0.128878 8.681787 1.062592
v -0.511425 8.784239 1.986237
v 1.054443 8.651507 1.707585
v 0.414139 8.753960 2.631230
v 0.145927 9.231376 1.311961
v -0.908131 9.231376 1.715157
v 0.456127 8.510438 2.122904
v -0.597931 8.510438 2.526100
v 0.348874 8.160822 2.728584
v 0.683215 8.179070 3.806307
v 1.216082 7.486143 2.470976
v 1.550423 7.504393 3.548698
v -1.429704 8.876426 1.145091
v -1.927110 8.876426 2.158102
v -0.650340 8.155488 1.527772
v -1.147746 8.155488 2.540783
v 1.097004 7.715853 2.848476
v -0.007142 7.715853 2.615092
v 0.917448 6.994915 3.697953
v -0.186697 6.994915 3.464570
v -0.990430 8.390578 1.390939
v -1.487836 8.390578 2.403950
v -0.211067 7.669641 1.773620
v -0.708473 7.669641 2.786632
v -0.998541 8.763896 1.006759
v -2.064638 8.612345 1.344506
v -0.629287 8.401754 2.009808
v -1.695384 8.250202 2.347556
v 0.077106 8.951439 1.248632
v -0.988991 8.799888 1.586379
v 0.446360 8.589297 2.251681
v -0.619737 8.437745 2.589429
v 0.077106 8.763896 1.803473
v -0.988991 8.612345 2.141221
v 0.446360 8.401754 2.806523
v -0.619737 8.250202 3.144270
v -0.998541 8.231828 1.803473
v -2.064638 8.080276 2.141221
v -0.629287 7.869686 2.806524
v -1.695384 7.718134 3.144270
v 1.212975 7.932934 2.663629
v 0.245428 7.932934 3.244539
v 1.659901 7.211998 3.408015
v 0.692353 7.211998 3.988925
v -0.990430 8.735103 1.945780
v -1.487836 8.735103 2.958792
v -0.211067 8.014165 2.328461
v -0.708473 8.014165 3.341473
v -0.998541 8.763896 1.803473
v -2.064638 8.612345 2.141221
v -0.629287 8.401754 2.806523
v -1.695384 8.250202 3.144270
v 0.100613 8.518022 1.866803
v -0.953444 8.518022 2.269999
v 0.410814 7.797084 2.677746
v -0.643244 7.797084 3.080941
v -0.990430 8.203034 1.149065
v -1.487836 8.203034 2.162077
v -0.211067 7.482097 1.531746
v -0.708473 7.482097 2.544759
v -0.362167 8.905219 1.799499
v -1.428265 8.753667 2.137247
v 0.007087 8.543077 2.802548
v -1.059011 8.391524 3.140296
v 0.100613 8.173496 1.311961
v -0.953444 8.173496 1.715157
v 0.410814 7.452559 2.122905
v -0.643244 7.452559 2.526101
v -0.990430 8.922647 1.390939
v -1.487836 8.922647 2.403950
v -0.211067 8.201709 1.773620
v -0.708473 8.201709 2.786631
v -0.998541 8.419371 1.248632
v -2.064638 8.267819 1.586379
v -0.629287 8.057229 2.251681
v -1.695384 7.905677 2.589429
v -0.992083 8.155976 1.062592
v -1.632386 8.258428 1.986237
v -0.066518 8.125696 1.707585
v -0.706821 8.228148 2.631230
v -0.992083 8.155976 1.859307
v -1.632386 8.258428 2.782953
v -0.066518 8.125696 2.504301
v -0.706821 8.228148 3.427946
v -0.975034 8.173496 1.311961
v -2.029091 8.173496 1.715157
v -0.664833 7.452559 2.122905
v -1.718891 7.452559 2.526101
v -0.975034 7.985952 1.866803
v -2.029091 7.985952 2.269999
v -0.664833 7.265015 2.677746
v -1.718891 7.265015 3.080941
v -0.990430 8.735103 1.149065
v -1.487836 8.735103 2.162077
v -0.211067 8.014165 1.531746
v -0.708473 8.014165 2.544758
v 0.077106 8.419371 1.248632
v -0.988991 8.267819 1.586379
v 0.446360 8.057229 2.251681
v -0.619737 7.905677 2.589429
v -0.338660 8.846888 1.307987
v -1.392718 8.846888 1.711183
v -0.028460 8.125950 2.118930
v -1.082518 8.125950 2.522125
v -0.975034 8.518022 1.866803
v -2.029091 8.518022 2.269999
v -0.664833 7.797084 2.677746
v -1.718891 7.797084 3.080941
v -0.772086 7.635011 2.728585
v -0.437745 7.653259 3.806308
v 0.095122 6.960332 2.470976
v 0.429463 6.978580 3.548698
v -0.975034 8.705564 1.311961
v -2.029091 8.705564 1.715157
v -0.664833 7.984627 2.122904
v -1.718891 7.984627 2.526100
v -0.992083 8.343520 1.304466
v -1.632386 8.445971 2.228111
v -0.066518 8.313239 1.949459
v -0.706821 8.415692 2.873104
v 0.077106 8.231828 1.803473
v -0.988991 8.080276 2.141221
v 0.446360 7.869686 2.806524
v -0.619737 7.718134 3.144270
v -0.990430 8.203034 1.945780
v -1.487836 8.203034 2.958792
v -0.211067 7.482097 2.328461
v -0.708473 7.482098 3.341474
v 0.100613 7.985952 1.866803
v -0.953444 7.985952 2.269999
v 0.410814 7.265015 2.677746
v -0.643244 7.265015 3.080941
v 0.145927 9.043833 1.866803
v -0.908131 9.043833 2.269999
v 0.456127 8.322895 2.677745
v -0.597931 8.322895 3.080941
v 0.782300 9.372699 1.307987
v -0.271758 9.372699 1.711183
v 1.092500 8.651761 2.118930
v 0.038443 8.651761 2.522125
v 1.198066 8.945182 1.248632
v 0.131969 8.793631 1.586379
v 1.567321 8.583040 2.251681
v 0.501223 8.431488 2.589429
v 0.122419 8.945182 1.248632
v -0.943678 8.793631 1.586379
v 0.491674 8.583040 2.251681
v -0.574424 8.431488 2.589429
v 0.130530 9.448458 1.390939
v -0.366876 9.448458 2.403950
v 0.909894 8.727520 1.773620
v 0.412488 8.727520 2.786631
v 1.221574 8.699307 1.311961
v 0.167516 8.699307 1.715157
v 1.531774 7.978370 2.122904
v 0.477716 7.978370 2.526100
v 0.130530 8.728846 1.149065
v -0.366876 8.728846 2.162077
v 0.909894 8.007908 1.531746
v 0.412488 8.007908 2.544758
v 1.221574 9.043833 1.866803
v 0.167516 9.043833 2.269999
v 1.531774 8.322895 2.677745
v 0.477716 8.322895 3.080941
v 0.130530 9.260914 1.945780
v -0.366876 9.260914 2.958792
v 0.909894 8.539976 2.328461
v 0.412488 8.539976 3.341473
v 2.333935 8.458746 2.663629
v 1.366388 8.458746 3.244539
v 2.780861 7.737809 3.408015
v 1.813314 7.737809 3.988925
v 0.122419 8.757639 1.803473
v -0.943678 8.606088 2.141221
v 0.491674 8.395497 2.806523
v -0.574424 8.243945 3.144270
v 1.198066 9.289707 1.803473
v 0.131969 9.138156 2.141221
v 1.567321 8.927566 2.806523
v 0.501223 8.776013 3.144270
v 0.130530 8.916389 1.390939
v -0.366876 8.916389 2.403950
v 0.909894 8.195452 1.773620
v 0.412488 8.195452 2.786631
vn -0.8161 0.2618 0.5152
vn -0.8994 0.4234 0.1084
vn -0.9119 0.1299 -0.3894
vn -0.8136 0.0873 -0.5749
vn -0.2430 0.3914 -0.8876
vn -0.1209 0.1178 -0.9856
vn 0.5729 0.1611 0.8036
vn -0.1960 -0.0944 0.9760
vn -0.3379 0.0966 0.9362
vn -0.1700 0.3288 0.9290
vn -0.6599 0.3539 0.6628
vn -0.8277 0.2825 0.4848
vn -0.8930 0.1998 -0.4032
vn -0.5544 -0.2965 -0.7776
vn -0.2640 0.1965 -0.9443
vn -0.7425 0.3165 -0.5903
vn -0.0044 0.3508 -0.9364
vn -0.4180 0.2463 0.8744
vn -0.9367 0.2767 0.2147
vn -0.9944 0.0352 -0.0992
vn 0.1062 0.4773 0.8723
vn -0.5255 0.3044 0.7945
vn -0.6892 -0.2033 -0.6955
vn -0.9972 0.0514 0.0549
vn -0.9102 0.2006 -0.3622
vn -0.9609 0.1042 0.2565
vn -0.8976 0.0525 0.4376
vn 0.4070 0.3370 0.8490
vn 0.3222 -0.3273 -0.8883
vn 0.6262 0.1985 -0.7539
vn 0.9780 0.2048 0.0386
vn 0.8259 0.3039 0.4749
vn 0.5812 0.3117 0.7517
vn 0.9381 0.2657 0.2221
vn 0.3975 0.2396 0.8858
vn 0.7506 0.3084 -0.5844
vn 0.9292 -0.0716 -0.3626
vn 0.9800 0.1981 -0.0169
vn 0.6300 0.1495 -0.7621
vn 0.5403 0.3697 -0.7559
vn 0.9770 0.1498 0.1518
vn 0.7678 -0.1358 -0.6261
vn 0.9813 0.1709 0.0880
vn 0.0474 -0.2314 -0.9717
vn 0.8670 0.3855 -0.3157
vn 0.7636 0.3156 0.5632
vn 0.9227 0.1819 -0.3400
vn 0.8117 -0.1522 0.5639
vn 0.3132 0.2151 0.9250
vn 0.1380 -0.2311 0.9631
vn 0.6774 -0.0582 0.7334
vn -0.0461 -0.3945 0.9177
vn -0.9501 0.1894 -0.2478
vn -0.8219 -0.1669 0.5446
vn -0.9185 0.2183 0.3298
vn -0.5781 -0.1124 0.8082
vn -0.3736 0.2369 0.8968
vn -0.9812 0.1625 0.1039
vn 0.7712 -0.2942 0.5645
vn 0.9031 0.2771 0.3281
vn 0.5732 0.4128 0.7079
vn -0.2447 0.4069 0.8801
vn -0.9097 0.1751 0.3764
vn -0.5400 0.0854 0.8373
vn -0.0374 0.3409 0.9393
vn 0.2561 -0.0968 0.9618
vn 0.9872 0.1396 -0.0776
vn 0.8516 0.0258 0.5236
vn -0.8103 0.0562 -0.5833
vn -0.5787 0.5131 -0.6339
vn 0.8428 0.0560 -0.5352
vn 0.3123 0.5168 -0.7971
vn 0.0544 0.0237 -0.9982
vn 0.9703 0.0909 -0.2241
vn 0.4570 0.4040 -0.7924
vn 0.9393 0.2252 -0.2587
vn -0.3692 0.4493 -0.8135
vn 0.2160 0.6254 -0.7498
vn -0.3246 0.0557 -0.9442
vn -0.5185 0.6405 -0.5665
vn 0.5866 -0.1586 -0.7942
vn -0.2149 -0.2927 -0.9317
vn 0.5251 0.3367 -0.7816
vn -0.8528 -0.1418 -0.5026
vn 0.8875 -0.2496 0.3875
vn 0.7613 0.0657 -0.6450
vn 0.8339 0.1970 -0.5155
vn 0.4965 -0.5612 0.6622
vn 0.9280 0.0354 0.3709
vn 0.2958 -0.2310 0.9269
vn -0.5301 0.7512 -0.3932
vn -0.9720 0.1728 0.1593
vn -0.4208 0.5810 -0.6967
vn -0.8363 -0.0943 -0.5402
vn -0.1971 -0.0070 -0.9804
vn -0.9848 0.1183 -0.1271
vn 0.0022 0.8603 0.5097
vn -0.5920 0.2882 0.7526
vn 0.1506 0.3563 0.9222
vn -0.7927 0.5825 0.1799
vn -0.4407 -0.5508 0.7088
vn -0.5037 -0.1739 0.8462
vn -0.9853 0.0068 0.1707
vn 0.8006 0.5639 0.2024
vn 0.8558 0.2597 0.4475
vn 0.0029 -0.4601 -0.8879
vn 0.8007 0.0488 -0.5971
vn 0.8450 -0.1182 -0.5215
vn 0.5031 0.7396 -0.4471
vn 0.6921 0.4871 -0.5327
vn 0.9844 0.0767 0.1586
vn -0.7510 -0.1782 -0.6357
vn -0.9925 -0.0461 0.1130
vn -0.6612 0.3459 -0.6657
vn -0.5984 0.7348 -0.3192
vn -0.9662 -0.0179 0.2571
vn -0.3257 -0.7382 0.5908
vn 0.6587 -0.6032 0.4498
vn 0.0714 -0.1704 0.9828
vn -0.3386 -0.4701 0.8151
vn -0.8617 -0.3532 0.3642
vn 0.3157 0.8347 -0.4512
vn 0.9781 0.1820 -0.1006
vn 0.0184 0.0140 -0.9997
vn 0.1147 0.4439 -0.8887
vn -0.5648 -0.4143 -0.7137
vn -0.0810 -0.9400 -0.3313
vn -0.8348 -0.4549 -0.3100
vn -0.7599 0.6500 0.0018
vn -0.7886 -0.4414 -0.4281
vn -0.8723 -0.3112 -0.3771
vn 0.9463 -0.1382 -0.2922
vn 0.9976 0.0283 0.0632
vn 0.6023 -0.7420 -0.2944
vn 0.0364 -0.9316 0.3618
vn 0.9648 -0.2518 0.0760
vn 0.9144 -0.4046 -0.0150
vn 0.0518 0.7500 -0.6594
vn 0.6249 0.6557 -0.4237
vn -0.2739 0.7806 -0.5619
vn 0.7068 0.4821 -0.5177
vn -0.1656 0.8385 0.5191
vn 0.3868 0.8816 0.2704
vn 0.3516 -0.8980 0.2646
vn 0.7128 0.6077 0.3502
vn -0.6478 0.5499 -0.5272
vn -0.9679 0.0932 -0.2336
vn -0.5619 -0.8184 0.1203
vn -0.8885 -0.4397 0.1314
vn 0.1837 -0.7287 -0.6597
vn -0.2008 -0.8639 -0.4620
vn 0.6045 0.7101 0.3610
vn 0.0964 0.9909 0.0936
vn 0.9570 0.2851 0.0538
vn 0.9924 0.1222 -0.0154
vn 0.3977 0.8983 0.1867
vn -0.9915 0.1067 -0.0751
vn -0.4328 0.8874 0.1587
vn -0.8249 0.5562 -0.1005
vn -0.9579 0.2585 -0.1253
vn -0.3922 0.8322 0.3919
vn -0.8938 0.4098 0.1821
vn 0.5016 -0.7806 -0.3728
vn -0.3778 -0.8344 -0.4013
vn 0.9826 -0.0003 -0.1855
vn 0.7061 -0.6857 -0.1769
vn 0.4139 -0.5458 -0.7285
vn 0.7421 0.5537 0.3779
vn 0.8726 -0.1446 -0.4666
vn 0.9355 -0.1408 -0.3240
vn 0.4138 0.7025 0.5790
vn 0.9413 0.3218 0.1024
vn 0.2453 0.9271 0.2834
vn -0.5544 -0.3409 -0.7592
vn -0.9905 -0.0035 -0.1373
vn -0.3715 -0.8062 -0.4605
vn -0.0449 -0.7562 -0.6527
vn -0.8868 -0.3144 -0.3386
vn -0.9171 -0.2949 -0.2684
vn -0.7951 0.5842 0.1627
vn 0.2421 0.9689 0.0515
vn -0.0840 0.9789 0.1863
vn -0.8419 0.5367 -0.0567
vn -0.6291 0.7561 0.1806
vn -0.4484 0.7307 0.5148
vn -0.0617 -0.9075 -0.4155
vn -0.9985 0.0476 -0.0259
vn 0.8172 0.5302 -0.2260
vn 0.9568 0.2647 -0.1199
vn 0.7951 -0.5412 -0.2738
vn 0.7208 -0.3563 -0.5946
vn 0.6719 -0.4758 -0.5676
vn 0.7489 -0.5933 -0.2952
vn 0.9513 0.3015 0.0639
vn -0.7238 -0.3821 -0.5746
vn -0.9911 0.1297 0.0291
vn -0.6333 -0.3390 -0.6957
vn -0.6809 -0.1183 -0.7228
vn -0.9551 0.2582 0.1453
vn -0.3638 0.5589 0.7452
vn 0.5271 0.4995 0.6875
vn -0.1983 0.8227 0.5328
vn -0.3939 0.6691 0.6302
vn -0.9765 0.2004 0.0792
vn 0.9874 0.1546 0.0334
vn 0.5517 -0.2332 -0.8008
vn 0.1657 -0.5373 -0.8269
vn 0.2893 -0.4395 -0.8504
vn -0.2618 -0.3549 -0.8975
vn 0.8501 -0.3673 -0.3774
vn 0.4856 -0.7473 -0.4535
vn -0.1882 0.1633 -0.9685
vn -0.1846 -0.4451 -0.8763
vn -0.0494 0.5338 -0.8442
vn 0.4026 -0.3276 0.8547
vn 0.3674 0.5092 0.7783
vn 0.2296 -0.5069 0.8309
vn 0.5647 0.2234 0.7945
vn 0.6499 -0.5730 0.4993
vn 0.3714 0.4312 0.8223
vn -0.6719 0.7345 -0.0950
vn -0.1686 0.9526 0.2533
vn -0.4685 0.7501 -0.4667
vn -0.2406 0.8066 0.5400
vn 0.0641 0.9478 -0.3122
vn 0.2088 0.9757 -0.0670
vn 0.3427 0.6290 0.6978
vn -0.6766 0.2090 -0.7061
vn -0.3988 0.0102 -0.9170
vn 0.8273 -0.5615 0.0192
vn 0.1872 -0.8034 -0.5652
vn 0.0411 -0.5875 -0.8082
vn 0.1611 -0.9605 0.2267
vn -0.0538 -0.9985 -0.0120
vn -0.0940 -0.7744 -0.6256
vn 0.0005 0.5522 0.8337
vn -0.3346 0.8647 0.3746
vn 0.5089 0.3448 0.7887
vn 0.5865 0.0302 0.8094
vn 0.0872 0.8604 0.5022
vn -0.4313 0.8081 -0.4012
vn -0.3767 -0.1256 -0.9178
vn 0.0367 -0.3142 -0.9487
vn -0.7238 0.4586 -0.5156
vn -0.7904 0.1934 -0.5813
vn -0.7622 0.5873 0.2724
vn 0.6438 -0.7163 0.2693
vn 0.1913 -0.8535 -0.4846
vn 0.8364 0.0772 0.5426
vn 0.8421 -0.4368 0.3164
vn 0.0727 0.9967 0.0359
vn -0.5114 0.5208 0.6835
vn -0.5455 0.4682 0.6952
vn 0.0490 0.9985 0.0235
vn -0.6236 0.6054 0.4945
vn -0.5470 0.5411 0.6387
vn 0.2925 -0.8968 0.3319
vn 0.6993 -0.4939 -0.5168
vn 0.0906 -0.9927 0.0792
vn 0.6581 -0.5485 -0.5158
vn 0.0791 -0.9906 0.1118
vn 0.7221 -0.4862 -0.4922
vn 0.3822 0.8577 0.3440
vn 0.7298 0.5184 -0.4457
vn 0.1357 0.9773 0.1628
vn 0.8392 0.3973 -0.3713
vn 0.5301 0.5683 -0.6293
vn 0.6677 0.5156 -0.5370
vn 0.7970 -0.3352 -0.5024
vn -0.4612 0.5128 0.7241
vn -0.2254 0.3941 0.8910
vn -0.3912 -0.5526 0.7359
vn 0.0597 -0.9978 0.0279
vn -0.4951 -0.4777 0.7257
vn -0.5355 -0.4916 0.6868
vn -0.4717 -0.3159 0.8232
vn 0.0540 -0.9957 0.0757
vn 0.6787 -0.5533 -0.4830
vn 0.1257 -0.9823 0.1388
vn 0.7670 -0.5248 -0.3691
vn -0.1881 0.9636 -0.1899
vn 0.5841 0.4067 -0.7025
vn 0.6778 0.4907 -0.5476
vn 0.6858 0.4414 -0.5787
vn 0.6656 -0.5038 -0.5506
vn -0.1851 0.9681 -0.1689
vn -0.3029 -0.4882 0.8184
vn -0.6890 0.4297 0.5836
vn -0.4704 -0.5302 0.7055
vn -0.5392 -0.4733 0.6966
vn 0.1229 0.2575 0.9584
vn 0.9524 0.0238 0.3040
vn 0.9781 0.0460 0.2028
vn 0.0348 -0.2546 0.9664
vn 0.7926 0.1786 0.5830
vn 0.0444 0.2164 0.9753
vn -0.1069 0.0523 -0.9929
vn -0.9242 0.2970 -0.2400
vn -0.9591 0.0768 -0.2724
vn -0.8120 -0.0436 -0.5820
vn -0.0247 -0.3980 -0.9171
vn -0.8865 -0.0621 -0.4586
vn 0.0044 0.8898 0.4563
vn -0.7898 0.4814 0.3801
vn 0.0274 0.6898 0.7235
vn -0.8043 0.5840 0.1099
vn -0.7278 0.1765 0.6627
vn -0.7496 -0.1001 0.6543
vn 0.8214 0.4567 0.3416
vn 0.8071 0.5785 0.1180
vn 0.0019 -0.3654 -0.9308
vn 0.8598 -0.0944 -0.5019
vn 0.8157 -0.0482 -0.5765
vn 0.8551 0.3319 -0.3984
vn 0.9200 0.0809 -0.3834
vn 0.8459 -0.0268 0.5326
vn -0.1326 -0.5318 -0.8364
vn -0.8405 -0.0709 -0.5372
vn -0.1044 -0.1511 -0.9830
vn -0.1057 0.6045 -0.7896
vn -0.8268 0.2466 -0.5056
vn 0.1146 -0.1510 0.9819
vn -0.8750 -0.0067 0.4841
vn -0.8042 0.1360 0.5785
vn -0.8871 0.1105 0.4481
vn -0.8898 -0.3168 -0.3284
vn 0.6927 0.3662 -0.6214
vn 0.9508 -0.0455 0.3063
vn 0.6947 -0.1107 -0.7108
vn 0.7222 -0.3979 -0.5658
vn -0.0299 0.4863 -0.8733
vn -0.9257 0.3780 -0.0124
vn -0.9225 -0.3844 0.0340
vn -0.8613 -0.4969 0.1065
vn -0.9616 -0.2563 0.0979
vn -0.4693 -0.5665 0.6774
vn -0.2554 -0.9423 0.2162
vn 0.4839 0.8715 -0.0793
vn -0.0798 0.7548 -0.6511
vn -0.2483 0.9619 -0.1144
vn 0.1708 0.9332 -0.3161
vn -0.8899 0.4557 0.0205
vn -0.3414 0.6989 -0.6285
vn -0.7072 -0.1113 0.6982
vn 0.1362 -0.5540 0.8213
vn -0.6439 -0.1112 0.7570
vn 0.1709 -0.1523 0.9734
vn -0.5423 0.5635 -0.6232
vn -0.9677 0.2521 0.0020
vn -0.6618 -0.0558 0.7476
vn -0.5917 0.6970 0.4051
vn -0.3723 0.8344 0.4063
vn -0.8059 -0.5654 0.1758
vn -0.8816 0.2026 0.4263
vn -0.7621 0.4496 -0.4660
vn -0.8327 0.5531 -0.0263
vn 0.4788 0.8684 0.1287
vn 0.2749 -0.9601 0.0519
vn 0.7400 -0.5229 0.4229
vn 0.9742 -0.1272 -0.1862
vn 0.7633 0.3009 -0.5717
vn 0.5737 0.4638 -0.6751
vn 0.9099 0.4023 -0.1011
vn 0.3007 0.6629 -0.6856
vn 0.8025 0.0348 0.5956
vn 0.7409 -0.5184 -0.4270
vn 0.9744 0.0505 0.2190
vn 0.7207 -0.6692 0.1813
vn 0.4426 -0.4874 0.7527
vn 0.6012 -0.6751 -0.4275
vn 0.9666 0.1594 -0.2005
vn 0.9887 0.1494 0.0120
vn 0.7201 0.5972 -0.3532
vn -0.2571 -0.7762 0.5757
vn -0.1833 -0.9592 -0.2151
vn 0.7717 0.6360 -0.0005
vn 0.9960 -0.0334 0.0824
vn 0.9775 -0.2068 0.0406
vn 0.9359 0.1623 -0.3126
vn 0.3863 0.6663 -0.6379
vn 0.2762 0.2980 -0.9137
vn 0.1631 0.4168 -0.8942
vn -0.9966 -0.0641 -0.0522
vn -0.6138 0.2567 -0.7466
vn -0.9995 0.0219 -0.0231
vn -0.5699 0.5574 -0.6037
vn -0.9996 0.0128 -0.0235
vn -0.5857 0.2464 -0.7722
vn 0.8548 0.2991 -0.4242
vn 0.9673 0.2519 -0.0298
vn 0.5206 0.8239 -0.2240
vn -0.9774 0.2006 -0.0669
vn -0.4028 0.8653 -0.2984
vn -0.8579 0.5132 -0.0234
vn -0.2474 0.9648 -0.0890
vn -0.0672 0.9972 -0.0333
vn 0.9821 0.1492 0.1152
vn 0.6102 0.7922 -0.0101
vn -0.6615 -0.2257 0.7152
vn 0.7682 -0.3450 0.5393
vn 0.1374 -0.2690 0.9533
vn 0.0827 -0.6148 0.7843
vn 0.9354 0.0010 0.3537
vn 0.3165 -0.2775 0.9071
vn 0.8475 -0.0681 0.5264
vn -0.9886 -0.0567 0.1391
vn -0.6195 -0.2898 0.7295
vn -0.7083 -0.4848 0.5132
vn 0.4990 -0.8635 0.0734
vn -0.1761 -0.9647 0.1959
vn -0.2959 -0.9522 0.0757
vn 0.6955 -0.6097 0.3802
vn -0.0371 -0.8922 0.4502
vn 0.6246 -0.7550 0.1995
vn -0.7573 -0.5934 0.2725
vn -0.2484 0.8033 0.5413
vn 0.2634 0.7694 0.5820
vn 0.5892 0.7694 0.2469
vn -0.1321 0.7694 0.6250
vn 0.0699 0.9932 -0.0933
vn 0.5734 0.7694 0.2816
vn -0.0233 0.9375 0.3471
vn 0.5371 0.7694 0.3459
vn 0.2282 0.7694 0.5967
vn 0.0764 0.9970 0.0074
vn 0.0738 0.9955 -0.0592
vn 0.6289 0.7694 -0.1124
vn -0.0517 0.9206 -0.3871
vn 0.3288 0.7694 0.5477
vn -0.0063 0.9477 0.3190
vn 0.0226 0.9650 0.2614
vn 0.0226 0.9650 0.2615
vn 0.5672 0.8015 -0.1895
vn 0.9913 -0.0461 0.1230
vn 0.9808 0.1567 -0.1158
vn -0.8971 0.4418 0.0074
vn 0.8073 0.5901 0.0074
vn 0.5004 0.6726 0.5452
vn -0.8821 0.3466 0.3190
vn 0.5004 -0.0461 0.8645
vn 0.5004 0.5810 0.6419
vn 0.6289 0.3895 0.6729
vn 0.5371 -0.0361 0.8428
vn -0.0233 0.0251 0.9994
vn 0.0764 0.3627 0.9288
vn 0.2282 -0.2690 0.9357
vn 0.9563 -0.0060 0.2922
vn 0.8677 0.4789 0.1332
vn 0.0940 0.9934 0.0657
vn 0.3151 -0.8942 0.3180
vn 0.1803 0.3524 0.9183
vt 0.375366 0.765553
vt 0.378740 0.826580
vt 0.350571 0.768139
vt 0.207906 0.381514
vt 0.196183 0.483326
vt 0.136397 0.384036
vt 0.438697 0.387708
vt 0.371333 0.451876
vt 0.355378 0.384466
vt 0.374148 0.137376
vt 0.326339 0.241417
vt 0.307836 0.131239
vt 0.233932 0.119284
vt 0.173903 0.168273
vt 0.147940 0.110365
vt 0.203878 0.015011
vt 0.120087 0.020261
vt 0.352562 0.017063
vt 0.280821 0.018484
vt 0.252326 0.203620
vt 0.399006 0.253665
vt 0.336796 0.307738
vt 0.184001 0.256313
vt 0.256991 0.282386
vt 0.251030 0.475307
vt 0.278014 0.381726
vt 0.308598 0.461292
vt 0.423257 0.313587
vt 0.094995 0.162337
vt 0.058087 0.111326
vt 0.507060 0.121373
vt 0.469770 0.230656
vt 0.438813 0.132933
vt 0.495149 0.018383
vt 0.422964 0.017053
vt 0.027987 0.014957
vt 0.577713 0.014957
vt 0.540428 0.190164
vt 0.584573 0.111326
vt 0.614296 0.162337
vt 0.500504 0.466302
vt 0.578739 0.387348
vt 0.554441 0.479263
vt 0.503859 0.295190
vt 0.575718 0.266726
vt 0.513459 0.388987
vt 0.110687 0.249363
vt 0.648169 0.249363
vt 0.645750 0.384036
vt 0.603402 0.483326
vt 0.462421 0.826877
vt 0.438004 0.767254
vt 0.464283 0.770249
vt 0.437091 0.579307
vt 0.414357 0.667064
vt 0.400803 0.567656
vt 0.438163 0.454040
vt 0.386791 0.510644
vt 0.287749 0.550595
vt 0.334383 0.524474
vt 0.354078 0.664992
vt 0.363900 0.576125
vt 0.384693 0.669937
vt 0.328344 0.598426
vt 0.440358 0.519362
vt 0.443541 0.658494
vt 0.426191 0.727788
vt 0.393297 0.732462
vt 0.359302 0.721340
vt 0.398288 0.826055
vt 0.406521 0.765176
vt 0.418531 0.825932
vt 0.457230 0.710767
vt 0.439688 0.826295
vt 0.320003 0.655862
vt 0.290664 0.617812
vt 0.476283 0.650676
vt 0.515669 0.619497
vt 0.515635 0.649544
vt 0.488837 0.544310
vt 0.533045 0.566401
vt 0.473564 0.602490
vt 0.242485 0.569322
vt 0.575965 0.569322
vt 0.558035 0.617812
vt 0.550262 0.655862
vt 0.485916 0.827237
vt 0.511631 0.770946
vt 0.507892 0.827102
vt 0.488607 0.694194
vt 0.519264 0.690654
vt 0.488115 0.771892
vt 0.325410 0.702626
vt 0.548006 0.702626
vt 0.534384 0.768139
vt 0.526155 0.826580
vt 0.871550 0.135882
vt 0.878746 0.101995
vt 0.889478 0.130283
vt 0.872551 0.169084
vt 0.890780 0.188735
vt 0.877462 0.190478
vt 0.922639 0.167571
vt 0.935297 0.185887
vt 0.920749 0.187847
vt 0.921525 0.224936
vt 0.918361 0.202482
vt 0.929276 0.204979
vt 0.931337 0.231965
vt 0.937293 0.209631
vt 0.945966 0.214250
vt 0.926268 0.228148
vt 0.955500 0.162482
vt 0.961388 0.188607
vt 0.948469 0.185730
vt 0.939378 0.163801
vt 0.907668 0.227997
vt 0.890181 0.214427
vt 0.897858 0.209191
vt 0.916836 0.223941
vt 0.906562 0.204568
vt 0.912096 0.224786
vt 0.905543 0.169530
vt 0.904931 0.188956
vt 0.888814 0.169008
vt 0.929076 0.095979
vt 0.941633 0.125755
vt 0.924315 0.125934
vt 0.924537 0.149933
vt 0.942434 0.142269
vt 0.971110 0.164898
vt 0.961305 0.139466
vt 0.979181 0.144631
vt 0.972061 0.116369
vt 0.984547 0.134208
vt 0.962514 0.128202
vt 0.951702 0.109227
vt 0.869956 0.148732
vt 0.906314 0.152908
vt 0.888355 0.151091
vt 0.902676 0.091288
vt 0.907198 0.128336
vt 0.573815 0.760166
vt 0.575745 0.716050
vt 0.585588 0.717600
vt 0.632274 0.597930
vt 0.602678 0.638421
vt 0.610613 0.592956
vt 0.660068 0.658908
vt 0.681406 0.618396
vt 0.697804 0.630877
vt 0.739817 0.580740
vt 0.696876 0.592955
vt 0.715468 0.566247
vt 0.681648 0.531529
vt 0.680369 0.575021
vt 0.656605 0.562421
vt 0.702089 0.546499
vt 0.635597 0.636563
vt 0.659278 0.607075
vt 0.716630 0.608579
vt 0.649510 0.644552
vt 0.656554 0.528165
vt 0.631492 0.559315
vt 0.741234 0.618126
vt 0.629972 0.529272
vt 0.607737 0.559128
vt 0.670973 0.674384
vt 0.714743 0.646061
vt 0.584580 0.639865
vt 0.591273 0.764782
vt 0.605489 0.721847
vt 0.615018 0.726606
vt 0.636348 0.691043
vt 0.623267 0.690491
vt 0.601740 0.676064
vt 0.611071 0.685060
vt 0.595336 0.718969
vt 0.579935 0.761040
vt 0.585770 0.762431
vt 0.619445 0.635953
vt 0.649431 0.692438
vt 0.590479 0.668242
vt 0.596333 0.768042
vt 0.622944 0.732663
vt 0.566047 0.713928
vt 0.567562 0.759400
vt 0.817153 0.550869
vt 0.843234 0.523111
vt 0.845887 0.549996
vt 0.820960 0.592397
vt 0.852369 0.605159
vt 0.838113 0.617295
vt 0.895262 0.576597
vt 0.908495 0.597930
vt 0.889663 0.592121
vt 0.886158 0.634708
vt 0.900059 0.616227
vt 0.894307 0.636038
vt 0.902431 0.640299
vt 0.923822 0.632125
vt 0.910470 0.646238
vt 0.912387 0.623284
vt 0.961664 0.595272
vt 0.924312 0.607896
vt 0.941849 0.584930
vt 0.939363 0.618882
vt 0.886736 0.613158
vt 0.920850 0.578501
vt 0.870438 0.642090
vt 0.850433 0.633118
vt 0.861202 0.623450
vt 0.873310 0.615944
vt 0.878156 0.636929
vt 0.866914 0.578792
vt 0.868922 0.595160
vt 0.842084 0.584084
vt 0.905875 0.515537
vt 0.928213 0.543273
vt 0.900021 0.548580
vt 0.898429 0.566346
vt 0.926080 0.559820
vt 0.953101 0.559920
vt 0.976368 0.571144
vt 0.967046 0.539761
vt 0.986732 0.559160
vt 0.959386 0.544337
vt 0.935996 0.527158
vt 0.842392 0.566410
vt 0.869999 0.568881
vt 0.873687 0.513060
vt 0.873269 0.551477
vt 0.815760 0.566466
vt 0.747985 0.367593
vt 0.734667 0.439252
vt 0.736462 0.368013
vt 0.770622 0.230438
vt 0.762920 0.160092
vt 0.793364 0.172923
vt 0.700765 0.224449
vt 0.666415 0.167283
vt 0.697761 0.154794
vt 0.676288 0.044773
vt 0.700084 0.097922
vt 0.657675 0.103107
vt 0.839817 0.007247
vt 0.857204 0.113310
vt 0.820502 0.106027
vt 0.637224 0.024197
vt 0.621180 0.110788
vt 0.794604 0.238746
vt 0.823850 0.185019
vt 0.678665 0.232481
vt 0.637092 0.182787
vt 0.792026 0.015666
vt 0.784483 0.098980
vt 0.712522 0.055073
vt 0.746049 0.095141
vt 0.750203 0.039716
vt 0.724034 0.221271
vt 0.730863 0.151992
vt 0.747685 0.223608
vt 0.725403 0.440368
vt 0.701767 0.371078
vt 0.713164 0.369337
vt 0.705730 0.297898
vt 0.689284 0.301320
vt 0.774747 0.299752
vt 0.757086 0.297157
vt 0.656182 0.243742
vt 0.672098 0.307433
vt 0.739356 0.439356
vt 0.759372 0.368272
vt 0.743960 0.439893
vt 0.690808 0.374626
vt 0.716581 0.443171
vt 0.720921 0.441564
vt 0.722810 0.296305
vt 0.740091 0.296251
vt 0.729986 0.439595
vt 0.724760 0.368648
vt 0.024062 0.538472
vt 0.039615 0.494870
vt 0.050774 0.528762
vt 0.052711 0.635549
vt 0.058094 0.591252
vt 0.069934 0.628859
vt 0.105956 0.591728
vt 0.125894 0.622151
vt 0.106761 0.620542
vt 0.119622 0.693333
vt 0.107714 0.656860
vt 0.121871 0.657459
vt 0.141444 0.696442
vt 0.136053 0.660108
vt 0.150110 0.664191
vt 0.130586 0.694178
vt 0.153803 0.588921
vt 0.161503 0.632825
vt 0.143975 0.626981
vt 0.131176 0.589801
vt 0.076042 0.698051
vt 0.079568 0.661520
vt 0.086775 0.695256
vt 0.097684 0.693872
vt 0.108647 0.693362
vt 0.093603 0.658169
vt 0.087743 0.623131
vt 0.080702 0.590987
vt 0.065727 0.666290
vt 0.103017 0.481905
vt 0.131078 0.518789
vt 0.103985 0.516346
vt 0.127943 0.560486
vt 0.176821 0.557104
vt 0.151723 0.556861
vt 0.167057 0.491549
vt 0.184860 0.534396
vt 0.157737 0.525958
vt 0.135825 0.484580
vt 0.033347 0.560673
vt 0.036337 0.594351
vt 0.082375 0.561511
vt 0.058410 0.559059
vt 0.077060 0.520255
vt 0.070423 0.486335
vt 0.666400 0.754440
vt 0.696786 0.686035
vt 0.717569 0.733313
vt 0.669862 0.808241
vt 0.718849 0.869476
vt 0.680758 0.878455
vt 0.807744 0.865306
vt 0.859876 0.830209
vt 0.854965 0.869704
vt 0.820352 0.968879
vt 0.803464 0.911486
vt 0.835337 0.918858
vt 0.860131 0.992647
vt 0.863657 0.933719
vt 0.890293 0.950796
vt 0.840327 0.979290
vt 0.952135 0.824535
vt 0.893956 0.879461
vt 0.906334 0.820875
vt 0.930468 0.893225
vt 0.736558 0.985708
vt 0.740799 0.926259
vt 0.757668 0.974589
vt 0.799669 0.964718
vt 0.770740 0.914795
vt 0.778627 0.966484
vt 0.761314 0.827840
vt 0.759469 0.864590
vt 0.712476 0.940294
vt 0.715841 0.813075
vt 0.824888 0.644212
vt 0.868330 0.726118
vt 0.818405 0.716210
vt 0.810416 0.837464
vt 0.859043 0.791727
vt 0.958818 0.788529
vt 0.908009 0.781974
vt 0.943210 0.707181
vt 0.967629 0.773261
vt 0.917212 0.747913
vt 0.890339 0.669044
vt 0.670519 0.771811
vt 0.767641 0.789872
vt 0.721215 0.775240
vt 0.767797 0.718299
vt 0.755677 0.654700
vt 0.813080 0.796768
vt 0.849163 0.266370
vt 0.880268 0.240068
vt 0.871351 0.272204
vt 0.785250 0.440802
vt 0.808773 0.421997
vt 0.801124 0.446683
vt 0.841517 0.474579
vt 0.872127 0.452869
vt 0.852501 0.483612
vt 0.806724 0.519564
vt 0.800479 0.550339
vt 0.791676 0.544685
vt 0.760630 0.498731
vt 0.759609 0.529865
vt 0.752183 0.526124
vt 0.744305 0.560020
vt 0.780293 0.572498
vt 0.788320 0.576646
vt 0.736684 0.553851
vt 0.743757 0.522319
vt 0.750106 0.496185
vt 0.829688 0.510694
vt 0.813555 0.529492
vt 0.778686 0.472603
vt 0.766164 0.470708
vt 0.753864 0.468955
vt 0.780062 0.404385
vt 0.771122 0.436972
vt 0.822242 0.500411
vt 0.756723 0.433750
vt 0.764801 0.397618
vt 0.781819 0.502390
vt 0.768055 0.533829
vt 0.776464 0.537673
vt 0.799515 0.511263
vt 0.783638 0.540561
vt 0.762477 0.567890
vt 0.771801 0.569793
vt 0.752922 0.565181
vt 0.791147 0.505859
vt 0.840881 0.439821
vt 0.817833 0.456754
vt 0.824485 0.431739
vt 0.802344 0.479672
vt 0.813314 0.488895
vt 0.830889 0.466014
vt 0.856930 0.446175
vt 0.771070 0.500242
vt 0.790400 0.475259
vt 0.966183 0.297376
vt 0.931150 0.305120
vt 0.951309 0.275784
vt 0.880356 0.390317
vt 0.909450 0.370722
vt 0.898709 0.394755
vt 0.886376 0.424983
vt 0.804611 0.382673
vt 0.788990 0.372347
vt 0.820413 0.351967
vt 0.816447 0.316600
vt 0.832945 0.326159
vt 0.805386 0.342006
vt 0.869091 0.420500
vt 0.788653 0.333782
vt 0.798558 0.308379
vt 0.893013 0.362149
vt 0.925864 0.348383
vt 0.841170 0.297604
vt 0.821585 0.290195
vt 0.854460 0.237515
vt 0.826886 0.259774
vt 0.830528 0.232022
vt 0.911424 0.334135
vt 0.946580 0.322297
vt 0.801355 0.282664
vt 0.804803 0.252508
vt 0.807959 0.222637
vt 0.834070 0.363598
vt 0.877380 0.354468
vt 0.847967 0.375046
vt 0.862111 0.345423
vt 0.852118 0.415150
vt 0.835488 0.406928
vt 0.863249 0.384156
vt 0.794099 0.412456
vt 0.819556 0.395420
vt 0.847648 0.335697
vt 0.931246 0.257091
vt 0.892888 0.279714
vt 0.906560 0.245215
vt 0.895588 0.322215
vt 0.878162 0.312151
vt 0.913173 0.290653
vt 0.859952 0.304280
vt 0.287897 0.988077
vt 0.015745 0.715926
vt 0.287897 0.715926
vt 0.015745 0.988077
vt 0.860616 0.120738
vt 0.903088 0.232142
vt 0.996269 0.120852
vt 0.769608 0.588435
vt 0.589010 0.588705
vt 0.576183 0.666962
vt 0.561453 0.758758
vt 0.815935 0.539244
vt 0.863051 0.648991
vt 0.998063 0.554206
vt 0.883896 0.021777
vt 0.009534 0.505900
vt 0.175702 0.590863
vt 0.105195 0.562292
vt 0.197649 0.501095
vt 0.642704 0.720846
vt 0.995430 0.743300
vt 0.729378 0.548186
vt 0.772896 0.364341
s 1
usemtl lambert3SG
f 62/1/1 84/2/2 83/3/3
f 21/4/4 43/5/5 42/6/6
f 23/7/7 25/8/8 24/9/9
f 12/10/10 15/11/11 14/12/12
f 10/13/13 7/14/14 11/15/15
f 8/16/16 11/15/15 1/17/17
f 4/18/18 14/12/12 13/19/19
f 13/19/19 10/13/13 8/16/16
f 9/20/20 14/12/12 15/11/11
f 6/21/21 19/22/22 15/11/11
f 17/23/23 9/20/20 18/24/24
f 18/24/24 15/11/11 19/22/22
f 3/25/25 22/26/26 20/27/27
f 21/4/4 18/24/24 22/26/26
f 16/28/28 24/9/9 19/22/22
f 22/26/26 19/22/22 24/9/9
f 20/27/27 24/9/9 25/8/8
f 11/15/15 34/29/29 33/30/30
f 28/31/31 31/32/32 30/33/33
f 26/34/34 30/33/33 29/35/35
f 29/35/35 12/10/10 4/18/18
f 6/21/21 30/33/33 31/32/32
f 1/17/17 33/30/30 32/36/36
f 32/37/36 28/31/31 26/34/34
f 27/38/37 33/39/30 34/40/29
f 40/41/38 38/42/39 35/43/40
f 27/38/37 37/44/41 31/32/32
f 16/28/28 31/32/32 37/44/41
f 36/45/42 39/46/43 37/44/41
f 23/7/7 37/44/41 39/46/43
f 40/41/38 23/7/7 39/46/43
f 7/14/14 41/47/44 34/29/29
f 36/45/42 34/40/29 41/48/44
f 17/23/23 42/6/6 41/47/44
f 38/42/39 41/48/44 42/49/6
f 35/43/40 42/49/6 43/50/5
f 44/51/45 65/52/46 64/53/47
f 54/54/48 56/55/49 55/56/50
f 5/57/51 50/58/52 25/8/8
f 47/59/53 20/27/27 49/60/54
f 25/8/8 49/60/54 20/27/27
f 45/61/55 53/62/56 51/63/57
f 52/64/58 49/60/54 53/62/56
f 48/65/59 55/56/50 50/58/52
f 50/58/52 53/62/56 49/60/54
f 51/63/57 55/56/50 56/55/49
f 46/66/60 60/67/61 56/55/49
f 45/61/55 59/68/62 57/69/63
f 51/63/57 60/67/61 59/68/62
f 2/70/64 63/71/65 61/72/66
f 62/1/1 59/68/62 63/71/65
f 58/73/67 65/52/46 60/67/61
f 63/71/65 60/67/61 65/52/46
f 66/74/68 63/71/65 65/52/46
f 52/64/58 75/75/69 74/76/70
f 72/77/71 70/78/72 67/79/73
f 35/43/40 69/80/74 40/41/38
f 48/65/59 40/41/38 69/80/74
f 68/81/75 71/82/76 69/80/74
f 54/54/48 69/80/74 71/82/76
f 46/66/60 71/82/76 72/77/71
f 3/25/25 73/83/77 43/5/5
f 68/81/75 43/50/5 73/84/77
f 47/59/53 74/76/70 73/83/77
f 70/78/72 73/84/77 74/85/70
f 67/79/73 74/85/70 75/86/69
f 81/87/78 79/88/79 76/89/80
f 67/79/73 78/90/81 72/77/71
f 58/73/67 72/77/71 78/90/81
f 77/91/82 80/92/83 78/90/81
f 64/53/47 78/90/81 80/92/83
f 81/87/78 64/53/47 80/92/83
f 45/61/55 82/93/84 75/75/69
f 77/91/82 75/86/69 82/94/84
f 57/69/63 83/3/3 82/93/84
f 79/88/79 82/94/84 83/95/3
f 76/89/80 83/95/3 84/96/2
f 116/97/85 126/98/86 125/99/87
f 87/100/88 108/101/89 97/102/90
f 89/103/91 100/104/92 99/105/93
f 94/106/94 90/107/95 95/108/96
f 85/109/97 93/110/98 91/111/99
f 92/112/100 95/108/96 93/110/98
f 96/113/101 97/114/90 98/115/102
f 97/114/90 93/110/98 98/115/102
f 99/105/93 95/108/96 90/107/95
f 98/115/102 95/108/96 100/104/92
f 101/116/103 98/115/102 100/104/92
f 104/117/104 91/118/99 105/119/105
f 88/120/106 103/121/107 90/107/95
f 102/122/108 105/119/105 103/121/107
f 106/123/109 99/105/93 107/124/110
f 90/107/95 107/124/110 99/105/93
f 97/102/90 105/119/105 91/118/99
f 108/101/89 103/121/107 105/119/105
f 109/125/111 107/124/110 108/101/89
f 110/126/112 119/127/113 118/128/114
f 101/116/103 112/129/115 114/130/116
f 87/131/88 113/132/117 111/133/118
f 96/113/101 114/130/116 113/132/117
f 115/134/119 116/135/85 117/136/120
f 111/133/118 117/136/120 116/135/85
f 112/129/115 119/127/113 114/130/116
f 117/136/120 114/130/116 119/127/113
f 120/137/121 117/136/120 119/127/113
f 111/138/118 109/125/111 87/100/88
f 121/139/122 89/103/91 106/123/109
f 122/140/123 106/123/109 109/125/111
f 123/141/124 118/128/114 124/142/125
f 112/129/115 124/142/125 118/128/114
f 116/97/85 122/140/123 111/138/118
f 125/99/87 121/139/122 122/140/123
f 123/141/124 125/99/87 126/98/86
f 128/143/126 167/144/127 158/145/128
f 139/146/129 151/147/130 150/148/131
f 131/149/132 142/150/133 141/151/134
f 130/152/135 137/153/136 136/154/137
f 127/155/138 135/156/139 133/157/140
f 136/154/137 135/156/139 134/158/141
f 138/159/142 139/146/129 140/160/143
f 133/157/140 140/160/143 139/146/129
f 132/161/144 142/150/133 137/153/136
f 140/160/143 137/153/136 142/150/133
f 143/162/145 140/160/143 142/150/133
f 146/163/146 133/157/140 147/164/147
f 130/152/135 145/165/148 132/161/144
f 144/166/149 147/164/147 145/167/148
f 148/168/150 141/151/134 149/169/151
f 132/161/144 149/169/151 141/151/134
f 139/146/129 147/164/147 133/157/140
f 150/148/131 145/167/148 147/164/147
f 148/170/150 150/148/131 151/147/130
f 152/171/152 161/172/153 160/173/154
f 143/162/145 154/174/155 156/175/156
f 153/176/157 138/159/142 155/177/158
f 138/159/142 156/175/156 155/177/158
f 128/143/126 159/178/159 157/179/160
f 153/176/157 159/178/159 158/145/128
f 156/175/156 160/173/154 161/172/153
f 155/177/158 161/172/153 159/178/159
f 157/179/160 161/172/153 162/180/161
f 153/176/157 151/147/130 129/181/162
f 163/182/163 131/149/132 148/168/150
f 164/183/164 148/170/150 151/147/130
f 165/184/165 160/173/154 166/185/166
f 160/173/154 163/182/163 166/185/166
f 158/145/128 164/183/164 153/176/157
f 166/186/166 164/183/164 167/144/127
f 168/187/167 166/186/166 167/144/127
f 200/188/168 210/189/169 209/190/170
f 171/191/171 192/192/172 181/193/173
f 173/194/174 184/195/175 183/196/176
f 172/197/177 179/198/178 178/199/179
f 176/200/180 175/201/181 169/202/182
f 178/199/179 177/203/183 176/200/180
f 171/204/171 182/205/184 180/206/185
f 181/207/173 177/203/183 182/205/184
f 183/196/176 179/198/178 174/208/186
f 182/205/184 179/198/178 184/195/175
f 180/206/185 184/195/175 185/209/187
f 188/210/188 175/211/181 189/212/189
f 172/197/177 187/213/190 174/208/186
f 186/214/191 189/212/189 187/213/190
f 190/215/192 183/196/176 191/216/193
f 174/208/186 191/216/193 183/196/176
f 181/193/173 189/212/189 175/211/181
f 192/192/172 187/213/190 189/212/189
f 193/217/194 191/216/193 192/192/172
f 194/218/195 203/219/196 202/220/197
f 185/209/187 196/221/198 198/222/199
f 171/204/171 197/223/200 195/224/201
f 180/206/185 198/222/199 197/223/200
f 199/225/202 200/226/168 201/227/203
f 200/226/168 197/223/200 201/227/203
f 198/222/199 202/220/197 203/219/196
f 197/223/200 203/219/196 201/227/203
f 204/228/204 201/227/203 203/219/196
f 171/191/171 206/229/205 193/217/194
f 205/230/206 173/194/174 190/215/192
f 206/229/205 190/215/192 193/217/194
f 207/231/207 202/220/197 208/232/208
f 196/221/198 208/232/208 202/220/197
f 195/233/201 209/190/170 206/229/205
f 208/232/208 206/229/205 209/190/170
f 207/231/207 209/190/170 210/189/169
f 242/234/209 252/235/210 251/236/211
f 213/237/212 234/238/213 223/239/214
f 215/240/215 226/241/216 225/242/217
f 220/243/218 216/244/219 221/245/220
f 211/246/221 219/247/222 217/248/223
f 218/249/224 221/245/220 219/250/222
f 222/251/225 223/239/214 224/252/226
f 217/248/223 224/252/226 223/239/214
f 225/242/217 221/245/220 216/244/219
f 226/241/216 219/250/222 221/245/220
f 227/253/227 224/254/226 226/241/216
f 230/255/228 217/248/223 231/256/229
f 214/257/230 229/258/231 216/244/219
f 228/259/232 231/256/229 229/258/231
f 232/260/233 225/242/217 233/261/234
f 216/244/219 233/261/234 225/242/217
f 223/239/214 231/256/229 217/248/223
f 234/238/213 229/258/231 231/256/229
f 235/262/235 233/261/234 234/238/213
f 236/263/236 245/264/237 244/265/238
f 227/253/227 238/266/239 240/267/240
f 213/237/212 239/268/241 237/269/242
f 222/270/225 240/267/240 239/271/241
f 212/272/243 243/273/244 241/274/245
f 237/269/242 243/273/244 242/234/209
f 240/267/240 244/265/238 245/264/237
f 239/271/241 245/264/237 243/275/244
f 241/276/245 245/264/237 246/277/246
f 237/269/242 235/262/235 213/237/212
f 247/278/247 215/240/215 232/260/233
f 248/279/248 232/260/233 235/262/235
f 249/280/249 244/265/238 250/281/250
f 244/265/238 247/278/247 250/281/250
f 242/234/209 248/279/248 237/269/242
f 250/281/250 248/279/248 251/236/211
f 252/235/210 250/281/250 251/236/211
f 284/282/251 294/283/252 293/284/253
f 265/285/254 277/286/255 276/287/256
f 257/288/257 268/289/258 267/290/259
f 262/291/260 258/292/261 263/293/262
f 253/294/263 261/295/264 259/296/265
f 260/297/266 263/293/262 261/295/264
f 264/298/267 265/299/254 266/300/268
f 265/299/254 261/295/264 266/300/268
f 258/292/261 268/289/258 263/293/262
f 266/300/268 263/293/262 268/289/258
f 269/301/269 266/300/268 268/289/258
f 253/302/263 273/303/270 272/304/271
f 270/305/272 258/292/261 256/306/273
f 272/304/271 271/307/274 270/305/272
f 257/288/257 275/308/275 274/309/276
f 258/292/261 275/308/275 267/290/259
f 265/285/254 273/303/270 259/310/265
f 276/287/256 271/307/274 273/303/270
f 274/309/276 276/287/256 277/286/255
f 278/311/277 287/312/278 286/313/279
f 257/288/257 282/314/280 269/301/269
f 279/315/281 264/298/267 281/316/282
f 269/301/269 281/316/282 264/298/267
f 283/317/283 284/318/251 285/319/284
f 279/315/281 285/319/284 284/318/251
f 282/314/280 286/313/279 287/312/278
f 281/316/282 287/312/278 285/319/284
f 288/320/285 285/319/284 287/312/278
f 279/321/281 277/286/255 255/322/286
f 289/323/287 257/288/257 274/309/276
f 290/324/288 274/309/276 277/286/255
f 278/311/277 292/325/289 291/326/290
f 286/313/279 289/323/287 292/325/289
f 279/321/281 293/284/253 290/324/288
f 292/325/289 290/324/288 293/284/253
f 291/326/290 293/284/253 294/283/252
f 326/327/291 336/328/292 335/329/293
f 297/330/294 318/331/295 307/332/296
f 309/333/297 311/334/298 310/335/299
f 304/336/300 300/337/301 305/338/302
f 295/339/303 303/340/304 301/341/305
f 302/342/306 305/338/302 303/340/304
f 297/343/294 308/344/307 306/345/308
f 301/341/305 308/344/307 307/346/296
f 309/333/297 305/338/302 300/337/301
f 310/335/299 303/340/304 305/338/302
f 306/345/308 310/335/299 311/334/298
f 295/347/303 315/348/309 314/349/310
f 298/350/311 313/351/312 300/337/301
f 314/349/310 313/351/312 312/352/313
f 316/353/314 309/333/297 317/354/315
f 309/333/297 313/351/312 317/354/315
f 301/355/305 318/331/295 315/348/309
f 317/354/315 315/348/309 318/331/295
f 319/356/316 317/354/315 318/331/295
f 320/357/317 329/358/318 328/359/319
f 299/360/320 324/361/321 311/334/298
f 321/362/322 306/345/308 323/363/323
f 311/334/298 323/363/323 306/345/308
f 325/364/324 326/365/291 327/366/325
f 321/362/322 327/366/325 326/365/291
f 324/361/321 328/359/319 329/358/318
f 327/366/325 324/361/321 329/358/318
f 330/367/326 327/366/325 329/358/318
f 321/368/322 319/356/316 297/330/294
f 331/369/327 299/360/320 316/353/314
f 332/370/328 316/353/314 319/356/316
f 320/357/317 334/371/329 333/372/330
f 322/373/331 334/371/329 328/359/319
f 326/327/291 332/370/328 321/368/322
f 335/329/293 331/369/327 332/370/328
f 333/372/330 335/329/293 336/328/292
f 398/374/332 420/375/333 419/376/334
f 357/377/335 379/378/336 378/379/337
f 359/380/338 361/381/339 360/382/340
f 342/383/341 350/384/342 348/385/343
f 345/386/344 347/387/345 346/388/346
f 337/389/347 346/388/346 347/387/345
f 340/390/348 350/384/342 349/391/349
f 344/392/350 350/393/342 346/388/346
f 351/394/351 346/388/346 350/393/342
f 342/383/341 355/395/352 351/396/351
f 353/397/353 345/386/344 354/398/354
f 354/398/354 351/394/351 355/399/352
f 356/400/355 357/377/335 358/401/356
f 357/377/335 354/398/354 358/401/356
f 352/402/357 360/382/340 355/395/352
f 358/401/356 355/399/352 360/403/340
f 361/404/339 358/401/356 360/403/340
f 347/387/345 370/405/358 369/406/359
f 364/407/360 367/408/361 366/409/362
f 362/410/363 366/409/362 365/411/364
f 365/411/364 348/385/343 340/390/348
f 342/383/341 366/409/362 367/408/361
f 337/389/347 369/406/359 368/412/365
f 368/412/365 364/407/360 362/410/363
f 363/413/366 369/406/359 370/405/358
f 376/414/367 374/415/368 371/416/369
f 367/408/361 372/417/370 373/418/371
f 342/383/341 373/418/371 352/402/357
f 373/418/371 374/415/368 375/419/372
f 352/402/357 375/419/372 359/380/338
f 341/420/373 375/419/372 376/414/367
f 343/421/374 377/422/375 370/405/358
f 377/422/375 363/413/366 370/405/358
f 353/397/353 378/379/337 377/422/375
f 378/379/337 372/417/370 377/422/375
f 371/416/369 378/379/337 379/378/336
f 402/423/376 400/424/377 380/425/378
f 390/426/379 392/427/380 391/428/381
f 341/420/373 386/429/382 361/381/339
f 383/430/383 356/400/355 385/431/384
f 361/404/339 385/431/384 356/400/355
f 388/432/385 387/433/386 381/434/387
f 383/430/383 389/435/388 388/432/385
f 384/436/389 391/428/381 386/429/382
f 385/431/384 391/437/381 389/435/388
f 392/438/380 389/435/388 391/437/381
f 382/439/390 396/440/391 392/427/380
f 393/441/392 387/433/386 395/442/393
f 392/438/380 395/442/393 387/433/386
f 338/443/394 399/444/395 397/445/396
f 398/374/332 395/442/393 399/444/395
f 394/446/397 401/447/398 396/440/391
f 399/444/395 396/448/391 401/449/398
f 397/445/396 401/449/398 402/450/376
f 381/434/387 410/451/399 388/432/385
f 408/452/400 406/453/401 403/454/402
f 371/416/369 405/455/403 376/414/367
f 384/436/389 376/414/367 405/455/403
f 404/456/404 407/457/405 405/455/403
f 390/426/379 405/455/403 407/457/405
f 382/439/390 407/457/405 408/452/400
f 339/458/406 409/459/407 379/378/336
f 404/456/404 379/378/336 409/459/407
f 388/432/385 409/459/407 383/430/383
f 406/453/401 409/459/407 410/451/399
f 403/454/402 410/451/399 411/460/408
f 417/461/409 415/462/410 412/463/411
f 403/454/402 414/464/412 408/452/400
f 394/446/397 408/452/400 414/464/412
f 413/465/413 416/466/414 414/464/412
f 400/424/377 414/464/412 416/466/414
f 380/425/378 416/466/414 417/461/409
f 381/434/387 418/467/415 411/460/408
f 413/465/413 411/460/408 418/467/415
f 393/441/392 419/376/334 418/467/415
f 415/462/410 418/467/415 419/376/334
f 412/463/411 419/376/334 420/375/333
f 62/1/1 2/70/64 84/2/2
f 21/4/4 3/25/25 43/5/5
f 23/7/7 5/57/51 25/8/8
f 12/10/10 6/21/21 15/11/11
f 10/13/13 9/20/20 7/14/14
f 8/16/16 10/13/13 11/15/15
f 4/18/18 12/10/10 14/12/12
f 13/19/19 14/12/12 10/13/13
f 9/20/20 10/13/13 14/12/12
f 6/21/21 16/28/28 19/22/22
f 17/23/23 7/14/14 9/20/20
f 18/24/24 9/20/20 15/11/11
f 3/25/25 21/4/4 22/26/26
f 21/4/4 17/23/23 18/24/24
f 16/28/28 23/7/7 24/9/9
f 22/26/26 18/24/24 19/22/22
f 20/27/27 22/26/26 24/9/9
f 11/15/15 7/14/14 34/29/29
f 28/31/31 27/38/37 31/32/32
f 26/34/34 28/31/31 30/33/33
f 29/35/35 30/33/33 12/10/10
f 6/21/21 12/10/10 30/33/33
f 1/17/17 11/15/15 33/30/30
f 32/37/36 33/39/30 28/31/31
f 27/38/37 28/31/31 33/39/30
f 40/41/38 39/46/43 38/42/39
f 27/38/37 36/45/42 37/44/41
f 16/28/28 6/21/21 31/32/32
f 36/45/42 38/42/39 39/46/43
f 23/7/7 16/28/28 37/44/41
f 40/41/38 5/57/51 23/7/7
f 7/14/14 17/23/23 41/47/44
f 36/45/42 27/38/37 34/40/29
f 17/23/23 21/4/4 42/6/6
f 38/42/39 36/45/42 41/48/44
f 35/43/40 38/42/39 42/49/6
f 44/51/45 66/74/68 65/52/46
f 54/54/48 46/66/60 56/55/49
f 5/57/51 48/65/59 50/58/52
f 47/59/53 3/25/25 20/27/27
f 25/8/8 50/58/52 49/60/54
f 45/61/55 52/64/58 53/62/56
f 52/64/58 47/59/53 49/60/54
f 48/65/59 54/54/48 55/56/50
f 50/58/52 55/56/50 53/62/56
f 51/63/57 53/62/56 55/56/50
f 46/66/60 58/73/67 60/67/61
f 45/61/55 51/63/57 59/68/62
f 51/63/57 56/55/49 60/67/61
f 2/70/64 62/1/1 63/71/65
f 62/1/1 57/69/63 59/68/62
f 58/73/67 64/53/47 65/52/46
f 63/71/65 59/68/62 60/67/61
f 66/74/68 61/72/66 63/71/65
f 52/64/58 45/61/55 75/75/69
f 72/77/71 71/82/76 70/78/72
f 35/43/40 68/81/75 69/80/74
f 48/65/59 5/57/51 40/41/38
f 68/81/75 70/78/72 71/82/76
f 54/54/48 48/65/59 69/80/74
f 46/66/60 54/54/48 71/82/76
f 3/25/25 47/59/53 73/83/77
f 68/81/75 35/43/40 43/50/5
f 47/59/53 52/64/58 74/76/70
f 70/78/72 68/81/75 73/84/77
f 67/79/73 70/78/72 74/85/70
f 81/87/78 80/92/83 79/88/79
f 67/79/73 77/91/82 78/90/81
f 58/73/67 46/66/60 72/77/71
f 77/91/82 79/88/79 80/92/83
f 64/53/47 58/73/67 78/90/81
f 81/87/78 44/51/45 64/53/47
f 45/61/55 57/69/63 82/93/84
f 77/91/82 67/79/73 75/86/69
f 57/69/63 62/1/1 83/3/3
f 79/88/79 77/91/82 82/94/84
f 76/89/80 79/88/79 83/95/3
f 116/97/85 86/472/447 126/98/86
f 87/100/88 109/125/111 108/101/89
f 89/103/91 101/116/103 100/104/92
f 94/106/94 88/120/106 90/107/95
f 85/109/97 92/112/100 93/110/98
f 92/112/100 94/106/94 95/108/96
f 96/113/101 87/131/88 97/114/90
f 97/114/90 91/111/99 93/110/98
f 99/105/93 100/104/92 95/108/96
f 98/115/102 93/110/98 95/108/96
f 101/116/103 96/113/101 98/115/102
f 104/117/104 85/473/97 91/118/99
f 88/120/106 102/122/108 103/121/107
f 102/122/108 104/117/104 105/119/105
f 106/123/109 89/103/91 99/105/93
f 90/107/95 103/121/107 107/124/110
f 97/102/90 108/101/89 105/119/105
f 108/101/89 107/124/110 103/121/107
f 109/125/111 106/123/109 107/124/110
f 110/126/112 120/137/121 119/127/113
f 101/116/103 89/103/91 112/129/115
f 87/131/88 96/113/101 113/132/117
f 96/113/101 101/116/103 114/130/116
f 115/134/119 86/474/447 116/135/85
f 111/133/118 113/132/117 117/136/120
f 112/129/115 118/128/114 119/127/113
f 117/136/120 113/132/117 114/130/116
f 120/137/121 115/134/119 117/136/120
f 111/138/118 122/140/123 109/125/111
f 121/139/122 112/129/115 89/103/91
f 122/140/123 121/139/122 106/123/109
f 123/141/124 110/126/112 118/128/114
f 112/129/115 121/139/122 124/142/125
f 116/97/85 125/99/87 122/140/123
f 125/99/87 124/142/125 121/139/122
f 123/141/124 124/142/125 125/99/87
f 128/143/126 168/187/167 167/144/127
f 139/146/129 129/181/162 151/147/130
f 131/149/132 143/162/145 142/150/133
f 130/152/135 132/161/144 137/153/136
f 127/155/138 134/158/141 135/156/139
f 136/154/137 137/153/136 135/156/139
f 138/159/142 129/181/162 139/146/129
f 133/157/140 135/156/139 140/160/143
f 132/161/144 141/151/134 142/150/133
f 140/160/143 135/156/139 137/153/136
f 143/162/145 138/159/142 140/160/143
f 146/163/146 127/155/138 133/157/140
f 130/152/135 144/475/149 145/165/148
f 144/166/149 146/163/146 147/164/147
f 148/168/150 131/149/132 141/151/134
f 132/161/144 145/165/148 149/169/151
f 139/146/129 150/148/131 147/164/147
f 150/148/131 149/476/151 145/167/148
f 148/170/150 149/476/151 150/148/131
f 152/171/152 162/180/161 161/172/153
f 143/162/145 131/149/132 154/174/155
f 153/176/157 129/181/162 138/159/142
f 138/159/142 143/162/145 156/175/156
f 128/143/126 158/145/128 159/178/159
f 153/176/157 155/177/158 159/178/159
f 156/175/156 154/174/155 160/173/154
f 155/177/158 156/175/156 161/172/153
f 157/179/160 159/178/159 161/172/153
f 153/176/157 164/183/164 151/147/130
f 163/182/163 154/174/155 131/149/132
f 164/183/164 163/477/163 148/170/150
f 165/184/165 152/171/152 160/173/154
f 160/173/154 154/174/155 163/182/163
f 158/145/128 167/144/127 164/183/164
f 166/186/166 163/477/163 164/183/164
f 168/187/167 165/478/165 166/186/166
f 200/188/168 170/479/448 210/189/169
f 171/191/171 193/217/194 192/192/172
f 173/194/174 185/209/187 184/195/175
f 172/197/177 174/208/186 179/198/178
f 176/200/180 177/203/183 175/201/181
f 178/199/179 179/198/178 177/203/183
f 171/204/171 181/207/173 182/205/184
f 181/207/173 175/201/181 177/203/183
f 183/196/176 184/195/175 179/198/178
f 182/205/184 177/203/183 179/198/178
f 180/206/185 182/205/184 184/195/175
f 188/210/188 169/480/182 175/211/181
f 172/197/177 186/214/191 187/213/190
f 186/214/191 188/210/188 189/212/189
f 190/215/192 173/194/174 183/196/176
f 174/208/186 187/213/190 191/216/193
f 181/193/173 192/192/172 189/212/189
f 192/192/172 191/216/193 187/213/190
f 193/217/194 190/215/192 191/216/193
f 194/218/195 204/228/204 203/219/196
f 185/209/187 173/194/174 196/221/198
f 171/204/171 180/206/185 197/223/200
f 180/206/185 185/209/187 198/222/199
f 199/225/202 170/481/448 200/226/168
f 200/226/168 195/224/201 197/223/200
f 198/222/199 196/221/198 202/220/197
f 197/223/200 198/222/199 203/219/196
f 204/228/204 199/225/202 201/227/203
f 171/191/171 195/233/201 206/229/205
f 205/230/206 196/221/198 173/194/174
f 206/229/205 205/230/206 190/215/192
f 207/231/207 194/218/195 202/220/197
f 196/221/198 205/230/206 208/232/208
f 195/233/201 200/188/168 209/190/170
f 208/232/208 205/230/206 206/229/205
f 207/231/207 208/232/208 209/190/170
f 242/234/209 212/272/243 252/235/210
f 213/237/212 235/262/235 234/238/213
f 215/240/215 227/253/227 226/241/216
f 220/243/218 214/257/230 216/244/219
f 211/246/221 218/482/224 219/247/222
f 218/249/224 220/243/218 221/245/220
f 222/251/225 213/237/212 223/239/214
f 217/248/223 219/247/222 224/252/226
f 225/242/217 226/241/216 221/245/220
f 226/241/216 224/254/226 219/250/222
f 227/253/227 222/270/225 224/254/226
f 230/255/228 211/246/221 217/248/223
f 214/257/230 228/259/232 229/258/231
f 228/259/232 230/255/228 231/256/229
f 232/260/233 215/240/215 225/242/217
f 216/244/219 229/258/231 233/261/234
f 223/239/214 234/238/213 231/256/229
f 234/238/213 233/261/234 229/258/231
f 235/262/235 232/260/233 233/261/234
f 236/263/236 246/277/246 245/264/237
f 227/253/227 215/240/215 238/266/239
f 213/237/212 222/251/225 239/268/241
f 222/270/225 227/253/227 240/267/240
f 212/272/243 242/234/209 243/273/244
f 237/269/242 239/268/241 243/273/244
f 240/267/240 238/266/239 244/265/238
f 239/271/241 240/267/240 245/264/237
f 241/276/245 243/275/244 245/264/237
f 237/269/242 248/279/248 235/262/235
f 247/278/247 238/266/239 215/240/215
f 248/279/248 247/278/247 232/260/233
f 249/280/249 236/263/236 244/265/238
f 244/265/238 238/266/239 247/278/247
f 242/234/209 251/236/211 248/279/248
f 250/281/250 247/278/247 248/279/248
f 252/235/210 249/280/249 250/281/250
f 284/282/251 254/483/449 294/283/252
f 265/285/254 255/322/286 277/286/255
f 257/288/257 269/301/269 268/289/258
f 262/291/260 256/306/273 258/292/261
f 253/294/263 260/297/266 261/295/264
f 260/297/266 262/291/260 263/293/262
f 264/298/267 255/484/286 265/299/254
f 265/299/254 259/296/265 261/295/264
f 258/292/261 267/290/259 268/289/258
f 266/300/268 261/295/264 263/293/262
f 269/301/269 264/298/267 266/300/268
f 253/302/263 259/310/265 273/303/270
f 270/305/272 271/307/274 258/292/261
f 272/304/271 273/303/270 271/307/274
f 257/288/257 267/290/259 275/308/275
f 258/292/261 271/307/274 275/308/275
f 265/285/254 276/287/256 273/303/270
f 276/287/256 275/308/275 271/307/274
f 274/309/276 275/308/275 276/287/256
f 278/311/277 288/320/285 287/312/278
f 257/288/257 280/485/450 282/314/280
f 279/315/281 255/484/286 264/298/267
f 269/301/269 282/314/280 281/316/282
f 283/317/283 254/486/449 284/318/251
f 279/315/281 281/316/282 285/319/284
f 282/314/280 280/485/450 286/313/279
f 281/316/282 282/314/280 287/312/278
f 288/320/285 283/317/283 285/319/284
f 279/321/281 290/324/288 277/286/255
f 289/323/287 280/485/450 257/288/257
f 290/324/288 289/323/287 274/309/276
f 278/311/277 286/313/279 292/325/289
f 286/313/279 280/485/450 289/323/287
f 279/321/281 284/282/251 293/284/253
f 292/325/289 289/323/287 290/324/288
f 291/326/290 292/325/289 293/284/253
f 326/327/291 296/487/451 336/328/292
f 297/330/294 319/356/316 318/331/295
f 309/333/297 299/360/320 311/334/298
f 304/336/300 298/350/311 300/337/301
f 295/339/303 302/342/306 303/340/304
f 302/342/306 304/336/300 305/338/302
f 297/343/294 307/346/296 308/344/307
f 301/341/305 303/340/304 308/344/307
f 309/333/297 310/335/299 305/338/302
f 310/335/299 308/344/307 303/340/304
f 306/345/308 308/344/307 310/335/299
f 295/347/303 301/355/305 315/348/309
f 298/350/311 312/352/313 313/351/312
f 314/349/310 315/348/309 313/351/312
f 316/353/314 299/360/320 309/333/297
f 309/333/297 300/337/301 313/351/312
f 301/355/305 307/332/296 318/331/295
f 317/354/315 313/351/312 315/348/309
f 319/356/316 316/353/314 317/354/315
f 320/357/317 330/367/326 329/358/318
f 299/360/320 322/373/331 324/361/321
f 321/362/322 297/343/294 306/345/308
f 311/334/298 324/361/321 323/363/323
f 325/364/324 296/488/451 326/365/291
f 321/362/322 323/363/323 327/366/325
f 324/361/321 322/373/331 328/359/319
f 327/366/325 323/363/323 324/361/321
f 330/367/326 325/364/324 327/366/325
f 321/368/322 332/370/328 319/356/316
f 331/369/327 322/373/331 299/360/320
f 332/370/328 331/369/327 316/353/314
f 320/357/317 328/359/319 334/371/329
f 322/373/331 331/369/327 334/371/329
f 326/327/291 335/329/293 332/370/328
f 335/329/293 334/371/329 331/369/327
f 333/372/330 334/371/329 335/329/293
f 398/374/332 338/443/394 420/375/333
f 357/377/335 339/458/406 379/378/336
f 359/380/338 341/420/373 361/381/339
f 342/383/341 351/396/351 350/384/342
f 345/386/344 343/421/374 347/387/345
f 337/389/347 344/392/350 346/388/346
f 340/390/348 348/385/343 350/384/342
f 344/392/350 349/489/349 350/393/342
f 351/394/351 345/386/344 346/388/346
f 342/383/341 352/402/357 355/395/352
f 353/397/353 343/421/374 345/386/344
f 354/398/354 345/386/344 351/394/351
f 356/400/355 339/458/406 357/377/335
f 357/377/335 353/397/353 354/398/354
f 352/402/357 359/380/338 360/382/340
f 358/401/356 354/398/354 355/399/352
f 361/404/339 356/400/355 358/401/356
f 347/387/345 343/421/374 370/405/358
f 364/407/360 363/413/366 367/408/361
f 362/410/363 364/407/360 366/409/362
f 365/411/364 366/409/362 348/385/343
f 342/383/341 348/385/343 366/409/362
f 337/389/347 347/387/345 369/406/359
f 368/412/365 369/406/359 364/407/360
f 363/413/366 364/407/360 369/406/359
f 376/414/367 375/419/372 374/415/368
f 367/408/361 363/413/366 372/417/370
f 342/383/341 367/408/361 373/418/371
f 373/418/371 372/417/370 374/415/368
f 352/402/357 373/418/371 375/419/372
f 341/420/373 359/380/338 375/419/372
f 343/421/374 353/397/353 377/422/375
f 377/422/375 372/417/370 363/413/366
f 353/397/353 357/377/335 378/379/337
f 378/379/337 374/415/368 372/417/370
f 371/416/369 374/415/368 378/379/337
f 402/423/376 401/447/398 400/424/377
f 390/426/379 382/439/390 392/427/380
f 341/420/373 384/436/389 386/429/382
f 383/430/383 339/458/406 356/400/355
f 361/404/339 386/490/382 385/431/384
f 388/432/385 389/435/388 387/433/386
f 383/430/383 385/431/384 389/435/388
f 384/436/389 390/426/379 391/428/381
f 385/431/384 386/490/382 391/437/381
f 392/438/380 387/433/386 389/435/388
f 382/439/390 394/446/397 396/440/391
f 393/441/392 381/434/387 387/433/386
f 392/438/380 396/448/391 395/442/393
f 338/443/394 398/374/332 399/444/395
f 398/374/332 393/441/392 395/442/393
f 394/446/397 400/424/377 401/447/398
f 399/444/395 395/442/393 396/448/391
f 397/445/396 399/444/395 401/449/398
f 381/434/387 411/460/408 410/451/399
f 408/452/400 407/457/405 406/453/401
f 371/416/369 404/456/404 405/455/403
f 384/436/389 341/420/373 376/414/367
f 404/456/404 406/453/401 407/457/405
f 390/426/379 384/436/389 405/455/403
f 382/439/390 390/426/379 407/457/405
f 339/458/406 383/430/383 409/459/407
f 404/456/404 371/416/369 379/378/336
f 388/432/385 410/451/399 409/459/407
f 406/453/401 404/456/404 409/459/407
f 403/454/402 406/453/401 410/451/399
f 417/461/409 416/466/414 415/462/410
f 403/454/402 413/465/413 414/464/412
f 394/446/397 382/439/390 408/452/400
f 413/465/413 415/462/410 416/466/414
f 400/424/377 394/446/397 414/464/412
f 380/425/378 400/424/377 416/466/414
f 381/434/387 393/441/392 418/467/415
f 413/465/413 403/454/402 411/460/408
f 393/441/392 398/374/332 419/376/334
f 415/462/410 413/465/413 418/467/415
f 412/463/411 415/462/410 419/376/334
usemtl lambert2SG
f 421/468/416 424/469/416 423/470/416
f 425/468/417 428/469/417 427/470/417
f 430/471/418 431/470/418 429/468/418
f 434/471/419 435/470/419 433/468/419
f 438/471/417 439/470/417 437/468/417
f 442/471/419 443/470/419 441/468/419
f 445/468/419 448/469/419 447/470/419
f 449/468/420 452/469/420 451/470/420
f 453/468/419 456/469/419 455/470/419
f 458/471/419 459/470/419 457/468/419
f 462/471/419 463/470/419 461/468/419
f 465/468/421 468/469/421 467/470/421
f 470/471/422 471/470/422 469/468/422
f 474/471/422 475/470/422 473/468/422
f 478/471/423 479/470/423 477/468/423
f 482/471/423 483/470/423 481/468/423
f 486/471/422 487/470/422 485/468/422
f 490/471/422 491/470/422 489/468/422
f 494/471/423 495/470/423 493/468/423
f 497/468/421 500/469/421 499/470/421
f 502/471/424 503/470/424 501/468/424
f 505/468/424 508/469/424 507/470/424
f 509/468/421 512/469/421 511/470/421
f 513/468/421 516/469/421 515/470/421
f 518/471/425 519/470/425 517/468/425
f 521/468/422 524/469/422 523/470/422
f 525/468/424 528/469/424 527/470/424
f 529/468/424 532/469/424 531/470/424
f 533/468/424 536/469/424 535/470/424
f 538/471/424 539/470/424 537/468/424
f 541/468/422 544/469/422 543/470/422
f 546/471/426 547/470/426 545/468/426
f 549/468/423 552/469/423 551/470/423
f 554/471/427 555/470/427 553/468/427
f 557/468/427 560/469/427 559/470/427
f 561/468/421 564/469/421 563/470/421
f 565/468/428 568/469/428 567/470/428
f 569/468/428 572/469/428 571/470/428
f 574/471/427 575/470/427 573/468/427
f 578/471/428 579/470/428 577/468/428
f 582/471/428 583/470/428 581/468/428
f 586/471/425 587/470/425 585/468/425
f 590/471/425 591/470/425 589/468/425
f 594/471/425 595/470/425 593/468/425
f 598/471/425 599/470/425 597/468/425
f 602/471/425 603/470/425 601/468/425
f 606/471/423 607/470/423 605/468/423
f 610/471/423 611/470/423 609/468/423
f 614/471/426 615/470/426 613/468/426
f 618/471/422 619/470/422 617/468/422
f 622/471/422 623/470/422 621/468/422
f 625/468/422 628/469/422 627/470/422
f 629/468/422 632/469/422 631/470/422
f 634/471/424 635/470/424 633/468/424
f 637/468/424 640/469/424 639/470/424
f 641/468/424 644/469/424 643/470/424
f 645/468/422 648/469/422 647/470/422
f 649/468/422 652/469/422 651/470/422
f 653/468/424 656/469/424 655/470/424
f 657/468/421 660/469/421 659/470/421
f 662/471/421 663/470/421 661/468/421
f 665/468/421 668/469/421 667/470/421
f 670/471/422 671/470/422 669/468/422
f 674/471/422 675/470/422 673/468/422
f 677/468/422 680/469/422 679/470/422
f 682/471/426 683/470/426 681/468/426
f 686/471/426 687/470/426 685/468/426
f 690/471/421 691/470/421 689/468/421
f 694/471/421 695/470/421 693/468/421
f 698/471/422 699/470/422 697/468/422
f 702/471/422 703/470/422 701/468/422
f 705/468/422 708/469/422 707/470/422
f 709/468/424 712/469/424 711/470/424
f 713/468/424 716/469/424 715/470/424
f 717/468/424 720/469/424 719/470/424
f 721/468/422 724/469/422 723/470/422
f 725/468/424 728/469/424 727/470/424
f 730/471/424 731/470/424 729/468/424
f 733/468/423 736/469/423 735/470/423
f 737/468/421 740/469/421 739/470/421
f 742/471/428 743/470/428 741/468/428
f 745/468/428 748/469/428 747/470/428
f 750/471/424 751/470/424 749/468/424
f 754/471/421 755/470/421 753/468/421
f 758/471/422 759/470/422 757/468/422
f 762/471/426 763/470/426 761/468/426
f 766/471/426 767/470/426 765/468/426
f 770/471/426 771/470/426 769/468/426
f 774/471/423 775/470/423 773/468/423
f 778/471/425 779/470/425 777/468/425
f 782/471/425 783/470/425 781/468/425
f 786/471/422 787/470/422 785/468/422
f 790/471/422 791/470/422 789/468/422
f 794/471/421 795/470/421 793/468/421
f 797/468/422 800/469/422 799/470/422
f 802/471/427 803/470/427 801/468/427
f 805/468/424 808/469/424 807/470/424
f 809/468/422 812/469/422 811/470/422
f 813/468/416 816/469/416 815/470/416
f 817/468/416 820/469/416 819/470/416
f 821/468/416 824/469/416 823/470/416
f 826/471/419 827/470/419 825/468/419
f 829/468/419 832/469/419 831/470/419
f 833/468/429 836/469/429 835/470/429
f 838/471/430 839/470/430 837/468/430
f 841/468/416 844/469/416 843/470/416
f 845/468/419 848/469/419 847/470/419
f 849/468/430 852/469/430 851/470/430
f 854/471/417 855/470/417 853/468/417
f 858/471/431 859/470/431 857/468/431
f 862/471/431 863/470/431 861/468/432
f 865/468/428 868/469/428 867/470/428
f 870/471/421 871/470/421 869/468/421
f 874/471/421 875/470/421 873/468/421
f 877/468/424 880/469/424 879/470/424
f 882/471/418 883/470/418 881/468/418
f 886/471/429 887/470/429 885/468/429
f 890/471/431 891/470/431 889/468/432
f 894/471/429 895/470/429 893/468/429
f 897/468/419 900/469/419 899/470/419
f 902/471/419 903/470/419 901/468/419
f 906/471/419 907/470/419 905/468/419
f 909/468/416 912/469/416 911/470/416
f 914/471/424 915/470/424 913/468/424
f 918/471/423 919/470/423 917/468/423
f 922/471/425 923/470/425 921/468/425
f 925/468/433 928/469/433 927/470/433
f 930/471/423 931/470/423 929/468/423
f 934/471/423 935/470/423 933/468/423
f 938/471/423 939/470/423 937/468/423
f 941/468/428 944/469/428 943/470/428
f 945/468/428 948/469/428 947/470/428
f 949/468/428 952/469/428 951/470/428
f 953/468/428 956/469/428 955/470/428
f 957/468/428 960/469/428 959/470/428
f 962/471/434 963/470/434 961/468/434
f 966/471/422 967/470/422 965/468/422
f 970/471/422 971/470/422 969/468/422
f 973/468/424 976/469/424 975/470/424
f 978/471/425 979/470/425 977/468/425
f 981/468/427 984/469/427 983/470/427
f 985/468/428 988/469/428 987/470/428
f 990/471/428 991/470/428 989/468/428
f 994/471/428 995/470/428 993/468/428
f 998/471/425 999/470/425 997/468/425
f 1001/468/435 1004/469/435 1003/470/435
f 1006/471/425 1007/470/425 1005/468/425
f 1010/471/423 1011/470/423 1009/468/423
f 1013/468/424 1016/469/424 1015/470/424
f 1017/468/421 1020/469/421 1019/470/421
f 1021/468/423 1024/469/423 1023/470/423
f 1026/471/422 1027/470/422 1025/468/422
f 1029/468/422 1032/469/422 1031/470/422
f 1033/468/423 1036/469/423 1035/470/423
f 1038/471/423 1039/470/423 1037/468/423
f 1042/471/422 1043/470/422 1041/468/422
f 1046/471/422 1047/470/422 1045/468/422
f 1050/471/421 1051/470/421 1049/468/421
f 1054/471/424 1055/470/424 1053/468/424
f 1057/468/424 1060/469/424 1059/470/424
f 1062/471/422 1063/470/422 1061/468/422
f 1066/471/422 1067/470/422 1065/468/422
f 1069/468/422 1072/469/422 1071/470/422
f 1074/471/422 1075/470/422 1073/468/422
f 1078/471/422 1079/470/422 1077/468/422
f 1082/471/422 1083/470/422 1081/468/422
f 1086/471/424 1087/470/424 1085/468/424
f 1090/471/424 1091/470/424 1089/468/424
f 1094/471/424 1095/470/424 1093/468/424
f 1097/468/425 1100/469/425 1099/470/425
f 1102/471/422 1103/470/422 1101/468/422
f 1105/468/424 1108/469/424 1107/470/424
f 1110/471/424 1111/470/424 1109/468/424
f 1113/468/424 1116/469/424 1115/470/424
f 1118/471/424 1119/470/424 1117/468/424
f 1121/468/424 1124/469/424 1123/470/424
f 1125/468/424 1128/469/424 1127/470/424
f 1130/471/423 1131/470/423 1129/468/423
f 1133/468/424 1136/469/424 1135/470/424
f 1137/468/425 1140/469/425 1139/470/425
f 1141/468/423 1144/469/423 1143/470/423
f 1146/471/424 1147/470/424 1145/468/424
f 1149/468/424 1152/469/424 1151/470/424
f 1154/471/422 1155/470/422 1153/468/422
f 1158/471/424 1159/470/424 1157/468/424
f 1162/471/424 1163/470/424 1161/468/424
f 1165/468/422 1168/469/422 1167/470/422
f 1170/471/422 1171/470/422 1169/468/422
f 1173/468/423 1176/469/423 1175/470/423
f 1177/468/428 1180/469/428 1179/470/428
f 1181/468/428 1184/469/428 1183/470/428
f 1186/471/425 1187/470/425 1185/468/425
f 1190/471/423 1191/470/423 1189/468/423
f 1193/468/433 1196/469/433 1195/470/433
f 1198/471/424 1199/470/424 1197/468/424
f 1201/468/421 1204/469/421 1203/470/421
f 1206/471/427 1207/470/427 1205/468/427
f 1210/471/425 1211/470/425 1209/468/425
f 1214/471/427 1215/470/427 1213/468/427
f 1218/471/427 1219/470/427 1217/468/427
f 1221/468/421 1224/469/421 1223/470/421
f 1226/471/421 1227/470/421 1225/468/421
f 1229/468/425 1232/469/425 1231/470/425
f 1233/468/425 1236/469/425 1235/470/425
f 1237/468/423 1240/469/423 1239/470/423
f 1242/471/425 1243/470/425 1241/468/425
f 1245/468/425 1248/469/425 1247/470/425
f 1249/468/433 1252/469/433 1251/470/433
f 1254/471/426 1255/470/426 1253/468/426
f 1258/471/421 1259/470/421 1257/468/421
f 1262/471/426 1263/470/426 1261/468/426
f 1265/468/421 1268/469/421 1267/470/421
f 1270/471/426 1271/470/426 1269/468/426
f 1274/471/426 1275/470/426 1273/468/426
f 1277/468/426 1280/469/426 1279/470/426
f 1281/468/422 1284/469/422 1283/470/422
f 1286/471/422 1287/470/422 1285/468/422
f 1290/471/426 1291/470/426 1289/468/426
f 1293/468/424 1296/469/424 1295/470/424
f 1298/471/426 1299/470/426 1297/468/426
f 1302/471/421 1303/470/421 1301/468/421
f 1306/471/421 1307/470/421 1305/468/421
f 1310/471/426 1311/470/426 1309/468/426
f 1314/471/422 1315/470/422 1313/468/422
f 1318/471/424 1319/470/424 1317/468/424
f 1322/471/425 1323/470/425 1321/468/425
f 1325/468/425 1328/469/425 1327/470/425
f 1330/471/422 1331/470/422 1329/468/422
f 1334/471/422 1335/470/422 1333/468/422
f 1337/468/426 1340/469/426 1339/470/426
f 1342/471/426 1343/470/426 1341/468/426
f 1346/471/426 1347/470/426 1345/468/426
f 1350/471/426 1351/470/426 1349/468/426
f 1353/468/423 1356/469/423 1355/470/423
f 1358/471/423 1359/470/423 1357/468/423
f 1362/471/425 1363/470/425 1361/468/425
f 1366/471/425 1367/470/425 1365/468/425
f 1370/471/436 1371/470/436 1369/468/436
f 1374/471/423 1375/470/423 1373/468/423
f 1378/471/425 1379/470/425 1377/468/425
f 1382/471/425 1383/470/425 1381/468/425
f 1385/468/425 1388/469/425 1387/470/425
f 1389/468/425 1392/469/425 1391/470/425
f 1394/471/425 1395/470/425 1393/468/425
f 1398/471/425 1399/470/425 1397/468/425
f 1402/471/422 1403/470/422 1401/468/422
f 1405/468/422 1408/469/422 1407/470/422
f 1409/468/421 1412/469/421 1411/470/421
f 1414/471/426 1415/470/426 1413/468/426
f 1417/468/422 1420/469/422 1419/470/422
f 1421/468/422 1424/469/422 1423/470/422
f 1425/468/422 1428/469/422 1427/470/422
f 1430/471/426 1431/470/426 1429/468/426
f 1433/468/421 1436/469/421 1435/470/421
f 1438/471/428 1439/470/428 1437/468/428
f 1442/471/426 1443/470/426 1441/468/426
f 1445/468/422 1448/469/422 1447/470/422
f 1449/468/425 1452/469/425 1451/470/425
f 1454/471/436 1455/470/436 1453/468/436
f 1458/471/427 1459/470/427 1457/468/427
f 1461/468/424 1464/469/424 1463/470/424
f 1465/468/424 1468/469/424 1467/470/424
f 1469/468/424 1472/469/424 1471/470/424
f 1474/471/422 1475/470/422 1473/468/422
f 1478/471/426 1479/470/426 1477/468/426
f 1482/471/426 1483/470/426 1481/468/426
f 1486/471/422 1487/470/422 1485/468/422
f 1489/468/422 1492/469/422 1491/470/422
f 1494/471/426 1495/470/426 1493/468/426
f 1497/468/421 1500/469/421 1499/470/421
f 1501/468/422 1504/469/422 1503/470/422
f 1506/471/422 1507/470/422 1505/468/422
f 1509/468/422 1512/469/422 1511/470/422
f 1514/471/422 1515/470/422 1513/468/422
f 1517/468/422 1520/469/422 1519/470/422
f 1521/468/422 1524/469/422 1523/470/422
f 1526/471/422 1527/470/422 1525/468/422
f 1530/471/424 1531/470/424 1529/468/424
f 1533/468/424 1536/469/424 1535/470/424
f 1537/468/427 1540/469/427 1539/470/427
f 1542/471/425 1543/470/425 1541/468/425
f 1546/471/425 1547/470/425 1545/468/425
f 1549/468/425 1552/469/425 1551/470/425
f 1553/468/425 1556/469/425 1555/470/425
f 1558/471/427 1559/470/427 1557/468/427
f 1562/471/427 1563/470/427 1561/468/427
f 1565/468/428 1568/469/428 1567/470/428
f 1569/468/428 1572/469/428 1571/470/428
f 1573/468/423 1576/469/423 1575/470/423
f 1578/471/427 1579/470/427 1577/468/427
f 1581/468/428 1584/469/428 1583/470/428
f 1586/471/428 1587/470/428 1585/468/428
f 1590/471/437 1591/470/437 1589/468/437
f 1594/471/425 1595/470/425 1593/468/425
f 1598/471/424 1599/470/424 1597/468/424
f 1601/468/422 1604/469/422 1603/470/422
f 1605/468/426 1608/469/426 1607/470/426
f 1609/468/419 1612/469/419 1611/470/419
f 1613/468/421 1616/469/421 1615/470/421
f 1617/468/422 1620/469/422 1619/470/422
f 1621/468/426 1624/469/426 1623/470/426
f 1626/471/422 1627/470/422 1625/468/422
f 1629/468/416 1632/469/416 1631/470/416
f 1634/471/427 1635/470/427 1633/468/427
f 1638/471/427 1639/470/427 1637/468/427
f 1641/468/416 1644/469/416 1643/470/416
f 1645/468/416 1648/469/416 1647/470/416
f 1649/468/422 1652/469/422 1651/470/422
f 1654/471/424 1655/470/424 1653/468/424
f 1658/471/421 1659/470/421 1657/468/421
f 1662/471/424 1663/470/424 1661/468/424
f 1665/468/422 1668/469/422 1667/470/422
f 1669/468/422 1672/469/422 1671/470/422
f 1673/468/422 1676/469/422 1675/470/422
f 1677/468/422 1680/469/422 1679/470/422
f 1681/468/424 1684/469/424 1683/470/424
f 1685/468/422 1688/469/422 1687/470/422
f 1689/468/422 1692/469/422 1691/470/422
f 1694/471/421 1695/470/421 1693/468/421
f 1698/471/423 1699/470/423 1697/468/423
f 1702/471/426 1703/470/426 1701/468/426
f 1706/471/421 1707/470/421 1705/468/421
f 1709/468/421 1712/469/421 1711/470/421
f 1713/468/428 1716/469/428 1715/470/428
f 1717/468/421 1720/469/421 1719/470/421
f 1721/468/422 1724/469/422 1723/470/422
f 1725/468/424 1728/469/424 1727/470/424
f 1729/468/427 1732/469/427 1731/470/427
f 1734/471/424 1735/470/424 1733/468/424
f 1737/468/424 1740/469/424 1739/470/424
f 1742/471/421 1743/470/421 1741/468/421
f 1746/471/427 1747/470/427 1745/468/427
f 1749/468/422 1752/469/422 1751/470/422
f 1754/471/424 1755/470/424 1753/468/424
f 1757/468/424 1760/469/424 1759/470/424
f 1761/468/422 1764/469/422 1763/470/422
f 1765/468/422 1768/469/422 1767/470/422
f 1770/471/424 1771/470/424 1769/468/424
f 1774/471/421 1775/470/421 1773/468/421
f 1777/468/421 1780/469/421 1779/470/421
f 1782/471/426 1783/470/426 1781/468/426
f 1786/471/426 1787/470/426 1785/468/426
f 1790/471/426 1791/470/426 1789/468/426
f 1794/471/426 1795/470/426 1793/468/426
f 1798/471/426 1799/470/426 1797/468/426
f 1802/471/426 1803/470/426 1801/468/426
f 1805/468/422 1808/469/422 1807/470/422
f 1810/471/421 1811/470/421 1809/468/421
f 1814/471/424 1815/470/424 1813/468/424
f 1818/471/424 1819/470/424 1817/468/424
f 1822/471/421 1823/470/421 1821/468/421
f 1825/468/421 1828/469/421 1827/470/421
f 1830/471/424 1831/470/424 1829/468/424
f 1834/471/421 1835/470/421 1833/468/421
f 1838/471/422 1839/470/422 1837/468/422
f 1842/471/424 1843/470/424 1841/468/424
f 1846/471/438 1847/470/438 1845/468/438
f 1849/468/422 1852/469/422 1851/470/422
f 1854/471/423 1855/470/423 1853/468/423
f 1857/468/423 1860/469/423 1859/470/423
f 1862/471/425 1863/470/425 1861/468/425
f 1866/471/425 1867/470/425 1865/468/425
f 1870/471/425 1871/470/425 1869/468/425
f 1874/471/426 1875/470/426 1873/468/426
f 1878/471/426 1879/470/426 1877/468/426
f 1881/468/422 1884/469/422 1883/470/422
f 1885/468/424 1888/469/424 1887/470/424
f 1889/468/422 1892/469/422 1891/470/422
f 1894/471/422 1895/470/422 1893/468/422
f 1897/468/422 1900/469/422 1899/470/422
f 1902/471/423 1903/470/423 1901/468/423
f 1905/468/423 1908/469/423 1907/470/423
f 1910/471/425 1911/470/425 1909/468/425
f 1913/468/425 1916/469/425 1915/470/425
f 1917/468/425 1920/469/425 1919/470/425
f 1922/471/425 1923/470/425 1921/468/425
f 1925/468/436 1928/469/436 1927/470/436
f 1930/471/425 1931/470/425 1929/468/425
f 1933/468/425 1936/469/425 1935/470/425
f 1938/471/423 1939/470/423 1937/468/423
f 1942/471/425 1943/470/425 1941/468/425
f 1946/471/423 1947/470/423 1945/468/423
f 1949/468/422 1952/469/422 1951/470/422
f 1954/471/426 1955/470/426 1953/468/426
f 1958/471/421 1959/470/421 1957/468/421
f 1961/468/425 1964/469/425 1963/470/425
f 1965/468/423 1968/469/423 1967/470/423
f 1970/471/428 1971/470/428 1969/468/428
f 1974/471/421 1975/470/421 1973/468/421
f 1977/468/421 1980/469/421 1979/470/421
f 1982/471/421 1983/470/421 1981/468/421
f 1985/468/425 1988/469/425 1987/470/425
f 1989/468/421 1992/469/421 1991/470/421
f 1994/471/424 1995/470/424 1993/468/424
f 1998/471/422 1999/470/422 1997/468/422
f 2001/468/423 2004/469/423 2003/470/423
f 2005/468/424 2008/469/424 2007/470/424
f 2009/468/422 2012/469/422 2011/470/422
f 2014/471/422 2015/470/422 2013/468/422
f 2018/471/425 2019/470/425 2017/468/425
f 2021/468/422 2024/469/422 2023/470/422
f 2026/471/424 2027/470/424 2025/468/424
f 2030/471/426 2031/470/426 2029/468/426
f 2034/471/426 2035/470/426 2033/468/426
f 2037/468/424 2040/469/424 2039/470/424
f 2041/468/426 2044/469/426 2043/470/426
f 2045/468/422 2048/469/422 2047/470/422
f 2049/468/424 2052/469/424 2051/470/424
f 2053/468/423 2056/469/423 2055/470/423
f 2057/468/423 2060/469/423 2059/470/423
f 2061/468/428 2064/469/428 2063/470/428
f 2066/471/425 2067/470/425 2065/468/425
f 2070/471/425 2071/470/425 2069/468/425
f 2074/471/423 2075/470/423 2073/468/423
f 2077/468/423 2080/469/423 2079/470/423
f 2082/471/425 2083/470/425 2081/468/425
f 2085/468/423 2088/469/423 2087/470/423
f 2090/471/423 2091/470/423 2089/468/423
f 2093/468/423 2096/469/423 2095/470/423
f 2097/468/428 2100/469/428 2099/470/428
f 2102/471/427 2103/470/427 2101/468/427
f 2106/471/427 2107/470/427 2105/468/427
f 2109/468/422 2112/469/422 2111/470/422
f 2113/468/422 2116/469/422 2115/470/422
f 2117/468/424 2120/469/424 2119/470/424
f 2121/468/424 2124/469/424 2123/470/424
f 2126/471/424 2127/470/424 2125/468/424
f 2130/471/425 2131/470/425 2129/468/425
f 2134/471/422 2135/470/422 2133/468/422
f 2137/468/422 2140/469/422 2139/470/422
f 2142/471/422 2143/470/422 2141/468/422
f 2146/471/422 2147/470/422 2145/468/422
f 2150/471/428 2151/470/428 2149/468/428
f 2154/471/424 2155/470/424 2153/468/424
f 2158/471/422 2159/470/422 2157/468/422
f 2162/471/424 2163/470/424 2161/468/424
f 2166/471/426 2167/470/426 2165/468/426
f 2170/471/426 2171/470/426 2169/468/426
f 2174/471/426 2175/470/426 2173/468/426
f 2178/471/426 2179/470/426 2177/468/426
f 2182/471/426 2183/470/426 2181/468/426
f 2185/468/421 2188/469/421 2187/470/421
f 2189/468/421 2192/469/421 2191/470/421
f 2194/471/421 2195/470/421 2193/468/421
f 2198/471/421 2199/470/421 2197/468/421
f 2202/471/423 2203/470/423 2201/468/423
f 2205/468/424 2208/469/424 2207/470/424
f 2210/471/424 2211/470/424 2209/468/424
f 2213/468/422 2216/469/422 2215/470/422
f 2218/471/424 2219/470/424 2217/468/424
f 2222/471/422 2223/470/422 2221/468/422
f 2226/471/423 2227/470/423 2225/468/423
f 2230/471/425 2231/470/425 2229/468/425
f 2233/468/424 2236/469/424 2235/470/424
f 2237/468/425 2240/469/425 2239/470/425
f 2241/468/424 2244/469/424 2243/470/424
f 2246/471/423 2247/470/423 2245/468/423
f 2250/471/425 2251/470/425 2249/468/425
f 2254/471/423 2255/470/423 2253/468/423
f 2258/471/424 2259/470/424 2257/468/424
f 2261/468/423 2264/469/423 2263/470/423
f 2265/468/421 2268/469/421 2267/470/421
f 2270/471/423 2271/470/423 2269/468/423
f 2273/468/422 2276/469/422 2275/470/422
f 2277/468/423 2280/469/423 2279/470/423
f 2281/468/422 2284/469/422 2283/470/422
f 2286/471/422 2287/470/422 2285/468/422
f 2290/471/422 2291/470/422 2289/468/422
f 2293/468/422 2296/469/422 2295/470/422
f 2297/468/423 2300/469/423 2299/470/423
f 2302/471/426 2303/470/426 2301/468/426
f 2306/471/425 2307/470/425 2305/468/425
f 2309/468/425 2312/469/425 2311/470/425
f 2314/471/424 2315/470/424 2313/468/424
f 2317/468/424 2320/469/424 2319/470/424
f 2322/471/421 2323/470/421 2321/468/421
f 2325/468/421 2328/469/421 2327/470/421
f 2330/471/426 2331/470/426 2329/468/426
f 2334/471/426 2335/470/426 2333/468/426
f 2338/471/426 2339/470/426 2337/468/426
f 2341/468/426 2344/469/426 2343/470/426
f 2346/471/426 2347/470/426 2345/468/426
f 2350/471/426 2351/470/426 2349/468/426
f 2354/471/426 2355/470/426 2353/468/426
f 2358/471/426 2359/470/426 2357/468/426
f 2362/471/426 2363/470/426 2361/468/426
f 2365/468/421 2368/469/421 2367/470/421
f 2370/471/428 2371/470/428 2369/468/428
f 2373/468/423 2376/469/423 2375/470/423
f 2378/471/428 2379/470/428 2377/468/428
f 2382/471/428 2383/470/428 2381/468/428
f 2386/471/428 2387/470/428 2385/468/428
f 2390/471/427 2391/470/427 2389/468/427
f 2393/468/422 2396/469/422 2395/470/422
f 2398/471/424 2399/470/424 2397/468/424
f 2402/471/424 2403/470/424 2401/468/424
f 2406/471/422 2407/470/422 2405/468/422
f 2410/471/422 2411/470/422 2409/468/422
f 2414/471/426 2415/470/426 2413/468/426
f 2418/471/433 2419/470/433 2417/468/433
f 2422/471/424 2423/470/424 2421/468/424
f 2425/468/423 2428/469/423 2427/470/423
f 2430/471/425 2431/470/425 2429/468/425
f 2433/468/425 2436/469/425 2435/470/425
f 2438/471/425 2439/470/425 2437/468/425
f 2442/471/426 2443/470/426 2441/468/426
f 2446/471/426 2447/470/426 2445/468/426
f 2449/468/416 2452/469/416 2451/470/416
f 2453/468/417 2456/469/417 2455/470/417
f 2457/468/430 2460/469/430 2459/470/430
f 2462/471/430 2463/470/430 2461/468/430
f 2466/471/419 2467/470/419 2465/468/419
f 2469/468/416 2472/469/416 2471/470/416
f 2473/468/416 2476/469/416 2475/470/416
f 2478/471/419 2479/470/419 2477/468/419
f 2481/468/416 2484/469/416 2483/470/416
f 2486/471/416 2487/470/416 2485/468/416
f 2489/468/416 2492/469/416 2491/470/416
f 2494/471/431 2495/470/431 2493/468/431
f 2498/471/431 2499/470/431 2497/468/431
f 2501/468/423 2504/469/423 2503/470/423
f 2505/468/421 2508/469/421 2507/470/421
f 2509/468/421 2512/469/421 2511/470/421
f 2514/471/421 2515/470/421 2513/468/421
f 2518/471/429 2519/470/429 2517/468/429
f 2522/471/419 2523/470/419 2521/468/419
f 2525/468/416 2528/469/416 2527/470/416
f 2529/468/416 2532/469/416 2531/470/416
f 2533/468/416 2536/469/416 2535/470/416
f 2538/471/419 2539/470/419 2537/468/419
f 2541/468/419 2544/469/419 2543/470/419
f 2545/468/416 2548/469/416 2547/470/416
f 2550/471/426 2551/470/426 2549/468/426
f 2554/471/426 2555/470/426 2553/468/426
f 2558/471/428 2559/470/428 2557/468/428
f 2562/471/421 2563/470/421 2561/468/421
f 2566/471/423 2567/470/423 2565/468/423
f 2570/471/428 2571/470/428 2569/468/428
f 2574/471/427 2575/470/427 2573/468/427
f 2577/468/424 2580/469/424 2579/470/424
f 2582/471/424 2583/470/424 2581/468/424
f 2586/471/427 2587/470/427 2585/468/427
f 2590/471/424 2591/470/424 2589/468/424
f 2594/471/421 2595/470/421 2593/468/421
f 2598/471/424 2599/470/424 2597/468/424
f 2602/471/427 2603/470/427 2601/468/427
f 2606/471/426 2607/470/426 2605/468/426
f 2610/471/428 2611/470/428 2609/468/428
f 2613/468/424 2616/469/424 2615/470/424
f 2618/471/421 2619/470/421 2617/468/421
f 2621/468/424 2624/469/424 2623/470/424
f 2626/471/423 2627/470/423 2625/468/423
f 2629/468/422 2632/469/422 2631/470/422
f 2634/471/421 2635/470/421 2633/468/421
f 2637/468/424 2640/469/424 2639/470/424
f 2642/471/425 2643/470/425 2641/468/425
f 2645/468/423 2648/469/423 2647/470/423
f 2650/471/421 2651/470/421 2649/468/421
f 2654/471/422 2655/470/422 2653/468/422
f 2657/468/424 2660/469/424 2659/470/424
f 2662/471/424 2663/470/424 2661/468/424
f 2666/471/424 2667/470/424 2665/468/424
f 2670/471/421 2671/470/421 2669/468/421
f 2674/471/424 2675/470/424 2673/468/424
f 2677/468/422 2680/469/422 2679/470/422
f 2681/468/422 2684/469/422 2683/470/422
f 2685/468/422 2688/469/422 2687/470/422
f 2690/471/424 2691/470/424 2689/468/424
f 2694/471/426 2695/470/426 2693/468/426
f 2698/471/435 2699/470/435 2697/468/435
f 2702/471/424 2703/470/424 2701/468/424
f 2705/468/422 2708/469/422 2707/470/422
f 2710/471/422 2711/470/422 2709/468/422
f 2713/468/422 2716/469/422 2715/470/422
f 2717/468/422 2720/469/422 2719/470/422
f 2721/468/422 2724/469/422 2723/470/422
f 2725/468/422 2728/469/422 2727/470/422
f 2729/468/424 2732/469/424 2731/470/424
f 2733/468/424 2736/469/424 2735/470/424
f 2737/468/433 2740/469/433 2739/470/433
f 2742/471/422 2743/470/422 2741/468/422
f 2745/468/416 2748/469/416 2747/470/416
f 2750/471/429 2751/470/429 2749/468/429
f 2754/471/431 2755/470/431 2753/468/431
f 2758/471/419 2759/470/419 2757/468/419
f 2762/471/430 2763/470/430 2761/468/430
f 2766/471/439 2767/470/439 2765/468/439
f 2769/468/430 2772/469/430 2771/470/430
f 2774/471/430 2775/470/430 2773/468/430
f 2777/468/439 2780/469/439 2779/470/439
f 2781/468/430 2784/469/430 2783/470/430
f 2785/468/430 2788/469/430 2787/470/430
f 2789/468/417 2792/469/417 2791/470/417
f 2794/471/419 2795/470/419 2793/468/419
f 2798/471/431 2799/470/431 2797/468/431
f 2802/471/431 2803/470/431 2801/468/431
f 2805/468/416 2808/469/416 2807/470/416
f 2809/468/429 2812/469/429 2811/470/429
f 2814/471/432 2815/470/432 2813/468/432
f 2818/471/431 2819/470/431 2817/468/431
f 2822/471/431 2823/470/431 2821/468/431
f 2826/471/431 2827/470/431 2825/468/431
f 2830/471/431 2831/470/431 2829/468/431
f 2833/468/416 2836/469/416 2835/470/416
f 2838/471/432 2839/470/432 2837/468/432
f 2841/468/429 2844/469/429 2843/470/429
f 2846/471/424 2847/470/424 2845/468/424
f 2849/468/424 2852/469/424 2851/470/424
f 2853/468/422 2856/469/422 2855/470/422
f 2858/471/427 2859/470/427 2857/468/427
f 2862/471/427 2863/470/427 2861/468/427
f 2865/468/422 2868/469/422 2867/470/422
f 2869/468/425 2872/469/425 2871/470/425
f 2874/471/424 2875/470/424 2873/468/424
f 2877/468/421 2880/469/421 2879/470/421
f 2882/471/421 2883/470/421 2881/468/421
f 2886/471/421 2887/470/421 2885/468/421
f 2889/468/426 2892/469/426 2891/470/426
f 2893/468/423 2896/469/423 2895/470/423
f 2897/468/425 2900/469/425 2899/470/425
f 2902/471/425 2903/470/425 2901/468/425
f 2906/471/425 2907/470/425 2905/468/425
f 2910/471/423 2911/470/423 2909/468/423
f 2914/471/422 2915/470/422 2913/468/422
f 2918/471/423 2919/470/423 2917/468/423
f 2922/471/424 2923/470/424 2921/468/424
f 2926/471/424 2927/470/424 2925/468/424
f 2929/468/424 2932/469/424 2931/470/424
f 2934/471/424 2935/470/424 2933/468/424
f 2937/468/424 2940/469/424 2939/470/424
f 2942/471/424 2943/470/424 2941/468/424
f 2946/471/419 2947/470/419 2945/468/419
f 2950/471/417 2951/470/417 2949/468/417
f 2954/471/425 2955/470/425 2953/468/425
f 2957/468/425 2960/469/425 2959/470/425
f 2961/468/425 2964/469/425 2963/470/425
f 2966/471/425 2967/470/425 2965/468/425
f 2970/471/427 2971/470/427 2969/468/427
f 2973/468/427 2976/469/427 2975/470/427
f 2977/468/427 2980/469/427 2979/470/427
f 2981/468/423 2984/469/423 2983/470/423
f 2985/468/424 2988/469/424 2987/470/424
f 2989/468/421 2992/469/421 2991/470/421
f 2994/471/421 2995/470/421 2993/468/421
f 2997/468/419 3000/469/419 2999/470/419
f 3001/468/439 3004/469/439 3003/470/439
f 3005/468/417 3008/469/417 3007/470/417
f 3009/468/417 3012/469/417 3011/470/417
f 3014/471/417 3015/470/417 3013/468/417
f 3018/471/419 3019/470/419 3017/468/419
f 3021/468/416 3024/469/416 3023/470/416
f 3025/468/416 3028/469/416 3027/470/416
f 3029/468/419 3032/469/419 3031/470/419
f 3034/471/440 3035/470/440 3033/468/440
f 3037/468/416 3040/469/416 3039/470/416
f 3042/471/416 3043/470/416 3041/468/416
f 3046/471/425 3047/470/425 3045/468/425
f 3049/468/423 3052/469/423 3051/470/423
f 3054/471/423 3055/470/423 3053/468/423
f 3058/471/425 3059/470/425 3057/468/425
f 3061/468/425 3064/469/425 3063/470/425
f 3065/468/425 3068/469/425 3067/470/425
f 3069/468/423 3072/469/423 3071/470/423
f 3074/471/423 3075/470/423 3073/468/423
f 3078/471/423 3079/470/423 3077/468/423
f 3082/471/426 3083/470/426 3081/468/426
f 3086/471/426 3087/470/426 3085/468/426
f 3090/471/426 3091/470/426 3089/468/426
f 3093/468/423 3096/469/423 3095/470/423
f 3097/468/428 3100/469/428 3099/470/428
f 3101/468/428 3104/469/428 3103/470/428
f 3105/468/441 3108/469/441 3107/470/441
f 3110/471/425 3111/470/425 3109/468/425
f 3114/471/425 3115/470/425 3113/468/425
f 3118/471/425 3119/470/425 3117/468/425
f 3121/468/425 3124/469/425 3123/470/425
f 3126/471/425 3127/470/425 3125/468/425
f 3129/468/423 3132/469/423 3131/470/423
f 3133/468/423 3136/469/423 3135/470/423
f 3137/468/423 3140/469/423 3139/470/423
f 3142/471/425 3143/470/425 3141/468/425
f 3146/471/421 3147/470/421 3145/468/421
f 3150/471/428 3151/470/428 3149/468/428
f 3153/468/428 3156/469/428 3155/470/428
f 3157/468/428 3160/469/428 3159/470/428
f 3161/468/422 3164/469/422 3163/470/422
f 3165/468/427 3168/469/427 3167/470/427
f 3169/468/424 3172/469/424 3171/470/424
f 3174/471/424 3175/470/424 3173/468/424
f 3177/468/424 3180/469/424 3179/470/424
f 3182/471/421 3183/470/421 3181/468/421
f 3186/471/421 3187/470/421 3185/468/421
f 3190/471/424 3191/470/424 3189/468/424
f 3194/471/424 3195/470/424 3193/468/424
f 3197/468/416 3200/469/416 3199/470/416
f 3202/471/416 3203/470/416 3201/468/416
f 3206/471/416 3207/470/416 3205/468/416
f 3209/468/416 3212/469/416 3211/470/416
f 3213/468/416 3216/469/416 3215/470/416
f 3217/468/416 3220/469/416 3219/470/416
f 3221/468/416 3224/469/416 3223/470/416
f 3226/471/419 3227/470/419 3225/468/419
f 3229/468/419 3232/469/419 3231/470/419
f 3233/468/424 3236/469/424 3235/470/424
f 3237/468/424 3240/469/424 3239/470/424
f 3241/468/424 3244/469/424 3243/470/424
f 3245/468/424 3248/469/424 3247/470/424
f 3250/471/417 3251/470/417 3249/468/417
f 3254/471/420 3255/470/420 3253/468/420
f 3257/468/420 3260/469/420 3259/470/420
f 3261/468/416 3264/469/416 3263/470/416
f 3266/471/419 3267/470/419 3265/468/419
f 3269/468/429 3272/469/429 3271/470/429
f 3274/471/431 3275/470/431 3273/468/431
f 3278/471/431 3279/470/431 3277/468/431
f 3281/468/420 3284/469/420 3283/470/420
f 3286/471/418 3287/470/418 3285/468/418
f 3289/468/416 3292/469/416 3291/470/416
f 3293/468/416 3296/469/416 3295/470/416
f 3298/471/426 3299/470/426 3297/468/426
f 3301/468/421 3304/469/421 3303/470/421
f 3305/468/424 3308/469/424 3307/470/424
f 3309/468/421 3312/469/421 3311/470/421
f 3314/471/422 3315/470/422 3313/468/422
f 3318/471/426 3319/470/426 3317/468/426
f 3322/471/422 3323/470/422 3321/468/422
f 3325/468/422 3328/469/422 3327/470/422
f 3330/471/422 3331/470/422 3329/468/422
f 3333/468/424 3336/469/424 3335/470/424
f 3337/468/424 3340/469/424 3339/470/424
f 3342/471/424 3343/470/424 3341/468/424
f 3345/468/422 3348/469/422 3347/470/422
f 3350/471/424 3351/470/424 3349/468/424
f 3353/468/422 3356/469/422 3355/470/422
f 3358/471/422 3359/470/422 3357/468/422
f 3362/471/422 3363/470/422 3361/468/422
f 3365/468/422 3368/469/422 3367/470/422
f 3370/471/422 3371/470/422 3369/468/422
f 3374/471/422 3375/470/422 3373/468/422
f 3378/471/422 3379/470/422 3377/468/422
f 3382/471/424 3383/470/424 3381/468/424
f 3386/471/424 3387/470/424 3385/468/424
f 3389/468/424 3392/469/424 3391/470/424
f 3393/468/424 3396/469/424 3395/470/424
f 3398/471/421 3399/470/421 3397/468/421
f 3401/468/421 3404/469/421 3403/470/421
f 3405/468/422 3408/469/422 3407/470/422
f 3410/471/422 3411/470/422 3409/468/422
f 3413/468/421 3416/469/421 3415/470/421
f 3418/471/426 3419/470/426 3417/468/426
f 3422/471/426 3423/470/426 3421/468/426
f 3426/471/426 3427/470/426 3425/468/426
f 3430/471/426 3431/470/426 3429/468/426
f 3434/471/422 3435/470/422 3433/468/422
f 3438/471/435 3439/470/435 3437/468/435
f 3441/468/422 3444/469/422 3443/470/422
f 3446/471/422 3447/470/422 3445/468/422
f 3450/471/426 3451/470/426 3449/468/426
f 3453/468/422 3456/469/422 3455/470/422
f 3457/468/422 3460/469/422 3459/470/422
f 3462/471/422 3463/470/422 3461/468/422
f 3465/468/424 3468/469/424 3467/470/424
f 3469/468/422 3472/469/422 3471/470/422
f 3474/471/424 3475/470/424 3473/468/424
f 3478/471/424 3479/470/424 3477/468/424
f 3482/471/426 3483/470/426 3481/468/426
f 3486/471/423 3487/470/423 3485/468/423
f 3489/468/425 3492/469/425 3491/470/425
f 3494/471/425 3495/470/425 3493/468/425
f 3498/471/426 3499/470/426 3497/468/426
f 3502/471/426 3503/470/426 3501/468/426
f 3506/471/426 3507/470/426 3505/468/426
f 3510/471/426 3511/470/426 3509/468/426
f 3514/471/421 3515/470/421 3513/468/421
f 3518/471/422 3519/470/422 3517/468/422
f 3521/468/422 3524/469/422 3523/470/422
f 3525/468/422 3528/469/422 3527/470/422
f 3530/471/426 3531/470/426 3529/468/426
f 3534/471/422 3535/470/422 3533/468/422
f 3537/468/422 3540/469/422 3539/470/422
f 3542/471/422 3543/470/422 3541/468/422
f 3546/471/424 3547/470/424 3545/468/424
f 3549/468/421 3552/469/421 3551/470/421
f 3554/471/424 3555/470/424 3553/468/424
f 3558/471/424 3559/470/424 3557/468/424
f 3561/468/425 3564/469/425 3563/470/425
f 3566/471/425 3567/470/425 3565/468/425
f 3570/471/425 3571/470/425 3569/468/425
f 3574/471/423 3575/470/423 3573/468/423
f 3578/471/423 3579/470/423 3577/468/423
f 3581/468/423 3584/469/423 3583/470/423
f 3586/471/425 3587/470/425 3585/468/425
f 3589/468/425 3592/469/425 3591/470/425
f 3593/468/425 3596/469/425 3595/470/425
f 3598/471/425 3599/470/425 3597/468/425
f 3601/468/423 3604/469/423 3603/470/423
f 3605/468/428 3608/469/428 3607/470/428
f 3610/471/428 3611/470/428 3609/468/428
f 3613/468/428 3616/469/428 3615/470/428
f 3617/468/419 3620/469/419 3619/470/419
f 3622/471/424 3623/470/424 3621/468/424
f 3626/471/417 3627/470/417 3625/468/417
f 3629/468/424 3632/469/424 3631/470/424
f 3633/468/427 3636/469/427 3635/470/427
f 3638/471/427 3639/470/427 3637/468/427
f 3642/471/427 3643/470/427 3641/468/427
f 3646/471/427 3647/470/427 3645/468/427
f 3650/471/425 3651/470/425 3649/468/425
f 3653/468/425 3656/469/425 3655/470/425
f 3658/471/423 3659/470/423 3657/468/423
f 3662/471/423 3663/470/423 3661/468/423
f 3666/471/421 3667/470/421 3665/468/421
f 3669/468/422 3672/469/422 3671/470/422
f 3673/468/424 3676/469/424 3675/470/424
f 3677/468/421 3680/469/421 3679/470/421
f 3682/471/426 3683/470/426 3681/468/426
f 3685/468/422 3688/469/422 3687/470/422
f 3690/471/422 3691/470/422 3689/468/422
f 3693/468/424 3696/469/424 3695/470/424
f 3698/471/427 3699/470/427 3697/468/427
f 3702/471/426 3703/470/426 3701/468/426
f 3706/471/425 3707/470/425 3705/468/425
f 3709/468/424 3712/469/424 3711/470/424
f 3714/471/428 3715/470/428 3713/468/428
f 3718/471/428 3719/470/428 3717/468/428
f 3721/468/428 3724/469/428 3723/470/428
f 3725/468/428 3728/469/428 3727/470/428
f 3729/468/427 3732/469/427 3731/470/427
f 3733/468/421 3736/469/421 3735/470/421
f 3738/471/428 3739/470/428 3737/468/428
f 3742/471/428 3743/470/428 3741/468/428
f 3746/471/426 3747/470/426 3745/468/426
f 3750/471/425 3751/470/425 3749/468/425
f 3754/471/425 3755/470/425 3753/468/425
f 3758/471/428 3759/470/428 3757/468/428
f 3761/468/422 3764/469/422 3763/470/422
f 3766/471/425 3767/470/425 3765/468/425
f 3769/468/424 3772/469/424 3771/470/424
f 3774/471/421 3775/470/421 3773/468/421
f 3777/468/422 3780/469/422 3779/470/422
f 3781/468/425 3784/469/425 3783/470/425
f 3785/468/424 3788/469/424 3787/470/424
f 3789/468/422 3792/469/422 3791/470/422
f 3793/468/424 3796/469/424 3795/470/424
f 3797/468/424 3800/469/424 3799/470/424
f 3802/471/428 3803/470/428 3801/468/428
f 3806/471/422 3807/470/422 3805/468/422
f 3810/471/422 3811/470/422 3809/468/422
f 3814/471/425 3815/470/425 3813/468/425
f 3817/468/424 3820/469/424 3819/470/424
f 3822/471/422 3823/470/422 3821/468/422
f 3825/468/422 3828/469/422 3827/470/422
f 3829/468/421 3832/469/421 3831/470/421
f 3834/471/425 3835/470/425 3833/468/425
f 3838/471/425 3839/470/425 3837/468/425
f 3842/471/424 3843/470/424 3841/468/424
f 3845/468/422 3848/469/422 3847/470/422
f 3850/471/424 3851/470/424 3849/468/424
f 3854/471/424 3855/470/424 3853/468/424
f 3858/471/422 3859/470/422 3857/468/422
f 3861/468/422 3864/469/422 3863/470/422
f 3865/468/422 3868/469/422 3867/470/422
f 3869/468/424 3872/469/424 3871/470/424
f 3873/468/424 3876/469/424 3875/470/424
f 3878/471/424 3879/470/424 3877/468/424
f 3882/471/423 3883/470/423 3881/468/423
f 3886/471/423 3887/470/423 3885/468/423
f 3890/471/436 3891/470/436 3889/468/436
f 3894/471/424 3895/470/424 3893/468/424
f 3898/471/426 3899/470/426 3897/468/426
f 3902/471/421 3903/470/421 3901/468/421
f 3906/471/421 3907/470/421 3905/468/421
f 3909/468/424 3912/469/424 3911/470/424
f 3913/468/422 3916/469/422 3915/470/422
f 3917/468/422 3920/469/422 3919/470/422
f 3921/468/424 3924/469/424 3923/470/424
f 3925/468/422 3928/469/422 3927/470/422
f 3929/468/424 3932/469/424 3931/470/424
f 3933/468/422 3936/469/422 3935/470/422
f 3938/471/424 3939/470/424 3937/468/424
f 3941/468/422 3944/469/422 3943/470/422
f 3945/468/424 3948/469/424 3947/470/424
f 3949/468/424 3952/469/424 3951/470/424
f 3953/468/424 3956/469/424 3955/470/424
f 3958/471/424 3959/470/424 3957/468/424
f 3961/468/424 3964/469/424 3963/470/424
f 3966/471/424 3967/470/424 3965/468/424
f 3970/471/424 3971/470/424 3969/468/424
f 3974/471/424 3975/470/424 3973/468/424
f 3978/471/425 3979/470/425 3977/468/425
f 3982/471/428 3983/470/428 3981/468/428
f 3986/471/422 3987/470/422 3985/468/422
f 3990/471/428 3991/470/428 3989/468/428
f 3993/468/423 3996/469/423 3995/470/423
f 3998/471/424 3999/470/424 3997/468/424
f 4002/471/426 4003/470/426 4001/468/426
f 4006/471/421 4007/470/421 4005/468/421
f 4010/471/426 4011/470/426 4009/468/426
f 4014/471/426 4015/470/426 4013/468/426
f 4018/471/426 4019/470/426 4017/468/426
f 4022/471/426 4023/470/426 4021/468/426
f 4025/468/433 4028/469/433 4027/470/433
f 4029/468/433 4032/469/433 4031/470/433
f 4033/468/422 4036/469/422 4035/470/422
f 4037/468/422 4040/469/422 4039/470/422
f 4041/468/423 4044/469/423 4043/470/423
f 4046/471/424 4047/470/424 4045/468/424
f 4049/468/422 4052/469/422 4051/470/422
f 4054/471/423 4055/470/423 4053/468/423
f 4057/468/422 4060/469/422 4059/470/422
f 4062/471/424 4063/470/424 4061/468/424
f 4065/468/421 4068/469/421 4067/470/421
f 4070/471/421 4071/470/421 4069/468/421
f 4074/471/421 4075/470/421 4073/468/421
f 4077/468/424 4080/469/424 4079/470/424
f 4081/468/422 4084/469/422 4083/470/422
f 4086/471/424 4087/470/424 4085/468/424
f 4090/471/424 4091/470/424 4089/468/424
f 4093/468/422 4096/469/422 4095/470/422
f 4097/468/433 4100/469/433 4099/470/433
f 4102/471/424 4103/470/424 4101/468/424
f 4106/471/424 4107/470/424 4105/468/424
f 4110/471/424 4111/470/424 4109/468/424
f 4113/468/424 4116/469/424 4115/470/424
f 4118/471/426 4119/470/426 4117/468/426
f 4122/471/421 4123/470/421 4121/468/421
f 4125/468/422 4128/469/422 4127/470/422
f 4129/468/424 4132/469/424 4131/470/424
f 4133/468/424 4136/469/424 4135/470/424
f 4137/468/422 4140/469/422 4139/470/422
f 4141/468/435 4144/469/435 4143/470/435
f 4146/471/426 4147/470/426 4145/468/426
f 4149/468/425 4152/469/425 4151/470/425
f 4153/468/425 4156/469/425 4155/470/425
f 4157/468/423 4160/469/423 4159/470/423
f 4162/471/427 4163/470/427 4161/468/427
f 4165/468/424 4168/469/424 4167/470/424
f 4170/471/424 4171/470/424 4169/468/424
f 4174/471/424 4175/470/424 4173/468/424
f 4178/471/433 4179/470/433 4177/468/433
f 4182/471/430 4183/470/430 4181/468/430
f 4185/468/420 4188/469/420 4187/470/420
f 4189/468/424 4192/469/424 4191/470/424
f 4194/471/424 4195/470/424 4193/468/424
f 4198/471/424 4199/470/424 4197/468/424
f 4201/468/433 4204/469/433 4203/470/433
f 4206/471/422 4207/470/422 4205/468/422
f 4209/468/424 4212/469/424 4211/470/424
f 4214/471/424 4215/470/424 4213/468/424
f 4217/468/424 4220/469/424 4219/470/424
f 4221/468/424 4224/469/424 4223/470/424
f 4226/471/422 4227/470/422 4225/468/422
f 4230/471/421 4231/470/421 4229/468/421
f 4234/471/421 4235/470/421 4233/468/421
f 4238/471/421 4239/470/421 4237/468/421
f 4241/468/424 4244/469/424 4243/470/424
f 4245/468/424 4248/469/424 4247/470/424
f 4250/471/426 4251/470/426 4249/468/426
f 4254/471/426 4255/470/426 4253/468/426
f 4257/468/421 4260/469/421 4259/470/421
f 4262/471/422 4263/470/422 4261/468/422
f 4266/471/422 4267/470/422 4265/468/422
f 4270/471/422 4271/470/422 4269/468/422
f 4274/471/424 4275/470/424 4273/468/424
f 4277/468/421 4280/469/421 4279/470/421
f 4282/471/421 4283/470/421 4281/468/421
f 4286/471/421 4287/470/421 4285/468/421
f 4289/468/424 4292/469/424 4291/470/424
f 4293/468/422 4296/469/422 4295/470/422
f 4298/471/423 4299/470/423 4297/468/423
f 4301/468/424 4304/469/424 4303/470/424
f 4305/468/423 4308/469/423 4307/470/423
f 4309/468/428 4312/469/428 4311/470/428
f 4314/471/422 4315/470/422 4313/468/422
f 4318/471/428 4319/470/428 4317/468/428
f 4322/471/426 4323/470/426 4321/468/426
f 4326/471/421 4327/470/421 4325/468/421
f 4329/468/424 4332/469/424 4331/470/424
f 4333/468/422 4336/469/422 4335/470/422
f 4338/471/421 4339/470/421 4337/468/421
f 4342/471/423 4343/470/423 4341/468/423
f 4346/471/423 4347/470/423 4345/468/423
f 4349/468/425 4352/469/425 4351/470/425
f 4354/471/425 4355/470/425 4353/468/425
f 4358/471/429 4359/470/429 4357/468/429
f 4361/468/429 4364/469/429 4363/470/429
f 4365/468/423 4368/469/423 4367/470/423
f 4370/471/421 4371/470/421 4369/468/421
f 4374/471/425 4375/470/425 4373/468/425
f 4378/471/424 4379/470/424 4377/468/424
f 4382/471/424 4383/470/424 4381/468/424
f 4386/471/424 4387/470/424 4385/468/424
f 4389/468/424 4392/469/424 4391/470/424
f 4393/468/424 4396/469/424 4395/470/424
f 4398/471/424 4399/470/424 4397/468/424
f 4401/468/424 4404/469/424 4403/470/424
f 4406/471/427 4407/470/427 4405/468/427
f 4409/468/424 4412/469/424 4411/470/424
f 4414/471/422 4415/470/422 4413/468/422
f 4418/471/422 4419/470/422 4417/468/422
f 4422/471/427 4423/470/427 4421/468/427
f 4425/468/423 4428/469/423 4427/470/423
f 4429/468/426 4432/469/426 4431/470/426
f 4434/471/422 4435/470/422 4433/468/422
f 4437/468/424 4440/469/424 4439/470/424
f 4442/471/424 4443/470/424 4441/468/424
f 4445/468/424 4448/469/424 4447/470/424
f 4449/468/424 4452/469/424 4451/470/424
f 4454/471/422 4455/470/422 4453/468/422
f 4457/468/425 4460/469/425 4459/470/425
f 4462/471/421 4463/470/421 4461/468/421
f 4466/471/421 4467/470/421 4465/468/421
f 4469/468/424 4472/469/424 4471/470/424
f 4473/468/422 4476/469/422 4475/470/422
f 4477/468/424 4480/469/424 4479/470/424
f 4481/468/422 4484/469/422 4483/470/422
f 4486/471/422 4487/470/422 4485/468/422
f 4490/471/422 4491/470/422 4489/468/422
f 4494/471/422 4495/470/422 4493/468/422
f 4497/468/424 4500/469/424 4499/470/424
f 4502/471/421 4503/470/421 4501/468/421
f 4505/468/424 4508/469/424 4507/470/424
f 4510/471/419 4511/470/419 4509/468/419
f 4513/468/421 4516/469/421 4515/470/421
f 4517/468/427 4520/469/427 4519/470/427
f 4521/468/421 4524/469/421 4523/470/421
f 4525/468/421 4528/469/421 4527/470/421
f 4529/468/425 4532/469/425 4531/470/425
f 4533/468/424 4536/469/424 4535/470/424
f 4538/471/425 4539/470/425 4537/468/425
f 4542/471/421 4543/470/421 4541/468/421
f 4545/468/424 4548/469/424 4547/470/424
f 4550/471/421 4551/470/421 4549/468/421
f 4554/471/421 4555/470/421 4553/468/421
f 4557/468/423 4560/469/423 4559/470/423
f 4562/471/426 4563/470/426 4561/468/426
f 4566/471/428 4567/470/428 4565/468/428
f 4569/468/422 4572/469/422 4571/470/422
f 4574/471/422 4575/470/422 4573/468/422
f 4577/468/422 4580/469/422 4579/470/422
f 4582/471/422 4583/470/422 4581/468/422
f 4585/468/424 4588/469/424 4587/470/424
f 4590/471/424 4591/470/424 4589/468/424
f 4593/468/421 4596/469/421 4595/470/421
f 4597/468/421 4600/469/421 4599/470/421
f 4602/471/427 4603/470/427 4601/468/427
f 4606/471/426 4607/470/426 4605/468/426
f 4609/468/424 4612/469/424 4611/470/424
f 4613/468/422 4616/469/422 4615/470/422
f 4618/471/423 4619/470/423 4617/468/423
f 4622/471/423 4623/470/423 4621/468/423
f 4626/471/423 4627/470/423 4625/468/423
f 4629/468/425 4632/469/425 4631/470/425
f 4633/468/425 4636/469/425 4635/470/425
f 4638/471/425 4639/470/425 4637/468/425
f 4641/468/425 4644/469/425 4643/470/425
f 4646/471/425 4647/470/425 4645/468/425
f 4650/471/425 4651/470/425 4649/468/425
f 4653/468/424 4656/469/424 4655/470/424
f 4658/471/424 4659/470/424 4657/468/424
f 4661/468/422 4664/469/422 4663/470/422
f 4665/468/422 4668/469/422 4667/470/422
f 4670/471/424 4671/470/424 4669/468/424
f 4674/471/420 4675/470/420 4673/468/420
f 4678/471/418 4679/470/418 4677/468/418
f 4681/468/419 4684/469/419 4683/470/419
f 4686/471/419 4687/470/419 4685/468/419
f 4690/471/417 4691/470/417 4689/468/417
f 4694/471/419 4695/470/419 4693/468/419
f 4697/468/424 4700/469/424 4699/470/424
f 4702/471/429 4703/470/429 4701/468/429
f 4706/471/420 4707/470/420 4705/468/420
f 4710/471/420 4711/470/420 4709/468/420
f 4714/471/429 4715/470/429 4713/468/429
f 4718/471/422 4719/470/422 4717/468/422
f 4721/468/424 4724/469/424 4723/470/424
f 4725/468/422 4728/469/422 4727/470/422
f 4729/468/422 4732/469/422 4731/470/422
f 4733/468/422 4736/469/422 4735/470/422
f 4737/468/424 4740/469/424 4739/470/424
f 4742/471/424 4743/470/424 4741/468/424
f 4746/471/422 4747/470/422 4745/468/422
f 4749/468/421 4752/469/421 4751/470/421
f 4754/471/421 4755/470/421 4753/468/421
f 4758/471/423 4759/470/423 4757/468/423
f 4762/471/423 4763/470/423 4761/468/423
f 4766/471/424 4767/470/424 4765/468/424
f 4770/471/424 4771/470/424 4769/468/424
f 4774/471/421 4775/470/421 4773/468/421
f 4777/468/424 4780/469/424 4779/470/424
f 4781/468/427 4784/469/427 4783/470/427
f 4785/468/422 4788/469/422 4787/470/422
f 4790/471/428 4791/470/428 4789/468/428
f 4794/471/427 4795/470/427 4793/468/427
f 4798/471/422 4799/470/422 4797/468/422
f 4801/468/428 4804/469/428 4803/470/428
f 4805/468/428 4808/469/428 4807/470/428
f 4809/468/428 4812/469/428 4811/470/428
f 4814/471/421 4815/470/421 4813/468/421
f 4818/471/427 4819/470/427 4817/468/427
f 4821/468/422 4824/469/422 4823/470/422
f 4826/471/424 4827/470/424 4825/468/424
f 4829/468/424 4832/469/424 4831/470/424
f 4834/471/424 4835/470/424 4833/468/424
f 4838/471/424 4839/470/424 4837/468/424
f 4841/468/423 4844/469/423 4843/470/423
f 4846/471/424 4847/470/424 4845/468/424
f 4849/468/427 4852/469/427 4851/470/427
f 4854/471/428 4855/470/428 4853/468/428
f 4857/468/423 4860/469/423 4859/470/423
f 4861/468/423 4864/469/423 4863/470/423
f 4866/471/421 4867/470/421 4865/468/421
f 4870/471/426 4871/470/426 4869/468/426
f 4874/471/426 4875/470/426 4873/468/426
f 4878/471/426 4879/470/426 4877/468/426
f 4881/468/426 4884/469/426 4883/470/426
f 4886/471/421 4887/470/421 4885/468/421
f 4890/471/421 4891/470/421 4889/468/421
f 4893/468/421 4896/469/421 4895/470/421
f 4898/471/424 4899/470/424 4897/468/424
f 4902/471/422 4903/470/422 4901/468/422
f 4906/471/424 4907/470/424 4905/468/424
f 4909/468/424 4912/469/424 4911/470/424
f 4914/471/427 4915/470/427 4913/468/427
f 4918/471/423 4919/470/423 4917/468/423
f 4922/471/426 4923/470/426 4921/468/426
f 4926/471/426 4927/470/426 4925/468/426
f 4929/468/423 4932/469/423 4931/470/423
f 4934/471/425 4935/470/425 4933/468/425
f 4938/471/426 4939/470/426 4937/468/426
f 4941/468/424 4944/469/424 4943/470/424
f 4946/471/421 4947/470/421 4945/468/421
f 4950/471/422 4951/470/422 4949/468/422
f 4954/471/425 4955/470/425 4953/468/425
f 4958/471/428 4959/470/428 4957/468/428
f 4961/468/428 4964/469/428 4963/470/428
f 4966/471/428 4967/470/428 4965/468/428
f 4969/468/428 4972/469/428 4971/470/428
f 4973/468/428 4976/469/428 4975/470/428
f 4977/468/428 4980/469/428 4979/470/428
f 4982/471/428 4983/470/428 4981/468/428
f 4986/471/427 4987/470/427 4985/468/427
f 4990/471/427 4991/470/427 4989/468/427
f 4994/471/423 4995/470/423 4993/468/423
f 4997/468/422 5000/469/422 4999/470/422
f 5001/468/422 5004/469/422 5003/470/422
f 5006/471/422 5007/470/422 5005/468/422
f 5010/471/422 5011/470/422 5009/468/422
f 5014/471/424 5015/470/424 5013/468/424
f 5017/468/424 5020/469/424 5019/470/424
f 5021/468/421 5024/469/421 5023/470/421
f 5026/471/426 5027/470/426 5025/468/426
f 5030/471/426 5031/470/426 5029/468/426
f 5033/468/421 5036/469/421 5035/470/421
f 5038/471/421 5039/470/421 5037/468/421
f 5042/471/421 5043/470/421 5041/468/421
f 5045/468/421 5048/469/421 5047/470/421
f 5050/471/421 5051/470/421 5049/468/421
f 5054/471/427 5055/470/427 5053/468/427
f 5058/471/427 5059/470/427 5057/468/427
f 5062/471/427 5063/470/427 5061/468/427
f 5066/471/425 5067/470/425 5065/468/425
f 5070/471/426 5071/470/426 5069/468/426
f 5073/468/422 5076/469/422 5075/470/422
f 5077/468/422 5080/469/422 5079/470/422
f 5082/471/422 5083/470/422 5081/468/422
f 5086/471/421 5087/470/421 5085/468/421
f 5089/468/424 5092/469/424 5091/470/424
f 5094/471/425 5095/470/425 5093/468/425
f 5097/468/424 5100/469/424 5099/470/424
f 5101/468/422 5104/469/422 5103/470/422
f 5106/471/435 5107/470/435 5105/468/435
f 5109/468/428 5112/469/428 5111/470/428
f 5114/471/424 5115/470/424 5113/468/424
f 5118/471/421 5119/470/421 5117/468/421
f 5121/468/421 5124/469/421 5123/470/421
f 5125/468/421 5128/469/421 5127/470/421
f 5129/468/421 5132/469/421 5131/470/421
f 5134/471/423 5135/470/423 5133/468/423
f 5138/471/425 5139/470/425 5137/468/425
f 5141/468/428 5144/469/428 5143/470/428
f 5146/471/425 5147/470/425 5145/468/425
f 5150/471/423 5151/470/423 5149/468/423
f 5154/471/423 5155/470/423 5153/468/423
f 5157/468/425 5160/469/425 5159/470/425
f 5162/471/423 5163/470/423 5161/468/423
f 5166/471/424 5167/470/424 5165/468/424
f 5170/471/424 5171/470/424 5169/468/424
f 5174/471/422 5175/470/422 5173/468/422
f 5177/468/422 5180/469/422 5179/470/422
f 5182/471/422 5183/470/422 5181/468/422
f 5185/468/422 5188/469/422 5187/470/422
f 5190/471/423 5191/470/423 5189/468/423
f 5194/471/422 5195/470/422 5193/468/422
f 5197/468/424 5200/469/424 5199/470/424
f 5202/471/423 5203/470/423 5201/468/423
f 5206/471/424 5207/470/424 5205/468/424
f 5209/468/424 5212/469/424 5211/470/424
f 5214/471/423 5215/470/423 5213/468/423
f 5218/471/423 5219/470/423 5217/468/423
f 5222/471/426 5223/470/426 5221/468/426
f 5226/471/424 5227/470/424 5225/468/424
f 5229/468/424 5232/469/424 5231/470/424
f 5233/468/424 5236/469/424 5235/470/424
f 5238/471/422 5239/470/422 5237/468/422
f 5242/471/422 5243/470/422 5241/468/422
f 5246/471/422 5247/470/422 5245/468/422
f 5250/471/435 5251/470/435 5249/468/435
f 5253/468/422 5256/469/422 5255/470/422
f 5258/471/424 5259/470/424 5257/468/424
f 5262/471/424 5263/470/424 5261/468/424
f 5265/468/422 5268/469/422 5267/470/422
f 5269/468/422 5272/469/422 5271/470/422
f 5273/468/419 5276/469/419 5275/470/419
f 5278/471/419 5279/470/419 5277/468/419
f 5282/471/417 5283/470/417 5281/468/417
f 5286/471/417 5287/470/417 5285/468/417
f 5290/471/419 5291/470/419 5289/468/419
f 5293/468/416 5296/469/416 5295/470/416
f 5298/471/430 5299/470/430 5297/468/430
f 5302/471/419 5303/470/419 5301/468/419
f 5305/468/419 5308/469/419 5307/470/419
f 5310/471/429 5311/470/429 5309/468/429
f 5313/468/416 5316/469/416 5315/470/416
f 5317/468/422 5320/469/422 5319/470/422
f 5322/471/422 5323/470/422 5321/468/422
f 5325/468/422 5328/469/422 5327/470/422
f 5329/468/422 5332/469/422 5331/470/422
f 5334/471/422 5335/470/422 5333/468/422
f 5338/471/422 5339/470/422 5337/468/422
f 5342/471/424 5343/470/424 5341/468/424
f 5346/471/424 5347/470/424 5345/468/424
f 5349/468/424 5352/469/424 5351/470/424
f 5354/471/424 5355/470/424 5353/468/424
f 5357/468/425 5360/469/425 5359/470/425
f 5361/468/424 5364/469/424 5363/470/424
f 5365/468/421 5368/469/421 5367/470/421
f 5370/471/421 5371/470/421 5369/468/421
f 5374/471/421 5375/470/421 5373/468/421
f 5378/471/421 5379/470/421 5377/468/421
f 5382/471/426 5383/470/426 5381/468/426
f 5386/471/426 5387/470/426 5385/468/426
f 5390/471/426 5391/470/426 5389/468/426
f 5394/471/426 5395/470/426 5393/468/426
f 5397/468/421 5400/469/421 5399/470/421
f 5402/471/421 5403/470/421 5401/468/421
f 5406/471/424 5407/470/424 5405/468/424
f 5409/468/422 5412/469/422 5411/470/422
f 5413/468/429 5416/469/429 5415/470/429
f 5418/471/420 5419/470/420 5417/468/420
f 5422/471/420 5423/470/420 5421/468/420
f 5425/468/420 5428/469/420 5427/470/420
f 5429/468/420 5432/469/420 5431/470/420
f 5433/468/418 5436/469/418 5435/470/418
f 5437/468/430 5440/469/430 5439/470/430
f 5441/468/417 5444/469/417 5443/470/417
f 5445/468/417 5448/469/417 5447/470/417
f 5449/468/420 5452/469/420 5451/470/420
f 5453/468/429 5456/469/429 5455/470/429
f 5458/471/429 5459/470/429 5457/468/429
f 5461/468/429 5464/469/429 5463/470/429
f 5465/468/416 5468/469/416 5467/470/416
f 5469/468/416 5472/469/416 5471/470/416
f 5473/468/416 5476/469/416 5475/470/416
f 5478/471/419 5479/470/419 5477/468/419
f 5481/468/416 5484/469/416 5483/470/416
f 5485/468/431 5488/469/431 5487/470/431
f 5490/471/430 5491/470/430 5489/468/430
f 5494/471/417 5495/470/417 5493/468/417
f 5497/468/417 5500/469/417 5499/470/417
f 5502/471/430 5503/470/430 5501/468/430
f 5505/468/420 5508/469/420 5507/470/420
f 5509/468/430 5512/469/430 5511/470/430
f 5514/471/422 5515/470/422 5513/468/422
f 5518/471/427 5519/470/427 5517/468/427
f 5521/468/428 5524/469/428 5523/470/428
f 5526/471/426 5527/470/426 5525/468/426
f 5530/471/421 5531/470/421 5529/468/421
f 5534/471/424 5535/470/424 5533/468/424
f 5538/471/424 5539/470/424 5537/468/424
f 5542/471/424 5543/470/424 5541/468/424
f 5545/468/424 5548/469/424 5547/470/424
f 5549/468/424 5552/469/424 5551/470/424
f 5553/468/422 5556/469/422 5555/470/422
f 5558/471/422 5559/470/422 5557/468/422
f 5562/471/422 5563/470/422 5561/468/422
f 5566/471/425 5567/470/425 5565/468/425
f 5570/471/425 5571/470/425 5569/468/425
f 5574/471/427 5575/470/427 5573/468/427
f 5578/471/424 5579/470/424 5577/468/424
f 5582/471/424 5583/470/424 5581/468/424
f 5585/468/422 5588/469/422 5587/470/422
f 5589/468/422 5592/469/422 5591/470/422
f 5593/468/422 5596/469/422 5595/470/422
f 5598/471/422 5599/470/422 5597/468/422
f 5602/471/424 5603/470/424 5601/468/424
f 5605/468/424 5608/469/424 5607/470/424
f 5610/471/422 5611/470/422 5609/468/422
f 5613/468/427 5616/469/427 5615/470/427
f 5618/471/428 5619/470/428 5617/468/428
f 5622/471/421 5623/470/421 5621/468/421
f 5625/468/421 5628/469/421 5627/470/421
f 5630/471/426 5631/470/426 5629/468/426
f 5634/471/426 5635/470/426 5633/468/426
f 5638/471/426 5639/470/426 5637/468/426
f 5642/471/426 5643/470/426 5641/468/426
f 5646/471/426 5647/470/426 5645/468/426
f 5649/468/421 5652/469/421 5651/470/421
f 5654/471/421 5655/470/421 5653/468/421
f 5658/471/424 5659/470/424 5657/468/424
f 5661/468/422 5664/469/422 5663/470/422
f 5666/471/422 5667/470/422 5665/468/422
f 5669/468/422 5672/469/422 5671/470/422
f 5674/471/422 5675/470/422 5673/468/422
f 5678/471/424 5679/470/424 5677/468/424
f 5681/468/424 5684/469/424 5683/470/424
f 5686/471/422 5687/470/422 5685/468/422
f 5690/471/426 5691/470/426 5689/468/426
f 5693/468/422 5696/469/422 5695/470/422
f 5698/471/422 5699/470/422 5697/468/422
f 5702/471/422 5703/470/422 5701/468/422
f 5706/471/423 5707/470/423 5705/468/423
f 5710/471/426 5711/470/426 5709/468/426
f 5714/471/421 5715/470/421 5713/468/421
f 5717/468/421 5720/469/421 5719/470/421
f 5722/471/427 5723/470/427 5721/468/427
f 5726/471/427 5727/470/427 5725/468/427
f 5729/468/428 5732/469/428 5731/470/428
f 5734/471/427 5735/470/427 5733/468/427
f 5738/471/425 5739/470/425 5737/468/425
f 5741/468/427 5744/469/427 5743/470/427
f 5746/471/421 5747/470/421 5745/468/421
f 5749/468/421 5752/469/421 5751/470/421
f 5753/468/421 5756/469/421 5755/470/421
f 5758/471/425 5759/470/425 5757/468/425
f 5761/468/425 5764/469/425 5763/470/425
f 5765/468/422 5768/469/422 5767/470/422
f 5770/471/422 5771/470/422 5769/468/422
f 5773/468/424 5776/469/424 5775/470/424
f 5778/471/436 5779/470/436 5777/468/436
f 5781/468/435 5784/469/435 5783/470/435
f 5785/468/422 5788/469/422 5787/470/422
f 5790/471/427 5791/470/427 5789/468/427
f 5793/468/428 5796/469/428 5795/470/428
f 5797/468/428 5800/469/428 5799/470/428
f 5802/471/428 5803/470/428 5801/468/428
f 5805/468/421 5808/469/421 5807/470/421
f 5810/471/423 5811/470/423 5809/468/423
f 5814/471/424 5815/470/424 5813/468/424
f 5818/471/425 5819/470/425 5817/468/425
f 5821/468/423 5824/469/423 5823/470/423
f 5826/471/425 5827/470/425 5825/468/425
f 5829/468/435 5832/469/435 5831/470/435
f 5834/471/425 5835/470/425 5833/468/425
f 5838/471/421 5839/470/421 5837/468/421
f 5842/471/421 5843/470/421 5841/468/421
f 5845/468/424 5848/469/424 5847/470/424
f 5849/468/424 5852/469/424 5851/470/424
f 5854/471/422 5855/470/422 5853/468/422
f 5857/468/422 5860/469/422 5859/470/422
f 5861/468/422 5864/469/422 5863/470/422
f 5866/471/426 5867/470/426 5865/468/426
f 5869/468/421 5872/469/421 5871/470/421
f 5874/471/424 5875/470/424 5873/468/424
f 5878/471/422 5879/470/422 5877/468/422
f 5882/471/427 5883/470/427 5881/468/427
f 5885/468/423 5888/469/423 5887/470/423
f 5889/468/421 5892/469/421 5891/470/421
f 5894/471/433 5895/470/433 5893/468/433
f 5898/471/421 5899/470/421 5897/468/421
f 5902/471/421 5903/470/421 5901/468/421
f 5906/471/421 5907/470/421 5905/468/421
f 5910/471/421 5911/470/421 5909/468/421
f 5913/468/424 5916/469/424 5915/470/424
f 5918/471/424 5919/470/424 5917/468/424
f 5921/468/422 5924/469/422 5923/470/422
f 5926/471/422 5927/470/422 5925/468/422
f 5929/468/421 5932/469/421 5931/470/421
f 5934/471/426 5935/470/426 5933/468/426
f 5938/471/426 5939/470/426 5937/468/426
f 5942/471/424 5943/470/424 5941/468/424
f 5946/471/424 5947/470/424 5945/468/424
f 5950/471/421 5951/470/421 5949/468/421
f 5954/471/421 5955/470/421 5953/468/421
f 5958/471/421 5959/470/421 5957/468/421
f 5961/468/422 5964/469/422 5963/470/422
f 5965/468/424 5968/469/424 5967/470/424
f 5970/471/424 5971/470/424 5969/468/424
f 5973/468/424 5976/469/424 5975/470/424
f 5978/471/427 5979/470/427 5977/468/427
f 5982/471/423 5983/470/423 5981/468/423
f 5986/471/425 5987/470/425 5985/468/425
f 5989/468/425 5992/469/425 5991/470/425
f 5994/471/426 5995/470/426 5993/468/426
f 5997/468/422 6000/469/422 5999/470/422
f 6001/468/435 6004/469/435 6003/470/435
f 6006/471/422 6007/470/422 6005/468/422
f 6010/471/424 6011/470/424 6009/468/424
f 6013/468/416 6016/469/416 6015/470/416
f 6017/468/429 6020/469/429 6019/470/429
f 6021/468/431 6024/469/431 6023/470/431
f 6026/471/419 6027/470/419 6025/468/419
f 6029/468/431 6032/469/431 6031/470/431
f 6034/471/431 6035/470/431 6033/468/431
f 6038/471/431 6039/470/431 6037/468/431
f 6042/471/429 6043/470/429 6041/468/429
f 6046/471/429 6047/470/429 6045/468/429
f 6050/471/430 6051/470/430 6049/468/430
f 6053/468/418 6056/469/418 6055/470/418
f 6058/471/420 6059/470/420 6057/468/420
f 6062/471/426 6063/470/426 6061/468/426
f 6066/471/428 6067/470/428 6065/468/428
f 6070/471/426 6071/470/426 6069/468/426
f 6074/471/424 6075/470/424 6073/468/424
f 6078/471/424 6079/470/424 6077/468/424
f 6082/471/422 6083/470/422 6081/468/422
f 6086/471/421 6087/470/421 6085/468/421
f 6090/471/421 6091/470/421 6089/468/421
f 6093/468/421 6096/469/421 6095/470/421
f 6098/471/421 6099/470/421 6097/468/421
f 6102/471/421 6103/470/421 6101/468/421
f 6105/468/424 6108/469/424 6107/470/424
f 6110/471/423 6111/470/423 6109/468/423
f 6113/468/423 6116/469/423 6115/470/423
f 6118/471/423 6119/470/423 6117/468/423
f 6122/471/425 6123/470/425 6121/468/425
f 6126/471/425 6127/470/425 6125/468/425
f 6129/468/425 6132/469/425 6131/470/425
f 6134/471/423 6135/470/423 6133/468/423
f 6138/471/423 6139/470/423 6137/468/423
f 6141/468/423 6144/469/423 6143/470/423
f 6146/471/425 6147/470/425 6145/468/425
f 6150/471/425 6151/470/425 6149/468/425
f 6154/471/424 6155/470/424 6153/468/424
f 6158/471/426 6159/470/426 6157/468/426
f 6161/468/421 6164/469/421 6163/470/421
f 6165/468/422 6168/469/422 6167/470/422
f 6169/468/422 6172/469/422 6171/470/422
f 6173/468/424 6176/469/424 6175/470/424
f 6177/468/422 6180/469/422 6179/470/422
f 6182/471/421 6183/470/421 6181/468/421
f 6186/471/421 6187/470/421 6185/468/421
f 6189/468/422 6192/469/422 6191/470/422
f 6193/468/422 6196/469/422 6195/470/422
f 6198/471/421 6199/470/421 6197/468/421
f 6201/468/424 6204/469/424 6203/470/424
f 6206/471/424 6207/470/424 6205/468/424
f 6209/468/424 6212/469/424 6211/470/424
f 6214/471/424 6215/470/424 6213/468/424
f 6218/471/422 6219/470/422 6217/468/422
f 6222/471/422 6223/470/422 6221/468/422
f 6225/468/422 6228/469/422 6227/470/422
f 6229/468/422 6232/469/422 6231/470/422
f 6233/468/422 6236/469/422 6235/470/422
f 6238/471/424 6239/470/424 6237/468/424
f 6242/471/421 6243/470/421 6241/468/421
f 6246/471/426 6247/470/426 6245/468/426
f 6250/471/424 6251/470/424 6249/468/424
f 6254/471/426 6255/470/426 6253/468/426
f 6258/471/426 6259/470/426 6257/468/426
f 6261/468/421 6264/469/421 6263/470/421
f 6266/471/426 6267/470/426 6265/468/426
f 6270/471/426 6271/470/426 6269/468/426
f 6274/471/426 6275/470/426 6273/468/426
f 6278/471/421 6279/470/421 6277/468/421
f 6282/471/421 6283/470/421 6281/468/421
f 6286/471/426 6287/470/426 6285/468/426
f 6290/471/424 6291/470/424 6289/468/424
f 6294/471/426 6295/470/426 6293/468/426
f 6298/471/426 6299/470/426 6297/468/426
f 6302/471/425 6303/470/425 6301/468/425
f 6306/471/421 6307/470/421 6305/468/421
f 6309/468/426 6312/469/426 6311/470/426
f 6314/471/424 6315/470/424 6313/468/424
f 6318/471/424 6319/470/424 6317/468/424
f 6321/468/424 6324/469/424 6323/470/424
f 6325/468/422 6328/469/422 6327/470/422
f 6329/468/421 6332/469/421 6331/470/421
f 6333/468/422 6336/469/422 6335/470/422
f 6337/468/422 6340/469/422 6339/470/422
f 6342/471/422 6343/470/422 6341/468/422
f 6345/468/422 6348/469/422 6347/470/422
f 6349/468/422 6352/469/422 6351/470/422
f 6353/468/424 6356/469/424 6355/470/424
f 6358/471/424 6359/470/424 6357/468/424
f 6362/471/427 6363/470/427 6361/468/427
f 6366/471/421 6367/470/421 6365/468/421
f 6370/471/424 6371/470/424 6369/468/424
f 6373/468/427 6376/469/427 6375/470/427
f 6378/471/426 6379/470/426 6377/468/426
f 6381/468/424 6384/469/424 6383/470/424
f 6386/471/424 6387/470/424 6385/468/424
f 6390/471/424 6391/470/424 6389/468/424
f 6394/471/424 6395/470/424 6393/468/424
f 6398/471/424 6399/470/424 6397/468/424
f 6402/471/422 6403/470/422 6401/468/422
f 6406/471/422 6407/470/422 6405/468/422
f 6410/471/422 6411/470/422 6409/468/422
f 6413/468/422 6416/469/422 6415/470/422
f 6417/468/421 6420/469/421 6419/470/421
f 6421/468/419 6424/469/419 6423/470/419
f 6426/471/424 6427/470/424 6425/468/424
f 6429/468/422 6432/469/422 6431/470/422
f 6433/468/421 6436/469/421 6435/470/421
f 6438/471/426 6439/470/426 6437/468/426
f 6441/468/424 6444/469/424 6443/470/424
f 6446/471/442 6447/470/442 6445/468/442
f 6450/471/443 6451/470/443 6449/468/443
f 6454/471/443 6455/470/443 6453/468/443
f 6457/468/444 6460/469/444 6459/470/444
f 6461/468/443 6464/469/443 6463/470/443
f 6465/468/445 6468/469/445 6467/470/445
f 6470/471/445 6471/470/445 6469/468/445
f 6473/468/446 6476/469/446 6475/470/446
f 6478/471/445 6479/470/445 6477/468/445
f 6482/471/443 6483/470/443 6481/468/443
f 6485/468/443 6488/469/443 6487/470/443
f 6489/468/424 6492/469/424 6491/470/424
f 6494/471/421 6495/470/421 6493/468/421
f 6497/468/422 6500/469/422 6499/470/422
f 6501/468/421 6504/469/421 6503/470/421
f 6505/468/424 6508/469/424 6507/470/424
f 6509/468/424 6512/469/424 6511/470/424
f 6514/471/426 6515/470/426 6513/468/426
f 6518/471/426 6519/470/426 6517/468/426
f 6522/471/424 6523/470/424 6521/468/424
f 6526/471/433 6527/470/433 6525/468/433
f 6529/468/421 6532/469/421 6531/470/421
f 6534/471/419 6535/470/419 6533/468/419
f 6538/471/421 6539/470/421 6537/468/421
f 6542/471/422 6543/470/422 6541/468/422
f 6546/471/422 6547/470/422 6545/468/422
f 6550/471/422 6551/470/422 6549/468/422
f 6554/471/422 6555/470/422 6553/468/422
f 6558/471/429 6559/470/429 6557/468/429
f 6562/471/421 6563/470/421 6561/468/421
f 6566/471/422 6567/470/422 6565/468/422
f 6569/468/424 6572/469/424 6571/470/424
f 6574/471/421 6575/470/421 6573/468/421
f 6578/471/422 6579/470/422 6577/468/422
f 6582/471/424 6583/470/424 6581/468/424
f 6586/471/421 6587/470/421 6585/468/421
f 6590/471/422 6591/470/422 6589/468/422
f 6594/471/426 6595/470/426 6593/468/426
f 6598/471/426 6599/470/426 6597/468/426
f 6602/471/424 6603/470/424 6601/468/424
f 6606/471/424 6607/470/424 6605/468/424
f 6610/471/421 6611/470/421 6609/468/421
f 6613/468/422 6616/469/422 6615/470/422
f 6617/468/424 6620/469/424 6619/470/424
f 6621/468/424 6624/469/424 6623/470/424
f 6626/471/433 6627/470/433 6625/468/433
f 6629/468/424 6632/469/424 6631/470/424
f 6634/471/426 6635/470/426 6633/468/426
f 6637/468/422 6640/469/422 6639/470/422
f 6642/471/421 6643/470/421 6641/468/421
f 6645/468/424 6648/469/424 6647/470/424
f 6649/468/424 6652/469/424 6651/470/424
f 6653/468/424 6656/469/424 6655/470/424
f 6657/468/422 6660/469/422 6659/470/422
f 6661/468/422 6664/469/422 6663/470/422
f 6665/468/421 6668/469/421 6667/470/421
f 6670/471/424 6671/470/424 6669/468/424
f 6674/471/421 6675/470/421 6673/468/421
f 6677/468/424 6680/469/424 6679/470/424
f 6682/471/421 6683/470/421 6681/468/421
f 6685/468/429 6688/469/429 6687/470/429
f 6689/468/422 6692/469/422 6691/470/422
f 6693/468/422 6696/469/422 6695/470/422
f 6697/468/421 6700/469/421 6699/470/421
f 421/468/416 422/471/416 424/469/416
f 425/468/417 426/471/417 428/469/417
f 430/471/418 432/469/418 431/470/418
f 434/471/419 436/469/419 435/470/419
f 438/471/417 440/469/417 439/470/417
f 442/471/419 444/469/419 443/470/419
f 445/468/419 446/471/419 448/469/419
f 449/468/420 450/471/420 452/469/420
f 453/468/419 454/471/419 456/469/419
f 458/471/419 460/469/419 459/470/419
f 462/471/419 464/469/419 463/470/419
f 465/468/421 466/471/421 468/469/421
f 470/471/422 472/469/422 471/470/422
f 474/471/422 476/469/422 475/470/422
f 478/471/423 480/469/423 479/470/423
f 482/471/423 484/469/423 483/470/423
f 486/471/422 488/469/422 487/470/422
f 490/471/422 492/469/422 491/470/422
f 494/471/423 496/469/423 495/470/423
f 497/468/421 498/471/421 500/469/421
f 502/471/424 504/469/424 503/470/424
f 505/468/424 506/471/424 508/469/424
f 509/468/421 510/471/421 512/469/421
f 513/468/421 514/471/421 516/469/421
f 518/471/425 520/469/425 519/470/425
f 521/468/422 522/471/422 524/469/422
f 525/468/424 526/471/424 528/469/424
f 529/468/424 530/471/424 532/469/424
f 533/468/424 534/471/424 536/469/424
f 538/471/424 540/469/424 539/470/424
f 541/468/422 542/471/422 544/469/422
f 546/471/426 548/469/426 547/470/426
f 549/468/423 550/471/423 552/469/423
f 554/471/427 556/469/427 555/470/427
f 557/468/427 558/471/427 560/469/427
f 561/468/421 562/471/421 564/469/421
f 565/468/428 566/471/428 568/469/428
f 569/468/428 570/471/428 572/469/428
f 574/471/427 576/469/427 575/470/427
f 578/471/428 580/469/428 579/470/428
f 582/471/428 584/469/428 583/470/428
f 586/471/425 588/469/425 587/470/425
f 590/471/425 592/469/425 591/470/425
f 594/471/425 596/469/425 595/470/425
f 598/471/425 600/469/425 599/470/425
f 602/471/425 604/469/425 603/470/425
f 606/471/423 608/469/423 607/470/423
f 610/471/423 612/469/423 611/470/423
f 614/471/426 616/469/426 615/470/426
f 618/471/422 620/469/422 619/470/422
f 622/471/422 624/469/422 623/470/422
f 625/468/422 626/471/422 628/469/422
f 629/468/422 630/471/422 632/469/422
f 634/471/424 636/469/424 635/470/424
f 637/468/424 638/471/424 640/469/424
f 641/468/424 642/471/424 644/469/424
f 645/468/422 646/471/422 648/469/422
f 649/468/422 650/471/422 652/469/422
f 653/468/424 654/471/424 656/469/424
f 657/468/421 658/471/421 660/469/421
f 662/471/421 664/469/421 663/470/421
f 665/468/421 666/471/421 668/469/421
f 670/471/422 672/469/422 671/470/422
f 674/471/422 676/469/422 675/470/422
f 677/468/422 678/471/422 680/469/422
f 682/471/426 684/469/426 683/470/426
f 686/471/426 688/469/426 687/470/426
f 690/471/421 692/469/421 691/470/421
f 694/471/421 696/469/421 695/470/421
f 698/471/422 700/469/422 699/470/422
f 702/471/422 704/469/422 703/470/422
f 705/468/422 706/471/422 708/469/422
f 709/468/424 710/471/424 712/469/424
f 713/468/424 714/471/424 716/469/424
f 717/468/424 718/471/424 720/469/424
f 721/468/422 722/471/422 724/469/422
f 725/468/424 726/471/424 728/469/424
f 730/471/424 732/469/424 731/470/424
f 733/468/423 734/471/423 736/469/423
f 737/468/421 738/471/421 740/469/421
f 742/471/428 744/469/428 743/470/428
f 745/468/428 746/471/428 748/469/428
f 750/471/424 752/469/424 751/470/424
f 754/471/421 756/469/421 755/470/421
f 758/471/422 760/469/422 759/470/422
f 762/471/426 764/469/426 763/470/426
f 766/471/426 768/469/426 767/470/426
f 770/471/426 772/469/426 771/470/426
f 774/471/423 776/469/423 775/470/423
f 778/471/425 780/469/425 779/470/425
f 782/471/425 784/469/425 783/470/425
f 786/471/422 788/469/422 787/470/422
f 790/471/422 792/469/422 791/470/422
f 794/471/421 796/469/421 795/470/421
f 797/468/422 798/471/422 800/469/422
f 802/471/427 804/469/427 803/470/427
f 805/468/424 806/471/424 808/469/424
f 809/468/422 810/471/422 812/469/422
f 813/468/416 814/471/416 816/469/416
f 817/468/416 818/471/416 820/469/416
f 821/468/416 822/471/416 824/469/416
f 826/471/419 828/469/419 827/470/419
f 829/468/419 830/471/419 832/469/419
f 833/468/429 834/471/429 836/469/429
f 838/471/430 840/469/430 839/470/430
f 841/468/416 842/471/416 844/469/416
f 845/468/419 846/471/419 848/469/419
f 849/468/430 850/471/430 852/469/430
f 854/471/417 856/469/417 855/470/417
f 858/471/431 860/469/431 859/470/431
f 862/471/431 864/469/431 863/470/431
f 865/468/428 866/471/428 868/469/428
f 870/471/421 872/469/421 871/470/421
f 874/471/421 876/469/421 875/470/421
f 877/468/424 878/471/424 880/469/424
f 882/471/418 884/469/418 883/470/418
f 886/471/429 888/469/429 887/470/429
f 890/471/431 892/469/431 891/470/431
f 894/471/429 896/469/429 895/470/429
f 897/468/419 898/471/419 900/469/419
f 902/471/419 904/469/419 903/470/419
f 906/471/419 908/469/419 907/470/419
f 909/468/416 910/471/416 912/469/416
f 914/471/424 916/469/424 915/470/424
f 918/471/423 920/469/423 919/470/423
f 922/471/425 924/469/425 923/470/425
f 925/468/433 926/471/433 928/469/433
f 930/471/423 932/469/423 931/470/423
f 934/471/423 936/469/423 935/470/423
f 938/471/423 940/469/423 939/470/423
f 941/468/428 942/471/428 944/469/428
f 945/468/428 946/471/428 948/469/428
f 949/468/428 950/471/428 952/469/428
f 953/468/428 954/471/428 956/469/428
f 957/468/428 958/471/428 960/469/428
f 962/471/434 964/469/434 963/470/434
f 966/471/422 968/469/422 967/470/422
f 970/471/422 972/469/422 971/470/422
f 973/468/424 974/471/424 976/469/424
f 978/471/425 980/469/425 979/470/425
f 981/468/427 982/471/427 984/469/427
f 985/468/428 986/471/428 988/469/428
f 990/471/428 992/469/428 991/470/428
f 994/471/428 996/469/428 995/470/428
f 998/471/425 1000/469/425 999/470/425
f 1001/468/435 1002/471/435 1004/469/435
f 1006/471/425 1008/469/425 1007/470/425
f 1010/471/423 1012/469/423 1011/470/423
f 1013/468/424 1014/471/424 1016/469/424
f 1017/468/421 1018/471/421 1020/469/421
f 1021/468/423 1022/471/423 1024/469/423
f 1026/471/422 1028/469/422 1027/470/422
f 1029/468/422 1030/471/422 1032/469/422
f 1033/468/423 1034/471/423 1036/469/423
f 1038/471/423 1040/469/423 1039/470/423
f 1042/471/422 1044/469/422 1043/470/422
f 1046/471/422 1048/469/422 1047/470/422
f 1050/471/421 1052/469/421 1051/470/421
f 1054/471/424 1056/469/424 1055/470/424
f 1057/468/424 1058/471/424 1060/469/424
f 1062/471/422 1064/469/422 1063/470/422
f 1066/471/422 1068/469/422 1067/470/422
f 1069/468/422 1070/471/422 1072/469/422
f 1074/471/422 1076/469/422 1075/470/422
f 1078/471/422 1080/469/422 1079/470/422
f 1082/471/422 1084/469/422 1083/470/422
f 1086/471/424 1088/469/424 1087/470/424
f 1090/471/424 1092/469/424 1091/470/424
f 1094/471/424 1096/469/424 1095/470/424
f 1097/468/425 1098/471/425 1100/469/425
f 1102/471/422 1104/469/422 1103/470/422
f 1105/468/424 1106/471/424 1108/469/424
f 1110/471/424 1112/469/424 1111/470/424
f 1113/468/424 1114/471/424 1116/469/424
f 1118/471/424 1120/469/424 1119/470/424
f 1121/468/424 1122/471/424 1124/469/424
f 1125/468/424 1126/471/424 1128/469/424
f 1130/471/423 1132/469/423 1131/470/423
f 1133/468/424 1134/471/424 1136/469/424
f 1137/468/425 1138/471/425 1140/469/425
f 1141/468/423 1142/471/423 1144/469/423
f 1146/471/424 1148/469/424 1147/470/424
f 1149/468/424 1150/471/424 1152/469/424
f 1154/471/422 1156/469/422 1155/470/422
f 1158/471/424 1160/469/424 1159/470/424
f 1162/471/424 1164/469/424 1163/470/424
f 1165/468/422 1166/471/422 1168/469/422
f 1170/471/422 1172/469/422 1171/470/422
f 1173/468/423 1174/471/423 1176/469/423
f 1177/468/428 1178/471/428 1180/469/428
f 1181/468/428 1182/471/428 1184/469/428
f 1186/471/425 1188/469/425 1187/470/425
f 1190/471/423 1192/469/423 1191/470/423
f 1193/468/433 1194/471/433 1196/469/433
f 1198/471/424 1200/469/424 1199/470/424
f 1201/468/421 1202/471/421 1204/469/421
f 1206/471/427 1208/469/427 1207/470/427
f 1210/471/425 1212/469/425 1211/470/425
f 1214/471/427 1216/469/427 1215/470/427
f 1218/471/427 1220/469/427 1219/470/427
f 1221/468/421 1222/471/421 1224/469/421
f 1226/471/421 1228/469/421 1227/470/421
f 1229/468/425 1230/471/425 1232/469/425
f 1233/468/425 1234/471/425 1236/469/425
f 1237/468/423 1238/471/423 1240/469/423
f 1242/471/425 1244/469/425 1243/470/425
f 1245/468/425 1246/471/425 1248/469/425
f 1249/468/433 1250/471/433 1252/469/433
f 1254/471/426 1256/469/426 1255/470/426
f 1258/471/421 1260/469/421 1259/470/421
f 1262/471/426 1264/469/426 1263/470/426
f 1265/468/421 1266/471/421 1268/469/421
f 1270/471/426 1272/469/426 1271/470/426
f 1274/471/426 1276/469/426 1275/470/426
f 1277/468/426 1278/471/426 1280/469/426
f 1281/468/422 1282/471/422 1284/469/422
f 1286/471/422 1288/469/422 1287/470/422
f 1290/471/426 1292/469/426 1291/470/426
f 1293/468/424 1294/471/424 1296/469/424
f 1298/471/426 1300/469/426 1299/470/426
f 1302/471/421 1304/469/421 1303/470/421
f 1306/471/421 1308/469/421 1307/470/421
f 1310/471/426 1312/469/426 1311/470/426
f 1314/471/422 1316/469/422 1315/470/422
f 1318/471/424 1320/469/424 1319/470/424
f 1322/471/425 1324/469/425 1323/470/425
f 1325/468/425 1326/471/425 1328/469/425
f 1330/471/422 1332/469/422 1331/470/422
f 1334/471/422 1336/469/422 1335/470/422
f 1337/468/426 1338/471/426 1340/469/426
f 1342/471/426 1344/469/426 1343/470/426
f 1346/471/426 1348/469/426 1347/470/426
f 1350/471/426 1352/469/426 1351/470/426
f 1353/468/423 1354/471/423 1356/469/423
f 1358/471/423 1360/469/423 1359/470/423
f 1362/471/425 1364/469/425 1363/470/425
f 1366/471/425 1368/469/425 1367/470/425
f 1370/471/436 1372/469/436 1371/470/436
f 1374/471/423 1376/469/423 1375/470/423
f 1378/471/425 1380/469/425 1379/470/425
f 1382/471/425 1384/469/425 1383/470/425
f 1385/468/425 1386/471/425 1388/469/425
f 1389/468/425 1390/471/425 1392/469/425
f 1394/471/425 1396/469/425 1395/470/425
f 1398/471/425 1400/469/425 1399/470/425
f 1402/471/422 1404/469/422 1403/470/422
f 1405/468/422 1406/471/422 1408/469/422
f 1409/468/421 1410/471/421 1412/469/421
f 1414/471/426 1416/469/426 1415/470/426
f 1417/468/422 1418/471/422 1420/469/422
f 1421/468/422 1422/471/422 1424/469/422
f 1425/468/422 1426/471/422 1428/469/422
f 1430/471/426 1432/469/426 1431/470/426
f 1433/468/421 1434/471/421 1436/469/421
f 1438/471/428 1440/469/428 1439/470/428
f 1442/471/426 1444/469/426 1443/470/426
f 1445/468/422 1446/471/422 1448/469/422
f 1449/468/425 1450/471/425 1452/469/425
f 1454/471/436 1456/469/436 1455/470/436
f 1458/471/427 1460/469/427 1459/470/427
f 1461/468/424 1462/471/424 1464/469/424
f 1465/468/424 1466/471/424 1468/469/424
f 1469/468/424 1470/471/424 1472/469/424
f 1474/471/422 1476/469/422 1475/470/422
f 1478/471/426 1480/469/426 1479/470/426
f 1482/471/426 1484/469/426 1483/470/426
f 1486/471/422 1488/469/422 1487/470/422
f 1489/468/422 1490/471/422 1492/469/422
f 1494/471/426 1496/469/426 1495/470/426
f 1497/468/421 1498/471/421 1500/469/421
f 1501/468/422 1502/471/422 1504/469/422
f 1506/471/422 1508/469/422 1507/470/422
f 1509/468/422 1510/471/422 1512/469/422
f 1514/471/422 1516/469/422 1515/470/422
f 1517/468/422 1518/471/422 1520/469/422
f 1521/468/422 1522/471/422 1524/469/422
f 1526/471/422 1528/469/422 1527/470/422
f 1530/471/424 1532/469/424 1531/470/424
f 1533/468/424 1534/471/424 1536/469/424
f 1537/468/427 1538/471/427 1540/469/427
f 1542/471/425 1544/469/425 1543/470/425
f 1546/471/425 1548/469/425 1547/470/425
f 1549/468/425 1550/471/425 1552/469/425
f 1553/468/425 1554/471/425 1556/469/425
f 1558/471/427 1560/469/427 1559/470/427
f 1562/471/427 1564/469/427 1563/470/427
f 1565/468/428 1566/471/428 1568/469/428
f 1569/468/428 1570/471/428 1572/469/428
f 1573/468/423 1574/471/423 1576/469/423
f 1578/471/427 1580/469/427 1579/470/427
f 1581/468/428 1582/471/428 1584/469/428
f 1586/471/428 1588/469/428 1587/470/428
f 1590/471/437 1592/469/437 1591/470/437
f 1594/471/425 1596/469/425 1595/470/425
f 1598/471/424 1600/469/424 1599/470/424
f 1601/468/422 1602/471/422 1604/469/422
f 1605/468/426 1606/471/426 1608/469/426
f 1609/468/419 1610/471/419 1612/469/419
f 1613/468/421 1614/471/421 1616/469/421
f 1617/468/422 1618/471/422 1620/469/422
f 1621/468/426 1622/471/426 1624/469/426
f 1626/471/422 1628/469/422 1627/470/422
f 1629/468/416 1630/471/416 1632/469/416
f 1634/471/427 1636/469/427 1635/470/427
f 1638/471/427 1640/469/427 1639/470/427
f 1641/468/416 1642/471/416 1644/469/416
f 1645/468/416 1646/471/416 1648/469/416
f 1649/468/422 1650/471/422 1652/469/422
f 1654/471/424 1656/469/424 1655/470/424
f 1658/471/421 1660/469/421 1659/470/421
f 1662/471/424 1664/469/424 1663/470/424
f 1665/468/422 1666/471/422 1668/469/422
f 1669/468/422 1670/471/422 1672/469/422
f 1673/468/422 1674/471/422 1676/469/422
f 1677/468/422 1678/471/422 1680/469/422
f 1681/468/424 1682/471/424 1684/469/424
f 1685/468/422 1686/471/422 1688/469/422
f 1689/468/422 1690/471/422 1692/469/422
f 1694/471/421 1696/469/421 1695/470/421
f 1698/471/423 1700/469/423 1699/470/423
f 1702/471/426 1704/469/426 1703/470/426
f 1706/471/421 1708/469/421 1707/470/421
f 1709/468/421 1710/471/421 1712/469/421
f 1713/468/428 1714/471/428 1716/469/428
f 1717/468/421 1718/471/421 1720/469/421
f 1721/468/422 1722/471/422 1724/469/422
f 1725/468/424 1726/471/424 1728/469/424
f 1729/468/427 1730/471/427 1732/469/427
f 1734/471/424 1736/469/424 1735/470/424
f 1737/468/424 1738/471/424 1740/469/424
f 1742/471/421 1744/469/421 1743/470/421
f 1746/471/427 1748/469/427 1747/470/427
f 1749/468/422 1750/471/422 1752/469/422
f 1754/471/424 1756/469/424 1755/470/424
f 1757/468/424 1758/471/424 1760/469/424
f 1761/468/422 1762/471/422 1764/469/422
f 1765/468/422 1766/471/422 1768/469/422
f 1770/471/424 1772/469/424 1771/470/424
f 1774/471/421 1776/469/421 1775/470/421
f 1777/468/421 1778/471/421 1780/469/421
f 1782/471/426 1784/469/426 1783/470/426
f 1786/471/426 1788/469/426 1787/470/426
f 1790/471/426 1792/469/426 1791/470/426
f 1794/471/426 1796/469/426 1795/470/426
f 1798/471/426 1800/469/426 1799/470/426
f 1802/471/426 1804/469/426 1803/470/426
f 1805/468/422 1806/471/422 1808/469/422
f 1810/471/421 1812/469/421 1811/470/421
f 1814/471/424 1816/469/424 1815/470/424
f 1818/471/424 1820/469/424 1819/470/424
f 1822/471/421 1824/469/421 1823/470/421
f 1825/468/421 1826/471/421 1828/469/421
f 1830/471/424 1832/469/424 1831/470/424
f 1834/471/421 1836/469/421 1835/470/421
f 1838/471/422 1840/469/422 1839/470/422
f 1842/471/424 1844/469/424 1843/470/424
f 1846/471/438 1848/469/438 1847/470/438
f 1849/468/422 1850/471/422 1852/469/422
f 1854/471/423 1856/469/423 1855/470/423
f 1857/468/423 1858/471/423 1860/469/423
f 1862/471/425 1864/469/425 1863/470/425
f 1866/471/425 1868/469/425 1867/470/425
f 1870/471/425 1872/469/425 1871/470/425
f 1874/471/426 1876/469/426 1875/470/426
f 1878/471/426 1880/469/426 1879/470/426
f 1881/468/422 1882/471/422 1884/469/422
f 1885/468/424 1886/471/424 1888/469/424
f 1889/468/422 1890/471/422 1892/469/422
f 1894/471/422 1896/469/422 1895/470/422
f 1897/468/422 1898/471/422 1900/469/422
f 1902/471/423 1904/469/423 1903/470/423
f 1905/468/423 1906/471/423 1908/469/423
f 1910/471/425 1912/469/425 1911/470/425
f 1913/468/425 1914/471/425 1916/469/425
f 1917/468/425 1918/471/425 1920/469/425
f 1922/471/425 1924/469/425 1923/470/425
f 1925/468/436 1926/471/436 1928/469/436
f 1930/471/425 1932/469/425 1931/470/425
f 1933/468/425 1934/471/425 1936/469/425
f 1938/471/423 1940/469/423 1939/470/423
f 1942/471/425 1944/469/425 1943/470/425
f 1946/471/423 1948/469/423 1947/470/423
f 1949/468/422 1950/471/422 1952/469/422
f 1954/471/426 1956/469/426 1955/470/426
f 1958/471/421 1960/469/421 1959/470/421
f 1961/468/425 1962/471/425 1964/469/425
f 1965/468/423 1966/471/423 1968/469/423
f 1970/471/428 1972/469/428 1971/470/428
f 1974/471/421 1976/469/421 1975/470/421
f 1977/468/421 1978/471/421 1980/469/421
f 1982/471/421 1984/469/421 1983/470/421
f 1985/468/425 1986/471/425 1988/469/425
f 1989/468/421 1990/471/421 1992/469/421
f 1994/471/424 1996/469/424 1995/470/424
f 1998/471/422 2000/469/422 1999/470/422
f 2001/468/423 2002/471/423 2004/469/423
f 2005/468/424 2006/471/424 2008/469/424
f 2009/468/422 2010/471/422 2012/469/422
f 2014/471/422 2016/469/422 2015/470/422
f 2018/471/425 2020/469/425 2019/470/425
f 2021/468/422 2022/471/422 2024/469/422
f 2026/471/424 2028/469/424 2027/470/424
f 2030/471/426 2032/469/426 2031/470/426
f 2034/471/426 2036/469/426 2035/470/426
f 2037/468/424 2038/471/424 2040/469/424
f 2041/468/426 2042/471/426 2044/469/426
f 2045/468/422 2046/471/422 2048/469/422
f 2049/468/424 2050/471/424 2052/469/424
f 2053/468/423 2054/471/423 2056/469/423
f 2057/468/423 2058/471/423 2060/469/423
f 2061/468/428 2062/471/428 2064/469/428
f 2066/471/425 2068/469/425 2067/470/425
f 2070/471/425 2072/469/425 2071/470/425
f 2074/471/423 2076/469/423 2075/470/423
f 2077/468/423 2078/471/423 2080/469/423
f 2082/471/425 2084/469/425 2083/470/425
f 2085/468/423 2086/471/423 2088/469/423
f 2090/471/423 2092/469/423 2091/470/423
f 2093/468/423 2094/471/423 2096/469/423
f 2097/468/428 2098/471/428 2100/469/428
f 2102/471/427 2104/469/427 2103/470/427
f 2106/471/427 2108/469/427 2107/470/427
f 2109/468/422 2110/471/422 2112/469/422
f 2113/468/422 2114/471/422 2116/469/422
f 2117/468/424 2118/471/424 2120/469/424
f 2121/468/424 2122/471/424 2124/469/424
f 2126/471/424 2128/469/424 2127/470/424
f 2130/471/425 2132/469/425 2131/470/425
f 2134/471/422 2136/469/422 2135/470/422
f 2137/468/422 2138/471/422 2140/469/422
f 2142/471/422 2144/469/422 2143/470/422
f 2146/471/422 2148/469/422 2147/470/422
f 2150/471/428 2152/469/428 2151/470/428
f 2154/471/424 2156/469/424 2155/470/424
f 2158/471/422 2160/469/422 2159/470/422
f 2162/471/424 2164/469/424 2163/470/424
f 2166/471/426 2168/469/426 2167/470/426
f 2170/471/426 2172/469/426 2171/470/426
f 2174/471/426 2176/469/426 2175/470/426
f 2178/471/426 2180/469/426 2179/470/426
f 2182/471/426 2184/469/426 2183/470/426
f 2185/468/421 2186/471/421 2188/469/421
f 2189/468/421 2190/471/421 2192/469/421
f 2194/471/421 2196/469/421 2195/470/421
f 2198/471/421 2200/469/421 2199/470/421
f 2202/471/423 2204/469/423 2203/470/423
f 2205/468/424 2206/471/424 2208/469/424
f 2210/471/424 2212/469/424 2211/470/424
f 2213/468/422 2214/471/422 2216/469/422
f 2218/471/424 2220/469/424 2219/470/424
f 2222/471/422 2224/469/422 2223/470/422
f 2226/471/423 2228/469/423 2227/470/423
f 2230/471/425 2232/469/425 2231/470/425
f 2233/468/424 2234/471/424 2236/469/424
f 2237/468/425 2238/471/425 2240/469/425
f 2241/468/424 2242/471/424 2244/469/424
f 2246/471/423 2248/469/423 2247/470/423
f 2250/471/425 2252/469/425 2251/470/425
f 2254/471/423 2256/469/423 2255/470/423
f 2258/471/424 2260/469/424 2259/470/424
f 2261/468/423 2262/471/423 2264/469/423
f 2265/468/421 2266/471/421 2268/469/421
f 2270/471/423 2272/469/423 2271/470/423
f 2273/468/422 2274/471/422 2276/469/422
f 2277/468/423 2278/471/423 2280/469/423
f 2281/468/422 2282/471/422 2284/469/422
f 2286/471/422 2288/469/422 2287/470/422
f 2290/471/422 2292/469/422 2291/470/422
f 2293/468/422 2294/471/422 2296/469/422
f 2297/468/423 2298/471/423 2300/469/423
f 2302/471/426 2304/469/426 2303/470/426
f 2306/471/425 2308/469/425 2307/470/425
f 2309/468/425 2310/471/425 2312/469/425
f 2314/471/424 2316/469/424 2315/470/424
f 2317/468/424 2318/471/424 2320/469/424
f 2322/471/421 2324/469/421 2323/470/421
f 2325/468/421 2326/471/421 2328/469/421
f 2330/471/426 2332/469/426 2331/470/426
f 2334/471/426 2336/469/426 2335/470/426
f 2338/471/426 2340/469/426 2339/470/426
f 2341/468/426 2342/471/426 2344/469/426
f 2346/471/426 2348/469/426 2347/470/426
f 2350/471/426 2352/469/426 2351/470/426
f 2354/471/426 2356/469/426 2355/470/426
f 2358/471/426 2360/469/426 2359/470/426
f 2362/471/426 2364/469/426 2363/470/426
f 2365/468/421 2366/471/421 2368/469/421
f 2370/471/428 2372/469/428 2371/470/428
f 2373/468/423 2374/471/423 2376/469/423
f 2378/471/428 2380/469/428 2379/470/428
f 2382/471/428 2384/469/428 2383/470/428
f 2386/471/428 2388/469/428 2387/470/428
f 2390/471/427 2392/469/427 2391/470/427
f 2393/468/422 2394/471/422 2396/469/422
f 2398/471/424 2400/469/424 2399/470/424
f 2402/471/424 2404/469/424 2403/470/424
f 2406/471/422 2408/469/422 2407/470/422
f 2410/471/422 2412/469/422 2411/470/422
f 2414/471/426 2416/469/426 2415/470/426
f 2418/471/433 2420/469/433 2419/470/433
f 2422/471/424 2424/469/424 2423/470/424
f 2425/468/423 2426/471/423 2428/469/423
f 2430/471/425 2432/469/425 2431/470/425
f 2433/468/425 2434/471/425 2436/469/425
f 2438/471/425 2440/469/425 2439/470/425
f 2442/471/426 2444/469/426 2443/470/426
f 2446/471/426 2448/469/426 2447/470/426
f 2449/468/416 2450/471/416 2452/469/416
f 2453/468/417 2454/471/417 2456/469/417
f 2457/468/430 2458/471/430 2460/469/430
f 2462/471/430 2464/469/430 2463/470/430
f 2466/471/419 2468/469/419 2467/470/419
f 2469/468/416 2470/471/416 2472/469/416
f 2473/468/416 2474/471/416 2476/469/416
f 2478/471/419 2480/469/419 2479/470/419
f 2481/468/416 2482/471/416 2484/469/416
f 2486/471/416 2488/469/416 2487/470/416
f 2489/468/416 2490/471/416 2492/469/416
f 2494/471/431 2496/469/431 2495/470/431
f 2498/471/431 2500/469/431 2499/470/431
f 2501/468/423 2502/471/423 2504/469/423
f 2505/468/421 2506/471/421 2508/469/421
f 2509/468/421 2510/471/421 2512/469/421
f 2514/471/421 2516/469/421 2515/470/421
f 2518/471/429 2520/469/429 2519/470/429
f 2522/471/419 2524/469/419 2523/470/419
f 2525/468/416 2526/471/416 2528/469/416
f 2529/468/416 2530/471/416 2532/469/416
f 2533/468/416 2534/471/416 2536/469/416
f 2538/471/419 2540/469/419 2539/470/419
f 2541/468/419 2542/471/419 2544/469/419
f 2545/468/416 2546/471/416 2548/469/416
f 2550/471/426 2552/469/426 2551/470/426
f 2554/471/426 2556/469/426 2555/470/426
f 2558/471/428 2560/469/428 2559/470/428
f 2562/471/421 2564/469/421 2563/470/421
f 2566/471/423 2568/469/423 2567/470/423
f 2570/471/428 2572/469/428 2571/470/428
f 2574/471/427 2576/469/427 2575/470/427
f 2577/468/424 2578/471/424 2580/469/424
f 2582/471/424 2584/469/424 2583/470/424
f 2586/471/427 2588/469/427 2587/470/427
f 2590/471/424 2592/469/424 2591/470/424
f 2594/471/421 2596/469/421 2595/470/421
f 2598/471/424 2600/469/424 2599/470/424
f 2602/471/427 2604/469/427 2603/470/427
f 2606/471/426 2608/469/426 2607/470/426
f 2610/471/428 2612/469/428 2611/470/428
f 2613/468/424 2614/471/424 2616/469/424
f 2618/471/421 2620/469/421 2619/470/421
f 2621/468/424 2622/471/424 2624/469/424
f 2626/471/423 2628/469/423 2627/470/423
f 2629/468/422 2630/471/422 2632/469/422
f 2634/471/421 2636/469/421 2635/470/421
f 2637/468/424 2638/471/424 2640/469/424
f 2642/471/425 2644/469/425 2643/470/425
f 2645/468/423 2646/471/423 2648/469/423
f 2650/471/421 2652/469/421 2651/470/421
f 2654/471/422 2656/469/422 2655/470/422
f 2657/468/424 2658/471/424 2660/469/424
f 2662/471/424 2664/469/424 2663/470/424
f 2666/471/424 2668/469/424 2667/470/424
f 2670/471/421 2672/469/421 2671/470/421
f 2674/471/424 2676/469/424 2675/470/424
f 2677/468/422 2678/471/422 2680/469/422
f 2681/468/422 2682/471/422 2684/469/422
f 2685/468/422 2686/471/422 2688/469/422
f 2690/471/424 2692/469/424 2691/470/424
f 2694/471/426 2696/469/426 2695/470/426
f 2698/471/435 2700/469/435 2699/470/435
f 2702/471/424 2704/469/424 2703/470/424
f 2705/468/422 2706/471/422 2708/469/422
f 2710/471/422 2712/469/422 2711/470/422
f 2713/468/422 2714/471/422 2716/469/422
f 2717/468/422 2718/471/422 2720/469/422
f 2721/468/422 2722/471/422 2724/469/422
f 2725/468/422 2726/471/422 2728/469/422
f 2729/468/424 2730/471/424 2732/469/424
f 2733/468/424 2734/471/424 2736/469/424
f 2737/468/433 2738/471/433 2740/469/433
f 2742/471/422 2744/469/422 2743/470/422
f 2745/468/416 2746/471/416 2748/469/416
f 2750/471/429 2752/469/429 2751/470/429
f 2754/471/431 2756/469/432 2755/470/431
f 2758/471/419 2760/469/419 2759/470/419
f 2762/471/430 2764/469/430 2763/470/430
f 2766/471/439 2768/469/439 2767/470/439
f 2769/468/430 2770/471/430 2772/469/430
f 2774/471/430 2776/469/430 2775/470/430
f 2777/468/439 2778/471/439 2780/469/439
f 2781/468/430 2782/471/430 2784/469/430
f 2785/468/430 2786/471/430 2788/469/430
f 2789/468/417 2790/471/417 2792/469/417
f 2794/471/419 2796/469/419 2795/470/419
f 2798/471/431 2800/469/431 2799/470/431
f 2802/471/431 2804/469/431 2803/470/431
f 2805/468/416 2806/471/416 2808/469/416
f 2809/468/429 2810/471/429 2812/469/429
f 2814/471/432 2816/469/432 2815/470/432
f 2818/471/431 2820/469/431 2819/470/431
f 2822/471/431 2824/469/431 2823/470/431
f 2826/471/431 2828/469/431 2827/470/431
f 2830/471/431 2832/469/431 2831/470/431
f 2833/468/416 2834/471/416 2836/469/416
f 2838/471/432 2840/469/432 2839/470/432
f 2841/468/429 2842/471/429 2844/469/429
f 2846/471/424 2848/469/424 2847/470/424
f 2849/468/424 2850/471/424 2852/469/424
f 2853/468/422 2854/471/422 2856/469/422
f 2858/471/427 2860/469/427 2859/470/427
f 2862/471/427 2864/469/427 2863/470/427
f 2865/468/422 2866/471/422 2868/469/422
f 2869/468/425 2870/471/425 2872/469/425
f 2874/471/424 2876/469/424 2875/470/424
f 2877/468/421 2878/471/421 2880/469/421
f 2882/471/421 2884/469/421 2883/470/421
f 2886/471/421 2888/469/421 2887/470/421
f 2889/468/426 2890/471/426 2892/469/426
f 2893/468/423 2894/471/423 2896/469/423
f 2897/468/425 2898/471/425 2900/469/425
f 2902/471/425 2904/469/425 2903/470/425
f 2906/471/425 2908/469/425 2907/470/425
f 2910/471/423 2912/469/423 2911/470/423
f 2914/471/422 2916/469/422 2915/470/422
f 2918/471/423 2920/469/423 2919/470/423
f 2922/471/424 2924/469/424 2923/470/424
f 2926/471/424 2928/469/424 2927/470/424
f 2929/468/424 2930/471/424 2932/469/424
f 2934/471/424 2936/469/424 2935/470/424
f 2937/468/424 2938/471/424 2940/469/424
f 2942/471/424 2944/469/424 2943/470/424
f 2946/471/419 2948/469/419 2947/470/419
f 2950/471/417 2952/469/417 2951/470/417
f 2954/471/425 2956/469/425 2955/470/425
f 2957/468/425 2958/471/425 2960/469/425
f 2961/468/425 2962/471/425 2964/469/425
f 2966/471/425 2968/469/425 2967/470/425
f 2970/471/427 2972/469/427 2971/470/427
f 2973/468/427 2974/471/427 2976/469/427
f 2977/468/427 2978/471/427 2980/469/427
f 2981/468/423 2982/471/423 2984/469/423
f 2985/468/424 2986/471/424 2988/469/424
f 2989/468/421 2990/471/421 2992/469/421
f 2994/471/421 2996/469/421 2995/470/421
f 2997/468/419 2998/471/419 3000/469/419
f 3001/468/439 3002/471/439 3004/469/439
f 3005/468/417 3006/471/417 3008/469/417
f 3009/468/417 3010/471/417 3012/469/417
f 3014/471/417 3016/469/417 3015/470/417
f 3018/471/419 3020/469/419 3019/470/419
f 3021/468/416 3022/471/416 3024/469/416
f 3025/468/416 3026/471/416 3028/469/416
f 3029/468/419 3030/471/419 3032/469/419
f 3034/471/440 3036/469/440 3035/470/440
f 3037/468/416 3038/471/416 3040/469/416
f 3042/471/416 3044/469/416 3043/470/416
f 3046/471/425 3048/469/425 3047/470/425
f 3049/468/423 3050/471/423 3052/469/423
f 3054/471/423 3056/469/423 3055/470/423
f 3058/471/425 3060/469/425 3059/470/425
f 3061/468/425 3062/471/425 3064/469/425
f 3065/468/425 3066/471/425 3068/469/425
f 3069/468/423 3070/471/423 3072/469/423
f 3074/471/423 3076/469/423 3075/470/423
f 3078/471/423 3080/469/423 3079/470/423
f 3082/471/426 3084/469/426 3083/470/426
f 3086/471/426 3088/469/426 3087/470/426
f 3090/471/426 3092/469/426 3091/470/426
f 3093/468/423 3094/471/423 3096/469/423
f 3097/468/428 3098/471/428 3100/469/428
f 3101/468/428 3102/471/428 3104/469/428
f 3105/468/441 3106/471/441 3108/469/441
f 3110/471/425 3112/469/425 3111/470/425
f 3114/471/425 3116/469/425 3115/470/425
f 3118/471/425 3120/469/425 3119/470/425
f 3121/468/425 3122/471/425 3124/469/425
f 3126/471/425 3128/469/425 3127/470/425
f 3129/468/423 3130/471/423 3132/469/423
f 3133/468/423 3134/471/423 3136/469/423
f 3137/468/423 3138/471/423 3140/469/423
f 3142/471/425 3144/469/425 3143/470/425
f 3146/471/421 3148/469/421 3147/470/421
f 3150/471/428 3152/469/428 3151/470/428
f 3153/468/428 3154/471/428 3156/469/428
f 3157/468/428 3158/471/428 3160/469/428
f 3161/468/422 3162/471/422 3164/469/422
f 3165/468/427 3166/471/427 3168/469/427
f 3169/468/424 3170/471/424 3172/469/424
f 3174/471/424 3176/469/424 3175/470/424
f 3177/468/424 3178/471/424 3180/469/424
f 3182/471/421 3184/469/421 3183/470/421
f 3186/471/421 3188/469/421 3187/470/421
f 3190/471/424 3192/469/424 3191/470/424
f 3194/471/424 3196/469/424 3195/470/424
f 3197/468/416 3198/471/416 3200/469/416
f 3202/471/416 3204/469/416 3203/470/416
f 3206/471/416 3208/469/416 3207/470/416
f 3209/468/416 3210/471/416 3212/469/416
f 3213/468/416 3214/471/416 3216/469/416
f 3217/468/416 3218/471/416 3220/469/416
f 3221/468/416 3222/471/416 3224/469/416
f 3226/471/419 3228/469/419 3227/470/419
f 3229/468/419 3230/471/419 3232/469/419
f 3233/468/424 3234/471/424 3236/469/424
f 3237/468/424 3238/471/424 3240/469/424
f 3241/468/424 3242/471/424 3244/469/424
f 3245/468/424 3246/471/424 3248/469/424
f 3250/471/417 3252/469/417 3251/470/417
f 3254/471/420 3256/469/420 3255/470/420
f 3257/468/420 3258/471/420 3260/469/420
f 3261/468/416 3262/471/416 3264/469/416
f 3266/471/419 3268/469/419 3267/470/419
f 3269/468/429 3270/471/429 3272/469/429
f 3274/471/431 3276/469/431 3275/470/431
f 3278/471/431 3280/469/431 3279/470/431
f 3281/468/420 3282/471/420 3284/469/420
f 3286/471/418 3288/469/418 3287/470/418
f 3289/468/416 3290/471/416 3292/469/416
f 3293/468/416 3294/471/416 3296/469/416
f 3298/471/426 3300/469/426 3299/470/426
f 3301/468/421 3302/471/421 3304/469/421
f 3305/468/424 3306/471/424 3308/469/424
f 3309/468/421 3310/471/421 3312/469/421
f 3314/471/422 3316/469/422 3315/470/422
f 3318/471/426 3320/469/426 3319/470/426
f 3322/471/422 3324/469/422 3323/470/422
f 3325/468/422 3326/471/422 3328/469/422
f 3330/471/422 3332/469/422 3331/470/422
f 3333/468/424 3334/471/424 3336/469/424
f 3337/468/424 3338/471/424 3340/469/424
f 3342/471/424 3344/469/424 3343/470/424
f 3345/468/422 3346/471/422 3348/469/422
f 3350/471/424 3352/469/424 3351/470/424
f 3353/468/422 3354/471/422 3356/469/422
f 3358/471/422 3360/469/422 3359/470/422
f 3362/471/422 3364/469/422 3363/470/422
f 3365/468/422 3366/471/422 3368/469/422
f 3370/471/422 3372/469/422 3371/470/422
f 3374/471/422 3376/469/422 3375/470/422
f 3378/471/422 3380/469/422 3379/470/422
f 3382/471/424 3384/469/424 3383/470/424
f 3386/471/424 3388/469/424 3387/470/424
f 3389/468/424 3390/471/424 3392/469/424
f 3393/468/424 3394/471/424 3396/469/424
f 3398/471/421 3400/469/421 3399/470/421
f 3401/468/421 3402/471/421 3404/469/421
f 3405/468/422 3406/471/422 3408/469/422
f 3410/471/422 3412/469/422 3411/470/422
f 3413/468/421 3414/471/421 3416/469/421
f 3418/471/426 3420/469/426 3419/470/426
f 3422/471/426 3424/469/426 3423/470/426
f 3426/471/426 3428/469/426 3427/470/426
f 3430/471/426 3432/469/426 3431/470/426
f 3434/471/422 3436/469/422 3435/470/422
f 3438/471/435 3440/469/435 3439/470/435
f 3441/468/422 3442/471/422 3444/469/422
f 3446/471/422 3448/469/422 3447/470/422
f 3450/471/426 3452/469/426 3451/470/426
f 3453/468/422 3454/471/422 3456/469/422
f 3457/468/422 3458/471/422 3460/469/422
f 3462/471/422 3464/469/422 3463/470/422
f 3465/468/424 3466/471/424 3468/469/424
f 3469/468/422 3470/471/422 3472/469/422
f 3474/471/424 3476/469/424 3475/470/424
f 3478/471/424 3480/469/424 3479/470/424
f 3482/471/426 3484/469/426 3483/470/426
f 3486/471/423 3488/469/423 3487/470/423
f 3489/468/425 3490/471/425 3492/469/425
f 3494/471/425 3496/469/425 3495/470/425
f 3498/471/426 3500/469/426 3499/470/426
f 3502/471/426 3504/469/426 3503/470/426
f 3506/471/426 3508/469/426 3507/470/426
f 3510/471/426 3512/469/426 3511/470/426
f 3514/471/421 3516/469/421 3515/470/421
f 3518/471/422 3520/469/422 3519/470/422
f 3521/468/422 3522/471/422 3524/469/422
f 3525/468/422 3526/471/422 3528/469/422
f 3530/471/426 3532/469/426 3531/470/426
f 3534/471/422 3536/469/422 3535/470/422
f 3537/468/422 3538/471/422 3540/469/422
f 3542/471/422 3544/469/422 3543/470/422
f 3546/471/424 3548/469/424 3547/470/424
f 3549/468/421 3550/471/421 3552/469/421
f 3554/471/424 3556/469/424 3555/470/424
f 3558/471/424 3560/469/424 3559/470/424
f 3561/468/425 3562/471/425 3564/469/425
f 3566/471/425 3568/469/425 3567/470/425
f 3570/471/425 3572/469/425 3571/470/425
f 3574/471/423 3576/469/423 3575/470/423
f 3578/471/423 3580/469/423 3579/470/423
f 3581/468/423 3582/471/423 3584/469/423
f 3586/471/425 3588/469/425 3587/470/425
f 3589/468/425 3590/471/425 3592/469/425
f 3593/468/425 3594/471/425 3596/469/425
f 3598/471/425 3600/469/425 3599/470/425
f 3601/468/423 3602/471/423 3604/469/423
f 3605/468/428 3606/471/428 3608/469/428
f 3610/471/428 3612/469/428 3611/470/428
f 3613/468/428 3614/471/428 3616/469/428
f 3617/468/419 3618/471/419 3620/469/419
f 3622/471/424 3624/469/424 3623/470/424
f 3626/471/417 3628/469/417 3627/470/417
f 3629/468/424 3630/471/424 3632/469/424
f 3633/468/427 3634/471/427 3636/469/427
f 3638/471/427 3640/469/427 3639/470/427
f 3642/471/427 3644/469/427 3643/470/427
f 3646/471/427 3648/469/427 3647/470/427
f 3650/471/425 3652/469/425 3651/470/425
f 3653/468/425 3654/471/425 3656/469/425
f 3658/471/423 3660/469/423 3659/470/423
f 3662/471/423 3664/469/423 3663/470/423
f 3666/471/421 3668/469/421 3667/470/421
f 3669/468/422 3670/471/422 3672/469/422
f 3673/468/424 3674/471/424 3676/469/424
f 3677/468/421 3678/471/421 3680/469/421
f 3682/471/426 3684/469/426 3683/470/426
f 3685/468/422 3686/471/422 3688/469/422
f 3690/471/422 3692/469/422 3691/470/422
f 3693/468/424 3694/471/424 3696/469/424
f 3698/471/427 3700/469/427 3699/470/427
f 3702/471/426 3704/469/426 3703/470/426
f 3706/471/425 3708/469/425 3707/470/425
f 3709/468/424 3710/471/424 3712/469/424
f 3714/471/428 3716/469/428 3715/470/428
f 3718/471/428 3720/469/428 3719/470/428
f 3721/468/428 3722/471/428 3724/469/428
f 3725/468/428 3726/471/428 3728/469/428
f 3729/468/427 3730/471/427 3732/469/427
f 3733/468/421 3734/471/421 3736/469/421
f 3738/471/428 3740/469/428 3739/470/428
f 3742/471/428 3744/469/428 3743/470/428
f 3746/471/426 3748/469/426 3747/470/426
f 3750/471/425 3752/469/425 3751/470/425
f 3754/471/425 3756/469/425 3755/470/425
f 3758/471/428 3760/469/428 3759/470/428
f 3761/468/422 3762/471/422 3764/469/422
f 3766/471/425 3768/469/425 3767/470/425
f 3769/468/424 3770/471/424 3772/469/424
f 3774/471/421 3776/469/421 3775/470/421
f 3777/468/422 3778/471/422 3780/469/422
f 3781/468/425 3782/471/425 3784/469/425
f 3785/468/424 3786/471/424 3788/469/424
f 3789/468/422 3790/471/422 3792/469/422
f 3793/468/424 3794/471/424 3796/469/424
f 3797/468/424 3798/471/424 3800/469/424
f 3802/471/428 3804/469/428 3803/470/428
f 3806/471/422 3808/469/422 3807/470/422
f 3810/471/422 3812/469/422 3811/470/422
f 3814/471/425 3816/469/425 3815/470/425
f 3817/468/424 3818/471/424 3820/469/424
f 3822/471/422 3824/469/422 3823/470/422
f 3825/468/422 3826/471/422 3828/469/422
f 3829/468/421 3830/471/421 3832/469/421
f 3834/471/425 3836/469/425 3835/470/425
f 3838/471/425 3840/469/425 3839/470/425
f 3842/471/424 3844/469/424 3843/470/424
f 3845/468/422 3846/471/422 3848/469/422
f 3850/471/424 3852/469/424 3851/470/424
f 3854/471/424 3856/469/424 3855/470/424
f 3858/471/422 3860/469/422 3859/470/422
f 3861/468/422 3862/471/422 3864/469/422
f 3865/468/422 3866/471/422 3868/469/422
f 3869/468/424 3870/471/424 3872/469/424
f 3873/468/424 3874/471/424 3876/469/424
f 3878/471/424 3880/469/424 3879/470/424
f 3882/471/423 3884/469/423 3883/470/423
f 3886/471/423 3888/469/423 3887/470/423
f 3890/471/436 3892/469/436 3891/470/436
f 3894/471/424 3896/469/424 3895/470/424
f 3898/471/426 3900/469/426 3899/470/426
f 3902/471/421 3904/469/421 3903/470/421
f 3906/471/421 3908/469/421 3907/470/421
f 3909/468/424 3910/471/424 3912/469/424
f 3913/468/422 3914/471/422 3916/469/422
f 3917/468/422 3918/471/422 3920/469/422
f 3921/468/424 3922/471/424 3924/469/424
f 3925/468/422 3926/471/422 3928/469/422
f 3929/468/424 3930/471/424 3932/469/424
f 3933/468/422 3934/471/422 3936/469/422
f 3938/471/424 3940/469/424 3939/470/424
f 3941/468/422 3942/471/422 3944/469/422
f 3945/468/424 3946/471/424 3948/469/424
f 3949/468/424 3950/471/424 3952/469/424
f 3953/468/424 3954/471/424 3956/469/424
f 3958/471/424 3960/469/424 3959/470/424
f 3961/468/424 3962/471/424 3964/469/424
f 3966/471/424 3968/469/424 3967/470/424
f 3970/471/424 3972/469/424 3971/470/424
f 3974/471/424 3976/469/424 3975/470/424
f 3978/471/425 3980/469/425 3979/470/425
f 3982/471/428 3984/469/428 3983/470/428
f 3986/471/422 3988/469/422 3987/470/422
f 3990/471/428 3992/469/428 3991/470/428
f 3993/468/423 3994/471/423 3996/469/423
f 3998/471/424 4000/469/424 3999/470/424
f 4002/471/426 4004/469/426 4003/470/426
f 4006/471/421 4008/469/421 4007/470/421
f 4010/471/426 4012/469/426 4011/470/426
f 4014/471/426 4016/469/426 4015/470/426
f 4018/471/426 4020/469/426 4019/470/426
f 4022/471/426 4024/469/426 4023/470/426
f 4025/468/433 4026/471/433 4028/469/433
f 4029/468/433 4030/471/433 4032/469/433
f 4033/468/422 4034/471/422 4036/469/422
f 4037/468/422 4038/471/422 4040/469/422
f 4041/468/423 4042/471/423 4044/469/423
f 4046/471/424 4048/469/424 4047/470/424
f 4049/468/422 4050/471/422 4052/469/422
f 4054/471/423 4056/469/423 4055/470/423
f 4057/468/422 4058/471/422 4060/469/422
f 4062/471/424 4064/469/424 4063/470/424
f 4065/468/421 4066/471/421 4068/469/421
f 4070/471/421 4072/469/421 4071/470/421
f 4074/471/421 4076/469/421 4075/470/421
f 4077/468/424 4078/471/424 4080/469/424
f 4081/468/422 4082/471/422 4084/469/422
f 4086/471/424 4088/469/424 4087/470/424
f 4090/471/424 4092/469/424 4091/470/424
f 4093/468/422 4094/471/422 4096/469/422
f 4097/468/433 4098/471/433 4100/469/433
f 4102/471/424 4104/469/424 4103/470/424
f 4106/471/424 4108/469/424 4107/470/424
f 4110/471/424 4112/469/424 4111/470/424
f 4113/468/424 4114/471/424 4116/469/424
f 4118/471/426 4120/469/426 4119/470/426
f 4122/471/421 4124/469/421 4123/470/421
f 4125/468/422 4126/471/422 4128/469/422
f 4129/468/424 4130/471/424 4132/469/424
f 4133/468/424 4134/471/424 4136/469/424
f 4137/468/422 4138/471/422 4140/469/422
f 4141/468/435 4142/471/435 4144/469/435
f 4146/471/426 4148/469/426 4147/470/426
f 4149/468/425 4150/471/425 4152/469/425
f 4153/468/425 4154/471/425 4156/469/425
f 4157/468/423 4158/471/423 4160/469/423
f 4162/471/427 4164/469/427 4163/470/427
f 4165/468/424 4166/471/424 4168/469/424
f 4170/471/424 4172/469/424 4171/470/424
f 4174/471/424 4176/469/424 4175/470/424
f 4178/471/433 4180/469/433 4179/470/433
f 4182/471/430 4184/469/430 4183/470/430
f 4185/468/420 4186/471/420 4188/469/420
f 4189/468/424 4190/471/424 4192/469/424
f 4194/471/424 4196/469/424 4195/470/424
f 4198/471/424 4200/469/424 4199/470/424
f 4201/468/433 4202/471/433 4204/469/433
f 4206/471/422 4208/469/422 4207/470/422
f 4209/468/424 4210/471/424 4212/469/424
f 4214/471/424 4216/469/424 4215/470/424
f 4217/468/424 4218/471/424 4220/469/424
f 4221/468/424 4222/471/424 4224/469/424
f 4226/471/422 4228/469/422 4227/470/422
f 4230/471/421 4232/469/421 4231/470/421
f 4234/471/421 4236/469/421 4235/470/421
f 4238/471/421 4240/469/421 4239/470/421
f 4241/468/424 4242/471/424 4244/469/424
f 4245/468/424 4246/471/424 4248/469/424
f 4250/471/426 4252/469/426 4251/470/426
f 4254/471/426 4256/469/426 4255/470/426
f 4257/468/421 4258/471/421 4260/469/421
f 4262/471/422 4264/469/422 4263/470/422
f 4266/471/422 4268/469/422 4267/470/422
f 4270/471/422 4272/469/422 4271/470/422
f 4274/471/424 4276/469/424 4275/470/424
f 4277/468/421 4278/471/421 4280/469/421
f 4282/471/421 4284/469/421 4283/470/421
f 4286/471/421 4288/469/421 4287/470/421
f 4289/468/424 4290/471/424 4292/469/424
f 4293/468/422 4294/471/422 4296/469/422
f 4298/471/423 4300/469/423 4299/470/423
f 4301/468/424 4302/471/424 4304/469/424
f 4305/468/423 4306/471/423 4308/469/423
f 4309/468/428 4310/471/428 4312/469/428
f 4314/471/422 4316/469/422 4315/470/422
f 4318/471/428 4320/469/428 4319/470/428
f 4322/471/426 4324/469/426 4323/470/426
f 4326/471/421 4328/469/421 4327/470/421
f 4329/468/424 4330/471/424 4332/469/424
f 4333/468/422 4334/471/422 4336/469/422
f 4338/471/421 4340/469/421 4339/470/421
f 4342/471/423 4344/469/423 4343/470/423
f 4346/471/423 4348/469/423 4347/470/423
f 4349/468/425 4350/471/425 4352/469/425
f 4354/471/425 4356/469/425 4355/470/425
f 4358/471/429 4360/469/429 4359/470/429
f 4361/468/429 4362/471/429 4364/469/429
f 4365/468/423 4366/471/423 4368/469/423
f 4370/471/421 4372/469/421 4371/470/421
f 4374/471/425 4376/469/425 4375/470/425
f 4378/471/424 4380/469/424 4379/470/424
f 4382/471/424 4384/469/424 4383/470/424
f 4386/471/424 4388/469/424 4387/470/424
f 4389/468/424 4390/471/424 4392/469/424
f 4393/468/424 4394/471/424 4396/469/424
f 4398/471/424 4400/469/424 4399/470/424
f 4401/468/424 4402/471/424 4404/469/424
f 4406/471/427 4408/469/427 4407/470/427
f 4409/468/424 4410/471/424 4412/469/424
f 4414/471/422 4416/469/422 4415/470/422
f 4418/471/422 4420/469/422 4419/470/422
f 4422/471/427 4424/469/427 4423/470/427
f 4425/468/423 4426/471/423 4428/469/423
f 4429/468/426 4430/471/426 4432/469/426
f 4434/471/422 4436/469/422 4435/470/422
f 4437/468/424 4438/471/424 4440/469/424
f 4442/471/424 4444/469/424 4443/470/424
f 4445/468/424 4446/471/424 4448/469/424
f 4449/468/424 4450/471/424 4452/469/424
f 4454/471/422 4456/469/422 4455/470/422
f 4457/468/425 4458/471/425 4460/469/425
f 4462/471/421 4464/469/421 4463/470/421
f 4466/471/421 4468/469/421 4467/470/421
f 4469/468/424 4470/471/424 4472/469/424
f 4473/468/422 4474/471/422 4476/469/422
f 4477/468/424 4478/471/424 4480/469/424
f 4481/468/422 4482/471/422 4484/469/422
f 4486/471/422 4488/469/422 4487/470/422
f 4490/471/422 4492/469/422 4491/470/422
f 4494/471/422 4496/469/422 4495/470/422
f 4497/468/424 4498/471/424 4500/469/424
f 4502/471/421 4504/469/421 4503/470/421
f 4505/468/424 4506/471/424 4508/469/424
f 4510/471/419 4512/469/419 4511/470/419
f 4513/468/421 4514/471/421 4516/469/421
f 4517/468/427 4518/471/427 4520/469/427
f 4521/468/421 4522/471/421 4524/469/421
f 4525/468/421 4526/471/421 4528/469/421
f 4529/468/425 4530/471/425 4532/469/425
f 4533/468/424 4534/471/424 4536/469/424
f 4538/471/425 4540/469/425 4539/470/425
f 4542/471/421 4544/469/421 4543/470/421
f 4545/468/424 4546/471/424 4548/469/424
f 4550/471/421 4552/469/421 4551/470/421
f 4554/471/421 4556/469/421 4555/470/421
f 4557/468/423 4558/471/423 4560/469/423
f 4562/471/426 4564/469/426 4563/470/426
f 4566/471/428 4568/469/428 4567/470/428
f 4569/468/422 4570/471/422 4572/469/422
f 4574/471/422 4576/469/422 4575/470/422
f 4577/468/422 4578/471/422 4580/469/422
f 4582/471/422 4584/469/422 4583/470/422
f 4585/468/424 4586/471/424 4588/469/424
f 4590/471/424 4592/469/424 4591/470/424
f 4593/468/421 4594/471/421 4596/469/421
f 4597/468/421 4598/471/421 4600/469/421
f 4602/471/427 4604/469/427 4603/470/427
f 4606/471/426 4608/469/426 4607/470/426
f 4609/468/424 4610/471/424 4612/469/424
f 4613/468/422 4614/471/422 4616/469/422
f 4618/471/423 4620/469/423 4619/470/423
f 4622/471/423 4624/469/423 4623/470/423
f 4626/471/423 4628/469/423 4627/470/423
f 4629/468/425 4630/471/425 4632/469/425
f 4633/468/425 4634/471/425 4636/469/425
f 4638/471/425 4640/469/425 4639/470/425
f 4641/468/425 4642/471/425 4644/469/425
f 4646/471/425 4648/469/425 4647/470/425
f 4650/471/425 4652/469/425 4651/470/425
f 4653/468/424 4654/471/424 4656/469/424
f 4658/471/424 4660/469/424 4659/470/424
f 4661/468/422 4662/471/422 4664/469/422
f 4665/468/422 4666/471/422 4668/469/422
f 4670/471/424 4672/469/424 4671/470/424
f 4674/471/420 4676/469/420 4675/470/420
f 4678/471/418 4680/469/418 4679/470/418
f 4681/468/419 4682/471/419 4684/469/419
f 4686/471/419 4688/469/419 4687/470/419
f 4690/471/417 4692/469/417 4691/470/417
f 4694/471/419 4696/469/419 4695/470/419
f 4697/468/424 4698/471/424 4700/469/424
f 4702/471/429 4704/469/429 4703/470/429
f 4706/471/420 4708/469/420 4707/470/420
f 4710/471/420 4712/469/420 4711/470/420
f 4714/471/429 4716/469/429 4715/470/429
f 4718/471/422 4720/469/422 4719/470/422
f 4721/468/424 4722/471/424 4724/469/424
f 4725/468/422 4726/471/422 4728/469/422
f 4729/468/422 4730/471/422 4732/469/422
f 4733/468/422 4734/471/422 4736/469/422
f 4737/468/424 4738/471/424 4740/469/424
f 4742/471/424 4744/469/424 4743/470/424
f 4746/471/422 4748/469/422 4747/470/422
f 4749/468/421 4750/471/421 4752/469/421
f 4754/471/421 4756/469/421 4755/470/421
f 4758/471/423 4760/469/423 4759/470/423
f 4762/471/423 4764/469/423 4763/470/423
f 4766/471/424 4768/469/424 4767/470/424
f 4770/471/424 4772/469/424 4771/470/424
f 4774/471/421 4776/469/421 4775/470/421
f 4777/468/424 4778/471/424 4780/469/424
f 4781/468/427 4782/471/427 4784/469/427
f 4785/468/422 4786/471/422 4788/469/422
f 4790/471/428 4792/469/428 4791/470/428
f 4794/471/427 4796/469/427 4795/470/427
f 4798/471/422 4800/469/422 4799/470/422
f 4801/468/428 4802/471/428 4804/469/428
f 4805/468/428 4806/471/428 4808/469/428
f 4809/468/428 4810/471/428 4812/469/428
f 4814/471/421 4816/469/421 4815/470/421
f 4818/471/427 4820/469/427 4819/470/427
f 4821/468/422 4822/471/422 4824/469/422
f 4826/471/424 4828/469/424 4827/470/424
f 4829/468/424 4830/471/424 4832/469/424
f 4834/471/424 4836/469/424 4835/470/424
f 4838/471/424 4840/469/424 4839/470/424
f 4841/468/423 4842/471/423 4844/469/423
f 4846/471/424 4848/469/424 4847/470/424
f 4849/468/427 4850/471/427 4852/469/427
f 4854/471/428 4856/469/428 4855/470/428
f 4857/468/423 4858/471/423 4860/469/423
f 4861/468/423 4862/471/423 4864/469/423
f 4866/471/421 4868/469/421 4867/470/421
f 4870/471/426 4872/469/426 4871/470/426
f 4874/471/426 4876/469/426 4875/470/426
f 4878/471/426 4880/469/426 4879/470/426
f 4881/468/426 4882/471/426 4884/469/426
f 4886/471/421 4888/469/421 4887/470/421
f 4890/471/421 4892/469/421 4891/470/421
f 4893/468/421 4894/471/421 4896/469/421
f 4898/471/424 4900/469/424 4899/470/424
f 4902/471/422 4904/469/422 4903/470/422
f 4906/471/424 4908/469/424 4907/470/424
f 4909/468/424 4910/471/424 4912/469/424
f 4914/471/427 4916/469/427 4915/470/427
f 4918/471/423 4920/469/423 4919/470/423
f 4922/471/426 4924/469/426 4923/470/426
f 4926/471/426 4928/469/426 4927/470/426
f 4929/468/423 4930/471/423 4932/469/423
f 4934/471/425 4936/469/425 4935/470/425
f 4938/471/426 4940/469/426 4939/470/426
f 4941/468/424 4942/471/424 4944/469/424
f 4946/471/421 4948/469/421 4947/470/421
f 4950/471/422 4952/469/422 4951/470/422
f 4954/471/425 4956/469/425 4955/470/425
f 4958/471/428 4960/469/428 4959/470/428
f 4961/468/428 4962/471/428 4964/469/428
f 4966/471/428 4968/469/428 4967/470/428
f 4969/468/428 4970/471/428 4972/469/428
f 4973/468/428 4974/471/428 4976/469/428
f 4977/468/428 4978/471/428 4980/469/428
f 4982/471/428 4984/469/428 4983/470/428
f 4986/471/427 4988/469/427 4987/470/427
f 4990/471/427 4992/469/427 4991/470/427
f 4994/471/423 4996/469/423 4995/470/423
f 4997/468/422 4998/471/422 5000/469/422
f 5001/468/422 5002/471/422 5004/469/422
f 5006/471/422 5008/469/422 5007/470/422
f 5010/471/422 5012/469/422 5011/470/422
f 5014/471/424 5016/469/424 5015/470/424
f 5017/468/424 5018/471/424 5020/469/424
f 5021/468/421 5022/471/421 5024/469/421
f 5026/471/426 5028/469/426 5027/470/426
f 5030/471/426 5032/469/426 5031/470/426
f 5033/468/421 5034/471/421 5036/469/421
f 5038/471/421 5040/469/421 5039/470/421
f 5042/471/421 5044/469/421 5043/470/421
f 5045/468/421 5046/471/421 5048/469/421
f 5050/471/421 5052/469/421 5051/470/421
f 5054/471/427 5056/469/427 5055/470/427
f 5058/471/427 5060/469/427 5059/470/427
f 5062/471/427 5064/469/427 5063/470/427
f 5066/471/425 5068/469/425 5067/470/425
f 5070/471/426 5072/469/426 5071/470/426
f 5073/468/422 5074/471/422 5076/469/422
f 5077/468/422 5078/471/422 5080/469/422
f 5082/471/422 5084/469/422 5083/470/422
f 5086/471/421 5088/469/421 5087/470/421
f 5089/468/424 5090/471/424 5092/469/424
f 5094/471/425 5096/469/425 5095/470/425
f 5097/468/424 5098/471/424 5100/469/424
f 5101/468/422 5102/471/422 5104/469/422
f 5106/471/435 5108/469/435 5107/470/435
f 5109/468/428 5110/471/428 5112/469/428
f 5114/471/424 5116/469/424 5115/470/424
f 5118/471/421 5120/469/421 5119/470/421
f 5121/468/421 5122/471/421 5124/469/421
f 5125/468/421 5126/471/421 5128/469/421
f 5129/468/421 5130/471/421 5132/469/421
f 5134/471/423 5136/469/423 5135/470/423
f 5138/471/425 5140/469/425 5139/470/425
f 5141/468/428 5142/471/428 5144/469/428
f 5146/471/425 5148/469/425 5147/470/425
f 5150/471/423 5152/469/423 5151/470/423
f 5154/471/423 5156/469/423 5155/470/423
f 5157/468/425 5158/471/425 5160/469/425
f 5162/471/423 5164/469/423 5163/470/423
f 5166/471/424 5168/469/424 5167/470/424
f 5170/471/424 5172/469/424 5171/470/424
f 5174/471/422 5176/469/422 5175/470/422
f 5177/468/422 5178/471/422 5180/469/422
f 5182/471/422 5184/469/422 5183/470/422
f 5185/468/422 5186/471/422 5188/469/422
f 5190/471/423 5192/469/423 5191/470/423
f 5194/471/422 5196/469/422 5195/470/422
f 5197/468/424 5198/471/424 5200/469/424
f 5202/471/423 5204/469/423 5203/470/423
f 5206/471/424 5208/469/424 5207/470/424
f 5209/468/424 5210/471/424 5212/469/424
f 5214/471/423 5216/469/423 5215/470/423
f 5218/471/423 5220/469/423 5219/470/423
f 5222/471/426 5224/469/426 5223/470/426
f 5226/471/424 5228/469/424 5227/470/424
f 5229/468/424 5230/471/424 5232/469/424
f 5233/468/424 5234/471/424 5236/469/424
f 5238/471/422 5240/469/422 5239/470/422
f 5242/471/422 5244/469/422 5243/470/422
f 5246/471/422 5248/469/422 5247/470/422
f 5250/471/435 5252/469/435 5251/470/435
f 5253/468/422 5254/471/422 5256/469/422
f 5258/471/424 5260/469/424 5259/470/424
f 5262/471/424 5264/469/424 5263/470/424
f 5265/468/422 5266/471/422 5268/469/422
f 5269/468/422 5270/471/422 5272/469/422
f 5273/468/419 5274/471/419 5276/469/419
f 5278/471/419 5280/469/419 5279/470/419
f 5282/471/417 5284/469/417 5283/470/417
f 5286/471/417 5288/469/417 5287/470/417
f 5290/471/419 5292/469/419 5291/470/419
f 5293/468/416 5294/471/416 5296/469/416
f 5298/471/430 5300/469/430 5299/470/430
f 5302/471/419 5304/469/419 5303/470/419
f 5305/468/419 5306/471/419 5308/469/419
f 5310/471/429 5312/469/429 5311/470/429
f 5313/468/416 5314/471/416 5316/469/416
f 5317/468/422 5318/471/422 5320/469/422
f 5322/471/422 5324/469/422 5323/470/422
f 5325/468/422 5326/471/422 5328/469/422
f 5329/468/422 5330/471/422 5332/469/422
f 5334/471/422 5336/469/422 5335/470/422
f 5338/471/422 5340/469/422 5339/470/422
f 5342/471/424 5344/469/424 5343/470/424
f 5346/471/424 5348/469/424 5347/470/424
f 5349/468/424 5350/471/424 5352/469/424
f 5354/471/424 5356/469/424 5355/470/424
f 5357/468/425 5358/471/425 5360/469/425
f 5361/468/424 5362/471/424 5364/469/424
f 5365/468/421 5366/471/421 5368/469/421
f 5370/471/421 5372/469/421 5371/470/421
f 5374/471/421 5376/469/421 5375/470/421
f 5378/471/421 5380/469/421 5379/470/421
f 5382/471/426 5384/469/426 5383/470/426
f 5386/471/426 5388/469/426 5387/470/426
f 5390/471/426 5392/469/426 5391/470/426
f 5394/471/426 5396/469/426 5395/470/426
f 5397/468/421 5398/471/421 5400/469/421
f 5402/471/421 5404/469/421 5403/470/421
f 5406/471/424 5408/469/424 5407/470/424
f 5409/468/422 5410/471/422 5412/469/422
f 5413/468/429 5414/471/429 5416/469/429
f 5418/471/420 5420/469/420 5419/470/420
f 5422/471/420 5424/469/420 5423/470/420
f 5425/468/420 5426/471/420 5428/469/420
f 5429/468/420 5430/471/420 5432/469/420
f 5433/468/418 5434/471/418 5436/469/418
f 5437/468/430 5438/471/430 5440/469/430
f 5441/468/417 5442/471/417 5444/469/417
f 5445/468/417 5446/471/417 5448/469/417
f 5449/468/420 5450/471/420 5452/469/420
f 5453/468/429 5454/471/429 5456/469/429
f 5458/471/429 5460/469/429 5459/470/429
f 5461/468/429 5462/471/429 5464/469/429
f 5465/468/416 5466/471/416 5468/469/416
f 5469/468/416 5470/471/416 5472/469/416
f 5473/468/416 5474/471/416 5476/469/416
f 5478/471/419 5480/469/419 5479/470/419
f 5481/468/416 5482/471/416 5484/469/416
f 5485/468/431 5486/471/431 5488/469/431
f 5490/471/430 5492/469/430 5491/470/430
f 5494/471/417 5496/469/417 5495/470/417
f 5497/468/417 5498/471/417 5500/469/417
f 5502/471/430 5504/469/430 5503/470/430
f 5505/468/420 5506/471/420 5508/469/420
f 5509/468/430 5510/471/430 5512/469/430
f 5514/471/422 5516/469/422 5515/470/422
f 5518/471/427 5520/469/427 5519/470/427
f 5521/468/428 5522/471/428 5524/469/428
f 5526/471/426 5528/469/426 5527/470/426
f 5530/471/421 5532/469/421 5531/470/421
f 5534/471/424 5536/469/424 5535/470/424
f 5538/471/424 5540/469/424 5539/470/424
f 5542/471/424 5544/469/424 5543/470/424
f 5545/468/424 5546/471/424 5548/469/424
f 5549/468/424 5550/471/424 5552/469/424
f 5553/468/422 5554/471/422 5556/469/422
f 5558/471/422 5560/469/422 5559/470/422
f 5562/471/422 5564/469/422 5563/470/422
f 5566/471/425 5568/469/425 5567/470/425
f 5570/471/425 5572/469/425 5571/470/425
f 5574/471/427 5576/469/427 5575/470/427
f 5578/471/424 5580/469/424 5579/470/424
f 5582/471/424 5584/469/424 5583/470/424
f 5585/468/422 5586/471/422 5588/469/422
f 5589/468/422 5590/471/422 5592/469/422
f 5593/468/422 5594/471/422 5596/469/422
f 5598/471/422 5600/469/422 5599/470/422
f 5602/471/424 5604/469/424 5603/470/424
f 5605/468/424 5606/471/424 5608/469/424
f 5610/471/422 5612/469/422 5611/470/422
f 5613/468/427 5614/471/427 5616/469/427
f 5618/471/428 5620/469/428 5619/470/428
f 5622/471/421 5624/469/421 5623/470/421
f 5625/468/421 5626/471/421 5628/469/421
f 5630/471/426 5632/469/426 5631/470/426
f 5634/471/426 5636/469/426 5635/470/426
f 5638/471/426 5640/469/426 5639/470/426
f 5642/471/426 5644/469/426 5643/470/426
f 5646/471/426 5648/469/426 5647/470/426
f 5649/468/421 5650/471/421 5652/469/421
f 5654/471/421 5656/469/421 5655/470/421
f 5658/471/424 5660/469/424 5659/470/424
f 5661/468/422 5662/471/422 5664/469/422
f 5666/471/422 5668/469/422 5667/470/422
f 5669/468/422 5670/471/422 5672/469/422
f 5674/471/422 5676/469/422 5675/470/422
f 5678/471/424 5680/469/424 5679/470/424
f 5681/468/424 5682/471/424 5684/469/424
f 5686/471/422 5688/469/422 5687/470/422
f 5690/471/426 5692/469/426 5691/470/426
f 5693/468/422 5694/471/422 5696/469/422
f 5698/471/422 5700/469/422 5699/470/422
f 5702/471/422 5704/469/422 5703/470/422
f 5706/471/423 5708/469/423 5707/470/423
f 5710/471/426 5712/469/426 5711/470/426
f 5714/471/421 5716/469/421 5715/470/421
f 5717/468/421 5718/471/421 5720/469/421
f 5722/471/427 5724/469/427 5723/470/427
f 5726/471/427 5728/469/427 5727/470/427
f 5729/468/428 5730/471/428 5732/469/428
f 5734/471/427 5736/469/427 5735/470/427
f 5738/471/425 5740/469/425 5739/470/425
f 5741/468/427 5742/471/427 5744/469/427
f 5746/471/421 5748/469/421 5747/470/421
f 5749/468/421 5750/471/421 5752/469/421
f 5753/468/421 5754/471/421 5756/469/421
f 5758/471/425 5760/469/425 5759/470/425
f 5761/468/425 5762/471/425 5764/469/425
f 5765/468/422 5766/471/422 5768/469/422
f 5770/471/422 5772/469/422 5771/470/422
f 5773/468/424 5774/471/424 5776/469/424
f 5778/471/436 5780/469/436 5779/470/436
f 5781/468/435 5782/471/435 5784/469/435
f 5785/468/422 5786/471/422 5788/469/422
f 5790/471/427 5792/469/427 5791/470/427
f 5793/468/428 5794/471/428 5796/469/428
f 5797/468/428 5798/471/428 5800/469/428
f 5802/471/428 5804/469/428 5803/470/428
f 5805/468/421 5806/471/421 5808/469/421
f 5810/471/423 5812/469/423 5811/470/423
f 5814/471/424 5816/469/424 5815/470/424
f 5818/471/425 5820/469/425 5819/470/425
f 5821/468/423 5822/471/423 5824/469/423
f 5826/471/425 5828/469/425 5827/470/425
f 5829/468/435 5830/471/435 5832/469/435
f 5834/471/425 5836/469/425 5835/470/425
f 5838/471/421 5840/469/421 5839/470/421
f 5842/471/421 5844/469/421 5843/470/421
f 5845/468/424 5846/471/424 5848/469/424
f 5849/468/424 5850/471/424 5852/469/424
f 5854/471/422 5856/469/422 5855/470/422
f 5857/468/422 5858/471/422 5860/469/422
f 5861/468/422 5862/471/422 5864/469/422
f 5866/471/426 5868/469/426 5867/470/426
f 5869/468/421 5870/471/421 5872/469/421
f 5874/471/424 5876/469/424 5875/470/424
f 5878/471/422 5880/469/422 5879/470/422
f 5882/471/427 5884/469/427 5883/470/427
f 5885/468/423 5886/471/423 5888/469/423
f 5889/468/421 5890/471/421 5892/469/421
f 5894/471/433 5896/469/433 5895/470/433
f 5898/471/421 5900/469/421 5899/470/421
f 5902/471/421 5904/469/421 5903/470/421
f 5906/471/421 5908/469/421 5907/470/421
f 5910/471/421 5912/469/421 5911/470/421
f 5913/468/424 5914/471/424 5916/469/424
f 5918/471/424 5920/469/424 5919/470/424
f 5921/468/422 5922/471/422 5924/469/422
f 5926/471/422 5928/469/422 5927/470/422
f 5929/468/421 5930/471/421 5932/469/421
f 5934/471/426 5936/469/426 5935/470/426
f 5938/471/426 5940/469/426 5939/470/426
f 5942/471/424 5944/469/424 5943/470/424
f 5946/471/424 5948/469/424 5947/470/424
f 5950/471/421 5952/469/421 5951/470/421
f 5954/471/421 5956/469/421 5955/470/421
f 5958/471/421 5960/469/421 5959/470/421
f 5961/468/422 5962/471/422 5964/469/422
f 5965/468/424 5966/471/424 5968/469/424
f 5970/471/424 5972/469/424 5971/470/424
f 5973/468/424 5974/471/424 5976/469/424
f 5978/471/427 5980/469/427 5979/470/427
f 5982/471/423 5984/469/423 5983/470/423
f 5986/471/425 5988/469/425 5987/470/425
f 5989/468/425 5990/471/425 5992/469/425
f 5994/471/426 5996/469/426 5995/470/426
f 5997/468/422 5998/471/422 6000/469/422
f 6001/468/435 6002/471/435 6004/469/435
f 6006/471/422 6008/469/422 6007/470/422
f 6010/471/424 6012/469/424 6011/470/424
f 6013/468/416 6014/471/416 6016/469/416
f 6017/468/429 6018/471/429 6020/469/429
f 6021/468/431 6022/471/431 6024/469/431
f 6026/471/419 6028/469/419 6027/470/419
f 6029/468/431 6030/471/431 6032/469/431
f 6034/471/431 6036/469/431 6035/470/431
f 6038/471/431 6040/469/431 6039/470/431
f 6042/471/429 6044/469/429 6043/470/429
f 6046/471/429 6048/469/429 6047/470/429
f 6050/471/430 6052/469/430 6051/470/430
f 6053/468/418 6054/471/418 6056/469/418
f 6058/471/420 6060/469/420 6059/470/420
f 6062/471/426 6064/469/426 6063/470/426
f 6066/471/428 6068/469/428 6067/470/428
f 6070/471/426 6072/469/426 6071/470/426
f 6074/471/424 6076/469/424 6075/470/424
f 6078/471/424 6080/469/424 6079/470/424
f 6082/471/422 6084/469/422 6083/470/422
f 6086/471/421 6088/469/421 6087/470/421
f 6090/471/421 6092/469/421 6091/470/421
f 6093/468/421 6094/471/421 6096/469/421
f 6098/471/421 6100/469/421 6099/470/421
f 6102/471/421 6104/469/421 6103/470/421
f 6105/468/424 6106/471/424 6108/469/424
f 6110/471/423 6112/469/423 6111/470/423
f 6113/468/423 6114/471/423 6116/469/423
f 6118/471/423 6120/469/423 6119/470/423
f 6122/471/425 6124/469/425 6123/470/425
f 6126/471/425 6128/469/425 6127/470/425
f 6129/468/425 6130/471/425 6132/469/425
f 6134/471/423 6136/469/423 6135/470/423
f 6138/471/423 6140/469/423 6139/470/423
f 6141/468/423 6142/471/423 6144/469/423
f 6146/471/425 6148/469/425 6147/470/425
f 6150/471/425 6152/469/425 6151/470/425
f 6154/471/424 6156/469/424 6155/470/424
f 6158/471/426 6160/469/426 6159/470/426
f 6161/468/421 6162/471/421 6164/469/421
f 6165/468/422 6166/471/422 6168/469/422
f 6169/468/422 6170/471/422 6172/469/422
f 6173/468/424 6174/471/424 6176/469/424
f 6177/468/422 6178/471/422 6180/469/422
f 6182/471/421 6184/469/421 6183/470/421
f 6186/471/421 6188/469/421 6187/470/421
f 6189/468/422 6190/471/422 6192/469/422
f 6193/468/422 6194/471/422 6196/469/422
f 6198/471/421 6200/469/421 6199/470/421
f 6201/468/424 6202/471/424 6204/469/424
f 6206/471/424 6208/469/424 6207/470/424
f 6209/468/424 6210/471/424 6212/469/424
f 6214/471/424 6216/469/424 6215/470/424
f 6218/471/422 6220/469/422 6219/470/422
f 6222/471/422 6224/469/422 6223/470/422
f 6225/468/422 6226/471/422 6228/469/422
f 6229/468/422 6230/471/422 6232/469/422
f 6233/468/422 6234/471/422 6236/469/422
f 6238/471/424 6240/469/424 6239/470/424
f 6242/471/421 6244/469/421 6243/470/421
f 6246/471/426 6248/469/426 6247/470/426
f 6250/471/424 6252/469/424 6251/470/424
f 6254/471/426 6256/469/426 6255/470/426
f 6258/471/426 6260/469/426 6259/470/426
f 6261/468/421 6262/471/421 6264/469/421
f 6266/471/426 6268/469/426 6267/470/426
f 6270/471/426 6272/469/426 6271/470/426
f 6274/471/426 6276/469/426 6275/470/426
f 6278/471/421 6280/469/421 6279/470/421
f 6282/471/421 6284/469/421 6283/470/421
f 6286/471/426 6288/469/426 6287/470/426
f 6290/471/424 6292/469/424 6291/470/424
f 6294/471/426 6296/469/426 6295/470/426
f 6298/471/426 6300/469/426 6299/470/426
f 6302/471/425 6304/469/425 6303/470/425
f 6306/471/421 6308/469/421 6307/470/421
f 6309/468/426 6310/471/426 6312/469/426
f 6314/471/424 6316/469/424 6315/470/424
f 6318/471/424 6320/469/424 6319/470/424
f 6321/468/424 6322/471/424 6324/469/424
f 6325/468/422 6326/471/422 6328/469/422
f 6329/468/421 6330/471/421 6332/469/421
f 6333/468/422 6334/471/422 6336/469/422
f 6337/468/422 6338/471/422 6340/469/422
f 6342/471/422 6344/469/422 6343/470/422
f 6345/468/422 6346/471/422 6348/469/422
f 6349/468/422 6350/471/422 6352/469/422
f 6353/468/424 6354/471/424 6356/469/424
f 6358/471/424 6360/469/424 6359/470/424
f 6362/471/427 6364/469/427 6363/470/427
f 6366/471/421 6368/469/421 6367/470/421
f 6370/471/424 6372/469/424 6371/470/424
f 6373/468/427 6374/471/427 6376/469/427
f 6378/471/426 6380/469/426 6379/470/426
f 6381/468/424 6382/471/424 6384/469/424
f 6386/471/424 6388/469/424 6387/470/424
f 6390/471/424 6392/469/424 6391/470/424
f 6394/471/424 6396/469/424 6395/470/424
f 6398/471/424 6400/469/424 6399/470/424
f 6402/471/422 6404/469/422 6403/470/422
f 6406/471/422 6408/469/422 6407/470/422
f 6410/471/422 6412/469/422 6411/470/422
f 6413/468/422 6414/471/422 6416/469/422
f 6417/468/421 6418/471/421 6420/469/421
f 6421/468/419 6422/471/419 6424/469/419
f 6426/471/424 6428/469/424 6427/470/424
f 6429/468/422 6430/471/422 6432/469/422
f 6433/468/421 6434/471/421 6436/469/421
f 6438/471/426 6440/469/426 6439/470/426
f 6441/468/424 6442/471/424 6444/469/424
f 6446/471/442 6448/469/442 6447/470/442
f 6450/471/443 6452/469/443 6451/470/443
f 6454/471/443 6456/469/443 6455/470/443
f 6457/468/444 6458/471/444 6460/469/444
f 6461/468/443 6462/471/443 6464/469/443
f 6465/468/445 6466/471/445 6468/469/445
f 6470/471/445 6472/469/445 6471/470/445
f 6473/468/446 6474/471/446 6476/469/446
f 6478/471/445 6480/469/445 6479/470/445
f 6482/471/443 6484/469/443 6483/470/443
f 6485/468/443 6486/471/443 6488/469/443
f 6489/468/424 6490/471/424 6492/469/424
f 6494/471/421 6496/469/421 6495/470/421
f 6497/468/422 6498/471/422 6500/469/422
f 6501/468/421 6502/471/421 6504/469/421
f 6505/468/424 6506/471/424 6508/469/424
f 6509/468/424 6510/471/424 6512/469/424
f 6514/471/426 6516/469/426 6515/470/426
f 6518/471/426 6520/469/426 6519/470/426
f 6522/471/424 6524/469/424 6523/470/424
f 6526/471/433 6528/469/433 6527/470/433
f 6529/468/421 6530/471/421 6532/469/421
f 6534/471/419 6536/469/419 6535/470/419
f 6538/471/421 6540/469/421 6539/470/421
f 6542/471/422 6544/469/422 6543/470/422
f 6546/471/422 6548/469/422 6547/470/422
f 6550/471/422 6552/469/422 6551/470/422
f 6554/471/422 6556/469/422 6555/470/422
f 6558/471/429 6560/469/429 6559/470/429
f 6562/471/421 6564/469/421 6563/470/421
f 6566/471/422 6568/469/422 6567/470/422
f 6569/468/424 6570/471/424 6572/469/424
f 6574/471/421 6576/469/421 6575/470/421
f 6578/471/422 6580/469/422 6579/470/422
f 6582/471/424 6584/469/424 6583/470/424
f 6586/471/421 6588/469/421 6587/470/421
f 6590/471/422 6592/469/422 6591/470/422
f 6594/471/426 6596/469/426 6595/470/426
f 6598/471/426 6600/469/426 6599/470/426
f 6602/471/424 6604/469/424 6603/470/424
f 6606/471/424 6608/469/424 6607/470/424
f 6610/471/421 6612/469/421 6611/470/421
f 6613/468/422 6614/471/422 6616/469/422
f 6617/468/424 6618/471/424 6620/469/424
f 6621/468/424 6622/471/424 6624/469/424
f 6626/471/433 6628/469/433 6627/470/433
f 6629/468/424 6630/471/424 6632/469/424
f 6634/471/426 6636/469/426 6635/470/426
f 6637/468/422 6638/471/422 6640/469/422
f 6642/471/421 6644/469/421 6643/470/421
f 6645/468/424 6646/471/424 6648/469/424
f 6649/468/424 6650/471/424 6652/469/424
f 6653/468/424 6654/471/424 6656/469/424
f 6657/468/422 6658/471/422 6660/469/422
f 6661/468/422 6662/471/422 6664/469/422
f 6665/468/421 6666/471/421 6668/469/421
f 6670/471/424 6672/469/424 6671/470/424
f 6674/471/421 6676/469/421 6675/470/421
f 6677/468/424 6678/471/424 6680/469/424
f 6682/471/421 6684/469/421 6683/470/421
f 6685/468/429 6686/471/429 6688/469/429
f 6689/468/422 6690/471/422 6692/469/422
f 6693/468/422 6694/471/422 6696/469/422
f 6697/468/421 6698/471/421 6700/469/421
