# Blender 5.0.0
# www.blender.org
mtllib house11.mtl
o Base_House_01
v -1.136274 -3.024579 1.616013
v -1.581612 -3.303169 1.055132
v -1.136274 -1.934220 1.616013
v -0.567143 -3.024579 1.616013
v -0.567143 -1.934220 1.616013
v 0.189912 -0.883435 0.902772
v -1.581612 -1.343168 1.055132
v 0.189912 -0.148869 0.902772
v -1.581612 -3.303169 -1.192621
v 0.700680 -0.883435 0.902772
v -1.581612 -1.343168 -1.192621
v 0.700680 -0.148869 0.902772
v 0.904311 -3.303169 0.807379
v 0.904311 -1.343168 0.807379
v 0.904311 -3.303169 -1.192621
v 0.904311 -1.343168 -1.192621
v 0.760924 -2.783134 0.052148
v 0.164096 -3.303169 -1.192621
v 0.164096 -1.343168 -1.192621
v 0.760924 -2.048568 0.052148
v -0.095689 -3.303169 0.807379
v 0.760924 -2.783134 -0.458621
v -0.095689 -1.343168 0.807379
v 0.760924 -2.048568 -0.458621
v -1.581612 -3.303168 1.797724
v -1.581612 -1.343168 1.797724
v -0.095689 -1.343168 1.797724
v -0.095689 -3.303168 1.797724
v -0.679863 3.246748 -1.442623
v -1.125738 -0.963577 1.886382
v -1.125738 -0.145076 1.886382
v 0.154311 0.735783 1.057379
v -0.556607 -0.963577 1.886382
v 1.154311 0.735783 1.057379
v -0.556607 -0.145076 1.886382
v 1.154311 0.735782 -1.442621
v 0.164096 0.735782 -1.442621
v -1.831612 1.655519 -1.442621
v -1.831612 1.655520 1.055131
v -1.831612 -1.343168 1.055132
v 0.189912 0.515739 0.902772
v -1.831612 -1.343168 -1.442621
v 0.164096 -1.343168 -1.442621
v 0.189912 1.250305 0.902771
v 0.700680 0.515739 0.902772
v 1.154311 -1.343168 -1.442621
v 1.154311 -1.343168 1.057379
v 0.700680 1.250305 0.902771
v -1.831612 0.273937 1.055132
v 0.154311 -1.343168 1.057379
v -1.831612 -1.343168 2.047724
v -1.831612 0.273937 2.047724
v 1.010203 -0.890276 0.359429
v 0.154311 -1.343168 2.047724
v 1.010203 -0.155710 0.359429
v -1.831612 0.273937 -1.442621
v 1.010203 -0.890276 -0.151339
v 0.164096 0.273937 -1.442621
v 1.010203 -0.155710 -0.151340
v 1.154311 0.273937 -1.442621
v 1.154311 0.273937 1.057379
v 0.154311 0.273937 1.057379
v 0.154311 0.273937 2.047724
v -0.683125 3.246748 1.056628
v 1.010203 -0.890276 -0.258510
v 1.010203 -0.155710 -0.258510
v 1.010203 -0.890276 -0.769278
v 1.010203 -0.155710 -0.769278
v -1.693639 -0.890276 0.359429
v -1.693639 -0.155710 0.359429
v -1.693639 -0.155710 -0.151340
v -1.693639 -0.890276 -0.151339
v -1.693639 -0.890276 -0.258510
v -1.693639 -0.155710 -0.258510
v -1.693639 -0.155710 -0.769279
v -1.693639 -0.890276 -0.769278
v -1.693639 0.637755 0.359429
v -1.693639 1.372320 0.359429
v -1.693639 1.372320 -0.151340
v -1.693639 0.637755 -0.151340
v -1.693639 0.637755 -0.258510
v -1.693639 1.372320 -0.258510
v -1.693639 1.372320 -0.769279
v -1.693639 0.637754 -0.769279
v 0.218859 0.829621 0.267261
v 0.218860 1.730993 -0.015813
v 0.218859 0.829621 -0.652506
v 0.218860 1.730993 -0.369431
v 1.138627 0.829621 0.267261
v 0.189912 0.515739 -1.281730
v 1.138627 1.730993 -0.015813
v 0.189912 1.250304 -1.281730
v 1.138627 0.829621 -0.652506
v 0.700680 1.250304 -1.281730
v 1.138627 1.730993 -0.369431
v 0.700680 0.515739 -1.281730
v 0.218859 1.466560 0.267261
v 0.218859 1.466560 -0.652506
v 1.138627 1.466560 -0.652506
v 1.138627 1.466560 0.267261
v 0.189912 -0.883435 -1.281730
v 0.189912 -0.148869 -1.281730
v 0.700680 -0.148869 -1.281730
v 0.700680 -0.883435 -1.281730
v -1.441713 -2.783135 0.052148
v -1.441713 -2.048569 0.052148
v -1.441713 -2.048569 -0.458621
v -1.441713 -2.783135 -0.458621
v -0.557760 1.939093 0.267262
v -0.557760 2.840464 -0.015813
v -0.557760 1.939093 -0.652506
v -0.557760 2.840464 -0.369431
v 0.362007 1.939093 0.267262
v 0.362007 2.840464 -0.015813
v 0.362007 1.939093 -0.652506
v 0.362007 2.840464 -0.369431
v -0.557760 2.576032 0.267262
v -0.557760 2.576032 -0.652506
v 0.362007 2.576032 -0.652506
v 0.362007 2.576032 0.267262
v -1.277248 -3.304240 -1.105801
v -0.778376 3.899789 -1.424243
v -1.277248 -3.304240 -2.101946
v -0.778376 3.899788 -1.619881
v -0.069397 -3.304240 -1.105801
v -0.568269 3.899789 -1.424243
v -0.069397 -3.304240 -2.101946
v -0.568269 3.899788 -1.619881
v -1.277248 -1.306319 -1.105801
v -1.277248 -1.306319 -2.101947
v -0.069397 -1.306319 -2.101947
v -0.069397 -1.306319 -1.105801
v -1.054084 -0.083519 -1.228661
v -1.054084 -0.083519 -1.815462
v -0.292562 -0.083519 -1.815462
v -0.292562 -0.083519 -1.228661
v -0.853245 3.899789 -1.349377
v -0.853245 3.899788 -1.694747
v -0.493401 3.899788 -1.694747
v -0.493401 3.899789 -1.349377
v -0.778376 3.683447 -1.424243
v -0.778376 3.683446 -1.619881
v -0.568269 3.683446 -1.619881
v -0.568269 3.683447 -1.424243
v -1.581612 -2.048569 0.052148
v -1.581612 -2.783135 0.052148
v -1.581612 -2.783135 -0.458621
v -1.581612 -2.048569 -0.458621
v 0.904311 -2.048568 0.052148
v 0.904311 -2.048568 -0.458621
v 0.904311 -2.783134 0.052148
v 0.904311 -2.783134 -0.458621
v 0.189912 0.515739 -1.442621
v 0.189912 0.735782 -1.442621
v 0.700680 0.515739 -1.442621
v 0.700680 0.735782 -1.442621
v 0.189912 0.735783 1.057379
v 0.189912 1.250305 1.057224
v 0.700680 1.250305 1.057224
v 0.700680 0.735783 1.057379
v 0.189912 1.250304 -1.442621
v 0.700680 1.250304 -1.442621
v -1.831612 0.637755 -0.151340
v -1.831612 0.637755 0.359429
v -1.831612 0.637754 -0.769279
v -1.831612 0.637755 -0.258510
v -1.831612 1.372320 0.359429
v -1.831612 1.372320 -0.151340
v -1.831612 1.372320 -0.258510
v -1.831612 1.372320 -0.769279
v -1.125738 -0.963577 2.047724
v -0.556607 -0.963577 2.047724
v -0.556607 -0.145076 2.047724
v -1.125738 -0.145076 2.047724
v 0.189912 -0.883435 -1.442621
v 0.189912 -0.148869 -1.442621
v 0.700680 -0.883435 -1.442621
v 0.700680 -0.148869 -1.442621
v 1.154311 -0.890276 -0.151339
v 1.154311 -0.890276 -0.258510
v 1.154311 -0.890276 -0.769278
v 1.154311 -0.890276 0.359429
v 1.154311 -0.155710 0.359429
v 1.154311 -0.155710 -0.258510
v 1.154311 -0.155710 -0.151340
v 1.154311 -0.155710 -0.769278
v 0.700680 -0.883435 1.057379
v 0.189912 -0.883435 1.057379
v 0.189912 -0.148869 1.057379
v 0.700680 -0.148869 1.057379
v -1.831612 -0.890276 -0.151339
v -1.831612 -0.890276 0.359429
v -1.831612 -0.890276 -0.258510
v -1.831612 -0.155710 0.359429
v -1.831612 -0.155710 -0.151340
v -1.831612 -0.155710 -0.769279
v -1.831612 -0.890276 -0.769278
v -1.831612 -0.155710 -0.258510
v 0.700680 0.515739 1.057379
v 0.189912 0.515739 1.057379
v -0.567143 -1.934220 1.797724
v -1.136274 -3.024579 1.797724
v -1.136274 -1.934220 1.797724
v -0.567143 -3.024579 1.797724
v 1.044160 1.398521 -0.016095
v 1.044160 1.398521 -0.366129
v 0.277517 2.514835 -0.016096
v 0.277517 2.514835 -0.366129
v 0.218859 0.829621 0.267261
v 0.218859 0.829621 -0.652506
v 1.138627 0.829621 0.267261
v 1.138627 1.730993 -0.015813
v 1.138627 0.829621 -0.652506
v 1.138627 1.730993 -0.369431
v 0.218859 1.466560 0.267261
v 0.218859 1.466560 -0.652506
v 1.138627 1.466560 -0.652506
v 1.138627 1.466560 0.267261
v -0.557760 1.939093 0.267262
v -0.557760 1.939093 -0.652506
v 0.362007 1.939093 0.267262
v 0.362007 2.840464 -0.015813
v 0.362007 1.939093 -0.652506
v 0.362007 2.840464 -0.369431
v -0.557760 2.576032 0.267262
v -0.557760 2.576032 -0.652506
v 0.362007 2.576032 -0.652506
v 0.362007 2.576032 0.267262
v 1.126573 0.895119 -0.016095
v 1.044160 1.009151 -0.016095
v 1.044160 1.009151 -0.095386
v 0.319785 2.011434 -0.204086
v 0.277517 2.069918 -0.366129
v 1.126573 0.895119 -0.366129
v 1.044160 1.009151 -0.366129
v 0.319785 2.011434 -0.366129
v 0.319539 2.011434 -0.016095
v 0.277517 2.069473 -0.016096
v 1.138627 1.398521 -0.016095
v 1.138627 1.398521 -0.366129
v 1.138627 0.895119 -0.016095
v 1.138627 0.895119 -0.366129
v 0.362007 2.514835 -0.016096
v 0.362007 2.514835 -0.366129
v 0.362007 2.011434 -0.016095
v 0.362007 2.011434 -0.366129
v 0.746020 1.294727 -1.442621
v 0.745598 1.294314 1.057212
v -1.831612 0.273937 -0.258510
v -1.831612 0.273937 -0.151340
v 1.087087 -1.353381 1.160390
v 1.087087 -1.245581 1.160390
v 1.087087 -1.353381 -1.529008
v 1.087087 -1.245581 -1.529008
v 1.197087 -1.353381 1.160390
v 1.197087 -1.245581 1.160390
v 1.197087 -1.353381 -1.529008
v 1.197087 -1.245581 -1.529008
v 1.237944 -1.353381 -1.385175
v 1.237944 -1.245581 -1.385175
v -1.915163 -1.353381 -1.382645
v -1.915163 -1.245581 -1.382645
v 1.237944 -1.353381 -1.495173
v 1.237944 -1.245581 -1.495173
v -1.915163 -1.353381 -1.492645
v -1.915163 -1.245581 -1.492645
v 1.227344 -1.353381 1.108121
v 1.227344 -1.245581 1.108121
v 0.037939 -1.353381 1.110651
v 0.037939 -1.245581 1.110651
v 1.227344 -1.353381 0.998120
v 1.227344 -1.245581 0.998120
v 0.037939 -1.353381 1.000650
v 0.037939 -1.245581 1.000650
v 0.203220 -1.353381 1.008738
v 0.203220 -1.245581 1.008738
v 0.205749 -1.353381 2.137168
v 0.205749 -1.245581 2.137168
v 0.093220 -1.353381 1.008738
v 0.093220 -1.245581 1.008738
v 0.095749 -1.353381 2.137168
v 0.095749 -1.245581 2.137168
v 0.239085 -1.353381 2.098788
v 0.239085 -1.245581 2.098788
v -1.912269 -1.353381 2.101317
v -1.912269 -1.245581 2.101317
v 0.239085 -1.353381 1.988789
v 0.239085 -1.245581 1.988789
v -1.912269 -1.353381 1.991318
v -1.912269 -1.245581 1.991318
v -1.878504 -1.353381 2.141837
v -1.878504 -1.245581 2.141837
v -1.878504 -1.353381 -1.534188
v -1.878504 -1.245581 -1.534188
v -1.768504 -1.353381 2.141837
v -1.768504 -1.245581 2.141837
v -1.768504 -1.353381 -1.534188
v -1.768504 -1.245581 -1.534188
v 0.071674 -1.327885 2.082089
v 0.181674 -1.327885 2.082089
v 0.071673 0.116979 2.084618
v 0.181673 0.116979 2.084618
v 0.071674 -1.327885 1.972090
v 0.181674 -1.327885 1.972090
v 0.071673 0.116979 1.974618
v 0.181673 0.116979 1.974618
v -1.860222 -1.327885 2.082089
v -1.750222 -1.327885 2.082089
v -1.860222 0.116979 2.084618
v -1.750222 0.116979 2.084618
v -1.860222 -1.327885 1.972090
v -1.750222 -1.327885 1.972090
v -1.860222 0.116979 1.974618
v -1.750222 0.116979 1.974618
v -1.241218 -1.327885 2.067565
v -1.131218 -1.327885 2.067565
v -1.241219 0.116979 2.070094
v -1.131218 0.116979 2.070094
v -1.241218 -1.327885 1.957564
v -1.131218 -1.327885 1.957564
v -1.241219 0.116979 1.960093
v -1.131218 0.116979 1.960093
v -0.552793 -1.327885 2.067565
v -0.442793 -1.327885 2.067565
v -0.552793 0.116979 2.070094
v -0.442793 0.116979 2.070094
v -0.552793 -1.327885 1.957564
v -0.442793 -1.327885 1.957564
v -0.552793 0.116979 1.960093
v -0.442793 0.116979 1.960093
v 1.074451 -1.327885 1.088281
v 1.184451 -1.327885 1.088281
v 1.074451 0.905543 1.090810
v 1.184451 0.779035 1.090810
v 1.074451 -1.327885 0.978281
v 1.184451 -1.327885 0.978281
v 1.074451 0.905543 0.980809
v 1.184451 0.779035 0.980809
v 1.074451 -1.327885 -1.367603
v 1.184451 -1.327885 -1.367603
v 1.074451 0.905542 -1.365075
v 1.184451 0.779034 -1.365075
v 1.074451 -1.327885 -1.477604
v 1.184451 -1.327885 -1.477604
v 1.074451 0.905542 -1.475075
v 1.184451 0.779034 -1.475075
v 1.058673 -1.327885 -0.149609
v 1.168673 -1.327885 -0.149609
v 1.058673 0.905543 -0.147080
v 1.168673 0.779035 -0.147080
v 1.058673 -1.327885 -0.259609
v 1.168673 -1.327885 -0.259609
v 1.058673 0.905543 -0.257081
v 1.168673 0.779035 -0.257080
v 1.064102 -1.316480 -0.764850
v 1.174102 -1.316480 -0.764850
v 1.064102 0.916949 -0.762321
v 1.174102 0.790442 -0.762321
v 1.064102 -1.316480 -0.874849
v 1.174102 -1.316480 -0.874849
v 1.064102 0.916949 -0.872320
v 1.174102 0.790442 -0.872320
v 1.061623 -1.326414 0.469043
v 1.171623 -1.326414 0.469043
v 1.061623 0.907015 0.471570
v 1.171623 0.780507 0.471570
v 1.061623 -1.326414 0.359042
v 1.171623 -1.326414 0.359042
v 1.061623 0.907014 0.361571
v 1.171623 0.780507 0.361571
v -1.860222 -1.327885 -1.360931
v -1.750222 -1.327885 -1.360931
v -1.860222 1.720947 -1.358402
v -1.750222 1.889664 -1.358402
v -1.860222 -1.327885 -1.470931
v -1.750222 -1.327885 -1.470931
v -1.860222 1.720947 -1.468403
v -1.750222 1.889664 -1.468403
v -1.860222 -1.327885 1.085869
v -1.750222 -1.327885 1.085869
v -1.860222 1.720948 1.088397
v -1.750222 1.889666 1.088397
v -1.860222 -1.327885 0.975869
v -1.750222 -1.327885 0.975869
v -1.860222 1.720948 0.978397
v -1.750222 1.889666 0.978397
v 1.067513 0.041326 1.045247
v 1.067513 0.149126 1.045247
v 1.067513 0.041326 -1.436887
v 1.067513 0.149126 -1.436887
v 1.177513 0.041326 1.045247
v 1.177513 0.149126 1.045247
v 1.177513 0.041326 -1.436887
v 1.177513 0.149126 -1.436887
v 1.067513 0.162835 1.045247
v 1.067513 0.270636 1.045247
v 1.067513 0.162835 -1.436887
v 1.067513 0.270636 -1.436887
v 1.177513 0.162835 1.045247
v 1.177513 0.270636 1.045247
v 1.177513 0.162835 -1.436887
v 1.177513 0.270636 -1.436887
v 1.067513 0.282715 1.045247
v 1.067513 0.390514 1.045247
v 1.067513 0.282714 -1.436887
v 1.067513 0.390514 -1.436887
v 1.177513 0.282715 1.045247
v 1.177513 0.390514 1.045247
v 1.177513 0.282714 -1.436887
v 1.177513 0.390514 -1.436887
v 1.068492 0.401893 1.049479
v 1.068492 0.509693 1.049479
v 1.068492 0.401893 -1.432653
v 1.068492 0.509693 -1.432653
v 1.178492 0.401893 1.049479
v 1.178492 0.509693 1.049479
v 1.178492 0.401893 -1.432653
v 1.178492 0.509693 -1.432653
v 1.107606 0.041326 1.081656
v 1.107606 0.149126 1.081656
v -1.767989 0.041326 1.081656
v -1.767989 0.149126 1.081656
v 1.107606 0.041326 0.971656
v 1.107606 0.149126 0.971656
v -1.767989 0.041326 0.971656
v -1.767989 0.149126 0.971656
v 1.107606 0.162835 1.081656
v 1.107606 0.270636 1.081656
v -1.767989 0.162835 1.081656
v -1.767989 0.270636 1.081656
v 1.107606 0.162835 0.971656
v 1.107606 0.270636 0.971656
v -1.767989 0.162835 0.971656
v -1.767989 0.270636 0.971656
v 1.107606 0.282715 1.081656
v 1.107606 0.390514 1.081656
v -1.767989 0.282715 1.081656
v -1.767989 0.390514 1.081656
v 1.107606 0.282714 0.971656
v 1.107606 0.390514 0.971656
v -1.767989 0.282714 0.971656
v -1.767989 0.390514 0.971656
v 1.111838 0.401893 1.080676
v 1.111838 0.509693 1.080676
v -1.763757 0.401893 1.080676
v -1.763757 0.509693 1.080676
v 1.111838 0.401893 0.970676
v 1.111838 0.509693 0.970676
v -1.763757 0.401893 0.970676
v -1.763757 0.509693 0.970676
v 1.107606 0.041326 -1.355553
v 1.107606 0.149126 -1.355553
v -1.767989 0.041326 -1.355553
v -1.767989 0.149126 -1.355553
v 1.107606 0.041326 -1.465552
v 1.107606 0.149126 -1.465552
v -1.767989 0.041326 -1.465552
v -1.767989 0.149126 -1.465552
v 1.107606 0.162835 -1.355553
v 1.107606 0.270636 -1.355553
v -1.767989 0.162835 -1.355553
v -1.767989 0.270636 -1.355553
v 1.107606 0.162835 -1.465552
v 1.107606 0.270636 -1.465552
v -1.767989 0.162835 -1.465552
v -1.767989 0.270636 -1.465552
v 1.107606 0.282714 -1.355553
v 1.107606 0.390514 -1.355553
v -1.767989 0.282714 -1.355553
v -1.767989 0.390514 -1.355553
v 1.107606 0.282714 -1.465552
v 1.107606 0.390514 -1.465552
v -1.767989 0.282714 -1.465552
v -1.767989 0.390514 -1.465552
v 1.111838 0.401893 -1.356531
v 1.111838 0.509693 -1.356531
v -1.763757 0.401893 -1.356531
v -1.763757 0.509693 -1.356531
v 1.111838 0.401893 -1.466532
v 1.111838 0.509693 -1.466532
v -1.763757 0.401893 -1.466532
v -1.763757 0.509693 -1.466532
v -1.856194 0.041326 1.045247
v -1.856194 0.149126 1.045247
v -1.856194 0.041326 -1.436887
v -1.856194 0.149126 -1.436887
v -1.746194 0.041326 1.045247
v -1.746194 0.149126 1.045247
v -1.746194 0.041326 -1.436887
v -1.746194 0.149126 -1.436887
v -1.856194 0.162835 1.045247
v -1.856194 0.270636 1.045247
v -1.856194 0.162835 -1.436887
v -1.856194 0.270636 -1.436887
v -1.746194 0.162835 1.045247
v -1.746194 0.270636 1.045247
v -1.746194 0.162835 -1.436887
v -1.746194 0.270636 -1.436887
v -1.856194 0.282715 1.045247
v -1.856194 0.390514 1.045247
v -1.856194 0.282714 -1.436887
v -1.856194 0.390514 -1.436887
v -1.746194 0.282715 1.045247
v -1.746194 0.390514 1.045247
v -1.746194 0.282714 -1.436887
v -1.746194 0.390514 -1.436887
v -1.855215 0.401893 1.049479
v -1.855215 0.509693 1.049479
v -1.855215 0.401893 -1.432653
v -1.855215 0.509693 -1.432653
v -1.745215 0.401893 1.049479
v -1.745215 0.509693 1.049479
v -1.745215 0.401893 -1.432653
v -1.745215 0.509693 -1.432653
v -1.842813 -1.327885 -0.149609
v -1.732813 -1.327885 -0.149609
v -1.842813 1.732078 -0.147081
v -1.732813 1.868266 -0.147081
v -1.842813 -1.327885 -0.259609
v -1.732813 -1.327885 -0.259609
v -1.842813 1.732078 -0.257081
v -1.732813 1.868266 -0.257081
v -1.844724 -1.316480 -0.764850
v -1.734725 -1.316480 -0.764850
v -1.844725 1.743483 -0.762321
v -1.734725 1.879670 -0.762321
v -1.844724 -1.316480 -0.874849
v -1.734725 -1.316480 -0.874849
v -1.844725 1.743483 -0.872321
v -1.734725 1.879670 -0.872321
v -1.847203 -1.326414 0.469043
v -1.737203 -1.326414 0.469043
v -1.847203 1.775446 0.471570
v -1.737203 1.869738 0.471570
v -1.847203 -1.326414 0.359042
v -1.737203 -1.326414 0.359042
v -1.847203 1.775446 0.361571
v -1.737203 1.869738 0.361571
v 0.079299 -1.327885 1.073318
v 0.189299 -1.327885 1.073318
v 0.079299 2.306154 1.075847
v 0.189299 2.152714 1.075847
v 0.079299 -1.327885 0.963318
v 0.189299 -1.327885 0.963318
v 0.079299 2.306154 0.965847
v 0.189299 2.152714 0.965847
v 0.684046 1.387766 1.081655
v 0.609166 1.495566 1.081655
v -1.797161 1.387766 1.081655
v -1.797161 1.495566 1.081655
v 0.684046 1.387766 0.971656
v 0.609166 1.495566 0.971656
v -1.797161 1.387766 0.971656
v -1.797161 1.495566 0.971656
v 0.604378 1.509277 1.081655
v 0.529521 1.617077 1.081655
v -1.797161 1.509277 1.081655
v -1.797161 1.617077 1.081655
v 0.604378 1.509277 0.971656
v 0.529521 1.617077 0.971656
v -1.797161 1.509277 0.971656
v -1.797161 1.617077 0.971656
v 0.521769 1.629156 1.081655
v 0.446698 1.736955 1.081655
v -1.797161 1.629156 1.081655
v -1.797161 1.736955 1.081655
v 0.521769 1.629156 0.971656
v 0.446698 1.736955 0.971656
v -1.797161 1.629156 0.971656
v -1.797161 1.736955 0.971656
v -1.241218 -1.327885 1.071368
v -1.131218 -1.327885 1.071368
v -1.241219 2.517117 1.073897
v -1.131218 2.664416 1.073897
v -1.241218 -1.327885 0.961369
v -1.131218 -1.327885 0.961369
v -1.241219 2.517117 0.963898
v -1.131218 2.664416 0.963898
v -0.552793 -1.327885 1.071368
v -0.442793 -1.327885 1.071368
v -0.552793 3.131930 1.073896
v -0.442793 2.984630 1.073896
v -0.552793 -1.327885 0.961369
v -0.442793 -1.327885 0.961369
v -0.552793 3.131930 0.963897
v -0.442793 2.984630 0.963897
v 0.079299 -1.327885 -1.348723
v 0.189299 -1.327885 -1.348723
v 0.079299 2.306153 -1.346196
v 0.189299 2.152713 -1.346196
v 0.079299 -1.327885 -1.458723
v 0.189299 -1.327885 -1.458723
v 0.079299 2.306153 -1.456195
v 0.189299 2.152713 -1.456195
v -1.241218 -1.327885 -1.350673
v -1.131218 -1.327885 -1.350673
v -1.241219 2.517116 -1.348144
v -1.131218 2.664416 -1.348144
v -1.241218 -1.327885 -1.460672
v -1.131218 -1.327885 -1.460672
v -1.241219 2.517116 -1.458144
v -1.131218 2.664416 -1.458144
v 0.684046 1.387765 -1.353804
v 0.609166 1.495565 -1.353804
v -1.797161 1.387765 -1.353804
v -1.797161 1.495565 -1.353804
v 0.684046 1.387765 -1.463803
v 0.609166 1.495565 -1.463803
v -1.797161 1.387765 -1.463803
v -1.797161 1.495565 -1.463803
v 0.604378 1.509275 -1.353804
v 0.529521 1.617075 -1.353804
v -1.797161 1.509275 -1.353804
v -1.797161 1.617075 -1.353804
v 0.604378 1.509275 -1.463803
v 0.529521 1.617075 -1.463803
v -1.797161 1.509275 -1.463803
v -1.797161 1.617075 -1.463803
v 0.521769 1.629155 -1.353804
v 0.446698 1.736954 -1.353804
v -1.797161 1.629155 -1.353804
v -1.797161 1.736954 -1.353804
v 0.521769 1.629155 -1.463803
v 0.446698 1.736954 -1.463803
v -1.797161 1.629155 -1.463803
v -1.797161 1.736954 -1.463803
v -0.552793 -1.678922 1.798642
v -0.442793 -1.678922 1.798642
v -0.552793 -1.330899 2.070094
v -0.442793 -1.330899 2.070094
v -0.552793 -1.678922 1.747151
v -0.442793 -1.678922 1.747151
v -0.552793 -1.330899 1.749680
v -0.442793 -1.330899 1.749680
v -1.240768 -1.678922 1.798642
v -1.130768 -1.678922 1.798642
v -1.240768 -1.330899 2.070094
v -1.130768 -1.330899 2.070094
v -1.240768 -1.678922 1.747151
v -1.130768 -1.678922 1.747151
v -1.240768 -1.330899 1.749680
v -1.130768 -1.330899 1.749680
v 0.906169 -1.676052 0.473052
v 0.906169 -1.676052 0.363052
v 1.177619 -1.328029 0.473052
v 1.177619 -1.328029 0.363052
v 0.854677 -1.676052 0.473052
v 0.854676 -1.676052 0.363052
v 0.857204 -1.328029 0.473052
v 0.857204 -1.328029 0.363052
v 0.906169 -1.676052 -0.153605
v 0.906169 -1.676052 -0.263605
v 1.177619 -1.328029 -0.153605
v 1.177619 -1.328029 -0.263605
v 0.854677 -1.676052 -0.153605
v 0.854676 -1.676052 -0.263605
v 0.857204 -1.328029 -0.153605
v 0.857204 -1.328029 -0.263605
v 0.906169 -1.676052 -0.767643
v 0.906169 -1.676052 -0.877643
v 1.177619 -1.328029 -0.767643
v 1.177619 -1.328029 -0.877643
v 0.854677 -1.676052 -0.767643
v 0.854676 -1.676052 -0.877643
v 0.857204 -1.328029 -0.767643
v 0.857204 -1.328029 -0.877643
v 0.066694 -1.678922 0.814558
v 0.176694 -1.678922 0.814558
v 0.066694 -1.330899 1.086009
v 0.176694 -1.330899 1.086009
v 0.066694 -1.678922 0.763065
v 0.176694 -1.678922 0.763065
v 0.066694 -1.330900 0.765594
v 0.176694 -1.330900 0.765594
v 0.706716 -1.327885 1.073318
v 0.816716 -1.327885 1.073318
v 0.706715 1.432969 1.075847
v 0.816715 1.279529 1.075847
v 0.706716 -1.327885 0.963318
v 0.816716 -1.327885 0.963318
v 0.706715 1.432969 0.965847
v 0.816715 1.279529 0.965847
v 0.694111 -1.678922 0.814558
v 0.804111 -1.678922 0.814558
v 0.694111 -1.330899 1.086009
v 0.804111 -1.330899 1.086009
v 0.694111 -1.678922 0.763065
v 0.804111 -1.678922 0.763065
v 0.694111 -1.330900 0.765594
v 0.804111 -1.330900 0.765594
v -1.739609 1.387765 -1.389336
v -1.739609 1.495565 -1.389336
v -1.739608 1.387766 1.001417
v -1.739608 1.495566 1.001417
v -1.849609 1.387765 -1.389336
v -1.849609 1.495565 -1.389336
v -1.849608 1.387766 1.001417
v -1.849608 1.495566 1.001417
v -1.739609 1.509275 -1.389336
v -1.739609 1.617075 -1.389336
v -1.739608 1.509277 1.001417
v -1.739608 1.617077 1.001417
v -1.849609 1.509275 -1.389336
v -1.849609 1.617075 -1.389336
v -1.849608 1.509277 1.001417
v -1.849608 1.617077 1.001417
v -1.739609 1.629155 -1.389336
v -1.739609 1.736954 -1.389336
v -1.739608 1.629156 1.001417
v -1.739608 1.736955 1.001417
v -1.849609 1.629155 -1.389336
v -1.849609 1.736954 -1.389336
v -1.849608 1.629156 1.001417
v -1.849608 1.736955 1.001417
v 0.071674 -1.327885 1.564260
v 0.181674 -1.327885 1.564260
v 0.071673 0.116979 1.566789
v 0.181673 0.116979 1.566789
v 0.071674 -1.327885 1.454260
v 0.181674 -1.327885 1.454260
v 0.071673 0.116979 1.456789
v 0.181673 0.116979 1.456789
v -1.861813 -1.327885 1.600311
v -1.751813 -1.327885 1.600311
v -1.861814 0.116979 1.602840
v -1.751813 0.116979 1.602840
v -1.861813 -1.327885 1.490312
v -1.751813 -1.327885 1.490312
v -1.861814 0.116979 1.492841
v -1.751813 0.116979 1.492841
v -0.087503 -1.676052 1.562524
v -0.087503 -1.676052 1.452523
v 0.183948 -1.328029 1.562524
v 0.183948 -1.328029 1.452523
v -0.138995 -1.676052 1.562524
v -0.138995 -1.676052 1.452523
v -0.136467 -1.328029 1.562524
v -0.136467 -1.328029 1.452523
v 0.706716 -1.327885 -1.349782
v 0.816716 -1.327885 -1.349782
v 0.706715 1.432969 -1.347255
v 0.816715 1.279528 -1.347255
v 0.706716 -1.327885 -1.459782
v 0.816716 -1.327885 -1.459782
v 0.706715 1.432969 -1.457255
v 0.816715 1.279528 -1.457255
v 0.804110 -1.678922 -1.195218
v 0.694109 -1.678922 -1.195218
v 0.804110 -1.330900 -1.466668
v 0.694109 -1.330900 -1.466668
v 0.804110 -1.678922 -1.143726
v 0.694109 -1.678922 -1.143725
v 0.804111 -1.330900 -1.146254
v 0.694111 -1.330900 -1.146254
v 0.176694 -1.678922 -1.195218
v 0.066694 -1.678922 -1.195218
v 0.176694 -1.330900 -1.466668
v 0.066694 -1.330900 -1.466668
v 0.176694 -1.678922 -1.143726
v 0.066694 -1.678922 -1.143725
v 0.176694 -1.330900 -1.146254
v 0.066694 -1.330900 -1.146254
v -1.587927 -1.676052 1.491561
v -1.587927 -1.676052 1.601561
v -1.859378 -1.328029 1.491561
v -1.859378 -1.328029 1.601561
v -1.536435 -1.676052 1.491561
v -1.536435 -1.676052 1.601561
v -1.538964 -1.328029 1.491561
v -1.538964 -1.328029 1.601561
v -1.587927 -1.676052 0.977041
v -1.587927 -1.676052 1.087042
v -1.859378 -1.328029 0.977041
v -1.859378 -1.328029 1.087042
v -1.536435 -1.676052 0.977041
v -1.536435 -1.676052 1.087042
v -1.538964 -1.328029 0.977041
v -1.538964 -1.328029 1.087042
v -1.587927 -1.676052 0.362027
v -1.587927 -1.676052 0.472028
v -1.859378 -1.328029 0.362027
v -1.859378 -1.328029 0.472028
v -1.536435 -1.676052 0.362027
v -1.536435 -1.676052 0.472028
v -1.538964 -1.328029 0.362027
v -1.538964 -1.328029 0.472028
v -1.587927 -1.676052 -0.258148
v -1.587927 -1.676052 -0.148148
v -1.859378 -1.328029 -0.258148
v -1.859378 -1.328029 -0.148148
v -1.536435 -1.676052 -0.258148
v -1.536435 -1.676052 -0.148148
v -1.538964 -1.328029 -0.258148
v -1.538964 -1.328029 -0.148148
v -1.587927 -1.676052 -0.872129
v -1.587927 -1.676052 -0.762130
v -1.859378 -1.328029 -0.872129
v -1.859378 -1.328029 -0.762130
v -1.536435 -1.676052 -0.872129
v -1.536435 -1.676052 -0.762130
v -1.538964 -1.328029 -0.872129
v -1.538964 -1.328029 -0.762130
v 1.061623 0.738759 0.291864
v 1.171623 0.738759 0.291864
v 1.061623 1.440319 0.294393
v 1.171623 1.440319 0.294393
v 1.061623 0.738759 0.181866
v 1.171623 0.738759 0.181866
v 1.061623 1.538691 0.184393
v 1.171623 1.538691 0.184393
v 1.061623 0.738759 -0.577663
v 1.171623 0.738759 -0.577663
v 1.061623 1.538691 -0.575134
v 1.171623 1.538691 -0.575134
v 1.061623 0.738759 -0.687663
v 1.171623 0.738759 -0.687663
v 1.061623 1.440319 -0.685135
v 1.171623 1.440319 -0.685135
v 0.310391 1.747600 0.291864
v 0.420391 1.747600 0.291864
v 0.310391 2.534715 0.294393
v 0.420391 2.534715 0.294393
v 0.310391 1.747600 0.181866
v 0.420391 1.747600 0.181866
v 0.310391 2.633088 0.184393
v 0.420391 2.633088 0.184393
v 0.310391 1.747600 -0.577664
v 0.420391 1.747600 -0.577664
v 0.310391 2.633088 -0.575134
v 0.420391 2.633088 -0.575134
v 0.310391 1.747600 -0.687664
v 0.420391 1.747600 -0.687664
v 0.310391 2.534715 -0.685135
v 0.420391 2.534715 -0.685135
v 1.054856 1.415261 0.273607
v 1.054856 1.523061 0.186643
v 1.054856 1.415261 -0.653123
v 1.054856 1.523061 -0.566157
v 1.164856 1.415261 0.273607
v 1.164856 1.523061 0.186643
v 1.164856 1.415261 -0.653123
v 1.164856 1.523061 -0.566157
v 0.303419 2.556942 0.273607
v 0.303419 2.664742 0.186642
v 0.303419 2.556942 -0.653123
v 0.303419 2.664742 -0.566158
v 0.413419 2.556942 0.273607
v 0.413419 2.664742 0.186642
v 0.413419 2.556942 -0.653123
v 0.413419 2.664742 -0.566158
v 0.795868 -3.265785 0.821617
v 0.795868 -3.144552 0.821617
v 0.795868 -3.265785 0.618184
v 0.795868 -3.144552 0.618184
v 0.919573 -3.265785 0.821617
v 0.919573 -3.144552 0.821617
v 0.919573 -3.265785 0.618184
v 0.919573 -3.144552 0.618184
v 0.918680 -3.132429 0.821273
v 0.918680 -3.011198 0.821273
v 0.638883 -3.132429 0.821273
v 0.638883 -3.011198 0.821273
v 0.918680 -3.132429 0.697568
v 0.918680 -3.011198 0.697568
v 0.638883 -3.132429 0.697568
v 0.638883 -3.011198 0.697568
v 0.795868 -2.999074 0.821617
v 0.795868 -2.877843 0.821617
v 0.795868 -2.999074 0.576885
v 0.795868 -2.877843 0.576884
v 0.919573 -2.999074 0.821617
v 0.919573 -2.877843 0.821617
v 0.919573 -2.999074 0.576885
v 0.919573 -2.877843 0.576884
v 0.918680 -2.865720 0.821273
v 0.918680 -2.744488 0.821273
v 0.684343 -2.865720 0.821273
v 0.684343 -2.744488 0.821273
v 0.918680 -2.865720 0.697568
v 0.918680 -2.744488 0.697568
v 0.684343 -2.865720 0.697568
v 0.684343 -2.744488 0.697568
v 0.795868 -2.732365 0.821617
v 0.795868 -2.611134 0.821617
v 0.795868 -2.732365 0.538541
v 0.795868 -2.611134 0.538541
v 0.919573 -2.732365 0.821617
v 0.919573 -2.611134 0.821617
v 0.919573 -2.732365 0.538541
v 0.919573 -2.611134 0.538541
v 0.918680 -2.599011 0.821273
v 0.918680 -2.477779 0.821273
v 0.684343 -2.599011 0.821273
v 0.684343 -2.477779 0.821273
v 0.918680 -2.599011 0.697568
v 0.918680 -2.477779 0.697568
v 0.684343 -2.599011 0.697568
v 0.684343 -2.477779 0.697568
v 0.795868 -2.465656 0.821616
v 0.795868 -2.344424 0.821616
v 0.795868 -2.465656 0.618184
v 0.795868 -2.344424 0.618184
v 0.919573 -2.465656 0.821616
v 0.919573 -2.344424 0.821616
v 0.919573 -2.465656 0.618184
v 0.919573 -2.344424 0.618184
v 0.918680 -2.332301 0.821273
v 0.918680 -2.211070 0.821273
v 0.673948 -2.332301 0.821273
v 0.673948 -2.211070 0.821273
v 0.918680 -2.332301 0.697568
v 0.918680 -2.211070 0.697568
v 0.673948 -2.332301 0.697568
v 0.673948 -2.211070 0.697568
v 0.795868 -2.198947 0.821616
v 0.795868 -2.077715 0.821616
v 0.795868 -2.198947 0.538541
v 0.795868 -2.077715 0.538541
v 0.919573 -2.198947 0.821616
v 0.919573 -2.077715 0.821616
v 0.919573 -2.198947 0.538541
v 0.919573 -2.077715 0.538541
v 0.918680 -2.065592 0.821273
v 0.918680 -1.944360 0.821273
v 0.684343 -2.065592 0.821273
v 0.684343 -1.944360 0.821273
v 0.918680 -2.065592 0.697568
v 0.918680 -1.944360 0.697568
v 0.684343 -2.065592 0.697568
v 0.684343 -1.944360 0.697568
v 0.795868 -1.932236 0.821616
v 0.795868 -1.811005 0.821616
v 0.795868 -1.932237 0.576883
v 0.795868 -1.811006 0.576883
v 0.919573 -1.932236 0.821616
v 0.919573 -1.811005 0.821616
v 0.919573 -1.932237 0.576883
v 0.919573 -1.811006 0.576883
v 0.916863 -3.271029 -1.087774
v 0.916863 -3.149798 -1.087774
v 0.672130 -3.271029 -1.087774
v 0.672130 -3.149798 -1.087774
v 0.916863 -3.271029 -1.211480
v 0.916863 -3.149798 -1.211480
v 0.672130 -3.271029 -1.211480
v 0.672130 -3.149798 -1.211480
v 0.916519 -3.137675 -1.210588
v 0.916519 -3.016443 -1.210588
v 0.916519 -3.137675 -0.976250
v 0.916519 -3.016443 -0.976250
v 0.792814 -3.137675 -1.210588
v 0.792814 -3.016443 -1.210588
v 0.792814 -3.137675 -0.976250
v 0.792814 -3.016443 -0.976250
v 0.916863 -3.004320 -1.087774
v 0.916863 -2.883089 -1.087774
v 0.633786 -3.004320 -1.087774
v 0.633786 -2.883089 -1.087774
v 0.916863 -3.004320 -1.211480
v 0.916863 -2.883089 -1.211480
v 0.633786 -3.004320 -1.211480
v 0.633786 -2.883089 -1.211480
v 0.916519 -2.870965 -1.210588
v 0.916519 -2.749734 -1.210588
v 0.916519 -2.870965 -0.965855
v 0.916519 -2.749734 -0.965855
v 0.792814 -2.870965 -1.210588
v 0.792814 -2.749734 -1.210588
v 0.792814 -2.870965 -0.965855
v 0.792814 -2.749734 -0.965855
v 0.916863 -2.737610 -1.087774
v 0.916863 -2.616379 -1.087774
v 0.713431 -2.737610 -1.087774
v 0.713431 -2.616379 -1.087774
v 0.916863 -2.737610 -1.211480
v 0.916863 -2.616379 -1.211480
v 0.713431 -2.737610 -1.211480
v 0.713431 -2.616379 -1.211480
v 0.916519 -2.604256 -1.210588
v 0.916519 -2.483024 -1.210588
v 0.916519 -2.604256 -0.976250
v 0.916519 -2.483024 -0.976250
v 0.792814 -2.604256 -1.210588
v 0.792814 -2.483024 -1.210588
v 0.792814 -2.604256 -0.976250
v 0.792814 -2.483024 -0.976250
v 0.916863 -2.470901 -1.087774
v 0.916863 -2.349669 -1.087774
v 0.633786 -2.470901 -1.087774
v 0.633786 -2.349669 -1.087774
v 0.916863 -2.470901 -1.211480
v 0.916863 -2.349669 -1.211480
v 0.633786 -2.470901 -1.211480
v 0.633786 -2.349669 -1.211480
v 0.916519 -2.337547 -1.210588
v 0.916519 -2.216315 -1.210588
v 0.916519 -2.337547 -0.930789
v 0.916519 -2.216315 -0.930789
v 0.792814 -2.337547 -1.210588
v 0.792814 -2.216315 -1.210588
v 0.792814 -2.337547 -0.930789
v 0.792814 -2.216315 -0.930789
v 0.916863 -2.204192 -1.087774
v 0.916863 -2.082960 -1.087774
v 0.672130 -2.204192 -1.087774
v 0.672130 -2.082960 -1.087774
v 0.916863 -2.204192 -1.211480
v 0.916863 -2.082960 -1.211480
v 0.672130 -2.204192 -1.211480
v 0.672130 -2.082960 -1.211480
v 0.916519 -2.070837 -1.210588
v 0.916519 -1.949605 -1.210588
v 0.916519 -2.070837 -0.976250
v 0.916519 -1.949605 -0.976251
v 0.792814 -2.070837 -1.210588
v 0.792814 -1.949605 -1.210588
v 0.792814 -2.070837 -0.976250
v 0.792814 -1.949605 -0.976251
v 0.916863 -1.937483 -1.087774
v 0.916863 -1.816251 -1.087774
v 0.633786 -1.937483 -1.087774
v 0.633786 -1.816251 -1.087774
v 0.916863 -1.937483 -1.211480
v 0.916863 -1.816251 -1.211480
v 0.633786 -1.937483 -1.211480
v 0.633786 -1.816251 -1.211480
v -0.212331 -3.265784 1.805521
v -0.212331 -3.144552 1.805521
v -0.212331 -3.265785 1.522445
v -0.212331 -3.144552 1.522445
v -0.088626 -3.265784 1.805521
v -0.088626 -3.144552 1.805521
v -0.088626 -3.265785 1.522445
v -0.088626 -3.144552 1.522445
v -0.089518 -3.132428 1.805177
v -0.089518 -3.011198 1.805177
v -0.334251 -3.132428 1.805177
v -0.334251 -3.011198 1.805177
v -0.089518 -3.132428 1.681472
v -0.089518 -3.011198 1.681472
v -0.334251 -3.132428 1.681472
v -0.334251 -3.011198 1.681472
v -0.212331 -2.999074 1.805521
v -0.212331 -2.877843 1.805521
v -0.212331 -2.999074 1.560788
v -0.212331 -2.877843 1.560788
v -0.088626 -2.999074 1.805521
v -0.088626 -2.877843 1.805521
v -0.088626 -2.999074 1.560788
v -0.088626 -2.877843 1.560788
v -0.089518 -2.865720 1.805177
v -0.089518 -2.744488 1.805177
v -0.358921 -2.865720 1.805177
v -0.358921 -2.744488 1.805177
v -0.089518 -2.865720 1.681472
v -0.089518 -2.744488 1.681472
v -0.358921 -2.865720 1.681472
v -0.358921 -2.744488 1.681472
v -0.212331 -2.732365 1.805521
v -0.212331 -2.611133 1.805521
v -0.212331 -2.732365 1.560788
v -0.212331 -2.611134 1.560788
v -0.088626 -2.732365 1.805521
v -0.088626 -2.611133 1.805521
v -0.088626 -2.732365 1.560788
v -0.088626 -2.611134 1.560788
v -0.089518 -2.599011 1.805177
v -0.089518 -2.477779 1.805177
v -0.334251 -2.599011 1.805177
v -0.334251 -2.477779 1.805177
v -0.089518 -2.599011 1.681472
v -0.089518 -2.477779 1.681472
v -0.334251 -2.599011 1.681472
v -0.334251 -2.477779 1.681472
v -0.212331 -2.465655 1.805521
v -0.212331 -2.344424 1.805521
v -0.212331 -2.465656 1.522445
v -0.212331 -2.344424 1.522445
v -0.088626 -2.465655 1.805521
v -0.088626 -2.344424 1.805521
v -0.088626 -2.465656 1.522445
v -0.088626 -2.344424 1.522445
v -0.089518 -2.332301 1.805177
v -0.089518 -2.211070 1.805177
v -0.323856 -2.332301 1.805177
v -0.323856 -2.211070 1.805177
v -0.089518 -2.332301 1.681472
v -0.089518 -2.211070 1.681472
v -0.323856 -2.332301 1.681472
v -0.323856 -2.211070 1.681472
v -0.212331 -2.198946 1.805521
v -0.212331 -2.077714 1.805521
v -0.212331 -2.198947 1.563746
v -0.212331 -2.077715 1.563746
v -0.088626 -2.198946 1.805521
v -0.088626 -2.077714 1.805521
v -0.088626 -2.198947 1.563746
v -0.088626 -2.077715 1.563746
v -0.089518 -2.065592 1.805177
v -0.089518 -1.944360 1.805177
v -0.334251 -2.065592 1.805177
v -0.334251 -1.944360 1.805177
v -0.089518 -2.065592 1.681472
v -0.089518 -1.944360 1.681472
v -0.334251 -2.065592 1.681472
v -0.334251 -1.944360 1.681472
v -0.212331 -1.932236 1.805521
v -0.212331 -1.811005 1.805521
v -0.212331 -1.932236 1.560788
v -0.212331 -1.811005 1.560788
v -0.088626 -1.932236 1.805521
v -0.088626 -1.811005 1.805521
v -0.088626 -1.932236 1.560788
v -0.088626 -1.811005 1.560788
v -1.590866 -3.265784 1.685217
v -1.590866 -3.144552 1.685217
v -1.387434 -3.265784 1.685217
v -1.387434 -3.144552 1.685217
v -1.590866 -3.265784 1.808923
v -1.590866 -3.144552 1.808923
v -1.387434 -3.265784 1.808923
v -1.387434 -3.144552 1.808923
v -1.590522 -3.132428 1.808031
v -1.590522 -3.011198 1.808031
v -1.590522 -3.132429 1.528232
v -1.590522 -3.011198 1.528232
v -1.466816 -3.132428 1.808031
v -1.466816 -3.011198 1.808031
v -1.466816 -3.132429 1.528232
v -1.466816 -3.011198 1.528232
v -1.590866 -2.999074 1.685217
v -1.590866 -2.877843 1.685217
v -1.346132 -2.999074 1.685217
v -1.346132 -2.877843 1.685217
v -1.590866 -2.999074 1.808923
v -1.590866 -2.877843 1.808923
v -1.346132 -2.999074 1.808923
v -1.346132 -2.877843 1.808923
v -1.590522 -2.865720 1.808031
v -1.590522 -2.744488 1.808031
v -1.590522 -2.865720 1.573694
v -1.590522 -2.744488 1.573694
v -1.466816 -2.865720 1.808031
v -1.466816 -2.744488 1.808031
v -1.466816 -2.865720 1.573694
v -1.466816 -2.744488 1.573694
v -1.590866 -2.732365 1.685217
v -1.590866 -2.611133 1.685217
v -1.307790 -2.732365 1.685217
v -1.307790 -2.611133 1.685217
v -1.590866 -2.732365 1.808923
v -1.590866 -2.611133 1.808923
v -1.307790 -2.732365 1.808923
v -1.307790 -2.611133 1.808923
v -1.590522 -2.599011 1.808031
v -1.590522 -2.477779 1.808031
v -1.590522 -2.599011 1.573694
v -1.590522 -2.477779 1.573693
v -1.466816 -2.599011 1.808031
v -1.466816 -2.477779 1.808031
v -1.466816 -2.599011 1.573694
v -1.466816 -2.477779 1.573693
v -1.590866 -2.465655 1.685217
v -1.590866 -2.344424 1.685217
v -1.387434 -2.465655 1.685217
v -1.387434 -2.344424 1.685217
v -1.590866 -2.465655 1.808923
v -1.590866 -2.344424 1.808923
v -1.387434 -2.465655 1.808923
v -1.387434 -2.344424 1.808923
v -1.590522 -2.332301 1.808031
v -1.590522 -2.211070 1.808031
v -1.590522 -2.332301 1.563297
v -1.590522 -2.211070 1.563297
v -1.466816 -2.332301 1.808031
v -1.466816 -2.211070 1.808031
v -1.466816 -2.332301 1.563297
v -1.466816 -2.211070 1.563297
v -1.590866 -2.198946 1.685217
v -1.590866 -2.077714 1.685217
v -1.307790 -2.198946 1.685217
v -1.307790 -2.077714 1.685217
v -1.590866 -2.198946 1.808923
v -1.590866 -2.077714 1.808923
v -1.307790 -2.198946 1.808923
v -1.307790 -2.077714 1.808923
v -1.590522 -2.065592 1.808031
v -1.590522 -1.944360 1.808031
v -1.590522 -2.065592 1.573692
v -1.590522 -1.944360 1.573692
v -1.466816 -2.065592 1.808031
v -1.466816 -1.944360 1.808031
v -1.466816 -2.065592 1.573692
v -1.466816 -1.944360 1.573692
v -1.590866 -1.932236 1.685217
v -1.590866 -1.811005 1.685217
v -1.346132 -1.932236 1.685217
v -1.346132 -1.811005 1.685217
v -1.590866 -1.932236 1.808923
v -1.590866 -1.811005 1.808923
v -1.346132 -1.932236 1.808923
v -1.346132 -1.811005 1.808923
v -1.464657 -3.265785 -1.200054
v -1.464657 -3.144552 -1.200054
v -1.464657 -3.265785 -0.996622
v -1.464657 -3.144552 -0.996622
v -1.588363 -3.265785 -1.200054
v -1.588363 -3.144552 -1.200054
v -1.588363 -3.265785 -0.996622
v -1.588363 -3.144552 -0.996622
v -1.587471 -3.132429 -1.199710
v -1.587471 -3.011198 -1.199710
v -1.307672 -3.132429 -1.199710
v -1.307672 -3.011198 -1.199710
v -1.587471 -3.132429 -1.076005
v -1.587471 -3.011198 -1.076005
v -1.307672 -3.132429 -1.076005
v -1.307672 -3.011198 -1.076005
v -1.464657 -2.999074 -1.200054
v -1.464657 -2.877843 -1.200054
v -1.464657 -2.999074 -0.955321
v -1.464657 -2.877843 -0.955321
v -1.588363 -2.999074 -1.200054
v -1.588363 -2.877843 -1.200054
v -1.588363 -2.999074 -0.955321
v -1.588363 -2.877843 -0.955321
v -1.587471 -2.865720 -1.199710
v -1.587471 -2.744488 -1.199710
v -1.353133 -2.865720 -1.199710
v -1.353133 -2.744488 -1.199710
v -1.587471 -2.865720 -1.076005
v -1.587471 -2.744488 -1.076005
v -1.353133 -2.865720 -1.076005
v -1.353133 -2.744488 -1.076005
v -1.464657 -2.732365 -1.200054
v -1.464657 -2.611134 -1.200054
v -1.464657 -2.732365 -0.916978
v -1.464657 -2.611134 -0.916978
v -1.588363 -2.732365 -1.200054
v -1.588363 -2.611134 -1.200054
v -1.588363 -2.732365 -0.916978
v -1.588363 -2.611134 -0.916978
v -1.587471 -2.599011 -1.199710
v -1.587471 -2.477779 -1.199710
v -1.353133 -2.599011 -1.199710
v -1.353133 -2.477779 -1.199710
v -1.587471 -2.599011 -1.076005
v -1.587471 -2.477779 -1.076005
v -1.353133 -2.599011 -1.076005
v -1.353133 -2.477779 -1.076005
v -1.464657 -2.465656 -1.200054
v -1.464657 -2.344424 -1.200054
v -1.464657 -2.465656 -0.996622
v -1.464657 -2.344424 -0.996622
v -1.588363 -2.465656 -1.200054
v -1.588363 -2.344424 -1.200054
v -1.588363 -2.465656 -0.996622
v -1.588363 -2.344424 -0.996622
v -1.587471 -2.332301 -1.199710
v -1.587471 -2.211070 -1.199710
v -1.342738 -2.332301 -1.199710
v -1.342738 -2.211070 -1.199710
v -1.587471 -2.332301 -1.076005
v -1.587471 -2.211070 -1.076005
v -1.342738 -2.332301 -1.076005
v -1.342738 -2.211070 -1.076005
v -1.464657 -2.198947 -1.200054
v -1.464657 -2.077715 -1.200054
v -1.464657 -2.198947 -0.916978
v -1.464657 -2.077715 -0.916978
v -1.588363 -2.198947 -1.200054
v -1.588363 -2.077715 -1.200054
v -1.588363 -2.198947 -0.916978
v -1.588363 -2.077715 -0.916978
v -1.587471 -2.065592 -1.199710
v -1.587471 -1.944360 -1.199710
v -1.353133 -2.065592 -1.199710
v -1.353133 -1.944360 -1.199710
v -1.587471 -2.065592 -1.076005
v -1.587471 -1.944360 -1.076005
v -1.353133 -2.065592 -1.076005
v -1.353133 -1.944360 -1.076005
v -1.464657 -1.932237 -1.200054
v -1.464657 -1.811006 -1.200054
v -1.464657 -1.932237 -0.955321
v -1.464657 -1.811006 -0.955321
v -1.588363 -1.932237 -1.200054
v -1.588363 -1.811006 -1.200054
v -1.588363 -1.932237 -0.955321
v -1.588363 -1.811006 -0.955321
v 0.918680 -1.796947 0.821273
v 0.918680 -1.675716 0.821273
v 0.673948 -1.796947 0.821273
v 0.673948 -1.675716 0.821273
v 0.918680 -1.796948 0.697568
v 0.918680 -1.675716 0.697568
v 0.673948 -1.796948 0.697568
v 0.673948 -1.675716 0.697568
v 0.795868 -1.663593 0.821616
v 0.795868 -1.542361 0.821616
v 0.795868 -1.663593 0.538541
v 0.795868 -1.542361 0.538541
v 0.919573 -1.663593 0.821616
v 0.919573 -1.542361 0.821616
v 0.919573 -1.663593 0.538541
v 0.919573 -1.542361 0.538541
v 0.918680 -1.530238 0.821273
v 0.918680 -1.409007 0.821273
v 0.684343 -1.530238 0.821273
v 0.684343 -1.409007 0.821273
v 0.918680 -1.530238 0.697568
v 0.918680 -1.409007 0.697568
v 0.684343 -1.530238 0.697568
v 0.684343 -1.409007 0.697568
v 0.795868 -1.396883 0.821616
v 0.795868 -1.275651 0.821616
v 0.795868 -1.396883 0.576883
v 0.795868 -1.275651 0.576883
v 0.919573 -1.396883 0.821616
v 0.919573 -1.275651 0.821616
v 0.919573 -1.396883 0.576883
v 0.919573 -1.275651 0.576883
v 0.916519 -1.805658 -1.210588
v 0.916519 -1.684427 -1.210588
v 0.916519 -1.805658 -0.930789
v 0.916519 -1.684427 -0.930789
v 0.792814 -1.805658 -1.210588
v 0.792814 -1.684427 -1.210588
v 0.792814 -1.805658 -0.930789
v 0.792814 -1.684427 -0.930789
v 0.916863 -1.672303 -1.087774
v 0.916863 -1.551072 -1.087774
v 0.672130 -1.672303 -1.087774
v 0.672130 -1.551072 -1.087774
v 0.916863 -1.672303 -1.211480
v 0.916863 -1.551072 -1.211480
v 0.672130 -1.672303 -1.211480
v 0.672130 -1.551072 -1.211480
v 0.916519 -1.538949 -1.210588
v 0.916519 -1.417717 -1.210588
v 0.916519 -1.538949 -0.976251
v 0.916519 -1.417717 -0.976251
v 0.792814 -1.538949 -1.210588
v 0.792814 -1.417717 -1.210588
v 0.792814 -1.538949 -0.976251
v 0.792814 -1.417717 -0.976251
v 0.916863 -1.405594 -1.087774
v 0.916863 -1.284362 -1.087774
v 0.633786 -1.405594 -1.087774
v 0.633786 -1.284362 -1.087774
v 0.916863 -1.405594 -1.211480
v 0.916863 -1.284362 -1.211480
v 0.633786 -1.405594 -1.211480
v 0.633786 -1.284362 -1.211480
v -1.466816 -1.676420 1.563297
v -1.466816 -1.797651 1.563297
v -1.466816 -1.676420 1.808030
v -1.466816 -1.797651 1.808031
v -1.590522 -1.676420 1.563297
v -1.590522 -1.797651 1.563297
v -1.590522 -1.676420 1.808030
v -1.590522 -1.797651 1.808031
v -1.587471 -1.803077 -1.199710
v -1.587471 -1.681845 -1.199710
v -1.342738 -1.803077 -1.199710
v -1.342738 -1.681845 -1.199710
v -1.587471 -1.803077 -1.076005
v -1.587471 -1.681845 -1.076005
v -1.342738 -1.803077 -1.076005
v -1.342738 -1.681845 -1.076005
v -1.464657 -1.669722 -1.200054
v -1.464657 -1.548490 -1.200054
v -1.464657 -1.669722 -0.916978
v -1.464657 -1.548490 -0.916978
v -1.588363 -1.669722 -1.200054
v -1.588363 -1.548490 -1.200054
v -1.588363 -1.669722 -0.916978
v -1.588363 -1.548490 -0.916978
v -1.587471 -1.536367 -1.199710
v -1.587471 -1.415136 -1.199710
v -1.353133 -1.536367 -1.199710
v -1.353133 -1.415136 -1.199710
v -1.587471 -1.536367 -1.076005
v -1.587471 -1.415136 -1.076005
v -1.353133 -1.536367 -1.076005
v -1.353133 -1.415136 -1.076005
v -1.464657 -1.403012 -1.200054
v -1.464657 -1.281780 -1.200054
v -1.464657 -1.403012 -0.955321
v -1.464657 -1.281780 -0.955321
v -1.588363 -1.403012 -1.200054
v -1.588363 -1.281780 -1.200054
v -1.588363 -1.403012 -0.955321
v -1.588363 -1.281780 -0.955321
v -1.590866 -1.664297 1.685217
v -1.590866 -1.543065 1.685217
v -1.307790 -1.664297 1.685217
v -1.307790 -1.543065 1.685217
v -1.590866 -1.664297 1.808923
v -1.590866 -1.543065 1.808923
v -1.307790 -1.664297 1.808923
v -1.307790 -1.543065 1.808923
v -1.590522 -1.530942 1.808030
v -1.590522 -1.409710 1.808030
v -1.590522 -1.530942 1.573692
v -1.590522 -1.409710 1.573692
v -1.466816 -1.530942 1.808030
v -1.466816 -1.409710 1.808030
v -1.466816 -1.530942 1.573692
v -1.466816 -1.409710 1.573692
v -1.590866 -1.397587 1.685217
v -1.590866 -1.276356 1.685217
v -1.346132 -1.397587 1.685217
v -1.346132 -1.276356 1.685217
v -1.590866 -1.397587 1.808923
v -1.590866 -1.276356 1.808923
v -1.346132 -1.397587 1.808923
v -1.346132 -1.276356 1.808923
v -0.089518 -1.797595 1.805177
v -0.089518 -1.676363 1.805177
v -0.323856 -1.797595 1.805177
v -0.323856 -1.676363 1.805177
v -0.089518 -1.797595 1.681472
v -0.089518 -1.676363 1.681472
v -0.323856 -1.797595 1.681472
v -0.323856 -1.676363 1.681472
v -0.212331 -1.664240 1.805521
v -0.212331 -1.543008 1.805521
v -0.212331 -1.664240 1.563746
v -0.212331 -1.543008 1.563746
v -0.088626 -1.664240 1.805521
v -0.088626 -1.543008 1.805521
v -0.088626 -1.664240 1.563746
v -0.088626 -1.543008 1.563746
v -0.089518 -1.530885 1.805177
v -0.089518 -1.409653 1.805177
v -0.334251 -1.530885 1.805177
v -0.334251 -1.409653 1.805177
v -0.089518 -1.530885 1.681472
v -0.089518 -1.409653 1.681472
v -0.334251 -1.530885 1.681472
v -0.334251 -1.409653 1.681472
v -0.212331 -1.397531 1.805521
v -0.212331 -1.276299 1.805521
v -0.212331 -1.397531 1.560788
v -0.212331 -1.276299 1.560788
v -0.088626 -1.397531 1.805521
v -0.088626 -1.276299 1.805521
v -0.088626 -1.397531 1.560788
v -0.088626 -1.276299 1.560788
v -1.590522 -2.852713 1.101288
v -1.590522 -2.731482 1.101288
v -1.590522 -2.852713 0.866951
v -1.590522 -2.731482 0.866951
v -1.466816 -2.852713 1.101288
v -1.466816 -2.731482 1.101288
v -1.466816 -2.852713 0.866951
v -1.466816 -2.731482 0.866951
v -1.590522 -2.586076 0.653353
v -1.590522 -2.464844 0.653353
v -1.590522 -2.586076 0.419015
v -1.590522 -2.464844 0.419015
v -1.466816 -2.586076 0.653353
v -1.466816 -2.464844 0.653353
v -1.466816 -2.586076 0.419015
v -1.466816 -2.464844 0.419015
v -1.590522 -2.332516 1.253918
v -1.590522 -2.211285 1.253918
v -1.590522 -2.332516 0.974120
v -1.590522 -2.211285 0.974120
v -1.466816 -2.332516 1.253918
v -1.466816 -2.211285 1.253918
v -1.466816 -2.332516 0.974120
v -1.466816 -2.211285 0.974120
v -1.590522 -1.824968 0.338140
v -1.590522 -1.703736 0.338140
v -1.590522 -1.824968 0.103802
v -1.590522 -1.703736 0.103802
v -1.466816 -1.824968 0.338140
v -1.466816 -1.703736 0.338140
v -1.466816 -1.824968 0.103802
v -1.466816 -1.703736 0.103802
v -1.311886 -2.688007 0.170284
v -1.311886 -2.809239 0.170284
v -1.591684 -2.688007 0.170284
v -1.591684 -2.809239 0.170284
v -1.311886 -2.688007 0.046579
v -1.311886 -2.809239 0.046579
v -1.591684 -2.688007 0.046579
v -1.591684 -2.809239 0.046579
v -1.590522 -2.809239 -0.452575
v -1.590522 -2.688007 -0.452575
v -1.590522 -2.809239 -0.732373
v -1.590522 -2.688007 -0.732373
v -1.466816 -2.809239 -0.452575
v -1.466816 -2.688007 -0.452575
v -1.466816 -2.809239 -0.732373
v -1.466816 -2.688007 -0.732373
v -1.590866 -2.675884 -0.575389
v -1.590866 -2.554652 -0.575389
v -1.346132 -2.675884 -0.575389
v -1.346132 -2.554652 -0.575389
v -1.590866 -2.675884 -0.451682
v -1.590866 -2.554652 -0.451682
v -1.346132 -2.675884 -0.451682
v -1.346132 -2.554652 -0.451682
v -1.590522 -2.542529 -0.452576
v -1.590522 -2.421298 -0.452576
v -1.590522 -2.542529 -0.686913
v -1.590522 -2.421298 -0.686913
v -1.466816 -2.542529 -0.452576
v -1.466816 -2.421298 -0.452576
v -1.466816 -2.542529 -0.686913
v -1.466816 -2.421298 -0.686913
v -1.590866 -2.409174 -0.575389
v -1.590866 -2.287943 -0.575389
v -1.307790 -2.409174 -0.575389
v -1.307790 -2.287943 -0.575389
v -1.590866 -2.409174 -0.451682
v -1.590866 -2.287943 -0.451682
v -1.307790 -2.409174 -0.451682
v -1.307790 -2.287943 -0.451682
v -1.590522 -2.275820 -0.452576
v -1.590522 -2.154588 -0.452576
v -1.590522 -2.275820 -0.686913
v -1.590522 -2.154588 -0.686913
v -1.466816 -2.275820 -0.452576
v -1.466816 -2.154588 -0.452576
v -1.466816 -2.275820 -0.686913
v -1.466816 -2.154588 -0.686913
v -1.590866 -2.142465 -0.575389
v -1.590866 -2.021233 -0.575389
v -1.387434 -2.142465 -0.575389
v -1.387434 -2.021233 -0.575389
v -1.590866 -2.142465 -0.451682
v -1.590866 -2.021233 -0.451682
v -1.387434 -2.142465 -0.451682
v -1.387434 -2.021233 -0.451682
v -1.468871 -2.675884 0.046235
v -1.468871 -2.554652 0.046235
v -1.468871 -2.675884 0.290968
v -1.468871 -2.554652 0.290968
v -1.592577 -2.675884 0.046235
v -1.592577 -2.554652 0.046235
v -1.592577 -2.675884 0.290968
v -1.592577 -2.554652 0.290968
v -1.591684 -2.542529 0.046579
v -1.591684 -2.421298 0.046579
v -1.357347 -2.542529 0.046579
v -1.357347 -2.421298 0.046579
v -1.591684 -2.542529 0.170284
v -1.591684 -2.421298 0.170283
v -1.357347 -2.542529 0.170284
v -1.357347 -2.421298 0.170283
v -1.468871 -2.409174 0.046235
v -1.468871 -2.287943 0.046235
v -1.468871 -2.409174 0.329311
v -1.468871 -2.287943 0.329311
v -1.592577 -2.409174 0.046235
v -1.592577 -2.287943 0.046235
v -1.592577 -2.409174 0.329311
v -1.592577 -2.287943 0.329311
v -1.591684 -2.275820 0.046579
v -1.591684 -2.154588 0.046579
v -1.357347 -2.275820 0.046579
v -1.357347 -2.154588 0.046579
v -1.591684 -2.275820 0.170283
v -1.591684 -2.154588 0.170283
v -1.357347 -2.275820 0.170283
v -1.357347 -2.154588 0.170283
v -1.468871 -2.142465 0.046235
v -1.468871 -2.021233 0.046235
v -1.468871 -2.142465 0.249667
v -1.468871 -2.021233 0.249667
v -1.592577 -2.142465 0.046235
v -1.592577 -2.021233 0.046235
v -1.592577 -2.142465 0.249667
v -1.592577 -2.021233 0.249667
v 0.434800 -2.855279 0.821273
v 0.434800 -2.734048 0.821273
v 0.190067 -2.855279 0.821273
v 0.190067 -2.734048 0.821273
v 0.434800 -2.855279 0.697568
v 0.434800 -2.734048 0.697568
v 0.190067 -2.855279 0.697568
v 0.190067 -2.734048 0.697568
v 0.783194 -2.200281 0.821273
v 0.783194 -2.079051 0.821273
v 0.503395 -2.200281 0.821273
v 0.503395 -2.079051 0.821273
v 0.783194 -2.200281 0.697568
v 0.783194 -2.079051 0.697568
v 0.503395 -2.200281 0.697568
v 0.503395 -2.079051 0.697568
v -0.212331 -2.336889 1.670144
v -0.212331 -2.215657 1.670144
v -0.212331 -2.336889 1.387069
v -0.212331 -2.215657 1.387069
v -0.088626 -2.336889 1.670144
v -0.088626 -2.215657 1.670144
v -0.088626 -2.336889 1.387069
v -0.088626 -2.215657 1.387069
v -0.212331 -2.995173 1.204292
v -0.212331 -2.873941 1.204292
v -0.212331 -2.995173 0.959559
v -0.212331 -2.873941 0.959559
v -0.088626 -2.995173 1.204292
v -0.088626 -2.873941 1.204292
v -0.088626 -2.995173 0.959559
v -0.088626 -2.873941 0.959559
v -0.212331 -1.804712 1.387447
v -0.212331 -1.683481 1.387447
v -0.212331 -1.804712 1.145673
v -0.212331 -1.683481 1.145673
v -0.088626 -1.804712 1.387447
v -0.088626 -1.683481 1.387447
v -0.088626 -1.804712 1.145673
v -0.088626 -1.683481 1.145673
v -0.212331 -2.467418 1.049008
v -0.212331 -2.346186 1.049008
v -0.212331 -2.467418 0.804275
v -0.212331 -2.346186 0.804275
v -0.088626 -2.467418 1.049008
v -0.088626 -2.346186 1.049008
v -0.088626 -2.467418 0.804275
v -0.088626 -2.346186 0.804275
v 0.633841 -2.688007 -0.577442
v 0.633841 -2.809239 -0.577442
v 0.913639 -2.688007 -0.577442
v 0.913639 -2.809239 -0.577442
v 0.633841 -2.688007 -0.453736
v 0.633841 -2.809239 -0.453736
v 0.913639 -2.688007 -0.453736
v 0.913639 -2.809239 -0.453736
v 0.912476 -2.809239 0.045417
v 0.912476 -2.688007 0.045417
v 0.912476 -2.809239 0.325215
v 0.912476 -2.688007 0.325215
v 0.788770 -2.809239 0.045417
v 0.788770 -2.688007 0.045417
v 0.788770 -2.809239 0.325215
v 0.788770 -2.688007 0.325215
v 0.912820 -2.675884 0.168231
v 0.912820 -2.554652 0.168231
v 0.668087 -2.675884 0.168231
v 0.668087 -2.554652 0.168231
v 0.912820 -2.675884 0.044525
v 0.912820 -2.554652 0.044525
v 0.668087 -2.675884 0.044525
v 0.668087 -2.554652 0.044525
v 0.912476 -2.542529 0.045417
v 0.912476 -2.421298 0.045417
v 0.912476 -2.542529 0.279755
v 0.912476 -2.421298 0.279755
v 0.788770 -2.542529 0.045417
v 0.788770 -2.421298 0.045417
v 0.788770 -2.542529 0.279755
v 0.788770 -2.421298 0.279755
v 0.912820 -2.409174 0.168231
v 0.912820 -2.287943 0.168231
v 0.629744 -2.409174 0.168231
v 0.629744 -2.287943 0.168231
v 0.912820 -2.409174 0.044525
v 0.912820 -2.287943 0.044525
v 0.629744 -2.409174 0.044525
v 0.629744 -2.287943 0.044525
v 0.912476 -2.275820 0.045417
v 0.912476 -2.154588 0.045417
v 0.912476 -2.275820 0.279755
v 0.912476 -2.154588 0.279755
v 0.788770 -2.275820 0.045417
v 0.788770 -2.154588 0.045417
v 0.788770 -2.275820 0.279755
v 0.788770 -2.154588 0.279755
v 0.912820 -2.142465 0.168231
v 0.912820 -2.021233 0.168231
v 0.709388 -2.142465 0.168231
v 0.709388 -2.021233 0.168231
v 0.912820 -2.142465 0.044525
v 0.912820 -2.021233 0.044524
v 0.709388 -2.142465 0.044525
v 0.709388 -2.021233 0.044524
v 0.790825 -2.675884 -0.453393
v 0.790825 -2.554652 -0.453393
v 0.790825 -2.675884 -0.698127
v 0.790825 -2.554652 -0.698127
v 0.914531 -2.675884 -0.453393
v 0.914531 -2.554652 -0.453393
v 0.914531 -2.675884 -0.698127
v 0.914531 -2.554652 -0.698127
v 0.913639 -2.542529 -0.453736
v 0.913639 -2.421298 -0.453736
v 0.679301 -2.542529 -0.453736
v 0.679301 -2.421298 -0.453736
v 0.913639 -2.542529 -0.577442
v 0.913639 -2.421298 -0.577442
v 0.679301 -2.542529 -0.577442
v 0.679301 -2.421298 -0.577442
v 0.790825 -2.409174 -0.453393
v 0.790825 -2.287943 -0.453393
v 0.790825 -2.409174 -0.736469
v 0.790825 -2.287943 -0.736469
v 0.914531 -2.409174 -0.453393
v 0.914531 -2.287943 -0.453393
v 0.914531 -2.409174 -0.736469
v 0.914531 -2.287943 -0.736469
v 0.913639 -2.275820 -0.453736
v 0.913639 -2.154588 -0.453736
v 0.679301 -2.275820 -0.453736
v 0.679301 -2.154588 -0.453736
v 0.913639 -2.275820 -0.577442
v 0.913639 -2.154588 -0.577442
v 0.679301 -2.275820 -0.577442
v 0.679301 -2.154588 -0.577442
v 0.790825 -2.142465 -0.453393
v 0.790825 -2.021233 -0.453393
v 0.790825 -2.142465 -0.656824
v 0.790825 -2.021233 -0.656824
v 0.914531 -2.142465 -0.453393
v 0.914531 -2.021233 -0.453393
v 0.914531 -2.142465 -0.656824
v 0.914531 -2.021233 -0.656824
v 0.916519 -1.805658 -0.002822
v 0.916519 -1.684427 -0.002822
v 0.916519 -1.805658 0.276977
v 0.916519 -1.684427 0.276977
v 0.792814 -1.805658 -0.002822
v 0.792814 -1.684427 -0.002822
v 0.792814 -1.805658 0.276977
v 0.792814 -1.684427 0.276977
v 0.916519 -3.131099 -0.613341
v 0.916519 -3.009868 -0.613341
v 0.916519 -3.131099 -0.368608
v 0.916519 -3.009868 -0.368608
v 0.792814 -3.131099 -0.613341
v 0.792814 -3.009868 -0.613341
v 0.792814 -3.131099 -0.368608
v 0.792814 -3.009868 -0.368608
v 0.795868 -3.268892 0.440042
v 0.795868 -3.147660 0.440042
v 0.795868 -3.268892 0.156967
v 0.795868 -3.147660 0.156967
v 0.919573 -3.268892 0.440042
v 0.919573 -3.147660 0.440042
v 0.919573 -3.268892 0.156967
v 0.919573 -3.147660 0.156967
v 0.916519 -1.665764 -0.692974
v 0.916519 -1.544533 -0.692974
v 0.916519 -1.665764 -0.458636
v 0.916519 -1.544533 -0.458636
v 0.792814 -1.665764 -0.692974
v 0.792814 -1.544533 -0.692974
v 0.792814 -1.665764 -0.458636
v 0.792814 -1.544533 -0.458636
v 0.506754 -2.346037 -1.087774
v 0.506754 -2.224805 -1.087774
v 0.223678 -2.346037 -1.087774
v 0.223678 -2.224805 -1.087774
v 0.506754 -2.346037 -1.211480
v 0.506754 -2.224805 -1.211480
v 0.223678 -2.346037 -1.211480
v 0.223678 -2.224805 -1.211480
v 0.247947 -2.866377 -1.087774
v 0.247947 -2.745146 -1.087774
v 0.044515 -2.866377 -1.087774
v 0.044515 -2.745146 -1.087774
v 0.247947 -2.866377 -1.211480
v 0.247947 -2.745146 -1.211480
v 0.044515 -2.866377 -1.211480
v 0.044515 -2.745146 -1.211480
v 0.403231 -1.815578 -1.087774
v 0.403231 -1.694348 -1.087774
v 0.158498 -1.815578 -1.087774
v 0.158498 -1.694348 -1.087774
v 0.403231 -1.815578 -1.211480
v 0.403231 -1.694348 -1.211480
v 0.158498 -1.815578 -1.211480
v 0.158498 -1.694348 -1.211480
v -1.085799 -0.941970 2.012283
v -1.085799 -0.173766 2.012283
v -0.594350 -0.173766 2.012283
v -0.594350 -0.941970 2.012283
v -1.085799 -0.941970 2.028760
v -1.085799 -0.173766 2.028760
v -0.594350 -0.173766 2.028760
v -0.594350 -0.941970 2.028760
v -1.152832 -1.007662 2.028760
v -1.152832 -0.108072 2.028760
v -0.527316 -0.108072 2.028760
v -0.527316 -1.007662 2.028760
v -1.085799 -0.941970 2.027699
v -1.085799 -0.173766 2.027699
v -0.594350 -0.173766 2.027699
v -0.594350 -0.941970 2.027699
v -0.610083 -0.557868 2.027699
v -0.610083 -0.173766 2.027699
v -1.085799 -0.749918 2.027699
v -1.085799 -0.557868 2.027699
v -1.085799 -0.365816 2.027699
v -0.594350 -0.365816 2.027699
v -0.594350 -0.557868 2.027699
v -0.594350 -0.749918 2.027699
v -0.610083 -0.365816 2.027699
v -0.610083 -0.749918 2.027699
v -0.610083 -0.941970 2.027699
v -0.805886 -0.941970 2.027699
v -0.874263 -0.941970 2.027699
v -0.874263 -0.173766 2.027699
v -0.805886 -0.173766 2.027699
v -0.874263 -0.365816 2.027699
v -0.805886 -0.365816 2.027699
v -0.874263 -0.557868 2.027699
v -0.805886 -0.557868 2.027699
v -0.805886 -0.749918 2.027699
v -0.874263 -0.749918 2.027699
v -1.072429 -0.941970 2.027699
v -1.072429 -0.749918 2.027699
v -1.072429 -0.365816 2.027699
v -1.072429 -0.173766 2.027699
v -1.072429 -0.557868 2.027699
v -0.630346 -0.345958 2.012597
v -0.630346 -0.193623 2.012597
v -0.785622 -0.193623 2.012597
v -0.785622 -0.345958 2.012597
v -0.630346 -0.730060 2.012597
v -0.630346 -0.577725 2.012597
v -0.785622 -0.577725 2.012597
v -0.785622 -0.730060 2.012597
v -0.630346 -0.538009 2.012597
v -0.630346 -0.385675 2.012597
v -0.785622 -0.385675 2.012597
v -0.785622 -0.538009 2.012597
v -0.630346 -0.922111 2.012597
v -0.630346 -0.769777 2.012597
v -0.785622 -0.769777 2.012597
v -0.785622 -0.922111 2.012597
v -0.894526 -0.345958 2.012597
v -0.894526 -0.193623 2.012597
v -1.052165 -0.193623 2.012597
v -1.052165 -0.345958 2.012597
v -0.894526 -0.730060 2.012597
v -0.894526 -0.577725 2.012597
v -1.052165 -0.577725 2.012597
v -1.052165 -0.730060 2.012597
v -0.894526 -0.922111 2.012597
v -0.894526 -0.769777 2.012597
v -1.052165 -0.769777 2.012597
v -1.052165 -0.922111 2.012597
v -0.894526 -0.538009 2.012597
v -0.894526 -0.385675 2.012597
v -1.052165 -0.385675 2.012597
v -1.052165 -0.538009 2.012597
v -0.840074 -0.749918 2.016920
v -0.840074 -0.941970 2.016920
v -0.840074 -0.173766 2.016920
v -0.840074 -0.365816 2.016920
v -0.840074 -0.557868 2.016920
v -0.848621 -0.941970 2.027699
v -0.848621 -0.365816 2.027699
v -0.848621 -0.557868 2.027699
v -0.848621 -0.749918 2.027699
v -0.848621 -0.173766 2.027699
v -0.831527 -0.749918 2.027699
v -0.831527 -0.173766 2.027699
v -0.831527 -0.941970 2.027699
v -0.831527 -0.365816 2.027699
v -0.831527 -0.557868 2.027699
v -0.639798 -0.336695 2.012597
v -0.639798 -0.202886 2.012597
v -0.776170 -0.202886 2.012597
v -0.776170 -0.336695 2.012597
v -0.639798 -0.720798 2.012597
v -0.639798 -0.586989 2.012597
v -0.776170 -0.586989 2.012597
v -0.776170 -0.720798 2.012597
v -0.639798 -0.528746 2.012597
v -0.639798 -0.394938 2.012597
v -0.776170 -0.394938 2.012597
v -0.776170 -0.528746 2.012597
v -0.639798 -0.912848 2.012597
v -0.639798 -0.779040 2.012597
v -0.776170 -0.779040 2.012597
v -0.776170 -0.912848 2.012597
v -0.903978 -0.336695 2.012597
v -0.903978 -0.202886 2.012597
v -1.042713 -0.202886 2.012597
v -1.042713 -0.336695 2.012597
v -0.903978 -0.720798 2.012597
v -0.903978 -0.586989 2.012597
v -1.042713 -0.586989 2.012597
v -1.042713 -0.720798 2.012597
v -0.903978 -0.912848 2.012597
v -0.903978 -0.779040 2.012597
v -1.042713 -0.779040 2.012597
v -1.042713 -0.912848 2.012597
v -0.903978 -0.528746 2.012597
v -0.903978 -0.394938 2.012597
v -1.042713 -0.394938 2.012597
v -1.042713 -0.528746 2.012597
v -0.609328 -0.927291 2.012283
v -0.609328 -0.188443 2.012283
v -1.070821 -0.188443 2.012283
v -1.070821 -0.927291 2.012283
v 0.223382 -0.860432 1.000935
v 0.223382 -0.174107 1.000935
v 0.662448 -0.174107 1.000935
v 0.662448 -0.860432 1.000935
v 0.223382 -0.860432 1.015656
v 0.223382 -0.174107 1.015656
v 0.662448 -0.174107 1.015656
v 0.662448 -0.860432 1.015656
v 0.163493 -0.919123 1.015656
v 0.163493 -0.115415 1.015656
v 0.722337 -0.115415 1.015656
v 0.722337 -0.919123 1.015656
v 0.223382 -0.860432 1.014708
v 0.223382 -0.174107 1.014708
v 0.662448 -0.174107 1.014708
v 0.662448 -0.860432 1.014708
v 0.648392 -0.517269 1.014708
v 0.648392 -0.174107 1.014708
v 0.223382 -0.688851 1.014708
v 0.223382 -0.517269 1.014708
v 0.223382 -0.345688 1.014708
v 0.662448 -0.345688 1.014708
v 0.662448 -0.517269 1.014708
v 0.662448 -0.688851 1.014708
v 0.648392 -0.345688 1.014708
v 0.648392 -0.688851 1.014708
v 0.648392 -0.860432 1.014708
v 0.473459 -0.860432 1.014708
v 0.412371 -0.860432 1.014708
v 0.412371 -0.174107 1.014708
v 0.473459 -0.174107 1.014708
v 0.412371 -0.345688 1.014708
v 0.473459 -0.345688 1.014708
v 0.412371 -0.517269 1.014708
v 0.473459 -0.517269 1.014708
v 0.473459 -0.688851 1.014708
v 0.412371 -0.688851 1.014708
v 0.235326 -0.860432 1.014708
v 0.235326 -0.688851 1.014708
v 0.235326 -0.345688 1.014708
v 0.235326 -0.174107 1.014708
v 0.235326 -0.517269 1.014708
v 0.630289 -0.327946 1.001216
v 0.630289 -0.191848 1.001216
v 0.491563 -0.191848 1.001216
v 0.491563 -0.327946 1.001216
v 0.630289 -0.671109 1.001216
v 0.630289 -0.535011 1.001216
v 0.491563 -0.535011 1.001216
v 0.491563 -0.671109 1.001216
v 0.630289 -0.499527 1.001216
v 0.630289 -0.363430 1.001216
v 0.491563 -0.363430 1.001216
v 0.491563 -0.499527 1.001216
v 0.630289 -0.842690 1.001216
v 0.630289 -0.706593 1.001216
v 0.491563 -0.706593 1.001216
v 0.491563 -0.842690 1.001216
v 0.394267 -0.327946 1.001216
v 0.394267 -0.191848 1.001216
v 0.253430 -0.191848 1.001216
v 0.253430 -0.327946 1.001216
v 0.394267 -0.671109 1.001216
v 0.394267 -0.535011 1.001216
v 0.253430 -0.535011 1.001216
v 0.253430 -0.671109 1.001216
v 0.394267 -0.842690 1.001216
v 0.394267 -0.706593 1.001216
v 0.253430 -0.706593 1.001216
v 0.253430 -0.842690 1.001216
v 0.394267 -0.499527 1.001216
v 0.394267 -0.363430 1.001216
v 0.253430 -0.363430 1.001216
v 0.253430 -0.499527 1.001216
v 0.442915 -0.688851 1.005078
v 0.442915 -0.860432 1.005078
v 0.442915 -0.174107 1.005078
v 0.442915 -0.345688 1.005078
v 0.442915 -0.517269 1.005078
v 0.435279 -0.860432 1.014708
v 0.435279 -0.345688 1.014708
v 0.435279 -0.517269 1.014708
v 0.435279 -0.688851 1.014708
v 0.435279 -0.174107 1.014708
v 0.450550 -0.688851 1.014708
v 0.450550 -0.174107 1.014708
v 0.450550 -0.860432 1.014708
v 0.450550 -0.345688 1.014708
v 0.450550 -0.517269 1.014708
v 0.621845 -0.319671 1.001216
v 0.621845 -0.200125 1.001216
v 0.500008 -0.200125 1.001216
v 0.500008 -0.319671 1.001216
v 0.621845 -0.662834 1.001216
v 0.621845 -0.543286 1.001216
v 0.500008 -0.543286 1.001216
v 0.500008 -0.662834 1.001216
v 0.621845 -0.491252 1.001216
v 0.621845 -0.371706 1.001216
v 0.500008 -0.371706 1.001216
v 0.500008 -0.491252 1.001216
v 0.621845 -0.834415 1.001216
v 0.621845 -0.714868 1.001216
v 0.500008 -0.714868 1.001216
v 0.500008 -0.834415 1.001216
v 0.385822 -0.319671 1.001216
v 0.385822 -0.200125 1.001216
v 0.261874 -0.200125 1.001216
v 0.261874 -0.319671 1.001216
v 0.385822 -0.662834 1.001216
v 0.385822 -0.543286 1.001216
v 0.261874 -0.543286 1.001216
v 0.261874 -0.662834 1.001216
v 0.385822 -0.834415 1.001216
v 0.385822 -0.714868 1.001216
v 0.261874 -0.714868 1.001216
v 0.261874 -0.834415 1.001216
v 0.385822 -0.491252 1.001216
v 0.385822 -0.371706 1.001216
v 0.261874 -0.371706 1.001216
v 0.261874 -0.491252 1.001216
v 0.649067 -0.847319 1.000935
v 0.649067 -0.187221 1.000935
v 0.236763 -0.187221 1.000935
v 0.236763 -0.847319 1.000935
v 1.133948 -0.865601 0.318769
v 1.133948 -0.179276 0.318769
v 1.133948 -0.179276 -0.120298
v 1.133948 -0.865601 -0.120298
v 1.148668 -0.865601 0.318769
v 1.148668 -0.179276 0.318769
v 1.148668 -0.179276 -0.120298
v 1.148668 -0.865601 -0.120298
v 1.148668 -0.924293 0.378657
v 1.148668 -0.120585 0.378657
v 1.148668 -0.120585 -0.180187
v 1.148668 -0.924293 -0.180187
v 1.147721 -0.865601 0.318769
v 1.147721 -0.179276 0.318769
v 1.147721 -0.179276 -0.120298
v 1.147721 -0.865601 -0.120298
v 1.147721 -0.522439 -0.106242
v 1.147721 -0.179276 -0.106242
v 1.147721 -0.694020 0.318769
v 1.147721 -0.522439 0.318769
v 1.147721 -0.350858 0.318769
v 1.147721 -0.350858 -0.120298
v 1.147721 -0.522439 -0.120298
v 1.147721 -0.694020 -0.120298
v 1.147721 -0.350858 -0.106242
v 1.147721 -0.694020 -0.106242
v 1.147721 -0.865601 -0.106242
v 1.147721 -0.865601 0.068690
v 1.147721 -0.865601 0.129780
v 1.147721 -0.179276 0.129780
v 1.147721 -0.179276 0.068690
v 1.147721 -0.350858 0.129780
v 1.147721 -0.350858 0.068690
v 1.147721 -0.522439 0.129780
v 1.147721 -0.522439 0.068690
v 1.147721 -0.694020 0.068690
v 1.147721 -0.694020 0.129780
v 1.147721 -0.865601 0.306825
v 1.147721 -0.694020 0.306825
v 1.147721 -0.350858 0.306825
v 1.147721 -0.179276 0.306825
v 1.147721 -0.522439 0.306825
v 1.134229 -0.333116 -0.088139
v 1.134229 -0.197018 -0.088139
v 1.134229 -0.197018 0.050587
v 1.134229 -0.333116 0.050587
v 1.134229 -0.676278 -0.088139
v 1.134229 -0.540180 -0.088139
v 1.134229 -0.540180 0.050587
v 1.134229 -0.676278 0.050587
v 1.134229 -0.504697 -0.088139
v 1.134229 -0.368600 -0.088139
v 1.134229 -0.368600 0.050587
v 1.134229 -0.504697 0.050587
v 1.134229 -0.847860 -0.088139
v 1.134229 -0.711761 -0.088139
v 1.134229 -0.711761 0.050587
v 1.134229 -0.847860 0.050587
v 1.134229 -0.333116 0.147883
v 1.134229 -0.197018 0.147883
v 1.134229 -0.197018 0.288720
v 1.134229 -0.333116 0.288720
v 1.134229 -0.676278 0.147883
v 1.134229 -0.540180 0.147883
v 1.134229 -0.540180 0.288720
v 1.134229 -0.676278 0.288720
v 1.134229 -0.847860 0.147883
v 1.134229 -0.711761 0.147883
v 1.134229 -0.711761 0.288720
v 1.134229 -0.847860 0.288720
v 1.134229 -0.504697 0.147883
v 1.134229 -0.368600 0.147883
v 1.134229 -0.368600 0.288720
v 1.134229 -0.504697 0.288720
v 1.138092 -0.694020 0.099236
v 1.138092 -0.865601 0.099236
v 1.138092 -0.179276 0.099236
v 1.138092 -0.350858 0.099236
v 1.138092 -0.522439 0.099236
v 1.147721 -0.865601 0.106872
v 1.147721 -0.350858 0.106872
v 1.147721 -0.522439 0.106872
v 1.147721 -0.694020 0.106872
v 1.147721 -0.179276 0.106872
v 1.147721 -0.694020 0.091600
v 1.147721 -0.179276 0.091599
v 1.147721 -0.865601 0.091600
v 1.147721 -0.350858 0.091599
v 1.147721 -0.522439 0.091600
v 1.134229 -0.324841 -0.079695
v 1.134229 -0.205293 -0.079695
v 1.134229 -0.205293 0.042143
v 1.134229 -0.324841 0.042143
v 1.134229 -0.668002 -0.079695
v 1.134229 -0.548456 -0.079695
v 1.134229 -0.548456 0.042143
v 1.134229 -0.668002 0.042143
v 1.134229 -0.496421 -0.079695
v 1.134229 -0.376875 -0.079695
v 1.134229 -0.376875 0.042143
v 1.134229 -0.496421 0.042143
v 1.134229 -0.839583 -0.079695
v 1.134229 -0.720037 -0.079695
v 1.134229 -0.720037 0.042143
v 1.134229 -0.839583 0.042143
v 1.134229 -0.324841 0.156327
v 1.134229 -0.205293 0.156327
v 1.134229 -0.205293 0.280275
v 1.134229 -0.324841 0.280275
v 1.134229 -0.668002 0.156327
v 1.134229 -0.548456 0.156327
v 1.134229 -0.548456 0.280275
v 1.134229 -0.668002 0.280275
v 1.134229 -0.839583 0.156327
v 1.134229 -0.720037 0.156327
v 1.134229 -0.720037 0.280275
v 1.134229 -0.839583 0.280275
v 1.134229 -0.496421 0.156327
v 1.134229 -0.376875 0.156327
v 1.134229 -0.376874 0.280275
v 1.134229 -0.496421 0.280275
v 1.133948 -0.852487 -0.106917
v 1.133948 -0.192390 -0.106917
v 1.133948 -0.192390 0.305387
v 1.133948 -0.852487 0.305388
v 1.133948 -0.865601 -0.298884
v 1.133948 -0.179276 -0.298884
v 1.133948 -0.179276 -0.737951
v 1.133948 -0.865601 -0.737951
v 1.148668 -0.865601 -0.298884
v 1.148668 -0.179276 -0.298884
v 1.148668 -0.179276 -0.737951
v 1.148668 -0.865601 -0.737951
v 1.148668 -0.924293 -0.238995
v 1.148668 -0.120585 -0.238996
v 1.148668 -0.120585 -0.797840
v 1.148668 -0.924293 -0.797840
v 1.147721 -0.865601 -0.298884
v 1.147721 -0.179276 -0.298884
v 1.147721 -0.179276 -0.737951
v 1.147721 -0.865601 -0.737951
v 1.147721 -0.522439 -0.723895
v 1.147721 -0.179276 -0.723895
v 1.147721 -0.694020 -0.298884
v 1.147721 -0.522439 -0.298884
v 1.147721 -0.350858 -0.298884
v 1.147721 -0.350858 -0.737951
v 1.147721 -0.522439 -0.737951
v 1.147721 -0.694020 -0.737951
v 1.147721 -0.350858 -0.723895
v 1.147721 -0.694020 -0.723895
v 1.147721 -0.865601 -0.723895
v 1.147721 -0.865601 -0.548963
v 1.147721 -0.865601 -0.487873
v 1.147721 -0.179276 -0.487873
v 1.147721 -0.179276 -0.548963
v 1.147721 -0.350858 -0.487873
v 1.147721 -0.350858 -0.548963
v 1.147721 -0.522439 -0.487873
v 1.147721 -0.522439 -0.548963
v 1.147721 -0.694020 -0.548963
v 1.147721 -0.694020 -0.487873
v 1.147721 -0.865601 -0.310829
v 1.147721 -0.694020 -0.310829
v 1.147721 -0.350858 -0.310829
v 1.147721 -0.179276 -0.310829
v 1.147721 -0.522439 -0.310829
v 1.134229 -0.333116 -0.705791
v 1.134229 -0.197018 -0.705791
v 1.134229 -0.197018 -0.567066
v 1.134229 -0.333116 -0.567066
v 1.134229 -0.676278 -0.705791
v 1.134229 -0.540180 -0.705791
v 1.134229 -0.540180 -0.567066
v 1.134229 -0.676278 -0.567066
v 1.134229 -0.504697 -0.705791
v 1.134229 -0.368600 -0.705791
v 1.134229 -0.368600 -0.567066
v 1.134229 -0.504697 -0.567066
v 1.134229 -0.847860 -0.705791
v 1.134229 -0.711761 -0.705791
v 1.134229 -0.711761 -0.567066
v 1.134229 -0.847860 -0.567066
v 1.134229 -0.333116 -0.469769
v 1.134229 -0.197018 -0.469769
v 1.134229 -0.197018 -0.328934
v 1.134229 -0.333116 -0.328934
v 1.134229 -0.676278 -0.469769
v 1.134229 -0.540180 -0.469769
v 1.134229 -0.540180 -0.328934
v 1.134229 -0.676278 -0.328934
v 1.134229 -0.847860 -0.469769
v 1.134229 -0.711761 -0.469769
v 1.134229 -0.711761 -0.328934
v 1.134229 -0.847860 -0.328934
v 1.134229 -0.504697 -0.469769
v 1.134229 -0.368600 -0.469769
v 1.134229 -0.368600 -0.328934
v 1.134229 -0.504697 -0.328934
v 1.138092 -0.694020 -0.518418
v 1.138092 -0.865601 -0.518418
v 1.138092 -0.179276 -0.518418
v 1.138092 -0.350858 -0.518418
v 1.138092 -0.522439 -0.518418
v 1.147721 -0.865601 -0.510782
v 1.147721 -0.350858 -0.510782
v 1.147721 -0.522439 -0.510782
v 1.147721 -0.694020 -0.510782
v 1.147721 -0.179276 -0.510782
v 1.147721 -0.694020 -0.526054
v 1.147721 -0.179276 -0.526054
v 1.147721 -0.865601 -0.526054
v 1.147721 -0.350858 -0.526054
v 1.147721 -0.522439 -0.526054
v 1.134229 -0.324841 -0.697348
v 1.134229 -0.205293 -0.697348
v 1.134229 -0.205293 -0.575510
v 1.134229 -0.324841 -0.575510
v 1.134229 -0.668002 -0.697348
v 1.134229 -0.548456 -0.697348
v 1.134229 -0.548456 -0.575510
v 1.134229 -0.668002 -0.575510
v 1.134229 -0.496421 -0.697348
v 1.134229 -0.376875 -0.697348
v 1.134229 -0.376875 -0.575510
v 1.134229 -0.496421 -0.575510
v 1.134229 -0.839584 -0.697348
v 1.134229 -0.720037 -0.697348
v 1.134229 -0.720037 -0.575510
v 1.134229 -0.839584 -0.575510
v 1.134229 -0.324841 -0.461326
v 1.134229 -0.205293 -0.461326
v 1.134229 -0.205293 -0.337378
v 1.134229 -0.324841 -0.337378
v 1.134229 -0.668002 -0.461326
v 1.134229 -0.548456 -0.461326
v 1.134229 -0.548456 -0.337378
v 1.134229 -0.668002 -0.337377
v 1.134229 -0.839584 -0.461326
v 1.134229 -0.720037 -0.461326
v 1.134229 -0.720037 -0.337377
v 1.134229 -0.839583 -0.337377
v 1.134229 -0.496421 -0.461326
v 1.134229 -0.376875 -0.461326
v 1.134229 -0.376875 -0.337378
v 1.134229 -0.496421 -0.337378
v 1.133948 -0.852487 -0.724570
v 1.133948 -0.192390 -0.724570
v 1.133948 -0.192390 -0.312265
v 1.133948 -0.852487 -0.312265
v 0.776021 -2.759155 0.013474
v 0.776021 -2.072830 0.013474
v 0.776021 -2.072830 -0.425592
v 0.776021 -2.759155 -0.425592
v 0.790742 -2.759155 0.013474
v 0.790742 -2.072830 0.013474
v 0.790741 -2.072830 -0.425592
v 0.790741 -2.759155 -0.425592
v 0.790742 -2.817846 0.073364
v 0.790742 -2.014139 0.073363
v 0.790741 -2.014139 -0.485481
v 0.790741 -2.817846 -0.485481
v 0.789794 -2.759155 0.013474
v 0.789794 -2.072830 0.013474
v 0.789794 -2.072830 -0.425592
v 0.789794 -2.759155 -0.425592
v 0.789794 -2.415992 -0.411536
v 0.789794 -2.072830 -0.411536
v 0.789794 -2.587573 0.013474
v 0.789794 -2.415992 0.013474
v 0.789794 -2.244411 0.013474
v 0.789794 -2.244411 -0.425592
v 0.789794 -2.415992 -0.425592
v 0.789794 -2.587573 -0.425592
v 0.789794 -2.244411 -0.411536
v 0.789794 -2.587573 -0.411536
v 0.789794 -2.759155 -0.411536
v 0.789794 -2.759155 -0.236604
v 0.789794 -2.759155 -0.175514
v 0.789794 -2.072830 -0.175514
v 0.789794 -2.072830 -0.236604
v 0.789794 -2.244411 -0.175514
v 0.789794 -2.244411 -0.236604
v 0.789794 -2.415992 -0.175514
v 0.789794 -2.415992 -0.236604
v 0.789794 -2.587573 -0.236604
v 0.789794 -2.587573 -0.175514
v 0.789794 -2.759155 0.001530
v 0.789794 -2.587573 0.001530
v 0.789794 -2.244411 0.001530
v 0.789794 -2.072830 0.001530
v 0.789794 -2.415992 0.001530
v 0.776302 -2.226670 -0.393433
v 0.776302 -2.090571 -0.393433
v 0.776302 -2.090571 -0.254707
v 0.776302 -2.226670 -0.254707
v 0.776302 -2.569831 -0.393433
v 0.776302 -2.433734 -0.393433
v 0.776302 -2.433734 -0.254707
v 0.776302 -2.569831 -0.254707
v 0.776302 -2.398250 -0.393433
v 0.776302 -2.262152 -0.393433
v 0.776302 -2.262152 -0.254707
v 0.776302 -2.398250 -0.254707
v 0.776302 -2.741413 -0.393433
v 0.776302 -2.605315 -0.393433
v 0.776302 -2.605315 -0.254707
v 0.776302 -2.741413 -0.254707
v 0.776302 -2.226670 -0.157410
v 0.776302 -2.090571 -0.157410
v 0.776302 -2.090571 -0.016574
v 0.776302 -2.226670 -0.016574
v 0.776302 -2.569831 -0.157410
v 0.776302 -2.433734 -0.157410
v 0.776302 -2.433734 -0.016574
v 0.776302 -2.569831 -0.016574
v 0.776302 -2.741413 -0.157410
v 0.776302 -2.605315 -0.157410
v 0.776302 -2.605315 -0.016574
v 0.776302 -2.741413 -0.016574
v 0.776302 -2.398250 -0.157410
v 0.776302 -2.262152 -0.157410
v 0.776302 -2.262152 -0.016574
v 0.776302 -2.398250 -0.016574
v 0.780165 -2.587573 -0.206059
v 0.780165 -2.759155 -0.206059
v 0.780165 -2.072830 -0.206059
v 0.780165 -2.244411 -0.206059
v 0.780165 -2.415992 -0.206059
v 0.789794 -2.759155 -0.198423
v 0.789794 -2.244411 -0.198423
v 0.789794 -2.415992 -0.198423
v 0.789794 -2.587573 -0.198423
v 0.789794 -2.072830 -0.198423
v 0.789794 -2.587573 -0.213695
v 0.789794 -2.072830 -0.213695
v 0.789794 -2.759155 -0.213695
v 0.789794 -2.244411 -0.213695
v 0.789794 -2.415992 -0.213695
v 0.776302 -2.218394 -0.384989
v 0.776302 -2.098847 -0.384989
v 0.776302 -2.098847 -0.263151
v 0.776302 -2.218394 -0.263151
v 0.776302 -2.561556 -0.384988
v 0.776302 -2.442010 -0.384988
v 0.776302 -2.442010 -0.263151
v 0.776302 -2.561556 -0.263151
v 0.776302 -2.389975 -0.384988
v 0.776302 -2.270429 -0.384988
v 0.776302 -2.270429 -0.263151
v 0.776302 -2.389975 -0.263151
v 0.776302 -2.733138 -0.384988
v 0.776302 -2.613591 -0.384988
v 0.776302 -2.613591 -0.263151
v 0.776302 -2.733138 -0.263151
v 0.776302 -2.218394 -0.148967
v 0.776302 -2.098847 -0.148967
v 0.776302 -2.098847 -0.025019
v 0.776302 -2.218394 -0.025019
v 0.776302 -2.561556 -0.148966
v 0.776302 -2.442010 -0.148966
v 0.776302 -2.442010 -0.025019
v 0.776302 -2.561556 -0.025018
v 0.776302 -2.733138 -0.148966
v 0.776302 -2.613591 -0.148966
v 0.776302 -2.613591 -0.025018
v 0.776302 -2.733138 -0.025018
v 0.776302 -2.389975 -0.148966
v 0.776302 -2.270429 -0.148966
v 0.776302 -2.270429 -0.025019
v 0.776302 -2.389975 -0.025019
v 0.776021 -2.746041 -0.412211
v 0.776021 -2.085943 -0.412211
v 0.776021 -2.085943 0.000094
v 0.776021 -2.746041 0.000094
v -1.457816 -2.759155 -0.425592
v -1.457816 -2.072830 -0.425592
v -1.457816 -2.072830 0.013475
v -1.457816 -2.759155 0.013475
v -1.472537 -2.759155 -0.425592
v -1.472537 -2.072830 -0.425592
v -1.472537 -2.072830 0.013475
v -1.472537 -2.759155 0.013475
v -1.472537 -2.817846 -0.485481
v -1.472537 -2.014139 -0.485481
v -1.472537 -2.014139 0.073363
v -1.472537 -2.817846 0.073364
v -1.471589 -2.759155 -0.425592
v -1.471589 -2.072830 -0.425592
v -1.471589 -2.072830 0.013475
v -1.471589 -2.759155 0.013475
v -1.471589 -2.415992 -0.000582
v -1.471589 -2.072830 -0.000582
v -1.471589 -2.587573 -0.425592
v -1.471589 -2.415992 -0.425592
v -1.471589 -2.244411 -0.425592
v -1.471589 -2.244411 0.013475
v -1.471589 -2.415992 0.013475
v -1.471589 -2.587573 0.013475
v -1.471589 -2.244411 -0.000582
v -1.471589 -2.587573 -0.000582
v -1.471589 -2.759155 -0.000582
v -1.471589 -2.759155 -0.175514
v -1.471589 -2.759155 -0.236604
v -1.471589 -2.072830 -0.236604
v -1.471589 -2.072830 -0.175514
v -1.471589 -2.244411 -0.236604
v -1.471589 -2.244411 -0.175514
v -1.471589 -2.415992 -0.236604
v -1.471589 -2.415992 -0.175514
v -1.471589 -2.587573 -0.175514
v -1.471589 -2.587573 -0.236604
v -1.471589 -2.759155 -0.413648
v -1.471589 -2.587573 -0.413648
v -1.471589 -2.244411 -0.413648
v -1.471589 -2.072830 -0.413648
v -1.471589 -2.415992 -0.413648
v -1.458097 -2.226670 -0.018685
v -1.458097 -2.090571 -0.018685
v -1.458097 -2.090571 -0.157410
v -1.458097 -2.226670 -0.157410
v -1.458097 -2.569831 -0.018685
v -1.458097 -2.433734 -0.018685
v -1.458097 -2.433734 -0.157410
v -1.458097 -2.569831 -0.157410
v -1.458097 -2.398250 -0.018685
v -1.458097 -2.262152 -0.018685
v -1.458097 -2.262152 -0.157410
v -1.458097 -2.398250 -0.157410
v -1.458097 -2.741413 -0.018685
v -1.458097 -2.605315 -0.018685
v -1.458097 -2.605315 -0.157410
v -1.458097 -2.741413 -0.157410
v -1.458097 -2.226670 -0.254707
v -1.458097 -2.090571 -0.254707
v -1.458097 -2.090571 -0.395544
v -1.458097 -2.226670 -0.395544
v -1.458097 -2.569831 -0.254707
v -1.458097 -2.433734 -0.254707
v -1.458097 -2.433734 -0.395544
v -1.458097 -2.569831 -0.395544
v -1.458097 -2.741413 -0.254707
v -1.458097 -2.605315 -0.254707
v -1.458097 -2.605315 -0.395544
v -1.458097 -2.741413 -0.395544
v -1.458097 -2.398250 -0.254707
v -1.458097 -2.262152 -0.254707
v -1.458097 -2.262152 -0.395544
v -1.458097 -2.398250 -0.395544
v -1.461960 -2.587573 -0.206059
v -1.461960 -2.759155 -0.206059
v -1.461960 -2.072830 -0.206059
v -1.461960 -2.244411 -0.206059
v -1.461960 -2.415992 -0.206059
v -1.471589 -2.759155 -0.213695
v -1.471589 -2.244411 -0.213695
v -1.471589 -2.415992 -0.213695
v -1.471589 -2.587573 -0.213695
v -1.471589 -2.072830 -0.213695
v -1.471589 -2.587573 -0.198423
v -1.471589 -2.072830 -0.198423
v -1.471589 -2.759155 -0.198423
v -1.471589 -2.244411 -0.198423
v -1.471589 -2.415992 -0.198423
v -1.458097 -2.218394 -0.027129
v -1.458097 -2.098847 -0.027129
v -1.458097 -2.098847 -0.148967
v -1.458097 -2.218394 -0.148967
v -1.458097 -2.561556 -0.027129
v -1.458097 -2.442010 -0.027129
v -1.458097 -2.442010 -0.148966
v -1.458097 -2.561556 -0.148966
v -1.458097 -2.389975 -0.027129
v -1.458097 -2.270429 -0.027129
v -1.458097 -2.270429 -0.148966
v -1.458097 -2.389975 -0.148966
v -1.458097 -2.733138 -0.027129
v -1.458097 -2.613591 -0.027129
v -1.458097 -2.613591 -0.148966
v -1.458097 -2.733138 -0.148966
v -1.458097 -2.218394 -0.263151
v -1.458097 -2.098847 -0.263151
v -1.458097 -2.098847 -0.387100
v -1.458097 -2.218394 -0.387100
v -1.458097 -2.561556 -0.263151
v -1.458097 -2.442010 -0.263151
v -1.458097 -2.442010 -0.387100
v -1.458097 -2.561556 -0.387100
v -1.458097 -2.733138 -0.263151
v -1.458097 -2.613591 -0.263151
v -1.458097 -2.613591 -0.387100
v -1.458097 -2.733138 -0.387100
v -1.458097 -2.389975 -0.263151
v -1.458097 -2.270429 -0.263151
v -1.458097 -2.270429 -0.387100
v -1.458097 -2.389975 -0.387100
v -1.457816 -2.746041 0.000094
v -1.457816 -2.085943 0.000094
v -1.457816 -2.085943 -0.412211
v -1.457816 -2.746041 -0.412211
v -1.769880 -0.865601 -0.726778
v -1.769880 -0.179276 -0.726778
v -1.769880 -0.179276 -0.287711
v -1.769880 -0.865601 -0.287711
v -1.784600 -0.865601 -0.726778
v -1.784600 -0.179276 -0.726778
v -1.784600 -0.179276 -0.287711
v -1.784600 -0.865601 -0.287711
v -1.784600 -0.924293 -0.786668
v -1.784600 -0.120585 -0.786668
v -1.784600 -0.120585 -0.227822
v -1.784600 -0.924293 -0.227822
v -1.783653 -0.865601 -0.726778
v -1.783653 -0.179276 -0.726778
v -1.783653 -0.179276 -0.287711
v -1.783653 -0.865601 -0.287711
v -1.783653 -0.522439 -0.301767
v -1.783653 -0.179276 -0.301767
v -1.783653 -0.694020 -0.726778
v -1.783653 -0.522439 -0.726778
v -1.783653 -0.350858 -0.726778
v -1.783653 -0.350858 -0.287711
v -1.783653 -0.522439 -0.287711
v -1.783653 -0.694020 -0.287711
v -1.783653 -0.350858 -0.301767
v -1.783653 -0.694020 -0.301767
v -1.783653 -0.865601 -0.301767
v -1.783653 -0.865601 -0.476701
v -1.783653 -0.865601 -0.537789
v -1.783653 -0.179276 -0.537789
v -1.783653 -0.179276 -0.476701
v -1.783653 -0.350858 -0.537789
v -1.783653 -0.350858 -0.476701
v -1.783653 -0.522439 -0.537789
v -1.783653 -0.522439 -0.476701
v -1.783653 -0.694020 -0.476701
v -1.783653 -0.694020 -0.537789
v -1.783653 -0.865601 -0.714834
v -1.783653 -0.694020 -0.714834
v -1.783653 -0.350858 -0.714834
v -1.783653 -0.179276 -0.714834
v -1.783653 -0.522439 -0.714834
v -1.770160 -0.333116 -0.319872
v -1.770160 -0.197018 -0.319872
v -1.770160 -0.197018 -0.458596
v -1.770160 -0.333116 -0.458596
v -1.770160 -0.676278 -0.319872
v -1.770160 -0.540180 -0.319872
v -1.770160 -0.540180 -0.458596
v -1.770160 -0.676278 -0.458596
v -1.770160 -0.504697 -0.319872
v -1.770160 -0.368600 -0.319872
v -1.770160 -0.368600 -0.458596
v -1.770160 -0.504697 -0.458596
v -1.770160 -0.847860 -0.319872
v -1.770160 -0.711761 -0.319872
v -1.770160 -0.711761 -0.458596
v -1.770160 -0.847860 -0.458596
v -1.770160 -0.333116 -0.555894
v -1.770160 -0.197018 -0.555894
v -1.770160 -0.197018 -0.696731
v -1.770160 -0.333116 -0.696731
v -1.770160 -0.676278 -0.555894
v -1.770160 -0.540180 -0.555894
v -1.770160 -0.540180 -0.696731
v -1.770160 -0.676278 -0.696731
v -1.770160 -0.847860 -0.555894
v -1.770160 -0.711761 -0.555894
v -1.770160 -0.711761 -0.696731
v -1.770160 -0.847860 -0.696731
v -1.770160 -0.504697 -0.555894
v -1.770160 -0.368600 -0.555894
v -1.770160 -0.368600 -0.696731
v -1.770160 -0.504697 -0.696731
v -1.774024 -0.694020 -0.507245
v -1.774024 -0.865601 -0.507245
v -1.774024 -0.179276 -0.507245
v -1.774024 -0.350858 -0.507245
v -1.774024 -0.522439 -0.507245
v -1.783653 -0.865601 -0.514881
v -1.783653 -0.350858 -0.514881
v -1.783653 -0.522439 -0.514881
v -1.783653 -0.694020 -0.514881
v -1.783653 -0.179276 -0.514881
v -1.783653 -0.694020 -0.499609
v -1.783653 -0.179276 -0.499611
v -1.783653 -0.865601 -0.499609
v -1.783653 -0.350858 -0.499611
v -1.783653 -0.522439 -0.499609
v -1.770160 -0.324841 -0.328316
v -1.770160 -0.205293 -0.328316
v -1.770160 -0.205293 -0.450152
v -1.770160 -0.324841 -0.450152
v -1.770160 -0.668002 -0.328316
v -1.770160 -0.548456 -0.328316
v -1.770160 -0.548456 -0.450152
v -1.770160 -0.668002 -0.450152
v -1.770160 -0.496421 -0.328316
v -1.770160 -0.376875 -0.328316
v -1.770160 -0.376875 -0.450152
v -1.770160 -0.496421 -0.450152
v -1.770160 -0.839583 -0.328316
v -1.770160 -0.720037 -0.328316
v -1.770160 -0.720037 -0.450152
v -1.770160 -0.839584 -0.450152
v -1.770160 -0.324841 -0.564338
v -1.770160 -0.205293 -0.564338
v -1.770160 -0.205293 -0.688286
v -1.770160 -0.324841 -0.688286
v -1.770160 -0.668002 -0.564338
v -1.770160 -0.548456 -0.564338
v -1.770160 -0.548456 -0.688286
v -1.770160 -0.668002 -0.688286
v -1.770160 -0.839584 -0.564338
v -1.770160 -0.720037 -0.564338
v -1.770160 -0.720037 -0.688286
v -1.770160 -0.839584 -0.688286
v -1.770160 -0.496421 -0.564338
v -1.770160 -0.376875 -0.564338
v -1.770160 -0.376875 -0.688286
v -1.770160 -0.496421 -0.688286
v -1.769880 -0.852487 -0.301092
v -1.769880 -0.192390 -0.301092
v -1.769880 -0.192390 -0.713397
v -1.769880 -0.852487 -0.713397
v -1.769880 -0.865601 -0.125297
v -1.769880 -0.179276 -0.125297
v -1.769880 -0.179276 0.313770
v -1.769880 -0.865601 0.313770
v -1.784600 -0.865601 -0.125297
v -1.784600 -0.179276 -0.125297
v -1.784600 -0.179276 0.313770
v -1.784600 -0.865601 0.313770
v -1.784600 -0.924293 -0.185185
v -1.784600 -0.120585 -0.185185
v -1.784600 -0.120585 0.373659
v -1.784600 -0.924293 0.373660
v -1.783653 -0.865601 -0.125297
v -1.783653 -0.179276 -0.125297
v -1.783653 -0.179276 0.313770
v -1.783653 -0.865601 0.313770
v -1.783653 -0.522439 0.299714
v -1.783653 -0.179276 0.299714
v -1.783653 -0.694020 -0.125297
v -1.783653 -0.522439 -0.125297
v -1.783653 -0.350858 -0.125297
v -1.783653 -0.350858 0.313770
v -1.783653 -0.522439 0.313770
v -1.783653 -0.694020 0.313770
v -1.783653 -0.350858 0.299714
v -1.783653 -0.694020 0.299714
v -1.783653 -0.865601 0.299714
v -1.783653 -0.865601 0.124782
v -1.783653 -0.865601 0.063692
v -1.783653 -0.179276 0.063692
v -1.783653 -0.179276 0.124782
v -1.783653 -0.350858 0.063692
v -1.783653 -0.350858 0.124782
v -1.783653 -0.522439 0.063692
v -1.783653 -0.522439 0.124782
v -1.783653 -0.694020 0.124782
v -1.783653 -0.694020 0.063692
v -1.783653 -0.865601 -0.113353
v -1.783653 -0.694020 -0.113353
v -1.783653 -0.350858 -0.113353
v -1.783653 -0.179276 -0.113353
v -1.783653 -0.522439 -0.113353
v -1.770160 -0.333116 0.281611
v -1.770160 -0.197018 0.281610
v -1.770160 -0.197018 0.142884
v -1.770160 -0.333116 0.142884
v -1.770160 -0.676278 0.281611
v -1.770160 -0.540180 0.281611
v -1.770160 -0.540180 0.142884
v -1.770160 -0.676278 0.142884
v -1.770160 -0.504697 0.281611
v -1.770160 -0.368600 0.281611
v -1.770160 -0.368600 0.142884
v -1.770160 -0.504697 0.142884
v -1.770160 -0.847860 0.281611
v -1.770160 -0.711761 0.281611
v -1.770160 -0.711761 0.142884
v -1.770160 -0.847860 0.142884
v -1.770160 -0.333116 0.045589
v -1.770160 -0.197018 0.045589
v -1.770160 -0.197018 -0.095248
v -1.770160 -0.333116 -0.095248
v -1.770160 -0.676278 0.045589
v -1.770160 -0.540180 0.045589
v -1.770160 -0.540180 -0.095248
v -1.770160 -0.676278 -0.095248
v -1.770160 -0.847860 0.045589
v -1.770160 -0.711761 0.045589
v -1.770160 -0.711761 -0.095248
v -1.770160 -0.847860 -0.095248
v -1.770160 -0.504697 0.045589
v -1.770160 -0.368600 0.045589
v -1.770160 -0.368600 -0.095248
v -1.770160 -0.504697 -0.095248
v -1.774024 -0.694020 0.094236
v -1.774024 -0.865601 0.094236
v -1.774024 -0.179276 0.094236
v -1.774024 -0.350858 0.094236
v -1.774024 -0.522439 0.094236
v -1.783653 -0.865601 0.086600
v -1.783653 -0.350858 0.086600
v -1.783653 -0.522439 0.086600
v -1.783653 -0.694020 0.086600
v -1.783653 -0.179276 0.086600
v -1.783653 -0.694020 0.101872
v -1.783653 -0.179276 0.101872
v -1.783653 -0.865601 0.101873
v -1.783653 -0.350858 0.101872
v -1.783653 -0.522439 0.101872
v -1.770160 -0.324841 0.273167
v -1.770160 -0.205293 0.273167
v -1.770160 -0.205293 0.151330
v -1.770160 -0.324841 0.151330
v -1.770160 -0.668002 0.273167
v -1.770160 -0.548456 0.273167
v -1.770160 -0.548456 0.151330
v -1.770160 -0.668002 0.151330
v -1.770160 -0.496421 0.273167
v -1.770160 -0.376874 0.273167
v -1.770160 -0.376875 0.151330
v -1.770160 -0.496421 0.151330
v -1.770160 -0.839583 0.273167
v -1.770160 -0.720037 0.273167
v -1.770160 -0.720037 0.151330
v -1.770160 -0.839583 0.151330
v -1.770160 -0.324841 0.037145
v -1.770160 -0.205293 0.037145
v -1.770160 -0.205293 -0.086803
v -1.770160 -0.324841 -0.086803
v -1.770160 -0.668002 0.037145
v -1.770160 -0.548456 0.037145
v -1.770160 -0.548456 -0.086803
v -1.770160 -0.668002 -0.086803
v -1.770160 -0.839583 0.037145
v -1.770160 -0.720037 0.037145
v -1.770160 -0.720037 -0.086803
v -1.770160 -0.839583 -0.086803
v -1.770160 -0.496421 0.037145
v -1.770160 -0.376875 0.037145
v -1.770160 -0.376875 -0.086803
v -1.770160 -0.496421 -0.086803
v -1.769880 -0.852487 0.300389
v -1.769880 -0.192390 0.300389
v -1.769880 -0.192390 -0.111916
v -1.769880 -0.852487 -0.111916
v -1.769880 0.662018 -0.726779
v -1.769880 1.348343 -0.726779
v -1.769880 1.348343 -0.287711
v -1.769880 0.662018 -0.287711
v -1.784600 0.662018 -0.726779
v -1.784600 1.348343 -0.726779
v -1.784600 1.348343 -0.287711
v -1.784600 0.662018 -0.287711
v -1.784600 0.603326 -0.786668
v -1.784600 1.407034 -0.786668
v -1.784600 1.407034 -0.227822
v -1.784600 0.603326 -0.227822
v -1.783653 0.662018 -0.726779
v -1.783653 1.348343 -0.726779
v -1.783653 1.348343 -0.287711
v -1.783653 0.662018 -0.287711
v -1.783653 1.005180 -0.301767
v -1.783653 1.348343 -0.301767
v -1.783653 0.833599 -0.726779
v -1.783653 1.005180 -0.726779
v -1.783653 1.176762 -0.726779
v -1.783653 1.176762 -0.287711
v -1.783653 1.005180 -0.287711
v -1.783653 0.833599 -0.287711
v -1.783653 1.176762 -0.301767
v -1.783653 0.833599 -0.301767
v -1.783653 0.662018 -0.301767
v -1.783653 0.662018 -0.476701
v -1.783653 0.662018 -0.537789
v -1.783653 1.348343 -0.537789
v -1.783653 1.348343 -0.476701
v -1.783653 1.176762 -0.537789
v -1.783653 1.176762 -0.476701
v -1.783653 1.005180 -0.537789
v -1.783653 1.005180 -0.476701
v -1.783653 0.833599 -0.476701
v -1.783653 0.833599 -0.537789
v -1.783653 0.662018 -0.714834
v -1.783653 0.833599 -0.714834
v -1.783653 1.176762 -0.714834
v -1.783653 1.348343 -0.714834
v -1.783653 1.005180 -0.714834
v -1.770160 1.194502 -0.319872
v -1.770160 1.330601 -0.319872
v -1.770160 1.330601 -0.458596
v -1.770160 1.194502 -0.458596
v -1.770160 0.851341 -0.319872
v -1.770160 0.987438 -0.319872
v -1.770160 0.987438 -0.458596
v -1.770160 0.851341 -0.458596
v -1.770160 1.022922 -0.319872
v -1.770160 1.159020 -0.319872
v -1.770160 1.159020 -0.458596
v -1.770160 1.022922 -0.458596
v -1.770160 0.679759 -0.319872
v -1.770160 0.815857 -0.319872
v -1.770160 0.815857 -0.458596
v -1.770160 0.679759 -0.458596
v -1.770160 1.194502 -0.555894
v -1.770160 1.330601 -0.555894
v -1.770160 1.330601 -0.696731
v -1.770160 1.194502 -0.696731
v -1.770160 0.851341 -0.555894
v -1.770160 0.987438 -0.555894
v -1.770160 0.987438 -0.696731
v -1.770160 0.851341 -0.696731
v -1.770160 0.679759 -0.555894
v -1.770160 0.815857 -0.555894
v -1.770160 0.815857 -0.696731
v -1.770160 0.679759 -0.696731
v -1.770160 1.022922 -0.555894
v -1.770160 1.159020 -0.555894
v -1.770160 1.159020 -0.696731
v -1.770160 1.022922 -0.696731
v -1.774024 0.833599 -0.507246
v -1.774024 0.662018 -0.507245
v -1.774024 1.348343 -0.507246
v -1.774024 1.176762 -0.507246
v -1.774024 1.005180 -0.507246
v -1.783653 0.662018 -0.514881
v -1.783653 1.176762 -0.514881
v -1.783653 1.005180 -0.514881
v -1.783653 0.833599 -0.514881
v -1.783653 1.348343 -0.514881
v -1.783653 0.833599 -0.499611
v -1.783653 1.348343 -0.499611
v -1.783653 0.662018 -0.499611
v -1.783653 1.176762 -0.499611
v -1.783653 1.005180 -0.499611
v -1.770160 1.202779 -0.328316
v -1.770160 1.322326 -0.328316
v -1.770160 1.322326 -0.450152
v -1.770160 1.202779 -0.450152
v -1.770160 0.859616 -0.328316
v -1.770160 0.979163 -0.328316
v -1.770160 0.979163 -0.450152
v -1.770160 0.859616 -0.450152
v -1.770160 1.031197 -0.328316
v -1.770160 1.150743 -0.328316
v -1.770160 1.150743 -0.450152
v -1.770160 1.031197 -0.450152
v -1.770160 0.688035 -0.328316
v -1.770160 0.807582 -0.328316
v -1.770160 0.807582 -0.450152
v -1.770160 0.688035 -0.450152
v -1.770160 1.202779 -0.564338
v -1.770160 1.322326 -0.564338
v -1.770160 1.322326 -0.688286
v -1.770160 1.202779 -0.688286
v -1.770160 0.859616 -0.564338
v -1.770160 0.979163 -0.564338
v -1.770160 0.979163 -0.688286
v -1.770160 0.859616 -0.688286
v -1.770160 0.688035 -0.564338
v -1.770160 0.807582 -0.564338
v -1.770160 0.807582 -0.688286
v -1.770160 0.688035 -0.688286
v -1.770160 1.031197 -0.564338
v -1.770160 1.150743 -0.564338
v -1.770160 1.150743 -0.688286
v -1.770160 1.031197 -0.688286
v -1.769880 0.675131 -0.301092
v -1.769880 1.335228 -0.301092
v -1.769880 1.335228 -0.713398
v -1.769880 0.675131 -0.713397
v -1.769880 0.662018 -0.125297
v -1.769880 1.348343 -0.125297
v -1.769880 1.348343 0.313770
v -1.769880 0.662018 0.313770
v -1.784600 0.662018 -0.125297
v -1.784600 1.348343 -0.125297
v -1.784600 1.348343 0.313770
v -1.784600 0.662018 0.313770
v -1.784600 0.603326 -0.185185
v -1.784600 1.407034 -0.185186
v -1.784600 1.407034 0.373659
v -1.784600 0.603326 0.373659
v -1.783653 0.662018 -0.125297
v -1.783653 1.348343 -0.125297
v -1.783653 1.348343 0.313770
v -1.783653 0.662018 0.313770
v -1.783653 1.005180 0.299714
v -1.783653 1.348343 0.299714
v -1.783653 0.833599 -0.125297
v -1.783653 1.005180 -0.125297
v -1.783653 1.176762 -0.125297
v -1.783653 1.176762 0.313770
v -1.783653 1.005180 0.313770
v -1.783653 0.833599 0.313770
v -1.783653 1.176762 0.299714
v -1.783653 0.833599 0.299714
v -1.783653 0.662018 0.299714
v -1.783653 0.662018 0.124782
v -1.783653 0.662018 0.063692
v -1.783653 1.348343 0.063692
v -1.783653 1.348343 0.124782
v -1.783653 1.176762 0.063692
v -1.783653 1.176762 0.124782
v -1.783653 1.005180 0.063692
v -1.783653 1.005180 0.124782
v -1.783653 0.833599 0.124782
v -1.783653 0.833599 0.063692
v -1.783653 0.662018 -0.113353
v -1.783653 0.833599 -0.113353
v -1.783653 1.176762 -0.113353
v -1.783653 1.348343 -0.113353
v -1.783653 1.005180 -0.113353
v -1.770160 1.194502 0.281610
v -1.770160 1.330601 0.281610
v -1.770160 1.330601 0.142884
v -1.770160 1.194502 0.142884
v -1.770160 0.851341 0.281610
v -1.770160 0.987438 0.281610
v -1.770160 0.987438 0.142884
v -1.770160 0.851341 0.142884
v -1.770160 1.022922 0.281610
v -1.770160 1.159020 0.281610
v -1.770160 1.159020 0.142884
v -1.770160 1.022922 0.142884
v -1.770160 0.679759 0.281610
v -1.770160 0.815857 0.281610
v -1.770160 0.815857 0.142884
v -1.770160 0.679759 0.142884
v -1.770160 1.194502 0.045588
v -1.770160 1.330601 0.045588
v -1.770160 1.330601 -0.095248
v -1.770160 1.194502 -0.095248
v -1.770160 0.851341 0.045588
v -1.770160 0.987438 0.045588
v -1.770160 0.987438 -0.095248
v -1.770160 0.851341 -0.095248
v -1.770160 0.679759 0.045588
v -1.770160 0.815857 0.045588
v -1.770160 0.815857 -0.095248
v -1.770160 0.679759 -0.095248
v -1.770160 1.022922 0.045588
v -1.770160 1.159020 0.045588
v -1.770160 1.159020 -0.095248
v -1.770160 1.022922 -0.095248
v -1.774024 0.833599 0.094236
v -1.774024 0.662018 0.094236
v -1.774024 1.348343 0.094236
v -1.774024 1.176762 0.094236
v -1.774024 1.005180 0.094236
v -1.783653 0.662018 0.086600
v -1.783653 1.176762 0.086600
v -1.783653 1.005180 0.086600
v -1.783653 0.833599 0.086600
v -1.783653 1.348343 0.086600
v -1.783653 0.833599 0.101872
v -1.783653 1.348343 0.101872
v -1.783653 0.662018 0.101872
v -1.783653 1.176762 0.101872
v -1.783653 1.005180 0.101872
v -1.770160 1.202779 0.273167
v -1.770160 1.322326 0.273167
v -1.770160 1.322326 0.151328
v -1.770160 1.202779 0.151328
v -1.770160 0.859616 0.273167
v -1.770160 0.979163 0.273167
v -1.770160 0.979163 0.151328
v -1.770160 0.859616 0.151328
v -1.770160 1.031197 0.273167
v -1.770160 1.150743 0.273167
v -1.770160 1.150743 0.151328
v -1.770160 1.031197 0.151328
v -1.770160 0.688035 0.273167
v -1.770160 0.807582 0.273167
v -1.770160 0.807582 0.151328
v -1.770160 0.688035 0.151328
v -1.770160 1.202779 0.037145
v -1.770160 1.322326 0.037145
v -1.770160 1.322326 -0.086804
v -1.770160 1.202779 -0.086804
v -1.770160 0.859616 0.037145
v -1.770160 0.979163 0.037145
v -1.770160 0.979163 -0.086804
v -1.770160 0.859616 -0.086804
v -1.770160 0.688035 0.037145
v -1.770160 0.807582 0.037145
v -1.770160 0.807582 -0.086803
v -1.770160 0.688035 -0.086803
v -1.770160 1.031197 0.037145
v -1.770160 1.150743 0.037145
v -1.770160 1.150743 -0.086804
v -1.770160 1.031197 -0.086804
v -1.769880 0.675131 0.300389
v -1.769880 1.335228 0.300389
v -1.769880 1.335228 -0.111916
v -1.769880 0.675131 -0.111916
v 0.667511 -0.865601 -1.413555
v 0.667511 -0.179276 -1.413555
v 0.228444 -0.179276 -1.413555
v 0.228444 -0.865601 -1.413555
v 0.667511 -0.865601 -1.428276
v 0.667511 -0.179276 -1.428276
v 0.228444 -0.179276 -1.428276
v 0.228444 -0.865601 -1.428276
v 0.727399 -0.924293 -1.428276
v 0.727399 -0.120585 -1.428276
v 0.168555 -0.120585 -1.428276
v 0.168555 -0.924293 -1.428276
v 0.667511 -0.865601 -1.427328
v 0.667511 -0.179276 -1.427328
v 0.228444 -0.179276 -1.427328
v 0.228444 -0.865601 -1.427328
v 0.242499 -0.522439 -1.427328
v 0.242499 -0.179276 -1.427328
v 0.667511 -0.694020 -1.427328
v 0.667511 -0.522439 -1.427328
v 0.667511 -0.350858 -1.427328
v 0.228444 -0.350858 -1.427328
v 0.228444 -0.522439 -1.427328
v 0.228444 -0.694020 -1.427328
v 0.242499 -0.350858 -1.427328
v 0.242499 -0.694020 -1.427328
v 0.242499 -0.865601 -1.427328
v 0.417433 -0.865601 -1.427328
v 0.478522 -0.865601 -1.427328
v 0.478522 -0.179276 -1.427328
v 0.417433 -0.179276 -1.427328
v 0.478522 -0.350858 -1.427328
v 0.417433 -0.350858 -1.427328
v 0.478522 -0.522439 -1.427328
v 0.417433 -0.522439 -1.427328
v 0.417433 -0.694020 -1.427328
v 0.478522 -0.694020 -1.427328
v 0.655566 -0.865601 -1.427328
v 0.655566 -0.694020 -1.427328
v 0.655566 -0.350858 -1.427328
v 0.655566 -0.179276 -1.427328
v 0.655566 -0.522439 -1.427328
v 0.260603 -0.333116 -1.413836
v 0.260603 -0.197018 -1.413836
v 0.399329 -0.197018 -1.413836
v 0.399329 -0.333116 -1.413836
v 0.260603 -0.676278 -1.413836
v 0.260603 -0.540180 -1.413836
v 0.399329 -0.540180 -1.413836
v 0.399329 -0.676278 -1.413836
v 0.260603 -0.504697 -1.413836
v 0.260603 -0.368600 -1.413836
v 0.399329 -0.368600 -1.413836
v 0.399329 -0.504697 -1.413836
v 0.260603 -0.847860 -1.413836
v 0.260603 -0.711761 -1.413836
v 0.399329 -0.711761 -1.413836
v 0.399329 -0.847860 -1.413836
v 0.496625 -0.333116 -1.413836
v 0.496625 -0.197018 -1.413836
v 0.637462 -0.197018 -1.413836
v 0.637462 -0.333116 -1.413836
v 0.496625 -0.676278 -1.413836
v 0.496625 -0.540180 -1.413836
v 0.637462 -0.540180 -1.413836
v 0.637462 -0.676278 -1.413836
v 0.496625 -0.847860 -1.413836
v 0.496625 -0.711761 -1.413836
v 0.637462 -0.711761 -1.413836
v 0.637462 -0.847860 -1.413836
v 0.496625 -0.504697 -1.413836
v 0.496625 -0.368600 -1.413836
v 0.637462 -0.368600 -1.413836
v 0.637462 -0.504697 -1.413836
v 0.447977 -0.694020 -1.417700
v 0.447977 -0.865601 -1.417700
v 0.447977 -0.179276 -1.417700
v 0.447977 -0.350858 -1.417700
v 0.447977 -0.522439 -1.417700
v 0.455613 -0.865601 -1.427328
v 0.455613 -0.350858 -1.427328
v 0.455613 -0.522439 -1.427328
v 0.455613 -0.694020 -1.427328
v 0.455613 -0.179276 -1.427328
v 0.440341 -0.694020 -1.427328
v 0.440341 -0.179276 -1.427328
v 0.440341 -0.865601 -1.427328
v 0.440341 -0.350858 -1.427328
v 0.440341 -0.522439 -1.427328
v 0.269048 -0.324841 -1.413836
v 0.269048 -0.205293 -1.413836
v 0.390885 -0.205293 -1.413836
v 0.390885 -0.324841 -1.413836
v 0.269048 -0.668002 -1.413836
v 0.269048 -0.548456 -1.413836
v 0.390885 -0.548456 -1.413836
v 0.390885 -0.668002 -1.413836
v 0.269048 -0.496421 -1.413836
v 0.269048 -0.376875 -1.413836
v 0.390885 -0.376875 -1.413836
v 0.390885 -0.496421 -1.413836
v 0.269048 -0.839584 -1.413836
v 0.269048 -0.720037 -1.413836
v 0.390885 -0.720037 -1.413836
v 0.390885 -0.839584 -1.413836
v 0.505070 -0.324841 -1.413836
v 0.505070 -0.205293 -1.413836
v 0.629018 -0.205293 -1.413836
v 0.629018 -0.324841 -1.413836
v 0.505070 -0.668002 -1.413836
v 0.505070 -0.548456 -1.413836
v 0.629018 -0.548456 -1.413836
v 0.629018 -0.668002 -1.413836
v 0.505070 -0.839584 -1.413836
v 0.505070 -0.720037 -1.413836
v 0.629018 -0.720037 -1.413836
v 0.629018 -0.839584 -1.413836
v 0.505070 -0.496421 -1.413836
v 0.505070 -0.376875 -1.413836
v 0.629018 -0.376875 -1.413836
v 0.629018 -0.496421 -1.413836
v 0.241825 -0.852487 -1.413555
v 0.241825 -0.192390 -1.413555
v 0.654129 -0.192390 -1.413555
v 0.654129 -0.852487 -1.413555
v 0.232514 0.552636 1.021911
v 0.232514 1.225721 1.021911
v 0.663110 1.225721 1.021911
v 0.663110 0.552636 1.021911
v 0.232514 0.552636 1.036346
v 0.232514 1.225721 1.036346
v 0.663110 1.225721 1.036346
v 0.663110 0.552636 1.036346
v 0.173780 0.495078 1.036346
v 0.173780 1.283280 1.036346
v 0.721844 1.283280 1.036346
v 0.721844 0.495078 1.036346
v 0.232514 0.552636 1.031884
v 0.232514 1.225721 1.031884
v 0.663110 1.225721 1.031884
v 0.663110 0.552636 1.031884
v 0.232514 0.720907 1.031884
v 0.232514 0.889179 1.031884
v 0.232514 1.057450 1.031884
v 0.663110 1.057450 1.031884
v 0.663110 0.889179 1.031884
v 0.663110 0.720907 1.031884
v 0.376046 0.552636 1.031884
v 0.519578 0.552636 1.031884
v 0.519578 1.225721 1.031884
v 0.376046 1.225721 1.031884
v 0.519578 0.720907 1.031884
v 0.376046 0.720907 1.031884
v 0.519578 0.889179 1.031884
v 0.376046 0.889179 1.031884
v 0.519578 1.057450 1.031884
v 0.376046 1.057450 1.031884
v 0.232514 1.141584 1.031884
v 0.663110 0.636772 1.031884
v 0.591344 0.552636 1.031884
v 0.304280 1.225721 1.031884
v 0.232514 0.636772 1.031884
v 0.232514 0.805043 1.031884
v 0.232514 0.973314 1.031884
v 0.663110 1.141584 1.031884
v 0.663110 0.973314 1.031884
v 0.663110 0.805043 1.031884
v 0.304280 0.720907 1.031884
v 0.304280 0.889179 1.031884
v 0.304280 1.057450 1.031884
v 0.304280 0.552636 1.031884
v 0.447812 0.552636 1.031884
v 0.591344 1.225721 1.031884
v 0.447812 1.225721 1.031884
v 0.591344 0.720907 1.031884
v 0.447812 0.720907 1.031884
v 0.591344 0.889179 1.031884
v 0.447812 0.889179 1.031884
v 0.591344 1.057450 1.031884
v 0.447812 1.057450 1.031884
v 0.519578 0.973314 1.031884
v 0.376046 0.973314 1.031884
v 0.519578 0.805043 1.031884
v 0.376046 0.805043 1.031884
v 0.519578 0.636772 1.031884
v 0.376046 0.636772 1.031884
v 0.519578 1.141584 1.031884
v 0.376046 1.141584 1.031884
v 0.447812 1.141584 1.031884
v 0.591344 1.141584 1.031884
v 0.447812 0.636772 1.031884
v 0.591344 0.636772 1.031884
v 0.447812 0.805043 1.031884
v 0.591344 0.805043 1.031884
v 0.447812 0.973314 1.031884
v 0.591344 0.973314 1.031884
v 0.304280 0.973314 1.031884
v 0.304280 0.805043 1.031884
v 0.304280 0.636772 1.031884
v 0.304280 1.141584 1.031884
v 0.268397 1.183653 1.031884
v 0.268397 0.678839 1.031884
v 0.268397 0.847110 1.031884
v 0.268397 1.015381 1.031884
v 0.555461 1.015381 1.031884
v 0.411929 1.015381 1.031884
v 0.555461 0.847110 1.031884
v 0.411929 0.847110 1.031884
v 0.555461 0.678839 1.031884
v 0.411929 0.678839 1.031884
v 0.555461 1.183653 1.031884
v 0.411929 1.183653 1.031884
v 0.411929 1.099517 1.031884
v 0.483695 1.099517 1.031884
v 0.483695 1.183653 1.031884
v 0.555461 1.099517 1.031884
v 0.627227 1.099517 1.031884
v 0.627227 1.183653 1.031884
v 0.411929 0.594703 1.031884
v 0.483695 0.594703 1.031884
v 0.483695 0.678839 1.031884
v 0.555461 0.594703 1.031884
v 0.627227 0.594703 1.031884
v 0.627227 0.678839 1.031884
v 0.411929 0.762975 1.031884
v 0.483695 0.762975 1.031884
v 0.483695 0.847110 1.031884
v 0.555461 0.762975 1.031884
v 0.627227 0.762975 1.031884
v 0.627227 0.847110 1.031884
v 0.411929 0.931246 1.031884
v 0.483695 0.931246 1.031884
v 0.483695 1.015381 1.031884
v 0.555461 0.931246 1.031884
v 0.627227 0.931246 1.031884
v 0.627227 1.015381 1.031884
v 0.268397 0.931246 1.031884
v 0.340163 0.931246 1.031884
v 0.340163 1.015381 1.031884
v 0.268397 0.762975 1.031884
v 0.340163 0.762975 1.031884
v 0.340163 0.847110 1.031884
v 0.268397 0.594703 1.031884
v 0.340163 0.594703 1.031884
v 0.340163 0.678839 1.031884
v 0.268397 1.099517 1.031884
v 0.340163 1.099517 1.031884
v 0.340163 1.183653 1.031884
v 0.289152 1.218791 1.023696
v 0.247641 1.218791 1.023696
v 0.268397 1.194458 1.023696
v 0.239585 1.206625 1.023696
v 0.239585 1.160680 1.023696
v 0.259180 1.183653 1.023696
v 0.313496 1.141584 1.023696
v 0.340163 1.110322 1.023696
v 0.366829 1.141584 1.023696
v 0.340163 1.172848 1.023696
v 0.241730 1.141584 1.023696
v 0.268397 1.110322 1.023696
v 0.295063 1.141584 1.023696
v 0.268397 1.172848 1.023696
v 0.239585 0.701812 1.023696
v 0.239585 0.655867 1.023696
v 0.259180 0.678839 1.023696
v 0.313496 0.636772 1.023696
v 0.340163 0.605509 1.023696
v 0.366829 0.636772 1.023696
v 0.340163 0.668035 1.023696
v 0.241730 0.636772 1.023696
v 0.268397 0.605509 1.023696
v 0.295063 0.636772 1.023696
v 0.268397 0.668035 1.023696
v 0.239585 0.870083 1.023696
v 0.239585 0.824138 1.023696
v 0.259180 0.847110 1.023696
v 0.313496 0.805043 1.023696
v 0.340163 0.773780 1.023696
v 0.366829 0.805043 1.023696
v 0.340163 0.836306 1.023696
v 0.241730 0.805043 1.023696
v 0.268397 0.773780 1.023696
v 0.295063 0.805043 1.023696
v 0.268397 0.836306 1.023696
v 0.239585 1.038355 1.023696
v 0.239585 0.992409 1.023696
v 0.259180 1.015381 1.023696
v 0.313496 0.973314 1.023696
v 0.340163 0.942052 1.023696
v 0.366829 0.973314 1.023696
v 0.340163 1.004577 1.023696
v 0.241730 0.973314 1.023696
v 0.268397 0.942052 1.023696
v 0.295063 0.973314 1.023696
v 0.268397 1.004577 1.023696
v 0.600561 0.973314 1.023696
v 0.627227 0.942052 1.023696
v 0.653894 0.973314 1.023696
v 0.627227 1.004577 1.023696
v 0.528794 0.973314 1.023696
v 0.555461 0.942052 1.023696
v 0.582126 0.973314 1.023696
v 0.555461 1.004577 1.023696
v 0.457027 0.973314 1.023696
v 0.483695 0.942052 1.023696
v 0.510361 0.973314 1.023696
v 0.483695 1.004577 1.023696
v 0.385262 0.973314 1.023696
v 0.411929 0.942052 1.023696
v 0.438595 0.973314 1.023696
v 0.411929 1.004577 1.023696
v 0.600561 0.805043 1.023696
v 0.627227 0.773780 1.023696
v 0.653894 0.805043 1.023696
v 0.627227 0.836306 1.023696
v 0.528794 0.805043 1.023696
v 0.555461 0.773780 1.023696
v 0.582126 0.805043 1.023696
v 0.555461 0.836306 1.023696
v 0.457027 0.805043 1.023696
v 0.483695 0.773780 1.023696
v 0.510361 0.805043 1.023696
v 0.483695 0.836306 1.023696
v 0.385262 0.805043 1.023696
v 0.411929 0.773780 1.023696
v 0.438595 0.805043 1.023696
v 0.411929 0.836306 1.023696
v 0.600561 0.636772 1.023696
v 0.627227 0.605509 1.023696
v 0.653894 0.636772 1.023696
v 0.627227 0.668035 1.023696
v 0.528794 0.636772 1.023696
v 0.555461 0.605509 1.023696
v 0.582126 0.636772 1.023696
v 0.555461 0.668035 1.023696
v 0.457027 0.636772 1.023696
v 0.483695 0.605509 1.023696
v 0.510361 0.636772 1.023696
v 0.483695 0.668035 1.023696
v 0.385262 0.636772 1.023696
v 0.411929 0.605509 1.023696
v 0.438595 0.636772 1.023696
v 0.411929 0.668035 1.023696
v 0.576216 1.218791 1.023696
v 0.534706 1.218791 1.023696
v 0.555461 1.194459 1.023696
v 0.600561 1.141584 1.023696
v 0.627227 1.110322 1.023696
v 0.653894 1.141584 1.023696
v 0.627227 1.172848 1.023696
v 0.528794 1.141584 1.023696
v 0.555461 1.110322 1.023696
v 0.582126 1.141584 1.023696
v 0.555461 1.172848 1.023696
v 0.432684 1.218791 1.023696
v 0.391173 1.218791 1.023696
v 0.411929 1.194458 1.023696
v 0.457027 1.141584 1.023696
v 0.483695 1.110322 1.023696
v 0.510361 1.141584 1.023696
v 0.483695 1.172848 1.023696
v 0.447812 1.152390 1.023696
v 0.474478 1.183653 1.023696
v 0.447812 1.214916 1.023696
v 0.421145 1.183653 1.023696
v 0.519578 0.899983 1.023696
v 0.546244 0.931246 1.023696
v 0.519578 0.962509 1.023696
v 0.492911 0.931246 1.023696
v 0.376046 1.068254 1.023696
v 0.402712 1.099517 1.023696
v 0.376046 1.130780 1.023696
v 0.349379 1.099517 1.023696
v 0.519578 0.984119 1.023696
v 0.546244 1.015381 1.023696
v 0.519578 1.046644 1.023696
v 0.492911 1.015381 1.023696
v 0.376046 1.152390 1.023696
v 0.402712 1.183653 1.023696
v 0.376046 1.214916 1.023696
v 0.349379 1.183653 1.023696
v 0.504450 1.218791 1.023696
v 0.462939 1.218791 1.023696
v 0.483695 1.194458 1.023696
v 0.447812 1.068254 1.023696
v 0.474478 1.099517 1.023696
v 0.447812 1.130780 1.023696
v 0.421145 1.099517 1.023696
v 0.591344 1.152390 1.023696
v 0.618011 1.183653 1.023696
v 0.591344 1.214916 1.023696
v 0.564677 1.183653 1.023696
v 0.385262 1.057450 1.023696
v 0.411929 1.026186 1.023696
v 0.438595 1.057450 1.023696
v 0.411929 1.088713 1.023696
v 0.656039 1.076545 1.023696
v 0.656039 1.122489 1.023696
v 0.636443 1.099517 1.023696
v 0.457027 1.057450 1.023696
v 0.483695 1.026186 1.023696
v 0.510361 1.057450 1.023696
v 0.483695 1.088713 1.023696
v 0.656039 1.160680 1.023696
v 0.656039 1.206625 1.023696
v 0.636443 1.183653 1.023696
v 0.647982 1.218791 1.023696
v 0.606472 1.218791 1.023696
v 0.627227 1.194459 1.023696
v 0.591344 1.068254 1.023696
v 0.618011 1.099517 1.023696
v 0.591344 1.130780 1.023696
v 0.564677 1.099517 1.023696
v 0.447812 0.647576 1.023696
v 0.474478 0.678839 1.023696
v 0.447812 0.710102 1.023696
v 0.421145 0.678839 1.023696
v 0.391173 0.559566 1.023697
v 0.432684 0.559566 1.023697
v 0.411929 0.583899 1.023696
v 0.376046 0.563441 1.023697
v 0.402712 0.594703 1.023696
v 0.376046 0.625966 1.023696
v 0.349379 0.594703 1.023696
v 0.462939 0.559566 1.023697
v 0.504450 0.559566 1.023697
v 0.483695 0.583899 1.023696
v 0.376046 0.647576 1.023696
v 0.402712 0.678839 1.023696
v 0.376046 0.710102 1.023696
v 0.349379 0.678839 1.023696
v 0.447812 0.563440 1.023697
v 0.474478 0.594703 1.023696
v 0.447812 0.625966 1.023696
v 0.421145 0.594703 1.023696
v 0.591344 0.647576 1.023696
v 0.618011 0.678839 1.023696
v 0.591344 0.710102 1.023696
v 0.564677 0.678839 1.023696
v 0.534706 0.559566 1.023697
v 0.576216 0.559566 1.023697
v 0.555461 0.583899 1.023696
v 0.656039 0.571731 1.023696
v 0.656039 0.617677 1.023696
v 0.636443 0.594703 1.023696
v 0.606472 0.559566 1.023697
v 0.647982 0.559566 1.023697
v 0.627227 0.583899 1.023696
v 0.656039 0.655867 1.023696
v 0.656039 0.701812 1.023696
v 0.636443 0.678839 1.023696
v 0.591344 0.563441 1.023697
v 0.618011 0.594703 1.023696
v 0.591344 0.625966 1.023696
v 0.564677 0.594703 1.023696
v 0.447812 0.815847 1.023696
v 0.474478 0.847110 1.023696
v 0.447812 0.878373 1.023696
v 0.421145 0.847110 1.023696
v 0.528794 0.889179 1.023696
v 0.555461 0.857916 1.023696
v 0.582126 0.889179 1.023696
v 0.555461 0.920441 1.023696
v 0.376046 0.731712 1.023696
v 0.402712 0.762975 1.023696
v 0.376046 0.794237 1.023696
v 0.349379 0.762975 1.023696
v 0.600561 0.889179 1.023696
v 0.627227 0.857916 1.023696
v 0.653894 0.889179 1.023696
v 0.627227 0.920441 1.023696
v 0.376046 0.815847 1.023696
v 0.402712 0.847110 1.023696
v 0.376046 0.878373 1.023696
v 0.349379 0.847110 1.023696
v 0.447812 0.731712 1.023696
v 0.474478 0.762975 1.023696
v 0.447812 0.794237 1.023696
v 0.421145 0.762975 1.023696
v 0.591344 0.815847 1.023696
v 0.618011 0.847110 1.023696
v 0.591344 0.878373 1.023696
v 0.564677 0.847110 1.023696
v 0.385262 0.720907 1.023696
v 0.411929 0.689645 1.023696
v 0.438595 0.720907 1.023696
v 0.411929 0.752170 1.023696
v 0.656039 0.740002 1.023696
v 0.656039 0.785947 1.023696
v 0.636443 0.762975 1.023696
v 0.457027 0.720907 1.023696
v 0.483695 0.689645 1.023696
v 0.510361 0.720907 1.023696
v 0.483695 0.752170 1.023696
v 0.656039 0.824138 1.023696
v 0.656039 0.870083 1.023696
v 0.636443 0.847110 1.023696
v 0.591344 0.731712 1.023696
v 0.618011 0.762975 1.023696
v 0.591344 0.794237 1.023696
v 0.564677 0.762975 1.023696
v 0.447812 0.984119 1.023696
v 0.474478 1.015381 1.023696
v 0.447812 1.046644 1.023696
v 0.421145 1.015381 1.023696
v 0.528794 1.057450 1.023696
v 0.555461 1.026186 1.023696
v 0.582126 1.057450 1.023696
v 0.555461 1.088713 1.023696
v 0.376046 0.899983 1.023696
v 0.402712 0.931246 1.023696
v 0.376046 0.962509 1.023696
v 0.349379 0.931246 1.023696
v 0.600561 1.057450 1.023696
v 0.627227 1.026186 1.023696
v 0.653894 1.057450 1.023696
v 0.627227 1.088713 1.023696
v 0.376046 0.984119 1.023696
v 0.402712 1.015381 1.023696
v 0.376046 1.046644 1.023696
v 0.349379 1.015381 1.023696
v 0.447812 0.899983 1.023696
v 0.474478 0.931246 1.023696
v 0.447812 0.962509 1.023696
v 0.421145 0.931246 1.023696
v 0.591344 0.984119 1.023696
v 0.618011 1.015381 1.023696
v 0.591344 1.046644 1.023696
v 0.564677 1.015381 1.023696
v 0.385262 0.889179 1.023696
v 0.411929 0.857916 1.023696
v 0.438595 0.889179 1.023696
v 0.411929 0.920441 1.023696
v 0.656039 0.908274 1.023696
v 0.656039 0.954218 1.023696
v 0.636443 0.931246 1.023696
v 0.457027 0.889179 1.023696
v 0.483695 0.857916 1.023696
v 0.510361 0.889179 1.023696
v 0.483695 0.920441 1.023696
v 0.656039 0.992409 1.023696
v 0.656039 1.038355 1.023696
v 0.636443 1.015381 1.023696
v 0.591344 0.899983 1.023696
v 0.618011 0.931246 1.023696
v 0.591344 0.962509 1.023696
v 0.564677 0.931246 1.023696
v 0.304280 0.984119 1.023696
v 0.330946 1.015381 1.023696
v 0.304280 1.046644 1.023696
v 0.277613 1.015381 1.023696
v 0.239585 0.954218 1.023696
v 0.239585 0.908274 1.023696
v 0.259180 0.931246 1.023696
v 0.241730 1.057450 1.023696
v 0.268397 1.026186 1.023696
v 0.295063 1.057450 1.023696
v 0.268397 1.088713 1.023696
v 0.519578 0.731712 1.023696
v 0.546244 0.762975 1.023696
v 0.519578 0.794237 1.023696
v 0.492911 0.762975 1.023696
v 0.313496 1.057450 1.023696
v 0.340163 1.026186 1.023696
v 0.366829 1.057450 1.023696
v 0.340163 1.088713 1.023696
v 0.519578 0.815847 1.023696
v 0.546244 0.847110 1.023696
v 0.519578 0.878373 1.023696
v 0.492911 0.847110 1.023696
v 0.304280 0.899983 1.023696
v 0.330946 0.931246 1.023696
v 0.304280 0.962509 1.023696
v 0.277613 0.931246 1.023696
v 0.304280 0.815847 1.023696
v 0.330946 0.847110 1.023696
v 0.304280 0.878373 1.023696
v 0.277613 0.847110 1.023696
v 0.239585 0.785947 1.023696
v 0.239585 0.740002 1.023696
v 0.259180 0.762975 1.023696
v 0.241730 0.889179 1.023696
v 0.268397 0.857916 1.023696
v 0.295063 0.889179 1.023696
v 0.268397 0.920441 1.023696
v 0.519578 0.563440 1.023697
v 0.546244 0.594703 1.023696
v 0.519578 0.625966 1.023696
v 0.492911 0.594703 1.023696
v 0.313496 0.889179 1.023696
v 0.340163 0.857916 1.023696
v 0.366829 0.889179 1.023696
v 0.340163 0.920441 1.023696
v 0.519578 0.647576 1.023696
v 0.546244 0.678839 1.023696
v 0.519578 0.710102 1.023696
v 0.492911 0.678839 1.023696
v 0.304280 0.731712 1.023696
v 0.330946 0.762975 1.023696
v 0.304280 0.794237 1.023696
v 0.277613 0.762975 1.023696
v 0.304280 0.647576 1.023696
v 0.330946 0.678839 1.023696
v 0.304280 0.710102 1.023696
v 0.277613 0.678839 1.023696
v 0.239585 0.617677 1.023696
v 0.239585 0.571731 1.023696
v 0.259180 0.594703 1.023696
v 0.247641 0.559566 1.023697
v 0.289152 0.559566 1.023697
v 0.268397 0.583899 1.023696
v 0.519578 1.068254 1.023696
v 0.546244 1.099517 1.023696
v 0.519578 1.130780 1.023696
v 0.492911 1.099517 1.023696
v 0.319407 0.559566 1.023697
v 0.360918 0.559566 1.023697
v 0.340163 0.583899 1.023696
v 0.519578 1.152390 1.023696
v 0.546244 1.183653 1.023696
v 0.519578 1.214916 1.023696
v 0.492911 1.183653 1.023696
v 0.304280 0.563440 1.023697
v 0.330946 0.594703 1.023696
v 0.304280 0.625966 1.023696
v 0.277613 0.594703 1.023696
v 0.304280 1.152390 1.023696
v 0.330946 1.183653 1.023696
v 0.304280 1.214916 1.023696
v 0.277613 1.183653 1.023696
v 0.239585 1.122489 1.023696
v 0.239585 1.076545 1.023696
v 0.259180 1.099517 1.023696
v 0.528794 0.720907 1.023696
v 0.555461 0.689645 1.023696
v 0.582126 0.720907 1.023696
v 0.555461 0.752170 1.023696
v 0.313496 0.720907 1.023696
v 0.340163 0.689645 1.023696
v 0.366829 0.720907 1.023696
v 0.340163 0.752170 1.023696
v 0.600561 0.720907 1.023696
v 0.627227 0.689645 1.023696
v 0.653894 0.720907 1.023696
v 0.627227 0.752170 1.023696
v 0.385262 1.141584 1.023696
v 0.411929 1.110322 1.023696
v 0.438595 1.141584 1.023696
v 0.411929 1.172848 1.023696
v 0.360918 1.218791 1.023696
v 0.319407 1.218791 1.023696
v 0.340163 1.194459 1.023696
v 0.304280 1.068254 1.023696
v 0.330946 1.099517 1.023696
v 0.304280 1.130780 1.023696
v 0.277613 1.099517 1.023696
v 0.241730 0.720907 1.023696
v 0.268397 0.689645 1.023696
v 0.295063 0.720907 1.023696
v 0.268397 0.752170 1.023696
v 0.663110 0.552636 -1.381553
v 0.663110 1.225719 -1.381553
v 0.232514 1.225719 -1.381552
v 0.232514 0.552636 -1.381552
v 0.663110 0.552636 -1.395988
v 0.663110 1.225719 -1.395989
v 0.232514 1.225719 -1.395989
v 0.232514 0.552636 -1.395988
v 0.721844 0.495077 -1.395988
v 0.721844 1.283279 -1.395989
v 0.173780 1.283279 -1.395989
v 0.173780 0.495077 -1.395988
v 0.663110 0.552636 -1.391526
v 0.663110 1.225719 -1.391526
v 0.232514 1.225719 -1.391526
v 0.232514 0.552636 -1.391526
v 0.663110 0.720905 -1.391526
v 0.663110 0.889178 -1.391526
v 0.663110 1.057450 -1.391526
v 0.232514 1.057450 -1.391526
v 0.232514 0.889178 -1.391526
v 0.232514 0.720905 -1.391526
v 0.519578 0.552636 -1.391526
v 0.376046 0.552636 -1.391526
v 0.376046 1.225719 -1.391526
v 0.519578 1.225719 -1.391526
v 0.376046 0.720905 -1.391526
v 0.519578 0.720905 -1.391526
v 0.376046 0.889178 -1.391526
v 0.519578 0.889178 -1.391526
v 0.376046 1.057450 -1.391526
v 0.519578 1.057450 -1.391526
v 0.663110 1.141583 -1.391526
v 0.232514 0.636772 -1.391526
v 0.304280 0.552636 -1.391526
v 0.591344 1.225719 -1.391526
v 0.663110 0.636772 -1.391526
v 0.663110 0.805041 -1.391526
v 0.663110 0.973314 -1.391526
v 0.232514 1.141583 -1.391526
v 0.232514 0.973314 -1.391526
v 0.232514 0.805041 -1.391526
v 0.591344 0.720905 -1.391526
v 0.591344 0.889178 -1.391526
v 0.591344 1.057450 -1.391526
v 0.591344 0.552636 -1.391526
v 0.447812 0.552636 -1.391526
v 0.304280 1.225719 -1.391526
v 0.447812 1.225719 -1.391526
v 0.304280 0.720905 -1.391526
v 0.447812 0.720905 -1.391526
v 0.304280 0.889178 -1.391526
v 0.447812 0.889178 -1.391526
v 0.304280 1.057450 -1.391526
v 0.447812 1.057450 -1.391526
v 0.376046 0.973314 -1.391526
v 0.519578 0.973314 -1.391526
v 0.376046 0.805041 -1.391526
v 0.519578 0.805041 -1.391526
v 0.376046 0.636772 -1.391526
v 0.519578 0.636772 -1.391526
v 0.376046 1.141583 -1.391526
v 0.519578 1.141583 -1.391526
v 0.447812 1.141583 -1.391526
v 0.304280 1.141583 -1.391526
v 0.447812 0.636772 -1.391526
v 0.304280 0.636772 -1.391526
v 0.447812 0.805041 -1.391526
v 0.304280 0.805041 -1.391526
v 0.447812 0.973314 -1.391526
v 0.304280 0.973314 -1.391526
v 0.591344 0.973314 -1.391526
v 0.591344 0.805041 -1.391526
v 0.591344 0.636772 -1.391526
v 0.591344 1.141583 -1.391526
v 0.627227 1.183653 -1.391526
v 0.627227 0.678838 -1.391526
v 0.627227 0.847110 -1.391526
v 0.627227 1.015380 -1.391526
v 0.340163 1.015380 -1.391526
v 0.483695 1.015380 -1.391526
v 0.340163 0.847110 -1.391526
v 0.483695 0.847110 -1.391526
v 0.340163 0.678838 -1.391526
v 0.483695 0.678838 -1.391526
v 0.340163 1.183653 -1.391526
v 0.483695 1.183653 -1.391526
v 0.483695 1.099517 -1.391526
v 0.411929 1.099517 -1.391526
v 0.411929 1.183653 -1.391526
v 0.340163 1.099517 -1.391526
v 0.268397 1.099517 -1.391526
v 0.268397 1.183653 -1.391526
v 0.483695 0.594703 -1.391526
v 0.411929 0.594703 -1.391526
v 0.411929 0.678838 -1.391526
v 0.340163 0.594703 -1.391526
v 0.268397 0.594703 -1.391526
v 0.268397 0.678838 -1.391526
v 0.483695 0.762975 -1.391526
v 0.411929 0.762975 -1.391526
v 0.411929 0.847110 -1.391526
v 0.340163 0.762975 -1.391526
v 0.268397 0.762975 -1.391526
v 0.268397 0.847110 -1.391526
v 0.483695 0.931245 -1.391526
v 0.411929 0.931245 -1.391526
v 0.411929 1.015380 -1.391526
v 0.340163 0.931245 -1.391526
v 0.268397 0.931245 -1.391526
v 0.268397 1.015380 -1.391526
v 0.627227 0.931245 -1.391526
v 0.555461 0.931245 -1.391526
v 0.555461 1.015380 -1.391526
v 0.627227 0.762975 -1.391526
v 0.555461 0.762975 -1.391526
v 0.555461 0.847110 -1.391526
v 0.627227 0.594703 -1.391526
v 0.555461 0.594703 -1.391526
v 0.555461 0.678838 -1.391526
v 0.627227 1.099517 -1.391526
v 0.555461 1.099517 -1.391526
v 0.555461 1.183653 -1.391526
v 0.606472 1.218790 -1.383338
v 0.647982 1.218790 -1.383338
v 0.627227 1.194457 -1.383338
v 0.656039 1.206624 -1.383338
v 0.656039 1.160679 -1.383338
v 0.636443 1.183653 -1.383338
v 0.582126 1.141583 -1.383338
v 0.555461 1.110321 -1.383338
v 0.528794 1.141583 -1.383338
v 0.555461 1.172846 -1.383338
v 0.653893 1.141583 -1.383338
v 0.627227 1.110320 -1.383338
v 0.600561 1.141583 -1.383338
v 0.627227 1.172846 -1.383338
v 0.656039 0.701810 -1.383338
v 0.656039 0.655867 -1.383338
v 0.636443 0.678838 -1.383338
v 0.582126 0.636772 -1.383338
v 0.555461 0.605509 -1.383338
v 0.528794 0.636772 -1.383338
v 0.555461 0.668034 -1.383338
v 0.653893 0.636772 -1.383338
v 0.627227 0.605509 -1.383338
v 0.600561 0.636772 -1.383338
v 0.627227 0.668034 -1.383338
v 0.656039 0.870082 -1.383338
v 0.656039 0.824137 -1.383338
v 0.636443 0.847110 -1.383338
v 0.582126 0.805041 -1.383338
v 0.555461 0.773779 -1.383338
v 0.528794 0.805041 -1.383338
v 0.555461 0.836304 -1.383338
v 0.653893 0.805041 -1.383338
v 0.627227 0.773779 -1.383338
v 0.600561 0.805041 -1.383338
v 0.627227 0.836304 -1.383338
v 0.656039 1.038354 -1.383338
v 0.656039 0.992409 -1.383338
v 0.636443 1.015380 -1.383338
v 0.582126 0.973314 -1.383338
v 0.555461 0.942052 -1.383338
v 0.528794 0.973314 -1.383338
v 0.555461 1.004575 -1.383338
v 0.653893 0.973314 -1.383338
v 0.627227 0.942052 -1.383338
v 0.600561 0.973314 -1.383338
v 0.627227 1.004575 -1.383338
v 0.295063 0.973314 -1.383338
v 0.268397 0.942052 -1.383338
v 0.241730 0.973314 -1.383338
v 0.268397 1.004575 -1.383338
v 0.366829 0.973314 -1.383338
v 0.340163 0.942052 -1.383338
v 0.313496 0.973314 -1.383338
v 0.340163 1.004575 -1.383338
v 0.438595 0.973314 -1.383338
v 0.411929 0.942052 -1.383338
v 0.385262 0.973314 -1.383338
v 0.411929 1.004575 -1.383338
v 0.510361 0.973314 -1.383338
v 0.483695 0.942052 -1.383338
v 0.457027 0.973314 -1.383338
v 0.483695 1.004575 -1.383338
v 0.295063 0.805041 -1.383338
v 0.268397 0.773779 -1.383338
v 0.241730 0.805041 -1.383338
v 0.268397 0.836304 -1.383338
v 0.366829 0.805041 -1.383338
v 0.340163 0.773779 -1.383338
v 0.313496 0.805041 -1.383338
v 0.340163 0.836304 -1.383338
v 0.438595 0.805041 -1.383338
v 0.411929 0.773779 -1.383338
v 0.385262 0.805041 -1.383338
v 0.411929 0.836304 -1.383338
v 0.510361 0.805041 -1.383338
v 0.483695 0.773779 -1.383338
v 0.457027 0.805041 -1.383338
v 0.483695 0.836304 -1.383338
v 0.295063 0.636772 -1.383338
v 0.268397 0.605509 -1.383338
v 0.241730 0.636772 -1.383338
v 0.268397 0.668034 -1.383338
v 0.366829 0.636772 -1.383338
v 0.340163 0.605509 -1.383338
v 0.313496 0.636772 -1.383338
v 0.340163 0.668034 -1.383338
v 0.438595 0.636772 -1.383338
v 0.411929 0.605509 -1.383338
v 0.385262 0.636772 -1.383338
v 0.411929 0.668034 -1.383338
v 0.510361 0.636772 -1.383338
v 0.483695 0.605509 -1.383338
v 0.457027 0.636772 -1.383338
v 0.483695 0.668034 -1.383338
v 0.319407 1.218790 -1.383338
v 0.360918 1.218790 -1.383338
v 0.340163 1.194458 -1.383338
v 0.295063 1.141583 -1.383338
v 0.268397 1.110321 -1.383338
v 0.241730 1.141583 -1.383338
v 0.268397 1.172846 -1.383338
v 0.366829 1.141583 -1.383338
v 0.340163 1.110321 -1.383338
v 0.313496 1.141583 -1.383338
v 0.340163 1.172846 -1.383338
v 0.462939 1.218790 -1.383338
v 0.504450 1.218790 -1.383338
v 0.483695 1.194457 -1.383338
v 0.438595 1.141583 -1.383338
v 0.411929 1.110320 -1.383338
v 0.385262 1.141583 -1.383338
v 0.411929 1.172846 -1.383338
v 0.447812 1.152389 -1.383338
v 0.421145 1.183653 -1.383338
v 0.447812 1.214916 -1.383338
v 0.474478 1.183653 -1.383338
v 0.376046 0.899982 -1.383338
v 0.349379 0.931245 -1.383338
v 0.376046 0.962509 -1.383338
v 0.402712 0.931245 -1.383338
v 0.519578 1.068254 -1.383338
v 0.492911 1.099517 -1.383338
v 0.519578 1.130779 -1.383338
v 0.546244 1.099517 -1.383338
v 0.376046 0.984119 -1.383338
v 0.349379 1.015380 -1.383338
v 0.376046 1.046643 -1.383338
v 0.402712 1.015380 -1.383338
v 0.519578 1.152389 -1.383338
v 0.492911 1.183653 -1.383338
v 0.519578 1.214916 -1.383338
v 0.546244 1.183653 -1.383338
v 0.391173 1.218790 -1.383338
v 0.432684 1.218790 -1.383338
v 0.411929 1.194457 -1.383338
v 0.447812 1.068254 -1.383338
v 0.421145 1.099517 -1.383338
v 0.447812 1.130779 -1.383338
v 0.474478 1.099517 -1.383338
v 0.304280 1.152389 -1.383338
v 0.277613 1.183653 -1.383338
v 0.304280 1.214916 -1.383338
v 0.330946 1.183653 -1.383338
v 0.510361 1.057450 -1.383338
v 0.483695 1.026185 -1.383338
v 0.457027 1.057450 -1.383338
v 0.483695 1.088712 -1.383338
v 0.239585 1.076545 -1.383338
v 0.239585 1.122488 -1.383338
v 0.259180 1.099517 -1.383338
v 0.438595 1.057450 -1.383338
v 0.411929 1.026185 -1.383338
v 0.385262 1.057450 -1.383338
v 0.411929 1.088712 -1.383338
v 0.239585 1.160679 -1.383338
v 0.239585 1.206624 -1.383338
v 0.259180 1.183653 -1.383338
v 0.247641 1.218790 -1.383338
v 0.289152 1.218790 -1.383338
v 0.268397 1.194458 -1.383338
v 0.304280 1.068254 -1.383338
v 0.277613 1.099517 -1.383338
v 0.304280 1.130779 -1.383338
v 0.330946 1.099517 -1.383338
v 0.447812 0.647576 -1.383338
v 0.421145 0.678838 -1.383338
v 0.447812 0.710101 -1.383338
v 0.474478 0.678838 -1.383338
v 0.504450 0.559566 -1.383338
v 0.462939 0.559566 -1.383338
v 0.483695 0.583899 -1.383338
v 0.519578 0.563441 -1.383338
v 0.492911 0.594703 -1.383338
v 0.519578 0.625966 -1.383338
v 0.546244 0.594703 -1.383338
v 0.432684 0.559566 -1.383338
v 0.391173 0.559566 -1.383338
v 0.411929 0.583899 -1.383338
v 0.519578 0.647576 -1.383338
v 0.492911 0.678838 -1.383338
v 0.519578 0.710101 -1.383338
v 0.546244 0.678838 -1.383338
v 0.447812 0.563440 -1.383338
v 0.421145 0.594703 -1.383338
v 0.447812 0.625966 -1.383338
v 0.474478 0.594703 -1.383338
v 0.304280 0.647576 -1.383338
v 0.277613 0.678838 -1.383338
v 0.304280 0.710101 -1.383338
v 0.330946 0.678838 -1.383338
v 0.360918 0.559566 -1.383338
v 0.319407 0.559566 -1.383338
v 0.340163 0.583899 -1.383338
v 0.239585 0.571731 -1.383338
v 0.239585 0.617676 -1.383338
v 0.259180 0.594703 -1.383338
v 0.289152 0.559566 -1.383338
v 0.247641 0.559566 -1.383338
v 0.268397 0.583899 -1.383338
v 0.239585 0.655867 -1.383338
v 0.239585 0.701810 -1.383338
v 0.259180 0.678838 -1.383338
v 0.304280 0.563441 -1.383338
v 0.277613 0.594703 -1.383338
v 0.304280 0.625966 -1.383338
v 0.330946 0.594703 -1.383338
v 0.447812 0.815846 -1.383338
v 0.421145 0.847110 -1.383338
v 0.447812 0.878373 -1.383338
v 0.474478 0.847110 -1.383338
v 0.366829 0.889178 -1.383338
v 0.340163 0.857916 -1.383338
v 0.313496 0.889178 -1.383338
v 0.340163 0.920439 -1.383338
v 0.519578 0.731712 -1.383338
v 0.492911 0.762975 -1.383338
v 0.519578 0.794236 -1.383338
v 0.546244 0.762975 -1.383338
v 0.295063 0.889178 -1.383338
v 0.268397 0.857916 -1.383338
v 0.241730 0.889178 -1.383338
v 0.268397 0.920439 -1.383338
v 0.519578 0.815846 -1.383338
v 0.492911 0.847110 -1.383338
v 0.519578 0.878373 -1.383338
v 0.546244 0.847110 -1.383338
v 0.447812 0.731712 -1.383338
v 0.421145 0.762975 -1.383338
v 0.447812 0.794236 -1.383338
v 0.474478 0.762975 -1.383338
v 0.304280 0.815846 -1.383338
v 0.277613 0.847110 -1.383338
v 0.304280 0.878373 -1.383338
v 0.330946 0.847110 -1.383338
v 0.510361 0.720905 -1.383338
v 0.483695 0.689644 -1.383338
v 0.457027 0.720905 -1.383338
v 0.483695 0.752170 -1.383338
v 0.239585 0.740001 -1.383338
v 0.239585 0.785946 -1.383338
v 0.259180 0.762975 -1.383338
v 0.438595 0.720905 -1.383338
v 0.411929 0.689644 -1.383338
v 0.385262 0.720905 -1.383338
v 0.411929 0.752170 -1.383338
v 0.239585 0.824137 -1.383338
v 0.239585 0.870082 -1.383338
v 0.259180 0.847110 -1.383338
v 0.304280 0.731712 -1.383338
v 0.277613 0.762975 -1.383338
v 0.304280 0.794236 -1.383338
v 0.330946 0.762975 -1.383338
v 0.447812 0.984119 -1.383338
v 0.421145 1.015380 -1.383338
v 0.447812 1.046643 -1.383338
v 0.474478 1.015380 -1.383338
v 0.366829 1.057450 -1.383338
v 0.340163 1.026185 -1.383338
v 0.313496 1.057450 -1.383338
v 0.340163 1.088712 -1.383338
v 0.519578 0.899982 -1.383338
v 0.492911 0.931245 -1.383338
v 0.519578 0.962509 -1.383338
v 0.546244 0.931245 -1.383338
v 0.295063 1.057450 -1.383338
v 0.268397 1.026185 -1.383338
v 0.241730 1.057450 -1.383338
v 0.268397 1.088712 -1.383338
v 0.519578 0.984119 -1.383338
v 0.492911 1.015380 -1.383338
v 0.519578 1.046643 -1.383338
v 0.546244 1.015380 -1.383338
v 0.447812 0.899982 -1.383338
v 0.421145 0.931245 -1.383338
v 0.447812 0.962509 -1.383338
v 0.474478 0.931245 -1.383338
v 0.304280 0.984119 -1.383338
v 0.277613 1.015380 -1.383338
v 0.304280 1.046643 -1.383338
v 0.330946 1.015380 -1.383338
v 0.510361 0.889178 -1.383338
v 0.483695 0.857916 -1.383338
v 0.457027 0.889178 -1.383338
v 0.483695 0.920439 -1.383338
v 0.239585 0.908273 -1.383338
v 0.239585 0.954218 -1.383338
v 0.259180 0.931245 -1.383338
v 0.438595 0.889178 -1.383338
v 0.411929 0.857916 -1.383338
v 0.385262 0.889178 -1.383338
v 0.411929 0.920439 -1.383338
v 0.239585 0.992409 -1.383338
v 0.239585 1.038354 -1.383338
v 0.259180 1.015380 -1.383338
v 0.304280 0.899982 -1.383338
v 0.277613 0.931245 -1.383338
v 0.304280 0.962509 -1.383338
v 0.330946 0.931245 -1.383338
v 0.591344 0.984119 -1.383338
v 0.564677 1.015380 -1.383338
v 0.591344 1.046643 -1.383338
v 0.618010 1.015380 -1.383338
v 0.656039 0.954218 -1.383338
v 0.656039 0.908273 -1.383338
v 0.636443 0.931245 -1.383338
v 0.653893 1.057450 -1.383338
v 0.627227 1.026185 -1.383338
v 0.600561 1.057450 -1.383338
v 0.627227 1.088712 -1.383338
v 0.376046 0.731712 -1.383338
v 0.349379 0.762975 -1.383338
v 0.376046 0.794236 -1.383338
v 0.402712 0.762975 -1.383338
v 0.582126 1.057450 -1.383338
v 0.555461 1.026185 -1.383338
v 0.528794 1.057450 -1.383338
v 0.555461 1.088712 -1.383338
v 0.376046 0.815846 -1.383338
v 0.349379 0.847110 -1.383338
v 0.376046 0.878373 -1.383338
v 0.402712 0.847110 -1.383338
v 0.591344 0.899982 -1.383338
v 0.564677 0.931245 -1.383338
v 0.591344 0.962509 -1.383338
v 0.618010 0.931245 -1.383338
v 0.591344 0.815846 -1.383338
v 0.564677 0.847110 -1.383338
v 0.591344 0.878373 -1.383338
v 0.618010 0.847110 -1.383338
v 0.656039 0.785946 -1.383338
v 0.656039 0.740001 -1.383338
v 0.636443 0.762975 -1.383338
v 0.653893 0.889178 -1.383338
v 0.627227 0.857916 -1.383338
v 0.600561 0.889178 -1.383338
v 0.627227 0.920439 -1.383338
v 0.376046 0.563440 -1.383338
v 0.349379 0.594703 -1.383338
v 0.376046 0.625966 -1.383338
v 0.402712 0.594703 -1.383338
v 0.582126 0.889178 -1.383338
v 0.555461 0.857916 -1.383338
v 0.528794 0.889178 -1.383338
v 0.555461 0.920439 -1.383338
v 0.376046 0.647576 -1.383338
v 0.349379 0.678838 -1.383338
v 0.376046 0.710101 -1.383338
v 0.402712 0.678838 -1.383338
v 0.591344 0.731712 -1.383338
v 0.564677 0.762975 -1.383338
v 0.591344 0.794236 -1.383338
v 0.618010 0.762975 -1.383338
v 0.591344 0.647576 -1.383338
v 0.564677 0.678838 -1.383338
v 0.591344 0.710101 -1.383338
v 0.618010 0.678838 -1.383338
v 0.656039 0.617676 -1.383338
v 0.656039 0.571731 -1.383338
v 0.636443 0.594703 -1.383338
v 0.647982 0.559566 -1.383338
v 0.606471 0.559566 -1.383338
v 0.627227 0.583899 -1.383338
v 0.376046 1.068254 -1.383338
v 0.349379 1.099517 -1.383338
v 0.376046 1.130779 -1.383338
v 0.402712 1.099517 -1.383338
v 0.576216 0.559566 -1.383338
v 0.534705 0.559566 -1.383338
v 0.555461 0.583899 -1.383338
v 0.376046 1.152389 -1.383338
v 0.349379 1.183653 -1.383338
v 0.376046 1.214916 -1.383338
v 0.402712 1.183653 -1.383338
v 0.591344 0.563440 -1.383338
v 0.564677 0.594703 -1.383338
v 0.591344 0.625966 -1.383338
v 0.618010 0.594703 -1.383338
v 0.591344 1.152389 -1.383338
v 0.564677 1.183653 -1.383338
v 0.591344 1.214916 -1.383338
v 0.618010 1.183653 -1.383338
v 0.656039 1.122488 -1.383338
v 0.656039 1.076545 -1.383338
v 0.636443 1.099517 -1.383338
v 0.366829 0.720905 -1.383338
v 0.340163 0.689644 -1.383338
v 0.313496 0.720905 -1.383338
v 0.340163 0.752170 -1.383338
v 0.582126 0.720905 -1.383338
v 0.555461 0.689644 -1.383338
v 0.528794 0.720905 -1.383338
v 0.555461 0.752170 -1.383338
v 0.295063 0.720905 -1.383338
v 0.268397 0.689644 -1.383338
v 0.241730 0.720905 -1.383338
v 0.268397 0.752170 -1.383338
v 0.510361 1.141583 -1.383338
v 0.483695 1.110320 -1.383338
v 0.457027 1.141583 -1.383338
v 0.483695 1.172846 -1.383338
v 0.534705 1.218790 -1.383338
v 0.576216 1.218790 -1.383338
v 0.555461 1.194458 -1.383338
v 0.591344 1.068254 -1.383338
v 0.564677 1.099517 -1.383338
v 0.591344 1.130779 -1.383338
v 0.618010 1.099517 -1.383338
v 0.653893 0.720905 -1.383338
v 0.627227 0.689644 -1.383338
v 0.600561 0.720905 -1.383338
v 0.627227 0.752170 -1.383338
v 1.107928 0.922073 -0.047729
v 1.107928 1.374111 -0.047729
v 1.107928 1.374111 -0.336913
v 1.107928 0.922073 -0.336913
v 1.117623 0.922073 -0.047729
v 1.117623 1.374111 -0.047729
v 1.117623 1.374111 -0.336913
v 1.117623 0.922073 -0.336913
v 1.117623 0.883417 -0.008284
v 1.117623 1.412768 -0.008284
v 1.117623 1.412768 -0.376359
v 1.117623 0.883417 -0.376359
v 1.114626 0.922073 -0.047729
v 1.114626 1.374111 -0.047729
v 1.114626 1.374111 -0.336913
v 1.114626 0.922073 -0.336913
v 1.114626 1.035083 -0.047729
v 1.114626 1.148092 -0.047729
v 1.114626 1.261102 -0.047729
v 1.114626 1.261102 -0.336913
v 1.114626 1.148092 -0.336913
v 1.114626 1.035083 -0.336913
v 1.114626 0.922073 -0.144124
v 1.114626 0.922073 -0.240519
v 1.114626 1.374111 -0.240519
v 1.114626 1.374111 -0.144124
v 1.114626 1.035083 -0.240519
v 1.114626 1.035083 -0.144124
v 1.114626 1.148092 -0.240519
v 1.114626 1.148092 -0.144124
v 1.114626 1.261102 -0.240519
v 1.114626 1.261102 -0.144124
v 1.114626 1.317606 -0.047729
v 1.114626 0.978578 -0.336913
v 1.114626 0.922073 -0.288716
v 1.114626 1.374111 -0.095926
v 1.114626 0.978578 -0.047729
v 1.114626 1.091588 -0.047729
v 1.114626 1.204597 -0.047729
v 1.114626 1.317606 -0.336913
v 1.114626 1.204597 -0.336913
v 1.114626 1.091588 -0.336913
v 1.114626 1.035083 -0.095926
v 1.114626 1.148092 -0.095926
v 1.114626 1.261102 -0.095926
v 1.114626 0.922073 -0.095926
v 1.114626 0.922073 -0.192322
v 1.114626 1.374111 -0.288716
v 1.114626 1.374111 -0.192322
v 1.114626 1.035083 -0.288716
v 1.114626 1.035083 -0.192322
v 1.114626 1.148092 -0.288716
v 1.114626 1.148092 -0.192322
v 1.114626 1.261102 -0.288716
v 1.114626 1.261102 -0.192322
v 1.114626 1.204597 -0.240519
v 1.114626 1.204597 -0.144124
v 1.114626 1.091588 -0.240519
v 1.114626 1.091588 -0.144124
v 1.114626 0.978578 -0.240519
v 1.114626 0.978578 -0.144124
v 1.114626 1.317606 -0.240519
v 1.114626 1.317606 -0.144124
v 1.114626 1.317606 -0.192322
v 1.114626 1.317606 -0.288716
v 1.114626 0.978578 -0.192322
v 1.114626 0.978578 -0.288716
v 1.114626 1.091588 -0.192322
v 1.114626 1.091588 -0.288716
v 1.114626 1.204597 -0.192322
v 1.114626 1.204597 -0.288716
v 1.114626 1.204597 -0.095926
v 1.114626 1.091588 -0.095926
v 1.114626 0.978578 -0.095926
v 1.114626 1.317606 -0.095926
v 1.114626 1.345859 -0.071828
v 1.114626 1.006831 -0.071828
v 1.114626 1.119840 -0.071828
v 1.114626 1.232850 -0.071828
v 1.114626 1.232850 -0.264618
v 1.114626 1.232850 -0.168223
v 1.114626 1.119840 -0.264618
v 1.114626 1.119840 -0.168223
v 1.114626 1.006831 -0.264618
v 1.114626 1.006831 -0.168223
v 1.114626 1.345859 -0.264618
v 1.114626 1.345859 -0.168223
v 1.114626 1.289354 -0.168223
v 1.114626 1.289354 -0.216419
v 1.114626 1.345859 -0.216419
v 1.114626 1.289354 -0.264618
v 1.114626 1.289354 -0.312815
v 1.114626 1.345859 -0.312815
v 1.114626 0.950326 -0.168223
v 1.114626 0.950326 -0.216419
v 1.114626 1.006831 -0.216419
v 1.114626 0.950326 -0.264618
v 1.114626 0.950326 -0.312815
v 1.114626 1.006831 -0.312815
v 1.114626 1.063335 -0.168223
v 1.114626 1.063335 -0.216419
v 1.114626 1.119840 -0.216419
v 1.114626 1.063335 -0.264618
v 1.114626 1.063335 -0.312815
v 1.114626 1.119840 -0.312815
v 1.114626 1.176344 -0.168223
v 1.114626 1.176344 -0.216419
v 1.114626 1.232850 -0.216419
v 1.114626 1.176344 -0.264618
v 1.114626 1.176344 -0.312815
v 1.114626 1.232850 -0.312815
v 1.114626 1.176344 -0.071828
v 1.114626 1.176344 -0.120025
v 1.114626 1.232850 -0.120025
v 1.114626 1.063335 -0.071828
v 1.114626 1.063335 -0.120025
v 1.114626 1.119840 -0.120025
v 1.114626 0.950326 -0.071828
v 1.114626 0.950326 -0.120025
v 1.114626 1.006831 -0.120025
v 1.114626 1.289354 -0.071828
v 1.114626 1.289354 -0.120025
v 1.114626 1.345859 -0.120025
v 1.109127 1.369457 -0.085767
v 1.109127 1.369457 -0.057889
v 1.109127 1.353115 -0.071828
v 1.109127 1.361287 -0.052478
v 1.109127 1.330430 -0.052478
v 1.109127 1.345859 -0.065638
v 1.109127 1.317606 -0.102117
v 1.109127 1.296611 -0.120025
v 1.109127 1.317606 -0.137934
v 1.109127 1.338603 -0.120025
v 1.109127 1.317606 -0.053919
v 1.109127 1.296611 -0.071828
v 1.109127 1.317606 -0.089736
v 1.109127 1.338603 -0.071828
v 1.109127 1.022259 -0.052478
v 1.109127 0.991402 -0.052478
v 1.109127 1.006831 -0.065638
v 1.109127 0.978578 -0.102117
v 1.109127 0.957582 -0.120025
v 1.109127 0.978578 -0.137934
v 1.109127 0.999574 -0.120025
v 1.109127 0.978578 -0.053919
v 1.109127 0.957582 -0.071828
v 1.109127 0.978578 -0.089736
v 1.109127 0.999574 -0.071828
v 1.109127 1.135267 -0.052478
v 1.109127 1.104411 -0.052478
v 1.109127 1.119840 -0.065638
v 1.109127 1.091588 -0.102117
v 1.109127 1.070591 -0.120025
v 1.109127 1.091588 -0.137934
v 1.109127 1.112583 -0.120025
v 1.109127 1.091588 -0.053919
v 1.109127 1.070591 -0.071828
v 1.109127 1.091588 -0.089736
v 1.109127 1.112583 -0.071828
v 1.109127 1.248277 -0.052478
v 1.109127 1.217421 -0.052478
v 1.109127 1.232850 -0.065638
v 1.109127 1.204597 -0.102117
v 1.109127 1.183601 -0.120025
v 1.109127 1.204597 -0.137934
v 1.109127 1.225593 -0.120025
v 1.109127 1.204597 -0.053919
v 1.109127 1.183601 -0.071828
v 1.109127 1.204597 -0.089736
v 1.109127 1.225593 -0.071828
v 1.109127 1.204597 -0.294906
v 1.109127 1.183601 -0.312815
v 1.109127 1.204597 -0.330724
v 1.109127 1.225593 -0.312815
v 1.109127 1.204597 -0.246709
v 1.109127 1.183601 -0.264618
v 1.109127 1.204597 -0.282527
v 1.109127 1.225593 -0.264618
v 1.109127 1.204597 -0.198510
v 1.109127 1.183601 -0.216419
v 1.109127 1.204597 -0.234328
v 1.109127 1.225593 -0.216419
v 1.109127 1.204597 -0.150313
v 1.109127 1.183601 -0.168223
v 1.109127 1.204597 -0.186132
v 1.109127 1.225593 -0.168223
v 1.109127 1.091588 -0.294906
v 1.109127 1.070591 -0.312815
v 1.109127 1.091588 -0.330724
v 1.109127 1.112583 -0.312815
v 1.109127 1.091588 -0.246709
v 1.109127 1.070591 -0.264618
v 1.109127 1.091588 -0.282527
v 1.109127 1.112583 -0.264618
v 1.109127 1.091588 -0.198510
v 1.109127 1.070591 -0.216419
v 1.109127 1.091588 -0.234328
v 1.109127 1.112583 -0.216419
v 1.109127 1.091588 -0.150313
v 1.109127 1.070591 -0.168223
v 1.109127 1.091588 -0.186132
v 1.109127 1.112583 -0.168223
v 1.109127 0.978578 -0.294906
v 1.109127 0.957582 -0.312815
v 1.109127 0.978578 -0.330724
v 1.109127 0.999574 -0.312815
v 1.109127 0.978578 -0.246709
v 1.109127 0.957582 -0.264618
v 1.109127 0.978578 -0.282527
v 1.109127 0.999574 -0.264618
v 1.109127 0.978578 -0.198510
v 1.109127 0.957582 -0.216419
v 1.109127 0.978578 -0.234328
v 1.109127 0.999574 -0.216419
v 1.109127 0.978578 -0.150313
v 1.109127 0.957582 -0.168223
v 1.109127 0.978578 -0.186132
v 1.109127 0.999574 -0.168223
v 1.109127 1.369457 -0.278557
v 1.109127 1.369457 -0.250679
v 1.109127 1.353115 -0.264618
v 1.109127 1.317606 -0.294906
v 1.109127 1.296611 -0.312815
v 1.109127 1.317606 -0.330724
v 1.109127 1.338603 -0.312815
v 1.109127 1.317606 -0.246709
v 1.109127 1.296611 -0.264618
v 1.109127 1.317606 -0.282527
v 1.109127 1.338603 -0.264618
v 1.109127 1.369457 -0.182161
v 1.109127 1.369457 -0.154284
v 1.109127 1.353115 -0.168223
v 1.109127 1.317606 -0.198510
v 1.109127 1.296611 -0.216419
v 1.109127 1.317606 -0.234328
v 1.109127 1.338603 -0.216419
v 1.109127 1.324863 -0.192322
v 1.109127 1.345859 -0.210231
v 1.109127 1.366854 -0.192322
v 1.109127 1.345859 -0.174413
v 1.109127 1.155349 -0.240519
v 1.109127 1.176344 -0.258428
v 1.109127 1.197341 -0.240519
v 1.109127 1.176344 -0.222610
v 1.109127 1.268358 -0.144124
v 1.109127 1.289354 -0.162032
v 1.109127 1.310350 -0.144124
v 1.109127 1.289354 -0.126215
v 1.109127 1.211853 -0.240519
v 1.109127 1.232850 -0.258428
v 1.109127 1.253844 -0.240519
v 1.109127 1.232850 -0.222610
v 1.109127 1.324863 -0.144124
v 1.109127 1.345859 -0.162032
v 1.109127 1.366854 -0.144124
v 1.109127 1.345859 -0.126215
v 1.109127 1.369457 -0.230360
v 1.109127 1.369457 -0.202480
v 1.109127 1.353115 -0.216419
v 1.109127 1.268358 -0.192322
v 1.109127 1.289354 -0.210231
v 1.109127 1.310350 -0.192322
v 1.109127 1.289354 -0.174413
v 1.109127 1.324863 -0.288716
v 1.109127 1.345859 -0.306625
v 1.109127 1.366854 -0.288716
v 1.109127 1.345859 -0.270807
v 1.109127 1.261102 -0.150313
v 1.109127 1.240106 -0.168223
v 1.109127 1.261102 -0.186132
v 1.109127 1.282098 -0.168223
v 1.109127 1.273926 -0.332165
v 1.109127 1.304782 -0.332165
v 1.109127 1.289354 -0.319005
v 1.109127 1.261102 -0.198510
v 1.109127 1.240106 -0.216419
v 1.109127 1.261102 -0.234328
v 1.109127 1.282098 -0.216419
v 1.109127 1.330430 -0.332165
v 1.109127 1.361287 -0.332165
v 1.109127 1.345859 -0.319005
v 1.109127 1.369457 -0.326755
v 1.109127 1.369457 -0.298876
v 1.109127 1.353115 -0.312815
v 1.109127 1.268358 -0.288716
v 1.109127 1.289354 -0.306625
v 1.109127 1.310350 -0.288716
v 1.109127 1.289354 -0.270807
v 1.109127 0.985835 -0.192322
v 1.109127 1.006831 -0.210231
v 1.109127 1.027826 -0.192322
v 1.109127 1.006831 -0.174413
v 1.109127 0.926728 -0.154284
v 1.109127 0.926728 -0.182161
v 1.109127 0.943069 -0.168223
v 1.109127 0.929330 -0.144124
v 1.109127 0.950326 -0.162032
v 1.109127 0.971321 -0.144124
v 1.109127 0.950326 -0.126215
v 1.109127 0.926728 -0.202480
v 1.109127 0.926728 -0.230359
v 1.109127 0.943069 -0.216419
v 1.109127 0.985835 -0.144124
v 1.109127 1.006831 -0.162032
v 1.109127 1.027826 -0.144124
v 1.109127 1.006831 -0.126215
v 1.109127 0.929330 -0.192322
v 1.109127 0.950326 -0.210231
v 1.109127 0.971321 -0.192322
v 1.109127 0.950326 -0.174413
v 1.109127 0.985835 -0.288716
v 1.109127 1.006831 -0.306625
v 1.109127 1.027826 -0.288716
v 1.109127 1.006831 -0.270807
v 1.109127 0.926728 -0.250679
v 1.109127 0.926728 -0.278557
v 1.109127 0.943069 -0.264618
v 1.109127 0.934897 -0.332165
v 1.109127 0.965754 -0.332165
v 1.109127 0.950326 -0.319005
v 1.109127 0.926728 -0.298876
v 1.109127 0.926728 -0.326755
v 1.109127 0.943069 -0.312815
v 1.109127 0.991402 -0.332165
v 1.109127 1.022259 -0.332165
v 1.109127 1.006831 -0.319005
v 1.109127 0.929330 -0.288716
v 1.109127 0.950326 -0.306625
v 1.109127 0.971321 -0.288716
v 1.109127 0.950326 -0.270807
v 1.109127 1.098844 -0.192322
v 1.109127 1.119840 -0.210231
v 1.109127 1.140836 -0.192322
v 1.109127 1.119840 -0.174413
v 1.109127 1.148092 -0.246709
v 1.109127 1.127097 -0.264618
v 1.109127 1.148092 -0.282527
v 1.109127 1.169088 -0.264618
v 1.109127 1.042340 -0.144124
v 1.109127 1.063335 -0.162032
v 1.109127 1.084331 -0.144124
v 1.109127 1.063335 -0.126215
v 1.109127 1.148092 -0.294906
v 1.109127 1.127097 -0.312815
v 1.109127 1.148092 -0.330724
v 1.109127 1.169088 -0.312815
v 1.109127 1.098844 -0.144124
v 1.109127 1.119840 -0.162032
v 1.109127 1.140836 -0.144124
v 1.109127 1.119840 -0.126215
v 1.109127 1.042340 -0.192322
v 1.109127 1.063335 -0.210231
v 1.109127 1.084331 -0.192322
v 1.109127 1.063335 -0.174413
v 1.109127 1.098844 -0.288716
v 1.109127 1.119840 -0.306625
v 1.109127 1.140836 -0.288716
v 1.109127 1.119840 -0.270807
v 1.109127 1.035083 -0.150313
v 1.109127 1.014087 -0.168223
v 1.109127 1.035083 -0.186132
v 1.109127 1.056079 -0.168223
v 1.109127 1.047907 -0.332165
v 1.109127 1.078764 -0.332165
v 1.109127 1.063335 -0.319005
v 1.109127 1.035083 -0.198510
v 1.109127 1.014087 -0.216419
v 1.109127 1.035083 -0.234328
v 1.109127 1.056079 -0.216419
v 1.109127 1.104411 -0.332165
v 1.109127 1.135267 -0.332165
v 1.109127 1.119840 -0.319005
v 1.109127 1.042340 -0.288716
v 1.109127 1.063335 -0.306625
v 1.109127 1.084331 -0.288716
v 1.109127 1.063335 -0.270807
v 1.109127 1.211853 -0.192322
v 1.109127 1.232850 -0.210231
v 1.109127 1.253844 -0.192322
v 1.109127 1.232850 -0.174413
v 1.109127 1.261102 -0.246709
v 1.109127 1.240106 -0.264618
v 1.109127 1.261102 -0.282527
v 1.109127 1.282098 -0.264618
v 1.109127 1.155349 -0.144124
v 1.109127 1.176344 -0.162032
v 1.109127 1.197341 -0.144124
v 1.109127 1.176344 -0.126215
v 1.109127 1.261102 -0.294906
v 1.109127 1.240106 -0.312815
v 1.109127 1.261102 -0.330724
v 1.109127 1.282098 -0.312815
v 1.109127 1.211853 -0.144124
v 1.109127 1.232850 -0.162032
v 1.109127 1.253844 -0.144124
v 1.109127 1.232850 -0.126215
v 1.109127 1.155349 -0.192322
v 1.109127 1.176344 -0.210231
v 1.109127 1.197341 -0.192322
v 1.109127 1.176344 -0.174413
v 1.109127 1.211853 -0.288716
v 1.109127 1.232850 -0.306625
v 1.109127 1.253844 -0.288716
v 1.109127 1.232850 -0.270807
v 1.109127 1.148092 -0.150313
v 1.109127 1.127097 -0.168223
v 1.109127 1.148092 -0.186132
v 1.109127 1.169088 -0.168223
v 1.109127 1.160916 -0.332165
v 1.109127 1.191773 -0.332165
v 1.109127 1.176344 -0.319005
v 1.109127 1.148092 -0.198510
v 1.109127 1.127097 -0.216419
v 1.109127 1.148092 -0.234328
v 1.109127 1.169088 -0.216419
v 1.109127 1.217421 -0.332165
v 1.109127 1.248277 -0.332165
v 1.109127 1.232850 -0.319005
v 1.109127 1.155349 -0.288716
v 1.109127 1.176344 -0.306625
v 1.109127 1.197341 -0.288716
v 1.109127 1.176344 -0.270807
v 1.109127 1.211853 -0.095926
v 1.109127 1.232850 -0.113835
v 1.109127 1.253844 -0.095926
v 1.109127 1.232850 -0.078017
v 1.109127 1.191773 -0.052478
v 1.109127 1.160916 -0.052478
v 1.109127 1.176344 -0.065638
v 1.109127 1.261102 -0.053919
v 1.109127 1.240106 -0.071828
v 1.109127 1.261102 -0.089736
v 1.109127 1.282098 -0.071828
v 1.109127 1.042340 -0.240519
v 1.109127 1.063335 -0.258428
v 1.109127 1.084331 -0.240519
v 1.109127 1.063335 -0.222610
v 1.109127 1.261102 -0.102117
v 1.109127 1.240106 -0.120025
v 1.109127 1.261102 -0.137934
v 1.109127 1.282098 -0.120025
v 1.109127 1.098844 -0.240519
v 1.109127 1.119840 -0.258428
v 1.109127 1.140836 -0.240519
v 1.109127 1.119840 -0.222610
v 1.109127 1.155349 -0.095926
v 1.109127 1.176344 -0.113835
v 1.109127 1.197341 -0.095926
v 1.109127 1.176344 -0.078017
v 1.109127 1.098844 -0.095926
v 1.109127 1.119840 -0.113835
v 1.109127 1.140836 -0.095926
v 1.109127 1.119840 -0.078017
v 1.109127 1.078764 -0.052478
v 1.109127 1.047907 -0.052478
v 1.109127 1.063335 -0.065638
v 1.109127 1.148092 -0.053919
v 1.109127 1.127097 -0.071828
v 1.109127 1.148092 -0.089736
v 1.109127 1.169088 -0.071828
v 1.109127 0.929330 -0.240519
v 1.109127 0.950326 -0.258428
v 1.109127 0.971321 -0.240519
v 1.109127 0.950326 -0.222610
v 1.109127 1.148092 -0.102117
v 1.109127 1.127097 -0.120025
v 1.109127 1.148092 -0.137934
v 1.109127 1.169088 -0.120025
v 1.109127 0.985835 -0.240519
v 1.109127 1.006831 -0.258428
v 1.109127 1.027826 -0.240519
v 1.109127 1.006831 -0.222610
v 1.109127 1.042340 -0.095926
v 1.109127 1.063335 -0.113835
v 1.109127 1.084331 -0.095926
v 1.109127 1.063335 -0.078017
v 1.109127 0.985835 -0.095926
v 1.109127 1.006831 -0.113835
v 1.109127 1.027826 -0.095926
v 1.109127 1.006831 -0.078017
v 1.109127 0.965754 -0.052478
v 1.109127 0.934897 -0.052478
v 1.109127 0.950326 -0.065638
v 1.109127 0.926728 -0.057889
v 1.109127 0.926728 -0.085767
v 1.109127 0.943069 -0.071828
v 1.109127 1.268358 -0.240519
v 1.109127 1.289354 -0.258428
v 1.109127 1.310350 -0.240519
v 1.109127 1.289354 -0.222610
v 1.109127 0.926728 -0.106086
v 1.109127 0.926728 -0.133965
v 1.109127 0.943069 -0.120025
v 1.109127 1.324863 -0.240519
v 1.109127 1.345859 -0.258428
v 1.109127 1.366854 -0.240519
v 1.109127 1.345859 -0.222610
v 1.109127 0.929330 -0.095926
v 1.109127 0.950326 -0.113835
v 1.109127 0.971321 -0.095926
v 1.109127 0.950326 -0.078017
v 1.109127 1.324863 -0.095926
v 1.109127 1.345859 -0.113835
v 1.109127 1.366854 -0.095926
v 1.109127 1.345859 -0.078017
v 1.109127 1.304782 -0.052478
v 1.109127 1.273926 -0.052478
v 1.109127 1.289354 -0.065638
v 1.109127 1.035083 -0.246709
v 1.109127 1.014087 -0.264618
v 1.109127 1.035083 -0.282527
v 1.109127 1.056079 -0.264618
v 1.109127 1.035083 -0.102117
v 1.109127 1.014087 -0.120025
v 1.109127 1.035083 -0.137934
v 1.109127 1.056079 -0.120025
v 1.109127 1.035083 -0.294906
v 1.109127 1.014087 -0.312815
v 1.109127 1.035083 -0.330724
v 1.109127 1.056079 -0.312815
v 1.109127 1.317606 -0.150313
v 1.109127 1.296611 -0.168223
v 1.109127 1.317606 -0.186132
v 1.109127 1.338603 -0.168223
v 1.109127 1.369457 -0.133965
v 1.109127 1.369457 -0.106086
v 1.109127 1.353115 -0.120025
v 1.109127 1.268358 -0.095926
v 1.109127 1.289354 -0.113835
v 1.109127 1.310350 -0.095926
v 1.109127 1.289354 -0.078017
v 1.109127 1.035083 -0.053919
v 1.109127 1.014087 -0.071828
v 1.109127 1.035083 -0.089736
v 1.109127 1.056079 -0.071828
v 0.325363 2.037616 -0.047729
v 0.325363 2.489654 -0.047729
v 0.325363 2.489654 -0.336914
v 0.325363 2.037616 -0.336914
v 0.335058 2.037616 -0.047729
v 0.335058 2.489654 -0.047729
v 0.335058 2.489654 -0.336914
v 0.335058 2.037616 -0.336914
v 0.335058 1.998960 -0.008284
v 0.335058 2.528310 -0.008284
v 0.335058 2.528310 -0.376359
v 0.335058 1.998960 -0.376359
v 0.332062 2.037616 -0.047729
v 0.332062 2.489654 -0.047729
v 0.332062 2.489654 -0.336914
v 0.332062 2.037616 -0.336914
v 0.332062 2.150626 -0.047729
v 0.332062 2.263634 -0.047729
v 0.332062 2.376644 -0.047729
v 0.332062 2.376644 -0.336914
v 0.332062 2.263634 -0.336914
v 0.332062 2.150626 -0.336914
v 0.332062 2.037616 -0.144124
v 0.332062 2.037616 -0.240519
v 0.332062 2.489654 -0.240519
v 0.332062 2.489654 -0.144124
v 0.332062 2.150626 -0.240519
v 0.332062 2.150626 -0.144124
v 0.332062 2.263634 -0.240519
v 0.332062 2.263634 -0.144124
v 0.332062 2.376644 -0.240519
v 0.332062 2.376644 -0.144124
v 0.332062 2.433149 -0.047729
v 0.332062 2.094121 -0.336914
v 0.332062 2.037616 -0.288716
v 0.332062 2.489654 -0.095926
v 0.332062 2.094121 -0.047729
v 0.332062 2.207131 -0.047729
v 0.332062 2.320140 -0.047729
v 0.332062 2.433149 -0.336914
v 0.332062 2.320140 -0.336914
v 0.332062 2.207131 -0.336914
v 0.332062 2.150626 -0.095926
v 0.332062 2.263634 -0.095926
v 0.332062 2.376644 -0.095926
v 0.332062 2.037616 -0.095926
v 0.332062 2.037616 -0.192322
v 0.332062 2.489654 -0.288716
v 0.332062 2.489654 -0.192322
v 0.332062 2.150626 -0.288716
v 0.332062 2.150626 -0.192322
v 0.332062 2.263634 -0.288716
v 0.332062 2.263634 -0.192322
v 0.332062 2.376644 -0.288716
v 0.332062 2.376644 -0.192322
v 0.332062 2.320140 -0.240519
v 0.332062 2.320140 -0.144124
v 0.332062 2.207131 -0.240519
v 0.332062 2.207131 -0.144124
v 0.332062 2.094121 -0.240519
v 0.332062 2.094121 -0.144124
v 0.332062 2.433149 -0.240519
v 0.332062 2.433149 -0.144124
v 0.332062 2.433149 -0.192322
v 0.332062 2.433149 -0.288716
v 0.332062 2.094121 -0.192322
v 0.332062 2.094121 -0.288716
v 0.332062 2.207131 -0.192322
v 0.332062 2.207131 -0.288716
v 0.332062 2.320140 -0.192322
v 0.332062 2.320140 -0.288716
v 0.332062 2.320140 -0.095926
v 0.332062 2.207131 -0.095926
v 0.332062 2.094121 -0.095926
v 0.332062 2.433149 -0.095926
v 0.332062 2.461402 -0.071828
v 0.332062 2.122374 -0.071828
v 0.332062 2.235383 -0.071828
v 0.332062 2.348392 -0.071828
v 0.332062 2.348392 -0.264618
v 0.332062 2.348392 -0.168223
v 0.332062 2.235383 -0.264618
v 0.332062 2.235383 -0.168223
v 0.332062 2.122374 -0.264618
v 0.332062 2.122374 -0.168223
v 0.332062 2.461402 -0.264618
v 0.332062 2.461402 -0.168223
v 0.332062 2.404896 -0.168223
v 0.332062 2.404896 -0.216419
v 0.332062 2.461402 -0.216419
v 0.332062 2.404896 -0.264618
v 0.332062 2.404896 -0.312815
v 0.332062 2.461402 -0.312815
v 0.332062 2.065869 -0.168223
v 0.332062 2.065869 -0.216419
v 0.332062 2.122374 -0.216419
v 0.332062 2.065869 -0.264618
v 0.332062 2.065869 -0.312815
v 0.332062 2.122374 -0.312815
v 0.332062 2.178878 -0.168223
v 0.332062 2.178878 -0.216419
v 0.332062 2.235383 -0.216419
v 0.332062 2.178878 -0.264618
v 0.332062 2.178878 -0.312815
v 0.332062 2.235383 -0.312815
v 0.332062 2.291887 -0.168223
v 0.332062 2.291887 -0.216419
v 0.332062 2.348392 -0.216419
v 0.332062 2.291887 -0.264618
v 0.332062 2.291887 -0.312815
v 0.332062 2.348392 -0.312815
v 0.332062 2.291887 -0.071828
v 0.332062 2.291887 -0.120025
v 0.332062 2.348392 -0.120025
v 0.332062 2.178878 -0.071828
v 0.332062 2.178878 -0.120025
v 0.332062 2.235383 -0.120025
v 0.332062 2.065869 -0.071828
v 0.332062 2.065869 -0.120025
v 0.332062 2.122374 -0.120025
v 0.332062 2.404896 -0.071828
v 0.332062 2.404896 -0.120025
v 0.332062 2.461402 -0.120025
v 0.326562 2.485000 -0.085767
v 0.326562 2.485000 -0.057889
v 0.326562 2.468658 -0.071828
v 0.326562 2.476829 -0.052478
v 0.326562 2.445973 -0.052478
v 0.326562 2.461402 -0.065638
v 0.326562 2.433149 -0.102117
v 0.326562 2.412154 -0.120025
v 0.326562 2.433149 -0.137934
v 0.326562 2.454145 -0.120025
v 0.326562 2.433149 -0.053919
v 0.326562 2.412154 -0.071828
v 0.326562 2.433149 -0.089736
v 0.326562 2.454145 -0.071828
v 0.326562 2.137802 -0.052478
v 0.326562 2.106945 -0.052478
v 0.326562 2.122374 -0.065638
v 0.326562 2.094121 -0.102117
v 0.326562 2.073124 -0.120025
v 0.326562 2.094121 -0.137934
v 0.326562 2.115116 -0.120025
v 0.326562 2.094121 -0.053919
v 0.326562 2.073124 -0.071828
v 0.326562 2.094121 -0.089736
v 0.326562 2.115116 -0.071828
v 0.326562 2.250811 -0.052478
v 0.326562 2.219954 -0.052478
v 0.326562 2.235383 -0.065638
v 0.326562 2.207131 -0.102117
v 0.326562 2.186134 -0.120025
v 0.326562 2.207131 -0.137934
v 0.326562 2.228126 -0.120025
v 0.326562 2.207131 -0.053919
v 0.326562 2.186134 -0.071828
v 0.326562 2.207131 -0.089736
v 0.326562 2.228126 -0.071828
v 0.326562 2.363820 -0.052478
v 0.326562 2.332963 -0.052478
v 0.326562 2.348392 -0.065638
v 0.326562 2.320140 -0.102117
v 0.326562 2.299144 -0.120025
v 0.326562 2.320140 -0.137934
v 0.326562 2.341136 -0.120025
v 0.326562 2.320140 -0.053919
v 0.326562 2.299144 -0.071828
v 0.326562 2.320140 -0.089736
v 0.326562 2.341136 -0.071828
v 0.326562 2.320140 -0.294906
v 0.326562 2.299144 -0.312815
v 0.326562 2.320140 -0.330724
v 0.326562 2.341136 -0.312815
v 0.326562 2.320140 -0.246709
v 0.326562 2.299144 -0.264618
v 0.326562 2.320140 -0.282527
v 0.326562 2.341136 -0.264618
v 0.326562 2.320140 -0.198511
v 0.326562 2.299144 -0.216419
v 0.326562 2.320140 -0.234328
v 0.326562 2.341136 -0.216419
v 0.326562 2.320140 -0.150314
v 0.326562 2.299144 -0.168223
v 0.326562 2.320140 -0.186132
v 0.326562 2.341136 -0.168223
v 0.326562 2.207131 -0.294906
v 0.326562 2.186134 -0.312815
v 0.326562 2.207131 -0.330724
v 0.326562 2.228126 -0.312815
v 0.326562 2.207131 -0.246709
v 0.326562 2.186134 -0.264618
v 0.326562 2.207131 -0.282527
v 0.326562 2.228126 -0.264618
v 0.326562 2.207131 -0.198511
v 0.326562 2.186134 -0.216419
v 0.326562 2.207131 -0.234328
v 0.326562 2.228126 -0.216419
v 0.326562 2.207131 -0.150314
v 0.326562 2.186134 -0.168223
v 0.326562 2.207131 -0.186132
v 0.326562 2.228126 -0.168223
v 0.326562 2.094121 -0.294906
v 0.326562 2.073124 -0.312815
v 0.326562 2.094121 -0.330724
v 0.326562 2.115116 -0.312815
v 0.326562 2.094121 -0.246709
v 0.326562 2.073124 -0.264618
v 0.326562 2.094121 -0.282527
v 0.326562 2.115116 -0.264618
v 0.326562 2.094121 -0.198510
v 0.326562 2.073124 -0.216419
v 0.326562 2.094121 -0.234328
v 0.326562 2.115116 -0.216419
v 0.326562 2.094121 -0.150314
v 0.326562 2.073124 -0.168223
v 0.326562 2.094121 -0.186132
v 0.326562 2.115116 -0.168223
v 0.326562 2.485000 -0.278557
v 0.326562 2.485000 -0.250679
v 0.326562 2.468658 -0.264618
v 0.326562 2.433149 -0.294906
v 0.326562 2.412154 -0.312815
v 0.326562 2.433149 -0.330724
v 0.326562 2.454145 -0.312815
v 0.326562 2.433149 -0.246709
v 0.326562 2.412154 -0.264618
v 0.326562 2.433149 -0.282527
v 0.326562 2.454145 -0.264618
v 0.326562 2.485000 -0.182162
v 0.326562 2.485000 -0.154284
v 0.326562 2.468658 -0.168223
v 0.326562 2.433149 -0.198511
v 0.326562 2.412154 -0.216419
v 0.326562 2.433149 -0.234328
v 0.326562 2.454145 -0.216419
v 0.326562 2.440406 -0.192322
v 0.326562 2.461402 -0.210231
v 0.326562 2.482397 -0.192322
v 0.326562 2.461402 -0.174413
v 0.326562 2.270892 -0.240519
v 0.326562 2.291887 -0.258428
v 0.326562 2.312884 -0.240519
v 0.326562 2.291887 -0.222610
v 0.326562 2.383901 -0.144124
v 0.326562 2.404896 -0.162033
v 0.326562 2.425893 -0.144124
v 0.326562 2.404896 -0.126215
v 0.326562 2.327396 -0.240519
v 0.326562 2.348392 -0.258428
v 0.326562 2.369387 -0.240519
v 0.326562 2.348392 -0.222610
v 0.326562 2.440406 -0.144124
v 0.326562 2.461402 -0.162033
v 0.326562 2.482397 -0.144124
v 0.326562 2.461402 -0.126215
v 0.326562 2.485000 -0.230360
v 0.326562 2.485000 -0.202481
v 0.326562 2.468658 -0.216419
v 0.326562 2.383901 -0.192322
v 0.326562 2.404896 -0.210231
v 0.326562 2.425893 -0.192322
v 0.326562 2.404896 -0.174413
v 0.326562 2.440406 -0.288716
v 0.326562 2.461402 -0.306626
v 0.326562 2.482397 -0.288716
v 0.326562 2.461402 -0.270807
v 0.326562 2.376644 -0.150314
v 0.326562 2.355649 -0.168223
v 0.326562 2.376644 -0.186132
v 0.326562 2.397641 -0.168223
v 0.326562 2.389468 -0.332165
v 0.326562 2.420326 -0.332165
v 0.326562 2.404896 -0.319005
v 0.326562 2.376644 -0.198511
v 0.326562 2.355649 -0.216419
v 0.326562 2.376644 -0.234328
v 0.326562 2.397641 -0.216419
v 0.326562 2.445973 -0.332165
v 0.326562 2.476829 -0.332165
v 0.326562 2.461402 -0.319005
v 0.326562 2.485000 -0.326755
v 0.326562 2.485000 -0.298876
v 0.326562 2.468658 -0.312815
v 0.326562 2.383901 -0.288716
v 0.326562 2.404896 -0.306626
v 0.326562 2.425893 -0.288716
v 0.326562 2.404896 -0.270807
v 0.326562 2.101378 -0.192322
v 0.326562 2.122374 -0.210231
v 0.326562 2.143369 -0.192322
v 0.326562 2.122374 -0.174413
v 0.326562 2.042270 -0.154284
v 0.326562 2.042270 -0.182161
v 0.326562 2.058612 -0.168223
v 0.326562 2.044873 -0.144124
v 0.326562 2.065869 -0.162033
v 0.326562 2.086864 -0.144124
v 0.326562 2.065869 -0.126215
v 0.326562 2.042270 -0.202480
v 0.326562 2.042270 -0.230360
v 0.326562 2.058612 -0.216419
v 0.326562 2.101378 -0.144124
v 0.326562 2.122374 -0.162033
v 0.326562 2.143369 -0.144124
v 0.326562 2.122374 -0.126215
v 0.326562 2.044873 -0.192322
v 0.326562 2.065869 -0.210231
v 0.326562 2.086864 -0.192322
v 0.326562 2.065869 -0.174413
v 0.326562 2.101378 -0.288716
v 0.326562 2.122374 -0.306626
v 0.326562 2.143369 -0.288716
v 0.326562 2.122374 -0.270807
v 0.326562 2.042270 -0.250679
v 0.326562 2.042270 -0.278557
v 0.326562 2.058612 -0.264618
v 0.326562 2.050440 -0.332165
v 0.326562 2.081296 -0.332165
v 0.326562 2.065869 -0.319005
v 0.326562 2.042270 -0.298876
v 0.326562 2.042270 -0.326755
v 0.326562 2.058612 -0.312815
v 0.326562 2.106945 -0.332165
v 0.326562 2.137802 -0.332165
v 0.326562 2.122374 -0.319005
v 0.326562 2.044873 -0.288716
v 0.326562 2.065869 -0.306626
v 0.326562 2.086864 -0.288716
v 0.326562 2.065869 -0.270807
v 0.326562 2.214386 -0.192322
v 0.326562 2.235383 -0.210231
v 0.326562 2.256379 -0.192322
v 0.326562 2.235383 -0.174413
v 0.326562 2.263634 -0.246709
v 0.326562 2.242639 -0.264618
v 0.326562 2.263634 -0.282527
v 0.326562 2.284631 -0.264618
v 0.326562 2.157882 -0.144124
v 0.326562 2.178878 -0.162033
v 0.326562 2.199873 -0.144124
v 0.326562 2.178878 -0.126215
v 0.326562 2.263634 -0.294906
v 0.326562 2.242639 -0.312815
v 0.326562 2.263634 -0.330724
v 0.326562 2.284631 -0.312815
v 0.326562 2.214386 -0.144124
v 0.326562 2.235383 -0.162033
v 0.326562 2.256379 -0.144124
v 0.326562 2.235383 -0.126215
v 0.326562 2.157882 -0.192322
v 0.326562 2.178878 -0.210231
v 0.326562 2.199873 -0.192322
v 0.326562 2.178878 -0.174413
v 0.326562 2.214386 -0.288716
v 0.326562 2.235383 -0.306626
v 0.326562 2.256379 -0.288716
v 0.326562 2.235383 -0.270807
v 0.326562 2.150626 -0.150314
v 0.326562 2.129630 -0.168223
v 0.326562 2.150626 -0.186132
v 0.326562 2.171622 -0.168223
v 0.326562 2.163449 -0.332165
v 0.326562 2.194307 -0.332165
v 0.326562 2.178878 -0.319005
v 0.326562 2.150626 -0.198511
v 0.326562 2.129630 -0.216419
v 0.326562 2.150626 -0.234328
v 0.326562 2.171622 -0.216419
v 0.326562 2.219954 -0.332165
v 0.326562 2.250811 -0.332165
v 0.326562 2.235383 -0.319005
v 0.326562 2.157882 -0.288716
v 0.326562 2.178878 -0.306626
v 0.326562 2.199873 -0.288716
v 0.326562 2.178878 -0.270807
v 0.326562 2.327396 -0.192322
v 0.326562 2.348392 -0.210231
v 0.326562 2.369387 -0.192322
v 0.326562 2.348392 -0.174413
v 0.326562 2.376644 -0.246709
v 0.326562 2.355649 -0.264618
v 0.326562 2.376644 -0.282527
v 0.326562 2.397641 -0.264618
v 0.326562 2.270892 -0.144124
v 0.326562 2.291887 -0.162033
v 0.326562 2.312884 -0.144124
v 0.326562 2.291887 -0.126215
v 0.326562 2.376644 -0.294906
v 0.326562 2.355649 -0.312815
v 0.326562 2.376644 -0.330724
v 0.326562 2.397641 -0.312815
v 0.326562 2.327396 -0.144124
v 0.326562 2.348392 -0.162033
v 0.326562 2.369387 -0.144124
v 0.326562 2.348392 -0.126215
v 0.326562 2.270892 -0.192322
v 0.326562 2.291887 -0.210231
v 0.326562 2.312884 -0.192322
v 0.326562 2.291887 -0.174413
v 0.326562 2.327396 -0.288716
v 0.326562 2.348392 -0.306626
v 0.326562 2.369387 -0.288716
v 0.326562 2.348392 -0.270807
v 0.326562 2.263634 -0.150314
v 0.326562 2.242639 -0.168223
v 0.326562 2.263634 -0.186132
v 0.326562 2.284631 -0.168223
v 0.326562 2.276460 -0.332165
v 0.326562 2.307316 -0.332165
v 0.326562 2.291887 -0.319005
v 0.326562 2.263634 -0.198511
v 0.326562 2.242639 -0.216419
v 0.326562 2.263634 -0.234328
v 0.326562 2.284631 -0.216419
v 0.326562 2.332963 -0.332165
v 0.326562 2.363820 -0.332165
v 0.326562 2.348392 -0.319005
v 0.326562 2.270892 -0.288716
v 0.326562 2.291887 -0.306626
v 0.326562 2.312884 -0.288716
v 0.326562 2.291887 -0.270807
v 0.326562 2.327396 -0.095926
v 0.326562 2.348392 -0.113836
v 0.326562 2.369387 -0.095926
v 0.326562 2.348392 -0.078017
v 0.326562 2.307316 -0.052478
v 0.326562 2.276460 -0.052478
v 0.326562 2.291887 -0.065638
v 0.326562 2.376644 -0.053919
v 0.326562 2.355649 -0.071828
v 0.326562 2.376644 -0.089736
v 0.326562 2.397641 -0.071828
v 0.326562 2.157882 -0.240519
v 0.326562 2.178878 -0.258428
v 0.326562 2.199873 -0.240519
v 0.326562 2.178878 -0.222610
v 0.326562 2.376644 -0.102117
v 0.326562 2.355649 -0.120025
v 0.326562 2.376644 -0.137934
v 0.326562 2.397641 -0.120025
v 0.326562 2.214386 -0.240519
v 0.326562 2.235383 -0.258428
v 0.326562 2.256379 -0.240519
v 0.326562 2.235383 -0.222610
v 0.326562 2.270892 -0.095926
v 0.326562 2.291887 -0.113836
v 0.326562 2.312884 -0.095926
v 0.326562 2.291887 -0.078017
v 0.326562 2.214386 -0.095926
v 0.326562 2.235383 -0.113836
v 0.326562 2.256379 -0.095926
v 0.326562 2.235383 -0.078017
v 0.326562 2.194307 -0.052478
v 0.326562 2.163449 -0.052478
v 0.326562 2.178878 -0.065638
v 0.326562 2.263634 -0.053919
v 0.326562 2.242639 -0.071828
v 0.326562 2.263634 -0.089736
v 0.326562 2.284631 -0.071828
v 0.326562 2.044873 -0.240519
v 0.326562 2.065869 -0.258428
v 0.326562 2.086864 -0.240519
v 0.326562 2.065869 -0.222610
v 0.326562 2.263634 -0.102117
v 0.326562 2.242639 -0.120025
v 0.326562 2.263634 -0.137934
v 0.326562 2.284631 -0.120025
v 0.326562 2.101378 -0.240519
v 0.326562 2.122374 -0.258428
v 0.326562 2.143369 -0.240519
v 0.326562 2.122374 -0.222610
v 0.326562 2.157882 -0.095926
v 0.326562 2.178878 -0.113835
v 0.326562 2.199873 -0.095926
v 0.326562 2.178878 -0.078017
v 0.326562 2.101378 -0.095926
v 0.326562 2.122374 -0.113835
v 0.326562 2.143369 -0.095926
v 0.326562 2.122374 -0.078017
v 0.326562 2.081296 -0.052478
v 0.326562 2.050440 -0.052478
v 0.326562 2.065869 -0.065638
v 0.326562 2.042270 -0.057889
v 0.326562 2.042270 -0.085767
v 0.326562 2.058612 -0.071828
v 0.326562 2.383901 -0.240519
v 0.326562 2.404896 -0.258428
v 0.326562 2.425893 -0.240519
v 0.326562 2.404896 -0.222610
v 0.326562 2.042270 -0.106086
v 0.326562 2.042270 -0.133965
v 0.326562 2.058612 -0.120025
v 0.326562 2.440406 -0.240519
v 0.326562 2.461402 -0.258428
v 0.326562 2.482397 -0.240519
v 0.326562 2.461402 -0.222610
v 0.326562 2.044873 -0.095926
v 0.326562 2.065869 -0.113835
v 0.326562 2.086864 -0.095926
v 0.326562 2.065869 -0.078017
v 0.326562 2.440406 -0.095926
v 0.326562 2.461402 -0.113836
v 0.326562 2.482397 -0.095926
v 0.326562 2.461402 -0.078017
v 0.326562 2.420326 -0.052478
v 0.326562 2.389468 -0.052478
v 0.326562 2.404896 -0.065638
v 0.326562 2.150626 -0.246709
v 0.326562 2.129630 -0.264618
v 0.326562 2.150626 -0.282527
v 0.326562 2.171622 -0.264618
v 0.326562 2.150626 -0.102117
v 0.326562 2.129630 -0.120025
v 0.326562 2.150626 -0.137934
v 0.326562 2.171622 -0.120025
v 0.326562 2.150626 -0.294906
v 0.326562 2.129630 -0.312815
v 0.326562 2.150626 -0.330724
v 0.326562 2.171622 -0.312815
v 0.326562 2.433149 -0.150314
v 0.326562 2.412154 -0.168223
v 0.326562 2.433149 -0.186132
v 0.326562 2.454145 -0.168223
v 0.326562 2.485000 -0.133965
v 0.326562 2.485000 -0.106086
v 0.326562 2.468658 -0.120025
v 0.326562 2.383901 -0.095926
v 0.326562 2.404896 -0.113836
v 0.326562 2.425893 -0.095926
v 0.326562 2.404896 -0.078017
v 0.326562 2.150626 -0.053919
v 0.326562 2.129630 -0.071828
v 0.326562 2.150626 -0.089736
v 0.326562 2.171622 -0.071828
v -1.136274 -3.024579 1.754796
v -1.136274 -1.934220 1.754794
v -0.567143 -3.024579 1.754796
v -0.567143 -1.934220 1.754794
v -0.567143 -2.455315 1.775879
v -0.567143 -2.503483 1.775879
v -1.136274 -2.776073 1.775879
v -1.136274 -2.727905 1.775879
v -0.567143 -2.727905 1.775879
v -0.567143 -2.776073 1.775879
v -0.567143 -2.727905 1.754796
v -0.567143 -2.776073 1.754796
v -0.567143 -2.455315 1.754794
v -0.567143 -2.503483 1.754794
v -0.567143 -2.182725 1.754794
v -0.567143 -2.230894 1.754794
v -1.136274 -2.776073 1.754796
v -1.136274 -2.727905 1.754796
v -1.136274 -2.503483 1.754794
v -1.136274 -2.455315 1.754794
v -1.136274 -2.230894 1.754794
v -1.136274 -2.182725 1.754794
v -1.136274 -2.455315 1.775879
v -1.136274 -2.503483 1.775879
v -0.567143 -2.230894 1.775879
v -0.567143 -2.182725 1.775879
v -1.136274 -2.182725 1.775879
v -1.136274 -2.230894 1.775879
v -1.901157 0.112277 2.127559
v -1.901157 0.112277 1.006738
v 0.204354 0.112277 2.127559
v 0.204354 0.112277 1.006738
v -2.049957 0.150994 1.006738
v 0.353153 0.150994 1.006738
v 1.334834 0.606960 1.198565
v 1.334834 0.606960 -1.583695
v -1.952482 1.630539 -1.583696
v -1.952482 1.630539 1.196062
v 1.261412 0.555951 1.198518
v 1.261412 0.555951 -1.583743
v -1.879696 1.578662 -1.583648
v -1.879696 1.578663 1.196112
v 0.232259 1.447975 0.331907
v 0.232259 1.447975 -0.717151
v 1.281317 1.447975 -0.717151
v 1.281317 1.447975 0.331907
v 0.232259 1.676938 -0.020627
v 0.232259 1.676938 -0.364617
v 1.281317 1.676938 -0.020627
v 1.281317 1.676938 -0.364617
v 0.232259 1.391340 0.276820
v 0.232259 1.391340 -0.662064
v 1.281317 1.391340 -0.662064
v 1.281317 1.391340 0.276820
v -0.544361 2.557447 0.331907
v -0.544361 2.557447 -0.717151
v 0.504697 2.557447 -0.717151
v 0.504697 2.557447 0.331907
v -0.544361 2.786411 -0.020627
v -0.544361 2.786411 -0.364617
v 0.504697 2.786411 -0.020627
v 0.504697 2.786411 -0.364617
v -0.544361 2.500812 0.276820
v -0.544361 2.500812 -0.662064
v 0.504697 2.500812 -0.662064
v 0.504697 2.500812 0.276820
v 0.232259 1.707684 0.053888
v 0.232259 1.749579 -0.052918
v 0.232259 1.693207 -0.013983
v 0.232259 1.737307 0.004029
v 0.232259 1.749579 -0.332327
v 0.232259 1.707684 -0.439132
v 0.232259 1.693207 -0.371262
v 0.232259 1.737307 -0.389273
v 1.281317 1.749579 -0.052918
v 1.281317 1.707684 0.053888
v 1.281317 1.693207 -0.013983
v 1.281317 1.737307 0.004029
v 1.281317 1.707684 -0.439132
v 1.281317 1.749579 -0.332327
v 1.281317 1.693207 -0.371262
v 1.281317 1.737307 -0.389273
v -0.544361 2.817157 0.053888
v -0.544361 2.859051 -0.052917
v -0.544361 2.802679 -0.013982
v -0.544361 2.846780 0.004029
v -0.544361 2.859051 -0.332325
v -0.544361 2.817157 -0.439132
v -0.544361 2.802679 -0.371261
v -0.544361 2.846780 -0.389273
v 0.504697 2.859051 -0.052917
v 0.504697 2.817157 0.053888
v 0.504697 2.802679 -0.013982
v 0.504697 2.846780 0.004029
v 0.504697 2.817157 -0.439132
v 0.504697 2.859051 -0.332325
v 0.504697 2.802679 -0.371261
v 0.504697 2.846780 -0.389273
v -1.433503 0.675432 1.542379
v -1.331927 0.676163 1.643653
v -1.291712 0.727331 1.501224
v -1.405930 0.686312 1.579171
v -1.391892 0.700762 1.529321
v -1.377253 0.704023 1.564048
v -1.319168 0.701134 1.601731
v -1.368882 0.686577 1.616111
v -1.354061 0.704145 1.587144
v -1.340079 0.719727 1.514281
v -1.304472 0.719833 1.549682
v -1.344841 0.714822 1.554608
v -1.433503 0.675432 1.006738
v -1.291712 0.727331 1.006738
v -1.392177 0.701381 1.006738
v -1.340278 0.720378 1.006738
v -0.405090 0.727331 1.501224
v -0.364876 0.676163 1.643653
v -0.263300 0.675432 1.542379
v -0.392331 0.719834 1.549682
v -0.356724 0.719727 1.514281
v -0.351962 0.714822 1.554608
v -0.327921 0.686577 1.616111
v -0.377635 0.701134 1.601731
v -0.342742 0.704145 1.587144
v -0.304911 0.700762 1.529321
v -0.290872 0.686311 1.579171
v -0.319550 0.704023 1.564048
v -0.405090 0.727331 1.006738
v -0.263300 0.675432 1.006738
v -0.356525 0.720378 1.006738
v -0.304626 0.701381 1.006738
v -1.949240 0.150994 2.276358
v -2.049957 0.150994 2.174201
v -1.999597 0.150994 2.262671
v -2.036463 0.150994 2.225280
v 0.353153 0.150994 2.174201
v 0.252437 0.150994 2.276358
v 0.339660 0.150994 2.225280
v 0.302795 0.150994 2.262671
v -0.700987 3.361848 -1.583697
v -0.656241 3.361912 -1.583697
v -0.686794 3.373199 -1.583697
v -0.670416 3.373222 -1.583697
v -0.704575 3.361821 1.197700
v -0.659844 3.361932 1.197739
v -0.690399 3.373188 1.197716
v -0.674028 3.373228 1.197731
v -0.657281 3.210696 -1.583698
v -0.702025 3.210583 -1.583696
v -0.671454 3.221998 -1.583697
v -0.687832 3.221956 -1.583697
v -0.705471 3.210552 1.197699
v -0.660742 3.210715 1.197738
v -0.691296 3.221944 1.197716
v -0.674924 3.222005 1.197731
vn -1.0000 -0.0000 -0.0000
vn -0.0000 -0.0000 -1.0000
vn 1.0000 -0.0000 -0.0000
vn -0.0000 -1.0000 -0.0000
vn -0.8104 0.5859 -0.0006
vn -0.8105 0.5857 -0.0005
vn -0.8101 0.5863 -0.0011
vn -0.0000 -0.0000 1.0000
vn -0.0000 0.0003 1.0000
vn -0.0000 0.0001 1.0000
vn -0.0012 -0.0001 1.0000
vn -0.0005 0.0001 1.0000
vn -0.0009 -0.0000 1.0000
vn -0.0004 -0.0000 1.0000
vn -0.0000 1.0000 -0.0000
vn -0.0011 -0.0000 1.0000
vn 0.8072 0.5903 0.0003
vn 0.8073 0.5902 0.0006
vn 0.8070 0.5905 0.0011
vn -0.0000 0.7308 -0.6826
vn -0.0000 0.7308 0.6826
vn -0.9987 0.0504 -0.0000
vn -0.9928 0.1201 -0.0000
vn -0.9930 0.1178 -0.0000
vn -0.0000 0.0303 -0.9995
vn -0.0000 0.1367 -0.9906
vn 0.9987 0.0504 -0.0000
vn 0.9930 0.1178 -0.0000
vn 0.9928 0.1201 -0.0000
vn -0.0000 0.0303 0.9995
vn -0.0000 0.0676 0.9977
vn -0.0000 0.0471 0.9989
vn 0.9962 0.0873 -0.0000
vn -0.0000 0.1082 -0.9941
vn -0.9962 0.0873 -0.0000
vn 0.9965 0.0833 -0.0000
vn -0.9965 0.0833 -0.0000
vn -0.0000 0.0002 1.0000
vn 0.8074 0.5900 0.0002
vn 0.8070 0.5905 -0.0000
vn 0.0008 -0.0000 1.0000
vn -0.0008 -0.0000 -1.0000
vn 0.0021 -0.0000 1.0000
vn -0.0021 -0.0000 -1.0000
vn 1.0000 -0.0000 -0.0022
vn -1.0000 -0.0000 0.0022
vn 0.0012 -0.0000 1.0000
vn -0.0012 -0.0000 -1.0000
vn -0.0000 -0.0017 1.0000
vn -0.0000 0.0017 -1.0000
vn -0.0000 -0.0018 1.0000
vn -0.0000 0.0018 -1.0000
vn -0.0000 -0.0012 1.0000
vn -0.0013 -0.0011 1.0000
vn 0.7546 0.6562 -0.0000
vn 0.0013 0.0011 -1.0000
vn -0.0000 0.0012 -1.0000
vn -0.0000 -0.0008 1.0000
vn 0.0012 -0.0008 1.0000
vn -0.8377 0.5462 -0.0000
vn -0.0012 0.0008 -1.0000
vn -0.0000 0.0008 -1.0000
vn 0.0010 -0.0008 1.0000
vn -0.7779 0.6283 -0.0000
vn -0.0010 0.0008 -1.0000
vn 0.0007 -0.0008 1.0000
vn -0.6508 0.7592 -0.0000
vn -0.0007 0.0008 -1.0000
vn -0.0000 -0.0007 1.0000
vn -0.0010 -0.0007 1.0000
vn 0.8127 0.5826 -0.0000
vn 0.0010 0.0007 -1.0000
vn -0.0000 0.0007 -1.0000
vn 0.8213 0.5705 -0.0000
vn 0.8214 0.5704 -0.0000
vn 0.8206 0.5715 -0.0000
vn 0.0008 -0.0006 1.0000
vn -0.8012 0.5984 -0.0000
vn -0.8012 0.5983 -0.0000
vn -0.0008 0.0006 -1.0000
vn -0.0000 -0.0006 1.0000
vn -0.0008 -0.0006 1.0000
vn 0.8012 0.5983 -0.0000
vn 0.0008 0.0006 -1.0000
vn -0.0000 0.0006 -1.0000
vn -0.0000 0.0073 -1.0000
vn -0.0000 -0.6150 0.7885
vn -1.0000 0.0073 -0.0000
vn 0.7885 -0.6150 -0.0000
vn -0.0000 -0.0010 1.0000
vn -0.0013 -0.0009 1.0000
vn 0.0013 0.0009 -1.0000
vn -0.0000 0.0010 -1.0000
vn -0.0000 0.0073 1.0000
vn -0.0000 -0.6150 -0.7885
vn 1.0000 0.0073 -0.0000
vn -0.7885 -0.6150 -0.0000
vn -0.0000 -0.0036 1.0000
vn -0.0000 0.7454 0.6666
vn -0.0000 0.0032 -1.0000
vn -0.0000 -0.0032 1.0000
vn -0.0000 0.7454 -0.6666
vn -0.0000 0.0036 -1.0000
vn -0.0000 0.0029 -1.0000
vn -0.0000 -0.0029 1.0000
vn -0.0000 0.6279 -0.7783
vn -0.0000 0.6279 0.7783
vn -0.5976 -0.0000 0.8018
vn -0.0000 -0.6054 0.7960
vn 0.5976 -0.0000 0.8018
vn -0.0000 0.6054 0.7960
vn -0.0000 0.6053 0.7960
vn -0.0000 -0.6053 0.7960
vn 0.7836 -0.0000 0.6213
vn -0.7836 -0.0000 0.6213
vn -0.5975 -0.0000 0.8018
vn 0.5975 -0.0000 0.8018
vn 0.7835 -0.0000 0.6213
vn -0.7835 -0.0000 0.6213
vn 0.8018 -0.0000 0.5976
vn 0.7960 -0.6053 -0.0000
vn 0.8018 -0.0000 -0.5976
vn 0.7960 0.6053 -0.0000
vn 0.8018 -0.0000 -0.5975
vn 0.6214 -0.0000 -0.7835
vn 0.6214 -0.0000 0.7835
vn -0.8018 -0.0000 -0.5976
vn -0.7960 -0.6053 -0.0000
vn -0.8018 -0.0000 0.5976
vn -0.7960 0.6053 -0.0000
vn -0.8018 -0.0000 0.5975
vn -0.6214 -0.0000 0.7835
vn -0.6214 -0.0000 -0.7835
vn -0.7959 -0.6054 -0.0000
vn -0.7960 -0.6054 -0.0000
vn -0.7960 0.6054 -0.0000
vn -0.7959 0.6054 -0.0000
vn -0.6213 -0.0000 -0.7836
vn -0.6213 -0.0000 0.7836
vn 0.5976 -0.0000 -0.8018
vn 0.5975 -0.0000 -0.8018
vn -0.0000 -0.6053 -0.7960
vn -0.5975 -0.0000 -0.8018
vn -0.0000 0.6053 -0.7960
vn -0.5976 -0.0000 -0.8018
vn -0.7835 -0.0000 -0.6214
vn 0.7835 -0.0000 -0.6214
vn -0.0000 -0.7633 0.6460
vn 0.5779 0.4929 0.6504
vn -0.5779 0.4929 0.6504
vn -0.5779 0.4929 0.6505
vn 0.7569 -0.0000 0.6536
vn -0.5779 -0.4929 0.6505
vn 0.5779 0.4929 0.6505
vn 0.5779 -0.4929 0.6505
vn -0.5777 0.4929 0.6507
vn -0.5779 -0.4929 0.6504
vn 0.5779 -0.4929 0.6504
vn 0.5779 0.4930 0.6504
vn -0.7569 -0.0000 0.6536
vn -0.0000 0.7633 0.6461
vn 0.5781 -0.4929 0.6502
vn -0.5778 0.4929 0.6505
vn 0.5778 0.4929 0.6505
vn -0.0000 -0.7633 -0.6460
vn -0.5779 0.4929 -0.6505
vn 0.5779 0.4929 -0.6504
vn 0.5779 0.4929 -0.6505
vn -0.7569 -0.0000 -0.6536
vn 0.5779 -0.4930 -0.6504
vn 0.5779 -0.4929 -0.6505
vn -0.5779 0.4929 -0.6504
vn 0.5779 -0.4929 -0.6504
vn -0.5779 -0.4929 -0.6505
vn 0.5777 0.4929 -0.6507
vn 0.5779 0.4930 -0.6504
vn 0.5778 0.4929 -0.6505
vn -0.5779 -0.4929 -0.6504
vn -0.5779 0.4930 -0.6504
vn -0.5779 -0.4930 -0.6504
vn -0.5775 -0.4930 -0.6507
vn 0.7569 -0.0000 -0.6536
vn -0.5778 -0.4929 -0.6505
vn -0.0000 0.7633 -0.6461
vn 0.6461 -0.7633 -0.0000
vn 0.6460 -0.7633 -0.0000
vn 0.6505 0.4929 -0.5778
vn 0.6505 0.4929 0.5779
vn 0.6536 -0.0000 -0.7568
vn 0.6505 -0.4929 0.5779
vn 0.6505 0.4929 -0.5779
vn 0.6505 0.4929 0.5778
vn 0.6504 -0.4929 0.5779
vn 0.6504 -0.4929 -0.5779
vn 0.6505 -0.4929 0.5778
vn 0.6505 -0.4929 -0.5779
vn 0.6505 -0.4929 -0.5778
vn 0.6504 0.4930 0.5779
vn 0.6504 0.4929 -0.5779
vn 0.6504 0.4929 0.5779
vn 0.6504 0.4930 -0.5779
vn 0.6504 -0.4930 0.5779
vn 0.6533 -0.0000 0.7571
vn 0.6536 -0.0000 0.7569
vn 0.6461 0.7633 -0.0000
vn 0.6460 0.7633 -0.0000
vn 0.6501 -0.4931 -0.5781
vn 0.6508 0.4927 0.5777
vn 0.6534 -0.0000 -0.7570
vn 0.6504 -0.4930 -0.5779
vn 0.6460 -0.7634 -0.0000
vn 0.6503 0.4930 0.5779
vn 0.6536 -0.0000 -0.7569
vn 0.6503 0.4930 0.5780
vn 0.6503 0.4930 -0.5780
vn 0.6504 0.4929 -0.5780
vn 0.6503 -0.4930 0.5779
vn 0.6503 -0.4930 0.5780
vn 0.6507 0.4928 0.5777
vn 0.6507 0.4928 0.5778
vn 0.6503 -0.4930 -0.5779
vn 0.6503 -0.4930 -0.5780
vn 0.6459 0.7634 -0.0000
vn 0.6504 -0.4929 -0.5780
vn 0.6504 0.4930 0.5780
vn 0.6500 0.4932 0.5782
vn 0.6503 0.4930 -0.5779
vn 0.6504 -0.4929 0.5780
vn 0.6532 -0.0000 -0.7572
vn 0.6504 -0.4930 0.5780
vn 0.6480 0.7617 -0.0000
vn 0.5680 0.8208 0.0611
vn 0.5821 0.8068 0.1008
vn -0.0994 -0.9901 0.0994
vn -0.2518 -0.9678 -0.0000
vn -0.1268 -0.9919 -0.0000
vn -0.5680 0.8208 0.0611
vn -0.6480 0.7617 -0.0000
vn -0.5821 0.8068 0.1008
vn 0.1269 -0.9919 -0.0000
vn 0.0625 0.8267 0.5591
vn -0.1012 0.8122 0.5745
vn 0.1012 0.8122 0.5745
vn 0.0994 -0.9901 0.0994
vn -0.0354 -0.9699 0.2409
vn 0.2518 -0.9678 -0.0000
vn 0.2415 -0.9698 0.0344
vn 0.0004 -0.0003 -1.0000
vn 0.7246 -0.6892 0.0006
vn 0.8114 -0.5845 0.0006
vn 0.8109 -0.5852 -0.0000
vn -0.5804 -0.8143 -0.0000
vn 0.5706 -0.8213 -0.0000
vn -0.0006 -0.0001 1.0000
vn -0.0005 -0.0000 1.0000
vn -0.8103 -0.5861 -0.0004
vn -0.7233 -0.6906 -0.0007
vn -0.8105 -0.5858 -0.0000
vn -0.8109 0.5852 -0.0006
vn -0.7240 0.6898 -0.0006
vn -0.8104 0.5858 -0.0000
vn -0.0009 -0.0003 1.0000
vn -0.0013 -0.0000 1.0000
vn -0.0012 -0.0000 1.0000
vn -0.0000 0.8000 0.6000
vn -0.0000 -0.7213 0.6926
vn -0.0000 -0.7213 -0.6926
vn -0.0000 0.8000 -0.6000
vn -0.0000 0.9944 -0.1059
vn -0.0000 0.9944 0.1059
vn -0.0000 -0.6972 0.7168
vn -0.0000 -0.6972 -0.7168
vn 0.0004 0.0003 -1.0000
vn -0.0000 0.9309 0.3652
vn -0.0000 0.9309 -0.3652
vn -0.4446 0.8636 0.2376
vn -0.4291 0.9021 0.0452
vn -0.1913 0.9166 0.3509
vn -0.3562 0.9153 0.1880
vn -0.0462 0.9055 0.4219
vn -0.2413 0.8661 0.4378
vn -0.0625 0.8267 0.5591
vn -0.1840 0.9663 0.1802
vn -0.2306 0.9717 0.0509
vn -0.0514 0.9726 0.2267
vn -0.0657 0.9957 0.0651
vn 0.0514 0.9726 0.2267
vn 0.2306 0.9717 0.0509
vn 0.0657 0.9957 0.0651
vn 0.0462 0.9055 0.4219
vn 0.1840 0.9663 0.1802
vn 0.2413 0.8661 0.4378
vn 0.4446 0.8636 0.2376
vn 0.1913 0.9166 0.3509
vn 0.4291 0.9021 0.0452
vn 0.3562 0.9153 0.1881
vn -0.1168 -0.9740 0.1940
vn -0.1955 -0.9739 0.1151
vn -0.2415 -0.9698 0.0344
vn 0.1955 -0.9739 0.1151
vn 0.1168 -0.9740 0.1940
vn 0.0354 -0.9699 0.2409
vn 0.5910 0.8067 0.0006
vn 0.4400 0.8980 0.0013
vn 0.2444 0.9697 0.0007
vn 0.4445 0.8531 0.2730
vn -0.2444 0.9697 0.0007
vn -0.4400 0.8980 0.0013
vn -0.5910 0.8067 0.0006
vn -0.4445 0.8531 0.2730
vn -0.0710 0.9975 -0.0000
vn 0.0710 0.9975 -0.0000
vn -0.6256 0.7802 -0.0008
vn -0.6246 0.7809 -0.0008
vn -0.0014 1.0000 -0.0000
vn -0.0025 1.0000 -0.0000
vn 0.6237 0.7817 0.0008
vn 0.7229 0.6910 0.0009
vn 0.7234 0.6905 0.0007
vn -0.0010 -0.0000 1.0000
vn -0.0007 -0.0000 1.0000
vn -0.0008 -0.0000 1.0000
vn -0.0006 -0.0000 1.0000
vn -0.7228 -0.6911 -0.0009
vn -0.6234 -0.7819 -0.0008
vn 0.0037 -1.0000 -0.0000
vn 0.0026 -1.0000 -0.0000
vn 0.6264 -0.7795 0.0008
vn 0.6253 -0.7804 0.0008
vn 0.8103 0.5861 0.0005
vn 0.8105 0.5858 -0.0000
vn -0.8109 0.5852 -0.0000
vn 0.8075 0.5899 0.0002
vn -0.5782 -0.4927 0.6503
vn -0.5776 0.4930 0.6506
vn -0.5779 0.4930 0.6504
vn -0.7571 -0.0000 0.6533
vn 0.5779 -0.4930 0.6504
vn -0.5783 -0.4927 0.6503
vn -0.7568 -0.0000 -0.6536
vn 0.5778 -0.4929 -0.6505
vn 0.5782 0.4930 -0.6501
vn 0.7568 -0.0000 -0.6536
vn -0.5782 -0.4930 -0.6501
vn -0.0000 0.7633 -0.6460
vn -0.5778 0.4929 -0.6505
vn 0.6533 -0.0000 -0.7571
vn 0.6508 -0.4927 -0.5777
vn 0.6539 -0.0000 0.7566
vn 0.6539 -0.0000 -0.7566
vn 0.6501 -0.4931 0.5782
vn 0.6501 0.4931 0.5781
vn 0.6500 -0.4932 -0.5782
vn 0.7254 -0.6883 0.0009
vn -0.7248 0.6890 -0.0009
vn 0.2746 0.8548 0.4403
vn -0.2746 0.8548 0.4403
vn 0.6230 0.7822 0.0008
vn -0.6228 -0.7824 -0.0008
vt 0.755322 -0.000000
vt 0.695307 0.043309
vt 0.661562 -0.000000
vt 0.695307 0.073446
vt 0.736627 0.529850
vt 0.854634 0.486175
vt 0.854634 0.529850
vt 0.259574 0.788496
vt 0.201311 0.745403
vt 0.292333 0.745067
vt 0.225461 0.818759
vt 0.225461 0.788622
vt 0.536867 0.830754
vt 0.595300 0.921993
vt 0.536867 0.921777
vt 0.479964 0.446700
vt 0.478441 0.433452
vt 0.479964 0.433452
vt 0.638337 0.191244
vt 0.648432 0.058566
vt 0.648432 0.205941
vt 0.578338 0.015127
vt 0.568244 0.058864
vt 0.568244 0.000430
vt 0.653493 0.683419
vt 0.536996 0.830507
vt 0.536867 0.683087
vt 0.846099 0.141138
vt 0.905102 0.259145
vt 0.846099 0.259145
vt 0.736627 0.632854
vt 0.854634 0.632854
vt 0.422085 0.788105
vt 0.448362 0.870526
vt 0.422085 0.853753
vt 0.388504 0.853753
vt 0.205008 0.145263
vt 0.201311 0.186036
vt 0.201311 0.144654
vt 0.755325 0.132626
vt 0.661565 0.176441
vt 0.661564 0.132626
vt 0.537960 0.191783
vt 0.527865 0.059080
vt 0.537960 0.073777
vt 0.510101 0.402474
vt 0.536867 0.433452
vt 0.510101 0.433452
vt 0.312211 0.038363
vt 0.249259 0.151650
vt 0.201311 0.000000
vt 0.360687 0.378077
vt 0.428644 0.282272
vt 0.578338 0.073560
vt 0.013549 0.503631
vt -0.000000 0.433764
vt 0.013548 0.473494
vt 0.048689 0.540092
vt 0.000003 0.581141
vt 0.013550 0.540092
vt 0.360731 0.206935
vt 0.508194 0.185725
vt 0.508239 0.207173
vt 0.025228 0.879270
vt 0.097362 0.921217
vt -0.000000 0.921217
vt 0.097362 0.804040
vt 0.074508 0.879270
vt 0.074508 0.845689
vt 0.479964 0.530941
vt 0.478441 0.461259
vt 0.479964 0.486715
vt 0.510101 0.530941
vt 0.478441 0.558621
vt 0.143453 0.639707
vt 0.066094 0.581141
vt 0.143452 0.581141
vt 0.400572 0.261065
vt 0.360887 0.282033
vt 0.508394 0.282272
vt 0.467099 0.227060
vt 0.436962 0.227011
vt 0.430709 0.261114
vt 0.430639 0.227001
vt 0.265464 0.174247
vt 0.304366 0.232098
vt 0.278592 0.196158
vt 0.254102 0.213721
vt 0.527865 0.281687
vt 0.586298 0.206803
vt 0.586298 0.281902
vt 0.066092 0.503631
vt 0.086645 0.473494
vt 0.086645 0.503631
vt 0.066091 0.433764
vt 0.121784 0.473494
vt 0.121785 0.509955
vt 0.121785 0.503631
vt 0.360687 0.558621
vt 0.255273 0.163640
vt 0.653697 0.832286
vt 0.595300 0.909461
vt 0.595300 0.830754
vt 0.638337 0.014805
vt 0.638337 0.058620
vt 0.567849 0.206373
vt 0.527865 0.206588
vt 0.360687 0.461259
vt 0.567849 0.191622
vt 0.360687 0.105960
vt 0.648432 0.000000
vt 0.508239 0.144439
vt 0.360930 -0.000000
vt 0.508394 0.000116
vt 0.257081 0.917678
vt 0.244430 0.880111
vt 0.257080 0.863409
vt 0.854634 0.656593
vt 0.870573 0.602323
vt 0.870573 0.656592
vt 0.532517 0.914664
vt 0.516591 0.860395
vt 0.532517 0.860395
vt 0.360687 0.924995
vt 0.397825 0.870526
vt 0.397825 0.924795
vt 0.288109 0.954678
vt 0.267258 0.917678
vt 0.288109 0.918226
vt 0.287549 0.863409
vt 0.287550 0.917678
vt 0.201311 0.900976
vt 0.213960 0.863409
vt 0.213961 0.917678
vt 0.820378 0.485990
vt 0.836316 0.431720
vt 0.836316 0.485990
vt 0.448362 0.920926
vt 0.464287 0.866656
vt 0.464287 0.920926
vt 0.292333 0.915683
vt 0.329472 0.861215
vt 0.329472 0.915484
vt 0.866321 0.956029
vt 0.845469 0.919029
vt 0.866321 0.919576
vt 0.244429 0.863409
vt 0.244430 0.917678
vt 0.220242 0.302009
vt 0.244115 0.487687
vt 0.209501 0.487687
vt 0.025018 0.000000
vt 0.058100 0.239834
vt 0.013167 0.239834
vt 0.166706 0.000000
vt 0.194138 0.192630
vt 0.159515 0.192502
vt 0.096286 0.000000
vt 0.129368 0.239828
vt 0.084435 0.239828
vt 0.467821 0.919432
vt 0.516591 0.919170
vt 0.467821 0.973159
vt 0.478170 0.984702
vt 0.467821 0.984702
vt 0.071268 0.313453
vt 0.142535 0.433743
vt 0.071268 0.433743
vt 0.142535 0.350391
vt 0.201311 0.257824
vt 0.201311 0.350608
vt 0.000000 0.313474
vt 0.071268 0.433764
vt 0.674542 0.176443
vt 0.733318 0.272016
vt 0.674542 0.272017
vt 0.142535 0.313453
vt 0.142535 0.257607
vt 0.071268 0.313474
vt 0.201311 0.551085
vt 0.260070 0.551085
vt 0.236120 0.299043
vt 0.224580 0.299043
vt 0.240240 0.287753
vt 0.240614 0.302009
vt 0.224362 0.290719
vt 0.235902 0.290719
vt 0.219868 0.287753
vt 0.155432 0.973049
vt 0.147108 0.984808
vt 0.147108 0.973268
vt 0.165479 0.984592
vt 0.155432 0.973086
vt 0.165479 0.973049
vt 0.373084 0.972267
vt 0.360687 0.985293
vt 0.360687 0.972267
vt 0.520791 0.268516
vt 0.508394 0.281541
vt 0.508394 0.268516
vt 0.947917 0.940508
vt 0.938795 0.905368
vt 0.947917 0.905368
vt 0.957700 0.961132
vt 0.966822 0.940557
vt 0.966822 0.961181
vt 0.968427 0.410869
vt 0.959311 0.430873
vt 0.959311 0.410630
vt 0.939591 0.438537
vt 0.948714 0.472684
vt 0.939591 0.472651
vt 0.908657 0.877306
vt 0.938795 0.833080
vt 0.938795 0.877306
vt 0.923113 0.000000
vt 0.914653 0.044227
vt 0.914653 0.000000
vt 0.955539 0.065664
vt 0.949750 0.095832
vt 0.949750 0.065695
vt 0.872002 0.915159
vt 0.866321 0.945437
vt 0.866321 0.915308
vt 0.914653 0.088453
vt 0.923113 0.044227
vt 0.923113 0.088453
vt 0.397825 0.958910
vt 0.427962 0.924907
vt 0.427962 0.959021
vt 0.941739 0.180292
vt 0.932220 0.141138
vt 0.941739 0.141138
vt 0.790783 0.655834
vt 0.800302 0.632905
vt 0.800302 0.655885
vt 0.809816 0.633103
vt 0.800302 0.655410
vt 0.800302 0.632854
vt 0.938299 0.134256
vt 0.947819 0.096280
vt 0.947819 0.134292
vt 0.906468 0.622447
vt 0.940049 0.573167
vt 0.940049 0.622447
vt 0.938804 0.870229
vt 0.958601 0.643072
vt 0.967714 0.622496
vt 0.967714 0.643120
vt 0.968427 0.390387
vt 0.959311 0.410391
vt 0.959311 0.390148
vt 0.843461 0.948412
vt 0.834339 0.914264
vt 0.843452 0.914298
vt 0.309679 0.550777
vt 0.279541 0.506551
vt 0.309679 0.506551
vt 0.907409 0.344171
vt 0.898906 0.388397
vt 0.898906 0.344171
vt 0.146996 0.923179
vt 0.141178 0.953347
vt 0.141177 0.923210
vt 0.936228 0.540444
vt 0.930519 0.570723
vt 0.930519 0.540594
vt 0.436174 0.914753
vt 0.444677 0.870526
vt 0.444677 0.914753
vt 0.427962 0.958910
vt 0.458099 0.924907
vt 0.458099 0.959021
vt 0.890403 0.388397
vt 0.890403 0.344171
vt 0.392412 0.924995
vt 0.386593 0.955163
vt 0.386593 0.925026
vt 0.941937 0.540445
vt 0.936228 0.570723
vt 0.936228 0.540594
vt 0.911492 0.703322
vt 0.919995 0.659095
vt 0.919995 0.703322
vt 0.536867 0.956106
vt 0.567004 0.922104
vt 0.567004 0.956217
vt 0.915824 0.185364
vt 0.923965 0.229591
vt 0.915824 0.229591
vt 0.953561 0.573197
vt 0.959132 0.603304
vt 0.953561 0.603334
vt 0.458821 0.921069
vt 0.464287 0.951055
vt 0.458821 0.951198
vt 0.931254 0.088453
vt 0.931254 0.044227
vt 0.906468 0.622448
vt 0.936606 0.657587
vt 0.906468 0.657587
vt 0.923965 0.273818
vt 0.915824 0.273818
vt 0.953740 0.390178
vt 0.959311 0.420285
vt 0.953740 0.420314
vt 0.135711 0.923322
vt 0.141177 0.953308
vt 0.135711 0.953451
vt 0.932106 0.229591
vt 0.923965 0.185364
vt 0.932106 0.185364
vt 0.030137 0.956356
vt -0.000000 0.956357
vt 0.928136 0.703322
vt 0.954242 0.141168
vt 0.959813 0.171275
vt 0.954242 0.171304
vt 0.944609 0.251172
vt 0.950075 0.281157
vt 0.944609 0.281301
vt 0.932106 0.273818
vt 0.030137 0.921217
vt 0.060274 0.956356
vt 0.030137 0.956357
vt 0.931254 0.000000
vt 0.954402 0.775293
vt 0.959973 0.805400
vt 0.954402 0.805430
vt 0.090412 0.921360
vt 0.095878 0.951346
vt 0.090412 0.951489
vt 0.932220 0.185364
vt 0.924079 0.141138
vt 0.060274 0.921218
vt 0.090412 0.956356
vt 0.060274 0.956357
vt 0.946099 0.647061
vt 0.946099 0.622447
vt 0.966604 0.226976
vt 0.957111 0.206301
vt 0.966604 0.206352
vt 0.959132 0.613902
vt 0.968619 0.593908
vt 0.968619 0.614151
vt 0.707669 0.475838
vt 0.717162 0.451978
vt 0.707669 0.486057
vt 0.908162 0.096245
vt 0.938299 0.140472
vt 0.908162 0.140472
vt 0.647113 0.910997
vt 0.656606 0.946136
vt 0.647113 0.946136
vt 0.966604 0.247652
vt 0.957111 0.226976
vt 0.966604 0.227027
vt 0.959132 0.593410
vt 0.968619 0.573416
vt 0.968619 0.593659
vt 0.726655 0.451978
vt 0.717162 0.486057
vt 0.717162 0.451943
vt 0.938795 0.921533
vt 0.908657 0.921533
vt 0.135711 0.878952
vt 0.143966 0.923179
vt 0.135711 0.923179
vt 0.950075 0.251059
vt 0.955724 0.281165
vt 0.950075 0.281196
vt 0.944207 0.065810
vt 0.949750 0.095793
vt 0.944207 0.095938
vt 0.924079 0.185364
vt 0.915824 0.141138
vt 0.908657 0.921534
vt 0.938795 0.956672
vt 0.908657 0.956673
vt 0.915824 0.193297
vt 0.905102 0.141138
vt 0.780062 0.632854
vt 0.790783 0.655892
vt 0.780062 0.655834
vt 0.270785 0.528402
vt 0.260070 0.550677
vt 0.260070 0.528121
vt 0.905102 0.193298
vt 0.915824 0.243974
vt 0.905102 0.243934
vt 0.657934 0.895212
vt 0.691515 0.829564
vt 0.691515 0.895212
vt 0.778518 0.448377
vt 0.766238 0.485989
vt 0.766238 0.431720
vt 0.397825 0.924796
vt 0.436174 0.870527
vt 0.436174 0.924796
vt 0.739700 0.448715
vt 0.736658 0.486098
vt 0.736658 0.431829
vt 0.763078 0.469282
vt 0.904992 0.775263
vt 0.943340 0.720993
vt 0.943340 0.775263
vt 0.820378 0.448377
vt 0.808097 0.485989
vt 0.808097 0.431720
vt 0.097362 0.933222
vt 0.135711 0.933222
vt 0.781877 0.448714
vt 0.778518 0.486098
vt 0.778518 0.431829
vt 0.781877 0.469367
vt 0.805255 0.469281
vt 0.904613 0.540444
vt 0.942961 0.486175
vt 0.942961 0.540444
vt 0.864914 0.106841
vt 0.870487 0.130284
vt 0.865625 0.137150
vt 0.147998 0.514772
vt 0.144183 0.535446
vt 0.144183 0.514793
vt 0.149387 0.535419
vt 0.148910 0.514785
vt 0.149387 0.514772
vt 0.903785 0.813201
vt 0.898922 0.782892
vt 0.904496 0.782892
vt 0.955724 0.267070
vt 0.973806 0.251028
vt 0.955724 0.271748
vt 0.325307 0.915683
vt 0.330292 0.942470
vt 0.327798 0.945991
vt 0.278298 0.528121
vt 0.274887 0.548792
vt 0.274887 0.528139
vt 0.141822 0.723451
vt 0.143490 0.732966
vt 0.143495 0.744055
vt 0.769458 0.946890
vt 0.766979 0.916582
vt 0.771964 0.916582
vt 0.292333 0.974793
vt 0.312986 0.954207
vt 0.312986 0.974890
vt 0.259574 0.818633
vt 0.292333 0.863073
vt 0.201311 0.863409
vt 0.360687 0.870526
vt 0.388504 0.788105
vt 0.448362 0.752519
vt 0.730447 0.073446
vt 0.510101 0.486715
vt 0.536867 0.461259
vt 0.536867 0.558621
vt 0.510101 0.446700
vt 0.279875 0.249661
vt 0.322204 0.253368
vt 0.274255 0.287753
vt 0.217515 0.208632
vt 0.230782 0.181203
vt 0.223062 0.170437
vt 0.360687 0.185486
vt 0.479964 0.402474
vt 0.229499 0.127700
vt 0.247552 0.152874
vt 0.512776 0.399799
vt -0.000000 0.804040
vt 0.025228 0.845689
vt 0.048688 0.473494
vt 0.048688 0.503631
vt 0.013549 0.509955
vt 0.121786 0.540092
vt 0.086646 0.540092
vt 0.066092 0.509955
vt 0.086646 0.509955
vt 0.048688 0.509955
vt 0.143449 0.433764
vt 0.763078 0.448629
vt 0.805255 0.448628
vt 0.731501 0.440957
vt 0.736655 0.282272
vt 0.736658 0.440957
vt 0.378411 0.999191
vt 0.384901 0.992701
vt 0.384901 0.999191
vt 0.732185 0.486175
vt 0.727179 0.644876
vt 0.727179 0.486193
vt 0.365430 0.999191
vt 0.371920 0.992701
vt 0.371920 0.999191
vt 0.732185 0.644881
vt 0.736627 0.486175
vt 0.736627 0.644857
vt 0.731498 0.282272
vt 0.727140 0.441026
vt 0.727140 0.282387
vt 0.654922 0.000000
vt 0.648432 0.186045
vt 0.569248 0.999191
vt 0.574404 0.992701
vt 0.574404 0.999191
vt 0.155878 0.350608
vt 0.149387 0.536653
vt 0.149387 0.350608
vt 0.481881 0.992701
vt 0.476874 0.999210
vt 0.476874 0.992719
vt 0.762003 0.275774
vt 0.768493 0.148496
vt 0.768493 0.275816
vt 0.851937 0.125124
vt 0.845450 0.000000
vt 0.851937 0.000162
vt 0.850980 0.414344
vt 0.844489 0.484523
vt 0.844489 0.414344
vt 0.579561 0.992701
vt 0.579561 0.999191
vt 0.648028 0.206588
vt 0.641537 0.276767
vt 0.641537 0.206588
vt 0.486887 0.992701
vt 0.481881 0.999210
vt 0.481881 0.992719
vt 0.908162 0.096190
vt 0.914652 0.048217
vt 0.914652 0.096245
vt 0.853341 0.822528
vt 0.846854 0.775243
vt 0.853341 0.775393
vt 0.329783 0.745067
vt 0.324777 0.811673
vt 0.324777 0.745092
vt 0.397882 0.992701
vt 0.404372 0.999191
vt 0.397882 0.999191
vt 0.188608 0.845980
vt 0.193673 0.779399
vt 0.193765 0.845980
vt 0.371921 0.992701
vt 0.371921 0.999191
vt 0.824970 0.146528
vt 0.820529 0.213125
vt 0.820529 0.146545
vt 0.192874 0.779278
vt 0.188517 0.712833
vt 0.192874 0.712712
vt 0.529040 0.724846
vt 0.522550 0.851784
vt 0.522550 0.724846
vt 0.491893 0.999191
vt 0.497050 0.992701
vt 0.497050 0.999191
vt 0.535531 0.724846
vt 0.529040 0.851784
vt 0.491893 0.992701
vt 0.486887 0.999210
vt 0.486887 0.992719
vt 0.851129 0.485290
vt 0.857619 0.398466
vt 0.857619 0.485336
vt 0.880928 0.658586
vt 0.874441 0.573167
vt 0.880928 0.573326
vt 0.314872 0.504652
vt 0.320024 0.287753
vt 0.320029 0.504652
vt 0.255093 0.992701
vt 0.261584 0.999191
vt 0.255093 0.999191
vt 0.314867 0.287753
vt 0.309861 0.504668
vt 0.309861 0.287771
vt 0.294036 0.999191
vt 0.300526 0.992701
vt 0.300526 0.999191
vt 0.320029 0.504673
vt 0.324470 0.287753
vt 0.324470 0.504649
vt 0.309861 0.287753
vt 0.305503 0.504705
vt 0.305503 0.287867
vt 0.884534 0.086992
vt 0.878044 0.000000
vt 0.884534 0.000000
vt 0.211699 0.999304
vt 0.216057 0.992701
vt 0.216057 0.999189
vt 0.877082 0.390148
vt 0.870592 0.477140
vt 0.870592 0.390148
vt 0.655069 0.999215
vt 0.659510 0.992701
vt 0.659510 0.999191
vt 0.350917 0.811878
vt 0.344427 0.880982
vt 0.344427 0.811864
vt 0.891024 0.067109
vt 0.884534 0.067100
vt 0.879451 0.833080
vt 0.885941 0.746087
vt 0.885941 0.833080
vt 0.220415 0.999304
vt 0.224773 0.992701
vt 0.224773 0.999189
vt 0.871553 0.086992
vt 0.871553 0.000000
vt 0.579561 0.999215
vt 0.584003 0.992701
vt 0.584003 0.999191
vt 0.360668 0.811900
vt 0.354177 0.881004
vt 0.354177 0.811886
vt 0.884534 0.067109
vt 0.891024 0.134218
vt 0.884534 0.134209
vt 0.883573 0.477140
vt 0.883573 0.390148
vt 0.216057 0.999304
vt 0.220415 0.992701
vt 0.220415 0.999189
vt 0.879451 0.659095
vt 0.872961 0.746087
vt 0.872961 0.659095
vt 0.584003 0.999215
vt 0.588445 0.992701
vt 0.588445 0.999191
vt 0.344277 0.813371
vt 0.337787 0.882475
vt 0.337787 0.813357
vt 0.331110 0.819320
vt 0.337600 0.886429
vt 0.331110 0.886420
vt 0.877422 0.369264
vt 0.883913 0.282272
vt 0.883913 0.369264
vt 0.224773 0.999304
vt 0.229131 0.992701
vt 0.229131 0.999190
vt 0.879451 0.746087
vt 0.872961 0.833080
vt 0.659510 0.999215
vt 0.663952 0.992701
vt 0.663952 0.999191
vt 0.117528 0.804054
vt 0.111037 0.873158
vt 0.111037 0.804040
vt 0.890403 0.349382
vt 0.883913 0.349372
vt 0.820529 0.280998
vt 0.814038 0.154145
vt 0.820529 0.146528
vt 0.474460 0.762549
vt 0.468007 0.752519
vt 0.474498 0.752543
vt 0.781586 0.154145
vt 0.775096 0.280998
vt 0.775096 0.146528
vt 0.663952 0.999215
vt 0.668393 0.992701
vt 0.668393 0.999191
vt 0.874292 0.486175
vt 0.867951 0.593016
vt 0.867802 0.486175
vt 0.467970 0.762525
vt 0.474311 0.860395
vt 0.467821 0.860371
vt 0.175349 0.847182
vt 0.168859 0.720329
vt 0.175349 0.712712
vt 0.487814 0.762549
vt 0.481362 0.752519
vt 0.487852 0.752543
vt 0.775096 0.154145
vt 0.768605 0.280998
vt 0.768605 0.146528
vt 0.597328 0.999215
vt 0.601769 0.992701
vt 0.601769 0.999191
vt 0.871404 0.000000
vt 0.865063 0.106841
vt 0.864913 0.000000
vt 0.481324 0.762525
vt 0.487665 0.860394
vt 0.481175 0.860371
vt 0.807548 0.280998
vt 0.801057 0.154145
vt 0.807548 0.146528
vt 0.481175 0.752543
vt 0.474647 0.762525
vt 0.474685 0.752519
vt 0.788076 0.154145
vt 0.781586 0.280998
vt 0.781586 0.146528
vt 0.672835 0.999215
vt 0.677277 0.992701
vt 0.677277 0.999191
vt 0.872811 0.659095
vt 0.866470 0.765936
vt 0.866321 0.659095
vt 0.480988 0.860394
vt 0.474498 0.860371
vt 0.181839 0.847182
vt 0.175349 0.720329
vt 0.181839 0.712712
vt 0.867764 0.496205
vt 0.861311 0.486175
vt 0.867802 0.486199
vt 0.794567 0.154145
vt 0.788076 0.280998
vt 0.788076 0.146528
vt 0.681718 0.999215
vt 0.686160 0.992701
vt 0.686160 0.999191
vt 0.877273 0.282272
vt 0.870932 0.389113
vt 0.870783 0.282272
vt 0.861274 0.496181
vt 0.867615 0.594050
vt 0.861125 0.594026
vt 0.814038 0.280998
vt 0.807548 0.154145
vt 0.814038 0.146528
vt 0.870745 0.292302
vt 0.864293 0.282272
vt 0.870783 0.282296
vt 0.794567 0.280998
vt 0.794567 0.146528
vt 0.650627 0.999215
vt 0.655069 0.992701
vt 0.655069 0.999191
vt 0.872811 0.765936
vt 0.866470 0.872777
vt 0.866321 0.765936
vt 0.864255 0.292278
vt 0.870596 0.390148
vt 0.864106 0.390124
vt 0.350768 0.481475
vt 0.357258 0.297911
vt 0.357258 0.481475
vt 0.047027 0.972913
vt 0.053516 0.984772
vt 0.047027 0.984799
vt 0.344278 0.297911
vt 0.344278 0.481475
vt 0.615094 0.999215
vt 0.619536 0.992701
vt 0.619536 0.999191
vt 0.686633 0.683087
vt 0.680292 0.828934
vt 0.680143 0.683087
vt 0.736807 0.282272
vt 0.743148 0.431720
vt 0.736658 0.431696
vt 0.194820 0.544330
vt 0.201311 0.360766
vt 0.201311 0.544330
vt 0.053516 0.972913
vt 0.060004 0.984772
vt 0.053516 0.984799
vt 0.337787 0.297911
vt 0.337787 0.481475
vt 0.677277 0.999215
vt 0.681718 0.992701
vt 0.681718 0.999191
vt 0.693273 0.683087
vt 0.686931 0.828934
vt 0.686782 0.683087
vt 0.743447 0.282272
vt 0.749788 0.431720
vt 0.743298 0.431696
vt 0.811525 0.428727
vt 0.816679 0.282272
vt 0.816682 0.428727
vt 0.391392 0.992701
vt 0.391392 0.999191
vt 0.798182 -0.000000
vt 0.793176 0.146472
vt 0.793176 0.000018
vt 0.671259 0.829564
vt 0.675701 0.683087
vt 0.675701 0.829540
vt 0.771932 0.282272
vt 0.767574 0.428800
vt 0.767574 0.282387
vt 0.351069 0.811864
vt 0.356223 0.665409
vt 0.356226 0.811864
vt 0.307017 0.999191
vt 0.793176 0.000000
vt 0.788170 0.146472
vt 0.788170 0.000018
vt 0.307017 0.992701
vt 0.313507 0.999191
vt 0.356226 0.811886
vt 0.360668 0.665409
vt 0.360668 0.811862
vt 0.781679 -0.000000
vt 0.777321 0.146528
vt 0.777321 0.000114
vt 0.808198 0.146455
vt 0.813352 -0.000000
vt 0.813355 0.146455
vt 0.313507 0.992701
vt 0.319997 0.999191
vt 0.801509 0.282272
vt 0.796503 0.428744
vt 0.796503 0.282291
vt 0.319997 0.992701
vt 0.326488 0.999191
vt 0.821963 0.805572
vt 0.826404 0.659095
vt 0.826404 0.805548
vt 0.767574 0.282272
vt 0.763216 0.428800
vt 0.763216 0.282387
vt 0.331113 0.819320
vt 0.336267 0.672865
vt 0.336270 0.819320
vt 0.410863 0.999191
vt 0.417353 0.992701
vt 0.417353 0.999191
vt 0.808195 -0.000000
vt 0.803189 0.146472
vt 0.803189 0.000018
vt 0.410863 0.992701
vt 0.653493 0.829564
vt 0.657934 0.683087
vt 0.657934 0.829540
vt 0.772963 -0.000000
vt 0.768605 0.000114
vt 0.707708 0.655846
vt 0.714198 0.486175
vt 0.714198 0.655846
vt 0.548620 0.999191
vt 0.553776 0.992701
vt 0.553777 0.999191
vt 0.714159 0.451943
vt 0.720650 0.282272
vt 0.720650 0.451943
vt 0.471868 0.992701
vt 0.466862 0.999210
vt 0.466862 0.992719
vt 0.846854 0.775208
vt 0.853344 0.659130
vt 0.853344 0.775243
vt 0.454848 0.866486
vt 0.461334 0.752689
vt 0.461334 0.866656
vt 0.162368 0.712712
vt 0.168859 0.543041
vt 0.168859 0.712712
vt 0.512521 0.999191
vt 0.517678 0.992701
vt 0.517678 0.999191
vt 0.155878 0.712712
vt 0.162368 0.543041
vt 0.466862 0.992701
vt 0.461856 0.999210
vt 0.461856 0.992719
vt 0.851129 0.398385
vt 0.857619 0.282307
vt 0.857619 0.398420
vt 0.859835 0.773062
vt 0.866321 0.659265
vt 0.866321 0.773232
vt 0.175349 0.543041
vt 0.507364 0.999191
vt 0.512521 0.992701
vt 0.188330 0.543041
vt 0.188330 0.712712
vt 0.476874 0.992701
vt 0.471868 0.999210
vt 0.471868 0.992719
vt 0.851937 0.116113
vt 0.858427 0.000035
vt 0.858427 0.116148
vt 0.461334 0.866486
vt 0.467821 0.752689
vt 0.467821 0.866656
vt 0.720689 0.655846
vt 0.727179 0.486175
vt 0.727179 0.655846
vt 0.502207 0.992701
vt 0.502207 0.999191
vt 0.496588 0.728292
vt 0.503078 0.558621
vt 0.503078 0.728292
vt 0.441831 0.992701
vt 0.436824 0.999210
vt 0.436824 0.992719
vt 0.853344 0.775208
vt 0.859835 0.659130
vt 0.859835 0.775243
vt 0.448362 0.866486
vt 0.454848 0.752689
vt 0.454848 0.866656
vt 0.720689 0.486175
vt 0.558933 0.992701
vt 0.558933 0.999191
vt 0.727140 0.282272
vt 0.727140 0.451943
vt 0.451843 0.992701
vt 0.446837 0.999210
vt 0.446837 0.992719
vt 0.854634 0.602288
vt 0.861124 0.486210
vt 0.861124 0.602323
vt 0.318290 0.859033
vt 0.324777 0.745237
vt 0.324777 0.859203
vt 0.181839 0.543041
vt 0.522835 0.992701
vt 0.522835 0.999191
vt 0.194820 0.543041
vt 0.194820 0.712712
vt 0.446837 0.992701
vt 0.441831 0.999210
vt 0.441831 0.992719
vt 0.292333 0.861180
vt 0.298823 0.745101
vt 0.298823 0.861215
vt 0.857619 0.396239
vt 0.864106 0.282442
vt 0.864106 0.396409
vt 0.194820 0.714001
vt 0.201311 0.714001
vt 0.527992 0.992701
vt 0.527992 0.999191
vt 0.707669 0.451943
vt 0.714159 0.282272
vt 0.456849 0.992701
vt 0.451843 0.999210
vt 0.451843 0.992719
vt 0.298823 0.861180
vt 0.305314 0.745101
vt 0.305314 0.861215
vt 0.858427 0.113967
vt 0.864914 0.000170
vt 0.864914 0.114137
vt 0.490098 0.728292
vt 0.496588 0.558621
vt 0.507364 0.992701
vt 0.503079 0.728292
vt 0.509569 0.558621
vt 0.509569 0.728292
vt 0.461856 0.992701
vt 0.456849 0.999210
vt 0.456849 0.992719
vt 0.305314 0.861180
vt 0.311804 0.745101
vt 0.311804 0.861215
vt 0.311804 0.859033
vt 0.318290 0.745237
vt 0.318290 0.859203
vt 0.816685 0.428727
vt 0.821839 0.282272
vt 0.821842 0.428727
vt 0.332978 0.992701
vt 0.332978 0.999191
vt 0.803189 0.000000
vt 0.798182 0.146472
vt 0.798182 0.000018
vt 0.339469 0.992701
vt 0.339469 0.999191
vt 0.657934 0.829564
vt 0.662376 0.683087
vt 0.662376 0.829540
vt 0.785006 0.282272
vt 0.780648 0.428800
vt 0.780648 0.282387
vt 0.337790 0.813357
vt 0.342944 0.666902
vt 0.342947 0.813357
vt 0.261584 0.992701
vt 0.268074 0.999191
vt 0.796503 0.282272
vt 0.791497 0.428744
vt 0.791497 0.282291
vt 0.268074 0.992701
vt 0.274564 0.999191
vt 0.662376 0.829564
vt 0.666818 0.683087
vt 0.666818 0.829540
vt 0.777321 0.000000
vt 0.772963 0.146528
vt 0.772963 0.000114
vt 0.813358 0.146455
vt 0.818511 0.000000
vt 0.818514 0.146455
vt 0.274564 0.992701
vt 0.281055 0.999191
vt 0.806516 0.282272
vt 0.801509 0.428744
vt 0.801509 0.282291
vt 0.281055 0.992701
vt 0.287545 0.999191
vt 0.666818 0.829564
vt 0.671259 0.683087
vt 0.671259 0.829540
vt 0.776290 0.282272
vt 0.771932 0.428800
vt 0.771932 0.282387
vt 0.344430 0.811864
vt 0.349583 0.665409
vt 0.349586 0.811864
vt 0.430334 0.999191
vt 0.436824 0.992701
vt 0.436824 0.999191
vt 0.811522 0.282272
vt 0.806516 0.428744
vt 0.806516 0.282291
vt 0.423844 0.992701
vt 0.423844 0.999191
vt 0.675701 0.829564
vt 0.680143 0.829540
vt 0.780648 0.282272
vt 0.776290 0.428800
vt 0.776290 0.282387
vt 0.175349 0.358808
vt 0.931254 0.085559
vt 0.937742 0.095983
vt 0.931254 0.095993
vt 0.188330 0.358808
vt 0.641744 0.999215
vt 0.646185 0.992701
vt 0.646185 0.999191
vt 0.828332 0.282272
vt 0.821991 0.428652
vt 0.821842 0.282272
vt 0.750086 0.282272
vt 0.756427 0.430726
vt 0.749937 0.430702
vt 0.155878 0.543041
vt 0.162368 0.358808
vt 0.955724 0.271758
vt 0.962212 0.282182
vt 0.955724 0.282193
vt 0.619536 0.999215
vt 0.623977 0.992701
vt 0.623977 0.999191
vt 0.825005 0.000000
vt 0.818664 0.146380
vt 0.818514 0.000000
vt 0.755475 0.000000
vt 0.761816 0.148454
vt 0.755326 0.148430
vt 0.168859 0.356285
vt 0.985255 0.531798
vt 0.993838 0.525309
vt 0.993820 0.531798
vt 0.181839 0.356285
vt 0.623977 0.999215
vt 0.628419 0.992701
vt 0.628419 0.999191
vt 0.768456 0.000000
vt 0.762115 0.148384
vt 0.761965 0.000000
vt 0.756726 0.282272
vt 0.763067 0.430726
vt 0.756576 0.430702
vt 0.299013 0.506551
vt 0.292522 0.296991
vt 0.299013 0.287753
vt 0.707670 0.497455
vt 0.701218 0.486175
vt 0.707708 0.486199
vt 0.286032 0.296991
vt 0.279541 0.287753
vt 0.601769 0.999215
vt 0.606211 0.992701
vt 0.606211 0.999191
vt 0.707519 0.282272
vt 0.701178 0.456114
vt 0.701029 0.282272
vt 0.701180 0.497431
vt 0.707521 0.659095
vt 0.701031 0.659071
vt 0.141527 0.644126
vt 0.135036 0.786108
vt 0.135036 0.639707
vt 0.533149 0.992701
vt 0.533149 0.999191
vt 0.788170 0.141982
vt 0.781679 0.146400
vt 0.985255 0.645320
vt 0.993076 0.638830
vt 0.993073 0.645320
vt 0.661562 0.276630
vt 0.668052 0.176476
vt 0.668052 0.276664
vt 0.654918 0.281413
vt 0.661404 0.186215
vt 0.661404 0.281584
vt 0.699912 0.687504
vt 0.693422 0.824786
vt 0.693422 0.683087
vt 0.558934 0.999191
vt 0.564090 0.992701
vt 0.564090 0.999191
vt 0.825154 0.000000
vt 0.831644 0.137283
vt 0.825154 0.141700
vt 0.985255 0.651810
vt 0.993075 0.645320
vt 0.993072 0.651810
vt 0.733318 0.273413
vt 0.739809 0.176476
vt 0.739809 0.273448
vt 0.859835 0.865444
vt 0.866321 0.773402
vt 0.866321 0.865614
vt 0.149201 0.841969
vt 0.155691 0.709573
vt 0.155691 0.846399
vt 0.538306 0.992701
vt 0.538306 0.999191
vt 0.162368 0.849538
vt 0.155878 0.717142
vt 0.985255 0.625849
vt 0.993083 0.619359
vt 0.993081 0.625849
vt 0.853344 0.868879
vt 0.859835 0.775278
vt 0.859835 0.868914
vt 0.857619 0.485339
vt 0.864106 0.396579
vt 0.864106 0.485509
vt 0.266561 0.528121
vt 0.273051 0.296621
vt 0.273051 0.528121
vt 0.955843 0.741959
vt 0.962332 0.752873
vt 0.955843 0.752889
vt 0.521375 0.008869
vt 0.527865 0.240368
vt 0.521375 0.240368
vt 0.628419 0.999215
vt 0.632861 0.992701
vt 0.632861 0.999191
vt 0.357557 0.481475
vt 0.351215 0.665409
vt 0.351066 0.481475
vt 0.655071 0.000000
vt 0.661412 0.185428
vt 0.654922 0.185404
vt 0.521375 0.268516
vt 0.514885 0.008869
vt 0.521375 0.000000
vt 0.337749 0.298748
vt 0.331297 0.287753
vt 0.337787 0.287777
vt 0.508394 0.000000
vt 0.606211 0.999215
vt 0.610653 0.992701
vt 0.610653 0.999191
vt 0.330961 0.287753
vt 0.324620 0.501098
vt 0.331259 0.298724
vt 0.337600 0.499023
vt 0.331110 0.498999
vt 0.305503 0.506551
vt 0.299013 0.296991
vt 0.305503 0.287753
vt 0.155840 0.547933
vt 0.155878 0.536677
vt 0.286032 0.506551
vt 0.286032 0.287753
vt 0.668393 0.999215
vt 0.672835 0.992701
vt 0.672835 0.999191
vt 0.331259 0.672865
vt 0.331110 0.499023
vt 0.149350 0.547909
vt 0.149201 0.709549
vt 0.279541 0.296621
vt 0.279541 0.528121
vt 0.775958 0.973861
vt 0.782447 0.984774
vt 0.775958 0.984791
vt 0.260070 0.296621
vt 0.632861 0.999215
vt 0.637302 0.992701
vt 0.637302 0.999191
vt 0.350917 0.481475
vt 0.344576 0.665409
vt 0.344427 0.481475
vt 0.337936 0.481475
vt 0.344277 0.666902
vt 0.337787 0.666878
vt 0.128546 0.781689
vt 0.543463 0.992701
vt 0.543463 0.999191
vt 0.791497 0.424254
vt 0.785006 0.428673
vt 0.985255 0.638830
vt 0.993076 0.632339
vt 0.993073 0.638830
vt 0.668052 0.276630
vt 0.674542 0.176476
vt 0.674542 0.276664
vt 0.648432 0.281413
vt 0.654918 0.186215
vt 0.654918 0.281584
vt 0.832895 0.663512
vt 0.826404 0.800795
vt 0.564091 0.999191
vt 0.569247 0.992701
vt 0.569247 0.999191
vt 0.828481 0.282272
vt 0.834972 0.419555
vt 0.828481 0.423972
vt 0.985255 0.658301
vt 0.993075 0.651810
vt 0.993072 0.658301
vt 0.739809 0.273413
vt 0.746299 0.176476
vt 0.746299 0.273448
vt 0.864106 0.482360
vt 0.870592 0.390318
vt 0.870592 0.482530
vt 0.825154 0.274096
vt 0.831644 0.141700
vt 0.831644 0.278525
vt 0.548620 0.992701
vt 0.168859 0.849538
vt 0.162368 0.717142
vt 0.985255 0.632339
vt 0.993083 0.625849
vt 0.993081 0.632339
vt 0.746299 0.270077
vt 0.752789 0.176476
vt 0.752789 0.270112
vt 0.128546 0.875037
vt 0.135032 0.786278
vt 0.135032 0.875207
vt 0.883573 0.476271
vt 0.887931 0.457257
vt 0.887931 0.476157
vt 0.723357 0.992701
vt 0.726395 0.997159
vt 0.723357 0.997143
vt 0.234285 0.958163
vt 0.250447 0.955214
vt 0.250447 0.974119
vt 0.717679 0.955179
vt 0.734328 0.958068
vt 0.717680 0.974084
vt 0.858427 0.137102
vt 0.851937 0.116148
vt 0.676840 0.939254
vt 0.683330 0.960203
vt 0.676840 0.960203
vt 0.287550 0.901438
vt 0.291908 0.882423
vt 0.291908 0.901324
vt 0.726395 0.992701
vt 0.729433 0.997159
vt 0.726395 0.997143
vt 0.250447 0.958163
vt 0.266609 0.955214
vt 0.266609 0.974119
vt 0.701031 0.955179
vt 0.717679 0.958068
vt 0.701031 0.974084
vt 0.946408 0.385196
vt 0.939918 0.364243
vt 0.946408 0.364243
vt 0.956710 0.020949
vt 0.963201 0.041899
vt 0.956710 0.041899
vt 0.590139 0.971698
vt 0.583652 0.984226
vt 0.583652 0.971528
vt 0.961381 0.358980
vt 0.954880 0.356902
vt 0.961370 0.356901
vt 0.617243 0.973386
vt 0.614205 0.952453
vt 0.633110 0.952319
vt 0.611167 0.973386
vt 0.595300 0.952319
vt 0.864940 0.972586
vt 0.858450 0.956029
vt 0.864940 0.956029
vt 0.954891 0.330662
vt 0.973308 0.971848
vt 0.966822 0.984376
vt 0.966822 0.971677
vt 0.961381 0.387300
vt 0.954880 0.385221
vt 0.961370 0.385220
vt 0.636149 0.973386
vt 0.633110 0.952453
vt 0.652016 0.952319
vt 0.957700 0.940643
vt 0.954662 0.961575
vt 0.938795 0.940508
vt 0.858450 0.972586
vt 0.851960 0.956029
vt 0.954891 0.358981
vt 0.946078 0.472855
vt 0.939592 0.485383
vt 0.939592 0.472684
vt 0.707531 0.484433
vt 0.701029 0.482354
vt 0.707519 0.482354
vt 0.150146 0.973027
vt 0.147108 0.952095
vt 0.166013 0.951960
vt 0.865004 0.259280
vt 0.861966 0.280212
vt 0.851960 0.972586
vt 0.845469 0.956029
vt 0.701040 0.456115
vt 0.287550 0.882423
vt 0.291908 0.863409
vt 0.291908 0.882309
vt 0.720319 0.992701
vt 0.723357 0.997159
vt 0.720319 0.997143
vt 0.750490 0.958068
vt 0.766652 0.955119
vt 0.766652 0.974024
vt 0.567004 0.954974
vt 0.583652 0.957863
vt 0.567004 0.973880
vt 0.854117 0.653807
vt 0.847626 0.632854
vt 0.854117 0.632854
vt 0.956710 0.000000
vt 0.963201 0.020949
vt 0.529040 0.567859
vt 0.535531 0.558621
vt 0.761965 0.159734
vt 0.755513 0.148454
vt 0.762003 0.148478
vt 0.516059 0.567859
vt 0.509569 0.724846
vt 0.695043 0.999215
vt 0.699485 0.992701
vt 0.699485 0.999191
vt 0.201161 0.714001
vt 0.194820 0.846072
vt 0.194671 0.714001
vt 0.755475 0.159710
vt 0.761816 0.280823
vt 0.755326 0.280799
vt 0.877422 0.388279
vt 0.881780 0.369264
vt 0.881780 0.388165
vt 0.729433 0.992701
vt 0.732471 0.997159
vt 0.729433 0.997142
vt 0.750490 0.955119
vt 0.750490 0.974024
vt 0.684382 0.955179
vt 0.701031 0.958068
vt 0.684383 0.974084
vt 0.948390 0.829049
vt 0.941899 0.808095
vt 0.948390 0.808095
vt 0.955843 0.720993
vt 0.962334 0.741943
vt 0.955843 0.741943
vt 0.836651 0.141138
vt 0.831645 0.282218
vt 0.831645 0.141156
vt 0.287545 0.992701
vt 0.144044 0.841735
vt 0.149198 0.700672
vt 0.149201 0.841735
vt 0.345959 0.999191
vt 0.841009 0.141085
vt 0.841009 0.000024
vt 0.834972 0.423410
vt 0.839330 0.282272
vt 0.839330 0.423296
vt 0.841009 0.000000
vt 0.836003 0.141080
vt 0.836003 0.000018
vt 0.352449 0.992701
vt 0.352449 0.999191
vt 0.839333 0.423336
vt 0.844487 0.282272
vt 0.844489 0.423336
vt 0.430334 0.992701
vt 0.841657 0.282223
vt 0.841657 0.141162
vt 0.832895 0.800233
vt 0.837253 0.659095
vt 0.837253 0.800119
vt 0.841657 0.141138
vt 0.836651 0.282218
vt 0.836651 0.141156
vt 0.358940 0.992701
vt 0.358940 0.999191
vt 0.837256 0.800158
vt 0.842410 0.659095
vt 0.842413 0.800158
vt 0.365430 0.992701
vt 0.846854 0.659095
vt 0.842413 0.800180
vt 0.842413 0.659119
vt 0.831645 0.141138
vt 0.836003 -0.000000
vt 0.836003 0.141023
vt 0.885941 0.659095
vt 0.202983 0.999304
vt 0.207341 0.992701
vt 0.207341 0.999190
vt 0.141523 0.786108
vt 0.135032 0.873100
vt 0.135032 0.786108
vt 0.610653 0.999215
vt 0.615094 0.992701
vt 0.615094 0.999191
vt 0.124018 0.804054
vt 0.117528 0.873158
vt 0.117528 0.804040
vt 0.880928 0.573167
vt 0.887418 0.640276
vt 0.880928 0.640267
vt 0.887422 0.573167
vt 0.880932 0.486175
vt 0.887422 0.486175
vt 0.207341 0.999304
vt 0.211699 0.992701
vt 0.211699 0.999189
vt 0.874441 0.486175
vt 0.637302 0.999215
vt 0.641744 0.992701
vt 0.641744 0.999191
vt 0.111037 0.804054
vt 0.104547 0.873158
vt 0.104547 0.804040
vt 0.890063 0.457257
vt 0.883573 0.457247
vt 0.968820 0.708295
vt 0.962334 0.720823
vt 0.962334 0.708125
vt 0.948443 0.719334
vt 0.954922 0.717254
vt 0.954934 0.719333
vt 0.945999 0.572906
vt 0.942961 0.551974
vt 0.961866 0.551839
vt 0.676840 0.939388
vt 0.673801 0.960321
vt 0.657934 0.939254
vt 0.207801 0.972684
vt 0.201311 0.956126
vt 0.207801 0.956126
vt 0.948443 0.691015
vt 0.948432 0.717255
vt 0.522550 0.567859
vt 0.529040 0.558621
vt 0.188479 0.723993
vt 0.182026 0.712712
vt 0.188517 0.712736
vt 0.516059 0.724846
vt 0.516059 0.558621
vt 0.686160 0.999215
vt 0.690602 0.992701
vt 0.690602 0.999191
vt 0.850980 0.282272
vt 0.844639 0.414344
vt 0.844489 0.282272
vt 0.181989 0.723969
vt 0.188330 0.845081
vt 0.181839 0.845057
vt 0.858427 0.118202
vt 0.862785 0.136988
vt 0.735510 0.992717
vt 0.732471 0.997143
vt 0.732471 0.992701
vt 0.283907 0.970695
vt 0.267258 0.973584
vt 0.267258 0.954678
vt 0.329148 0.973036
vt 0.312986 0.970207
vt 0.329148 0.954131
vt 0.952899 0.364243
vt 0.963200 0.062835
vt 0.956710 0.062835
vt 0.128376 0.858744
vt 0.124018 0.877758
vt 0.124018 0.858858
vt 0.738548 0.992717
vt 0.735510 0.997143
vt 0.735510 0.992701
vt 0.792607 0.970806
vt 0.775958 0.973695
vt 0.775958 0.954789
vt 0.944298 0.720469
vt 0.928136 0.717640
vt 0.944298 0.701564
vt 0.908641 0.936100
vt 0.902151 0.957054
vt 0.902151 0.936100
vt 0.957111 0.185364
vt 0.963602 0.206301
vt 0.947819 0.140863
vt 0.954305 0.128334
vt 0.954305 0.141033
vt 0.992509 0.985392
vt 0.994588 0.991872
vt 0.992509 0.991883
vt 0.886947 0.280212
vt 0.883909 0.259280
vt 0.902814 0.259145
vt 0.820270 0.952847
vt 0.817232 0.973779
vt 0.801365 0.952712
vt 0.487293 0.973159
vt 0.480804 0.956878
vt 0.487294 0.956902
vt 0.954934 0.691015
vt 0.961425 0.717389
vt 0.954934 0.717389
vt 0.955464 0.551622
vt 0.961950 0.539093
vt 0.961950 0.551792
vt 0.703643 0.992712
vt 0.705722 0.999191
vt 0.703643 0.999202
vt 0.868042 0.280212
vt 0.883909 0.259145
vt 0.839175 0.952847
vt 0.836137 0.973779
vt 0.820270 0.952712
vt 0.480802 0.973159
vt 0.474313 0.956878
vt 0.480803 0.956902
vt 0.955464 0.486175
vt 0.961955 0.512549
vt 0.955464 0.512549
vt 0.974461 0.041425
vt 0.980947 0.028897
vt 0.980947 0.041595
vt 0.705722 0.992712
vt 0.707802 0.999191
vt 0.705722 0.999202
vt 0.812854 0.653921
vt 0.809816 0.632988
vt 0.828721 0.632854
vt 0.906323 0.635200
vt 0.903285 0.656133
vt 0.887418 0.635066
vt 0.932547 0.972954
vt 0.926057 0.956673
vt 0.932548 0.956697
vt 0.961955 0.538923
vt 0.955464 0.538923
vt 0.959973 0.804664
vt 0.966459 0.792136
vt 0.966459 0.804835
vt 0.701564 0.992712
vt 0.703643 0.999191
vt 0.701564 0.999202
vt 0.829442 0.821862
vt 0.826404 0.800930
vt 0.845309 0.800795
vt 0.962245 0.753960
vt 0.959207 0.774893
vt 0.943340 0.753825
vt 0.474311 0.973159
vt 0.467821 0.956878
vt 0.474312 0.956902
vt 0.123269 0.933222
vt 0.129760 0.959596
vt 0.123269 0.959596
vt 0.973187 0.832595
vt 0.979673 0.820067
vt 0.979673 0.832766
vt 0.699485 0.992712
vt 0.701564 0.999191
vt 0.699485 0.999202
vt 0.831760 0.653921
vt 0.828721 0.632988
vt 0.199920 0.950573
vt 0.196881 0.971506
vt 0.181015 0.950439
vt 0.493784 0.973159
vt 0.487295 0.956878
vt 0.493785 0.956902
vt 0.960893 0.831804
vt 0.954402 0.831804
vt 0.885941 0.831056
vt 0.892432 0.788817
vt 0.892432 0.831056
vt 0.885941 0.788817
vt 0.892432 0.782892
vt 0.892432 0.831054
vt 0.592886 0.999215
vt 0.597328 0.992701
vt 0.597328 0.999191
vt 0.905102 0.248655
vt 0.911611 0.282241
vt 0.905121 0.282215
vt 0.945303 0.837646
vt 0.938795 0.870229
vt 0.908162 0.048162
vt 0.914653 0.048162
vt 0.330961 0.501098
vt 0.324470 0.507027
vt 0.324470 0.501098
vt 0.330961 0.507027
vt 0.324470 0.549267
vt 0.646185 0.999215
vt 0.650627 0.992701
vt 0.650627 0.999191
vt 0.890385 0.354112
vt 0.883913 0.387648
vt 0.883913 0.349381
vt 0.174543 0.912541
vt 0.181015 0.945119
vt 0.174524 0.945121
vt 0.175349 0.900497
vt 0.181839 0.853107
vt 0.181839 0.900497
vt 0.175349 0.853107
vt 0.878044 0.140306
vt 0.878044 0.086992
vt 0.588444 0.999215
vt 0.592886 0.992701
vt 0.592886 0.999191
vt 0.693422 0.884150
vt 0.699929 0.921826
vt 0.693438 0.921804
vt 0.908657 0.899546
vt 0.902151 0.894977
vt 0.905002 0.712408
vt 0.911492 0.659095
vt 0.911492 0.712408
vt 0.871553 0.092922
vt 0.878044 0.092922
vt 0.871553 0.140312
vt 0.690602 0.999215
vt 0.695043 0.992701
vt 0.695043 0.999191
vt 0.872795 0.877506
vt 0.866321 0.915136
vt 0.866321 0.872777
vt 0.521392 0.244936
vt 0.527865 0.281490
vt 0.521375 0.281490
vt 0.698580 0.879467
vt 0.693422 0.829918
vt 0.698578 0.824786
vt 0.235622 0.992701
vt 0.242112 0.999197
vt 0.235622 0.999197
vt 0.154207 0.851511
vt 0.149201 0.901079
vt 0.149201 0.846399
vt 0.248603 0.992701
vt 0.255093 0.999193
vt 0.248603 0.999193
vt 0.820529 0.267829
vt 0.824970 0.213125
vt 0.824970 0.267805
vt 0.731498 0.441026
vt 0.727140 0.485546
vt 0.727140 0.441141
vt 0.841474 0.485990
vt 0.836316 0.436441
vt 0.841473 0.431309
vt 0.229131 0.999197
vt 0.149047 0.846848
vt 0.144041 0.896415
vt 0.144041 0.841735
vt 0.242112 0.992701
vt 0.242112 0.999193
vt 0.124018 0.858744
vt 0.128460 0.804040
vt 0.128460 0.858720
vt 0.735856 0.441026
vt 0.731498 0.485546
vt 0.731498 0.441140
vt 0.063917 0.984869
vt 0.069717 0.972866
vt 0.069717 0.984869
vt 0.072991 0.992680
vt 0.080290 0.985381
vt 0.080290 0.992680
vt 0.557095 0.972727
vt 0.551465 0.984750
vt 0.551465 0.972747
vt 0.036495 0.992680
vt 0.043795 0.985381
vt 0.043795 0.992680
vt 0.979673 0.831927
vt 0.984668 0.819897
vt 0.984668 0.831900
vt 0.200901 0.971528
vt 0.196000 0.983656
vt 0.196000 0.971656
vt 0.222399 0.972635
vt 0.229698 0.956126
vt 0.229698 0.972635
vt 0.197184 1.000000
vt 0.202983 0.992701
vt 0.202983 1.000000
vt 0.014598 0.972866
vt 0.021897 0.956357
vt 0.021897 0.972866
vt 0.612078 0.985381
vt 0.606448 0.992701
vt 0.606448 0.985402
vt 0.449859 0.984759
vt 0.457158 0.973500
vt 0.457158 0.984798
vt 0.827564 0.984890
vt 0.834859 0.973992
vt 0.834859 0.985081
vt 0.972486 0.500615
vt 0.978285 0.486175
vt 0.978286 0.500615
vt 0.167879 0.992680
vt 0.175178 0.985381
vt 0.175178 0.992680
vt 0.950055 0.961618
vt 0.955685 0.976037
vt 0.950055 0.976058
vt 0.087589 0.985381
vt 0.087589 0.992680
vt 0.972615 0.651381
vt 0.977610 0.636914
vt 0.977610 0.651354
vt 0.937449 0.956673
vt 0.932548 0.971238
vt 0.932548 0.956802
vt 0.976840 0.861367
vt 0.984139 0.847540
vt 0.984139 0.861367
vt 0.957712 0.992680
vt 0.963511 0.985381
vt 0.963511 0.992680
vt 0.977709 0.884055
vt 0.985008 0.870229
vt 0.985008 0.884055
vt 0.606448 0.985381
vt 0.600818 0.992701
vt 0.600818 0.985402
vt 0.994717 0.335600
vt 0.985294 0.328301
vt 0.994757 0.328301
vt 0.994543 0.488837
vt 0.985447 0.481543
vt 0.994734 0.481543
vt 0.589452 0.971528
vt 0.595251 0.954825
vt 0.595252 0.971528
vt 0.992554 0.738591
vt 0.985255 0.731292
vt 0.992554 0.731292
vt 0.967585 0.519621
vt 0.961955 0.536344
vt 0.961955 0.519642
vt -0.000000 0.992680
vt 0.007299 0.985381
vt 0.007299 0.992680
vt 0.966822 0.957237
vt 0.971817 0.940508
vt 0.971817 0.957210
vt 0.397313 0.924995
vt 0.392412 0.941821
vt 0.392412 0.925123
vt 0.977709 0.898522
vt 0.985008 0.884695
vt 0.985008 0.898522
vt 0.946113 0.992680
vt 0.951912 0.985381
vt 0.951912 0.992680
vt 0.977399 0.234589
vt 0.984698 0.220762
vt 0.984698 0.234589
vt 0.640228 0.985381
vt 0.634598 0.992701
vt 0.634598 0.985402
vt 0.994718 0.328301
vt 0.985295 0.321002
vt 0.994757 0.321002
vt 0.994543 0.510721
vt 0.985447 0.503426
vt 0.994734 0.503426
vt 0.075516 0.972866
vt 0.075517 0.984869
vt 0.992554 0.745890
vt 0.985255 0.738591
vt 0.549796 0.972727
vt 0.544166 0.984750
vt 0.544166 0.972747
vt 0.014598 0.985381
vt 0.014598 0.992680
vt 0.035767 0.984917
vt 0.040762 0.972887
vt 0.040762 0.984890
vt 0.959206 0.128164
vt 0.954305 0.140293
vt 0.954305 0.128293
vt 0.968515 0.484120
vt 0.975814 0.469680
vt 0.975814 0.484120
vt 0.023198 1.000000
vt 0.028997 0.992701
vt 0.028998 1.000000
vt 0.968515 0.469680
vt 0.975814 0.455240
vt 0.617708 0.985381
vt 0.612078 0.992701
vt 0.612078 0.985402
vt 0.995137 0.175103
vt 0.985295 0.167804
vt 0.995177 0.167804
vt 0.994955 0.240762
vt 0.985447 0.233468
vt 0.995146 0.233468
vt 0.583653 0.971528
vt 0.589452 0.954825
vt 0.985255 0.935666
vt 0.992554 0.928367
vt 0.992554 0.935666
vt 0.967585 0.502898
vt 0.961955 0.519621
vt 0.961955 0.502919
vt 0.985255 0.942966
vt 0.992554 0.935667
vt 0.992554 0.942966
vt 0.967055 0.707744
vt 0.972050 0.691015
vt 0.972050 0.707717
vt 0.916393 0.703322
vt 0.911492 0.720148
vt 0.911492 0.703450
vt 0.975919 0.586994
vt 0.983218 0.573167
vt 0.983218 0.586994
vt 0.986710 0.992680
vt 0.992509 0.985381
vt 0.992509 0.992680
vt 0.977610 0.636274
vt 0.984909 0.622447
vt 0.984909 0.636274
vt 0.589557 0.985381
vt 0.583927 0.992701
vt 0.583927 0.985402
vt 0.994717 0.342898
vt 0.985294 0.335600
vt 0.994757 0.335600
vt 0.994542 0.445070
vt 0.985447 0.437775
vt 0.994734 0.437775
vt 0.972486 0.515055
vt 0.978285 0.500615
vt 0.978285 0.515055
vt 0.299263 0.992680
vt 0.306562 0.985381
vt 0.306562 0.992680
vt 0.179345 0.961824
vt 0.173715 0.976285
vt 0.173715 0.961845
vt 0.992554 0.804283
vt 0.985255 0.796983
vt 0.992554 0.796983
vt 0.972714 0.901231
vt 0.977709 0.886764
vt 0.977709 0.901204
vt 0.970737 0.675798
vt 0.965836 0.690362
vt 0.965836 0.675926
vt 0.968619 0.587607
vt 0.975919 0.573167
vt 0.975919 0.587607
vt 0.969311 0.985381
vt 0.969311 0.992680
vt 0.427962 0.973461
vt 0.435261 0.959021
vt 0.435261 0.973461
vt 0.600818 0.985381
vt 0.595187 0.992701
vt 0.595187 0.985402
vt 0.995137 0.131309
vt 0.985294 0.124010
vt 0.995176 0.124010
vt 0.994954 0.233468
vt 0.985447 0.226173
vt 0.995146 0.226173
vt 0.983479 0.705455
vt 0.977849 0.719302
vt 0.977849 0.705475
vt 0.094888 0.985381
vt 0.094888 0.992680
vt 0.979116 0.971064
vt 0.984915 0.957237
vt 0.984916 0.971064
vt 0.510936 0.992680
vt 0.518236 0.985381
vt 0.518236 0.992680
vt 0.985255 0.014461
vt 0.980260 0.028314
vt 0.980260 0.014488
vt 0.961216 0.485894
vt 0.966117 0.471942
vt 0.966117 0.485765
vt 0.961381 0.347364
vt 0.968680 0.330662
vt 0.968680 0.347364
vt 0.975111 0.992680
vt 0.980910 0.985381
vt 0.980910 0.992680
vt 0.960893 0.822132
vt 0.968192 0.805430
vt 0.968192 0.822132
vt 0.651488 0.985381
vt 0.645858 0.992701
vt 0.645858 0.985402
vt 0.602599 0.984838
vt 0.609898 0.973447
vt 0.609898 0.984877
vt 0.617197 0.984627
vt 0.624491 0.973599
vt 0.624491 0.984818
vt 0.128899 0.959596
vt 0.123269 0.974057
vt 0.123269 0.959617
vt 0.051094 0.992680
vt 0.058393 0.985381
vt 0.058393 0.992680
vt 0.972486 0.529495
vt 0.978285 0.529495
vt 0.467142 0.992680
vt 0.474441 0.985381
vt 0.474441 0.992680
vt 0.979116 0.957237
vt 0.974121 0.971704
vt 0.974121 0.957264
vt 0.953615 0.485021
vt 0.958516 0.470456
vt 0.958516 0.484892
vt 0.222399 0.984638
vt 0.229698 0.984638
vt 0.888118 0.992680
vt 0.893917 0.985381
vt 0.893917 0.992680
vt 0.907580 0.390121
vt 0.914879 0.378118
vt 0.914879 0.390121
vt 0.595187 0.985381
vt 0.589557 0.992701
vt 0.589557 0.985402
vt 0.993470 0.597462
vt 0.985294 0.590163
vt 0.993509 0.590163
vt 0.993318 0.575565
vt 0.985447 0.568271
vt 0.993509 0.568271
vt 0.983339 0.926176
vt 0.977709 0.940023
vt 0.977709 0.926197
vt 0.226272 0.992680
vt 0.233571 0.985381
vt 0.233571 0.992680
vt 0.978321 0.124512
vt 0.984120 0.110685
vt 0.984121 0.124512
vt 0.240870 0.985381
vt 0.240870 0.992680
vt 0.906337 0.971494
vt 0.901342 0.985347
vt 0.901342 0.971521
vt 0.107165 0.980006
vt 0.112066 0.966055
vt 0.112066 0.979877
vt 0.961381 0.380769
vt 0.968681 0.364067
vt 0.968681 0.380769
vt 0.986709 0.985381
vt 0.960420 0.922071
vt 0.967719 0.905368
vt 0.967719 0.922071
vt 0.645858 0.985381
vt 0.640228 0.992701
vt 0.640228 0.985402
vt 0.320285 0.984675
vt 0.327584 0.973284
vt 0.327584 0.984714
vt 0.435261 0.984680
vt 0.442556 0.973653
vt 0.442556 0.984872
vt 0.041397 0.956357
vt 0.035767 0.972887
vt 0.035767 0.956378
vt 0.021897 0.985381
vt 0.021897 0.992680
vt 0.081317 0.972866
vt 0.087116 0.956357
vt 0.087116 0.972866
vt 0.321160 0.992680
vt 0.328459 0.985381
vt 0.328459 0.992680
vt 0.972714 0.922071
vt 0.967719 0.938607
vt 0.967719 0.922098
vt 0.967585 0.536254
vt 0.972486 0.519621
vt 0.972486 0.536126
vt 0.968619 0.602047
vt 0.975919 0.602047
vt 0.957712 0.985381
vt 0.501084 0.971318
vt 0.508383 0.956878
vt 0.508383 0.971318
vt 0.702158 0.985381
vt 0.696528 0.992701
vt 0.696528 0.985402
vt 0.995137 0.167804
vt 0.985294 0.160505
vt 0.995176 0.160505
vt 0.994955 0.196995
vt 0.985447 0.189700
vt 0.995146 0.189700
vt 0.983495 0.753826
vt 0.977865 0.767673
vt 0.977865 0.753846
vt 0.992554 0.753189
vt 0.985255 0.745890
vt 0.979116 0.984891
vt 0.984915 0.971064
vt 0.984916 0.984891
vt 0.313861 0.985381
vt 0.313861 0.992680
vt 0.289706 0.971381
vt 0.284711 0.985234
vt 0.284711 0.971408
vt 0.112066 0.980006
vt 0.116967 0.966054
vt 0.116967 0.979877
vt 0.961216 0.471942
vt 0.968515 0.455240
vt 0.968515 0.471942
vt 0.899717 0.985381
vt 0.899717 0.992680
vt 0.166013 0.968663
vt 0.173312 0.951960
vt 0.173312 0.968663
vt 0.657118 0.985381
vt 0.651488 0.992701
vt 0.651488 0.985402
vt 0.609898 0.984838
vt 0.617197 0.973447
vt 0.617197 0.984877
vt 0.419722 0.984680
vt 0.427017 0.973653
vt 0.427017 0.984872
vt 0.652016 0.969021
vt 0.657815 0.952319
vt 0.657815 0.969021
vt 0.985255 0.921068
vt 0.992554 0.921068
vt 0.871951 0.945437
vt 0.866321 0.962160
vt 0.866321 0.945458
vt 0.992554 0.884573
vt 0.985255 0.877274
vt 0.992554 0.877274
vt 0.953740 0.437043
vt 0.958735 0.420314
vt 0.958735 0.437017
vt 0.895925 0.123797
vt 0.891024 0.140623
vt 0.891024 0.123925
vt 0.968427 0.419028
vt 0.975726 0.404588
vt 0.975726 0.419028
vt 0.144988 1.000000
vt 0.150787 0.992701
vt 0.150787 1.000000
vt 0.968427 0.433468
vt 0.848538 0.985381
vt 0.842908 0.992701
vt 0.842908 0.985402
vt 0.995137 0.080217
vt 0.985294 0.072918
vt 0.995176 0.072918
vt 0.994955 0.277235
vt 0.985447 0.269940
vt 0.995146 0.269940
vt 0.972050 0.705455
vt 0.977849 0.691015
vt 0.977849 0.705455
vt 0.992554 0.855376
vt 0.985255 0.848077
vt 0.992554 0.848077
vt 0.975031 0.185364
vt 0.969401 0.199825
vt 0.969401 0.185385
vt 0.992554 0.899171
vt 0.985255 0.891872
vt 0.992554 0.891872
vt 0.972870 0.768292
vt 0.977865 0.753825
vt 0.977865 0.768265
vt 0.953615 0.470456
vt 0.948714 0.485021
vt 0.948714 0.470585
vt 0.958601 0.659016
vt 0.965900 0.643121
vt 0.965900 0.659016
vt 0.098592 1.000000
vt 0.104391 0.992701
vt 0.104391 1.000000
vt 0.962334 0.753612
vt 0.969633 0.737717
vt 0.969633 0.753612
vt 0.820388 0.985381
vt 0.814758 0.992701
vt 0.814758 0.985402
vt 0.960893 0.833011
vt 0.968192 0.822172
vt 0.968192 0.833050
vt 0.782447 0.984521
vt 0.789741 0.974036
vt 0.789741 0.984713
vt 0.971817 0.954948
vt 0.977616 0.940508
vt 0.977617 0.954948
vt 0.992554 0.906470
vt 0.985255 0.899171
vt 0.974461 -0.000000
vt 0.968831 0.014461
vt 0.968831 0.000021
vt 0.992554 0.811582
vt 0.985255 0.804283
vt 0.972521 0.139592
vt 0.977516 0.125125
vt 0.977516 0.139565
vt 0.329678 0.845253
vt 0.324777 0.859818
vt 0.324777 0.845382
vt 0.676839 0.974643
vt 0.684139 0.960203
vt 0.684139 0.974643
vt 0.110191 0.992701
vt 0.110191 1.000000
vt 0.657934 0.974783
vt 0.665233 0.960342
vt 0.665233 0.974783
vt 0.826018 0.985381
vt 0.820388 0.992701
vt 0.820388 0.985402
vt 0.995137 0.138608
vt 0.985295 0.131309
vt 0.995177 0.131309
vt 0.994955 0.284529
vt 0.985447 0.277235
vt 0.995146 0.277235
vt 0.963602 0.202067
vt 0.969401 0.185364
vt 0.969401 0.202067
vt 0.992554 0.818881
vt 0.985255 0.811582
vt 0.967496 0.551839
vt 0.961866 0.568562
vt 0.961866 0.551860
vt 0.992554 0.862675
vt 0.985255 0.855376
vt 0.967272 0.791992
vt 0.972267 0.775263
vt 0.972267 0.791965
vt 0.900826 0.123797
vt 0.895925 0.140623
vt 0.895925 0.123925
vt 0.977399 0.249029
vt 0.984698 0.235202
vt 0.984698 0.249029
vt 0.150788 1.000000
vt 0.156587 0.992701
vt 0.156587 1.000000
vt 0.977610 0.650741
vt 0.984909 0.636914
vt 0.984909 0.650741
vt 0.854168 0.985381
vt 0.848538 0.992701
vt 0.848538 0.985402
vt 0.994717 0.357496
vt 0.985294 0.350197
vt 0.994757 0.350197
vt 0.994543 0.459659
vt 0.985447 0.452364
vt 0.994734 0.452364
vt 0.974461 0.028726
vt 0.980260 0.014461
vt 0.980260 0.028726
vt 0.992554 0.950265
vt 0.342370 0.965513
vt 0.336740 0.979799
vt 0.336740 0.965534
vt 0.992554 0.826180
vt 0.985255 0.818881
vt 0.974630 0.056191
vt 0.979625 0.041899
vt 0.979625 0.056164
vt 0.979212 0.374073
vt 0.974311 0.388464
vt 0.974311 0.374202
vt 0.672532 0.960342
vt 0.672532 0.974783
vt 0.115990 0.992701
vt 0.115990 1.000000
vt 0.968515 0.452977
vt 0.975814 0.438537
vt 0.975814 0.452977
vt 0.865428 0.985381
vt 0.859798 0.992701
vt 0.859798 0.985402
vt 0.995137 0.145907
vt 0.985294 0.138608
vt 0.995176 0.138608
vt 0.994954 0.299118
vt 0.985447 0.291824
vt 0.995146 0.291824
vt 0.972107 0.155578
vt 0.977907 0.141138
vt 0.977907 0.155578
vt 0.065692 0.985381
vt 0.065692 0.992680
vt 0.974461 0.016723
vt 0.968831 0.031184
vt 0.968831 0.016744
vt 0.072991 0.985381
vt 0.392412 0.973017
vt 0.397407 0.958550
vt 0.397407 0.972990
vt 0.950030 0.423728
vt 0.945129 0.438293
vt 0.945129 0.423857
vt 0.215100 0.984638
vt 0.831648 0.985381
vt 0.826018 0.992701
vt 0.826018 0.985402
vt 0.373084 0.984270
vt 0.380383 0.972267
vt 0.380383 0.984270
vt 0.975110 0.985381
vt 0.975110 0.992680
vt 0.985294 0.582864
vt 0.993470 0.590163
vt 0.985255 0.590163
vt 0.985447 0.546387
vt 0.993318 0.553682
vt 0.985255 0.553682
vt 0.075517 0.972866
vt 0.081316 0.956357
vt 0.081316 0.972866
vt 0.503637 0.992680
vt 0.510936 0.985381
vt 0.027527 0.956357
vt 0.021897 0.972887
vt 0.021897 0.956378
vt 0.350356 0.985381
vt 0.357655 0.992680
vt 0.350356 0.992680
vt 0.968192 0.821966
vt 0.973187 0.805430
vt 0.973187 0.821939
vt 0.972615 0.639080
vt 0.967714 0.655713
vt 0.967714 0.639209
vt 0.405124 0.973461
vt 0.412423 0.959021
vt 0.412423 0.973461
vt 0.662748 0.985381
vt 0.657118 0.992701
vt 0.657118 0.985402
vt 0.522982 0.971318
vt 0.530281 0.956878
vt 0.530281 0.971318
vt 0.928714 0.992680
vt 0.934514 0.985381
vt 0.934514 0.992680
vt 0.985294 0.080217
vt 0.995137 0.087516
vt 0.985255 0.087516
vt 0.985447 0.248057
vt 0.994955 0.255351
vt 0.985255 0.255351
vt 0.978801 0.264855
vt 0.984601 0.251028
vt 0.984601 0.264855
vt 0.481740 0.985381
vt 0.481740 0.992680
vt 0.983915 0.486175
vt 0.978285 0.500022
vt 0.978285 0.486196
vt 0.335758 0.985381
vt 0.343057 0.992680
vt 0.335758 0.992680
vt 0.980258 0.751570
vt 0.985253 0.737717
vt 0.985253 0.751543
vt 0.980715 0.469680
vt 0.975814 0.483631
vt 0.975814 0.469808
vt 0.960420 0.886931
vt 0.967719 0.870229
vt 0.967719 0.886931
vt 0.752828 0.985381
vt 0.747198 0.992701
vt 0.747198 0.985402
vt 0.960321 0.129650
vt 0.967620 0.112947
vt 0.967620 0.129650
vt 0.162386 0.992701
vt 0.162386 1.000000
vt 0.488102 0.973198
vt 0.480803 0.984590
vt 0.480803 0.973159
vt 0.640405 0.973599
vt 0.633110 0.984627
vt 0.633110 0.973408
vt 0.932548 0.985065
vt 0.938347 0.971238
vt 0.938347 0.985065
vt 0.357655 0.985381
vt 0.364954 0.992680
vt 0.977954 0.721014
vt 0.983584 0.734820
vt 0.977954 0.734841
vt 0.364954 0.985381
vt 0.372254 0.992680
vt 0.181015 0.985381
vt 0.186010 0.971528
vt 0.186010 0.985354
vt 0.980627 0.419028
vt 0.975726 0.432979
vt 0.975726 0.419157
vt 0.852768 0.984590
vt 0.860067 0.972587
vt 0.860067 0.984590
vt 0.668378 0.985381
vt 0.662748 0.992701
vt 0.662748 0.985402
vt 0.845469 0.984590
vt 0.852768 0.972587
vt 0.121790 0.992701
vt 0.121790 1.000000
vt 0.985294 0.612060
vt 0.993470 0.619359
vt 0.985255 0.619359
vt 0.985447 0.539093
vt 0.993318 0.546387
vt 0.985255 0.546387
vt 0.972522 0.125125
vt 0.978321 0.110685
vt 0.978321 0.125125
vt 0.547432 0.992680
vt 0.554731 0.985381
vt 0.554731 0.992680
vt 0.974630 0.041899
vt 0.969000 0.056359
vt 0.969000 0.041919
vt 0.372254 0.985381
vt 0.379553 0.992680
vt 0.973806 0.279962
vt 0.978801 0.265495
vt 0.978801 0.279935
vt 0.965836 0.675798
vt 0.960935 0.690362
vt 0.960935 0.675926
vt 0.766978 0.963593
vt 0.774278 0.946890
vt 0.774278 0.963593
vt 0.837278 0.985381
vt 0.831648 0.992701
vt 0.831648 0.985402
vt 0.959813 0.157840
vt 0.967112 0.141138
vt 0.967112 0.157840
vt 0.127589 0.992701
vt 0.127589 1.000000
vt 0.923255 0.973221
vt 0.915956 0.984612
vt 0.915956 0.973182
vt 0.647699 0.973599
vt 0.640405 0.984627
vt 0.640405 0.973408
vt 0.979212 0.387900
vt 0.985011 0.374073
vt 0.985011 0.387900
vt 0.189776 0.992680
vt 0.197075 0.985381
vt 0.197075 0.992680
vt 0.983690 0.282272
vt 0.978060 0.296120
vt 0.978060 0.282293
vt 0.379553 0.985381
vt 0.386852 0.992680
vt 0.186010 0.985381
vt 0.191005 0.971528
vt 0.191005 0.985354
vt 0.980715 0.452489
vt 0.975814 0.466440
vt 0.975814 0.452617
vt 0.901342 0.971494
vt 0.908641 0.957054
vt 0.908641 0.971494
vt 0.679638 0.985381
vt 0.674008 0.992701
vt 0.674008 0.985402
vt 0.367986 0.957827
vt 0.367986 0.972267
vt 0.086993 1.000000
vt 0.092792 0.992701
vt 0.092792 1.000000
vt 0.985294 0.109413
vt 0.995137 0.116711
vt 0.985255 0.116711
vt 0.985447 0.255351
vt 0.994955 0.262646
vt 0.985255 0.262646
vt 0.564394 0.972727
vt 0.558764 0.984750
vt 0.558764 0.972747
vt 0.000000 0.984869
vt 0.005799 0.972866
vt 0.005800 0.984869
vt 0.992554 0.672899
vt 0.985255 0.665600
vt 0.992554 0.665600
vt 0.046392 0.972887
vt 0.041397 0.984917
vt 0.041397 0.972914
vt 0.590139 0.983656
vt 0.595040 0.971528
vt 0.595040 0.983527
vt 0.215100 0.972635
vt 0.222399 0.956126
vt 0.859798 0.985381
vt 0.854168 0.992701
vt 0.854168 0.985402
vt 0.207801 0.972635
vt 0.215100 0.956126
vt 0.000000 1.000000
vt 0.005799 0.992701
vt 0.005800 1.000000
vt 0.939405 0.270952
vt 0.932106 0.282211
vt 0.932106 0.270913
vt 0.281851 0.973924
vt 0.274557 0.984822
vt 0.274557 0.973733
vt 0.977229 0.206301
vt 0.971599 0.220762
vt 0.971599 0.206322
vt 0.386852 0.985381
vt 0.394151 0.992680
vt 0.972107 0.172307
vt 0.977907 0.157867
vt 0.977907 0.172307
vt 0.992554 0.709394
vt 0.985255 0.702095
vt 0.992554 0.702095
vt 0.977954 0.720993
vt 0.972959 0.735460
vt 0.972959 0.721020
vt 0.945455 0.329669
vt 0.950356 0.315105
vt 0.950356 0.329541
vt 0.977516 0.138952
vt 0.984816 0.125125
vt 0.984816 0.138952
vt 0.792238 0.985381
vt 0.786608 0.992701
vt 0.786608 0.985402
vt 0.976840 0.846906
vt 0.984139 0.833080
vt 0.984139 0.846906
vt 0.011599 0.992701
vt 0.011599 1.000000
vt 0.985294 0.393991
vt 0.994718 0.401290
vt 0.985255 0.401290
vt 0.985447 0.466953
vt 0.994543 0.474248
vt 0.985255 0.474248
vt 0.968831 0.016723
vt 0.963201 0.033446
vt 0.963201 0.016744
vt 0.248169 0.992680
vt 0.248169 0.985381
vt 0.386613 0.971865
vt 0.392412 0.955163
vt 0.392412 0.971865
vt 0.992554 0.680198
vt 0.985255 0.672899
vt 0.972107 0.157867
vt 0.967112 0.174596
vt 0.967112 0.157894
vt 0.916393 0.720148
vt 0.921294 0.703322
vt 0.921294 0.720020
vt 0.872960 0.984815
vt 0.880260 0.970989
vt 0.880260 0.984815
vt 0.797868 0.985381
vt 0.792238 0.992701
vt 0.792238 0.985402
vt 0.887559 0.970989
vt 0.887559 0.984815
vt 0.162387 1.000000
vt 0.168186 0.992701
vt 0.168186 1.000000
vt 0.985294 0.386692
vt 0.994717 0.393991
vt 0.985255 0.393991
vt 0.985447 0.430481
vt 0.994543 0.437775
vt 0.985255 0.437775
vt 0.979116 0.971704
vt 0.973486 0.983728
vt 0.973486 0.971725
vt 0.255468 0.992680
vt 0.014598 0.984869
vt 0.020398 0.972866
vt 0.020398 0.984869
vt 0.992554 0.687497
vt 0.985255 0.680198
vt 0.032522 0.972887
vt 0.027527 0.984917
vt 0.027527 0.972914
vt 0.746299 0.282240
vt 0.751200 0.270112
vt 0.751200 0.282112
vt 0.419722 0.959021
vt 0.419722 0.973461
vt 0.882318 0.985381
vt 0.876688 0.992701
vt 0.876688 0.985402
vt 0.968680 0.345102
vt 0.975980 0.330662
vt 0.975980 0.345102
vt 0.173985 0.992701
vt 0.173985 1.000000
vt 0.985294 0.145907
vt 0.995137 0.153206
vt 0.985255 0.153206
vt 0.985447 0.262646
vt 0.994955 0.269940
vt 0.985255 0.269940
vt 0.096042 0.951489
vt 0.090412 0.968212
vt 0.090412 0.951510
vt 0.102187 0.992680
vt 0.966461 0.298975
vt 0.972260 0.282272
vt 0.972260 0.298975
vt 0.992554 0.658301
vt 0.971599 0.223030
vt 0.966604 0.239759
vt 0.966604 0.223057
vt 0.948390 0.824922
vt 0.953291 0.808095
vt 0.953291 0.824793
vt 0.088743 0.982039
vt 0.096042 0.968212
vt 0.096042 0.982039
vt 0.871058 0.985381
vt 0.865428 0.992701
vt 0.865428 0.985402
vt 0.458821 0.981727
vt 0.466120 0.967901
vt 0.466120 0.981727
vt 0.173986 1.000000
vt 0.179785 0.992701
vt 0.179785 1.000000
vt 0.985294 0.401290
vt 0.994717 0.408589
vt 0.985255 0.408589
vt 0.985447 0.423186
vt 0.994543 0.430481
vt 0.985255 0.430481
vt 0.976839 0.833080
vt 0.971209 0.847540
vt 0.971209 0.833100
vt 0.525535 0.985381
vt 0.525535 0.992680
vt 0.972260 0.311153
vt 0.978059 0.296712
vt 0.978060 0.311153
vt 0.992554 0.723992
vt 0.985255 0.716693
vt 0.992554 0.716693
vt 0.978182 0.805430
vt 0.973187 0.819897
vt 0.973187 0.805457
vt 0.960158 0.329669
vt 0.965059 0.315105
vt 0.965059 0.329541
vt 0.442560 0.959021
vt 0.442560 0.973461
vt 0.046396 1.000000
vt 0.052195 0.992701
vt 0.052196 1.000000
vt 0.968680 0.359542
vt 0.975979 0.345102
vt 0.975979 0.359542
vt 0.623338 0.985381
vt 0.617707 0.992701
vt 0.617707 0.985402
vt 0.995137 0.094815
vt 0.985294 0.087516
vt 0.995176 0.087516
vt 0.994955 0.248057
vt 0.985447 0.240762
vt 0.995146 0.240762
vt 0.966461 0.315677
vt 0.972260 0.315677
vt 0.321160 0.985381
vt 0.967875 0.753825
vt 0.962245 0.770549
vt 0.962245 0.753846
vt 0.992554 0.760488
vt 0.985255 0.753189
vt 0.135711 0.970180
vt 0.140706 0.953451
vt 0.140706 0.970154
vt 0.134661 0.933222
vt 0.129760 0.950048
vt 0.129760 0.933351
vt 0.975918 0.601434
vt 0.983218 0.587607
vt 0.983218 0.601434
vt 0.040597 1.000000
vt 0.046396 0.992701
vt 0.977709 0.926176
vt 0.985008 0.912349
vt 0.985008 0.926176
vt 0.985255 0.979461
vt 0.992575 0.985091
vt 0.985276 0.985091
vt 0.994717 0.372094
vt 0.985294 0.364795
vt 0.994757 0.364795
vt 0.994543 0.452364
vt 0.985447 0.445070
vt 0.994734 0.445070
vt 0.972492 0.566279
vt 0.978291 0.551839
vt 0.978291 0.566279
vt 0.109486 0.985381
vt 0.109486 0.992680
vt 0.976367 0.675798
vt 0.970737 0.690259
vt 0.970737 0.675819
vt 0.992554 0.767787
vt 0.985255 0.760488
vt 0.972714 0.917934
vt 0.977709 0.903467
vt 0.977709 0.917907
vt 0.945455 0.315105
vt 0.940554 0.329669
vt 0.940554 0.315233
vt 0.035767 0.956357
vt 0.030137 0.972887
vt 0.030137 0.956378
vt 0.992554 0.775086
vt 0.985255 0.767787
vt 0.063918 0.972866
vt 0.069717 0.956357
vt 0.394151 0.985381
vt 0.401450 0.992680
vt 0.972870 0.753825
vt 0.967875 0.770361
vt 0.967875 0.753852
vt 0.967585 0.502808
vt 0.972486 0.486175
vt 0.972486 0.502679
vt 0.974121 0.957237
vt 0.974121 0.971677
vt 0.905516 0.992680
vt 0.911316 0.985381
vt 0.911316 0.992680
vt 0.968234 0.673535
vt 0.975533 0.659095
vt 0.975533 0.673535
vt 0.628968 0.985381
vt 0.623338 0.992701
vt 0.623338 0.985402
vt 0.995137 0.182402
vt 0.985294 0.175103
vt 0.995176 0.175103
vt 0.994955 0.306413
vt 0.985447 0.299118
vt 0.995146 0.299118
vt 0.983479 0.691015
vt 0.977849 0.704862
vt 0.977849 0.691035
vt 0.992554 0.782385
vt 0.985255 0.775086
vt 0.978286 0.528882
vt 0.984085 0.515055
vt 0.984085 0.528882
vt 0.569329 0.992680
vt 0.576628 0.985381
vt 0.576628 0.992680
vt 0.797602 0.971492
vt 0.792607 0.985345
vt 0.792607 0.971519
vt 0.727179 0.658828
vt 0.732080 0.644876
vt 0.732080 0.658699
vt 0.961216 0.455240
vt 0.968515 0.438537
vt 0.917115 0.985381
vt 0.917115 0.992680
vt 0.960420 0.938773
vt 0.967719 0.938773
vt 0.719048 0.985381
vt 0.713418 0.992701
vt 0.713418 0.985402
vt 0.312986 0.984675
vt 0.320285 0.973284
vt 0.320285 0.984714
vt 0.427962 0.984680
vt 0.435256 0.973652
vt 0.435256 0.984872
vt 0.966856 0.536344
vt 0.961955 0.550909
vt 0.961955 0.536473
vt 0.974155 0.550811
vt 0.979150 0.536344
vt 0.979150 0.550784
vt 0.401450 0.985381
vt 0.408749 0.992680
vt 0.866321 0.962181
vt 0.871951 0.976600
vt 0.866321 0.976621
vt 0.408749 0.985381
vt 0.416048 0.992680
vt 0.972522 0.110685
vt 0.978321 0.096245
vt 0.515683 0.956878
vt 0.515683 0.971318
vt 0.780978 0.985381
vt 0.775348 0.992701
vt 0.775348 0.985402
vt 0.968619 0.616488
vt 0.975919 0.616488
vt 0.057995 0.992701
vt 0.057995 1.000000
vt 0.985294 0.153206
vt 0.995137 0.160505
vt 0.985255 0.160505
vt 0.985447 0.204289
vt 0.994955 0.211584
vt 0.985255 0.211584
vt 0.968831 0.000000
vt 0.963201 0.016723
vt 0.963201 0.000021
vt 0.116785 0.992680
vt 0.141178 0.970050
vt 0.146977 0.953347
vt 0.146977 0.970050
vt 0.992554 0.694796
vt 0.985255 0.687497
vt 0.971599 0.206301
vt 0.966604 0.223030
vt 0.966604 0.206328
vt 0.921294 0.720148
vt 0.926195 0.703322
vt 0.926195 0.720020
vt 0.894858 0.970989
vt 0.894858 0.984815
vt 0.769718 0.985381
vt 0.764088 0.992701
vt 0.764088 0.985402
vt 0.975979 0.358929
vt 0.983279 0.345102
vt 0.983279 0.358929
vt 0.063795 0.992701
vt 0.063795 1.000000
vt 0.985294 0.408589
vt 0.994718 0.415887
vt 0.985255 0.415887
vt 0.985447 0.474248
vt 0.994543 0.481542
vt 0.985255 0.481543
vt 0.976839 0.847540
vt 0.971209 0.862001
vt 0.971209 0.847561
vt 0.532834 0.985381
vt 0.532834 0.992680
vt 0.972267 0.789703
vt 0.978067 0.775263
vt 0.978067 0.789703
vt 0.985255 0.694796
vt 0.977709 0.917934
vt 0.972714 0.932400
vt 0.972714 0.917960
vt 0.950356 0.329669
vt 0.955257 0.315105
vt 0.955257 0.329541
vt 0.959973 0.791966
vt 0.967272 0.775263
vt 0.967272 0.791966
vt 0.814758 0.985381
vt 0.809128 0.992701
vt 0.809128 0.985402
vt 0.959813 0.174543
vt 0.967112 0.174543
vt 0.098592 0.992701
vt 0.930554 0.973222
vt 0.923255 0.984613
vt 0.923255 0.973182
vt 0.405120 0.973653
vt 0.397825 0.984680
vt 0.397825 0.973461
vt 0.493786 0.985145
vt 0.499585 0.971318
vt 0.499585 0.985145
vt 0.540133 0.985381
vt 0.540133 0.992680
vt 0.983697 0.775263
vt 0.978067 0.789111
vt 0.978067 0.775284
vt 0.416048 0.985381
vt 0.423347 0.992680
vt 0.191005 0.985381
vt 0.196000 0.971528
vt 0.196000 0.985354
vt 0.134661 0.966772
vt 0.129760 0.980723
vt 0.129760 0.966900
vt 0.522982 0.956878
vt 0.685268 0.985381
vt 0.679638 0.992701
vt 0.679638 0.985402
vt 0.375285 0.957827
vt 0.375285 0.972267
vt 0.185584 0.992701
vt 0.185584 1.000000
vt 0.985294 0.116711
vt 0.995137 0.124010
vt 0.985255 0.124010
vt 0.985447 0.196995
vt 0.994955 0.204290
vt 0.985255 0.204290
vt 0.977597 0.079491
vt 0.984896 0.065664
vt 0.984896 0.079491
vt 0.017398 0.992701
vt 0.017399 1.000000
vt 0.975980 0.344489
vt 0.983279 0.330662
vt 0.983279 0.344489
vt 0.758458 0.985381
vt 0.752828 0.992701
vt 0.752828 0.985402
vt 0.994718 0.364795
vt 0.985294 0.357496
vt 0.994757 0.357496
vt 0.994543 0.466953
vt 0.985447 0.459659
vt 0.994734 0.459659
vt 0.353800 0.979779
vt 0.359599 0.965513
vt 0.359599 0.979779
vt 0.992554 0.913769
vt 0.985255 0.906470
vt 0.336740 0.965513
vt 0.331110 0.979799
vt 0.331110 0.965534
vt 0.992554 0.833479
vt 0.985255 0.826180
vt 0.975031 0.199657
vt 0.980026 0.185364
vt 0.980026 0.199630
vt 0.979211 0.359542
vt 0.974310 0.373932
vt 0.974310 0.359671
vt 0.449859 0.973461
vt 0.457158 0.959021
vt 0.457158 0.973461
vt 0.185585 1.000000
vt 0.191384 0.992701
vt 0.191384 1.000000
vt 0.966460 0.330117
vt 0.973760 0.315677
vt 0.973760 0.330117
vt 0.842908 0.985381
vt 0.837278 0.992701
vt 0.837278 0.985402
vt 0.995137 0.109413
vt 0.985294 0.102114
vt 0.995176 0.102114
vt 0.994955 0.313707
vt 0.985447 0.306413
vt 0.995146 0.306413
vt 0.766979 0.978033
vt 0.772778 0.963593
vt 0.772778 0.978033
vt 0.182477 0.992680
vt 0.189776 0.985381
vt 0.944425 0.961597
vt 0.938795 0.976058
vt 0.938795 0.961618
vt 0.985255 0.884573
vt 0.972602 0.080131
vt 0.977597 0.065664
vt 0.977597 0.080104
vt 0.850352 0.125124
vt 0.845450 0.139689
vt 0.845450 0.125252
vt 0.978286 0.514442
vt 0.984085 0.500615
vt 0.984085 0.514442
vt 0.489039 0.985381
vt 0.489039 0.992680
vt 0.657646 0.969021
vt 0.652016 0.982869
vt 0.652016 0.969042
vt 0.343057 0.985381
vt 0.979362 0.013853
vt 0.984357 -0.000000
vt 0.984357 0.013827
vt 0.980715 0.438537
vt 0.975814 0.452489
vt 0.975814 0.438666
vt 0.978801 0.279322
vt 0.984600 0.265495
vt 0.984601 0.279322
vt 0.262767 0.992680
vt 0.255468 0.985381
vt 0.262767 0.985381
vt 0.844805 0.969415
vt 0.839175 0.983262
vt 0.839175 0.969435
vt 0.270066 0.992680
vt 0.522982 0.985172
vt 0.527977 0.971318
vt 0.527977 0.985145
vt 0.959143 0.171304
vt 0.954242 0.185256
vt 0.954242 0.171433
vt 0.914457 0.973182
vt 0.920257 0.956673
vt 0.920257 0.973182
vt 0.562030 0.985381
vt 0.562030 0.992680
vt 0.058287 0.956357
vt 0.052657 0.972887
vt 0.052657 0.956378
vt 0.270066 0.985381
vt 0.277365 0.992680
vt 0.967719 0.886764
vt 0.972714 0.870229
vt 0.972714 0.886737
vt 0.972615 0.622447
vt 0.967714 0.639080
vt 0.967714 0.622576
vt 0.978291 0.565666
vt 0.984090 0.551839
vt 0.984091 0.565666
vt 0.423347 0.985381
vt 0.430646 0.992680
vt 0.983537 0.141138
vt 0.977907 0.154985
vt 0.977907 0.141159
vt 0.430646 0.985381
vt 0.437945 0.992680
vt 0.980026 0.199218
vt 0.985021 0.185364
vt 0.985021 0.199191
vt 0.107165 0.966054
vt 0.102263 0.980006
vt 0.102263 0.966183
vt 0.808659 0.973992
vt 0.801365 0.984890
vt 0.801365 0.973801
vt 0.949038 0.174009
vt 0.941739 0.185268
vt 0.941739 0.173970
vt 0.075394 1.000000
vt 0.081193 0.992701
vt 0.081193 1.000000
vt 0.536867 0.972726
vt 0.544166 0.956217
vt 0.544166 0.972726
vt 0.747198 0.985381
vt 0.741568 0.992701
vt 0.741568 0.985402
vt 0.000000 0.972866
vt 0.007299 0.956357
vt 0.007299 0.972866
vt 0.926056 0.956673
vt 0.926057 0.973182
vt 0.496338 0.985381
vt 0.496338 0.992680
vt 0.063917 0.956357
vt 0.058287 0.972887
vt 0.058287 0.956378
vt 0.437945 0.985381
vt 0.445245 0.992680
vt 0.967719 0.921904
vt 0.972714 0.905368
vt 0.972714 0.921877
vt 0.972521 0.112947
vt 0.967620 0.129580
vt 0.967620 0.113076
vt 0.427022 0.959021
vt 0.427022 0.973461
vt 0.690898 0.985381
vt 0.685268 0.992701
vt 0.685268 0.985402
vt 0.382584 0.957827
vt 0.382584 0.972267
vt 0.023198 0.992701
vt 0.985294 0.058320
vt 0.995137 0.065619
vt 0.985255 0.065619
vt 0.985447 0.211584
vt 0.994955 0.218879
vt 0.985255 0.218879
vt 0.900657 0.970989
vt 0.900658 0.984815
vt 0.277365 0.985381
vt 0.284664 0.992680
vt 0.983697 0.789703
vt 0.978067 0.803551
vt 0.978067 0.789724
vt 0.116785 0.985381
vt 0.124085 0.992680
vt 0.979625 0.055752
vt 0.984620 0.041899
vt 0.984620 0.055725
vt 0.980627 0.390148
vt 0.975726 0.404099
vt 0.975726 0.390276
vt 0.960420 0.903634
vt 0.967719 0.903634
vt 0.696528 0.985381
vt 0.690898 0.992701
vt 0.690898 0.985402
vt 0.960321 0.112947
vt 0.967620 0.096245
vt 0.922915 0.985381
vt 0.922915 0.992680
vt 0.915956 0.973221
vt 0.908657 0.984613
vt 0.908657 0.973182
vt 0.412419 0.973653
vt 0.405124 0.984680
vt 0.979150 0.550171
vt 0.984949 0.536344
vt 0.984950 0.550171
vt 0.547432 0.985381
vt 0.983812 0.805430
vt 0.978182 0.819277
vt 0.978182 0.805451
vt 0.445245 0.985381
vt 0.452544 0.992680
vt 0.501084 0.985172
vt 0.506079 0.971318
vt 0.506079 0.985145
vt 0.102263 0.966054
vt 0.097362 0.980006
vt 0.097362 0.966183
vt 0.207801 0.984638
vt 0.713418 0.985381
vt 0.707788 0.992701
vt 0.707788 0.985402
vt 0.385113 0.983868
vt 0.392412 0.983868
vt 0.940313 0.985381
vt 0.940313 0.992680
vt 0.985295 0.604761
vt 0.993470 0.612060
vt 0.985255 0.612060
vt 0.985447 0.560976
vt 0.993318 0.568271
vt 0.985255 0.568271
vt 0.974310 0.374003
vt 0.968680 0.388464
vt 0.968680 0.374024
vt 0.131384 0.985381
vt 0.131384 0.992680
vt 0.971600 0.235202
vt 0.977399 0.220762
vt 0.977399 0.235202
vt 0.182477 0.985381
vt 0.977709 0.870229
vt 0.972713 0.884695
vt 0.972713 0.870255
vt 0.944950 0.621313
vt 0.949851 0.606748
vt 0.949851 0.621184
vt 0.977229 0.220128
vt 0.984528 0.206301
vt 0.984528 0.220128
vt 0.803498 0.985381
vt 0.797868 0.992701
vt 0.797868 0.985402
vt 0.976367 0.689624
vt 0.983666 0.675798
vt 0.983666 0.689624
vt 0.086993 0.992701
vt 0.985294 0.372094
vt 0.994718 0.379393
vt 0.985255 0.379393
vt 0.985447 0.518015
vt 0.994543 0.525309
vt 0.985255 0.525309
vt 0.135390 0.950049
vt 0.129760 0.966772
vt 0.129760 0.950069
vt 0.985255 0.957564
vt 0.992554 0.957564
vt 0.839175 0.969415
vt 0.844974 0.952712
vt 0.844975 0.969415
vt 0.204374 0.985381
vt 0.204374 0.992680
vt 0.958556 0.603334
vt 0.953561 0.620063
vt 0.953561 0.603361
vt 0.898922 0.830027
vt 0.903823 0.813201
vt 0.903823 0.829898
vt 0.977597 0.093958
vt 0.984896 0.080131
vt 0.984896 0.093958
vt 0.741568 0.985381
vt 0.735938 0.992701
vt 0.735938 0.985402
vt 0.135711 0.984007
vt 0.143010 0.970180
vt 0.143010 0.984007
vt 0.069594 1.000000
vt 0.075394 0.992701
vt 0.985294 0.379393
vt 0.994718 0.386692
vt 0.985255 0.386692
vt 0.985447 0.510720
vt 0.994543 0.518015
vt 0.985255 0.518015
vt 0.865697 0.972587
vt 0.860067 0.984610
vt 0.860067 0.972607
vt 0.138683 0.985381
vt 0.138683 0.992680
vt 0.007299 0.984869
vt 0.013098 0.972866
vt 0.013099 0.984869
vt 0.211674 0.985381
vt 0.211674 0.992680
vt 0.026892 0.972887
vt 0.021897 0.984917
vt 0.021897 0.972914
vt 0.972107 0.184435
vt 0.977008 0.172307
vt 0.977008 0.184307
vt 0.966856 0.550784
vt 0.974155 0.536344
vt 0.974155 0.550784
vt 0.133389 1.000000
vt 0.139188 0.992701
vt 0.139188 1.000000
vt 0.449859 0.959021
vt 0.876688 0.985381
vt 0.871058 0.992701
vt 0.871058 0.985402
vt 0.995137 0.102114
vt 0.985294 0.094815
vt 0.995176 0.094815
vt 0.994955 0.291824
vt 0.985447 0.284529
vt 0.995146 0.284529
vt 0.551465 0.956217
vt 0.551465 0.972726
vt 0.069594 0.992701
vt 0.558764 0.956217
vt 0.558764 0.972726
vt 0.764088 0.985381
vt 0.758458 0.992701
vt 0.758458 0.985402
vt 0.442560 0.984759
vt 0.449859 0.973500
vt 0.449859 0.984798
vt 0.808659 0.984890
vt 0.815954 0.973992
vt 0.815954 0.985081
vt 0.963201 0.058601
vt 0.969000 0.041899
vt 0.969000 0.058601
vt 0.992554 0.869975
vt 0.985255 0.862675
vt 0.967055 0.691015
vt 0.961425 0.707738
vt 0.961425 0.691035
vt 0.392412 0.958550
vt 0.397407 0.941821
vt 0.397407 0.958523
vt 0.885829 0.640276
vt 0.880928 0.657103
vt 0.880928 0.640405
vt 0.972050 0.719895
vt 0.977849 0.719895
vt 0.992554 0.972162
vt 0.985255 0.964863
vt 0.992554 0.964863
vt 0.975263 0.737717
vt 0.969633 0.752177
vt 0.969633 0.737737
vt 0.985255 0.913769
vt 0.972602 0.094598
vt 0.977597 0.080131
vt 0.977597 0.094571
vt 0.148942 0.896415
vt 0.144041 0.910980
vt 0.144041 0.896544
vt 0.348000 0.979779
vt 0.353799 0.965513
vt 0.992554 0.840778
vt 0.985255 0.833479
vt 0.348000 0.965513
vt 0.342370 0.979799
vt 0.342370 0.965534
vt 0.975263 0.752009
vt 0.980258 0.737717
vt 0.980258 0.751982
vt 0.979362 -0.000000
vt 0.974460 0.014390
vt 0.974460 0.000129
vt 0.971600 0.249642
vt 0.977399 0.249642
vt 0.985255 0.869975
vt 0.535911 0.956878
vt 0.530281 0.971339
vt 0.530281 0.956899
vt 0.985255 0.840778
vt 0.972615 0.636914
vt 0.977610 0.622447
vt 0.977610 0.636887
vt 0.944950 0.606748
vt 0.940049 0.621313
vt 0.940049 0.606877
vt 0.820270 0.984890
vt 0.827564 0.973992
vt 0.827564 0.985081
vt 0.267258 0.985031
vt 0.274557 0.973772
vt 0.274557 0.985070
vt 0.809128 0.985381
vt 0.803498 0.992701
vt 0.803498 0.985402
vt 0.014598 0.956357
vt 0.139189 1.000000
vt 0.144988 0.992701
vt 0.566063 0.956217
vt 0.566063 0.972726
vt 0.047027 0.956357
vt 0.041397 0.972887
vt 0.041397 0.956378
vt 0.459843 0.985381
vt 0.459843 0.992680
vt 0.075516 0.956357
vt 0.291964 0.992680
vt 0.299263 0.985381
vt 0.972714 0.886931
vt 0.967719 0.903467
vt 0.967719 0.886958
vt 0.967585 0.519531
vt 0.972486 0.502898
vt 0.972486 0.519402
vt 0.405124 0.959021
vt 0.034797 1.000000
vt 0.040596 0.992701
vt 0.493785 0.971318
vt 0.501084 0.956878
vt 0.735938 0.985381
vt 0.730308 0.992701
vt 0.730308 0.985402
vt 0.995137 0.072918
vt 0.985294 0.065619
vt 0.995176 0.065619
vt 0.994955 0.226173
vt 0.985447 0.218879
vt 0.995146 0.218879
vt 0.983537 0.155578
vt 0.977907 0.169425
vt 0.977907 0.155599
vt 0.145982 0.992680
vt 0.978755 0.329504
vt 0.984554 0.315677
vt 0.984554 0.329504
vt 0.029196 0.985381
vt 0.029196 0.992680
vt 0.513379 0.971318
vt 0.508384 0.985172
vt 0.508384 0.971345
vt 0.116967 0.980006
vt 0.121868 0.966054
vt 0.121868 0.979877
vt 0.458821 0.967901
vt 0.466120 0.951198
vt 0.928714 0.985381
vt 0.173715 0.961824
vt 0.181015 0.945121
vt 0.181015 0.961824
vt 0.707788 0.985381
vt 0.702158 0.992701
vt 0.702158 0.985402
vt 0.959813 0.141099
vt 0.967112 0.129707
vt 0.412423 0.984680
vt 0.419718 0.973653
vt 0.419718 0.984872
vt 0.983537 0.169425
vt 0.977907 0.183273
vt 0.977907 0.169446
vt 0.978321 0.110072
vt 0.984120 0.096245
vt 0.984121 0.110072
vt 0.211673 0.992680
vt 0.218973 0.985381
vt 0.218973 0.992680
vt 0.535276 0.971339
vt 0.530281 0.985192
vt 0.530281 0.971366
vt 0.975726 0.418539
vt 0.980627 0.404588
vt 0.980627 0.418411
vt 0.536867 0.984730
vt 0.544166 0.972727
vt 0.544166 0.984730
vt 0.034797 0.992701
vt 0.922178 0.378118
vt 0.922178 0.390121
vt 0.724678 0.985402
vt 0.730308 0.992680
vt 0.724678 0.992701
vt 0.993470 0.582864
vt 0.985294 0.575565
vt 0.993509 0.575565
vt 0.993318 0.560976
vt 0.985447 0.553682
vt 0.993509 0.553682
vt 0.972260 0.296712
vt 0.978059 0.282272
vt 0.978060 0.296712
vt 0.985255 0.709394
vt 0.974310 0.359542
vt 0.968680 0.374003
vt 0.968680 0.359563
vt 0.153281 0.985381
vt 0.153281 0.992680
vt 0.973759 0.330144
vt 0.978754 0.315677
vt 0.978754 0.330117
vt 0.945129 0.423728
vt 0.940228 0.438293
vt 0.940228 0.423857
vt 0.977617 0.954335
vt 0.984916 0.940508
vt 0.984916 0.954335
vt 0.127590 1.000000
vt 0.133389 0.992701
vt 0.166013 0.982489
vt 0.173312 0.982489
vt 0.775348 0.985381
vt 0.769718 0.992701
vt 0.769718 0.985402
vt 0.994718 0.350197
vt 0.985294 0.342899
vt 0.994757 0.342899
vt 0.994543 0.496132
vt 0.985447 0.488837
vt 0.994734 0.488837
vt 0.792607 0.971492
vt 0.798406 0.954789
vt 0.798407 0.971492
vt 0.985255 0.789684
vt 0.992554 0.789684
vt 0.967585 0.486175
vt 0.961955 0.502898
vt 0.961955 0.486196
vt 0.036495 0.985381
vt 0.967112 0.157867
vt 0.972107 0.141138
vt 0.972107 0.157840
vt 0.905728 0.123797
vt 0.900827 0.140623
vt 0.900827 0.123925
vt 0.977709 0.912349
vt 0.197183 0.992701
vt 0.975918 0.615874
vt 0.983218 0.602048
vt 0.983218 0.615874
vt 0.786608 0.985381
vt 0.780978 0.992701
vt 0.780978 0.985402
vt 0.994717 0.423186
vt 0.985294 0.415887
vt 0.994757 0.415887
vt 0.994543 0.503426
vt 0.985447 0.496131
vt 0.994734 0.496131
vt 0.081316 0.984869
vt 0.226272 0.985381
vt 0.206941 0.972684
vt 0.201311 0.984708
vt 0.201311 0.972705
vt 0.291964 0.985381
vt 0.081316 0.984896
vt 0.086311 0.972866
vt 0.086311 0.984869
vt 0.971361 0.792706
vt 0.966459 0.792835
vt 0.052657 0.956357
vt 0.047027 0.972887
vt 0.047027 0.956378
vt 0.160580 0.985381
vt 0.160580 0.992680
vt 0.908658 0.973182
vt 0.914457 0.956673
vt 0.972959 0.720994
vt 0.967964 0.737529
vt 0.967964 0.721020
vt 0.967620 0.112878
vt 0.972521 0.096245
vt 0.972521 0.112749
vt 0.950055 0.961597
vt 0.944425 0.976058
vt 0.944425 0.961618
vt 0.992554 0.979461
vt 0.985255 0.972162
vt 0.972267 0.804143
vt 0.978067 0.804143
vt 0.978801 0.251028
vt 0.973806 0.265495
vt 0.973806 0.251055
vt 0.955257 0.329669
vt 0.960158 0.315105
vt 0.960158 0.329541
vt 0.283907 0.971381
vt 0.289706 0.954678
vt 0.167879 0.985381
vt 0.967964 0.720993
vt 0.962334 0.737717
vt 0.962334 0.721014
vt 0.051094 0.985381
vt 0.967496 0.568568
vt 0.972491 0.551839
vt 0.972491 0.568541
vt 0.691907 0.895212
vt 0.687006 0.912038
vt 0.687006 0.895341
vt 0.983690 0.296712
vt 0.978060 0.310560
vt 0.978060 0.296733
vt 0.985255 0.782385
vt 0.979212 0.373369
vt 0.985011 0.359542
vt 0.985011 0.373369
vt 0.583927 0.985381
vt 0.583927 0.992680
vt 0.520678 0.971318
vt 0.515683 0.985172
vt 0.515683 0.971345
vt 0.975533 0.673047
vt 0.980434 0.659095
vt 0.980434 0.672918
vt 0.960935 0.675798
vt 0.968234 0.659095
vt 0.968234 0.675798
vt 0.905516 0.985381
vt 0.961381 0.364067
vt 0.968681 0.347364
vt 0.674008 0.985381
vt 0.668378 0.992701
vt 0.668378 0.985402
vt 0.595300 0.984838
vt 0.602599 0.973447
vt 0.602599 0.984877
vt 0.624491 0.984627
vt 0.631786 0.973599
vt 0.631786 0.984818
vt 0.929477 0.390121
vt 0.936776 0.378118
vt 0.936776 0.390121
vt 0.946113 0.985381
vt 0.929477 0.378118
vt 0.634598 0.985381
vt 0.628968 0.992701
vt 0.628968 0.985402
vt 0.993470 0.604761
vt 0.985295 0.597462
vt 0.993509 0.597462
vt 0.993318 0.539092
vt 0.985447 0.531798
vt 0.993509 0.531798
vt 0.957700 0.975621
vt 0.964999 0.961181
vt 0.964999 0.975621
vt 0.882318 0.992680
vt 0.888118 0.985381
vt 0.968427 0.404588
vt 0.975726 0.390148
vt 0.724678 0.985381
vt 0.719048 0.992701
vt 0.719048 0.985402
vt 0.995137 0.189700
vt 0.985294 0.182402
vt 0.995176 0.182402
vt 0.994955 0.321002
vt 0.985447 0.313707
vt 0.995146 0.313707
vt 0.536503 0.595370
vt 0.536503 0.558621
vt 0.270836 0.528121
vt 0.271808 0.547970
vt 0.270836 0.547965
vt 0.937944 0.779218
vt 0.941899 0.829426
vt 0.937944 0.825470
vt 0.908947 0.779218
vt 0.904992 0.829426
vt 0.908947 0.825470
vt 0.941899 0.775263
vt 0.360639 0.629343
vt 0.359667 0.609840
vt 0.360639 0.609865
vt 0.358695 0.577008
vt 0.359667 0.612687
vt 0.358695 0.612684
vt 0.855008 0.874530
vt 0.863055 0.882586
vt 0.855008 0.882586
vt 0.323682 0.516236
vt 0.324470 0.527799
vt 0.323682 0.527799
vt 0.323682 0.539362
vt 0.324470 0.550925
vt 0.323682 0.550925
vt 0.852327 0.907466
vt 0.853255 0.919029
vt 0.852327 0.919029
vt 0.324470 0.539362
vt 0.323682 0.504673
vt 0.324470 0.516236
vt 0.855008 0.897656
vt 0.863055 0.905712
vt 0.855008 0.905712
vt 0.855008 0.886093
vt 0.863055 0.894149
vt 0.855008 0.894149
vt 0.311989 0.550925
vt 0.310476 0.539362
vt 0.311989 0.539362
vt 0.866321 0.919029
vt 0.864808 0.907466
vt 0.866321 0.907466
vt 0.866321 0.884340
vt 0.864808 0.872777
vt 0.866321 0.895903
vt 0.864808 0.884340
vt 0.855008 0.909219
vt 0.863055 0.917275
vt 0.855008 0.917275
vt 0.852327 0.884340
vt 0.853255 0.895903
vt 0.852327 0.895903
vt 0.853255 0.907466
vt 0.852327 0.872777
vt 0.853255 0.884340
vt 0.313742 0.506426
vt 0.321928 0.514483
vt 0.313742 0.514483
vt 0.313742 0.529552
vt 0.321928 0.537609
vt 0.313742 0.537609
vt 0.313742 0.541115
vt 0.321928 0.549172
vt 0.313742 0.549172
vt 0.313742 0.517989
vt 0.321928 0.526046
vt 0.313742 0.526046
vt 0.853255 0.872777
vt 0.854451 0.883144
vt 0.863612 0.873972
vt 0.854451 0.873972
vt 0.863612 0.883144
vt 0.854451 0.906270
vt 0.863612 0.897098
vt 0.854451 0.897098
vt 0.864808 0.895903
vt 0.863612 0.906270
vt 0.854451 0.894707
vt 0.863612 0.885535
vt 0.854451 0.885535
vt 0.863612 0.894707
vt 0.854451 0.917833
vt 0.863612 0.908661
vt 0.854451 0.908661
vt 0.863612 0.917833
vt 0.864808 0.919029
vt 0.311989 0.504673
vt 0.313185 0.515040
vt 0.311989 0.516236
vt 0.322486 0.505869
vt 0.313185 0.505869
vt 0.322486 0.515040
vt 0.311989 0.527799
vt 0.313185 0.538166
vt 0.322486 0.528995
vt 0.313185 0.528995
vt 0.322486 0.538166
vt 0.313185 0.549729
vt 0.322486 0.540558
vt 0.313185 0.540558
vt 0.322486 0.549729
vt 0.313185 0.526603
vt 0.322486 0.517432
vt 0.313185 0.517432
vt 0.322486 0.526603
vt 0.309972 0.527799
vt 0.310476 0.527799
vt 0.309972 0.516236
vt 0.310476 0.516236
vt 0.309972 0.504673
vt 0.310476 0.504673
vt 0.310476 0.550925
vt 0.309972 0.539362
vt 0.360500 0.572437
vt 0.359864 0.563556
vt 0.360500 0.563250
vt 0.360500 0.544875
vt 0.359864 0.535994
vt 0.360500 0.535688
vt 0.360500 0.554063
vt 0.359864 0.545182
vt 0.359864 0.554369
vt 0.863055 0.874530
vt 0.863055 0.897656
vt 0.863055 0.886093
vt 0.863055 0.909219
vt 0.321928 0.506426
vt 0.321928 0.529552
vt 0.321928 0.541115
vt 0.321928 0.517989
vt 0.331110 0.886429
vt 0.331994 0.931797
vt 0.331110 0.932681
vt 0.360107 0.886429
vt 0.331994 0.887313
vt 0.359223 0.931797
vt 0.359223 0.887313
vt 0.360107 0.932681
vt 0.358695 0.609840
vt 0.357827 0.577008
vt 0.148041 0.514772
vt 0.148910 0.532506
vt 0.148041 0.532501
vt 0.936694 0.393681
vt 0.940228 0.438537
vt 0.936694 0.435003
vt 0.910787 0.435003
vt 0.907254 0.390148
vt 0.910787 0.393681
vt 0.907254 0.438537
vt 0.940228 0.390148
vt 0.700780 0.726425
vt 0.699912 0.709001
vt 0.700780 0.709024
vt 0.141527 0.639707
vt 0.142395 0.671584
vt 0.141527 0.671580
vt 0.934502 0.186931
vt 0.941690 0.194128
vt 0.934502 0.194128
vt 0.943502 0.054557
vt 0.944207 0.064888
vt 0.943502 0.064888
vt 0.943502 0.075218
vt 0.944207 0.085549
vt 0.943502 0.085549
vt 0.932106 0.216356
vt 0.932935 0.226686
vt 0.932106 0.226686
vt 0.944207 0.075218
vt 0.943502 0.044227
vt 0.944207 0.054557
vt 0.934502 0.207592
vt 0.941690 0.214789
vt 0.934502 0.214789
vt 0.934502 0.197261
vt 0.941690 0.204459
vt 0.934502 0.204459
vt 0.933056 0.085549
vt 0.931704 0.075218
vt 0.933056 0.075218
vt 0.944609 0.226686
vt 0.943257 0.216356
vt 0.944609 0.216356
vt 0.944609 0.195695
vt 0.943257 0.185364
vt 0.944609 0.185364
vt 0.944609 0.206025
vt 0.943257 0.195695
vt 0.934502 0.217922
vt 0.941690 0.225120
vt 0.934502 0.225120
vt 0.932106 0.195695
vt 0.932935 0.206025
vt 0.932106 0.206025
vt 0.932935 0.216356
vt 0.932935 0.195695
vt 0.934623 0.045793
vt 0.941936 0.052991
vt 0.934623 0.052991
vt 0.934623 0.066454
vt 0.941936 0.073652
vt 0.934623 0.073652
vt 0.934623 0.076785
vt 0.941936 0.083982
vt 0.934623 0.083982
vt 0.934623 0.056124
vt 0.941936 0.063321
vt 0.934623 0.063321
vt 0.934003 0.186432
vt 0.934003 0.194626
vt 0.932935 0.185364
vt 0.942189 0.186432
vt 0.942189 0.194626
vt 0.934003 0.215288
vt 0.942189 0.207093
vt 0.934003 0.207093
vt 0.943257 0.206025
vt 0.942189 0.215288
vt 0.934003 0.204957
vt 0.942189 0.196763
vt 0.934003 0.196763
vt 0.942189 0.204957
vt 0.934003 0.217424
vt 0.934003 0.225618
vt 0.942189 0.217424
vt 0.943257 0.226686
vt 0.942189 0.225618
vt 0.933056 0.054557
vt 0.934124 0.045295
vt 0.934124 0.053489
vt 0.933056 0.044227
vt 0.942434 0.045295
vt 0.942434 0.053489
vt 0.933056 0.064888
vt 0.934124 0.074150
vt 0.942434 0.065956
vt 0.934124 0.065956
vt 0.942434 0.074150
vt 0.934124 0.076286
vt 0.934124 0.084481
vt 0.942434 0.076286
vt 0.942434 0.084481
vt 0.934124 0.063819
vt 0.942434 0.055625
vt 0.934124 0.055625
vt 0.942434 0.063819
vt 0.931254 0.064888
vt 0.931704 0.064888
vt 0.931254 0.054557
vt 0.931704 0.054557
vt 0.931704 0.044227
vt 0.931704 0.085549
vt 0.931254 0.075218
vt 0.144108 0.569485
vt 0.143540 0.561550
vt 0.144108 0.561277
vt 0.144108 0.544861
vt 0.143540 0.536927
vt 0.144108 0.536653
vt 0.144108 0.553069
vt 0.143540 0.545135
vt 0.143540 0.553343
vt 0.941690 0.186931
vt 0.941690 0.207592
vt 0.941690 0.197261
vt 0.941690 0.217922
vt 0.941936 0.045793
vt 0.941936 0.066454
vt 0.941936 0.076785
vt 0.941936 0.056124
vt 0.596090 0.911786
vt 0.596090 0.951529
vt 0.621207 0.910997
vt 0.595300 0.910997
vt 0.621207 0.952319
vt 0.620417 0.911786
vt 0.620417 0.951529
vt 0.358127 0.411719
vt 0.357258 0.370397
vt 0.358127 0.370397
vt 0.344427 0.718723
vt 0.343832 0.692820
vt 0.344427 0.692817
vt 0.497260 0.954139
vt 0.500794 0.919553
vt 0.500794 0.956878
vt 0.471354 0.954044
vt 0.471354 0.922170
vt 0.467821 0.956756
vt 0.497260 0.922266
vt 0.143264 0.697483
vt 0.142681 0.671599
vt 0.143264 0.671584
vt 0.358995 0.453041
vt 0.359864 0.494364
vt 0.358995 0.494364
vt 0.950318 0.870939
vt 0.957506 0.876517
vt 0.950318 0.876491
vt 0.960511 0.446549
vt 0.961216 0.454520
vt 0.960511 0.454517
vt 0.960511 0.462486
vt 0.961216 0.470456
vt 0.960511 0.470454
vt 0.947917 0.894134
vt 0.948746 0.902105
vt 0.947917 0.902102
vt 0.961216 0.462488
vt 0.960511 0.438581
vt 0.961216 0.446552
vt 0.950318 0.886876
vt 0.957506 0.892454
vt 0.950318 0.892427
vt 0.950318 0.878907
vt 0.957506 0.884486
vt 0.950318 0.884459
vt 0.950065 0.470415
vt 0.948714 0.462442
vt 0.950065 0.462447
vt 0.960420 0.902148
vt 0.959068 0.894175
vt 0.960420 0.894180
vt 0.960420 0.878243
vt 0.959068 0.870270
vt 0.960420 0.870275
vt 0.960420 0.886211
vt 0.959068 0.878238
vt 0.950318 0.894844
vt 0.957506 0.900422
vt 0.950318 0.900396
vt 0.947917 0.878197
vt 0.948746 0.886168
vt 0.947917 0.886165
vt 0.948746 0.894137
vt 0.947917 0.870229
vt 0.948746 0.878200
vt 0.951636 0.439249
vt 0.958950 0.444828
vt 0.951636 0.444801
vt 0.951636 0.455186
vt 0.958950 0.460765
vt 0.951636 0.460738
vt 0.951636 0.463154
vt 0.958950 0.468733
vt 0.951636 0.468706
vt 0.951636 0.447218
vt 0.958950 0.452797
vt 0.951636 0.452770
vt 0.948746 0.870232
vt 0.949819 0.876873
vt 0.985255 0.027827
vt 0.994509 0.026503
vt 0.995577 0.027827
vt 0.958004 0.870583
vt 0.958004 0.876904
vt 0.949819 0.892810
vt 0.985255 0.031798
vt 0.994509 0.030474
vt 0.995577 0.031798
vt 0.959068 0.886206
vt 0.958004 0.892840
vt 0.958004 0.886520
vt 0.949819 0.878521
vt 0.949819 0.884842
vt 0.985255 0.030474
vt 0.994509 0.029150
vt 0.995577 0.030474
vt 0.958004 0.878551
vt 0.958004 0.884872
vt 0.949819 0.900778
vt 0.985255 0.029150
vt 0.994509 0.027827
vt 0.995577 0.029150
vt 0.958004 0.900808
vt 0.958004 0.894488
vt 0.959068 0.902143
vt 0.950065 0.438542
vt 0.951138 0.445184
vt 0.950065 0.446510
vt 0.752789 0.186888
vt 0.754113 0.177510
vt 0.754113 0.185820
vt 0.959448 0.438894
vt 0.959448 0.445214
vt 0.950065 0.454479
vt 0.951138 0.461120
vt 0.752789 0.218226
vt 0.754113 0.208849
vt 0.754113 0.217158
vt 0.959448 0.461151
vt 0.959448 0.454831
vt 0.951138 0.469089
vt 0.342947 0.752160
vt 0.344271 0.742783
vt 0.344271 0.751092
vt 0.959448 0.469119
vt 0.959448 0.462799
vt 0.951138 0.446832
vt 0.951138 0.453152
vt 0.192874 0.746146
vt 0.194198 0.736769
vt 0.194198 0.745078
vt 0.959448 0.446862
vt 0.959448 0.453183
vt 0.144183 0.422922
vt 0.143615 0.412592
vt 0.144183 0.412592
vt 0.143615 0.402262
vt 0.144183 0.402261
vt 0.143615 0.391931
vt 0.144183 0.391931
vt 0.144183 0.433253
vt 0.143615 0.422923
vt 0.948714 0.438537
vt 0.948714 0.446505
vt 0.948714 0.454474
vt 0.358127 0.566677
vt 0.358695 0.566678
vt 0.358695 0.546016
vt 0.358127 0.535686
vt 0.358695 0.535686
vt 0.358695 0.556347
vt 0.358127 0.546016
vt 0.358127 0.556347
vt 0.949819 0.870553
vt 0.957506 0.870966
vt 0.949819 0.886489
vt 0.957506 0.886902
vt 0.957506 0.878934
vt 0.949819 0.894458
vt 0.957506 0.894870
vt 0.951138 0.438863
vt 0.958950 0.439276
vt 0.951138 0.454800
vt 0.958950 0.455213
vt 0.951138 0.462768
vt 0.958950 0.463181
vt 0.958950 0.447245
vt 0.872961 0.939020
vt 0.873750 0.970287
vt 0.872961 0.970893
vt 0.898867 0.939115
vt 0.873750 0.939632
vt 0.898867 0.970989
vt 0.898077 0.939721
vt 0.898077 0.970377
vt 0.358995 0.411719
vt 0.358995 0.370397
vt 0.536125 0.716934
vt 0.535531 0.691031
vt 0.536125 0.691028
vt 0.530234 0.954139
vt 0.533767 0.919553
vt 0.533767 0.956878
vt 0.504328 0.954044
vt 0.500794 0.919432
vt 0.504328 0.922170
vt 0.500794 0.956756
vt 0.530234 0.922266
vt 0.351021 0.691308
vt 0.350438 0.665424
vt 0.351021 0.665409
vt 0.358127 0.453041
vt 0.358127 0.494364
vt 0.950219 0.096955
vt 0.957408 0.102534
vt 0.950219 0.102507
vt 0.957897 0.630459
vt 0.958601 0.638430
vt 0.957897 0.638427
vt 0.957897 0.646396
vt 0.958601 0.654367
vt 0.957897 0.654364
vt 0.947819 0.120150
vt 0.948648 0.128121
vt 0.947819 0.128118
vt 0.958601 0.646398
vt 0.957897 0.622491
vt 0.958601 0.630462
vt 0.950219 0.112892
vt 0.957408 0.118470
vt 0.950219 0.118444
vt 0.950219 0.104924
vt 0.957408 0.110502
vt 0.950219 0.110475
vt 0.947450 0.654325
vt 0.946099 0.646352
vt 0.947450 0.646357
vt 0.960321 0.128164
vt 0.958970 0.120191
vt 0.960321 0.120196
vt 0.960321 0.104259
vt 0.958970 0.096286
vt 0.960321 0.096291
vt 0.960321 0.112228
vt 0.958970 0.104254
vt 0.950219 0.120860
vt 0.957408 0.126439
vt 0.950219 0.126412
vt 0.947819 0.104213
vt 0.948648 0.112185
vt 0.947819 0.112182
vt 0.948648 0.120153
vt 0.947819 0.096245
vt 0.948648 0.104216
vt 0.949021 0.623160
vt 0.956335 0.628738
vt 0.949021 0.628711
vt 0.949021 0.639096
vt 0.956335 0.644675
vt 0.949021 0.644648
vt 0.949021 0.647065
vt 0.956335 0.652643
vt 0.949021 0.652616
vt 0.949021 0.631128
vt 0.956335 0.636707
vt 0.949021 0.636680
vt 0.948648 0.096248
vt 0.949721 0.102890
vt 0.985255 0.023856
vt 0.994509 0.022532
vt 0.995577 0.023856
vt 0.957906 0.096599
vt 0.957906 0.102920
vt 0.949721 0.118826
vt 0.985255 0.026503
vt 0.994509 0.025179
vt 0.995577 0.026503
vt 0.958970 0.112223
vt 0.957906 0.118856
vt 0.957906 0.112536
vt 0.949721 0.104537
vt 0.949721 0.110858
vt 0.985255 0.022532
vt 0.994509 0.021208
vt 0.995577 0.022532
vt 0.957906 0.104568
vt 0.957906 0.110888
vt 0.949721 0.126795
vt 0.985255 0.025179
vt 0.994509 0.023856
vt 0.995577 0.025179
vt 0.957906 0.126825
vt 0.957906 0.120504
vt 0.958970 0.128159
vt 0.947450 0.622452
vt 0.948523 0.629094
vt 0.947450 0.630421
vt 0.752789 0.197334
vt 0.754113 0.187956
vt 0.754113 0.196266
vt 0.956833 0.622804
vt 0.956833 0.629125
vt 0.947450 0.638389
vt 0.948523 0.645031
vt 0.752789 0.207780
vt 0.754113 0.198403
vt 0.754113 0.206712
vt 0.956833 0.645061
vt 0.956833 0.638741
vt 0.948523 0.652999
vt 0.751200 0.280558
vt 0.752524 0.271181
vt 0.752524 0.279491
vt 0.956833 0.653030
vt 0.956833 0.646709
vt 0.948523 0.630742
vt 0.948523 0.637062
vt 0.732080 0.658828
vt 0.733404 0.649450
vt 0.733404 0.657760
vt 0.956833 0.630772
vt 0.956833 0.637093
vt 0.360432 0.442712
vt 0.359864 0.432382
vt 0.360432 0.432382
vt 0.359864 0.422052
vt 0.360432 0.422051
vt 0.359864 0.411721
vt 0.360432 0.411721
vt 0.360432 0.453043
vt 0.359864 0.442713
vt 0.946099 0.630416
vt 0.946099 0.638384
vt 0.359263 0.577008
vt 0.358695 0.566677
vt 0.359263 0.566678
vt 0.359263 0.546016
vt 0.359263 0.535686
vt 0.359263 0.556347
vt 0.949721 0.096569
vt 0.957408 0.096982
vt 0.949721 0.112506
vt 0.957408 0.112918
vt 0.957408 0.104950
vt 0.949721 0.120474
vt 0.957408 0.120887
vt 0.948523 0.622774
vt 0.956335 0.623187
vt 0.948523 0.638710
vt 0.956335 0.639123
vt 0.948523 0.646678
vt 0.956335 0.647092
vt 0.956335 0.631155
vt 0.904613 0.540445
vt 0.905402 0.571712
vt 0.904613 0.572318
vt 0.930519 0.540540
vt 0.905402 0.541057
vt 0.930519 0.572413
vt 0.929729 0.541146
vt 0.929729 0.571801
vt 0.359864 0.370397
vt 0.358995 0.329075
vt 0.359864 0.329075
vt 0.350181 0.722576
vt 0.349586 0.696673
vt 0.350181 0.696670
vt 0.263724 0.952386
vt 0.267258 0.917800
vt 0.267258 0.955125
vt 0.237818 0.952290
vt 0.234285 0.917678
vt 0.237818 0.920417
vt 0.234285 0.955003
vt 0.263724 0.920513
vt 0.142395 0.697483
vt 0.141812 0.671599
vt 0.142535 0.391930
vt 0.143404 0.433252
vt 0.142535 0.433252
vt 0.950317 0.906079
vt 0.957506 0.911657
vt 0.950317 0.911631
vt 0.960230 0.667107
vt 0.960935 0.675078
vt 0.960230 0.675075
vt 0.960230 0.683044
vt 0.960935 0.691015
vt 0.960230 0.691012
vt 0.947917 0.929273
vt 0.948746 0.937245
vt 0.947917 0.937242
vt 0.960935 0.683046
vt 0.960230 0.659139
vt 0.960935 0.667110
vt 0.950317 0.922015
vt 0.957506 0.927594
vt 0.950317 0.927567
vt 0.950317 0.914047
vt 0.957506 0.919625
vt 0.950317 0.919599
vt 0.949784 0.690973
vt 0.948432 0.683000
vt 0.949784 0.683005
vt 0.960420 0.937288
vt 0.959068 0.929314
vt 0.960420 0.929319
vt 0.960420 0.913383
vt 0.959068 0.905410
vt 0.960420 0.905415
vt 0.960420 0.921351
vt 0.959068 0.913378
vt 0.950317 0.929984
vt 0.957506 0.935562
vt 0.950317 0.935535
vt 0.947917 0.913337
vt 0.948746 0.921308
vt 0.947917 0.921305
vt 0.948746 0.929276
vt 0.948746 0.913340
vt 0.951355 0.659808
vt 0.958668 0.665386
vt 0.951355 0.665359
vt 0.951355 0.675744
vt 0.958668 0.681323
vt 0.951355 0.681296
vt 0.951355 0.683712
vt 0.958668 0.689291
vt 0.951355 0.689264
vt 0.951355 0.667776
vt 0.958668 0.673355
vt 0.951355 0.673328
vt 0.948746 0.905371
vt 0.949819 0.912013
vt 0.995577 0.018561
vt 0.986324 0.017237
vt 0.994509 0.017237
vt 0.958004 0.905723
vt 0.958004 0.912043
vt 0.949819 0.927950
vt 0.995577 0.019884
vt 0.986324 0.018561
vt 0.994509 0.018561
vt 0.958004 0.921659
vt 0.959068 0.921346
vt 0.958004 0.927980
vt 0.949819 0.919981
vt 0.995577 0.021208
vt 0.986324 0.019884
vt 0.994510 0.019884
vt 0.958004 0.913691
vt 0.958004 0.920012
vt 0.949819 0.935918
vt 0.995577 0.017237
vt 0.986324 0.015914
vt 0.994509 0.015914
vt 0.958004 0.935948
vt 0.958004 0.929628
vt 0.959068 0.937283
vt 0.949784 0.659100
vt 0.950857 0.665742
vt 0.949784 0.667068
vt 0.349709 0.734321
vt 0.351033 0.743699
vt 0.349709 0.744767
vt 0.959166 0.659452
vt 0.959166 0.665772
vt 0.949784 0.675037
vt 0.950857 0.681678
vt 0.733404 0.648381
vt 0.734728 0.657760
vt 0.733404 0.658828
vt 0.959166 0.675389
vt 0.959166 0.681709
vt 0.950857 0.689647
vt 0.752524 0.270112
vt 0.753847 0.279491
vt 0.752524 0.280558
vt 0.959166 0.689677
vt 0.959166 0.683357
vt 0.950857 0.673710
vt 0.734728 0.648381
vt 0.736051 0.657760
vt 0.734728 0.658828
vt 0.959166 0.667420
vt 0.959166 0.673741
vt 0.360432 0.401390
vt 0.359864 0.391060
vt 0.360432 0.391059
vt 0.359864 0.380729
vt 0.360432 0.380729
vt 0.359864 0.370399
vt 0.360432 0.370398
vt 0.360432 0.411720
vt 0.359864 0.401390
vt 0.948432 0.659095
vt 0.948432 0.667063
vt 0.948432 0.675032
vt 0.359831 0.535686
vt 0.359263 0.525355
vt 0.359831 0.525355
vt 0.359831 0.504694
vt 0.359263 0.494364
vt 0.359831 0.494364
vt 0.359831 0.515025
vt 0.359263 0.504694
vt 0.359263 0.515025
vt 0.949819 0.905693
vt 0.957506 0.906105
vt 0.949819 0.921629
vt 0.957506 0.922042
vt 0.949819 0.913661
vt 0.957506 0.914074
vt 0.949819 0.929598
vt 0.957506 0.930010
vt 0.950857 0.659421
vt 0.958668 0.659835
vt 0.950857 0.675358
vt 0.958668 0.675771
vt 0.950857 0.683326
vt 0.958668 0.683739
vt 0.950857 0.667390
vt 0.958668 0.667803
vt 0.945303 0.833080
vt 0.946093 0.864347
vt 0.945303 0.864953
vt 0.971210 0.833175
vt 0.946093 0.833692
vt 0.971210 0.865049
vt 0.970420 0.833781
vt 0.970420 0.864437
vt 0.359864 0.453041
vt 0.359864 0.411719
vt 0.342947 0.692820
vt 0.343541 0.718723
vt 0.342947 0.718726
vt 0.230751 0.920486
vt 0.234285 0.956125
vt 0.230751 0.953318
vt 0.204844 0.953318
vt 0.201311 0.917679
vt 0.204844 0.920487
vt 0.337166 0.672880
vt 0.337750 0.698764
vt 0.337166 0.698779
vt 0.358995 0.287753
vt 0.946603 0.001728
vt 0.953792 0.007447
vt 0.946603 0.007447
vt 0.954759 0.527215
vt 0.955464 0.535423
vt 0.954759 0.535423
vt 0.954759 0.543631
vt 0.955464 0.551839
vt 0.954759 0.551839
vt 0.944207 0.024624
vt 0.945037 0.032832
vt 0.944207 0.032832
vt 0.955464 0.543631
vt 0.954759 0.519007
vt 0.955464 0.527215
vt 0.946603 0.018144
vt 0.953792 0.023863
vt 0.946603 0.023863
vt 0.946603 0.009936
vt 0.953792 0.015655
vt 0.946603 0.015655
vt 0.944313 0.551839
vt 0.942961 0.543631
vt 0.944313 0.543631
vt 0.956710 0.032832
vt 0.955358 0.024624
vt 0.956710 0.024624
vt 0.956710 0.008208
vt 0.955358 0.000000
vt 0.956710 0.016416
vt 0.955358 0.008208
vt 0.946603 0.026352
vt 0.953792 0.032071
vt 0.946603 0.032071
vt 0.944207 0.008208
vt 0.945037 0.016416
vt 0.944207 0.016416
vt 0.945037 0.024624
vt 0.944207 0.000000
vt 0.945037 0.008208
vt 0.945879 0.520735
vt 0.953193 0.526454
vt 0.945879 0.526454
vt 0.945879 0.537151
vt 0.953193 0.542870
vt 0.945879 0.542870
vt 0.945879 0.545359
vt 0.953193 0.551078
vt 0.945879 0.551078
vt 0.945879 0.528943
vt 0.953193 0.534662
vt 0.945879 0.534662
vt 0.945037 0.000000
vt 0.946105 0.007843
vt 0.946105 0.001332
vt 0.954290 0.001332
vt 0.985255 0.050363
vt 0.994503 0.051690
vt 0.986320 0.051690
vt 0.946105 0.024259
vt 0.955358 0.016416
vt 0.946105 0.017748
vt 0.954290 0.017748
vt 0.995574 0.045059
vt 0.986320 0.046385
vt 0.985255 0.045059
vt 0.946105 0.016051
vt 0.946105 0.009540
vt 0.954290 0.009540
vt 0.995574 0.049037
vt 0.986320 0.050363
vt 0.985255 0.049037
vt 0.946105 0.032467
vt 0.946105 0.025956
vt 0.954290 0.032467
vt 0.954290 0.025956
vt 0.995574 0.043733
vt 0.986320 0.045059
vt 0.985255 0.043733
vt 0.944313 0.519007
vt 0.945381 0.526850
vt 0.944313 0.527215
vt 0.953691 0.520339
vt 0.945381 0.520339
vt 0.754115 0.249556
vt 0.752789 0.240177
vt 0.754115 0.239113
vt 0.944313 0.535423
vt 0.945381 0.543266
vt 0.953691 0.536755
vt 0.945381 0.536755
vt 0.754115 0.228669
vt 0.752789 0.219291
vt 0.754115 0.218226
vt 0.945381 0.551474
vt 0.953691 0.544963
vt 0.945381 0.544963
vt 0.953691 0.551473
vt 0.752789 0.229734
vt 0.945381 0.535058
vt 0.953691 0.528547
vt 0.945381 0.528547
vt 0.754115 0.259999
vt 0.752789 0.250621
vt 0.358695 0.515025
vt 0.358695 0.504694
vt 0.358695 0.494364
vt 0.358695 0.525355
vt 0.942961 0.519007
vt 0.942961 0.527215
vt 0.942961 0.535423
vt 0.143615 0.381600
vt 0.144183 0.381600
vt 0.144183 0.360939
vt 0.143615 0.350608
vt 0.144183 0.350609
vt 0.144183 0.371270
vt 0.143615 0.360939
vt 0.143615 0.371269
vt 0.954290 0.007843
vt 0.953792 0.001728
vt 0.953792 0.018144
vt 0.954290 0.024259
vt 0.953792 0.009936
vt 0.954290 0.016051
vt 0.953792 0.026352
vt 0.953691 0.526850
vt 0.953193 0.520735
vt 0.953691 0.543265
vt 0.953193 0.537151
vt 0.953193 0.545359
vt 0.953691 0.535058
vt 0.953193 0.528943
vt 0.331900 0.964886
vt 0.331110 0.965513
vt 0.357017 0.932681
vt 0.331900 0.933309
vt 0.357017 0.965513
vt 0.356227 0.933308
vt 0.356227 0.964885
vt 0.143264 0.697501
vt 0.143858 0.723404
vt 0.143264 0.723408
vt 0.763445 0.952221
vt 0.766979 0.955029
vt 0.737538 0.952222
vt 0.734005 0.916582
vt 0.737538 0.919390
vt 0.734005 0.955029
vt 0.763445 0.919389
vt 0.699912 0.683102
vt 0.700495 0.708986
vt 0.358127 0.329075
vt 0.945736 0.722722
vt 0.952925 0.728440
vt 0.945736 0.728440
vt 0.956407 0.226404
vt 0.957111 0.234612
vt 0.956407 0.234612
vt 0.956407 0.242820
vt 0.957111 0.251028
vt 0.956407 0.251028
vt 0.943340 0.745618
vt 0.944170 0.753825
vt 0.957111 0.242820
vt 0.956407 0.218196
vt 0.957111 0.226404
vt 0.945736 0.739138
vt 0.952925 0.744856
vt 0.945736 0.744856
vt 0.945736 0.730930
vt 0.952925 0.736648
vt 0.945736 0.736648
vt 0.945960 0.251028
vt 0.944609 0.242820
vt 0.945960 0.242820
vt 0.955843 0.753825
vt 0.954491 0.745617
vt 0.955843 0.745617
vt 0.955843 0.729201
vt 0.954491 0.720993
vt 0.955843 0.737409
vt 0.954491 0.729201
vt 0.945736 0.747346
vt 0.952925 0.753064
vt 0.945736 0.753064
vt 0.943340 0.729202
vt 0.944170 0.737410
vt 0.943340 0.737410
vt 0.944170 0.745618
vt 0.943340 0.720994
vt 0.944170 0.729202
vt 0.947527 0.219925
vt 0.954840 0.225643
vt 0.947527 0.225643
vt 0.947527 0.236340
vt 0.954840 0.242059
vt 0.947527 0.242059
vt 0.947527 0.244548
vt 0.954840 0.250267
vt 0.947527 0.250267
vt 0.947527 0.228133
vt 0.954840 0.233851
vt 0.947527 0.233851
vt 0.944170 0.720994
vt 0.945238 0.728836
vt 0.945238 0.722326
vt 0.953423 0.722326
vt 0.995574 0.035776
vt 0.986320 0.037102
vt 0.985255 0.035776
vt 0.945238 0.745252
vt 0.954491 0.737409
vt 0.945238 0.738742
vt 0.953423 0.745252
vt 0.953423 0.738742
vt 0.995574 0.037102
vt 0.986320 0.038428
vt 0.985255 0.037102
vt 0.945238 0.730534
vt 0.945238 0.737044
vt 0.953423 0.730534
vt 0.995574 0.041081
vt 0.986320 0.042407
vt 0.985255 0.041081
vt 0.945238 0.753460
vt 0.945238 0.746950
vt 0.953423 0.753460
vt 0.953423 0.746949
vt 0.995574 0.034450
vt 0.986320 0.035776
vt 0.985255 0.034450
vt 0.945960 0.218197
vt 0.947029 0.226039
vt 0.945960 0.226405
vt 0.947029 0.219529
vt 0.955338 0.219529
vt 0.985255 -0.000000
vt 0.994628 0.001326
vt 0.986320 0.001326
vt 0.945960 0.234613
vt 0.947029 0.242455
vt 0.947029 0.235945
vt 0.955338 0.242455
vt 0.955338 0.235944
vt 0.985255 0.007957
vt 0.994628 0.009283
vt 0.986320 0.009283
vt 0.947029 0.250663
vt 0.947029 0.244153
vt 0.955338 0.250663
vt 0.955338 0.244152
vt 0.351035 0.744767
vt 0.349709 0.754139
vt 0.349709 0.745832
vt 0.947029 0.227737
vt 0.947029 0.234247
vt 0.955338 0.227737
vt 0.985255 0.001326
vt 0.994628 0.002652
vt 0.986320 0.002652
vt 0.360432 0.525357
vt 0.359864 0.515027
vt 0.360432 0.515027
vt 0.359864 0.504697
vt 0.360432 0.504696
vt 0.359864 0.494366
vt 0.360432 0.494366
vt 0.360432 0.535688
vt 0.359864 0.525358
vt 0.944609 0.218197
vt 0.944609 0.226405
vt 0.944609 0.234613
vt 0.144183 0.474576
vt 0.143615 0.464245
vt 0.144183 0.464245
vt 0.144183 0.443584
vt 0.143615 0.433253
vt 0.144183 0.433254
vt 0.143615 0.453914
vt 0.143615 0.443584
vt 0.144183 0.453915
vt 0.953423 0.728836
vt 0.952925 0.722722
vt 0.952925 0.739137
vt 0.952925 0.730929
vt 0.953423 0.737044
vt 0.952925 0.747345
vt 0.954840 0.219924
vt 0.955338 0.226039
vt 0.954840 0.236340
vt 0.954840 0.244548
vt 0.954840 0.228132
vt 0.955338 0.234247
vt 0.097362 0.933223
vt 0.098152 0.965427
vt 0.097362 0.966054
vt 0.098152 0.933850
vt 0.123269 0.966054
vt 0.122479 0.933849
vt 0.122479 0.965427
vt 0.357258 0.411719
vt 0.536125 0.691031
vt 0.536719 0.716934
vt 0.536125 0.716937
vt 0.321773 0.951322
vt 0.325307 0.954130
vt 0.295867 0.951323
vt 0.292333 0.915684
vt 0.295867 0.918491
vt 0.292333 0.954131
vt 0.321773 0.918491
vt 0.342947 0.666918
vt 0.343530 0.692801
vt 0.342947 0.692817
vt 0.357258 0.329075
vt 0.947004 0.187093
vt 0.954193 0.192811
vt 0.947004 0.192811
vt 0.956005 0.041040
vt 0.956710 0.049248
vt 0.956005 0.049248
vt 0.956005 0.057456
vt 0.956710 0.065664
vt 0.956005 0.065664
vt 0.944609 0.209988
vt 0.945438 0.218196
vt 0.944609 0.218196
vt 0.956710 0.057456
vt 0.956005 0.032832
vt 0.956710 0.041040
vt 0.947004 0.203508
vt 0.954193 0.209227
vt 0.947004 0.209227
vt 0.947004 0.195301
vt 0.954193 0.201019
vt 0.947004 0.201019
vt 0.945559 0.065664
vt 0.944207 0.057456
vt 0.945559 0.057456
vt 0.957111 0.218196
vt 0.955760 0.209988
vt 0.957111 0.209988
vt 0.957111 0.193572
vt 0.955760 0.185364
vt 0.957111 0.201780
vt 0.955760 0.193572
vt 0.947004 0.211716
vt 0.954193 0.217435
vt 0.947004 0.217435
vt 0.944609 0.193573
vt 0.945438 0.201780
vt 0.944609 0.201780
vt 0.945438 0.209988
vt 0.944609 0.185365
vt 0.945438 0.193573
vt 0.947125 0.034560
vt 0.954439 0.040279
vt 0.947125 0.040279
vt 0.947125 0.050976
vt 0.954439 0.056695
vt 0.947125 0.056695
vt 0.947125 0.059184
vt 0.954439 0.064903
vt 0.947125 0.064903
vt 0.947125 0.042768
vt 0.954439 0.048487
vt 0.947125 0.048487
vt 0.945438 0.185365
vt 0.946506 0.193207
vt 0.946506 0.186697
vt 0.954691 0.186697
vt 0.985255 0.054342
vt 0.994503 0.055668
vt 0.986320 0.055668
vt 0.946506 0.209623
vt 0.955760 0.201780
vt 0.946506 0.203113
vt 0.954691 0.209623
vt 0.954691 0.203112
vt 0.985255 0.055668
vt 0.994503 0.056994
vt 0.986320 0.056994
vt 0.946506 0.194905
vt 0.946506 0.201415
vt 0.954691 0.194904
vt 0.985255 0.051690
vt 0.994503 0.053016
vt 0.986320 0.053016
vt 0.946506 0.217831
vt 0.946506 0.211321
vt 0.954691 0.217831
vt 0.954691 0.211320
vt 0.985255 0.056994
vt 0.994503 0.058320
vt 0.986320 0.058320
vt 0.945559 0.032832
vt 0.946627 0.040675
vt 0.945559 0.041040
vt 0.954937 0.034164
vt 0.946627 0.034164
vt 0.995699 0.005304
vt 0.986320 0.006631
vt 0.985255 0.005304
vt 0.945559 0.049248
vt 0.946627 0.057091
vt 0.954937 0.050580
vt 0.946627 0.050580
vt 0.954937 0.057091
vt 0.995698 0.013261
vt 0.986320 0.014587
vt 0.985255 0.013261
vt 0.946627 0.065299
vt 0.954937 0.058788
vt 0.946627 0.058788
vt 0.954937 0.065299
vt 0.995699 0.014587
vt 0.986320 0.015914
vt 0.985255 0.014587
vt 0.946627 0.042372
vt 0.946627 0.048883
vt 0.954937 0.042372
vt 0.995699 0.010609
vt 0.986320 0.011935
vt 0.985255 0.010609
vt 0.359831 0.566677
vt 0.359831 0.556347
vt 0.359263 0.546017
vt 0.359831 0.546016
vt 0.359831 0.577008
vt 0.944207 0.041040
vt 0.944207 0.049248
vt 0.359864 0.484035
vt 0.360432 0.484035
vt 0.360432 0.463374
vt 0.359864 0.453043
vt 0.360432 0.453044
vt 0.360432 0.473705
vt 0.359864 0.463374
vt 0.359864 0.473704
vt 0.954193 0.187092
vt 0.954691 0.193207
vt 0.954193 0.203508
vt 0.954193 0.195300
vt 0.954691 0.201415
vt 0.954193 0.211716
vt 0.954439 0.034560
vt 0.954937 0.040675
vt 0.954439 0.050976
vt 0.954439 0.059184
vt 0.954439 0.042768
vt 0.954937 0.048883
vt 0.940554 0.282273
vt 0.941343 0.314477
vt 0.940554 0.315105
vt 0.966460 0.282272
vt 0.941343 0.282900
vt 0.966460 0.315104
vt 0.965671 0.282900
vt 0.965671 0.314477
vt 0.143404 0.391930
vt 0.142535 0.350608
vt 0.143404 0.350608
vt 0.141812 0.697501
vt 0.142407 0.723405
vt 0.141812 0.723408
vt 0.830805 0.917072
vt 0.834339 0.952712
vt 0.830805 0.949904
vt 0.804899 0.949905
vt 0.801365 0.914265
vt 0.804899 0.917073
vt 0.336270 0.672880
vt 0.336853 0.698764
vt 0.336270 0.698779
vt 0.357258 0.287753
vt 0.689822 0.923555
vt 0.697011 0.929273
vt 0.689822 0.929273
vt 0.954759 0.494383
vt 0.955464 0.502591
vt 0.954759 0.502591
vt 0.954759 0.510799
vt 0.955464 0.519007
vt 0.687426 0.946450
vt 0.688255 0.954658
vt 0.687426 0.954658
vt 0.955464 0.510799
vt 0.954759 0.486175
vt 0.955464 0.494383
vt 0.689822 0.939970
vt 0.697011 0.945689
vt 0.689822 0.945689
vt 0.689822 0.931763
vt 0.697011 0.937481
vt 0.689822 0.937481
vt 0.942961 0.510799
vt 0.944313 0.510799
vt 0.699929 0.954658
vt 0.698577 0.946450
vt 0.699929 0.946450
vt 0.699929 0.930034
vt 0.698577 0.921826
vt 0.699929 0.938242
vt 0.698577 0.930034
vt 0.689822 0.948178
vt 0.697011 0.953897
vt 0.689822 0.953897
vt 0.687426 0.930035
vt 0.688255 0.938242
vt 0.687426 0.938242
vt 0.688255 0.946450
vt 0.687426 0.921827
vt 0.688255 0.930035
vt 0.945879 0.487903
vt 0.953193 0.493622
vt 0.945879 0.493622
vt 0.945879 0.504319
vt 0.953193 0.510038
vt 0.945879 0.510038
vt 0.945879 0.512527
vt 0.953193 0.518246
vt 0.945879 0.518246
vt 0.945879 0.496111
vt 0.953193 0.501830
vt 0.945879 0.501830
vt 0.689324 0.923159
vt 0.689324 0.929669
vt 0.688255 0.921827
vt 0.697509 0.923158
vt 0.995574 0.038428
vt 0.986320 0.039755
vt 0.985255 0.038428
vt 0.689324 0.946085
vt 0.698577 0.938242
vt 0.689324 0.939575
vt 0.697509 0.939574
vt 0.995574 0.031798
vt 0.986320 0.033124
vt 0.689324 0.937877
vt 0.689324 0.931367
vt 0.697509 0.937877
vt 0.697509 0.931366
vt 0.995574 0.033124
vt 0.986320 0.034450
vt 0.985255 0.033124
vt 0.689324 0.954293
vt 0.689324 0.947783
vt 0.698577 0.954658
vt 0.697509 0.947782
vt 0.995574 0.039755
vt 0.986320 0.041081
vt 0.985255 0.039755
vt 0.944313 0.494383
vt 0.945381 0.487507
vt 0.945381 0.494018
vt 0.944313 0.486175
vt 0.953691 0.487507
vt 0.331109 0.745067
vt 0.329783 0.754439
vt 0.329783 0.746131
vt 0.944313 0.502591
vt 0.945381 0.510434
vt 0.945381 0.503923
vt 0.953691 0.503923
vt 0.143495 0.744098
vt 0.142169 0.753470
vt 0.142169 0.745163
vt 0.945381 0.518642
vt 0.945381 0.512131
vt 0.953691 0.512131
vt 0.985255 0.002652
vt 0.994628 0.003978
vt 0.986320 0.003978
vt 0.945381 0.502226
vt 0.945381 0.495715
vt 0.953691 0.502226
vt 0.953691 0.495715
vt 0.755173 0.270112
vt 0.753847 0.279484
vt 0.753847 0.271177
vt 0.358127 0.515025
vt 0.358127 0.504694
vt 0.358127 0.525355
vt 0.942961 0.494383
vt 0.942961 0.502591
vt 0.360432 0.329076
vt 0.359864 0.318745
vt 0.360432 0.318745
vt 0.360432 0.298084
vt 0.359864 0.287753
vt 0.360432 0.287753
vt 0.360432 0.308414
vt 0.359864 0.298083
vt 0.359864 0.308414
vt 0.697011 0.923554
vt 0.697509 0.929669
vt 0.697509 0.946085
vt 0.697011 0.939970
vt 0.697011 0.931762
vt 0.697011 0.948178
vt 0.697509 0.954293
vt 0.953193 0.487903
vt 0.953691 0.494018
vt 0.953193 0.504319
vt 0.953691 0.510433
vt 0.953193 0.512527
vt 0.953691 0.518641
vt 0.953193 0.496111
vt 0.360687 0.957827
vt 0.361476 0.925623
vt 0.361476 0.957200
vt 0.386593 0.924995
vt 0.386593 0.957827
vt 0.385804 0.925622
vt 0.385804 0.957199
vt 0.350438 0.691326
vt 0.351033 0.717229
vt 0.350438 0.717233
vt 0.730471 0.919389
vt 0.730471 0.952221
vt 0.704564 0.952222
vt 0.701031 0.916582
vt 0.704564 0.919390
vt 0.701031 0.955029
vt 0.343843 0.666917
vt 0.344427 0.692801
vt 0.343843 0.692817
vt 0.358127 0.287753
vt 0.944295 0.776991
vt 0.951484 0.782710
vt 0.944295 0.782710
vt 0.953537 0.149346
vt 0.954242 0.157554
vt 0.953537 0.157554
vt 0.953537 0.165762
vt 0.954242 0.173970
vt 0.953537 0.173970
vt 0.941899 0.799887
vt 0.942729 0.808095
vt 0.954242 0.165762
vt 0.953537 0.141138
vt 0.954242 0.149346
vt 0.944295 0.793407
vt 0.951484 0.799126
vt 0.944295 0.799126
vt 0.944295 0.785199
vt 0.951484 0.790918
vt 0.944295 0.790918
vt 0.943091 0.173970
vt 0.941739 0.165762
vt 0.943091 0.165762
vt 0.954402 0.808095
vt 0.953050 0.799887
vt 0.954402 0.799887
vt 0.954402 0.783471
vt 0.953050 0.775263
vt 0.954402 0.775263
vt 0.954402 0.791679
vt 0.953050 0.783471
vt 0.944295 0.801615
vt 0.951484 0.807334
vt 0.944295 0.807334
vt 0.941899 0.783471
vt 0.942729 0.791679
vt 0.941899 0.791679
vt 0.942729 0.799887
vt 0.942729 0.783471
vt 0.944657 0.142866
vt 0.951971 0.148585
vt 0.944657 0.148585
vt 0.944657 0.159282
vt 0.951971 0.165000
vt 0.944657 0.165001
vt 0.944657 0.167490
vt 0.951971 0.173208
vt 0.944657 0.173209
vt 0.944657 0.151074
vt 0.951971 0.156793
vt 0.944657 0.156793
vt 0.943797 0.776595
vt 0.943797 0.783106
vt 0.942729 0.775263
vt 0.951982 0.776595
vt 0.985255 0.053016
vt 0.994503 0.054342
vt 0.986320 0.054342
vt 0.943797 0.799522
vt 0.953050 0.791679
vt 0.943797 0.793011
vt 0.951982 0.793011
vt 0.985255 0.046385
vt 0.994503 0.047711
vt 0.986320 0.047711
vt 0.943797 0.791314
vt 0.943797 0.784803
vt 0.951982 0.791314
vt 0.951982 0.784803
vt 0.985255 0.042407
vt 0.994503 0.043733
vt 0.986320 0.043733
vt 0.943797 0.807730
vt 0.943797 0.801219
vt 0.953050 0.808095
vt 0.951982 0.801219
vt 0.985255 0.047711
vt 0.994503 0.049037
vt 0.986320 0.049037
vt 0.943091 0.149346
vt 0.944159 0.142470
vt 0.944159 0.148981
vt 0.943091 0.141138
vt 0.952469 0.142470
vt 0.995699 0.009283
vt 0.986320 0.010609
vt 0.985255 0.009283
vt 0.943091 0.157554
vt 0.944159 0.165396
vt 0.952469 0.158886
vt 0.944159 0.158886
vt 0.995699 0.011935
vt 0.986320 0.013261
vt 0.985255 0.011935
vt 0.944159 0.173604
vt 0.952469 0.167094
vt 0.944159 0.167094
vt 0.995699 0.003978
vt 0.986320 0.005304
vt 0.985255 0.003978
vt 0.944159 0.157189
vt 0.952469 0.150678
vt 0.944159 0.150678
vt 0.952469 0.157188
vt 0.995699 0.006631
vt 0.986320 0.007957
vt 0.985255 0.006631
vt 0.144183 0.505567
vt 0.143615 0.495237
vt 0.144183 0.495237
vt 0.143615 0.484907
vt 0.144183 0.484906
vt 0.143615 0.474576
vt 0.144183 0.515898
vt 0.143615 0.505568
vt 0.941739 0.149346
vt 0.941739 0.157554
vt 0.359864 0.360067
vt 0.360432 0.360067
vt 0.360432 0.339406
vt 0.360432 0.349737
vt 0.359864 0.339406
vt 0.359864 0.349736
vt 0.951484 0.776991
vt 0.951982 0.783106
vt 0.951982 0.799522
vt 0.951484 0.793407
vt 0.951484 0.785199
vt 0.951484 0.801615
vt 0.951982 0.807730
vt 0.951971 0.142866
vt 0.952469 0.148980
vt 0.951971 0.159282
vt 0.952469 0.165396
vt 0.951971 0.167490
vt 0.952469 0.173604
vt 0.951971 0.151074
vt 0.567004 0.954825
vt 0.567793 0.922621
vt 0.567793 0.954198
vt 0.592910 0.921993
vt 0.567004 0.921993
vt 0.592910 0.954825
vt 0.592121 0.922620
vt 0.592121 0.954197
vt 0.142395 0.639707
vt 0.143264 0.639710
vt 0.358695 0.627574
vt 0.357827 0.609840
vt 0.358695 0.609845
vt 0.937020 0.327128
vt 0.940554 0.282272
vt 0.940554 0.330662
vt 0.911114 0.327128
vt 0.907580 0.282272
vt 0.911114 0.285806
vt 0.907580 0.330662
vt 0.937020 0.285806
vt 0.358695 0.612687
vt 0.359563 0.630112
vt 0.358695 0.630089
vt 0.359667 0.577008
vt 0.360536 0.609840
vt 0.933650 0.001566
vt 0.940839 0.008764
vt 0.933650 0.008764
vt 0.943904 0.239922
vt 0.944609 0.250252
vt 0.943904 0.250252
vt 0.943904 0.260583
vt 0.944609 0.270913
vt 0.943904 0.270913
vt 0.931254 0.030992
vt 0.932083 0.041323
vt 0.931254 0.041323
vt 0.944609 0.260583
vt 0.943904 0.229591
vt 0.944609 0.239922
vt 0.933650 0.022227
vt 0.940839 0.029425
vt 0.933650 0.029425
vt 0.933650 0.011897
vt 0.940839 0.019094
vt 0.933650 0.019094
vt 0.933458 0.270913
vt 0.932106 0.260583
vt 0.933458 0.260583
vt 0.943757 0.041323
vt 0.942405 0.030992
vt 0.943757 0.030992
vt 0.943757 0.010331
vt 0.942405 0.000001
vt 0.943757 0.000001
vt 0.943757 0.020662
vt 0.942405 0.010331
vt 0.933650 0.032558
vt 0.940839 0.039755
vt 0.933650 0.039755
vt 0.931254 0.010331
vt 0.932083 0.020662
vt 0.931254 0.020662
vt 0.932083 0.030992
vt 0.931254 0.000001
vt 0.932083 0.010331
vt 0.935024 0.231157
vt 0.942337 0.238354
vt 0.935024 0.238354
vt 0.935024 0.251818
vt 0.942337 0.259015
vt 0.935024 0.259015
vt 0.935024 0.262148
vt 0.942337 0.269346
vt 0.935024 0.269346
vt 0.935024 0.241487
vt 0.942337 0.248685
vt 0.935024 0.248685
vt 0.932083 0.000001
vt 0.933151 0.009262
vt 0.933151 0.001068
vt 0.941337 0.001068
vt 0.941337 0.009262
vt 0.933151 0.029923
vt 0.942405 0.020662
vt 0.933151 0.021729
vt 0.941337 0.029923
vt 0.941337 0.021729
vt 0.933151 0.011398
vt 0.933151 0.019593
vt 0.941337 0.011398
vt 0.941337 0.019593
vt 0.933151 0.040254
vt 0.933151 0.032060
vt 0.941337 0.040254
vt 0.941337 0.032060
vt 0.942405 0.041323
vt 0.933458 0.229591
vt 0.934526 0.238853
vt 0.933458 0.239922
vt 0.942836 0.230658
vt 0.934526 0.230658
vt 0.942836 0.238853
vt 0.933458 0.250252
vt 0.934526 0.259514
vt 0.942836 0.251319
vt 0.934526 0.251319
vt 0.942836 0.259514
vt 0.934526 0.269844
vt 0.942836 0.261650
vt 0.934526 0.261650
vt 0.942836 0.269844
vt 0.934526 0.240989
vt 0.934526 0.249183
vt 0.942836 0.240989
vt 0.942836 0.249183
vt 0.144108 0.594656
vt 0.143540 0.586174
vt 0.144108 0.586448
vt 0.143540 0.577966
vt 0.144108 0.578240
vt 0.143540 0.569758
vt 0.144108 0.570032
vt 0.144108 0.602864
vt 0.143540 0.594382
vt 0.932106 0.239922
vt 0.932106 0.250252
vt 0.944207 0.041322
vt 0.944207 0.030992
vt 0.944207 0.010331
vt 0.944207 0.020661
vt 0.940839 0.001566
vt 0.940839 0.022227
vt 0.940839 0.011897
vt 0.940839 0.032558
vt 0.942337 0.231157
vt 0.942337 0.251818
vt 0.942337 0.262148
vt 0.942337 0.241487
vt 0.621996 0.951529
vt 0.646324 0.911786
vt 0.621996 0.911786
vt 0.647113 0.952319
vt 0.646324 0.951529
vt 0.147108 0.911435
vt 0.172514 0.951960
vt 0.147108 0.951960
vt 0.536382 0.659767
vt 0.535531 0.627568
vt 0.536382 0.627568
vt 0.142412 0.697498
vt 0.143264 0.714890
vt 0.142412 0.714885
vt 0.936126 0.442003
vt 0.939591 0.485993
vt 0.936126 0.482528
vt 0.910719 0.442003
vt 0.907254 0.485993
vt 0.910719 0.482528
vt 0.351033 0.734321
vt 0.350181 0.717233
vt 0.351033 0.717255
vt 0.349586 0.665409
vt 0.350438 0.696670
vt 0.349586 0.696667
vt 0.743976 0.992701
vt 0.744393 0.996043
vt 0.743976 0.996935
vt 0.772039 0.996002
vt 0.771554 0.993591
vt 0.772039 0.992701
vt 0.853676 0.996000
vt 0.854169 0.993609
vt 0.854169 0.995517
vt 0.716564 0.997767
vt 0.716146 0.993850
vt 0.716564 0.992701
vt 0.859591 0.992701
vt 0.860084 0.994867
vt 0.859591 0.996000
vt 0.998997 0.021261
vt 0.996865 0.020778
vt 0.998666 0.020778
vt 0.772524 0.992701
vt 0.772039 0.995500
vt 0.772039 0.993047
vt 0.864028 0.992701
vt 0.864521 0.995517
vt 0.864028 0.996000
vt 0.998997 0.035757
vt 0.996216 0.035274
vt 0.998666 0.035273
vt 0.998994 0.060479
vt 0.996173 0.060964
vt 0.995699 0.060479
vt 0.763794 0.992701
vt 0.763309 0.995500
vt 0.763309 0.993047
vt 0.864521 0.992701
vt 0.865014 0.995517
vt 0.864521 0.996000
vt 0.998997 0.021744
vt 0.996215 0.021261
vt 0.998666 0.021261
vt 0.998994 0.060964
vt 0.996173 0.061449
vt 0.995699 0.060964
vt 0.716981 0.997767
vt 0.716564 0.993850
vt 0.716981 0.992701
vt 0.878816 0.992701
vt 0.879309 0.994867
vt 0.878816 0.995999
vt 0.998997 0.022227
vt 0.996865 0.021744
vt 0.998666 0.021744
vt 0.759914 0.992701
vt 0.759429 0.995500
vt 0.759429 0.993047
vt 0.892125 0.992701
vt 0.892618 0.995517
vt 0.892125 0.995999
vt 0.991314 0.995999
vt 0.991797 0.993218
vt 0.991797 0.995669
vt 0.998994 0.087167
vt 0.996173 0.087652
vt 0.995699 0.087167
vt 0.777859 0.992701
vt 0.777374 0.995500
vt 0.777374 0.993047
vt 0.865014 0.992701
vt 0.865507 0.995517
vt 0.865014 0.995999
vt 0.975860 0.995999
vt 0.976343 0.993218
vt 0.976343 0.995669
vt 0.998994 0.083285
vt 0.996173 0.083770
vt 0.995698 0.083285
vt 0.717398 0.997767
vt 0.716981 0.993850
vt 0.717398 0.992701
vt 0.879309 0.992701
vt 0.879802 0.994867
vt 0.879309 0.995999
vt 0.998997 0.022710
vt 0.996865 0.022227
vt 0.998666 0.022227
vt 0.759429 0.992701
vt 0.758944 0.995500
vt 0.758944 0.993047
vt 0.892618 0.992701
vt 0.893111 0.995517
vt 0.892618 0.995999
vt 0.991797 0.995999
vt 0.992280 0.993218
vt 0.992280 0.995669
vt 0.998994 0.046892
vt 0.996173 0.047378
vt 0.995699 0.046892
vt 0.778344 0.992701
vt 0.777859 0.995500
vt 0.777859 0.993047
vt 0.865506 0.992701
vt 0.865999 0.995517
vt 0.865506 0.995999
vt 0.976343 0.995999
vt 0.976826 0.993218
vt 0.976826 0.995669
vt 0.998994 0.070669
vt 0.996173 0.071154
vt 0.995698 0.070669
vt 0.717815 0.997767
vt 0.717398 0.993850
vt 0.717815 0.992701
vt 0.854169 0.992701
vt 0.854662 0.994867
vt 0.854169 0.995999
vt 0.976826 0.995999
vt 0.977309 0.993868
vt 0.977309 0.995669
vt 0.773009 0.992701
vt 0.772524 0.995500
vt 0.772524 0.993047
vt 0.866000 0.992701
vt 0.866493 0.995517
vt 0.866000 0.996000
vt 0.998997 0.036240
vt 0.996215 0.035757
vt 0.998666 0.035757
vt 0.998994 0.047378
vt 0.996173 0.047863
vt 0.995698 0.047378
vt 0.764279 0.992701
vt 0.763794 0.995500
vt 0.763794 0.993047
vt 0.852198 0.992701
vt 0.852690 0.995517
vt 0.852198 0.995999
vt 0.998997 0.023194
vt 0.996216 0.022711
vt 0.998666 0.022710
vt 0.998994 0.047863
vt 0.996173 0.048348
vt 0.995699 0.047863
vt 0.764764 0.992701
vt 0.764279 0.995500
vt 0.764279 0.993047
vt 0.879801 0.992701
vt 0.880294 0.995517
vt 0.879801 0.996000
vt 0.977310 0.995999
vt 0.977793 0.993218
vt 0.977793 0.995669
vt 0.998994 0.041555
vt 0.996173 0.042040
vt 0.995699 0.041555
vt 0.765249 0.992701
vt 0.764764 0.995500
vt 0.764764 0.993047
vt 0.897054 0.992701
vt 0.897547 0.995517
vt 0.897054 0.995999
vt 0.998997 0.036723
vt 0.996215 0.036240
vt 0.998666 0.036240
vt 0.998994 0.055141
vt 0.996173 0.055627
vt 0.995699 0.055141
vt 0.760399 0.992701
vt 0.759914 0.995500
vt 0.759914 0.993047
vt 0.880294 0.992701
vt 0.880787 0.995517
vt 0.880294 0.996000
vt 0.998997 0.023677
vt 0.996215 0.023194
vt 0.998666 0.023194
vt 0.998994 0.055627
vt 0.996173 0.056112
vt 0.995698 0.055627
vt 0.785134 0.992701
vt 0.784649 0.995500
vt 0.784649 0.993047
vt 0.866493 0.992701
vt 0.866985 0.995517
vt 0.866493 0.996000
vt 0.998997 0.024160
vt 0.996215 0.023677
vt 0.998666 0.023677
vt 0.998994 0.042040
vt 0.996173 0.042525
vt 0.995699 0.042040
vt 0.765734 0.992701
vt 0.765249 0.995500
vt 0.765249 0.993047
vt 0.854662 0.992701
vt 0.855155 0.995517
vt 0.854662 0.995999
vt 0.977793 0.995999
vt 0.978276 0.993218
vt 0.978276 0.995669
vt 0.998994 0.071154
vt 0.996173 0.071639
vt 0.995699 0.071154
vt 0.766219 0.992701
vt 0.765734 0.995500
vt 0.765734 0.993047
vt 0.897547 0.992701
vt 0.898040 0.995517
vt 0.897547 0.995999
vt 0.992280 0.995999
vt 0.992763 0.993218
vt 0.992763 0.995669
vt 0.998994 0.071639
vt 0.996173 0.072124
vt 0.995699 0.071639
vt 0.773494 0.992701
vt 0.773009 0.995500
vt 0.773009 0.993047
vt 0.866985 0.992701
vt 0.867478 0.995517
vt 0.866985 0.996000
vt 0.978276 0.995999
vt 0.978759 0.993218
vt 0.978759 0.995669
vt 0.998994 0.056112
vt 0.996173 0.056597
vt 0.995699 0.056112
vt 0.785619 0.992701
vt 0.785134 0.995500
vt 0.785134 0.993047
vt 0.880787 0.992701
vt 0.881280 0.995517
vt 0.880787 0.995999
vt 0.978759 0.995999
vt 0.979242 0.993218
vt 0.979242 0.995669
vt 0.998994 0.072124
vt 0.996173 0.072610
vt 0.995698 0.072124
vt 0.766704 0.992701
vt 0.766219 0.995500
vt 0.766219 0.993047
vt 0.881280 0.992701
vt 0.881773 0.995517
vt 0.881280 0.995999
vt 0.979243 0.995999
vt 0.979726 0.993218
vt 0.979726 0.995669
vt 0.998994 0.061449
vt 0.996173 0.061935
vt 0.995698 0.061449
vt 0.767189 0.992701
vt 0.766704 0.995500
vt 0.766704 0.993047
vt 0.867478 0.992701
vt 0.867971 0.995517
vt 0.867478 0.996000
vt 0.992763 0.995999
vt 0.993246 0.993218
vt 0.993246 0.995669
vt 0.998994 0.072610
vt 0.996173 0.073095
vt 0.995699 0.072610
vt 0.767674 0.992701
vt 0.767189 0.995500
vt 0.767189 0.993047
vt 0.881773 0.992701
vt 0.882266 0.995517
vt 0.881773 0.996000
vt 0.979726 0.995999
vt 0.980209 0.993218
vt 0.980209 0.995669
vt 0.998994 0.077462
vt 0.996173 0.077947
vt 0.995699 0.077462
vt 0.786104 0.992701
vt 0.785619 0.995500
vt 0.785619 0.993047
vt 0.882266 0.992701
vt 0.882759 0.995517
vt 0.882266 0.996000
vt 0.980209 0.995999
vt 0.980692 0.993218
vt 0.980692 0.995669
vt 0.998994 0.073095
vt 0.996173 0.073580
vt 0.995698 0.073095
vt 0.744393 0.992701
vt 0.744810 0.996043
vt 0.744393 0.996935
vt 0.778829 0.996002
vt 0.778344 0.993591
vt 0.778829 0.992701
vt 0.882759 0.995999
vt 0.883252 0.993609
vt 0.883252 0.995517
vt 0.773979 0.992701
vt 0.773494 0.995500
vt 0.773494 0.993047
vt 0.867971 0.992701
vt 0.868464 0.995517
vt 0.867971 0.995999
vt 0.980692 0.995999
vt 0.981175 0.993218
vt 0.981175 0.995669
vt 0.998994 0.061935
vt 0.996173 0.062420
vt 0.995698 0.061935
vt 0.779314 0.992701
vt 0.778829 0.995500
vt 0.778829 0.993047
vt 0.893111 0.992701
vt 0.893604 0.995517
vt 0.893111 0.995999
vt 0.998997 0.037206
vt 0.996216 0.036723
vt 0.998666 0.036723
vt 0.998994 0.073580
vt 0.996173 0.074065
vt 0.995699 0.073580
vt 0.745644 0.992701
vt 0.746061 0.996043
vt 0.745644 0.996935
vt 0.786589 0.996002
vt 0.786104 0.993591
vt 0.786589 0.992701
vt 0.883252 0.995999
vt 0.883745 0.993609
vt 0.883745 0.995517
vt 0.760884 0.992701
vt 0.760399 0.995500
vt 0.760399 0.993047
vt 0.883745 0.992701
vt 0.884238 0.995517
vt 0.883745 0.995999
vt 0.998997 0.024643
vt 0.996215 0.024160
vt 0.998666 0.024160
vt 0.998994 0.083770
vt 0.996173 0.084255
vt 0.995699 0.083770
vt 0.868464 0.992701
vt 0.868957 0.995517
vt 0.868464 0.995999
vt 0.981175 0.995999
vt 0.981659 0.993218
vt 0.981659 0.995669
vt 0.998994 0.062420
vt 0.996173 0.062905
vt 0.995699 0.062420
vt 0.793864 0.992701
vt 0.793379 0.995500
vt 0.793379 0.993047
vt 0.861563 0.992701
vt 0.862056 0.995517
vt 0.861563 0.995999
vt 0.946998 0.995999
vt 0.947481 0.993218
vt 0.947481 0.995669
vt 0.998994 0.056597
vt 0.996173 0.057082
vt 0.995699 0.056597
vt 0.787074 0.992701
vt 0.786589 0.995500
vt 0.786589 0.993047
vt 0.884238 0.992701
vt 0.884731 0.995517
vt 0.884238 0.995999
vt 0.947481 0.995999
vt 0.947964 0.993218
vt 0.947964 0.995669
vt 0.998994 0.048348
vt 0.996173 0.048833
vt 0.995698 0.048348
vt 0.779799 0.992701
vt 0.779314 0.995500
vt 0.779314 0.993047
vt 0.868957 0.992701
vt 0.869450 0.995517
vt 0.868957 0.995999
vt 0.947964 0.995999
vt 0.948447 0.993218
vt 0.948447 0.995669
vt 0.998994 0.084255
vt 0.996173 0.084740
vt 0.995699 0.084255
vt 0.797259 0.992701
vt 0.796774 0.995500
vt 0.796774 0.993047
vt 0.884731 0.992701
vt 0.885224 0.995517
vt 0.884731 0.995999
vt 0.993246 0.995999
vt 0.993729 0.993218
vt 0.993729 0.995669
vt 0.998994 0.077947
vt 0.996173 0.078432
vt 0.995699 0.077947
vt 0.794349 0.992701
vt 0.793864 0.995500
vt 0.793864 0.993047
vt 0.743559 0.992701
vt 0.743976 0.996043
vt 0.743559 0.996935
vt 0.761369 0.996002
vt 0.760884 0.993591
vt 0.761369 0.992701
vt 0.885224 0.995999
vt 0.885717 0.993609
vt 0.885717 0.995517
vt 0.855155 0.992701
vt 0.855648 0.995517
vt 0.855155 0.995999
vt 0.942196 0.995999
vt 0.942679 0.993218
vt 0.942679 0.995669
vt 0.998994 0.042525
vt 0.996173 0.043011
vt 0.995699 0.042525
vt 0.780284 0.992701
vt 0.779799 0.995500
vt 0.779799 0.993047
vt 0.893604 0.992701
vt 0.894096 0.995517
vt 0.893604 0.995999
vt 0.998997 0.025126
vt 0.996215 0.024643
vt 0.998666 0.024643
vt 0.998994 0.078432
vt 0.996173 0.078918
vt 0.995699 0.078432
vt 0.797744 0.992701
vt 0.797259 0.995500
vt 0.797259 0.993047
vt 0.787559 0.992701
vt 0.787074 0.995500
vt 0.787074 0.993047
vt 0.898040 0.992701
vt 0.898533 0.995517
vt 0.898040 0.996000
vt 0.998997 0.025610
vt 0.996215 0.025126
vt 0.998666 0.025126
vt 0.998994 0.078918
vt 0.996173 0.079403
vt 0.995698 0.078918
vt 0.994588 0.985381
vt 0.995006 0.989297
vt 0.994588 0.990447
vt 0.998994 0.048833
vt 0.996823 0.049319
vt 0.995699 0.048833
vt 0.788044 0.992701
vt 0.787559 0.994850
vt 0.787559 0.993047
vt 0.761854 0.992701
vt 0.761369 0.995500
vt 0.761369 0.993047
vt 0.855648 0.992701
vt 0.856141 0.995517
vt 0.855648 0.995999
vt 0.998997 0.026093
vt 0.996216 0.025610
vt 0.998666 0.025610
vt 0.998994 0.057082
vt 0.996173 0.057567
vt 0.995699 0.057082
vt 0.995006 0.985381
vt 0.995423 0.989297
vt 0.995006 0.990447
vt 0.998994 0.062905
vt 0.996823 0.063390
vt 0.995699 0.062905
vt 0.798229 0.992701
vt 0.797744 0.994850
vt 0.797744 0.993047
vt 0.744810 0.992701
vt 0.745227 0.996043
vt 0.744810 0.996935
vt 0.774464 0.996002
vt 0.773979 0.993591
vt 0.774464 0.992701
vt 0.852691 0.996000
vt 0.853183 0.993609
vt 0.853183 0.995517
vt 0.894096 0.992701
vt 0.894589 0.995517
vt 0.894096 0.995999
vt 0.942679 0.995999
vt 0.943163 0.993218
vt 0.943163 0.995669
vt 0.998994 0.049319
vt 0.996173 0.049804
vt 0.995699 0.049319
vt 0.788529 0.992701
vt 0.788044 0.995500
vt 0.788044 0.993047
vt 0.856141 0.992701
vt 0.856634 0.995517
vt 0.856141 0.995999
vt 0.981659 0.995999
vt 0.982142 0.993218
vt 0.982142 0.995669
vt 0.998994 0.049804
vt 0.996173 0.050289
vt 0.995699 0.049804
vt 0.780769 0.992701
vt 0.780284 0.995500
vt 0.780284 0.993047
vt 0.741889 0.992701
vt 0.741472 0.996043
vt 0.741472 0.993594
vt 0.995699 0.039622
vt 0.998123 0.039139
vt 0.998997 0.039622
vt 0.995698 0.050289
vt 0.998079 0.050774
vt 0.996173 0.050774
vt 0.869450 0.992701
vt 0.869943 0.995517
vt 0.869450 0.995999
vt 0.993729 0.995999
vt 0.994212 0.993218
vt 0.994212 0.995669
vt 0.998994 0.063390
vt 0.996173 0.063876
vt 0.995699 0.063390
vt 0.794834 0.992701
vt 0.794349 0.995500
vt 0.794349 0.993047
vt 0.741472 0.992701
vt 0.741054 0.996043
vt 0.741054 0.993593
vt 0.995699 0.040105
vt 0.998123 0.039622
vt 0.998997 0.040105
vt 0.995699 0.045922
vt 0.998079 0.046407
vt 0.996173 0.046407
vt 0.885717 0.992701
vt 0.886210 0.995517
vt 0.885717 0.995999
vt 0.994213 0.995999
vt 0.994696 0.993218
vt 0.994696 0.995669
vt 0.998994 0.043011
vt 0.996173 0.043496
vt 0.995699 0.043011
vt 0.804049 0.992701
vt 0.803564 0.995500
vt 0.803564 0.993047
vt 0.862056 0.992701
vt 0.862549 0.995517
vt 0.862056 0.995999
vt 0.982142 0.995999
vt 0.982625 0.993218
vt 0.982625 0.995669
vt 0.998994 0.063875
vt 0.996173 0.064361
vt 0.995699 0.063875
vt 0.768159 0.992701
vt 0.767674 0.995500
vt 0.767674 0.993047
vt 0.894589 0.992701
vt 0.895082 0.995517
vt 0.894589 0.995999
vt 0.982625 0.995999
vt 0.983108 0.993218
vt 0.983108 0.995669
vt 0.998994 0.057567
vt 0.996173 0.058053
vt 0.995699 0.057567
vt 0.805019 0.992701
vt 0.804534 0.995500
vt 0.804534 0.993047
vt 0.742307 0.996935
vt 0.741889 0.993593
vt 0.742307 0.992701
vt 0.995699 0.040589
vt 0.998123 0.040105
vt 0.998997 0.040588
vt 0.995699 0.058053
vt 0.998079 0.058538
vt 0.996173 0.058538
vt 0.707801 0.992701
vt 0.708219 0.996617
vt 0.707801 0.997767
vt 0.998994 0.059994
vt 0.996822 0.060479
vt 0.995698 0.059994
vt 0.774949 0.992701
vt 0.774464 0.994850
vt 0.774464 0.993047
vt 0.742724 0.996935
vt 0.742307 0.993593
vt 0.742724 0.992701
vt 0.995699 0.006281
vt 0.998123 0.005798
vt 0.998997 0.006281
vt 0.995699 0.074065
vt 0.998079 0.074551
vt 0.996173 0.074551
vt 0.708219 0.992701
vt 0.708636 0.996617
vt 0.708219 0.997767
vt 0.998994 0.043496
vt 0.996823 0.043981
vt 0.995699 0.043496
vt 0.789014 0.992701
vt 0.788529 0.994850
vt 0.788529 0.993047
vt 0.869943 0.992701
vt 0.870436 0.995517
vt 0.869943 0.995999
vt 0.998997 0.026576
vt 0.996216 0.026093
vt 0.998666 0.026093
vt 0.998994 0.084740
vt 0.996173 0.085226
vt 0.995698 0.084740
vt 0.798714 0.992701
vt 0.798229 0.995500
vt 0.798229 0.993047
vt 0.856634 0.992701
vt 0.857127 0.995517
vt 0.856634 0.995999
vt 0.983108 0.995999
vt 0.983592 0.993218
vt 0.983592 0.995669
vt 0.998994 0.043981
vt 0.996173 0.044466
vt 0.995699 0.043981
vt 0.781254 0.992701
vt 0.780769 0.995500
vt 0.780769 0.993047
vt 0.768644 0.992701
vt 0.768159 0.995500
vt 0.768159 0.993047
vt 0.895082 0.992701
vt 0.895575 0.995517
vt 0.895082 0.995999
vt 0.998997 0.037689
vt 0.996215 0.037206
vt 0.998666 0.037206
vt 0.998994 0.085226
vt 0.996173 0.085711
vt 0.995699 0.085226
vt 0.886210 0.992701
vt 0.886702 0.995517
vt 0.886210 0.995999
vt 0.994696 0.995999
vt 0.995179 0.993218
vt 0.995179 0.995669
vt 0.998994 0.064361
vt 0.996173 0.064846
vt 0.995699 0.064361
vt 0.795319 0.992701
vt 0.794834 0.995500
vt 0.794834 0.993047
vt 0.781739 0.992701
vt 0.781254 0.995500
vt 0.781254 0.993047
vt 0.886702 0.992701
vt 0.887195 0.995517
vt 0.886702 0.995999
vt 0.998997 0.027059
vt 0.996216 0.026576
vt 0.998666 0.026576
vt 0.998994 0.079403
vt 0.996173 0.079888
vt 0.995699 0.079403
vt 0.887195 0.992701
vt 0.887688 0.995517
vt 0.887195 0.995999
vt 0.995179 0.995999
vt 0.995662 0.993218
vt 0.995662 0.995669
vt 0.998994 0.050774
vt 0.996173 0.051260
vt 0.995698 0.050774
vt 0.804534 0.992701
vt 0.804049 0.995500
vt 0.804049 0.993047
vt 0.870436 0.992701
vt 0.870929 0.995517
vt 0.870436 0.995999
vt 0.983592 0.995999
vt 0.984075 0.993218
vt 0.984075 0.995669
vt 0.998994 0.079888
vt 0.996173 0.080373
vt 0.995699 0.079888
vt 0.769129 0.992701
vt 0.768644 0.995500
vt 0.768644 0.993047
vt 0.895575 0.992701
vt 0.896068 0.995517
vt 0.895575 0.995999
vt 0.984075 0.995999
vt 0.984558 0.993218
vt 0.984558 0.995669
vt 0.998994 0.058538
vt 0.996173 0.059023
vt 0.995698 0.058538
vt 0.805504 0.992701
vt 0.805019 0.995500
vt 0.805019 0.993047
vt 0.782224 0.992701
vt 0.781739 0.995500
vt 0.781739 0.993047
vt 0.857127 0.992701
vt 0.857620 0.995517
vt 0.857127 0.995999
vt 0.984558 0.995999
vt 0.985041 0.993218
vt 0.985041 0.995669
vt 0.998994 0.064846
vt 0.996173 0.065331
vt 0.995699 0.064846
vt 0.708636 0.992701
vt 0.709053 0.996617
vt 0.708636 0.997767
vt 0.998994 0.080373
vt 0.996823 0.080859
vt 0.995699 0.080373
vt 0.775434 0.992701
vt 0.774949 0.994850
vt 0.774949 0.993047
vt 0.775919 0.992701
vt 0.775434 0.995500
vt 0.775434 0.993047
vt 0.887688 0.992701
vt 0.888181 0.995517
vt 0.887688 0.996000
vt 0.985042 0.995999
vt 0.985525 0.993218
vt 0.985525 0.995669
vt 0.998994 0.051259
vt 0.996173 0.051745
vt 0.995698 0.051259
vt 0.709053 0.992701
vt 0.709471 0.996617
vt 0.709053 0.997767
vt 0.998994 0.051745
vt 0.996823 0.052230
vt 0.995699 0.051745
vt 0.789499 0.992701
vt 0.789014 0.994850
vt 0.789014 0.993047
vt 0.896068 0.992701
vt 0.896561 0.995517
vt 0.896068 0.996000
vt 0.998997 0.027542
vt 0.996215 0.027059
vt 0.998666 0.027059
vt 0.998994 0.074551
vt 0.996173 0.075036
vt 0.995699 0.074551
vt 0.799199 0.992701
vt 0.798714 0.995500
vt 0.798714 0.993047
vt 0.862549 0.992701
vt 0.863042 0.995517
vt 0.862549 0.995999
vt 0.943163 0.995999
vt 0.943646 0.993218
vt 0.943646 0.995669
vt 0.998994 0.065331
vt 0.996173 0.065816
vt 0.995699 0.065331
vt 0.795804 0.992701
vt 0.795319 0.995500
vt 0.795319 0.993047
vt 0.782709 0.992701
vt 0.782224 0.995500
vt 0.782224 0.993047
vt 0.888181 0.992701
vt 0.888674 0.995517
vt 0.888181 0.995999
vt 0.998997 0.038173
vt 0.996215 0.037689
vt 0.998666 0.037689
vt 0.998994 0.085711
vt 0.996173 0.086196
vt 0.995699 0.085711
vt 0.851705 0.992701
vt 0.852198 0.995517
vt 0.851705 0.996000
vt 0.948448 0.995999
vt 0.948931 0.993218
vt 0.948931 0.995669
vt 0.998994 0.075036
vt 0.996173 0.075521
vt 0.995698 0.075036
vt 0.783194 0.992701
vt 0.782709 0.995500
vt 0.782709 0.993047
vt 0.769614 0.992701
vt 0.769129 0.995500
vt 0.769129 0.993047
vt 0.888674 0.992701
vt 0.889167 0.995517
vt 0.888674 0.996000
vt 0.998997 0.028026
vt 0.996215 0.027542
vt 0.998666 0.027542
vt 0.998994 0.065816
vt 0.996173 0.066302
vt 0.995699 0.065816
vt 0.870929 0.992701
vt 0.871422 0.995517
vt 0.870929 0.995999
vt 0.948931 0.995999
vt 0.949414 0.993218
vt 0.949414 0.995669
vt 0.998994 0.052230
vt 0.996173 0.052715
vt 0.995699 0.052230
vt 0.796289 0.992701
vt 0.795804 0.995500
vt 0.795804 0.993047
vt 0.871422 0.992701
vt 0.871915 0.995517
vt 0.871422 0.995999
vt 0.943646 0.995999
vt 0.944129 0.993218
vt 0.944129 0.995669
vt 0.998994 0.052715
vt 0.996173 0.053200
vt 0.995699 0.052715
vt 0.770099 0.992701
vt 0.769614 0.995500
vt 0.769614 0.993047
vt 0.871915 0.992701
vt 0.872408 0.995517
vt 0.871915 0.995999
vt 0.985525 0.995999
vt 0.986008 0.993218
vt 0.986008 0.995669
vt 0.998994 0.066302
vt 0.996173 0.066787
vt 0.995699 0.066302
vt 0.799684 0.992701
vt 0.799199 0.995500
vt 0.799199 0.993047
vt 0.789984 0.992701
vt 0.789499 0.995500
vt 0.789499 0.993047
vt 0.860084 0.992701
vt 0.860577 0.995517
vt 0.860084 0.995999
vt 0.998997 0.028509
vt 0.996215 0.028026
vt 0.998666 0.028026
vt 0.998994 0.066787
vt 0.996173 0.067272
vt 0.995699 0.066787
vt 0.709470 0.992701
vt 0.709888 0.996617
vt 0.709470 0.997767
vt 0.998994 0.046407
vt 0.996822 0.046892
vt 0.995699 0.046407
vt 0.776404 0.992701
vt 0.775919 0.994850
vt 0.775919 0.993047
vt 0.776889 0.992701
vt 0.776404 0.995500
vt 0.776404 0.993047
vt 0.889167 0.992701
vt 0.889660 0.995517
vt 0.889167 0.996000
vt 0.998997 0.028992
vt 0.996216 0.028509
vt 0.998666 0.028509
vt 0.998994 0.087652
vt 0.996173 0.088137
vt 0.995699 0.087652
vt 0.709888 0.992701
vt 0.710305 0.996617
vt 0.709888 0.997767
vt 0.998994 0.067272
vt 0.996823 0.067757
vt 0.995699 0.067272
vt 0.800169 0.992701
vt 0.799684 0.994850
vt 0.799684 0.993047
vt 0.896561 0.992701
vt 0.897054 0.995517
vt 0.896561 0.995999
vt 0.944129 0.995999
vt 0.944612 0.993218
vt 0.944612 0.995669
vt 0.998994 0.067757
vt 0.996173 0.068243
vt 0.995699 0.067757
vt 0.800654 0.992701
vt 0.800169 0.995500
vt 0.800169 0.993047
vt 0.872408 0.992701
vt 0.872901 0.995517
vt 0.872408 0.995999
vt 0.949414 0.995999
vt 0.949897 0.993218
vt 0.949897 0.995669
vt 0.998994 0.080859
vt 0.996173 0.081344
vt 0.995699 0.080859
vt 0.801139 0.992701
vt 0.800654 0.995500
vt 0.800654 0.993047
vt 0.718233 0.997767
vt 0.717815 0.993851
vt 0.718233 0.992701
vt 0.889660 0.992701
vt 0.890153 0.994867
vt 0.889660 0.996000
vt 0.986008 0.995999
vt 0.986491 0.993868
vt 0.986491 0.995669
vt 0.770584 0.992701
vt 0.770099 0.995500
vt 0.770099 0.993047
vt 0.872900 0.992701
vt 0.873393 0.995517
vt 0.872900 0.995999
vt 0.998997 0.029475
vt 0.996215 0.028992
vt 0.998666 0.028992
vt 0.998994 0.081344
vt 0.996173 0.081829
vt 0.995699 0.081344
vt 0.873393 0.992701
vt 0.873886 0.995517
vt 0.873393 0.995999
vt 0.998997 0.000483
vt 0.996215 0.000000
vt 0.998666 -0.000000
vt 0.998994 0.086196
vt 0.996173 0.086681
vt 0.995699 0.086196
vt 0.790469 0.992701
vt 0.789984 0.995500
vt 0.789984 0.993047
vt 0.777374 0.992701
vt 0.776889 0.995500
vt 0.776889 0.993047
vt 0.890646 0.992701
vt 0.891139 0.995517
vt 0.890646 0.995999
vt 0.998997 0.038656
vt 0.996215 0.038173
vt 0.998666 0.038173
vt 0.998994 0.068243
vt 0.996173 0.068728
vt 0.995699 0.068243
vt 0.857620 0.992701
vt 0.858113 0.995517
vt 0.857620 0.995999
vt 0.998997 0.000966
vt 0.996215 0.000483
vt 0.998666 0.000483
vt 0.998994 0.059023
vt 0.996173 0.059508
vt 0.995699 0.059023
vt 0.801624 0.992701
vt 0.801139 0.995500
vt 0.801139 0.993047
vt 0.873886 0.992701
vt 0.874379 0.995517
vt 0.873886 0.996000
vt 0.949897 0.995999
vt 0.950380 0.993218
vt 0.950380 0.995669
vt 0.998994 0.081829
vt 0.996173 0.082314
vt 0.995698 0.081829
vt 0.790954 0.992701
vt 0.790469 0.995500
vt 0.790469 0.993047
vt 0.874379 0.992701
vt 0.874872 0.995517
vt 0.874379 0.996000
vt 0.998997 0.001449
vt 0.996215 0.000966
vt 0.998666 0.000966
vt 0.998994 0.044951
vt 0.996173 0.045437
vt 0.995699 0.044951
vt 0.802109 0.992701
vt 0.801624 0.995500
vt 0.801624 0.993047
vt 0.718650 0.997767
vt 0.718233 0.993851
vt 0.718650 0.992701
vt 0.874872 0.992701
vt 0.875365 0.994867
vt 0.874872 0.995999
vt 0.998997 0.029958
vt 0.996865 0.029475
vt 0.998666 0.029475
vt 0.783679 0.992701
vt 0.783194 0.995500
vt 0.783194 0.993047
vt 0.875365 0.992701
vt 0.875858 0.995517
vt 0.875365 0.995999
vt 0.998997 0.030441
vt 0.996216 0.029958
vt 0.998666 0.029958
vt 0.998994 0.068728
vt 0.996173 0.069213
vt 0.995699 0.068728
vt 0.858113 0.992701
vt 0.858606 0.995517
vt 0.858113 0.995999
vt 0.998997 0.001933
vt 0.996215 0.001450
vt 0.998666 0.001450
vt 0.998994 0.075521
vt 0.996173 0.076006
vt 0.995699 0.075521
vt 0.762339 0.992701
vt 0.761854 0.995500
vt 0.761854 0.993047
vt 0.762824 0.992701
vt 0.762339 0.995500
vt 0.762339 0.993047
vt 0.891139 0.992701
vt 0.891632 0.995517
vt 0.891139 0.996000
vt 0.998997 0.039139
vt 0.996215 0.038656
vt 0.998666 0.038656
vt 0.998994 0.082314
vt 0.996173 0.082799
vt 0.995698 0.082314
vt 0.875858 0.992701
vt 0.876351 0.995517
vt 0.875858 0.995999
vt 0.998997 0.002416
vt 0.996215 0.001933
vt 0.998666 0.001933
vt 0.998994 0.045437
vt 0.996173 0.045922
vt 0.995699 0.045437
vt 0.802594 0.992701
vt 0.802109 0.995500
vt 0.802109 0.993047
vt 0.858606 0.992701
vt 0.859099 0.995517
vt 0.858606 0.996000
vt 0.998997 0.002899
vt 0.996215 0.002416
vt 0.998666 0.002416
vt 0.998994 0.086681
vt 0.996173 0.087167
vt 0.995699 0.086681
vt 0.791439 0.992701
vt 0.790954 0.995500
vt 0.790954 0.993047
vt 0.876351 0.992701
vt 0.876844 0.995517
vt 0.876351 0.995999
vt 0.998997 0.003382
vt 0.996215 0.002899
vt 0.998666 0.002899
vt 0.998994 0.069213
vt 0.996173 0.069698
vt 0.995699 0.069213
vt 0.803079 0.992701
vt 0.802594 0.995500
vt 0.802594 0.993047
vt 0.719067 0.997767
vt 0.718650 0.993851
vt 0.719067 0.992701
vt 0.860577 0.992701
vt 0.861070 0.994867
vt 0.860577 0.995999
vt 0.998997 0.030925
vt 0.996865 0.030442
vt 0.998666 0.030442
vt 0.743141 0.992701
vt 0.742724 0.996043
vt 0.742724 0.993594
vt 0.995699 0.041072
vt 0.998123 0.040589
vt 0.998997 0.041072
vt 0.995699 0.053200
vt 0.998079 0.053686
vt 0.996173 0.053686
vt 0.876844 0.992701
vt 0.877337 0.995517
vt 0.876844 0.995999
vt 0.950380 0.995999
vt 0.950863 0.993218
vt 0.950863 0.995669
vt 0.998994 0.059508
vt 0.996173 0.059994
vt 0.995699 0.059508
vt 0.791924 0.992701
vt 0.791439 0.995500
vt 0.791439 0.993047
vt 0.743141 0.996043
vt 0.743141 0.993594
vt 0.998123 0.041072
vt 0.998997 0.041555
vt 0.995698 0.053686
vt 0.998079 0.054171
vt 0.996173 0.054171
vt 0.863042 0.992701
vt 0.863535 0.995517
vt 0.863042 0.995999
vt 0.998997 0.003865
vt 0.996216 0.003382
vt 0.998666 0.003382
vt 0.998994 0.076006
vt 0.996173 0.076491
vt 0.995698 0.076006
vt 0.803564 0.992701
vt 0.803079 0.995500
vt 0.803079 0.993047
vt 0.877337 0.992701
vt 0.877830 0.995517
vt 0.877337 0.996000
vt 0.998997 0.004349
vt 0.996215 0.003866
vt 0.998666 0.003865
vt 0.998994 0.069698
vt 0.996173 0.070184
vt 0.995698 0.069698
vt 0.792409 0.992701
vt 0.791924 0.995500
vt 0.791924 0.993047
vt 0.859099 0.992701
vt 0.859591 0.995517
vt 0.859099 0.996000
vt 0.998997 0.004832
vt 0.996216 0.004349
vt 0.998666 0.004349
vt 0.998994 0.082799
vt 0.996173 0.083285
vt 0.995699 0.082799
vt 0.796774 0.992701
vt 0.796289 0.995500
vt 0.796289 0.993047
vt 0.719484 0.997767
vt 0.719067 0.993851
vt 0.719484 0.992701
vt 0.890153 0.992701
vt 0.890646 0.994867
vt 0.890153 0.996000
vt 0.986491 0.995999
vt 0.986974 0.993868
vt 0.986974 0.995669
vt 0.771069 0.992701
vt 0.770584 0.995500
vt 0.770584 0.993047
vt 0.898533 0.992701
vt 0.899026 0.995517
vt 0.898533 0.995999
vt 0.998997 0.005315
vt 0.996215 0.004832
vt 0.998666 0.004832
vt 0.998994 0.076491
vt 0.996173 0.076977
vt 0.995699 0.076491
vt 0.763309 0.992701
vt 0.762824 0.995500
vt 0.762824 0.993047
vt 0.863535 0.992701
vt 0.864028 0.995517
vt 0.863535 0.995999
vt 0.998997 0.005798
vt 0.996215 0.005315
vt 0.998666 0.005315
vt 0.998994 0.054171
vt 0.996173 0.054656
vt 0.995698 0.054171
vt 0.771554 0.992701
vt 0.771069 0.995500
vt 0.771069 0.993047
vt 0.877830 0.992701
vt 0.878323 0.995517
vt 0.877830 0.995999
vt 0.944612 0.995999
vt 0.945095 0.993218
vt 0.945095 0.995669
vt 0.998994 0.076977
vt 0.996173 0.077462
vt 0.995699 0.076977
vt 0.792894 0.992701
vt 0.792409 0.995500
vt 0.792409 0.993047
vt 0.861070 0.992701
vt 0.861563 0.995517
vt 0.861070 0.995999
vt 0.998997 0.031408
vt 0.996215 0.030925
vt 0.998666 0.030925
vt 0.998994 0.054656
vt 0.996173 0.055141
vt 0.995699 0.054656
vt 0.745227 0.992701
vt 0.745644 0.996043
vt 0.745227 0.996935
vt 0.784164 0.996002
vt 0.783679 0.993591
vt 0.784164 0.992701
vt 0.891632 0.995999
vt 0.892125 0.993609
vt 0.892125 0.995517
vt 0.878323 0.992701
vt 0.878816 0.995517
vt 0.878323 0.995999
vt 0.950863 0.995999
vt 0.951346 0.993218
vt 0.951346 0.995669
vt 0.998994 0.044466
vt 0.996173 0.044951
vt 0.995699 0.044466
vt 0.793379 0.992701
vt 0.792894 0.995500
vt 0.792894 0.993047
vt 0.784649 0.992701
vt 0.784164 0.995500
vt 0.784164 0.993047
vt 0.853183 0.992701
vt 0.853676 0.995517
vt 0.853183 0.995999
vt 0.986975 0.995999
vt 0.987458 0.993218
vt 0.987458 0.995669
vt 0.998994 0.070184
vt 0.996173 0.070669
vt 0.995699 0.070184
vt 0.775958 0.914265
vt 0.801365 0.954789
vt 0.536382 0.691028
vt 0.535531 0.659767
vt 0.536382 0.659770
vt 0.536719 0.734329
vt 0.535868 0.716938
vt 0.536719 0.716942
vt 0.936452 0.334127
vt 0.939918 0.378118
vt 0.936452 0.374652
vt 0.911045 0.334127
vt 0.907580 0.378118
vt 0.911045 0.374652
vt 0.939918 0.330662
vt 0.336663 0.721767
vt 0.337514 0.738855
vt 0.336663 0.738832
vt 0.535531 0.595370
vt 0.746478 0.992701
vt 0.746895 0.996043
vt 0.746478 0.996935
vt 0.951819 0.995999
vt 0.951346 0.993610
vt 0.951819 0.992701
vt 0.849298 0.996002
vt 0.849780 0.993591
vt 0.849780 0.995500
vt 0.710722 0.997767
vt 0.710305 0.993850
vt 0.710722 0.992701
vt 0.839673 0.992701
vt 0.840154 0.994850
vt 0.839673 0.996002
vt 0.998994 0.117480
vt 0.996822 0.116999
vt 0.998622 0.116999
vt 0.915231 0.992701
vt 0.914758 0.995518
vt 0.914758 0.993066
vt 0.818498 0.992701
vt 0.818979 0.995500
vt 0.818498 0.996002
vt 0.998994 0.100163
vt 0.996173 0.099682
vt 0.998622 0.099682
vt 0.956621 0.995999
vt 0.956138 0.993218
vt 0.956621 0.992701
vt 0.946052 0.992701
vt 0.945579 0.995518
vt 0.945579 0.993067
vt 0.833898 0.992701
vt 0.834380 0.995500
vt 0.833898 0.996002
vt 0.998994 0.089099
vt 0.996173 0.088618
vt 0.998622 0.088618
vt 0.996215 0.031891
vt 0.995699 0.031408
vt 0.711139 0.997767
vt 0.710722 0.993850
vt 0.711139 0.992701
vt 0.838711 0.992701
vt 0.839192 0.994850
vt 0.838711 0.996002
vt 0.998994 0.130468
vt 0.996822 0.129987
vt 0.998622 0.129987
vt 0.936519 0.992701
vt 0.936046 0.995518
vt 0.936046 0.993066
vt 0.824754 0.992701
vt 0.825235 0.995500
vt 0.824754 0.996002
vt 0.998994 0.106416
vt 0.996173 0.105935
vt 0.998622 0.105935
vt 0.957104 0.995999
vt 0.956621 0.993218
vt 0.957104 0.992701
vt 0.991314 0.992701
vt 0.990840 0.995518
vt 0.990840 0.993066
vt 0.834380 0.992701
vt 0.834861 0.995500
vt 0.834380 0.996002
vt 0.998994 0.089580
vt 0.996173 0.089099
vt 0.998622 0.089099
vt 0.987941 0.995999
vt 0.987941 0.992701
vt 0.711557 0.997767
vt 0.711139 0.993850
vt 0.711557 0.992701
vt 0.839192 0.992701
vt 0.839673 0.994850
vt 0.839192 0.996002
vt 0.998994 0.117961
vt 0.996822 0.117480
vt 0.998622 0.117480
vt 0.974914 0.992701
vt 0.974441 0.995518
vt 0.974441 0.993066
vt 0.834861 0.992701
vt 0.835342 0.995500
vt 0.834861 0.996002
vt 0.998994 0.123733
vt 0.996173 0.123252
vt 0.998622 0.123252
vt 0.957587 0.995999
vt 0.957104 0.993218
vt 0.957587 0.992701
vt 0.952292 0.992701
vt 0.951819 0.995518
vt 0.951819 0.993066
vt 0.818979 0.992701
vt 0.819461 0.995500
vt 0.818979 0.996002
vt 0.998994 0.106897
vt 0.996173 0.106416
vt 0.998622 0.106416
vt 0.988424 0.995999
vt 0.987941 0.993218
vt 0.988424 0.992701
vt 0.719902 0.997767
vt 0.719484 0.993850
vt 0.719902 0.992701
vt 0.823310 0.992701
vt 0.823792 0.994850
vt 0.823310 0.996002
vt 0.998994 0.130949
vt 0.996822 0.130468
vt 0.998622 0.130468
vt 0.975387 0.992701
vt 0.974914 0.995518
vt 0.974914 0.993067
vt 0.819461 0.992701
vt 0.819942 0.995500
vt 0.819461 0.996002
vt 0.998994 0.107378
vt 0.996173 0.106897
vt 0.998622 0.106897
vt 0.958071 0.995999
vt 0.957587 0.993218
vt 0.958071 0.992701
vt 0.946525 0.992701
vt 0.946052 0.995518
vt 0.946052 0.993067
vt 0.846892 0.992701
vt 0.847373 0.995500
vt 0.846892 0.996002
vt 0.998994 0.090061
vt 0.996173 0.089580
vt 0.998622 0.089580
vt 0.998997 0.031891
vt 0.996215 0.032374
vt 0.995699 0.031891
vt 0.915704 0.992701
vt 0.915231 0.995518
vt 0.915231 0.993066
vt 0.825235 0.992701
vt 0.825716 0.995500
vt 0.825235 0.996002
vt 0.998994 0.096315
vt 0.996173 0.095834
vt 0.998622 0.095834
vt 0.996216 0.006765
vt 0.916178 0.992701
vt 0.915705 0.995518
vt 0.915705 0.993066
vt 0.805985 0.995500
vt 0.805504 0.996002
vt 0.998994 0.090542
vt 0.996173 0.090061
vt 0.998622 0.090061
vt 0.998997 0.011114
vt 0.996216 0.011597
vt 0.995699 0.011114
vt 0.916651 0.992701
vt 0.916178 0.995518
vt 0.916178 0.993067
vt 0.840154 0.992701
vt 0.840636 0.995500
vt 0.840154 0.996002
vt 0.998994 0.100644
vt 0.996173 0.100163
vt 0.998622 0.100163
vt 0.998997 0.011597
vt 0.996215 0.012080
vt 0.995699 0.011597
vt 0.899972 0.992701
vt 0.899499 0.995518
vt 0.899499 0.993066
vt 0.808872 0.992701
vt 0.809354 0.995500
vt 0.808872 0.996002
vt 0.998994 0.107859
vt 0.996173 0.107378
vt 0.998622 0.107378
vt 0.998997 0.006765
vt 0.996216 0.007248
vt 0.995699 0.006765
vt 0.936992 0.992701
vt 0.936519 0.995518
vt 0.936519 0.993066
vt 0.847373 0.992701
vt 0.847855 0.995500
vt 0.847373 0.996002
vt 0.998994 0.096796
vt 0.996173 0.096315
vt 0.998622 0.096315
vt 0.953721 0.995999
vt 0.953238 0.993218
vt 0.953721 0.992701
vt 0.900445 0.992701
vt 0.899972 0.995518
vt 0.899972 0.993066
vt 0.809354 0.992701
vt 0.809835 0.995500
vt 0.809354 0.996002
vt 0.998994 0.097277
vt 0.996173 0.096796
vt 0.998622 0.096796
vt 0.958554 0.995999
vt 0.958071 0.993218
vt 0.958554 0.992701
vt 0.917124 0.992701
vt 0.916651 0.995518
vt 0.916651 0.993067
vt 0.809835 0.992701
vt 0.810316 0.995500
vt 0.809835 0.996002
vt 0.998994 0.101125
vt 0.996173 0.100644
vt 0.998622 0.100644
vt 0.959037 0.995999
vt 0.958554 0.993218
vt 0.959037 0.992701
vt 0.917597 0.992701
vt 0.917124 0.995518
vt 0.917124 0.993067
vt 0.810316 0.992701
vt 0.810798 0.995500
vt 0.810316 0.996002
vt 0.998994 0.134316
vt 0.996173 0.133835
vt 0.998622 0.133835
vt 0.954205 0.995999
vt 0.953721 0.993218
vt 0.954205 0.992701
vt 0.900918 0.992701
vt 0.900445 0.995518
vt 0.900445 0.993067
vt 0.835342 0.992701
vt 0.835823 0.995500
vt 0.835342 0.996002
vt 0.998994 0.097758
vt 0.996173 0.097277
vt 0.998622 0.097277
vt 0.954688 0.995999
vt 0.954205 0.993218
vt 0.954688 0.992701
vt 0.937466 0.992701
vt 0.936992 0.995518
vt 0.936992 0.993066
vt 0.810798 0.992701
vt 0.811279 0.995500
vt 0.810798 0.996002
vt 0.998994 0.118442
vt 0.996173 0.117961
vt 0.998622 0.117961
vt 0.959520 0.995999
vt 0.959037 0.993218
vt 0.959520 0.992701
vt 0.972075 0.992701
vt 0.971602 0.995518
vt 0.971602 0.993066
vt 0.825717 0.992701
vt 0.826198 0.995500
vt 0.825717 0.996002
vt 0.998994 0.099682
vt 0.996173 0.099201
vt 0.998622 0.099201
vt 0.960004 0.995999
vt 0.959521 0.993218
vt 0.960004 0.992701
vt 0.918070 0.992701
vt 0.917597 0.995518
vt 0.917597 0.993067
vt 0.811279 0.992701
vt 0.811760 0.995500
vt 0.811279 0.996002
vt 0.998994 0.108340
vt 0.996173 0.107859
vt 0.998622 0.107859
vt 0.955171 0.995999
vt 0.954688 0.993218
vt 0.955171 0.992701
vt 0.746895 0.996935
vt 0.747311 0.993593
vt 0.747311 0.996043
vt 0.937939 0.995999
vt 0.937465 0.993610
vt 0.937939 0.992701
vt 0.819942 0.996002
vt 0.820423 0.993591
vt 0.820423 0.995500
vt 0.918543 0.992701
vt 0.918070 0.995518
vt 0.918070 0.993067
vt 0.840636 0.992701
vt 0.841117 0.995500
vt 0.840636 0.996002
vt 0.998994 0.118923
vt 0.996173 0.118442
vt 0.998622 0.118442
vt 0.998997 0.007248
vt 0.996215 0.007731
vt 0.995699 0.007248
vt 0.919016 0.992701
vt 0.918543 0.995518
vt 0.918543 0.993067
vt 0.805985 0.992701
vt 0.806466 0.995500
vt 0.805985 0.996002
vt 0.998994 0.119404
vt 0.996173 0.118923
vt 0.998622 0.118923
vt 0.998997 0.012080
vt 0.996216 0.012563
vt 0.995699 0.012080
vt 0.747311 0.996935
vt 0.747728 0.993593
vt 0.747728 0.996043
vt 0.919489 0.995999
vt 0.919016 0.993610
vt 0.919489 0.992701
vt 0.806466 0.996002
vt 0.806947 0.993591
vt 0.806947 0.995500
vt 0.972548 0.992701
vt 0.972075 0.995518
vt 0.972075 0.993067
vt 0.826198 0.992701
vt 0.826679 0.995500
vt 0.826198 0.996002
vt 0.998994 0.101606
vt 0.996173 0.101125
vt 0.998622 0.101125
vt 0.998997 0.012563
vt 0.996215 0.013046
vt 0.995699 0.012563
vt 0.826679 0.992701
vt 0.827160 0.995500
vt 0.826679 0.996002
vt 0.998994 0.108821
vt 0.996173 0.108340
vt 0.998622 0.108340
vt 0.960487 0.995999
vt 0.960004 0.993218
vt 0.960487 0.992701
vt 0.901391 0.992701
vt 0.900918 0.995518
vt 0.900918 0.993067
vt 0.835823 0.992701
vt 0.836305 0.995500
vt 0.835823 0.996002
vt 0.998994 0.122290
vt 0.996173 0.121809
vt 0.998622 0.121809
vt 0.909443 0.995999
vt 0.908960 0.993218
vt 0.909443 0.992701
vt 0.938412 0.992701
vt 0.937939 0.995518
vt 0.937939 0.993066
vt 0.827160 0.992701
vt 0.827642 0.995500
vt 0.827160 0.996002
vt 0.998994 0.102087
vt 0.996173 0.101606
vt 0.998622 0.101606
vt 0.909926 0.995999
vt 0.909443 0.993218
vt 0.909926 0.992701
vt 0.919962 0.992701
vt 0.919489 0.995518
vt 0.919489 0.993066
vt 0.827642 0.992701
vt 0.828123 0.995500
vt 0.827642 0.996002
vt 0.998994 0.122771
vt 0.996173 0.122290
vt 0.998622 0.122290
vt 0.910410 0.995999
vt 0.909926 0.993218
vt 0.910410 0.992701
vt 0.901864 0.992701
vt 0.901391 0.995518
vt 0.901391 0.993067
vt 0.841117 0.992701
vt 0.841598 0.995500
vt 0.841117 0.996002
vt 0.998994 0.109303
vt 0.996173 0.108821
vt 0.998622 0.108821
vt 0.998997 0.013046
vt 0.996216 0.013530
vt 0.995699 0.013046
vt 0.920435 0.992701
vt 0.919962 0.995518
vt 0.919962 0.993066
vt 0.746061 0.996935
vt 0.746478 0.993593
vt 0.746478 0.996043
vt 0.920908 0.996000
vt 0.920435 0.993610
vt 0.920908 0.992701
vt 0.841598 0.996002
vt 0.842079 0.993591
vt 0.842079 0.995500
vt 0.836304 0.992701
vt 0.836786 0.995500
vt 0.836304 0.996002
vt 0.998994 0.102568
vt 0.996173 0.102087
vt 0.998622 0.102087
vt 0.910893 0.995999
vt 0.910410 0.993218
vt 0.910893 0.992701
vt 0.921381 0.992701
vt 0.920908 0.995518
vt 0.920908 0.993067
vt 0.849780 0.992701
vt 0.850261 0.995500
vt 0.849780 0.996002
vt 0.998994 0.119885
vt 0.996173 0.119404
vt 0.998622 0.119404
vt 0.960970 0.995999
vt 0.960487 0.993218
vt 0.960970 0.992701
vt 0.921854 0.992701
vt 0.921381 0.995518
vt 0.921381 0.993066
vt 0.922328 0.992701
vt 0.921854 0.995518
vt 0.921854 0.993066
vt 0.811760 0.992701
vt 0.812241 0.995500
vt 0.811760 0.996002
vt 0.998994 0.123252
vt 0.996173 0.122771
vt 0.998622 0.122771
vt 0.998997 0.007731
vt 0.996216 0.008214
vt 0.995699 0.007731
vt 0.713226 0.992701
vt 0.713643 0.996616
vt 0.713226 0.997766
vt 0.988907 0.995999
vt 0.988424 0.993868
vt 0.988907 0.992701
vt 0.899499 0.992701
vt 0.899026 0.994868
vt 0.899026 0.993067
vt 0.973021 0.992701
vt 0.972548 0.995518
vt 0.972548 0.993067
vt 0.828123 0.992701
vt 0.828604 0.995500
vt 0.828123 0.996002
vt 0.998994 0.103049
vt 0.996173 0.102568
vt 0.998622 0.102568
vt 0.998997 0.013530
vt 0.996215 0.014013
vt 0.995699 0.013530
vt 0.713643 0.992701
vt 0.714060 0.996616
vt 0.713643 0.997767
vt 0.998997 0.032374
vt 0.996865 0.032858
vt 0.995699 0.032374
vt 0.922801 0.992701
vt 0.922328 0.994868
vt 0.922328 0.993066
vt 0.747728 0.996935
vt 0.748145 0.993593
vt 0.748145 0.996043
vt 0.923274 0.996000
vt 0.922800 0.993610
vt 0.923274 0.992701
vt 0.820423 0.996002
vt 0.820904 0.993591
vt 0.820904 0.995500
vt 0.828604 0.992701
vt 0.829085 0.995500
vt 0.828604 0.996002
vt 0.998994 0.120366
vt 0.996173 0.119885
vt 0.998622 0.119885
vt 0.911376 0.995999
vt 0.910893 0.993218
vt 0.911376 0.992701
vt 0.923747 0.992701
vt 0.923274 0.995518
vt 0.923274 0.993066
vt 0.851223 0.992701
vt 0.851705 0.995500
vt 0.851223 0.996002
vt 0.998994 0.091023
vt 0.996173 0.090542
vt 0.998622 0.090542
vt 0.961453 0.995999
vt 0.960970 0.993218
vt 0.961453 0.992701
vt 0.924220 0.992701
vt 0.923747 0.995518
vt 0.923747 0.993067
vt 0.738966 0.996935
vt 0.738548 0.993593
vt 0.738966 0.992701
vt 0.995698 0.109784
vt 0.998079 0.109303
vt 0.998994 0.109784
vt 0.995699 0.008214
vt 0.998123 0.008697
vt 0.996215 0.008697
vt 0.812241 0.992701
vt 0.812723 0.995500
vt 0.812241 0.996002
vt 0.998994 0.110265
vt 0.996173 0.109784
vt 0.998622 0.109784
vt 0.998997 0.014013
vt 0.996215 0.014496
vt 0.995699 0.014013
vt 0.924693 0.992701
vt 0.924220 0.995518
vt 0.924220 0.993067
vt 0.739383 0.996935
vt 0.738966 0.993593
vt 0.739383 0.992701
vt 0.995698 0.103530
vt 0.998079 0.103049
vt 0.998994 0.103530
vt 0.995699 0.014496
vt 0.998123 0.014979
vt 0.996215 0.014979
vt 0.829085 0.992701
vt 0.829567 0.995500
vt 0.829085 0.996002
vt 0.998994 0.110746
vt 0.996173 0.110265
vt 0.998622 0.110265
vt 0.961937 0.995999
vt 0.961453 0.993218
vt 0.961937 0.992701
vt 0.925166 0.992701
vt 0.924693 0.995518
vt 0.924693 0.993067
vt 0.829567 0.992701
vt 0.830048 0.995500
vt 0.829567 0.996002
vt 0.998994 0.111227
vt 0.996173 0.110746
vt 0.998622 0.110746
vt 0.962420 0.995999
vt 0.961937 0.993218
vt 0.962420 0.992701
vt 0.925639 0.992701
vt 0.925166 0.995518
vt 0.925166 0.993067
vt 0.820904 0.992701
vt 0.821385 0.995500
vt 0.820904 0.996002
vt 0.998994 0.120847
vt 0.996173 0.120366
vt 0.998622 0.120366
vt 0.962903 0.995999
vt 0.962420 0.993218
vt 0.962903 0.992701
vt 0.926112 0.992701
vt 0.925639 0.995518
vt 0.925639 0.993067
vt 0.739801 0.996935
vt 0.739383 0.993593
vt 0.739801 0.992701
vt 0.995699 0.091504
vt 0.998079 0.091023
vt 0.998994 0.091504
vt 0.995699 0.014979
vt 0.998123 0.015462
vt 0.996216 0.015462
vt 0.714060 0.992701
vt 0.714477 0.996616
vt 0.714060 0.997767
vt 0.998997 0.032858
vt 0.996865 0.033341
vt 0.995699 0.032858
vt 0.938885 0.992701
vt 0.938412 0.994868
vt 0.938412 0.993067
vt 0.740219 0.996935
vt 0.739801 0.993593
vt 0.740219 0.992701
vt 0.995699 0.121328
vt 0.998079 0.120847
vt 0.998994 0.121328
vt 0.995699 0.008698
vt 0.998123 0.009181
vt 0.996215 0.009181
vt 0.714477 0.992701
vt 0.714895 0.996616
vt 0.714477 0.997767
vt 0.998997 0.033341
vt 0.996865 0.033824
vt 0.995699 0.033341
vt 0.903756 0.992701
vt 0.903283 0.994868
vt 0.903283 0.993066
vt 0.830048 0.992701
vt 0.830529 0.995500
vt 0.830048 0.996002
vt 0.998994 0.131430
vt 0.996173 0.130949
vt 0.998622 0.130949
vt 0.963386 0.995999
vt 0.962903 0.993218
vt 0.963386 0.992701
vt 0.926585 0.992701
vt 0.926112 0.995518
vt 0.926112 0.993066
vt 0.836786 0.992701
vt 0.837267 0.995500
vt 0.836786 0.996002
vt 0.998994 0.111708
vt 0.996173 0.111227
vt 0.998622 0.111227
vt 0.963870 0.995999
vt 0.963386 0.993218
vt 0.963870 0.992701
vt 0.927058 0.992701
vt 0.926585 0.995518
vt 0.926585 0.993066
vt 0.927531 0.992701
vt 0.927058 0.995518
vt 0.927058 0.993067
vt 0.806947 0.992701
vt 0.807429 0.995500
vt 0.806947 0.996002
vt 0.998994 0.091985
vt 0.996173 0.091504
vt 0.998622 0.091504
vt 0.998997 0.015462
vt 0.996215 0.015946
vt 0.995699 0.015462
vt 0.812723 0.992701
vt 0.813204 0.995500
vt 0.812723 0.996002
vt 0.998994 0.112189
vt 0.996173 0.111708
vt 0.998622 0.111708
vt 0.998997 0.015946
vt 0.996215 0.016429
vt 0.995699 0.015946
vt 0.928004 0.992701
vt 0.927531 0.995518
vt 0.927531 0.993067
vt 0.904229 0.992701
vt 0.903756 0.995518
vt 0.903756 0.993067
vt 0.830529 0.992701
vt 0.831011 0.995500
vt 0.830529 0.996002
vt 0.998994 0.092466
vt 0.996173 0.091985
vt 0.998622 0.091985
vt 0.998997 0.009181
vt 0.996216 0.009664
vt 0.995699 0.009181
vt 0.831011 0.992701
vt 0.831492 0.995500
vt 0.831011 0.996002
vt 0.998994 0.092947
vt 0.996173 0.092466
vt 0.998622 0.092466
vt 0.964353 0.995999
vt 0.963870 0.993218
vt 0.964353 0.992701
vt 0.939358 0.992701
vt 0.938885 0.995518
vt 0.938885 0.993066
vt 0.837267 0.992701
vt 0.837748 0.995500
vt 0.837267 0.996002
vt 0.998994 0.093428
vt 0.996173 0.092947
vt 0.998622 0.092947
vt 0.964836 0.995999
vt 0.964353 0.993218
vt 0.964836 0.992701
vt 0.904702 0.992701
vt 0.904229 0.995518
vt 0.904229 0.993067
vt 0.842079 0.992701
vt 0.842561 0.995500
vt 0.842079 0.996002
vt 0.998994 0.131911
vt 0.996173 0.131430
vt 0.998622 0.131430
vt 0.965319 0.995999
vt 0.964836 0.993218
vt 0.965319 0.992701
vt 0.905176 0.992701
vt 0.904703 0.995518
vt 0.904703 0.993066
vt 0.928477 0.992701
vt 0.928004 0.995518
vt 0.928004 0.993067
vt 0.813204 0.992701
vt 0.813685 0.995500
vt 0.813204 0.996002
vt 0.998994 0.124215
vt 0.996173 0.123733
vt 0.998622 0.123733
vt 0.955654 0.995999
vt 0.955171 0.993218
vt 0.955654 0.992701
vt 0.714895 0.992701
vt 0.715312 0.996616
vt 0.714895 0.997767
vt 0.998997 0.033824
vt 0.996865 0.034307
vt 0.995699 0.033824
vt 0.905649 0.992701
vt 0.905176 0.994868
vt 0.905176 0.993066
vt 0.973494 0.992701
vt 0.973021 0.995518
vt 0.973021 0.993066
vt 0.821385 0.992701
vt 0.821867 0.995500
vt 0.821385 0.996002
vt 0.998994 0.104011
vt 0.996173 0.103530
vt 0.998622 0.103530
vt 0.965803 0.995999
vt 0.965320 0.993218
vt 0.965803 0.992701
vt 0.715312 0.992701
vt 0.715729 0.996616
vt 0.715312 0.997767
vt 0.998997 0.034307
vt 0.996865 0.034790
vt 0.995699 0.034307
vt 0.928950 0.992701
vt 0.928477 0.994868
vt 0.928477 0.993066
vt 0.813685 0.992701
vt 0.814166 0.995500
vt 0.813685 0.996002
vt 0.998994 0.132392
vt 0.996173 0.131911
vt 0.998622 0.131911
vt 0.966286 0.995999
vt 0.965803 0.993218
vt 0.966286 0.992701
vt 0.929423 0.992701
vt 0.928950 0.995518
vt 0.928950 0.993066
vt 0.842561 0.992701
vt 0.843042 0.995500
vt 0.842561 0.996002
vt 0.998994 0.093909
vt 0.996173 0.093428
vt 0.998622 0.093428
vt 0.911859 0.995999
vt 0.911376 0.993218
vt 0.911859 0.992701
vt 0.929897 0.992701
vt 0.929423 0.995518
vt 0.929423 0.993067
vt 0.902337 0.992701
vt 0.901864 0.995518
vt 0.901864 0.993067
vt 0.807429 0.992701
vt 0.807910 0.995500
vt 0.807429 0.996002
vt 0.998994 0.098239
vt 0.996173 0.097758
vt 0.998622 0.097758
vt 0.998997 0.016429
vt 0.996215 0.016912
vt 0.995699 0.016429
vt 0.831492 0.992701
vt 0.831973 0.995500
vt 0.831492 0.996002
vt 0.998994 0.112670
vt 0.996173 0.112189
vt 0.998622 0.112189
vt 0.912342 0.995999
vt 0.911859 0.993218
vt 0.912342 0.992701
vt 0.902810 0.992701
vt 0.902337 0.995518
vt 0.902337 0.993066
vt 0.906122 0.992701
vt 0.905649 0.995518
vt 0.905649 0.993066
vt 0.847855 0.992701
vt 0.848336 0.995500
vt 0.847855 0.996002
vt 0.998994 0.098720
vt 0.996173 0.098239
vt 0.998622 0.098239
vt 0.998997 0.009664
vt 0.996216 0.010147
vt 0.995699 0.009664
vt 0.843042 0.992701
vt 0.843523 0.995500
vt 0.843042 0.996002
vt 0.998994 0.104492
vt 0.996173 0.104011
vt 0.998622 0.104011
vt 0.966769 0.995999
vt 0.966286 0.993218
vt 0.966769 0.992701
vt 0.939831 0.992701
vt 0.939358 0.995518
vt 0.939358 0.993066
vt 0.814166 0.992701
vt 0.814648 0.995500
vt 0.814166 0.996002
vt 0.998994 0.113151
vt 0.996173 0.112670
vt 0.998622 0.112670
vt 0.912826 0.995999
vt 0.912342 0.993218
vt 0.912826 0.992701
vt 0.903283 0.992701
vt 0.902810 0.995518
vt 0.902810 0.993067
vt 0.843523 0.992701
vt 0.844005 0.995500
vt 0.843523 0.996002
vt 0.998994 0.124696
vt 0.996173 0.124215
vt 0.998622 0.124215
vt 0.913309 0.995999
vt 0.912826 0.993218
vt 0.913309 0.992701
vt 0.930369 0.992701
vt 0.929896 0.995518
vt 0.929896 0.993066
vt 0.930843 0.992701
vt 0.930369 0.995518
vt 0.930369 0.993066
vt 0.814648 0.992701
vt 0.815129 0.995500
vt 0.814648 0.996002
vt 0.998994 0.113632
vt 0.996173 0.113151
vt 0.998622 0.113151
vt 0.998997 0.010147
vt 0.996216 0.010630
vt 0.995699 0.010147
vt 0.715729 0.992701
vt 0.716146 0.996616
vt 0.715729 0.997767
vt 0.989391 0.995999
vt 0.988907 0.993868
vt 0.989391 0.992701
vt 0.940304 0.992701
vt 0.939831 0.994868
vt 0.939831 0.993066
vt 0.973967 0.992701
vt 0.973494 0.995518
vt 0.973494 0.993067
vt 0.844005 0.992701
vt 0.844486 0.995500
vt 0.844005 0.996002
vt 0.998994 0.104973
vt 0.996173 0.104492
vt 0.998622 0.104492
vt 0.998997 0.016912
vt 0.996215 0.017395
vt 0.995699 0.016912
vt 0.720319 0.996616
vt 0.989874 0.995999
vt 0.989391 0.993868
vt 0.989874 0.992701
vt 0.940777 0.992701
vt 0.940304 0.994868
vt 0.940304 0.993067
vt 0.844486 0.992701
vt 0.844967 0.995500
vt 0.844486 0.996002
vt 0.998994 0.125177
vt 0.996173 0.124696
vt 0.998622 0.124696
vt 0.913792 0.995999
vt 0.913309 0.993218
vt 0.913792 0.992701
vt 0.931316 0.992701
vt 0.930843 0.995518
vt 0.930843 0.993066
vt 0.844967 0.992701
vt 0.845448 0.995500
vt 0.844967 0.996002
vt 0.998994 0.125658
vt 0.996173 0.125177
vt 0.998622 0.125177
vt 0.967252 0.995999
vt 0.966769 0.993218
vt 0.967252 0.992701
vt 0.931789 0.992701
vt 0.931316 0.995518
vt 0.931316 0.993066
vt 0.711974 0.997767
vt 0.711557 0.993850
vt 0.711974 0.992701
vt 0.807910 0.992701
vt 0.808391 0.994850
vt 0.807910 0.996002
vt 0.998994 0.132873
vt 0.996822 0.132392
vt 0.998622 0.132392
vt 0.952765 0.992701
vt 0.952292 0.995518
vt 0.952292 0.993066
vt 0.837748 0.992701
vt 0.838229 0.995500
vt 0.837748 0.996002
vt 0.998994 0.094390
vt 0.996173 0.093909
vt 0.998622 0.093909
vt 0.990357 0.995999
vt 0.989874 0.993218
vt 0.990357 0.992701
vt 0.821867 0.992701
vt 0.822348 0.995500
vt 0.821867 0.996002
vt 0.998994 0.126139
vt 0.996173 0.125658
vt 0.998622 0.125658
vt 0.967736 0.995999
vt 0.967252 0.993218
vt 0.967736 0.992701
vt 0.932262 0.992701
vt 0.931789 0.995518
vt 0.931789 0.993066
vt 0.975860 0.992701
vt 0.975387 0.995518
vt 0.975387 0.993066
vt 0.815129 0.992701
vt 0.815610 0.995500
vt 0.815129 0.996002
vt 0.998994 0.105454
vt 0.996173 0.104973
vt 0.998622 0.104973
vt 0.998997 0.017395
vt 0.996215 0.017878
vt 0.995699 0.017395
vt 0.848336 0.992701
vt 0.848817 0.995500
vt 0.848336 0.996002
vt 0.998994 0.114113
vt 0.996173 0.113632
vt 0.998622 0.113632
vt 0.968219 0.995999
vt 0.967736 0.993218
vt 0.968219 0.992701
vt 0.941250 0.992701
vt 0.940777 0.995518
vt 0.940777 0.993067
vt 0.831973 0.992701
vt 0.832455 0.995500
vt 0.831973 0.996002
vt 0.998994 0.126620
vt 0.996173 0.126139
vt 0.998622 0.126139
vt 0.968702 0.995999
vt 0.968219 0.993218
vt 0.968702 0.992701
vt 0.932735 0.992701
vt 0.932262 0.995518
vt 0.932262 0.993066
vt 0.850261 0.992701
vt 0.850742 0.995500
vt 0.850261 0.996002
vt 0.998994 0.094871
vt 0.996173 0.094390
vt 0.998622 0.094390
vt 0.998997 0.017878
vt 0.996215 0.018362
vt 0.995699 0.017879
vt 0.933208 0.992701
vt 0.932735 0.995518
vt 0.932735 0.993066
vt 0.712391 0.997767
vt 0.711974 0.993850
vt 0.712391 0.992701
vt 0.823792 0.992701
vt 0.824273 0.994850
vt 0.823792 0.996002
vt 0.998994 0.133354
vt 0.996822 0.132873
vt 0.998622 0.132873
vt 0.908960 0.992701
vt 0.908487 0.995518
vt 0.908487 0.993066
vt 0.838229 0.992701
vt 0.838711 0.995500
vt 0.838229 0.996002
vt 0.998994 0.095352
vt 0.996173 0.094871
vt 0.998622 0.094871
vt 0.990840 0.995999
vt 0.990357 0.993218
vt 0.990840 0.992701
vt 0.815610 0.992701
vt 0.816092 0.995500
vt 0.815610 0.996002
vt 0.998994 0.127101
vt 0.996173 0.126620
vt 0.998622 0.126620
vt 0.969185 0.995999
vt 0.968702 0.993218
vt 0.969185 0.992701
vt 0.906595 0.992701
vt 0.906122 0.995518
vt 0.906122 0.993066
vt 0.974440 0.992701
vt 0.973967 0.995518
vt 0.973967 0.993066
vt 0.816092 0.992701
vt 0.816573 0.995500
vt 0.816092 0.996002
vt 0.998994 0.114594
vt 0.996173 0.114113
vt 0.998622 0.114113
vt 0.998997 0.018362
vt 0.996215 0.018845
vt 0.995699 0.018362
vt 0.832454 0.992701
vt 0.832936 0.995500
vt 0.832454 0.996002
vt 0.998994 0.115075
vt 0.996173 0.114594
vt 0.998622 0.114594
vt 0.969669 0.995999
vt 0.969185 0.993218
vt 0.969669 0.992701
vt 0.933681 0.992701
vt 0.933208 0.995518
vt 0.933208 0.993066
vt 0.845448 0.992701
vt 0.845930 0.995500
vt 0.845448 0.996002
vt 0.998994 0.127582
vt 0.996173 0.127101
vt 0.998622 0.127101
vt 0.998997 0.018845
vt 0.996215 0.019328
vt 0.995699 0.018845
vt 0.934154 0.992701
vt 0.933681 0.995518
vt 0.933681 0.993066
vt 0.845930 0.992701
vt 0.846411 0.995500
vt 0.845930 0.996002
vt 0.998994 0.115556
vt 0.996173 0.115075
vt 0.998622 0.115075
vt 0.998997 0.019328
vt 0.996216 0.019811
vt 0.995699 0.019328
vt 0.907068 0.992701
vt 0.906595 0.995518
vt 0.906595 0.993066
vt 0.712808 0.997767
vt 0.712391 0.993850
vt 0.712808 0.992701
vt 0.824273 0.992701
vt 0.824754 0.994850
vt 0.824273 0.996002
vt 0.998994 0.133835
vt 0.996822 0.133354
vt 0.998622 0.133354
vt 0.740637 0.996935
vt 0.740219 0.993593
vt 0.740637 0.992701
vt 0.995699 0.088618
vt 0.998079 0.088137
vt 0.998994 0.088618
vt 0.995699 0.034790
vt 0.998123 0.035273
vt 0.996215 0.035273
vt 0.822348 0.992701
vt 0.822829 0.995500
vt 0.822348 0.996002
vt 0.998994 0.116037
vt 0.996173 0.115556
vt 0.998622 0.115556
vt 0.914275 0.995999
vt 0.913792 0.993218
vt 0.914275 0.992701
vt 0.934627 0.992701
vt 0.934154 0.995518
vt 0.934154 0.993067
vt 0.741054 0.996935
vt 0.740637 0.993593
vt 0.741054 0.992701
vt 0.995699 0.116518
vt 0.998079 0.116037
vt 0.998994 0.116518
vt 0.970152 0.992701
vt 0.969669 0.995126
vt 0.969669 0.993218
vt 0.816573 0.992701
vt 0.817054 0.995500
vt 0.816573 0.996002
vt 0.998994 0.128063
vt 0.996173 0.127582
vt 0.998622 0.127582
vt 0.970635 0.995999
vt 0.970152 0.993218
vt 0.970635 0.992701
vt 0.941723 0.992701
vt 0.941250 0.995518
vt 0.941250 0.993067
vt 0.832936 0.992701
vt 0.833417 0.995500
vt 0.832936 0.996002
vt 0.998994 0.128544
vt 0.996173 0.128063
vt 0.998622 0.128063
vt 0.998997 0.019811
vt 0.996216 0.020294
vt 0.995699 0.019811
vt 0.935100 0.992701
vt 0.934627 0.995518
vt 0.934627 0.993067
vt 0.850742 0.992701
vt 0.851223 0.995500
vt 0.850742 0.996002
vt 0.998994 0.129025
vt 0.996173 0.128544
vt 0.998622 0.128544
vt 0.998997 0.020294
vt 0.996216 0.020778
vt 0.995699 0.020295
vt 0.935573 0.992701
vt 0.935100 0.995518
vt 0.935100 0.993066
vt 0.712808 0.993850
vt 0.808391 0.992701
vt 0.808872 0.994850
vt 0.808391 0.996002
vt 0.998994 0.129506
vt 0.996822 0.129025
vt 0.998622 0.129025
vt 0.936046 0.992701
vt 0.935573 0.995518
vt 0.935573 0.993067
vt 0.817054 0.992701
vt 0.817535 0.995500
vt 0.817054 0.996002
vt 0.998994 0.121809
vt 0.996173 0.121328
vt 0.998622 0.121328
vt 0.971118 0.995999
vt 0.970635 0.993218
vt 0.971118 0.992701
vt 0.907541 0.992701
vt 0.907068 0.995518
vt 0.907068 0.993067
vt 0.833417 0.992701
vt 0.833898 0.995500
vt 0.833417 0.996002
vt 0.998994 0.116999
vt 0.996173 0.116518
vt 0.998622 0.116518
vt 0.914758 0.995999
vt 0.914275 0.993218
vt 0.914758 0.992701
vt 0.946998 0.992701
vt 0.946525 0.995518
vt 0.946525 0.993066
vt 0.846411 0.992701
vt 0.846892 0.995500
vt 0.846411 0.996002
vt 0.998994 0.099201
vt 0.996173 0.098720
vt 0.998622 0.098720
vt 0.956138 0.995999
vt 0.955655 0.993218
vt 0.956138 0.992701
vt 0.908014 0.992701
vt 0.907541 0.995518
vt 0.907541 0.993067
vt 0.817536 0.992701
vt 0.818017 0.995500
vt 0.817536 0.996002
vt 0.998994 0.105935
vt 0.996173 0.105454
vt 0.998622 0.105454
vt 0.998997 0.010630
vt 0.996215 0.011114
vt 0.995699 0.010630
vt 0.748145 0.996935
vt 0.748562 0.993593
vt 0.748562 0.996043
vt 0.941723 0.993610
vt 0.942196 0.992701
vt 0.818017 0.996002
vt 0.818498 0.993591
vt 0.818498 0.995500
vt 0.848817 0.992701
vt 0.849298 0.995500
vt 0.848817 0.996002
vt 0.998994 0.129987
vt 0.996173 0.129506
vt 0.998622 0.129506
vt 0.971602 0.995999
vt 0.971119 0.993218
vt 0.971602 0.992701
vt 0.908487 0.992701
vt 0.908014 0.995518
vt 0.908014 0.993066
vt 0.953238 0.992701
vt 0.952765 0.995518
vt 0.952765 0.993067
vt 0.822829 0.992701
vt 0.823310 0.995500
vt 0.822829 0.996002
vt 0.998994 0.095834
vt 0.996173 0.095352
vt 0.998622 0.095352
vt 0.945579 0.995999
vt 0.945579 0.992701
vt 0.887422 0.548073
vt 0.904485 0.569129
vt 0.887422 0.569066
vt 0.144108 0.657296
vt 0.143536 0.630080
vt 0.144108 0.630080
vt 0.358097 0.532674
vt 0.357706 0.515613
vt 0.358097 0.515611
vt 0.756017 0.634720
vt 0.758344 0.657517
vt 0.756017 0.655713
vt 0.738954 0.634657
vt 0.736627 0.657437
vt 0.738954 0.655650
vt 0.758344 0.632934
vt 0.358090 0.515601
vt 0.357706 0.498553
vt 0.358090 0.498543
vt 0.143536 0.657296
vt 0.144108 0.684512
vt 0.143536 0.684512
vt 0.998542 0.170273
vt 0.996298 0.169847
vt 0.997943 0.169847
vt 0.997125 0.143500
vt 0.997945 0.142198
vt 0.998542 0.142188
vt 0.996300 0.142198
vt 0.997125 0.142957
vt 0.756024 0.996103
vt 0.755700 0.993473
vt 0.756024 0.992701
vt 0.995699 0.800901
vt 0.996887 0.800502
vt 0.997637 0.800901
vt 0.997590 0.813763
vt 0.996426 0.813355
vt 0.997459 0.813355
vt 0.997792 0.552430
vt 0.997269 0.553955
vt 0.997384 0.552524
vt 0.995699 0.554355
vt 0.997637 0.554355
vt 0.997845 0.195860
vt 0.996309 0.195452
vt 0.997714 0.195452
vt 0.995699 0.193995
vt 0.995954 0.195860
vt 0.997792 0.743002
vt 0.997269 0.744527
vt 0.997384 0.743096
vt 0.995699 0.744927
vt 0.997637 0.744927
vt 0.997845 0.326410
vt 0.996309 0.326002
vt 0.997714 0.326002
vt 0.995699 0.324545
vt 0.995954 0.326410
vt 0.758944 0.996103
vt 0.758620 0.993473
vt 0.758944 0.992701
vt 0.995699 0.801301
vt 0.996887 0.800901
vt 0.997637 0.801301
vt 0.997590 0.811315
vt 0.996426 0.810908
vt 0.997459 0.810908
vt 0.997792 0.563980
vt 0.997269 0.565505
vt 0.997384 0.564074
vt 0.995699 0.565905
vt 0.997637 0.565905
vt 0.997845 0.236890
vt 0.996309 0.236482
vt 0.997714 0.236482
vt 0.995699 0.235025
vt 0.995954 0.236890
vt 0.997792 0.777652
vt 0.997269 0.779177
vt 0.997384 0.777746
vt 0.995699 0.779577
vt 0.997637 0.779577
vt 0.997845 0.389820
vt 0.996309 0.389412
vt 0.997714 0.389412
vt 0.995699 0.387955
vt 0.995954 0.389820
vt 0.750833 0.996103
vt 0.750508 0.993473
vt 0.750833 0.992701
vt 0.995699 0.799301
vt 0.996887 0.798901
vt 0.997637 0.799301
vt 0.997590 0.811723
vt 0.996426 0.811316
vt 0.997459 0.811316
vt 0.997792 0.490831
vt 0.997269 0.492356
vt 0.997384 0.490926
vt 0.995699 0.492756
vt 0.997637 0.492756
vt 0.997845 0.223835
vt 0.996309 0.223427
vt 0.997714 0.223427
vt 0.995699 0.221970
vt 0.995954 0.223835
vt 0.997792 0.631353
vt 0.997269 0.632878
vt 0.997384 0.631448
vt 0.995699 0.633278
vt 0.997637 0.633278
vt 0.997845 0.440176
vt 0.996309 0.439768
vt 0.997714 0.439768
vt 0.995699 0.438311
vt 0.995954 0.440176
vt 0.756348 0.996103
vt 0.756024 0.993473
vt 0.756348 0.992701
vt 0.995699 0.800502
vt 0.996887 0.800102
vt 0.997637 0.800502
vt 0.997590 0.814171
vt 0.996426 0.813763
vt 0.997459 0.813763
vt 0.997792 0.542805
vt 0.997269 0.544330
vt 0.997384 0.542899
vt 0.995699 0.544730
vt 0.997637 0.544730
vt 0.997845 0.270460
vt 0.996309 0.270052
vt 0.997714 0.270052
vt 0.995699 0.268595
vt 0.995954 0.270460
vt 0.997792 0.744927
vt 0.997269 0.746452
vt 0.997384 0.745021
vt 0.995699 0.746852
vt 0.997637 0.746852
vt 0.997845 0.391685
vt 0.996309 0.391277
vt 0.997714 0.391277
vt 0.995699 0.389820
vt 0.995954 0.391685
vt 0.997792 0.565905
vt 0.997269 0.567430
vt 0.997384 0.565999
vt 0.995699 0.567830
vt 0.997637 0.567830
vt 0.997845 0.298435
vt 0.996309 0.298027
vt 0.997714 0.298027
vt 0.995698 0.296570
vt 0.995954 0.298435
vt 0.997792 0.729527
vt 0.997269 0.731052
vt 0.997384 0.729622
vt 0.995699 0.731452
vt 0.997637 0.731452
vt 0.997845 0.427121
vt 0.996309 0.426713
vt 0.997714 0.426713
vt 0.995699 0.425256
vt 0.995954 0.427121
vt 0.997792 0.544730
vt 0.997269 0.546255
vt 0.997384 0.544824
vt 0.995699 0.546655
vt 0.997637 0.546655
vt 0.997845 0.225700
vt 0.996309 0.225292
vt 0.997714 0.225292
vt 0.995699 0.223835
vt 0.995954 0.225700
vt 0.997792 0.731452
vt 0.997269 0.732977
vt 0.997384 0.731547
vt 0.995699 0.733377
vt 0.997637 0.733377
vt 0.997845 0.442041
vt 0.996309 0.441633
vt 0.997714 0.441633
vt 0.995699 0.440176
vt 0.995954 0.442041
vt 0.997792 0.506231
vt 0.997269 0.507756
vt 0.997384 0.506325
vt 0.995699 0.508156
vt 0.997637 0.508156
vt 0.997845 0.371170
vt 0.996309 0.370762
vt 0.997714 0.370762
vt 0.995698 0.369305
vt 0.995954 0.371170
vt 0.997792 0.627504
vt 0.997269 0.629028
vt 0.997384 0.627598
vt 0.995699 0.629428
vt 0.997637 0.629428
vt 0.997845 0.443906
vt 0.996309 0.443498
vt 0.997714 0.443498
vt 0.995699 0.442041
vt 0.995954 0.443906
vt 0.997792 0.492756
vt 0.997269 0.494281
vt 0.997384 0.492851
vt 0.995699 0.494681
vt 0.997637 0.494681
vt 0.997845 0.283515
vt 0.996309 0.283107
vt 0.997714 0.283107
vt 0.995699 0.281650
vt 0.995954 0.283515
vt 0.997792 0.629428
vt 0.997269 0.630953
vt 0.997384 0.629523
vt 0.995699 0.631353
vt 0.997637 0.631353
vt 0.997845 0.468151
vt 0.996309 0.467743
vt 0.997714 0.467743
vt 0.995698 0.466286
vt 0.995954 0.468151
vt 0.997792 0.662153
vt 0.997269 0.663678
vt 0.997384 0.662248
vt 0.995699 0.664078
vt 0.997637 0.664078
vt 0.997845 0.328275
vt 0.996309 0.327867
vt 0.997714 0.327867
vt 0.995698 0.326410
vt 0.995954 0.328275
vt 0.997792 0.754552
vt 0.997269 0.756077
vt 0.997384 0.754646
vt 0.995699 0.756477
vt 0.997637 0.756477
vt 0.997845 0.330140
vt 0.996309 0.329732
vt 0.997714 0.329732
vt 0.995699 0.328275
vt 0.995954 0.330140
vt 0.997792 0.560130
vt 0.997269 0.561655
vt 0.997384 0.560224
vt 0.995699 0.562055
vt 0.997637 0.562055
vt 0.997845 0.179075
vt 0.996309 0.178667
vt 0.997714 0.178667
vt 0.995699 0.177210
vt 0.995954 0.179075
vt 0.997792 0.779577
vt 0.997269 0.781102
vt 0.997384 0.779671
vt 0.995699 0.781502
vt 0.997637 0.781502
vt 0.997845 0.393550
vt 0.996309 0.393142
vt 0.997714 0.393142
vt 0.995699 0.391685
vt 0.995954 0.393550
vt 0.998542 0.168142
vt 0.996298 0.167715
vt 0.997943 0.167715
vt 0.997125 0.146124
vt 0.997945 0.144822
vt 0.998542 0.144812
vt 0.996300 0.144822
vt 0.997125 0.145581
vt 0.997792 0.587080
vt 0.997269 0.588605
vt 0.997384 0.587174
vt 0.995699 0.589005
vt 0.997637 0.589005
vt 0.997845 0.238755
vt 0.996309 0.238347
vt 0.997714 0.238347
vt 0.995698 0.236890
vt 0.995954 0.238755
vt 0.997792 0.756477
vt 0.997269 0.758002
vt 0.997384 0.756571
vt 0.995699 0.758402
vt 0.997637 0.758402
vt 0.997845 0.352520
vt 0.996309 0.352112
vt 0.997714 0.352112
vt 0.995699 0.350655
vt 0.995954 0.352520
vt 0.995699 0.169421
vt 0.997943 0.168994
vt 0.998542 0.169421
vt 0.997125 0.144812
vt 0.997945 0.143510
vt 0.998542 0.143500
vt 0.996300 0.143510
vt 0.997125 0.144269
vt 0.997792 0.546655
vt 0.997269 0.548180
vt 0.997384 0.546749
vt 0.995699 0.548580
vt 0.997637 0.548580
vt 0.997845 0.190265
vt 0.996309 0.189857
vt 0.997714 0.189857
vt 0.995699 0.188400
vt 0.995954 0.190265
vt 0.995699 0.515856
vt 0.997269 0.515456
vt 0.997637 0.515856
vt 0.997845 0.300300
vt 0.996309 0.299892
vt 0.997714 0.299892
vt 0.995699 0.298435
vt 0.995954 0.300300
vt 0.997792 0.513931
vt 0.997384 0.514025
vt 0.995699 0.583230
vt 0.997269 0.582830
vt 0.997637 0.583230
vt 0.997845 0.302165
vt 0.996309 0.301757
vt 0.997714 0.301757
vt 0.995699 0.300300
vt 0.995954 0.302165
vt 0.997792 0.581305
vt 0.997384 0.581399
vt 0.995699 0.666003
vt 0.997269 0.665603
vt 0.997637 0.666003
vt 0.997845 0.359980
vt 0.996309 0.359572
vt 0.997714 0.359572
vt 0.995699 0.358115
vt 0.995954 0.359980
vt 0.997792 0.664078
vt 0.997384 0.664172
vt 0.995699 0.667928
vt 0.997269 0.667528
vt 0.997637 0.667928
vt 0.997845 0.332005
vt 0.996309 0.331597
vt 0.997714 0.331597
vt 0.995699 0.330140
vt 0.995954 0.332005
vt 0.997792 0.666003
vt 0.997384 0.666097
vt 0.995699 0.590929
vt 0.997269 0.590530
vt 0.997637 0.590929
vt 0.997845 0.361845
vt 0.996309 0.361437
vt 0.997714 0.361437
vt 0.995699 0.359980
vt 0.995954 0.361845
vt 0.997792 0.589004
vt 0.997384 0.589099
vt 0.995699 0.166863
vt 0.997943 0.166436
vt 0.998542 0.166863
vt 0.997125 0.135628
vt 0.997945 0.134326
vt 0.998542 0.134316
vt 0.996300 0.134326
vt 0.997125 0.135085
vt 0.995699 0.592854
vt 0.997269 0.592454
vt 0.997637 0.592854
vt 0.997845 0.240620
vt 0.996309 0.240212
vt 0.997714 0.240212
vt 0.995699 0.238755
vt 0.995954 0.240620
vt 0.997792 0.590929
vt 0.997384 0.591024
vt 0.995699 0.687178
vt 0.997269 0.686778
vt 0.997637 0.687178
vt 0.997845 0.445771
vt 0.996309 0.445363
vt 0.997714 0.445363
vt 0.995699 0.443906
vt 0.995954 0.445771
vt 0.997792 0.685253
vt 0.997384 0.685347
vt 0.997792 0.644828
vt 0.997269 0.646353
vt 0.997384 0.644923
vt 0.995699 0.646753
vt 0.997637 0.646753
vt 0.997845 0.447636
vt 0.996309 0.447228
vt 0.997714 0.447228
vt 0.995699 0.445771
vt 0.995954 0.447636
vt 0.751157 0.995331
vt 0.997581 0.817431
vt 0.996425 0.817838
vt 0.995699 0.817431
vt 0.995698 0.806891
vt 0.996880 0.807290
vt 0.995825 0.807290
vt 0.997792 0.502381
vt 0.997269 0.503906
vt 0.997384 0.502475
vt 0.995699 0.504306
vt 0.997637 0.504306
vt 0.997845 0.227565
vt 0.996309 0.227157
vt 0.997714 0.227157
vt 0.995699 0.225700
vt 0.995954 0.227565
vt 0.756349 0.996103
vt 0.756673 0.993473
vt 0.756673 0.995331
vt 0.997581 0.819466
vt 0.996425 0.819873
vt 0.995699 0.819466
vt 0.995699 0.808487
vt 0.996880 0.808886
vt 0.995826 0.808886
vt 0.998542 0.167715
vt 0.996298 0.167289
vt 0.997943 0.167289
vt 0.997125 0.140876
vt 0.997945 0.139574
vt 0.998542 0.139564
vt 0.996300 0.139574
vt 0.997125 0.140333
vt 0.995699 0.748777
vt 0.997269 0.748377
vt 0.997637 0.748777
vt 0.997845 0.449501
vt 0.996309 0.449093
vt 0.997714 0.449093
vt 0.995699 0.447636
vt 0.995954 0.449501
vt 0.997792 0.746852
vt 0.997384 0.746946
vt 0.995699 0.531255
vt 0.997269 0.530855
vt 0.997637 0.531255
vt 0.997845 0.373035
vt 0.996309 0.372627
vt 0.997714 0.372627
vt 0.995699 0.371170
vt 0.995954 0.373035
vt 0.997792 0.529330
vt 0.997384 0.529425
vt 0.998542 0.175345
vt 0.996298 0.174922
vt 0.997943 0.174922
vt 0.997115 0.165157
vt 0.997941 0.163899
vt 0.998542 0.163917
vt 0.996296 0.163899
vt 0.997115 0.164616
vt 0.995699 0.556280
vt 0.997269 0.555880
vt 0.997637 0.556280
vt 0.997845 0.428986
vt 0.996309 0.428578
vt 0.997714 0.428578
vt 0.995699 0.427121
vt 0.995954 0.428986
vt 0.997792 0.554355
vt 0.997384 0.554449
vt 0.998542 0.171541
vt 0.996298 0.171119
vt 0.997943 0.171119
vt 0.997115 0.153835
vt 0.997941 0.152577
vt 0.998542 0.152594
vt 0.996296 0.152577
vt 0.997115 0.153294
vt 0.995699 0.558205
vt 0.997269 0.557805
vt 0.997637 0.558205
vt 0.997845 0.220105
vt 0.996309 0.219697
vt 0.997714 0.219697
vt 0.995699 0.218240
vt 0.995954 0.220105
vt 0.997792 0.556280
vt 0.997384 0.556374
vt 0.995699 0.533180
vt 0.997269 0.532780
vt 0.997637 0.533180
vt 0.997845 0.374900
vt 0.996309 0.374492
vt 0.997714 0.374492
vt 0.995698 0.373035
vt 0.995954 0.374900
vt 0.997792 0.531255
vt 0.997384 0.531350
vt 0.995699 0.706427
vt 0.997269 0.706028
vt 0.997637 0.706427
vt 0.997845 0.402876
vt 0.996309 0.402468
vt 0.997714 0.402468
vt 0.995699 0.401011
vt 0.995954 0.402876
vt 0.997792 0.704503
vt 0.997384 0.704597
vt 0.995698 0.174922
vt 0.997943 0.174500
vt 0.998542 0.174922
vt 0.997114 0.163899
vt 0.997941 0.162641
vt 0.998542 0.162659
vt 0.996296 0.162641
vt 0.997115 0.163358
vt 0.751157 0.996103
vt 0.751482 0.993473
vt 0.751482 0.995331
vt 0.997581 0.816211
vt 0.996426 0.816618
vt 0.995699 0.816211
vt 0.995699 0.808088
vt 0.996880 0.808487
vt 0.995825 0.808487
vt 0.995699 0.172809
vt 0.997943 0.172387
vt 0.998542 0.172809
vt 0.997114 0.157609
vt 0.997941 0.156351
vt 0.998542 0.156368
vt 0.996296 0.156351
vt 0.997115 0.157068
vt 0.756673 0.992701
vt 0.756997 0.995331
vt 0.756673 0.996103
vt 0.997581 0.817838
vt 0.996426 0.818245
vt 0.995699 0.817838
vt 0.995699 0.807290
vt 0.996880 0.807689
vt 0.995825 0.807689
vt 0.995699 0.708352
vt 0.997269 0.707952
vt 0.997637 0.708352
vt 0.997845 0.451366
vt 0.996309 0.450958
vt 0.997714 0.450958
vt 0.995699 0.449501
vt 0.995954 0.451366
vt 0.997792 0.706427
vt 0.997384 0.706522
vt 0.995699 0.640978
vt 0.997269 0.640578
vt 0.997637 0.640978
vt 0.997845 0.242485
vt 0.996309 0.242077
vt 0.997714 0.242077
vt 0.995699 0.240620
vt 0.995954 0.242485
vt 0.997792 0.639053
vt 0.997384 0.639148
vt 0.997792 0.737227
vt 0.997269 0.738752
vt 0.997384 0.737322
vt 0.995699 0.739152
vt 0.997637 0.739152
vt 0.997845 0.354385
vt 0.996309 0.353977
vt 0.997714 0.353977
vt 0.995699 0.352520
vt 0.995954 0.354385
vt 0.995699 0.727602
vt 0.997269 0.727202
vt 0.997637 0.727602
vt 0.997845 0.304030
vt 0.996309 0.303622
vt 0.997714 0.303622
vt 0.995699 0.302165
vt 0.995954 0.304030
vt 0.997792 0.725677
vt 0.997384 0.725772
vt 0.997792 0.592854
vt 0.997269 0.594379
vt 0.997384 0.592949
vt 0.995699 0.594779
vt 0.997637 0.594779
vt 0.997845 0.229430
vt 0.996309 0.229022
vt 0.997714 0.229022
vt 0.995699 0.227565
vt 0.995954 0.229430
vt 0.995699 0.723752
vt 0.997269 0.723352
vt 0.997637 0.723752
vt 0.997845 0.363710
vt 0.996309 0.363302
vt 0.997714 0.363302
vt 0.995699 0.361845
vt 0.995954 0.363710
vt 0.997792 0.721827
vt 0.997384 0.721922
vt 0.995699 0.644828
vt 0.997269 0.644428
vt 0.997637 0.644828
vt 0.997846 0.188400
vt 0.996309 0.187992
vt 0.997715 0.187992
vt 0.995699 0.186535
vt 0.995954 0.188400
vt 0.997792 0.642903
vt 0.997384 0.642998
vt 0.995699 0.775727
vt 0.997269 0.775327
vt 0.997637 0.775727
vt 0.997845 0.453231
vt 0.996309 0.452823
vt 0.997715 0.452823
vt 0.995699 0.451366
vt 0.995954 0.453231
vt 0.997792 0.773802
vt 0.997384 0.773896
vt 0.997792 0.739152
vt 0.997269 0.740677
vt 0.997384 0.739247
vt 0.995699 0.741077
vt 0.997637 0.741077
vt 0.997845 0.455096
vt 0.996309 0.454688
vt 0.997714 0.454688
vt 0.995699 0.453231
vt 0.995954 0.455096
vt 0.756997 0.992701
vt 0.757322 0.995331
vt 0.756997 0.996103
vt 0.997581 0.821500
vt 0.996426 0.821907
vt 0.995699 0.821500
vt 0.995699 0.804897
vt 0.996880 0.805296
vt 0.995825 0.805296
vt 0.997792 0.567830
vt 0.997269 0.569355
vt 0.997384 0.567924
vt 0.995699 0.569755
vt 0.997637 0.569755
vt 0.997845 0.231295
vt 0.996309 0.230887
vt 0.997714 0.230887
vt 0.995699 0.229430
vt 0.995954 0.231295
vt 0.751482 0.996103
vt 0.751806 0.993473
vt 0.751806 0.995331
vt 0.997581 0.818245
vt 0.996426 0.818652
vt 0.995699 0.818245
vt 0.995699 0.805296
vt 0.996880 0.805695
vt 0.995826 0.805695
vt 0.995699 0.760327
vt 0.997269 0.759927
vt 0.997637 0.760327
vt 0.997845 0.333870
vt 0.996309 0.333462
vt 0.997714 0.333462
vt 0.995699 0.332005
vt 0.995954 0.333870
vt 0.997792 0.758402
vt 0.997384 0.758496
vt 0.995699 0.596704
vt 0.997269 0.596304
vt 0.997637 0.596704
vt 0.997845 0.335735
vt 0.996309 0.335327
vt 0.997714 0.335327
vt 0.995699 0.333870
vt 0.995954 0.335735
vt 0.997792 0.594779
vt 0.997384 0.594874
vt 0.997792 0.650603
vt 0.997269 0.652128
vt 0.997384 0.650697
vt 0.995699 0.652528
vt 0.997637 0.652528
vt 0.997845 0.404740
vt 0.996309 0.404333
vt 0.997714 0.404333
vt 0.995699 0.402875
vt 0.995954 0.404740
vt 0.995699 0.598629
vt 0.997269 0.598229
vt 0.997637 0.598629
vt 0.997845 0.305895
vt 0.996309 0.305487
vt 0.997714 0.305487
vt 0.995699 0.304030
vt 0.995954 0.305895
vt 0.997792 0.596704
vt 0.997384 0.596799
vt 0.997792 0.515856
vt 0.997269 0.517381
vt 0.997384 0.515950
vt 0.995699 0.517781
vt 0.997637 0.517781
vt 0.997845 0.221970
vt 0.996309 0.221562
vt 0.997714 0.221562
vt 0.995699 0.220105
vt 0.995954 0.221970
vt 0.995699 0.669853
vt 0.997269 0.669453
vt 0.997637 0.669853
vt 0.997845 0.207050
vt 0.996309 0.206642
vt 0.997714 0.206642
vt 0.995699 0.205185
vt 0.995954 0.207050
vt 0.997792 0.667928
vt 0.997384 0.668022
vt 0.995699 0.519706
vt 0.997269 0.519306
vt 0.997637 0.519706
vt 0.997845 0.337600
vt 0.996309 0.337192
vt 0.997714 0.337192
vt 0.995699 0.335735
vt 0.995954 0.337600
vt 0.997792 0.517781
vt 0.997384 0.517875
vt 0.995699 0.689103
vt 0.997269 0.688703
vt 0.997637 0.689103
vt 0.997845 0.253675
vt 0.996309 0.253267
vt 0.997714 0.253267
vt 0.995699 0.251810
vt 0.995954 0.253675
vt 0.997792 0.687178
vt 0.997384 0.687272
vt 0.997792 0.733377
vt 0.997269 0.734902
vt 0.997384 0.733472
vt 0.995699 0.735302
vt 0.997637 0.735302
vt 0.997845 0.406605
vt 0.996309 0.406198
vt 0.997714 0.406198
vt 0.995699 0.404740
vt 0.995954 0.406605
vt 0.757322 0.996103
vt 0.757646 0.993473
vt 0.757646 0.995331
vt 0.997581 0.818652
vt 0.996425 0.819059
vt 0.995698 0.818652
vt 0.995699 0.808886
vt 0.996880 0.809285
vt 0.995826 0.809285
vt 0.997792 0.550505
vt 0.997269 0.552030
vt 0.997384 0.550599
vt 0.995699 0.552430
vt 0.997637 0.552430
vt 0.997845 0.197725
vt 0.996309 0.197317
vt 0.997714 0.197317
vt 0.995699 0.195860
vt 0.995954 0.197725
vt 0.757646 0.996103
vt 0.757971 0.993473
vt 0.757971 0.995331
vt 0.997581 0.819059
vt 0.996425 0.819466
vt 0.995699 0.819059
vt 0.995699 0.807689
vt 0.996880 0.808088
vt 0.995825 0.808088
vt 0.995699 0.710277
vt 0.997269 0.709877
vt 0.997637 0.710277
vt 0.997845 0.307760
vt 0.996309 0.307352
vt 0.997714 0.307352
vt 0.995699 0.305895
vt 0.995954 0.307760
vt 0.997792 0.708352
vt 0.997384 0.708447
vt 0.995699 0.600554
vt 0.997269 0.600154
vt 0.997637 0.600554
vt 0.997845 0.339465
vt 0.996309 0.339057
vt 0.997714 0.339057
vt 0.995699 0.337600
vt 0.995954 0.339465
vt 0.997792 0.598629
vt 0.997384 0.598724
vt 0.758295 0.996103
vt 0.758295 0.992701
vt 0.995699 0.802501
vt 0.996887 0.802101
vt 0.997637 0.802501
vt 0.997590 0.814579
vt 0.996426 0.814171
vt 0.997459 0.814171
vt 0.997792 0.646753
vt 0.997269 0.648278
vt 0.997384 0.646848
vt 0.995699 0.648678
vt 0.997637 0.648678
vt 0.997845 0.309625
vt 0.996309 0.309217
vt 0.997714 0.309217
vt 0.995698 0.307760
vt 0.995954 0.309625
vt 0.995699 0.729527
vt 0.997269 0.729127
vt 0.997637 0.729527
vt 0.997845 0.208915
vt 0.996309 0.208507
vt 0.997714 0.208507
vt 0.995699 0.207050
vt 0.995954 0.208915
vt 0.997792 0.727602
vt 0.997384 0.727697
vt 0.997792 0.504306
vt 0.997269 0.505831
vt 0.997384 0.504400
vt 0.995699 0.506231
vt 0.997637 0.506231
vt 0.997845 0.199590
vt 0.996309 0.199182
vt 0.997714 0.199182
vt 0.995699 0.197725
vt 0.995954 0.199590
vt 0.995699 0.725677
vt 0.997269 0.725277
vt 0.997637 0.725677
vt 0.997845 0.430851
vt 0.996309 0.430443
vt 0.997714 0.430443
vt 0.995699 0.428986
vt 0.995954 0.430851
vt 0.997792 0.723752
vt 0.997384 0.723847
vt 0.995699 0.535105
vt 0.997269 0.534705
vt 0.997637 0.535105
vt 0.997845 0.244350
vt 0.996309 0.243942
vt 0.997714 0.243942
vt 0.995699 0.242485
vt 0.995954 0.244350
vt 0.997792 0.533180
vt 0.997384 0.533275
vt 0.995699 0.642903
vt 0.997269 0.642503
vt 0.997637 0.642903
vt 0.997845 0.376765
vt 0.996309 0.376357
vt 0.997714 0.376357
vt 0.995699 0.374900
vt 0.995954 0.376765
vt 0.997792 0.640978
vt 0.997384 0.641073
vt 0.758620 0.996103
vt 0.758295 0.993473
vt 0.758620 0.992701
vt 0.995699 0.799702
vt 0.996887 0.799302
vt 0.997637 0.799702
vt 0.997590 0.815803
vt 0.996426 0.815395
vt 0.997459 0.815395
vt 0.997792 0.775727
vt 0.997269 0.777252
vt 0.997384 0.775821
vt 0.995699 0.777652
vt 0.997637 0.777652
vt 0.997845 0.311490
vt 0.996309 0.311082
vt 0.997714 0.311082
vt 0.995699 0.309625
vt 0.995954 0.311490
vt 0.995699 0.585155
vt 0.997269 0.584755
vt 0.997637 0.585155
vt 0.997845 0.456961
vt 0.996309 0.456553
vt 0.997714 0.456553
vt 0.995699 0.455096
vt 0.995954 0.456961
vt 0.997792 0.583230
vt 0.997384 0.583324
vt 0.997792 0.558205
vt 0.997269 0.559730
vt 0.997384 0.558299
vt 0.995699 0.560130
vt 0.997637 0.560130
vt 0.997845 0.180940
vt 0.996309 0.180532
vt 0.997714 0.180532
vt 0.995699 0.179075
vt 0.995954 0.180940
vt 0.995699 0.602479
vt 0.997269 0.602079
vt 0.997637 0.602479
vt 0.997845 0.378630
vt 0.996309 0.378222
vt 0.997714 0.378222
vt 0.995699 0.376765
vt 0.995954 0.378630
vt 0.997792 0.600554
vt 0.997384 0.600649
vt 0.995699 0.650603
vt 0.997269 0.650203
vt 0.997637 0.650603
vt 0.997845 0.341330
vt 0.996309 0.340922
vt 0.997714 0.340922
vt 0.995699 0.339465
vt 0.995954 0.341330
vt 0.997792 0.648678
vt 0.997384 0.648773
vt 0.995699 0.529330
vt 0.997269 0.528930
vt 0.997637 0.529330
vt 0.997845 0.233160
vt 0.996309 0.232752
vt 0.997714 0.232752
vt 0.995699 0.231295
vt 0.995954 0.233160
vt 0.997792 0.527405
vt 0.997384 0.527500
vt 0.752131 0.996103
vt 0.752131 0.992701
vt 0.995699 0.801701
vt 0.996887 0.801302
vt 0.997637 0.801701
vt 0.997590 0.812131
vt 0.996426 0.811723
vt 0.997459 0.811723
vt 0.995699 0.174500
vt 0.997943 0.174077
vt 0.998542 0.174500
vt 0.997114 0.162641
vt 0.997941 0.161383
vt 0.998542 0.161401
vt 0.996296 0.161383
vt 0.997115 0.162100
vt 0.995699 0.671778
vt 0.997269 0.671378
vt 0.997637 0.671778
vt 0.997845 0.365575
vt 0.996309 0.365167
vt 0.997714 0.365167
vt 0.995699 0.363710
vt 0.995954 0.365575
vt 0.997792 0.669853
vt 0.997384 0.669948
vt 0.995699 0.171964
vt 0.997943 0.171541
vt 0.998542 0.171964
vt 0.997115 0.155093
vt 0.997941 0.153835
vt 0.998542 0.153852
vt 0.996296 0.153835
vt 0.997115 0.154552
vt 0.995699 0.571680
vt 0.997269 0.571280
vt 0.997637 0.571680
vt 0.997845 0.432716
vt 0.996309 0.432308
vt 0.997714 0.432308
vt 0.995699 0.430851
vt 0.995954 0.432716
vt 0.997792 0.569755
vt 0.997384 0.569849
vt 0.995699 0.537030
vt 0.997269 0.536630
vt 0.997637 0.537030
vt 0.997845 0.285380
vt 0.996309 0.284972
vt 0.997714 0.284972
vt 0.995699 0.283515
vt 0.995954 0.285380
vt 0.997792 0.535105
vt 0.997384 0.535200
vt 0.995699 0.538955
vt 0.997269 0.538555
vt 0.997637 0.538955
vt 0.997845 0.380495
vt 0.996309 0.380087
vt 0.997714 0.380087
vt 0.995699 0.378630
vt 0.995954 0.380495
vt 0.997792 0.537030
vt 0.997384 0.537125
vt 0.752455 0.992701
vt 0.752131 0.995331
vt 0.752131 0.993473
vt 0.995699 0.802101
vt 0.996887 0.801701
vt 0.997637 0.802101
vt 0.997590 0.812947
vt 0.996426 0.812539
vt 0.997459 0.812539
vt 0.997792 0.741077
vt 0.997269 0.742602
vt 0.997384 0.741171
vt 0.995699 0.743002
vt 0.997637 0.743002
vt 0.997845 0.343195
vt 0.996309 0.342787
vt 0.997714 0.342787
vt 0.995699 0.341330
vt 0.995954 0.343195
vt 0.997792 0.548580
vt 0.997269 0.550105
vt 0.997384 0.548674
vt 0.995699 0.550505
vt 0.997637 0.550505
vt 0.997845 0.201455
vt 0.996309 0.201047
vt 0.997714 0.201047
vt 0.995699 0.199590
vt 0.995954 0.201455
vt 0.997792 0.585155
vt 0.997269 0.586680
vt 0.997384 0.585249
vt 0.995698 0.587079
vt 0.997637 0.587079
vt 0.997845 0.287245
vt 0.996309 0.286837
vt 0.997714 0.286837
vt 0.995699 0.285380
vt 0.995954 0.287245
vt 0.997792 0.735302
vt 0.997269 0.736827
vt 0.997384 0.735397
vt 0.995699 0.737227
vt 0.997637 0.737227
vt 0.997845 0.408470
vt 0.996309 0.408063
vt 0.997714 0.408063
vt 0.995699 0.406605
vt 0.995954 0.408470
vt 0.995699 0.166436
vt 0.997943 0.166010
vt 0.998542 0.166436
vt 0.997125 0.136940
vt 0.997945 0.135638
vt 0.998542 0.135628
vt 0.996300 0.135638
vt 0.997125 0.136397
vt 0.995699 0.604404
vt 0.997269 0.604004
vt 0.997637 0.604404
vt 0.997845 0.289110
vt 0.996309 0.288702
vt 0.997714 0.288702
vt 0.995699 0.287245
vt 0.995954 0.289110
vt 0.997792 0.602479
vt 0.997384 0.602574
vt 0.997792 0.748777
vt 0.997269 0.750302
vt 0.997384 0.748871
vt 0.995699 0.750702
vt 0.997637 0.750702
vt 0.997845 0.313355
vt 0.996309 0.312947
vt 0.997714 0.312947
vt 0.995698 0.311490
vt 0.995954 0.313355
vt 0.955540 0.065664
vt 0.972602 0.086720
vt 0.955540 0.086657
vt 0.357830 0.480258
vt 0.357258 0.453041
vt 0.357830 0.453041
vt 0.144006 0.532961
vt 0.143615 0.515900
vt 0.144006 0.515898
vt 0.777734 0.655713
vt 0.780062 0.632934
vt 0.780062 0.657517
vt 0.760672 0.634657
vt 0.758344 0.657437
vt 0.758344 0.632854
vt 0.760672 0.655650
vt 0.777734 0.634720
vt 0.358090 0.498533
vt 0.357706 0.481485
vt 0.358090 0.481475
vt 0.143536 0.602864
vt 0.998542 0.168568
vt 0.996298 0.168142
vt 0.997943 0.168142
vt 0.997125 0.147436
vt 0.997945 0.146134
vt 0.998542 0.146124
vt 0.996300 0.146134
vt 0.997125 0.146893
vt 0.748886 0.996103
vt 0.748562 0.993473
vt 0.748886 0.992701
vt 0.995699 0.797302
vt 0.996887 0.796902
vt 0.997637 0.797302
vt 0.997590 0.810907
vt 0.996426 0.810499
vt 0.997459 0.810500
vt 0.997792 0.481206
vt 0.997269 0.482731
vt 0.997384 0.481301
vt 0.995699 0.483131
vt 0.997637 0.483131
vt 0.997845 0.382360
vt 0.996309 0.381952
vt 0.997714 0.381952
vt 0.995699 0.380495
vt 0.995954 0.382360
vt 0.997792 0.637128
vt 0.997269 0.638653
vt 0.997384 0.637223
vt 0.995699 0.639053
vt 0.997637 0.639053
vt 0.997845 0.434581
vt 0.996309 0.434173
vt 0.997714 0.434173
vt 0.995699 0.432716
vt 0.995954 0.434581
vt 0.749211 0.996103
vt 0.748886 0.993473
vt 0.749211 0.992701
vt 0.995699 0.797702
vt 0.996887 0.797302
vt 0.997637 0.797702
vt 0.997590 0.810092
vt 0.996426 0.809684
vt 0.997459 0.809684
vt 0.997792 0.508156
vt 0.997269 0.509681
vt 0.997384 0.508250
vt 0.995699 0.510081
vt 0.997637 0.510081
vt 0.997845 0.203320
vt 0.996309 0.202912
vt 0.997714 0.202912
vt 0.995699 0.201455
vt 0.995954 0.203320
vt 0.997792 0.671778
vt 0.997269 0.673303
vt 0.997384 0.671872
vt 0.995699 0.673703
vt 0.997637 0.673703
vt 0.997845 0.410335
vt 0.996309 0.409928
vt 0.997714 0.409928
vt 0.995698 0.408470
vt 0.995954 0.410335
vt 0.752780 0.996103
vt 0.752455 0.993473
vt 0.752780 0.992701
vt 0.995699 0.798102
vt 0.996887 0.797702
vt 0.997637 0.798102
vt 0.997590 0.814987
vt 0.996426 0.814579
vt 0.997459 0.814579
vt 0.997792 0.519705
vt 0.997269 0.521230
vt 0.997384 0.519800
vt 0.995699 0.521630
vt 0.997637 0.521630
vt 0.997845 0.384225
vt 0.996309 0.383817
vt 0.997714 0.383817
vt 0.995699 0.382360
vt 0.995954 0.384225
vt 0.997792 0.710277
vt 0.997269 0.711802
vt 0.997384 0.710372
vt 0.995699 0.712202
vt 0.997637 0.712202
vt 0.997845 0.436446
vt 0.996309 0.436038
vt 0.997714 0.436038
vt 0.995698 0.434581
vt 0.995954 0.436446
vt 0.753104 0.996103
vt 0.752780 0.993473
vt 0.753104 0.992701
vt 0.995699 0.803301
vt 0.996887 0.802901
vt 0.997637 0.803301
vt 0.997590 0.810500
vt 0.996426 0.810092
vt 0.997459 0.810092
vt 0.997792 0.521630
vt 0.997269 0.523155
vt 0.997384 0.521725
vt 0.995699 0.523555
vt 0.997637 0.523555
vt 0.997845 0.210780
vt 0.996309 0.210372
vt 0.997714 0.210372
vt 0.995699 0.208915
vt 0.995954 0.210780
vt 0.997792 0.712202
vt 0.997269 0.713727
vt 0.997384 0.712297
vt 0.995699 0.714127
vt 0.997637 0.714127
vt 0.997845 0.255540
vt 0.996309 0.255132
vt 0.997714 0.255132
vt 0.995699 0.253675
vt 0.995954 0.255540
vt 0.997792 0.619804
vt 0.997269 0.621329
vt 0.997384 0.619898
vt 0.995699 0.621729
vt 0.997637 0.621729
vt 0.997845 0.182805
vt 0.996309 0.182397
vt 0.997714 0.182397
vt 0.995698 0.180940
vt 0.995954 0.182805
vt 0.997792 0.689103
vt 0.997269 0.690628
vt 0.997384 0.689197
vt 0.995699 0.691028
vt 0.997637 0.691028
vt 0.997846 0.412200
vt 0.996309 0.411793
vt 0.997715 0.411793
vt 0.995699 0.410335
vt 0.995954 0.412200
vt 0.997792 0.494681
vt 0.997269 0.496206
vt 0.997384 0.494775
vt 0.995699 0.496606
vt 0.997637 0.496606
vt 0.997845 0.184670
vt 0.996309 0.184262
vt 0.997714 0.184262
vt 0.995699 0.182805
vt 0.995954 0.184670
vt 0.997792 0.691028
vt 0.997269 0.692553
vt 0.997384 0.691122
vt 0.995699 0.692953
vt 0.997637 0.692953
vt 0.997845 0.356250
vt 0.996309 0.355842
vt 0.997714 0.355842
vt 0.995699 0.354385
vt 0.995954 0.356250
vt 0.997792 0.621729
vt 0.997269 0.623254
vt 0.997384 0.621823
vt 0.995699 0.623654
vt 0.997637 0.623654
vt 0.997845 0.290975
vt 0.996309 0.290567
vt 0.997714 0.290567
vt 0.995699 0.289110
vt 0.995954 0.290975
vt 0.997792 0.692953
vt 0.997269 0.694478
vt 0.997384 0.693047
vt 0.995699 0.694878
vt 0.997637 0.694878
vt 0.997845 0.479341
vt 0.996309 0.478933
vt 0.997714 0.478933
vt 0.995699 0.477476
vt 0.995954 0.479341
vt 0.997792 0.496606
vt 0.997269 0.498131
vt 0.997384 0.496700
vt 0.995699 0.498531
vt 0.997637 0.498531
vt 0.997845 0.272325
vt 0.996309 0.271917
vt 0.997714 0.271917
vt 0.995699 0.270460
vt 0.995954 0.272325
vt 0.997792 0.714127
vt 0.997269 0.715652
vt 0.997384 0.714222
vt 0.995699 0.716052
vt 0.997637 0.716052
vt 0.997845 0.464421
vt 0.996309 0.464013
vt 0.997714 0.464013
vt 0.995699 0.462556
vt 0.995954 0.464421
vt 0.997792 0.604404
vt 0.997269 0.605929
vt 0.997384 0.604499
vt 0.995699 0.606329
vt 0.997637 0.606329
vt 0.997845 0.345060
vt 0.996309 0.344652
vt 0.997714 0.344652
vt 0.995699 0.343195
vt 0.995954 0.345060
vt 0.997792 0.694878
vt 0.997269 0.696403
vt 0.997384 0.694972
vt 0.995699 0.696803
vt 0.997637 0.696803
vt 0.997845 0.471881
vt 0.996309 0.471473
vt 0.997714 0.471473
vt 0.995699 0.470016
vt 0.995954 0.471881
vt 0.997792 0.510081
vt 0.997269 0.511606
vt 0.997384 0.510175
vt 0.995699 0.512006
vt 0.997637 0.512006
vt 0.997845 0.235025
vt 0.996309 0.234617
vt 0.997714 0.234617
vt 0.995699 0.233160
vt 0.995954 0.235025
vt 0.997792 0.760327
vt 0.997269 0.761852
vt 0.997384 0.760421
vt 0.995699 0.762252
vt 0.997637 0.762252
vt 0.997845 0.315220
vt 0.996309 0.314812
vt 0.997714 0.314812
vt 0.995699 0.313355
vt 0.995954 0.315220
vt 0.998542 0.169847
vt 0.996298 0.169421
vt 0.997943 0.169421
vt 0.997125 0.148748
vt 0.997945 0.147446
vt 0.998542 0.147436
vt 0.996300 0.147446
vt 0.997125 0.148205
vt 0.997792 0.498531
vt 0.997269 0.500056
vt 0.997384 0.498625
vt 0.995699 0.500456
vt 0.997637 0.500456
vt 0.997845 0.292840
vt 0.996309 0.292432
vt 0.997714 0.292432
vt 0.995699 0.290975
vt 0.995954 0.292840
vt 0.997792 0.538955
vt 0.997269 0.540480
vt 0.997384 0.539049
vt 0.995698 0.540880
vt 0.997637 0.540880
vt 0.997845 0.466286
vt 0.996309 0.465878
vt 0.997714 0.465878
vt 0.995698 0.464421
vt 0.995954 0.466286
vt 0.995698 0.168994
vt 0.997943 0.168568
vt 0.998542 0.168994
vt 0.997125 0.150060
vt 0.997945 0.148758
vt 0.998542 0.148748
vt 0.996300 0.148758
vt 0.997125 0.149517
vt 0.997792 0.483131
vt 0.997269 0.484656
vt 0.997384 0.483226
vt 0.995699 0.485056
vt 0.997637 0.485056
vt 0.997845 0.274190
vt 0.996309 0.273782
vt 0.997714 0.273782
vt 0.995699 0.272325
vt 0.995954 0.274190
vt 0.995699 0.752627
vt 0.997269 0.752227
vt 0.997637 0.752627
vt 0.997845 0.346925
vt 0.996309 0.346517
vt 0.997714 0.346517
vt 0.995699 0.345060
vt 0.995954 0.346925
vt 0.997792 0.750702
vt 0.997384 0.750796
vt 0.995699 0.654453
vt 0.997269 0.654053
vt 0.997637 0.654453
vt 0.997845 0.348790
vt 0.996309 0.348382
vt 0.997714 0.348382
vt 0.995698 0.346925
vt 0.995954 0.348790
vt 0.997792 0.652528
vt 0.997384 0.652622
vt 0.995699 0.656378
vt 0.997269 0.655978
vt 0.997637 0.656378
vt 0.997845 0.205185
vt 0.996309 0.204777
vt 0.997715 0.204777
vt 0.995699 0.203320
vt 0.995954 0.205185
vt 0.997792 0.654453
vt 0.997384 0.654547
vt 0.995699 0.573605
vt 0.997269 0.573205
vt 0.997637 0.573605
vt 0.997845 0.367440
vt 0.996309 0.367032
vt 0.997714 0.367032
vt 0.995699 0.365575
vt 0.995954 0.367440
vt 0.997792 0.571680
vt 0.997384 0.571774
vt 0.995699 0.783427
vt 0.997269 0.783027
vt 0.997637 0.783427
vt 0.997845 0.395415
vt 0.996309 0.395007
vt 0.997714 0.395007
vt 0.995699 0.393550
vt 0.995954 0.395415
vt 0.997792 0.781502
vt 0.997384 0.781596
vt 0.995699 0.165583
vt 0.997943 0.165157
vt 0.998543 0.165583
vt 0.997125 0.138252
vt 0.997945 0.136950
vt 0.998542 0.136940
vt 0.996300 0.136950
vt 0.997125 0.137709
vt 0.995699 0.575530
vt 0.997269 0.575130
vt 0.997637 0.575530
vt 0.997845 0.216375
vt 0.996309 0.215967
vt 0.997714 0.215967
vt 0.995698 0.214510
vt 0.995954 0.216375
vt 0.997792 0.573605
vt 0.997384 0.573699
vt 0.995699 0.794977
vt 0.997269 0.794577
vt 0.997637 0.794977
vt 0.997845 0.414066
vt 0.996309 0.413658
vt 0.997714 0.413658
vt 0.995698 0.412201
vt 0.995954 0.414066
vt 0.997792 0.793052
vt 0.997384 0.793146
vt 0.997792 0.762252
vt 0.997269 0.763777
vt 0.997384 0.762346
vt 0.995699 0.764177
vt 0.997637 0.764177
vt 0.997845 0.317085
vt 0.996309 0.316677
vt 0.997714 0.316677
vt 0.995699 0.315220
vt 0.995954 0.317085
vt 0.754077 0.992701
vt 0.754402 0.995331
vt 0.754077 0.996103
vt 0.997581 0.821907
vt 0.996425 0.822314
vt 0.995699 0.821907
vt 0.995698 0.805695
vt 0.996880 0.806094
vt 0.995825 0.806094
vt 0.997792 0.562055
vt 0.997269 0.563580
vt 0.997384 0.562149
vt 0.995699 0.563980
vt 0.997637 0.563980
vt 0.997846 0.192130
vt 0.996309 0.191722
vt 0.997715 0.191722
vt 0.995699 0.190265
vt 0.995954 0.192130
vt 0.749535 0.996103
vt 0.749859 0.993473
vt 0.749859 0.995331
vt 0.997581 0.820280
vt 0.996425 0.820686
vt 0.995699 0.820280
vt 0.996880 0.803700
vt 0.995825 0.803700
vt 0.995699 0.167289
vt 0.997943 0.166862
vt 0.998542 0.167289
vt 0.997125 0.142188
vt 0.997945 0.140886
vt 0.998542 0.140876
vt 0.996300 0.140886
vt 0.997125 0.141645
vt 0.995699 0.766102
vt 0.997269 0.765702
vt 0.997637 0.766102
vt 0.997845 0.358115
vt 0.996309 0.357707
vt 0.997714 0.357707
vt 0.995699 0.356250
vt 0.995954 0.358115
vt 0.997792 0.764177
vt 0.997384 0.764271
vt 0.995699 0.608254
vt 0.997269 0.607854
vt 0.997637 0.608254
vt 0.997845 0.386090
vt 0.996309 0.385682
vt 0.997714 0.385682
vt 0.995699 0.384225
vt 0.995954 0.386090
vt 0.997792 0.606329
vt 0.997384 0.606423
vt 0.998542 0.173232
vt 0.996298 0.172809
vt 0.997943 0.172809
vt 0.997115 0.158867
vt 0.997941 0.157609
vt 0.998542 0.157626
vt 0.996296 0.157609
vt 0.997115 0.158326
vt 0.995699 0.698728
vt 0.997269 0.698328
vt 0.997637 0.698728
vt 0.997845 0.294705
vt 0.996309 0.294297
vt 0.997714 0.294297
vt 0.995699 0.292840
vt 0.995954 0.294705
vt 0.997792 0.696803
vt 0.997384 0.696897
vt 0.995699 0.170696
vt 0.997943 0.170273
vt 0.998542 0.170696
vt 0.997115 0.152577
vt 0.997941 0.151319
vt 0.998542 0.151336
vt 0.996296 0.151319
vt 0.997115 0.152036
vt 0.995699 0.675628
vt 0.997269 0.675228
vt 0.997637 0.675628
vt 0.997845 0.438311
vt 0.996309 0.437903
vt 0.997714 0.437903
vt 0.995699 0.436446
vt 0.995954 0.438311
vt 0.997792 0.673703
vt 0.997384 0.673798
vt 0.995699 0.610179
vt 0.997269 0.609779
vt 0.997637 0.610179
vt 0.997845 0.246215
vt 0.996309 0.245807
vt 0.997714 0.245807
vt 0.995699 0.244350
vt 0.995954 0.246215
vt 0.997792 0.608254
vt 0.997384 0.608348
vt 0.995699 0.700653
vt 0.997269 0.700253
vt 0.997637 0.700653
vt 0.997845 0.458826
vt 0.996309 0.458418
vt 0.997714 0.458418
vt 0.995698 0.456961
vt 0.995954 0.458826
vt 0.997792 0.698728
vt 0.997384 0.698822
vt 0.995698 0.173655
vt 0.997943 0.173232
vt 0.998542 0.173655
vt 0.997115 0.160125
vt 0.997941 0.158867
vt 0.998542 0.158884
vt 0.996296 0.158867
vt 0.997115 0.159584
vt 0.754402 0.996103
vt 0.754726 0.993473
vt 0.754726 0.995331
vt 0.997581 0.820686
vt 0.996426 0.821093
vt 0.995699 0.820686
vt 0.995699 0.806094
vt 0.996880 0.806493
vt 0.995825 0.806493
vt 0.995699 0.172387
vt 0.997943 0.171964
vt 0.998542 0.172387
vt 0.997115 0.156351
vt 0.997941 0.155093
vt 0.998542 0.155110
vt 0.996296 0.155093
vt 0.997115 0.155810
vt 0.749859 0.992701
vt 0.750184 0.995331
vt 0.749859 0.996103
vt 0.997581 0.817024
vt 0.996426 0.817431
vt 0.995699 0.817024
vt 0.995699 0.806493
vt 0.996880 0.806891
vt 0.995825 0.806891
vt 0.995699 0.702578
vt 0.997269 0.702178
vt 0.997637 0.702578
vt 0.997845 0.415930
vt 0.996309 0.415523
vt 0.997714 0.415523
vt 0.995699 0.414065
vt 0.995954 0.415930
vt 0.997792 0.700653
vt 0.997384 0.700747
vt 0.995699 0.754552
vt 0.997269 0.754152
vt 0.997637 0.754552
vt 0.997845 0.212645
vt 0.996309 0.212237
vt 0.997714 0.212237
vt 0.995699 0.210780
vt 0.995954 0.212645
vt 0.997792 0.752627
vt 0.997384 0.752721
vt 0.997792 0.540880
vt 0.997269 0.542405
vt 0.997384 0.540974
vt 0.995699 0.542805
vt 0.997637 0.542805
vt 0.997845 0.481206
vt 0.996309 0.480798
vt 0.997714 0.480798
vt 0.995699 0.479341
vt 0.995954 0.481206
vt 0.995699 0.612104
vt 0.997269 0.611704
vt 0.997637 0.612104
vt 0.997845 0.397280
vt 0.996309 0.396873
vt 0.997715 0.396873
vt 0.995699 0.395415
vt 0.995954 0.397280
vt 0.997792 0.610179
vt 0.997384 0.610273
vt 0.997792 0.500456
vt 0.997269 0.501981
vt 0.997384 0.500550
vt 0.995698 0.502381
vt 0.997637 0.502381
vt 0.997845 0.387955
vt 0.996309 0.387547
vt 0.997714 0.387547
vt 0.995698 0.386090
vt 0.995954 0.387955
vt 0.995699 0.785352
vt 0.997269 0.784952
vt 0.997637 0.785352
vt 0.997845 0.214510
vt 0.996309 0.214102
vt 0.997714 0.214102
vt 0.995699 0.212645
vt 0.995954 0.214510
vt 0.997792 0.783427
vt 0.997384 0.783521
vt 0.995699 0.625579
vt 0.997269 0.625179
vt 0.997637 0.625579
vt 0.997845 0.248080
vt 0.996309 0.247672
vt 0.997714 0.247672
vt 0.995699 0.246215
vt 0.995954 0.248080
vt 0.997792 0.623654
vt 0.997384 0.623748
vt 0.995699 0.796902
vt 0.997269 0.796502
vt 0.997637 0.796902
vt 0.997845 0.266730
vt 0.996309 0.266322
vt 0.997714 0.266322
vt 0.995699 0.264865
vt 0.995954 0.266730
vt 0.997792 0.794977
vt 0.997384 0.795071
vt 0.997792 0.766102
vt 0.997269 0.767627
vt 0.997384 0.766196
vt 0.995699 0.768027
vt 0.997637 0.768027
vt 0.997845 0.257405
vt 0.996309 0.256997
vt 0.997715 0.256997
vt 0.995699 0.255540
vt 0.995954 0.257405
vt 0.754726 0.996103
vt 0.755051 0.993473
vt 0.755051 0.995331
vt 0.997581 0.819873
vt 0.996426 0.820280
vt 0.995699 0.819873
vt 0.995699 0.809285
vt 0.996880 0.809684
vt 0.995825 0.809684
vt 0.997792 0.523555
vt 0.997269 0.525080
vt 0.997384 0.523650
vt 0.995699 0.525480
vt 0.997637 0.525480
vt 0.997845 0.186535
vt 0.996309 0.186127
vt 0.997714 0.186127
vt 0.995699 0.184670
vt 0.995954 0.186535
vt 0.755051 0.992701
vt 0.755375 0.995331
vt 0.755051 0.996103
vt 0.997581 0.822314
vt 0.996426 0.822721
vt 0.995699 0.822314
vt 0.995699 0.804099
vt 0.996880 0.804498
vt 0.995825 0.804498
vt 0.995699 0.719902
vt 0.997269 0.719502
vt 0.997637 0.719902
vt 0.997845 0.399145
vt 0.996309 0.398738
vt 0.997714 0.398738
vt 0.995699 0.397280
vt 0.995954 0.399145
vt 0.997792 0.717977
vt 0.997384 0.718072
vt 0.995699 0.627504
vt 0.997269 0.627104
vt 0.997637 0.627504
vt 0.997845 0.460691
vt 0.996309 0.460283
vt 0.997714 0.460283
vt 0.995699 0.458826
vt 0.995954 0.460691
vt 0.997792 0.625579
vt 0.997384 0.625673
vt 0.997792 0.768027
vt 0.997269 0.769552
vt 0.997384 0.768121
vt 0.995699 0.769952
vt 0.997637 0.769952
vt 0.997845 0.475611
vt 0.996309 0.475203
vt 0.997714 0.475203
vt 0.995699 0.473746
vt 0.995954 0.475611
vt 0.995699 0.658303
vt 0.997269 0.657903
vt 0.997637 0.658303
vt 0.997845 0.318950
vt 0.996309 0.318542
vt 0.997714 0.318542
vt 0.995698 0.317085
vt 0.995954 0.318950
vt 0.997792 0.656378
vt 0.997384 0.656472
vt 0.997792 0.675628
vt 0.997269 0.677153
vt 0.997384 0.675722
vt 0.995699 0.677553
vt 0.997637 0.677553
vt 0.997845 0.320815
vt 0.996309 0.320407
vt 0.997714 0.320407
vt 0.995699 0.318950
vt 0.995954 0.320815
vt 0.995699 0.614029
vt 0.997269 0.613629
vt 0.997637 0.614029
vt 0.997845 0.369305
vt 0.996309 0.368897
vt 0.997714 0.368897
vt 0.995699 0.367440
vt 0.995954 0.369305
vt 0.997792 0.612104
vt 0.997384 0.612198
vt 0.995699 0.615954
vt 0.997269 0.615554
vt 0.997637 0.615954
vt 0.997845 0.322680
vt 0.996309 0.322272
vt 0.997714 0.322272
vt 0.995699 0.320815
vt 0.995954 0.322680
vt 0.997792 0.614029
vt 0.997384 0.614123
vt 0.995699 0.721827
vt 0.997269 0.721427
vt 0.997637 0.721827
vt 0.997845 0.470016
vt 0.996309 0.469608
vt 0.997714 0.469608
vt 0.995698 0.468151
vt 0.995954 0.470016
vt 0.997792 0.719902
vt 0.997384 0.719997
vt 0.997792 0.633278
vt 0.997269 0.634803
vt 0.997384 0.633373
vt 0.995699 0.635203
vt 0.997637 0.635203
vt 0.997845 0.477476
vt 0.996309 0.477068
vt 0.997714 0.477068
vt 0.995699 0.475611
vt 0.995954 0.477476
vt 0.750184 0.992701
vt 0.750508 0.995331
vt 0.750184 0.996103
vt 0.997581 0.821093
vt 0.996425 0.821500
vt 0.995698 0.821093
vt 0.995699 0.803700
vt 0.996880 0.804099
vt 0.995825 0.804099
vt 0.997792 0.485056
vt 0.997269 0.486581
vt 0.997384 0.485151
vt 0.995699 0.486981
vt 0.997637 0.486981
vt 0.997845 0.276055
vt 0.996309 0.275647
vt 0.997714 0.275647
vt 0.995699 0.274190
vt 0.995954 0.276055
vt 0.755375 0.996103
vt 0.755700 0.995331
vt 0.997581 0.816617
vt 0.996425 0.817024
vt 0.995699 0.816617
vt 0.995699 0.804498
vt 0.996880 0.804897
vt 0.995825 0.804897
vt 0.995699 0.771877
vt 0.997269 0.771477
vt 0.997637 0.771877
vt 0.997845 0.401011
vt 0.996309 0.400603
vt 0.997714 0.400603
vt 0.995699 0.399146
vt 0.995954 0.401011
vt 0.997792 0.769952
vt 0.997384 0.770046
vt 0.995699 0.488906
vt 0.997269 0.488506
vt 0.997637 0.488906
vt 0.997845 0.421526
vt 0.996309 0.421118
vt 0.997714 0.421118
vt 0.995699 0.419660
vt 0.995954 0.421526
vt 0.997792 0.486981
vt 0.997384 0.487076
vt 0.749535 0.992701
vt 0.749211 0.995331
vt 0.749211 0.993473
vt 0.995699 0.798502
vt 0.996887 0.798102
vt 0.997637 0.798502
vt 0.997590 0.813355
vt 0.996426 0.812947
vt 0.997459 0.812947
vt 0.997792 0.785352
vt 0.997269 0.786877
vt 0.997384 0.785446
vt 0.995699 0.787277
vt 0.997637 0.787277
vt 0.997845 0.417795
vt 0.996309 0.417388
vt 0.997714 0.417388
vt 0.995699 0.415930
vt 0.995954 0.417795
vt 0.995699 0.577455
vt 0.997269 0.577055
vt 0.997637 0.577455
vt 0.997845 0.350655
vt 0.996309 0.350247
vt 0.997714 0.350247
vt 0.995699 0.348790
vt 0.995954 0.350655
vt 0.997792 0.575530
vt 0.997384 0.575624
vt 0.997792 0.577455
vt 0.997269 0.578980
vt 0.997384 0.577549
vt 0.995699 0.579380
vt 0.997637 0.579380
vt 0.997845 0.249945
vt 0.996309 0.249537
vt 0.997714 0.249537
vt 0.995699 0.248080
vt 0.995954 0.249945
vt 0.995699 0.789202
vt 0.997269 0.788802
vt 0.997637 0.789202
vt 0.997845 0.259270
vt 0.996309 0.258862
vt 0.997714 0.258862
vt 0.995699 0.257405
vt 0.995954 0.259270
vt 0.997792 0.787277
vt 0.997384 0.787371
vt 0.995699 0.660228
vt 0.997269 0.659828
vt 0.997637 0.660228
vt 0.997845 0.277920
vt 0.996309 0.277512
vt 0.997714 0.277512
vt 0.995699 0.276055
vt 0.995954 0.277920
vt 0.997792 0.658303
vt 0.997384 0.658397
vt 0.995699 0.773802
vt 0.997269 0.773402
vt 0.997637 0.773802
vt 0.997845 0.251810
vt 0.996309 0.251402
vt 0.997714 0.251402
vt 0.995699 0.249945
vt 0.995954 0.251810
vt 0.997792 0.771877
vt 0.997384 0.771971
vt 0.753428 0.996103
vt 0.753104 0.993473
vt 0.753428 0.992701
vt 0.995699 0.802901
vt 0.996887 0.802501
vt 0.997637 0.802901
vt 0.997590 0.812539
vt 0.996426 0.812131
vt 0.997459 0.812131
vt 0.997792 0.716052
vt 0.997269 0.717577
vt 0.997384 0.716147
vt 0.995699 0.717977
vt 0.997637 0.717977
vt 0.997845 0.462556
vt 0.996309 0.462148
vt 0.997714 0.462148
vt 0.995699 0.460691
vt 0.995954 0.462556
vt 0.995699 0.679478
vt 0.997269 0.679078
vt 0.997637 0.679478
vt 0.997845 0.261135
vt 0.996309 0.260727
vt 0.997714 0.260727
vt 0.995699 0.259270
vt 0.995954 0.261135
vt 0.997792 0.677553
vt 0.997384 0.677647
vt 0.997792 0.488906
vt 0.997269 0.490431
vt 0.997384 0.489001
vt 0.995699 0.490831
vt 0.997637 0.490831
vt 0.997845 0.279785
vt 0.996309 0.279377
vt 0.997714 0.279377
vt 0.995699 0.277920
vt 0.995954 0.279785
vt 0.995699 0.681403
vt 0.997269 0.681003
vt 0.997637 0.681403
vt 0.997845 0.423391
vt 0.996309 0.422983
vt 0.997714 0.422983
vt 0.995699 0.421526
vt 0.995954 0.423391
vt 0.997792 0.679478
vt 0.997384 0.679572
vt 0.995699 0.527405
vt 0.997269 0.527005
vt 0.997637 0.527405
vt 0.997845 0.281650
vt 0.996309 0.281242
vt 0.997714 0.281242
vt 0.995699 0.279785
vt 0.995954 0.281650
vt 0.997792 0.525480
vt 0.997384 0.525575
vt 0.995699 0.617879
vt 0.997269 0.617479
vt 0.997637 0.617879
vt 0.997845 0.425256
vt 0.996309 0.424848
vt 0.997714 0.424848
vt 0.995699 0.423391
vt 0.995954 0.425256
vt 0.997792 0.615954
vt 0.997384 0.616048
vt 0.753753 0.996103
vt 0.753428 0.993473
vt 0.753753 0.992701
vt 0.995699 0.798901
vt 0.996887 0.798502
vt 0.997637 0.798902
vt 0.997590 0.815395
vt 0.996426 0.814987
vt 0.997459 0.814987
vt 0.995699 0.174077
vt 0.997943 0.173654
vt 0.998542 0.174077
vt 0.997115 0.161383
vt 0.997941 0.160125
vt 0.998542 0.160143
vt 0.996296 0.160125
vt 0.997115 0.160842
vt 0.995699 0.662153
vt 0.997269 0.661753
vt 0.997637 0.662153
vt 0.997845 0.268595
vt 0.996309 0.268187
vt 0.997714 0.268187
vt 0.995699 0.266730
vt 0.995954 0.268595
vt 0.997792 0.660228
vt 0.997384 0.660322
vt 0.995699 0.171119
vt 0.997943 0.170696
vt 0.998542 0.171119
vt 0.997115 0.151319
vt 0.997941 0.150060
vt 0.998542 0.150078
vt 0.996296 0.150060
vt 0.997115 0.150778
vt 0.995699 0.791127
vt 0.997269 0.790727
vt 0.997637 0.791127
vt 0.997845 0.324545
vt 0.996309 0.324137
vt 0.997714 0.324137
vt 0.995699 0.322680
vt 0.995954 0.324545
vt 0.997792 0.789202
vt 0.997384 0.789296
vt 0.995698 0.581305
vt 0.997269 0.580905
vt 0.997637 0.581305
vt 0.997845 0.193995
vt 0.996309 0.193587
vt 0.997714 0.193587
vt 0.995699 0.192130
vt 0.995954 0.193995
vt 0.997792 0.579380
vt 0.997384 0.579474
vt 0.995699 0.793052
vt 0.997269 0.792652
vt 0.997637 0.793052
vt 0.997845 0.296570
vt 0.996309 0.296162
vt 0.997714 0.296162
vt 0.995699 0.294705
vt 0.995954 0.296570
vt 0.997792 0.791127
vt 0.997384 0.791221
vt 0.753753 0.995331
vt 0.753753 0.993473
vt 0.995699 0.800102
vt 0.996887 0.799702
vt 0.997637 0.800102
vt 0.997590 0.816211
vt 0.996426 0.815803
vt 0.997459 0.815803
vt 0.997792 0.702578
vt 0.997269 0.704103
vt 0.997384 0.702672
vt 0.995699 0.704503
vt 0.997637 0.704503
vt 0.997845 0.419660
vt 0.996309 0.419252
vt 0.997714 0.419252
vt 0.995699 0.417795
vt 0.995954 0.419660
vt 0.997792 0.512006
vt 0.997269 0.513531
vt 0.997384 0.512100
vt 0.995699 0.513931
vt 0.997637 0.513931
vt 0.997845 0.177210
vt 0.996309 0.176802
vt 0.997714 0.176802
vt 0.995699 0.175345
vt 0.995954 0.177210
vt 0.997792 0.617879
vt 0.997269 0.619404
vt 0.997384 0.617973
vt 0.995699 0.619804
vt 0.997637 0.619804
vt 0.997845 0.218240
vt 0.996309 0.217832
vt 0.997714 0.217832
vt 0.995699 0.216375
vt 0.995954 0.218240
vt 0.997792 0.635203
vt 0.997269 0.636728
vt 0.997384 0.635298
vt 0.995699 0.637128
vt 0.997637 0.637128
vt 0.997845 0.473746
vt 0.996309 0.473338
vt 0.997714 0.473338
vt 0.995699 0.471881
vt 0.995954 0.473746
vt 0.995699 0.166010
vt 0.997943 0.165583
vt 0.998542 0.166010
vt 0.997125 0.139564
vt 0.997945 0.138262
vt 0.998542 0.138252
vt 0.996300 0.138262
vt 0.997125 0.139021
vt 0.995699 0.683328
vt 0.997269 0.682928
vt 0.997637 0.683328
vt 0.997845 0.263000
vt 0.996309 0.262592
vt 0.997714 0.262592
vt 0.995699 0.261135
vt 0.995954 0.263000
vt 0.997792 0.681403
vt 0.997384 0.681498
vt 0.997792 0.683328
vt 0.997269 0.684853
vt 0.997384 0.683423
vt 0.995699 0.685253
vt 0.997637 0.685253
vt 0.997845 0.264865
vt 0.996309 0.264457
vt 0.997714 0.264457
vt 0.995699 0.263000
vt 0.995954 0.264865
vt 0.841474 0.431309
vt 0.844374 0.464890
vt 0.841474 0.464890
vt 0.953561 0.606748
vt 0.953561 0.573167
vt 0.953740 0.423728
vt 0.953740 0.390148
vt 0.905025 0.485627
vt 0.890063 0.452046
vt 0.905025 0.452046
vt 0.273051 0.550709
vt 0.271808 0.528121
vt 0.273051 0.528153
vt 0.344191 0.741714
vt 0.342947 0.741707
vt 0.954880 0.364243
vt 0.954880 0.330662
vt 0.327677 0.845253
vt 0.324777 0.845253
vt 0.357768 0.631828
vt 0.357768 0.665409
vt 0.279541 0.550709
vt 0.279541 0.528153
vt 0.274294 0.550709
vt 0.274294 0.528153
vt 0.337514 0.721767
vt 0.336270 0.721760
vt 0.194118 0.735700
vt 0.192874 0.735693
vt 0.586298 0.206588
vt 0.633802 0.238228
vt 0.586298 0.275472
vt 0.104547 0.870173
vt 0.104546 0.804040
vt 0.819221 0.866443
vt 0.850954 0.914264
vt 0.782089 0.914264
vt 0.701031 0.830920
vt 0.767161 0.916293
vt 0.701031 0.915938
vt 0.490098 0.821775
vt 0.521727 0.728292
vt 0.521727 0.858199
vt 0.767161 0.831275
vt 0.775958 0.916582
vt 0.701048 0.823212
vt 0.769931 0.823581
vt 0.360753 0.558621
vt 0.481029 0.563836
vt 0.360687 0.563931
vt 0.702766 0.823206
vt 0.821859 0.659198
vt 0.821962 0.823212
vt 0.144111 0.700669
vt 0.149197 0.536656
vt 0.149201 0.700672
vt 0.144183 0.514772
vt 0.149387 0.514770
vt 0.268959 0.745067
vt 0.208850 0.558447
vt 0.273966 0.743300
vt 0.701024 0.487345
vt 0.701031 0.683083
vt 0.128546 0.804040
vt 0.001719 0.639707
vt 0.128546 0.640070
vt 0.330531 0.551086
vt 0.210381 0.556297
vt 0.202912 0.551086
vt 0.893028 0.016404
vt 0.908161 0.003250
vt 0.894499 0.020801
vt 0.893029 0.045494
vt 0.894500 0.041097
vt 0.908162 0.058648
vt 0.885941 0.782892
vt 0.901583 0.720994
vt 0.901583 0.782892
vt 0.907254 0.452046
vt 0.890063 0.390148
vt 0.907580 0.344171
vt 0.890403 0.282272
vt 0.201311 0.908079
vt 0.181015 0.950330
vt 0.181015 0.907970
vt 0.885941 0.720993
vt 0.901595 0.659095
vt 0.901595 0.720993
vt 0.680798 0.937221
vt 0.664322 0.895212
vt 0.680798 0.895644
vt 0.906712 0.878529
vt 0.892021 0.891737
vt 0.905284 0.874138
vt 0.908657 0.855734
vt 0.906040 0.874527
vt 0.905284 0.853841
vt 0.891025 0.101090
vt 0.893721 0.082307
vt 0.894500 0.102996
vt 0.906712 0.849439
vt 0.892021 0.836340
vt 0.904992 0.782892
vt 0.905002 0.720993
vt 0.893028 0.078302
vt 0.908161 0.065149
vt 0.894499 0.082699
vt 0.893029 0.107392
vt 0.908162 0.120546
vt 0.887418 0.635065
vt 0.903059 0.573167
vt 0.903059 0.635066
vt 0.904613 0.548073
vt 0.904613 0.486175
vt 0.201311 0.907970
vt 0.184134 0.846072
vt 0.201311 0.846072
vt 0.948432 0.659204
vt 0.928136 0.701455
vt 0.928136 0.659095
vt 0.872961 0.894978
vt 0.888614 0.833080
vt 0.888614 0.894978
vt 0.895824 0.936987
vt 0.879348 0.894978
vt 0.895824 0.895410
vt 0.170569 0.894987
vt 0.155878 0.908195
vt 0.169141 0.890595
vt 0.172514 0.872192
vt 0.169896 0.890985
vt 0.169141 0.870299
vt 0.170569 0.865897
vt 0.155878 0.852798
vt 0.906468 0.635066
vt 0.892021 0.894978
vt 0.422587 0.752519
vt 0.482561 0.565986
vt 0.490026 0.560773
vt 0.891612 0.042552
vt 0.893721 0.041490
vt 0.891025 0.039192
vt 0.891024 0.022706
vt 0.891611 0.019346
vt 0.893721 0.020409
vt 0.908657 0.872220
vt 0.908088 0.875582
vt 0.908088 0.852376
vt 0.906040 0.853446
vt 0.891612 0.104451
vt 0.893721 0.103388
vt 0.891024 0.084604
vt 0.891611 0.081244
vt 0.172514 0.888678
vt 0.171945 0.892040
vt 0.171945 0.868834
vt 0.169896 0.869904
vt 0.657934 0.896914
vt 0.660938 0.937248
vt 0.657934 0.938491
vt 0.660938 0.895671
vt 0.664322 0.936789
vt 0.872961 0.896680
vt 0.875964 0.937014
vt 0.872961 0.938257
vt 0.875964 0.895437
vt 0.879348 0.936555
vt 0.684129 0.937856
vt 0.684129 0.896280
vt 0.687006 0.939254
vt 0.899155 0.937622
vt 0.899155 0.896046
vt 0.902032 0.939020
vt 0.817033 0.864865
vt 0.819972 0.863664
vt 0.816526 0.862014
vt 0.817912 0.862939
vt 0.815626 0.860766
vt 0.814815 0.863385
vt 0.813142 0.862386
vt 0.818445 0.861173
vt 0.820824 0.860765
vt 0.818699 0.859350
vt 0.821551 0.858510
vt 0.640710 0.238677
vt 0.639368 0.236581
vt 0.641537 0.235819
vt 0.639290 0.241748
vt 0.638961 0.238960
vt 0.636747 0.242589
vt 0.637651 0.244224
vt 0.635343 0.240402
vt 0.638119 0.240880
vt 0.636541 0.237461
vt 0.637242 0.239513
vt 0.100972 0.878952
vt 0.099168 0.878145
vt 0.097847 0.875939
vt 0.097364 0.872925
vt 0.772944 0.824142
vt 0.775151 0.825643
vt 0.775958 0.827681
vt 0.633802 0.206623
vt 0.636559 0.206627
vt 0.639390 0.206634
vt 0.590080 0.281520
vt 0.586805 0.278488
vt 0.850763 0.860744
vt 0.850799 0.863648
vt 0.850817 0.866443
vt 0.812137 0.824073
vt 0.814647 0.823464
vt 0.817751 0.823212
vt 0.779062 0.913730
vt 0.775958 0.910274
vt 0.850719 0.858510
vt 0.820629 0.823383
vt 0.849798 0.823383
vt 0.482633 0.564910
vt 0.490098 0.559697
vt 0.489538 0.558909
vt 0.482072 0.564123
vt 0.488496 0.558621
vt 0.000793 0.803775
vt 0.000650 0.639711
vt 0.000143 0.803792
vt 0.000000 0.639728
vt 0.536915 0.282316
vt 0.701028 0.283329
vt 0.536914 0.283374
vt 0.209338 0.556584
vt 0.201870 0.551374
vt 0.208778 0.557371
vt 0.201311 0.552161
vt 0.201383 0.553237
vt 0.536909 0.487223
vt 0.701024 0.486296
vt 0.701067 0.659099
vt 0.701694 0.823208
vt 0.701031 0.823212
vt 0.701731 0.659096
vt 0.701029 0.486175
vt 0.536867 0.486083
vt 0.730446 0.043309
vt 0.595300 0.830969
vt 0.653493 0.830754
vt 0.755326 0.176441
vt 0.066095 0.639707
vt 0.400502 0.226952
vt 0.437033 0.261124
vt 0.467169 0.261173
vt 0.653830 0.910997
vt 0.360741 0.144197
vt 0.244431 0.900976
vt 0.854634 0.602323
vt 0.516591 0.914664
vt 0.360687 0.870726
vt 0.267258 0.954131
vt 0.201311 0.880111
vt 0.820378 0.431720
vt 0.448362 0.866656
vt 0.292333 0.861414
vt 0.845469 0.955481
vt 0.046250 0.000000
vt 0.187084 0.000075
vt 0.117518 0.000000
vt 0.467821 0.860656
vt 0.478170 0.973159
vt 0.733318 0.176441
vt 0.155432 0.984589
vt 0.155432 0.984629
vt 0.373084 0.985293
vt 0.520791 0.281541
vt 0.957700 0.940508
vt 0.968427 0.431112
vt 0.948714 0.438571
vt 0.908657 0.833080
vt 0.955539 0.095801
vt 0.872002 0.945288
vt 0.932220 0.180293
vt 0.790783 0.632854
vt 0.809816 0.655659
vt 0.938299 0.096245
vt 0.906468 0.573167
vt 0.938795 0.894842
vt 0.958601 0.622447
vt 0.968427 0.410630
vt 0.843461 0.938193
vt 0.834339 0.948378
vt 0.279541 0.550777
vt 0.907409 0.388397
vt 0.146996 0.953316
vt 0.936228 0.570573
vt 0.436174 0.870526
vt 0.427962 0.924796
vt 0.392412 0.955132
vt 0.941937 0.570573
vt 0.536867 0.921993
vt 0.959132 0.573167
vt 0.936606 0.622447
vt 0.141177 0.923179
vt 0.959813 0.141138
vt 0.950075 0.251028
vt 0.060274 0.921217
vt 0.959973 0.775263
vt 0.095878 0.921217
vt 0.090412 0.921217
vt 0.946099 0.657587
vt 0.957111 0.226925
vt 0.959132 0.593659
vt 0.717162 0.486092
vt 0.656606 0.910997
vt 0.957111 0.247601
vt 0.726655 0.486092
vt 0.143966 0.878952
vt 0.955724 0.251028
vt 0.949750 0.065664
vt 0.790783 0.632911
vt 0.270785 0.550958
vt 0.915824 0.193337
vt 0.778518 0.469242
vt 0.397825 0.870527
vt 0.739700 0.469368
vt 0.904992 0.720993
vt 0.820378 0.469242
vt 0.097362 0.878952
vt 0.864914 0.137150
vt 0.870487 0.106841
vt 0.147998 0.535425
vt 0.148910 0.535432
vt 0.904496 0.813201
vt 0.898922 0.806335
vt 0.955724 0.251095
vt 0.973806 0.271681
vt 0.325307 0.945991
vt 0.330292 0.915683
vt 0.278298 0.548774
vt 0.141812 0.744098
vt 0.143495 0.723408
vt 0.771964 0.946890
vt 0.766979 0.943396
vt 0.360687 0.752519
vt 0.378411 0.992701
vt 0.732185 0.644858
vt 0.732185 0.486199
vt 0.731498 0.440912
vt 0.654922 0.186045
vt 0.155878 0.536653
vt 0.481881 0.999191
vt 0.762003 0.148454
vt 0.845450 0.124961
vt 0.850980 0.484523
vt 0.648027 0.276767
vt 0.486887 0.999191
vt 0.846854 0.822378
vt 0.329783 0.811647
vt 0.404372 0.992701
vt 0.188517 0.779399
vt 0.824970 0.213108
vt 0.535531 0.851784
vt 0.851129 0.398420
vt 0.874441 0.658427
vt 0.314867 0.504650
vt 0.294036 0.992701
vt 0.320029 0.287777
vt 0.309861 0.504591
vt 0.211699 0.992815
vt 0.877082 0.477140
vt 0.655069 0.992725
vt 0.350917 0.880996
vt 0.891024 0.000010
vt 0.220415 0.992815
vt 0.579561 0.992725
vt 0.360668 0.881018
vt 0.891024 0.067119
vt 0.216057 0.992815
vt 0.584003 0.992725
vt 0.344277 0.882489
vt 0.337600 0.819329
vt 0.877422 0.282272
vt 0.224773 0.992815
vt 0.659510 0.992725
vt 0.117528 0.873172
vt 0.890403 0.282282
vt 0.663952 0.992725
vt 0.874441 0.593016
vt 0.168859 0.847182
vt 0.597328 0.992725
vt 0.871553 0.106841
vt 0.801057 0.280998
vt 0.481137 0.762549
vt 0.672835 0.992725
vt 0.872961 0.765936
vt 0.681718 0.992725
vt 0.877422 0.389113
vt 0.650627 0.992725
vt 0.872961 0.872777
vt 0.350768 0.287753
vt 0.053516 0.972887
vt 0.615094 0.992725
vt 0.686782 0.828934
vt 0.743298 0.282296
vt 0.194820 0.350608
vt 0.060004 0.972887
vt 0.344278 0.287753
vt 0.677277 0.992725
vt 0.693422 0.828934
vt 0.749937 0.282296
vt 0.798182 0.146454
vt 0.671259 0.683111
vt 0.771932 0.428686
vt 0.351066 0.665409
vt 0.793176 0.146454
vt 0.356226 0.665433
vt 0.781679 0.146414
vt 0.801509 0.428726
vt 0.326488 0.992701
vt 0.821963 0.659119
vt 0.767574 0.428686
vt 0.331110 0.672865
vt 0.808195 0.146454
vt 0.653493 0.683111
vt 0.772963 0.146414
vt 0.707708 0.486175
vt 0.471868 0.999191
vt 0.454848 0.752519
vt 0.466862 0.999191
vt 0.851129 0.282272
vt 0.859835 0.659095
vt 0.476874 0.999191
vt 0.851937 0.000000
vt 0.461334 0.752519
vt 0.441831 0.999191
vt 0.853344 0.659095
vt 0.553777 0.992701
vt 0.451843 0.999191
vt 0.318290 0.745067
vt 0.446837 0.999191
vt 0.857619 0.282272
vt 0.707669 0.282272
vt 0.456849 0.999191
vt 0.298823 0.745067
vt 0.858427 0.000000
vt 0.490098 0.558621
vt 0.461856 0.999191
vt 0.305314 0.745067
vt 0.311804 0.745066
vt 0.816682 0.282272
vt 0.803189 0.146454
vt 0.657934 0.683111
vt 0.785006 0.428686
vt 0.337787 0.666902
vt 0.796503 0.428726
vt 0.662376 0.683111
vt 0.777321 0.146414
vt 0.813355 0.000000
vt 0.806516 0.428726
vt 0.666818 0.683111
vt 0.776290 0.428686
vt 0.344427 0.665409
vt 0.811522 0.428726
vt 0.675701 0.683111
vt 0.780648 0.428686
vt 0.168859 0.350608
vt 0.937742 0.085549
vt 0.641744 0.992725
vt 0.828481 0.428652
vt 0.756577 0.282296
vt 0.962212 0.271748
vt 0.181839 0.350608
vt 0.619536 0.992725
vt 0.825154 0.146380
vt 0.761965 0.000024
vt 0.162368 0.350608
vt 0.985273 0.525309
vt 0.188330 0.350608
vt 0.623977 0.992725
vt 0.768605 0.148384
vt 0.763216 0.282296
vt 0.292522 0.506551
vt 0.601769 0.992725
vt 0.707669 0.456114
vt 0.141527 0.786108
vt 0.788170 -0.000000
vt 0.985258 0.638830
vt 0.661562 0.176441
vt 0.654918 0.186045
vt 0.699912 0.824786
vt 0.831644 0.000000
vt 0.985258 0.645320
vt 0.859835 0.773232
vt 0.149201 0.709573
vt 0.155878 0.849538
vt 0.985258 0.619359
vt 0.857619 0.396409
vt 0.266561 0.287753
vt 0.962332 0.741943
vt 0.527865 0.000000
vt 0.628419 0.992725
vt 0.357706 0.665408
vt 0.661562 0.000024
vt 0.514885 0.268516
vt 0.606211 0.992725
vt 0.331110 0.501098
vt 0.668393 0.992725
vt 0.337750 0.672864
vt 0.273051 0.287753
vt 0.782447 0.973844
vt 0.632861 0.992725
vt 0.351066 0.665408
vt 0.344427 0.481499
vt 0.128546 0.639707
vt 0.791497 0.282272
vt 0.985258 0.632339
vt 0.668052 0.176441
vt 0.832895 0.800795
vt 0.834972 0.282272
vt 0.985258 0.651810
vt 0.739809 0.176441
vt 0.864106 0.390148
vt 0.985258 0.625849
vt 0.746299 0.176441
vt 0.128546 0.786108
vt 0.883573 0.457371
vt 0.726395 0.992717
vt 0.234285 0.955124
vt 0.734328 0.955029
vt 0.851937 0.137102
vt 0.683330 0.939254
vt 0.287550 0.882538
vt 0.729433 0.992717
vt 0.250447 0.955125
vt 0.717679 0.955029
vt 0.939918 0.385196
vt 0.963200 0.020949
vt 0.590139 0.984397
vt 0.614205 0.973408
vt 0.858450 0.972587
vt 0.961381 0.330662
vt 0.973308 0.984546
vt 0.954891 0.387300
vt 0.957700 0.961597
vt 0.851960 0.972587
vt 0.961381 0.358981
vt 0.946078 0.485553
vt 0.701040 0.484433
vt 0.147108 0.973049
vt 0.865004 0.280234
vt 0.845469 0.972587
vt 0.707531 0.456114
vt 0.287550 0.863523
vt 0.723357 0.992717
vt 0.750490 0.955029
vt 0.583652 0.954825
vt 0.847626 0.653807
vt 0.963200 0.000000
vt 0.695043 0.992725
vt 0.877422 0.369379
vt 0.732471 0.992717
vt 0.941899 0.829049
vt 0.962333 0.720993
vt 0.836651 0.282200
vt 0.144041 0.700672
vt 0.345959 0.992701
vt 0.845450 0.141061
vt 0.834972 0.282387
vt 0.841009 0.141062
vt 0.846099 0.282199
vt 0.832895 0.659209
vt 0.841657 0.282200
vt 0.846854 0.800157
vt 0.831645 0.000114
vt 0.202983 0.992815
vt 0.141523 0.873100
vt 0.610653 0.992725
vt 0.124018 0.873172
vt 0.887418 0.573177
vt 0.880932 0.573167
vt 0.207341 0.992815
vt 0.637302 0.992725
vt 0.111037 0.873172
vt 0.890063 0.390157
vt 0.968820 0.720994
vt 0.942961 0.572928
vt 0.676840 0.960343
vt 0.201311 0.972684
vt 0.686160 0.992725
vt 0.851129 0.414344
vt 0.862785 0.118087
vt 0.735510 0.997159
vt 0.283907 0.973733
vt 0.312986 0.973245
vt 0.952899 0.385196
vt 0.963200 0.041899
vt 0.128376 0.877644
vt 0.738548 0.997159
vt 0.792607 0.973844
vt 0.928136 0.720678
vt 0.963602 0.185364
vt 0.947819 0.128164
vt 0.883909 0.280234
vt 0.820270 0.973801
vt 0.480803 0.973135
vt 0.961424 0.691014
vt 0.705722 0.992701
vt 0.839175 0.973801
vt 0.474312 0.973135
vt 0.961954 0.486175
vt 0.707802 0.992701
vt 0.809816 0.653942
vt 0.906323 0.656154
vt 0.926057 0.972930
vt 0.961954 0.512549
vt 0.703643 0.992701
vt 0.826404 0.821884
vt 0.962245 0.774914
vt 0.467821 0.973135
vt 0.129759 0.933222
vt 0.701564 0.992701
vt 0.828721 0.653942
vt 0.199920 0.971528
vt 0.487294 0.973135
vt 0.960892 0.805430
vt 0.885942 0.782892
vt 0.898922 0.831054
vt 0.592886 0.992725
vt 0.911611 0.243974
vt 0.945285 0.870226
vt 0.908162 0.000000
vt 0.330961 0.549267
vt 0.646185 0.992725
vt 0.890403 0.387673
vt 0.884534 0.140306
vt 0.588444 0.992725
vt 0.699929 0.879467
vt 0.905002 0.659095
vt 0.878044 0.140312
vt 0.690602 0.992725
vt 0.872811 0.915159
vt 0.693423 0.874336
vt 0.154207 0.895929
vt 0.820529 0.213149
vt 0.731498 0.485432
vt 0.836317 0.480859
vt 0.149047 0.891265
vt 0.124018 0.804064
vt 0.735856 0.485432
vt 0.063917 0.972866
vt 0.557095 0.984730
vt 0.979673 0.819924
vt 0.200901 0.983528
vt 0.612078 0.992680
vt 0.827564 0.973801
vt 0.955685 0.961597
vt 0.972615 0.636941
vt 0.937449 0.971109
vt 0.976840 0.847540
vt 0.606448 0.992680
vt 0.985255 0.335600
vt 0.985255 0.488837
vt 0.967585 0.536323
vt -0.000000 0.985381
vt 0.966822 0.940535
vt 0.397313 0.941693
vt 0.977709 0.884695
vt 0.640228 0.992680
vt 0.985255 0.328301
vt 0.985255 0.510721
vt 0.549796 0.984730
vt 0.035767 0.972914
vt 0.959206 0.140164
vt 0.617708 0.992680
vt 0.985255 0.175103
vt 0.985255 0.240762
vt 0.985255 0.928367
vt 0.967585 0.519600
vt 0.985255 0.935667
vt 0.967055 0.691041
vt 0.916393 0.720020
vt 0.986710 0.985381
vt 0.589557 0.992680
vt 0.985255 0.342898
vt 0.985255 0.445070
vt 0.179345 0.976264
vt 0.972714 0.886791
vt 0.970737 0.690234
vt 0.968619 0.573167
vt 0.600818 0.992680
vt 0.985255 0.131309
vt 0.985255 0.233468
vt 0.983479 0.719281
vt 0.985255 0.028287
vt 0.961216 0.472071
vt 0.975111 0.985381
vt 0.960893 0.805430
vt 0.651488 0.992680
vt 0.602599 0.973408
vt 0.617197 0.973408
vt 0.128899 0.974036
vt 0.467142 0.985381
vt 0.979116 0.971677
vt 0.953615 0.470585
vt 0.595187 0.992680
vt 0.985255 0.597462
vt 0.985255 0.575565
vt 0.983339 0.940002
vt 0.906337 0.985321
vt 0.107165 0.966183
vt 0.960420 0.905368
vt 0.645858 0.992680
vt 0.320285 0.973245
vt 0.041397 0.972866
vt 0.972714 0.938580
vt 0.967585 0.519750
vt 0.702158 0.992680
vt 0.985255 0.167804
vt 0.985255 0.196995
vt 0.983495 0.767652
vt 0.289706 0.985207
vt 0.112066 0.966183
vt 0.657118 0.992680
vt 0.609898 0.973408
vt 0.652015 0.952319
vt 0.871951 0.962139
vt 0.953740 0.420341
vt 0.895925 0.140494
vt 0.975726 0.433468
vt 0.848538 0.992680
vt 0.985255 0.080217
vt 0.985255 0.277235
vt 0.975031 0.199804
vt 0.972870 0.753852
vt 0.953615 0.484893
vt 0.958601 0.643121
vt 0.820388 0.992680
vt 0.974461 0.014440
vt 0.972521 0.125152
vt 0.329678 0.859689
vt 0.676839 0.960203
vt 0.657934 0.960342
vt 0.826018 0.992680
vt 0.985255 0.138608
vt 0.985255 0.284529
vt 0.967496 0.568541
vt 0.967272 0.775290
vt 0.900826 0.140494
vt 0.854168 0.992680
vt 0.985255 0.357496
vt 0.985255 0.459659
vt 0.974461 0.014461
vt 0.985255 0.950265
vt 0.342370 0.979779
vt 0.974630 0.041925
vt 0.979212 0.388335
vt 0.865428 0.992680
vt 0.985255 0.145907
vt 0.985255 0.299118
vt 0.974461 0.031163
vt 0.392412 0.958577
vt 0.950030 0.438165
vt 0.831648 0.992680
vt 0.993509 0.582864
vt 0.993509 0.546387
vt 0.075517 0.956357
vt 0.503637 0.985381
vt 0.027527 0.972866
vt 0.968192 0.805457
vt 0.972615 0.655585
vt 0.662748 0.992680
vt 0.995176 0.080217
vt 0.995146 0.248057
vt 0.983915 0.500002
vt 0.980258 0.737743
vt 0.980715 0.483503
vt 0.960420 0.870229
vt 0.752828 0.992680
vt 0.488102 0.984629
vt 0.640405 0.984818
vt 0.983584 0.720994
vt 0.181015 0.971555
vt 0.980627 0.432851
vt 0.668378 0.992680
vt 0.993509 0.612060
vt 0.993509 0.539093
vt 0.972521 0.110685
vt 0.974630 0.056339
vt 0.973806 0.265522
vt 0.965836 0.690234
vt 0.766978 0.946890
vt 0.837278 0.992680
vt 0.923255 0.984652
vt 0.647699 0.984818
vt 0.983690 0.296099
vt 0.186010 0.971555
vt 0.980715 0.466311
vt 0.901342 0.957054
vt 0.679638 0.992680
vt 0.995176 0.109413
vt 0.995146 0.255351
vt 0.564394 0.984730
vt 0.046392 0.984890
vt 0.590139 0.971656
vt 0.859798 0.992680
vt -0.000000 0.992701
vt 0.939405 0.282250
vt 0.281851 0.985013
vt 0.977229 0.220741
vt 0.977954 0.735433
vt 0.945455 0.315233
vt 0.792238 0.992680
vt 0.976840 0.833080
vt 0.005800 0.992701
vt 0.994757 0.393991
vt 0.994734 0.466953
vt 0.968831 0.033425
vt 0.386612 0.955163
vt 0.972107 0.174569
vt 0.916393 0.703450
vt 0.872960 0.970989
vt 0.797868 0.992680
vt 0.994757 0.386692
vt 0.994734 0.430481
vt 0.979116 0.983707
vt 0.032522 0.984890
vt 0.746299 0.270241
vt 0.995176 0.145907
vt 0.995146 0.262646
vt 0.096042 0.968191
vt 0.102187 0.985381
vt 0.971599 0.239733
vt 0.948390 0.808224
vt 0.088743 0.968212
vt 0.871058 0.992680
vt 0.994757 0.401290
vt 0.994734 0.423186
vt 0.976839 0.847520
vt 0.985255 0.723992
vt 0.978182 0.819870
vt 0.960158 0.315233
vt 0.623338 0.992680
vt 0.985255 0.094815
vt 0.985255 0.248057
vt 0.966460 0.298975
vt 0.967875 0.770528
vt 0.135711 0.953478
vt 0.134661 0.949920
vt 0.975918 0.587607
vt 0.040597 0.992701
vt 0.985255 0.372094
vt 0.985255 0.452364
vt 0.976367 0.690238
vt 0.972714 0.903494
vt 0.945455 0.329541
vt 0.035767 0.972866
vt 0.972870 0.770334
vt 0.967585 0.486303
vt 0.628968 0.992680
vt 0.985255 0.182402
vt 0.985255 0.306413
vt 0.983479 0.704841
vt 0.569329 0.985381
vt 0.797602 0.985319
vt 0.727179 0.645005
vt 0.961216 0.438537
vt 0.719048 0.992680
vt 0.966856 0.550780
vt 0.974155 0.536371
vt 0.871951 0.962160
vt 0.780978 0.992680
vt 0.052196 0.992701
vt 0.995176 0.153206
vt 0.995146 0.204289
vt 0.968831 0.016702
vt 0.141177 0.953347
vt 0.971599 0.223004
vt 0.921294 0.703450
vt 0.769718 0.992680
vt 0.994757 0.408589
vt 0.994734 0.474248
vt 0.976839 0.861980
vt 0.977709 0.932374
vt 0.950356 0.315233
vt 0.814758 0.992680
vt 0.930554 0.984652
vt 0.405120 0.984872
vt 0.983697 0.789090
vt 0.191005 0.971555
vt 0.134661 0.980595
vt 0.685268 0.992680
vt 0.995176 0.116711
vt 0.995146 0.196995
vt 0.758458 0.992680
vt 0.985255 0.364795
vt 0.985255 0.466953
vt 0.353800 0.965513
vt 0.336740 0.979779
vt 0.975031 0.185391
vt 0.979211 0.373804
vt 0.966460 0.315677
vt 0.842908 0.992680
vt 0.985255 0.109413
vt 0.985255 0.313707
vt 0.766979 0.963593
vt 0.944425 0.976037
vt 0.972602 0.065691
vt 0.850352 0.139560
vt 0.657646 0.982848
vt 0.979362 0.000027
vt 0.980715 0.452360
vt 0.844805 0.983241
vt 0.522982 0.971345
vt 0.959143 0.185127
vt 0.058287 0.972866
vt 0.967719 0.870255
vt 0.972615 0.638952
vt 0.983537 0.154964
vt 0.980026 0.185391
vt 0.107165 0.979877
vt 0.808659 0.985081
vt 0.949038 0.185307
vt 0.536867 0.956217
vt 0.747198 0.992680
vt 0.967719 0.905395
vt 0.972521 0.129452
vt 0.690898 0.992680
vt 0.017399 0.992701
vt 0.995176 0.058320
vt 0.995146 0.211584
vt 0.284664 0.985381
vt 0.983697 0.803530
vt 0.124085 0.985381
vt 0.979625 0.041925
vt 0.980627 0.403971
vt 0.696528 0.992680
vt 0.960321 0.096245
vt 0.915956 0.984652
vt 0.412419 0.984872
vt 0.983812 0.819256
vt 0.452544 0.985381
vt 0.501084 0.971345
vt 0.102263 0.979877
vt 0.713418 0.992680
vt 0.385113 0.971865
vt 0.993509 0.604761
vt 0.993509 0.560976
vt 0.974310 0.388443
vt 0.977709 0.884669
vt 0.944950 0.606877
vt 0.803498 0.992680
vt 0.994757 0.372094
vt 0.994734 0.518015
vt 0.135390 0.966751
vt 0.839175 0.952712
vt 0.958556 0.620036
vt 0.898922 0.813329
vt 0.741568 0.992680
vt 0.994757 0.379393
vt 0.994734 0.510720
vt 0.865697 0.984590
vt 0.026892 0.984890
vt 0.972107 0.172436
vt 0.876688 0.992680
vt 0.985255 0.102114
vt 0.985255 0.291824
vt 0.764088 0.992680
vt 0.808659 0.973801
vt 0.967055 0.707717
vt 0.392412 0.941848
vt 0.885829 0.656974
vt 0.975263 0.752157
vt 0.972602 0.080158
vt 0.148942 0.910851
vt 0.975263 0.737743
vt 0.979362 0.014262
vt 0.971599 0.235202
vt 0.535911 0.971318
vt 0.972615 0.622474
vt 0.944950 0.621184
vt 0.267258 0.973733
vt 0.809128 0.992680
vt 0.047027 0.972866
vt 0.972714 0.903440
vt 0.967585 0.503027
vt 0.397825 0.959021
vt 0.493785 0.956878
vt 0.735938 0.992680
vt 0.985255 0.072918
vt 0.985255 0.226173
vt 0.983537 0.169405
vt 0.145982 0.985381
vt 0.978755 0.315677
vt 0.513379 0.985145
vt 0.116967 0.966183
vt 0.173715 0.945121
vt 0.707788 0.992680
vt 0.959813 0.129668
vt 0.983537 0.183252
vt 0.211673 0.985381
vt 0.535276 0.985165
vt 0.975726 0.404716
vt 0.536867 0.972727
vt 0.028998 0.992701
vt 0.730308 0.985381
vt 0.985255 0.582864
vt 0.985255 0.560976
vt 0.974310 0.373982
vt 0.973759 0.315704
vt 0.945129 0.438165
vt 0.977617 0.940508
vt 0.775348 0.992680
vt 0.985255 0.350197
vt 0.985255 0.496132
vt 0.792607 0.954789
vt 0.967585 0.502877
vt 0.967112 0.141165
vt 0.905728 0.140494
vt 0.975918 0.602048
vt 0.786608 0.992680
vt 0.985255 0.423186
vt 0.985255 0.503426
vt 0.206941 0.984687
vt 0.081316 0.972893
vt 0.971361 0.804706
vt 0.052657 0.972866
vt 0.972959 0.737502
vt 0.967620 0.096374
vt 0.950055 0.976037
vt 0.978801 0.265468
vt 0.955257 0.315233
vt 0.283907 0.954678
vt 0.967964 0.737696
vt 0.967496 0.551866
vt 0.691907 0.911910
vt 0.983690 0.310539
vt 0.520678 0.985145
vt 0.975533 0.659224
vt 0.960935 0.659095
vt 0.674008 0.992680
vt 0.595300 0.973408
vt 0.624491 0.973408
vt 0.634598 0.992680
vt 0.985255 0.604761
vt 0.985255 0.539092
vt 0.957700 0.961181
vt 0.968427 0.390148
vt 0.724678 0.992680
vt 0.985255 0.189700
vt 0.985255 0.321002
vt 0.271808 0.528126
vt 0.359667 0.629317
vt 0.359667 0.577012
vt 0.324470 0.504673
vt 0.309972 0.550925
vt 0.359864 0.572743
vt 0.148910 0.514777
vt 0.699912 0.726402
vt 0.142395 0.639710
vt 0.944207 0.044227
vt 0.931254 0.085549
vt 0.343832 0.718726
vt 0.142681 0.697498
vt 0.961216 0.438583
vt 0.948714 0.470410
vt 0.986324 0.026503
vt 0.986324 0.030474
vt 0.986324 0.029150
vt 0.986324 0.027827
vt 0.752789 0.176441
vt 0.342947 0.741714
vt 0.192874 0.735700
vt 0.358127 0.577008
vt 0.535531 0.716938
vt 0.350438 0.691323
vt 0.958601 0.622493
vt 0.946099 0.654321
vt 0.986324 0.022532
vt 0.986324 0.025179
vt 0.986324 0.021208
vt 0.986324 0.023856
vt 0.732080 0.648381
vt 0.349586 0.722580
vt 0.141812 0.697498
vt 0.960935 0.659141
vt 0.948432 0.690968
vt 0.985255 0.018561
vt 0.985255 0.019884
vt 0.985255 0.021208
vt 0.985255 0.017237
vt 0.351033 0.735389
vt 0.734728 0.649450
vt 0.753847 0.271181
vt 0.736051 0.649450
vt 0.343541 0.692817
vt 0.337750 0.672865
vt 0.942961 0.551839
vt 0.955358 0.032832
vt 0.995574 0.050363
vt 0.994503 0.046385
vt 0.994503 0.050363
vt 0.994503 0.045059
vt 0.752789 0.248485
vt 0.752789 0.227598
vt 0.752789 0.238042
vt 0.752789 0.258928
vt 0.143615 0.391930
vt 0.143858 0.697498
vt 0.700495 0.683087
vt 0.944609 0.251028
vt 0.954491 0.753825
vt 0.994503 0.037102
vt 0.994503 0.038428
vt 0.994503 0.042407
vt 0.994503 0.035776
vt 0.995699 -0.000000
vt 0.995698 0.007957
vt 0.351035 0.755210
vt 0.995699 0.001326
vt 0.359864 0.535688
vt 0.143615 0.474575
vt 0.536719 0.691028
vt 0.343530 0.666902
vt 0.944207 0.065664
vt 0.955760 0.218196
vt 0.995574 0.054342
vt 0.995574 0.055668
vt 0.995574 0.051690
vt 0.995574 0.056994
vt 0.994628 0.006631
vt 0.994628 0.014587
vt 0.994628 0.015914
vt 0.994628 0.011935
vt 0.359864 0.494365
vt 0.142407 0.697498
vt 0.336853 0.672865
vt 0.994503 0.039755
vt 0.994503 0.033124
vt 0.994503 0.034450
vt 0.994503 0.041081
vt 0.331109 0.755510
vt 0.143495 0.754541
vt 0.995699 0.002652
vt 0.755173 0.280555
vt 0.351033 0.691323
vt 0.344427 0.666902
vt 0.954242 0.141138
vt 0.995574 0.053016
vt 0.995574 0.046385
vt 0.995574 0.042407
vt 0.995574 0.047711
vt 0.994628 0.010609
vt 0.994628 0.013261
vt 0.994628 0.005304
vt 0.994628 0.007957
vt 0.143615 0.515898
vt 0.142395 0.671580
vt 0.357827 0.627569
vt 0.359563 0.612710
vt 0.360536 0.577008
vt 0.944609 0.229591
vt 0.143540 0.602590
vt 0.172514 0.911435
vt 0.143264 0.697503
vt 0.350181 0.734298
vt 0.350438 0.665412
vt 0.744393 0.993594
vt 0.771554 0.995500
vt 0.853676 0.992701
vt 0.716146 0.996617
vt 0.860084 0.993066
vt 0.995699 0.021261
vt 0.772524 0.996002
vt 0.864521 0.993066
vt 0.995699 0.035757
vt 0.998622 0.060964
vt 0.763794 0.996002
vt 0.865014 0.993066
vt 0.995699 0.021744
vt 0.998622 0.061449
vt 0.716564 0.996617
vt 0.879309 0.993066
vt 0.995699 0.022227
vt 0.759914 0.996002
vt 0.892618 0.993066
vt 0.998622 0.087652
vt 0.777859 0.996002
vt 0.865507 0.993066
vt 0.998622 0.083770
vt 0.716981 0.996617
vt 0.879802 0.993066
vt 0.995699 0.022710
vt 0.759429 0.996002
vt 0.893111 0.993066
vt 0.991797 0.992701
vt 0.998622 0.047378
vt 0.778344 0.996002
vt 0.865999 0.993066
vt 0.976343 0.992701
vt 0.998622 0.071154
vt 0.717398 0.996617
vt 0.854662 0.993066
vt 0.976826 0.992701
vt 0.773009 0.996002
vt 0.866493 0.993066
vt 0.995699 0.036240
vt 0.998622 0.047863
vt 0.764279 0.996002
vt 0.852690 0.993066
vt 0.995699 0.023194
vt 0.998622 0.048348
vt 0.764764 0.996002
vt 0.880294 0.993066
vt 0.977309 0.992701
vt 0.998622 0.042040
vt 0.765249 0.996002
vt 0.897547 0.993066
vt 0.995699 0.036723
vt 0.998622 0.055627
vt 0.760399 0.996002
vt 0.880787 0.993066
vt 0.995699 0.023677
vt 0.998622 0.056112
vt 0.785134 0.996002
vt 0.866985 0.993066
vt 0.995699 0.024160
vt 0.998622 0.042525
vt 0.765734 0.996002
vt 0.855155 0.993066
vt 0.977793 0.992701
vt 0.998622 0.071639
vt 0.766219 0.996002
vt 0.898040 0.993066
vt 0.992280 0.992701
vt 0.998622 0.072124
vt 0.773494 0.996002
vt 0.867478 0.993066
vt 0.978276 0.992701
vt 0.998622 0.056597
vt 0.785619 0.996002
vt 0.881280 0.993066
vt 0.978759 0.992701
vt 0.998622 0.072610
vt 0.766704 0.996002
vt 0.881773 0.993066
vt 0.979242 0.992701
vt 0.998622 0.061935
vt 0.767189 0.996002
vt 0.867971 0.993066
vt 0.992763 0.992701
vt 0.998622 0.073095
vt 0.767674 0.996002
vt 0.882266 0.993066
vt 0.979726 0.992701
vt 0.998622 0.077947
vt 0.786104 0.996002
vt 0.882759 0.993066
vt 0.980209 0.992701
vt 0.998622 0.073580
vt 0.744810 0.993593
vt 0.778344 0.995500
vt 0.882759 0.992701
vt 0.773979 0.996002
vt 0.868464 0.993066
vt 0.980692 0.992701
vt 0.998622 0.062420
vt 0.779314 0.996002
vt 0.893604 0.993066
vt 0.995699 0.037206
vt 0.998622 0.074065
vt 0.746061 0.993594
vt 0.786104 0.995500
vt 0.883252 0.992701
vt 0.760884 0.996002
vt 0.884238 0.993066
vt 0.995699 0.024643
vt 0.998622 0.084255
vt 0.868957 0.993066
vt 0.981175 0.992701
vt 0.998622 0.062905
vt 0.793864 0.996002
vt 0.862056 0.993066
vt 0.998622 0.057082
vt 0.787074 0.996002
vt 0.884731 0.993066
vt 0.947481 0.992701
vt 0.998622 0.048833
vt 0.779799 0.996002
vt 0.869450 0.993065
vt 0.947964 0.992701
vt 0.998622 0.084740
vt 0.797259 0.996002
vt 0.885224 0.993066
vt 0.993246 0.992701
vt 0.998622 0.078432
vt 0.794349 0.996002
vt 0.743976 0.993593
vt 0.760884 0.995500
vt 0.885224 0.992701
vt 0.855648 0.993065
vt 0.998622 0.043011
vt 0.780284 0.996002
vt 0.894096 0.993066
vt 0.995699 0.025126
vt 0.998622 0.078918
vt 0.797744 0.996002
vt 0.787559 0.996002
vt 0.898533 0.993066
vt 0.995699 0.025610
vt 0.998622 0.079403
vt 0.995006 0.986531
vt 0.998622 0.049319
vt 0.788044 0.996002
vt 0.761854 0.996002
vt 0.856141 0.993066
vt 0.995699 0.026093
vt 0.998622 0.057567
vt 0.995423 0.986531
vt 0.998622 0.063390
vt 0.798229 0.996002
vt 0.745227 0.993593
vt 0.773979 0.995500
vt 0.852691 0.992701
vt 0.894589 0.993065
vt 0.942679 0.992701
vt 0.998622 0.049804
vt 0.788529 0.996002
vt 0.856634 0.993066
vt 0.981659 0.992701
vt 0.998622 0.050289
vt 0.780769 0.996002
vt 0.741889 0.996935
vt 0.996215 0.039139
vt 0.998994 0.050289
vt 0.869943 0.993066
vt 0.993729 0.992701
vt 0.998622 0.063876
vt 0.794834 0.996002
vt 0.741472 0.996935
vt 0.996215 0.039622
vt 0.998994 0.045922
vt 0.886210 0.993066
vt 0.994212 0.992701
vt 0.998622 0.043496
vt 0.804049 0.996002
vt 0.862549 0.993065
vt 0.982142 0.992701
vt 0.998622 0.064361
vt 0.768159 0.996002
vt 0.895082 0.993066
vt 0.982625 0.992701
vt 0.998622 0.058053
vt 0.805019 0.996002
vt 0.741889 0.996043
vt 0.996216 0.040105
vt 0.998994 0.058053
vt 0.708219 0.993851
vt 0.998622 0.060479
vt 0.774949 0.996002
vt 0.742307 0.996043
vt 0.996215 0.005798
vt 0.998994 0.074065
vt 0.708636 0.993850
vt 0.998622 0.043981
vt 0.789014 0.996002
vt 0.870436 0.993066
vt 0.995699 0.026576
vt 0.998622 0.085226
vt 0.798714 0.996002
vt 0.857127 0.993066
vt 0.983108 0.992701
vt 0.998622 0.044466
vt 0.781254 0.996002
vt 0.768644 0.996002
vt 0.895575 0.993066
vt 0.995699 0.037689
vt 0.998622 0.085711
vt 0.886702 0.993066
vt 0.994696 0.992701
vt 0.998622 0.064846
vt 0.795319 0.996002
vt 0.781739 0.996002
vt 0.887195 0.993066
vt 0.995699 0.027059
vt 0.998622 0.079888
vt 0.887688 0.993066
vt 0.995179 0.992701
vt 0.998622 0.051260
vt 0.804534 0.996002
vt 0.870929 0.993065
vt 0.983592 0.992701
vt 0.998622 0.080373
vt 0.769129 0.996002
vt 0.896068 0.993066
vt 0.984075 0.992701
vt 0.998622 0.059023
vt 0.782224 0.996002
vt 0.857620 0.993066
vt 0.984558 0.992701
vt 0.998622 0.065331
vt 0.709053 0.993851
vt 0.998622 0.080859
vt 0.775434 0.996002
vt 0.775919 0.996002
vt 0.888181 0.993066
vt 0.985041 0.992701
vt 0.998622 0.051745
vt 0.709471 0.993850
vt 0.998622 0.052230
vt 0.789499 0.996002
vt 0.896561 0.993066
vt 0.995699 0.027542
vt 0.998622 0.075036
vt 0.799199 0.996002
vt 0.863042 0.993065
vt 0.943162 0.992701
vt 0.998622 0.065816
vt 0.795804 0.996002
vt 0.782709 0.996002
vt 0.888674 0.993066
vt 0.995699 0.038173
vt 0.998622 0.086196
vt 0.852198 0.993066
vt 0.948447 0.992701
vt 0.998622 0.075521
vt 0.783194 0.996002
vt 0.769614 0.996002
vt 0.889167 0.993066
vt 0.995699 0.028026
vt 0.998622 0.066302
vt 0.871422 0.993066
vt 0.948931 0.992701
vt 0.998622 0.052715
vt 0.796289 0.996002
vt 0.871915 0.993065
vt 0.943646 0.992701
vt 0.998622 0.053200
vt 0.770099 0.996002
vt 0.872408 0.993065
vt 0.985525 0.992701
vt 0.998622 0.066787
vt 0.799684 0.996002
vt 0.789984 0.996002
vt 0.860577 0.993066
vt 0.995699 0.028509
vt 0.998622 0.067272
vt 0.709888 0.993851
vt 0.998622 0.046892
vt 0.776404 0.996002
vt 0.776889 0.996002
vt 0.889660 0.993066
vt 0.995699 0.028992
vt 0.998622 0.088137
vt 0.998622 0.067757
vt 0.800169 0.996002
vt 0.897054 0.993066
vt 0.944129 0.992701
vt 0.998622 0.068243
vt 0.800654 0.996002
vt 0.872901 0.993066
vt 0.949414 0.992701
vt 0.998622 0.081344
vt 0.801139 0.996002
vt 0.717815 0.996617
vt 0.890153 0.993066
vt 0.986008 0.992701
vt 0.770584 0.996002
vt 0.873393 0.993066
vt 0.995699 0.029475
vt 0.998622 0.081829
vt 0.873886 0.993065
vt 0.995699 0.000483
vt 0.998622 0.086681
vt 0.790469 0.996002
vt 0.777374 0.996002
vt 0.891139 0.993066
vt 0.995699 0.038656
vt 0.998622 0.068728
vt 0.858113 0.993065
vt 0.995699 0.000966
vt 0.998622 0.059508
vt 0.801624 0.996002
vt 0.874379 0.993066
vt 0.949897 0.992701
vt 0.998622 0.082314
vt 0.790954 0.996002
vt 0.874872 0.993066
vt 0.995699 0.001450
vt 0.998622 0.045437
vt 0.802109 0.996002
vt 0.718233 0.996617
vt 0.875365 0.993066
vt 0.995699 0.029958
vt 0.783679 0.996002
vt 0.875858 0.993066
vt 0.995699 0.030442
vt 0.998622 0.069213
vt 0.858606 0.993066
vt 0.995699 0.001933
vt 0.998622 0.076006
vt 0.762339 0.996002
vt 0.762824 0.996002
vt 0.891632 0.993066
vt 0.995699 0.039139
vt 0.998622 0.082799
vt 0.876351 0.993066
vt 0.995699 0.002416
vt 0.998622 0.045922
vt 0.802594 0.996002
vt 0.859099 0.993066
vt 0.995699 0.002899
vt 0.998622 0.087167
vt 0.791439 0.996002
vt 0.876844 0.993066
vt 0.995699 0.003382
vt 0.998622 0.069698
vt 0.803079 0.996002
vt 0.718650 0.996617
vt 0.861070 0.993066
vt 0.995699 0.030925
vt 0.743141 0.996935
vt 0.996215 0.040589
vt 0.998994 0.053200
vt 0.877337 0.993066
vt 0.950380 0.992701
vt 0.998622 0.059994
vt 0.791924 0.996002
vt 0.996215 0.041072
vt 0.998994 0.053686
vt 0.863535 0.993066
vt 0.995699 0.003865
vt 0.998622 0.076491
vt 0.803564 0.996002
vt 0.877830 0.993066
vt 0.995699 0.004349
vt 0.998622 0.070184
vt 0.792409 0.996002
vt 0.859591 0.993066
vt 0.995699 0.004832
vt 0.998622 0.083285
vt 0.796774 0.996002
vt 0.719067 0.996617
vt 0.890646 0.993066
vt 0.986491 0.992701
vt 0.771069 0.996002
vt 0.899026 0.993065
vt 0.995699 0.005315
vt 0.998622 0.076977
vt 0.763309 0.996002
vt 0.864028 0.993066
vt 0.995699 0.005798
vt 0.998622 0.054656
vt 0.771554 0.996002
vt 0.878323 0.993066
vt 0.944612 0.992701
vt 0.998622 0.077462
vt 0.792894 0.996002
vt 0.861563 0.993066
vt 0.998622 0.055141
vt 0.745644 0.993594
vt 0.783679 0.995500
vt 0.891632 0.992701
vt 0.878816 0.993066
vt 0.950863 0.992701
vt 0.998622 0.044951
vt 0.793379 0.996002
vt 0.784649 0.996002
vt 0.853676 0.993065
vt 0.986974 0.992701
vt 0.998622 0.070669
vt 0.535531 0.691025
vt 0.535868 0.734325
vt 0.337514 0.721789
vt 0.536382 0.595370
vt 0.746895 0.993593
vt 0.951346 0.995518
vt 0.849298 0.992701
vt 0.710305 0.996616
vt 0.840154 0.993047
vt 0.995699 0.117480
vt 0.915231 0.995999
vt 0.818979 0.993047
vt 0.995698 0.100163
vt 0.956138 0.995669
vt 0.946052 0.996000
vt 0.834380 0.993047
vt 0.995699 0.089099
vt 0.998666 0.031891
vt 0.710722 0.996616
vt 0.839192 0.993047
vt 0.995698 0.130468
vt 0.936519 0.995999
vt 0.825235 0.993047
vt 0.995698 0.106416
vt 0.956621 0.995669
vt 0.834861 0.993047
vt 0.995699 0.089580
vt 0.711139 0.996616
vt 0.839673 0.993047
vt 0.995698 0.117961
vt 0.974914 0.995999
vt 0.835342 0.993047
vt 0.995699 0.123733
vt 0.957104 0.995669
vt 0.952292 0.995999
vt 0.819461 0.993047
vt 0.995699 0.106897
vt 0.987941 0.995669
vt 0.719484 0.996616
vt 0.823792 0.993047
vt 0.995698 0.130949
vt 0.975387 0.995999
vt 0.819942 0.993047
vt 0.995699 0.107378
vt 0.957588 0.995669
vt 0.946525 0.996000
vt 0.847373 0.993047
vt 0.995698 0.090061
vt 0.998666 0.032374
vt 0.915704 0.995999
vt 0.825716 0.993047
vt 0.995698 0.096315
vt 0.998666 0.006765
vt 0.916178 0.995999
vt 0.805985 0.993047
vt 0.995699 0.090542
vt 0.998666 0.011597
vt 0.916651 0.996000
vt 0.840636 0.993047
vt 0.995699 0.100644
vt 0.998666 0.012080
vt 0.899972 0.995999
vt 0.809354 0.993047
vt 0.995698 0.107859
vt 0.998666 0.007248
vt 0.936992 0.995999
vt 0.847855 0.993047
vt 0.995699 0.096796
vt 0.953238 0.995669
vt 0.900445 0.995999
vt 0.809835 0.993047
vt 0.995699 0.097277
vt 0.958071 0.995669
vt 0.917124 0.995999
vt 0.810316 0.993047
vt 0.995698 0.101125
vt 0.958554 0.995669
vt 0.917597 0.996000
vt 0.810798 0.993047
vt 0.995699 0.134316
vt 0.953722 0.995669
vt 0.900918 0.996000
vt 0.835823 0.993047
vt 0.995699 0.097758
vt 0.954205 0.995669
vt 0.937466 0.995999
vt 0.811279 0.993047
vt 0.995699 0.118442
vt 0.959037 0.995669
vt 0.972075 0.995999
vt 0.826198 0.993047
vt 0.995699 0.099682
vt 0.959521 0.995669
vt 0.918070 0.995999
vt 0.811760 0.993047
vt 0.995699 0.108340
vt 0.954688 0.995669
vt 0.746895 0.992701
vt 0.937465 0.995518
vt 0.819942 0.992701
vt 0.918543 0.995999
vt 0.841117 0.993047
vt 0.995698 0.118923
vt 0.998666 0.007731
vt 0.919016 0.996000
vt 0.806466 0.993047
vt 0.995698 0.119404
vt 0.998666 0.012563
vt 0.747311 0.992701
vt 0.919016 0.995518
vt 0.806466 0.992701
vt 0.972548 0.996000
vt 0.826679 0.993047
vt 0.995698 0.101606
vt 0.998666 0.013046
vt 0.827160 0.993047
vt 0.995699 0.108821
vt 0.960004 0.995669
vt 0.901391 0.995999
vt 0.836305 0.993047
vt 0.995699 0.122290
vt 0.908960 0.995669
vt 0.938412 0.995999
vt 0.827642 0.993047
vt 0.995699 0.102087
vt 0.909443 0.995669
vt 0.919962 0.995999
vt 0.828123 0.993047
vt 0.995699 0.122771
vt 0.909927 0.995669
vt 0.901864 0.995999
vt 0.841598 0.993047
vt 0.995698 0.109303
vt 0.998666 0.013530
vt 0.920435 0.995999
vt 0.746061 0.992701
vt 0.920435 0.995518
vt 0.841598 0.992701
vt 0.836786 0.993047
vt 0.995698 0.102568
vt 0.910410 0.995669
vt 0.921381 0.995999
vt 0.850261 0.993047
vt 0.995699 0.119885
vt 0.960487 0.995669
vt 0.921854 0.995999
vt 0.922328 0.995999
vt 0.812241 0.993047
vt 0.995698 0.123252
vt 0.998666 0.008214
vt 0.713643 0.993850
vt 0.988424 0.995669
vt 0.899499 0.996000
vt 0.973021 0.996000
vt 0.828604 0.993047
vt 0.995698 0.103049
vt 0.998666 0.014013
vt 0.714060 0.993850
vt 0.998666 0.032857
vt 0.922801 0.995999
vt 0.747728 0.992701
vt 0.922800 0.995518
vt 0.820423 0.992701
vt 0.829085 0.993047
vt 0.995699 0.120366
vt 0.910893 0.995669
vt 0.923747 0.995999
vt 0.851705 0.993047
vt 0.995699 0.091023
vt 0.960970 0.995669
vt 0.924220 0.996000
vt 0.738548 0.996043
vt 0.996173 0.109303
vt 0.998997 0.008214
vt 0.812723 0.993047
vt 0.995699 0.110265
vt 0.998666 0.014496
vt 0.924693 0.996000
vt 0.738966 0.996043
vt 0.996173 0.103049
vt 0.998997 0.014496
vt 0.829567 0.993047
vt 0.995698 0.110746
vt 0.961454 0.995669
vt 0.925166 0.995999
vt 0.830048 0.993047
vt 0.995699 0.111227
vt 0.961937 0.995669
vt 0.925639 0.995999
vt 0.821385 0.993047
vt 0.995699 0.120847
vt 0.962420 0.995669
vt 0.926112 0.996000
vt 0.739383 0.996043
vt 0.996173 0.091023
vt 0.998997 0.014979
vt 0.714477 0.993850
vt 0.998666 0.033341
vt 0.938885 0.995999
vt 0.739801 0.996043
vt 0.996173 0.120847
vt 0.998997 0.008697
vt 0.714895 0.993850
vt 0.998666 0.033824
vt 0.903756 0.995999
vt 0.830529 0.993047
vt 0.995699 0.131430
vt 0.962903 0.995669
vt 0.926585 0.995999
vt 0.837267 0.993047
vt 0.995699 0.111708
vt 0.963387 0.995669
vt 0.927058 0.995999
vt 0.927531 0.996000
vt 0.807429 0.993047
vt 0.995698 0.091985
vt 0.998666 0.015946
vt 0.813204 0.993047
vt 0.995698 0.112189
vt 0.998666 0.016429
vt 0.928004 0.996000
vt 0.904229 0.996000
vt 0.831011 0.993047
vt 0.995698 0.092466
vt 0.998666 0.009664
vt 0.831492 0.993047
vt 0.995699 0.092947
vt 0.963870 0.995669
vt 0.939358 0.995999
vt 0.837748 0.993047
vt 0.995698 0.093428
vt 0.964353 0.995669
vt 0.904702 0.995999
vt 0.842561 0.993047
vt 0.995698 0.131911
vt 0.964836 0.995669
vt 0.905176 0.995999
vt 0.928477 0.996000
vt 0.813685 0.993047
vt 0.995698 0.124215
vt 0.955171 0.995669
vt 0.715312 0.993850
vt 0.998666 0.034307
vt 0.905649 0.995999
vt 0.973494 0.995999
vt 0.821867 0.993047
vt 0.995699 0.104011
vt 0.965320 0.995669
vt 0.715729 0.993850
vt 0.998666 0.034790
vt 0.928950 0.995999
vt 0.814166 0.993047
vt 0.995699 0.132392
vt 0.965803 0.995669
vt 0.929423 0.995999
vt 0.843042 0.993047
vt 0.995699 0.093909
vt 0.911376 0.995669
vt 0.929897 0.995999
vt 0.902337 0.996000
vt 0.807910 0.993047
vt 0.995699 0.098239
vt 0.998666 0.016912
vt 0.831973 0.993047
vt 0.995699 0.112670
vt 0.911859 0.995669
vt 0.902810 0.995999
vt 0.906122 0.995999
vt 0.848336 0.993047
vt 0.995699 0.098720
vt 0.998666 0.010147
vt 0.843523 0.993047
vt 0.995699 0.104492
vt 0.966286 0.995669
vt 0.939831 0.995999
vt 0.814648 0.993047
vt 0.995699 0.113151
vt 0.912343 0.995669
vt 0.903283 0.996000
vt 0.844005 0.993047
vt 0.995699 0.124696
vt 0.912826 0.995669
vt 0.930369 0.995999
vt 0.930843 0.995999
vt 0.815129 0.993047
vt 0.995698 0.113632
vt 0.998666 0.010630
vt 0.988907 0.995669
vt 0.940304 0.995999
vt 0.973967 0.995999
vt 0.844486 0.993047
vt 0.995698 0.104973
vt 0.998666 0.017395
vt 0.720319 0.993850
vt 0.989391 0.995669
vt 0.940777 0.996000
vt 0.844967 0.993047
vt 0.995699 0.125177
vt 0.913309 0.995669
vt 0.931316 0.995999
vt 0.845448 0.993047
vt 0.995699 0.125658
vt 0.966769 0.995669
vt 0.931789 0.995999
vt 0.711557 0.996616
vt 0.808391 0.993047
vt 0.995699 0.132873
vt 0.952765 0.995999
vt 0.838229 0.993047
vt 0.995699 0.094390
vt 0.989874 0.995669
vt 0.822348 0.993047
vt 0.995699 0.126139
vt 0.967252 0.995669
vt 0.932262 0.995999
vt 0.815610 0.993047
vt 0.995699 0.105454
vt 0.998666 0.017878
vt 0.848817 0.993047
vt 0.995699 0.114113
vt 0.967736 0.995669
vt 0.941250 0.995999
vt 0.832455 0.993047
vt 0.995699 0.126620
vt 0.968219 0.995669
vt 0.932735 0.995999
vt 0.850742 0.993047
vt 0.995698 0.094871
vt 0.998666 0.018362
vt 0.933208 0.995999
vt 0.711974 0.996616
vt 0.824273 0.993047
vt 0.995699 0.133354
vt 0.908960 0.995999
vt 0.838711 0.993047
vt 0.995698 0.095352
vt 0.990357 0.995669
vt 0.816092 0.993047
vt 0.995699 0.127101
vt 0.968702 0.995669
vt 0.906595 0.995999
vt 0.974440 0.995999
vt 0.816573 0.993047
vt 0.995698 0.114594
vt 0.998666 0.018845
vt 0.832936 0.993047
vt 0.995699 0.115075
vt 0.969186 0.995669
vt 0.933681 0.995999
vt 0.845930 0.993047
vt 0.995699 0.127582
vt 0.998666 0.019328
vt 0.934154 0.995999
vt 0.846411 0.993047
vt 0.995699 0.115556
vt 0.998666 0.019811
vt 0.907068 0.995999
vt 0.712391 0.996616
vt 0.824754 0.993047
vt 0.995699 0.133835
vt 0.740219 0.996043
vt 0.998997 0.034790
vt 0.822829 0.993047
vt 0.995699 0.116037
vt 0.913792 0.995669
vt 0.934627 0.996000
vt 0.740637 0.996043
vt 0.996173 0.116037
vt 0.970152 0.995999
vt 0.817054 0.993047
vt 0.995699 0.128063
vt 0.970152 0.995669
vt 0.941723 0.996000
vt 0.833417 0.993047
vt 0.995698 0.128544
vt 0.998666 0.020294
vt 0.935100 0.996000
vt 0.851223 0.993047
vt 0.995699 0.129025
vt 0.935573 0.995999
vt 0.712808 0.996616
vt 0.808872 0.993047
vt 0.995699 0.129506
vt 0.936046 0.996000
vt 0.817535 0.993047
vt 0.995699 0.121809
vt 0.970635 0.995669
vt 0.907541 0.995999
vt 0.833898 0.993047
vt 0.995698 0.116999
vt 0.914275 0.995669
vt 0.846892 0.993047
vt 0.995699 0.099201
vt 0.955655 0.995669
vt 0.908014 0.996000
vt 0.818017 0.993047
vt 0.995699 0.105935
vt 0.998666 0.011114
vt 0.748145 0.992701
vt 0.941723 0.995518
vt 0.818017 0.992701
vt 0.849298 0.993047
vt 0.995699 0.129987
vt 0.971119 0.995669
vt 0.908487 0.995999
vt 0.953238 0.996000
vt 0.823310 0.993047
vt 0.995699 0.095834
vt 0.904485 0.548136
vt 0.357706 0.532676
vt 0.357706 0.515611
vt 0.995698 0.170273
vt 0.995699 0.142188
vt 0.995829 0.800502
vt 0.995699 0.813763
vt 0.995829 0.553955
vt 0.996119 0.194066
vt 0.995828 0.744527
vt 0.996119 0.324616
vt 0.758620 0.995331
vt 0.995829 0.800901
vt 0.995698 0.811315
vt 0.995829 0.565505
vt 0.996119 0.235096
vt 0.995829 0.779177
vt 0.996119 0.388026
vt 0.995828 0.798901
vt 0.995699 0.811723
vt 0.995829 0.492356
vt 0.996119 0.222041
vt 0.995829 0.632878
vt 0.996119 0.438382
vt 0.756024 0.995331
vt 0.995829 0.800102
vt 0.995699 0.814171
vt 0.995828 0.544330
vt 0.996119 0.268666
vt 0.995828 0.746452
vt 0.996119 0.389891
vt 0.995828 0.567430
vt 0.996119 0.296641
vt 0.995828 0.731052
vt 0.996119 0.425327
vt 0.995829 0.546255
vt 0.996119 0.223906
vt 0.995828 0.732977
vt 0.996119 0.440247
vt 0.995829 0.507756
vt 0.996119 0.369376
vt 0.995828 0.629028
vt 0.996119 0.442112
vt 0.995829 0.494281
vt 0.996119 0.281721
vt 0.995829 0.630953
vt 0.996119 0.466357
vt 0.995828 0.663678
vt 0.996119 0.326481
vt 0.995829 0.756077
vt 0.996119 0.328346
vt 0.995829 0.561655
vt 0.996119 0.177281
vt 0.995828 0.781102
vt 0.996119 0.391756
vt 0.995699 0.168142
vt 0.995698 0.144812
vt 0.995829 0.588605
vt 0.996119 0.236961
vt 0.995828 0.758002
vt 0.996119 0.350726
vt 0.996298 0.168994
vt 0.995699 0.143500
vt 0.995829 0.548180
vt 0.996119 0.188471
vt 0.995829 0.515456
vt 0.996119 0.298506
vt 0.995828 0.582830
vt 0.996119 0.300371
vt 0.995829 0.665603
vt 0.996119 0.358186
vt 0.995828 0.667528
vt 0.996119 0.330211
vt 0.995828 0.590530
vt 0.996119 0.360051
vt 0.996298 0.166436
vt 0.995828 0.592454
vt 0.996119 0.238826
vt 0.995828 0.686778
vt 0.996119 0.443977
vt 0.995829 0.646353
vt 0.996119 0.445842
vt 0.751157 0.993473
vt 0.997453 0.817838
vt 0.997630 0.806891
vt 0.995828 0.503906
vt 0.996119 0.225771
vt 0.756349 0.992701
vt 0.997453 0.819873
vt 0.997630 0.808487
vt 0.995699 0.167715
vt 0.995699 0.139564
vt 0.995828 0.748377
vt 0.996119 0.447707
vt 0.995828 0.530855
vt 0.996119 0.371241
vt 0.995698 0.175345
vt 0.995699 0.163917
vt 0.995828 0.555880
vt 0.996119 0.427192
vt 0.995699 0.171541
vt 0.995699 0.152594
vt 0.995828 0.557805
vt 0.996119 0.218311
vt 0.995829 0.532780
vt 0.996119 0.373106
vt 0.995828 0.706028
vt 0.996119 0.401082
vt 0.996298 0.174500
vt 0.995698 0.162659
vt 0.751157 0.992701
vt 0.997454 0.816618
vt 0.997630 0.808088
vt 0.996298 0.172387
vt 0.995698 0.156368
vt 0.756997 0.993473
vt 0.997453 0.818245
vt 0.997630 0.807290
vt 0.995828 0.707952
vt 0.996119 0.449572
vt 0.995829 0.640578
vt 0.996119 0.240691
vt 0.995829 0.738752
vt 0.996119 0.352591
vt 0.995828 0.727202
vt 0.996119 0.302236
vt 0.995828 0.594379
vt 0.996119 0.227636
vt 0.995829 0.723352
vt 0.996119 0.361916
vt 0.995829 0.644428
vt 0.996119 0.186606
vt 0.995828 0.775327
vt 0.996119 0.451437
vt 0.995829 0.740677
vt 0.996119 0.453302
vt 0.757322 0.993473
vt 0.997453 0.821907
vt 0.997630 0.804897
vt 0.995828 0.569355
vt 0.996119 0.229501
vt 0.751482 0.992701
vt 0.997454 0.818652
vt 0.997630 0.805296
vt 0.995828 0.759927
vt 0.996119 0.332076
vt 0.995828 0.596304
vt 0.996119 0.333941
vt 0.995828 0.652128
vt 0.996119 0.402947
vt 0.995828 0.598229
vt 0.996119 0.304101
vt 0.995828 0.517381
vt 0.996119 0.220176
vt 0.995828 0.669453
vt 0.996119 0.205256
vt 0.995829 0.519306
vt 0.996119 0.335806
vt 0.995828 0.688703
vt 0.996119 0.251881
vt 0.995828 0.734902
vt 0.996119 0.404812
vt 0.757322 0.992701
vt 0.997453 0.819059
vt 0.997630 0.808886
vt 0.995829 0.552030
vt 0.996119 0.195931
vt 0.757646 0.992701
vt 0.997453 0.819466
vt 0.997630 0.807689
vt 0.995829 0.709877
vt 0.996119 0.305966
vt 0.995828 0.600154
vt 0.996119 0.337671
vt 0.995829 0.802101
vt 0.995699 0.814579
vt 0.995829 0.648278
vt 0.996119 0.307831
vt 0.995828 0.729127
vt 0.996119 0.207121
vt 0.995828 0.505831
vt 0.996119 0.197796
vt 0.995829 0.725277
vt 0.996119 0.429057
vt 0.995829 0.534705
vt 0.996119 0.242556
vt 0.995829 0.642503
vt 0.996119 0.374971
vt 0.758295 0.995331
vt 0.995828 0.799302
vt 0.995699 0.815803
vt 0.995829 0.777252
vt 0.996119 0.309696
vt 0.995829 0.584755
vt 0.996119 0.455167
vt 0.995829 0.559730
vt 0.996119 0.179146
vt 0.995829 0.602079
vt 0.996119 0.376836
vt 0.995828 0.650203
vt 0.996119 0.339536
vt 0.995829 0.528930
vt 0.996119 0.231366
vt 0.995829 0.801302
vt 0.995699 0.812131
vt 0.996298 0.174077
vt 0.995698 0.161401
vt 0.995828 0.671378
vt 0.996119 0.363781
vt 0.996298 0.171541
vt 0.995699 0.153852
vt 0.995828 0.571280
vt 0.996119 0.430922
vt 0.995829 0.536630
vt 0.996119 0.283586
vt 0.995829 0.538555
vt 0.996119 0.378701
vt 0.752455 0.996103
vt 0.995829 0.801701
vt 0.995699 0.812947
vt 0.995829 0.742602
vt 0.996119 0.341401
vt 0.995828 0.550105
vt 0.996119 0.199661
vt 0.995828 0.586680
vt 0.996119 0.285451
vt 0.995828 0.736827
vt 0.996119 0.406677
vt 0.996298 0.166010
vt 0.995699 0.135628
vt 0.995829 0.604004
vt 0.996119 0.287316
vt 0.995829 0.750302
vt 0.996119 0.311561
vt 0.972602 0.065727
vt 0.357258 0.480258
vt 0.143615 0.532963
vt 0.357706 0.498543
vt 0.995698 0.168568
vt 0.995699 0.146124
vt 0.748562 0.995331
vt 0.995828 0.796902
vt 0.995699 0.810907
vt 0.995828 0.482731
vt 0.996119 0.380566
vt 0.995829 0.638653
vt 0.996119 0.432787
vt 0.748886 0.995331
vt 0.995828 0.797302
vt 0.995698 0.810092
vt 0.995829 0.509681
vt 0.996119 0.201526
vt 0.995828 0.673303
vt 0.996119 0.408542
vt 0.752455 0.995331
vt 0.995829 0.797702
vt 0.995699 0.814987
vt 0.995829 0.521230
vt 0.996119 0.382431
vt 0.995829 0.711802
vt 0.996119 0.434652
vt 0.752780 0.995331
vt 0.995828 0.802901
vt 0.995699 0.810500
vt 0.995828 0.523155
vt 0.996119 0.208986
vt 0.995829 0.713727
vt 0.996119 0.253746
vt 0.995828 0.621329
vt 0.996119 0.181011
vt 0.995828 0.690628
vt 0.996119 0.410407
vt 0.995828 0.496206
vt 0.996119 0.182876
vt 0.995828 0.692553
vt 0.996119 0.354456
vt 0.995828 0.623254
vt 0.996119 0.289181
vt 0.995828 0.694478
vt 0.996119 0.477547
vt 0.995828 0.498131
vt 0.996119 0.270531
vt 0.995829 0.715652
vt 0.996119 0.462627
vt 0.995829 0.605929
vt 0.996119 0.343266
vt 0.995828 0.696403
vt 0.996119 0.470087
vt 0.995829 0.511606
vt 0.996119 0.233231
vt 0.995828 0.761852
vt 0.996119 0.313426
vt 0.995699 0.169847
vt 0.995698 0.147436
vt 0.995828 0.500056
vt 0.996119 0.291046
vt 0.995828 0.540480
vt 0.996119 0.464492
vt 0.996298 0.168568
vt 0.995699 0.148748
vt 0.995828 0.484656
vt 0.996119 0.272396
vt 0.995828 0.752227
vt 0.996119 0.345131
vt 0.995828 0.654053
vt 0.996119 0.346996
vt 0.995828 0.655978
vt 0.996119 0.203391
vt 0.995828 0.573205
vt 0.996119 0.365646
vt 0.995828 0.783027
vt 0.996119 0.393621
vt 0.996298 0.165157
vt 0.995699 0.136940
vt 0.995829 0.575130
vt 0.996119 0.214581
vt 0.995829 0.794577
vt 0.996119 0.412272
vt 0.995828 0.763777
vt 0.996119 0.315291
vt 0.754402 0.993473
vt 0.997453 0.822314
vt 0.997630 0.805695
vt 0.995828 0.563580
vt 0.996119 0.190336
vt 0.997453 0.820686
vt 0.997630 0.803301
vt 0.996298 0.166862
vt 0.995699 0.140876
vt 0.995829 0.765702
vt 0.996119 0.356321
vt 0.995828 0.607854
vt 0.996119 0.384296
vt 0.995699 0.173232
vt 0.995699 0.157626
vt 0.995828 0.698328
vt 0.996119 0.292911
vt 0.996298 0.170273
vt 0.995699 0.151336
vt 0.995829 0.675228
vt 0.996119 0.436517
vt 0.995828 0.609779
vt 0.996119 0.244421
vt 0.995829 0.700253
vt 0.996119 0.457032
vt 0.996298 0.173232
vt 0.995699 0.158884
vt 0.754402 0.992701
vt 0.997454 0.821093
vt 0.997630 0.806094
vt 0.996298 0.171964
vt 0.995699 0.155110
vt 0.750184 0.993473
vt 0.997453 0.817431
vt 0.997630 0.806493
vt 0.995828 0.702178
vt 0.996119 0.414137
vt 0.995828 0.754152
vt 0.996119 0.210851
vt 0.995828 0.542405
vt 0.996119 0.479412
vt 0.995828 0.611704
vt 0.996119 0.395487
vt 0.995828 0.501981
vt 0.996119 0.386161
vt 0.995828 0.784952
vt 0.996119 0.212716
vt 0.995829 0.625179
vt 0.996119 0.246286
vt 0.995829 0.796502
vt 0.996119 0.264936
vt 0.995828 0.767627
vt 0.996119 0.255611
vt 0.754726 0.992701
vt 0.997453 0.820280
vt 0.997630 0.809285
vt 0.995828 0.525080
vt 0.996119 0.184741
vt 0.755375 0.993473
vt 0.997454 0.822721
vt 0.997630 0.804099
vt 0.995828 0.719502
vt 0.996119 0.397352
vt 0.995828 0.627104
vt 0.996119 0.458897
vt 0.995829 0.769552
vt 0.996119 0.473817
vt 0.995829 0.657903
vt 0.996119 0.317156
vt 0.995829 0.677153
vt 0.996119 0.319021
vt 0.995828 0.613629
vt 0.996119 0.367511
vt 0.995829 0.615554
vt 0.996119 0.320886
vt 0.995829 0.721427
vt 0.996119 0.468222
vt 0.995828 0.634803
vt 0.996119 0.475682
vt 0.997453 0.821500
vt 0.997630 0.803700
vt 0.995828 0.486581
vt 0.996119 0.274261
vt 0.755375 0.992701
vt 0.997453 0.817024
vt 0.997630 0.804498
vt 0.995828 0.771477
vt 0.996119 0.399217
vt 0.995828 0.488506
vt 0.996119 0.419732
vt 0.995829 0.798102
vt 0.995699 0.813355
vt 0.995828 0.786877
vt 0.996119 0.416002
vt 0.995828 0.577055
vt 0.996119 0.348861
vt 0.995829 0.578980
vt 0.996119 0.248151
vt 0.995828 0.788802
vt 0.996119 0.257476
vt 0.995829 0.659828
vt 0.996119 0.276126
vt 0.995828 0.773402
vt 0.996119 0.250016
vt 0.753104 0.995331
vt 0.995828 0.802501
vt 0.995699 0.812539
vt 0.995828 0.717577
vt 0.996119 0.460762
vt 0.995829 0.679078
vt 0.996119 0.259341
vt 0.995829 0.490431
vt 0.996119 0.277991
vt 0.995828 0.681003
vt 0.996119 0.421597
vt 0.995828 0.527005
vt 0.996119 0.279856
vt 0.995828 0.617479
vt 0.996119 0.423462
vt 0.753428 0.995331
vt 0.995829 0.798502
vt 0.995698 0.815395
vt 0.996298 0.173654
vt 0.995699 0.160143
vt 0.995829 0.661753
vt 0.996119 0.266801
vt 0.996298 0.170696
vt 0.995699 0.150078
vt 0.995829 0.790727
vt 0.996119 0.322751
vt 0.995828 0.580905
vt 0.996119 0.192201
vt 0.995828 0.792652
vt 0.996119 0.294776
vt 0.995829 0.799702
vt 0.995828 0.704103
vt 0.996119 0.417866
vt 0.995829 0.513531
vt 0.996119 0.175416
vt 0.995828 0.619404
vt 0.996119 0.216446
vt 0.995828 0.636728
vt 0.996119 0.471952
vt 0.996298 0.165583
vt 0.995699 0.138252
vt 0.995829 0.682928
vt 0.996119 0.261206
vt 0.995829 0.684853
vt 0.996119 0.263071
vt 0.844374 0.431309
vt 0.940049 0.606748
vt 0.940228 0.423728
vt 0.890063 0.485627
vt 0.271808 0.550677
vt 0.344191 0.718733
vt 0.327677 0.811673
vt 0.360668 0.631828
vt 0.278298 0.550677
vt 0.273051 0.550677
vt 0.337514 0.698786
vt 0.194118 0.712719
vt 0.490098 0.764715
vt 0.702803 0.659095
vt 0.144183 0.350611
vt 0.001862 0.803770
vt 0.330605 0.556395
vt 0.905452 -0.000000
vt 0.905453 0.061898
vt 0.201311 0.950439
vt 0.894651 0.894977
vt 0.894651 0.833080
vt 0.904992 0.720994
vt 0.905452 0.061898
vt 0.905453 0.123797
vt 0.887418 0.573167
vt 0.184134 0.907970
vt 0.948432 0.701564
vt 0.158508 0.911435
vt 0.158508 0.849538
vt 0.892021 0.833080
vt 0.417576 0.750759
vt 0.687006 0.897677
vt 0.902032 0.897443
vt 0.641537 0.206643
vt 0.588189 0.280702
vt 0.776818 0.912269
vt 0.536910 0.486175
s 1
usemtl House_01
f 9/1/1 148/2/1 11/3/1
f 145/4/1 11/3/1 148/2/1
f 19/5/2 15/6/2 18/7/2
f 150/8/3 15/9/3 16/10/3
f 151/11/3 15/9/3 152/12/3
f 23/13/3 28/14/3 21/15/3
f 153/16/2 37/17/2 154/18/2
f 11/19/4 40/20/4 42/21/4
f 27/22/4 50/23/4 54/24/4
f 38/25/5 64/26/6 29/27/7
f 14/28/8 21/29/8 13/30/8
f 11/31/2 18/7/2 9/32/2
f 203/33/8 25/34/8 202/35/8
f 25/34/8 204/36/8 202/35/8
f 159/37/9 34/38/10 248/39/9
f 2/40/1 26/41/1 7/42/1
f 16/43/4 47/44/4 14/45/4
f 162/46/2 36/47/2 156/48/2
f 39/49/11 32/50/12 64/51/13
f 37/17/2 38/52/2 29/53/2
f 14/45/4 50/23/4 23/54/4
f 169/55/1 38/56/1 170/57/1
f 164/58/1 39/59/1 167/60/1
f 60/61/3 34/62/3 61/63/3
f 173/64/8 54/65/8 63/66/8
f 51/67/8 172/68/8 171/69/8
f 175/70/2 58/71/2 176/72/2
f 177/73/2 43/74/2 175/70/2
f 51/75/1 49/76/1 40/77/1
f 60/61/3 181/78/3 46/79/3
f 61/63/3 47/80/3 183/81/3
f 185/82/3 180/83/3 184/84/3
f 62/85/14 188/86/8 189/87/8
f 190/88/8 62/85/14 189/87/8
f 50/89/3 63/90/3 54/91/3
f 249/92/1 196/93/1 198/94/1
f 56/95/1 197/96/1 196/93/1
f 191/97/1 198/94/1 193/98/1
f 42/99/2 58/71/2 43/74/2
f 200/100/8 32/50/12 62/85/14
f 62/101/15 52/102/15 63/103/15
f 26/104/4 40/20/4 7/105/4
f 16/43/4 43/106/4 46/107/4
f 56/108/2 37/17/2 58/71/2
f 11/19/4 43/106/4 19/109/4
f 49/110/16 32/50/12 39/49/11
f 27/22/4 51/111/4 26/104/4
f 248/112/17 29/113/18 64/114/19
f 97/115/1 88/116/1 98/117/1
f 88/118/20 99/119/20 98/120/20
f 100/121/21 86/122/21 97/123/21
f 93/124/4 85/125/4 87/126/4
f 88/127/15 91/128/15 95/129/15
f 97/115/1 87/130/1 85/131/1
f 110/132/1 118/133/1 117/134/1
f 112/135/20 119/136/20 118/137/20
f 114/138/21 117/139/21 120/140/21
f 115/141/4 109/142/4 111/143/4
f 112/144/15 114/145/15 116/146/15
f 117/134/1 111/147/1 109/148/1
f 137/149/22 134/150/23 133/151/24
f 138/152/25 135/153/26 134/154/26
f 139/155/27 136/156/28 135/157/29
f 140/158/30 133/159/31 136/160/31
f 127/161/4 121/122/4 123/162/4
f 128/163/1 144/164/1 126/165/1
f 132/166/32 121/167/8 125/168/8
f 127/169/3 132/170/33 125/171/3
f 130/172/34 127/173/2 123/56/2
f 129/174/35 123/175/1 121/176/1
f 136/160/31 129/177/32 132/166/32
f 135/157/29 132/170/33 131/178/36
f 130/172/34 135/153/26 131/179/34
f 129/180/35 134/150/23 130/181/37
f 124/182/15 137/149/15 122/183/15
f 124/182/15 139/184/15 138/185/15
f 126/186/15 139/184/15 128/187/15
f 122/183/15 140/188/15 126/186/15
f 142/189/15 144/190/15 143/191/15
f 122/192/3 142/193/3 124/194/3
f 126/195/2 141/196/2 122/197/2
f 124/198/8 143/199/8 128/200/8
f 10/201/1 190/202/1 12/203/1
f 8/204/4 190/205/4 189/206/4
f 10/207/15 188/208/15 187/209/15
f 8/210/3 188/211/3 6/212/3
f 10/213/8 8/214/8 6/215/8
f 24/216/8 152/217/8 150/218/8
f 20/219/4 150/220/4 149/221/4
f 22/222/15 151/223/15 152/224/15
f 17/225/2 149/226/2 151/227/2
f 22/228/3 20/229/3 17/230/3
f 33/231/1 173/232/1 35/233/1
f 31/234/4 173/235/4 174/236/4
f 33/237/15 171/238/15 172/239/15
f 30/240/3 174/241/3 171/242/3
f 33/243/8 31/244/8 30/245/8
f 159/246/1 45/203/1 199/202/1
f 44/247/4 159/248/4 158/249/4
f 45/250/15 200/251/15 199/252/15
f 200/253/3 44/254/3 158/255/3
f 41/256/8 48/257/8 44/258/8
f 59/259/8 179/260/8 185/261/8
f 55/262/4 185/263/4 183/264/4
f 57/265/15 182/266/15 179/267/15
f 53/268/2 183/269/2 182/270/2
f 57/271/3 55/272/3 53/273/3
f 68/261/8 181/274/8 186/275/8
f 66/276/4 186/277/4 184/278/4
f 67/279/15 180/280/15 181/281/15
f 65/282/2 184/283/2 180/284/2
f 67/285/3 66/286/3 65/287/3
f 71/288/8 191/289/8 72/290/8
f 70/291/4 195/292/4 71/293/4
f 72/294/15 192/295/15 69/296/15
f 69/297/2 194/226/2 70/298/2
f 70/299/1 72/300/1 69/301/1
f 75/290/8 197/302/8 76/303/8
f 74/304/4 196/305/4 75/306/4
f 76/307/15 193/308/15 73/309/15
f 73/310/2 198/311/2 74/312/2
f 74/66/1 76/313/1 73/314/1
f 79/283/8 163/315/8 80/284/8
f 78/316/4 168/317/4 79/318/4
f 80/319/15 164/320/15 77/321/15
f 77/322/2 167/289/2 78/310/2
f 78/323/1 80/324/1 77/325/1
f 84/226/8 170/326/8 165/298/8
f 82/327/4 170/328/4 83/329/4
f 84/330/15 166/331/15 81/332/15
f 81/333/2 169/334/2 82/232/2
f 82/335/1 84/336/1 81/337/1
f 156/338/1 96/300/1 162/339/1
f 92/340/4 162/341/4 94/342/4
f 90/343/15 155/344/15 153/345/15
f 154/346/3 92/347/3 153/348/3
f 92/349/2 96/350/2 90/351/2
f 103/352/1 177/353/1 104/354/1
f 102/355/4 178/356/4 103/357/4
f 101/358/15 177/359/15 175/360/15
f 102/361/3 175/362/3 176/363/3
f 102/213/2 104/364/2 101/365/2
f 107/366/8 147/367/8 108/368/8
f 106/369/4 148/370/4 107/371/4
f 108/372/15 146/373/15 105/374/15
f 105/375/2 145/376/2 106/334/2
f 106/377/1 108/378/1 105/379/1
f 4/380/1 201/381/1 5/376/1
f 5/382/4 203/383/4 3/384/4
f 4/385/15 202/386/15 204/387/15
f 3/388/3 202/389/3 1/390/3
f 4/391/8 3/392/8 1/393/8
f 214/394/3 218/395/3 217/396/3
f 218/397/8 209/398/8 211/399/8
f 242/400/3 211/401/3 213/402/3
f 211/401/3 239/403/3 218/395/3
f 216/404/2 213/405/2 210/406/2
f 224/407/3 228/408/3 227/409/3
f 228/410/8 219/366/8 221/411/8
f 246/412/3 221/413/3 223/414/3
f 228/408/3 245/415/3 243/416/3
f 226/417/2 223/418/2 220/419/2
f 240/420/8 235/421/8 234/422/8
f 205/423/4 240/424/4 239/425/4
f 229/426/15 242/427/15 234/428/15
f 229/429/2 205/430/2 239/431/2
f 231/432/3 206/433/3 230/434/3
f 244/435/8 233/436/8 236/437/8
f 207/438/4 244/439/4 243/440/4
f 246/441/15 232/442/15 237/443/15
f 237/444/2 207/445/2 243/446/2
f 233/447/3 207/448/3 238/449/3
f 149/450/3 16/10/3 14/451/3
f 149/450/3 13/452/3 151/11/3
f 28/453/8 201/454/8 204/36/8
f 201/454/8 26/455/8 203/33/8
f 146/456/1 9/1/1 2/40/1
f 145/4/1 2/40/1 7/42/1
f 178/457/2 58/71/2 60/458/2
f 177/73/2 60/458/2 46/459/2
f 155/460/2 36/47/2 60/458/2
f 155/460/2 58/71/2 153/16/2
f 187/461/8 50/462/8 47/463/8
f 187/461/8 61/464/8 190/88/8
f 199/465/8 62/85/14 61/464/8
f 199/465/8 34/38/10 160/466/38
f 36/467/39 248/112/17 34/62/40
f 161/468/2 37/17/2 29/53/2
f 158/469/9 248/39/9 64/51/13
f 158/469/9 32/50/12 157/470/38
f 161/468/2 247/471/2 162/46/2
f 173/64/8 52/472/8 174/473/8
f 174/473/8 51/67/8 171/69/8
f 165/474/1 38/56/1 56/95/1
f 165/474/1 249/92/1 166/475/1
f 166/475/1 168/476/1 169/55/1
f 192/477/1 49/76/1 194/478/1
f 191/97/1 40/77/1 192/477/1
f 250/479/1 198/94/1 195/480/1
f 166/475/1 250/479/1 163/481/1
f 194/478/1 250/479/1 195/480/1
f 164/58/1 250/479/1 49/76/1
f 193/98/1 197/96/1 42/482/1
f 191/97/1 42/482/1 40/77/1
f 168/476/1 167/60/1 39/59/1
f 168/476/1 38/56/1 169/55/1
f 240/483/3 213/402/3 217/396/3
f 240/483/3 218/395/3 239/403/3
f 246/412/3 227/409/3 244/484/3
f 244/484/3 228/408/3 243/416/3
f 252/485/1 253/486/1 251/487/1
f 254/488/2 257/489/2 253/490/2
f 258/491/3 255/492/3 257/493/3
f 256/494/8 251/495/8 255/496/8
f 257/497/4 251/498/4 253/499/4
f 254/500/15 256/501/15 258/502/15
f 260/503/41 261/504/41 259/111/41
f 262/505/1 265/506/1 261/507/1
f 266/508/42 263/509/42 265/510/42
f 264/511/3 259/512/3 263/513/3
f 265/514/4 259/515/4 261/516/4
f 266/517/15 260/518/15 264/519/15
f 268/520/43 269/521/43 267/522/43
f 270/507/1 273/523/1 269/524/1
f 274/525/44 271/526/44 273/527/44
f 272/528/3 267/529/3 271/530/3
f 273/531/4 267/532/4 269/533/4
f 274/534/15 268/535/15 272/536/15
f 276/537/45 277/538/45 275/539/45
f 278/540/8 281/541/8 277/542/8
f 282/543/46 279/544/46 281/545/46
f 280/546/2 275/488/2 279/547/2
f 281/548/4 275/549/4 277/550/4
f 282/551/15 276/552/15 280/553/15
f 284/554/47 285/555/47 283/556/47
f 286/557/1 289/558/1 285/559/1
f 290/560/48 287/561/48 289/554/48
f 288/562/3 283/563/3 287/564/3
f 289/565/4 283/566/4 285/567/4
f 290/568/15 284/569/15 288/570/15
f 292/571/1 293/572/1 291/573/1
f 294/574/2 297/575/2 293/576/2
f 298/577/3 295/578/3 297/579/3
f 296/580/8 291/581/8 295/582/8
f 297/583/4 291/584/4 293/585/4
f 294/586/15 296/587/15 298/588/15
f 299/589/49 302/590/49 301/591/49
f 302/592/15 305/593/15 301/594/15
f 306/595/50 303/596/50 305/597/50
f 304/598/4 299/599/4 303/600/4
f 305/601/1 299/602/1 301/603/1
f 306/591/3 300/604/3 304/605/3
f 308/606/49 309/607/49 307/608/49
f 310/609/15 313/610/15 309/611/15
f 314/590/50 311/612/50 313/613/50
f 312/614/4 307/615/4 311/616/4
f 313/617/1 307/618/1 309/619/1
f 314/620/3 308/621/3 312/622/3
f 315/623/51 318/595/51 317/624/51
f 318/625/15 321/626/15 317/627/15
f 322/628/52 319/629/52 321/630/52
f 320/631/4 315/632/4 319/633/4
f 321/634/1 315/635/1 317/636/1
f 322/637/3 316/638/3 320/639/3
f 324/640/51 325/641/51 323/642/51
f 326/643/15 329/644/15 325/645/15
f 330/646/52 327/647/52 329/629/52
f 328/648/4 323/649/4 327/650/4
f 329/651/1 323/652/1 325/653/1
f 330/641/3 324/654/3 328/655/3
f 331/656/53 334/657/54 333/658/54
f 334/659/55 337/660/55 333/661/55
f 338/662/56 335/663/57 337/664/56
f 336/665/4 331/666/4 335/667/4
f 337/668/1 331/669/1 333/670/1
f 338/671/3 332/672/3 336/673/3
f 339/674/53 342/675/54 341/676/54
f 342/677/55 345/678/55 341/679/55
f 346/680/56 343/681/57 345/682/56
f 344/683/4 339/684/4 343/685/4
f 345/686/1 339/687/1 341/688/1
f 346/689/3 340/690/3 344/691/3
f 347/692/53 350/693/54 349/694/54
f 349/695/55 354/696/55 353/697/55
f 354/698/56 351/699/57 353/700/56
f 352/701/4 347/702/4 351/703/4
f 353/704/1 347/705/1 349/706/1
f 354/696/3 348/707/3 352/708/3
f 355/709/53 358/710/54 357/711/54
f 358/712/55 361/713/55 357/714/55
f 362/715/56 359/716/57 361/717/56
f 360/718/4 355/719/4 359/720/4
f 361/721/1 355/722/1 357/723/1
f 362/724/3 356/725/3 360/726/3
f 363/727/53 366/728/54 365/729/54
f 366/730/55 369/731/55 365/732/55
f 370/693/56 367/733/57 369/734/56
f 368/735/4 363/736/4 367/737/4
f 369/738/1 363/739/1 365/740/1
f 370/741/3 364/742/3 368/743/3
f 372/744/58 373/745/59 371/746/58
f 374/747/60 377/748/60 373/749/60
f 377/750/61 376/744/62 375/751/62
f 376/752/4 371/753/4 375/754/4
f 377/755/1 371/756/1 373/757/1
f 378/758/3 372/759/3 376/760/3
f 380/761/58 381/762/59 379/763/58
f 382/764/60 385/765/60 381/766/60
f 385/767/61 384/751/62 383/768/62
f 384/769/4 379/770/4 383/771/4
f 385/772/1 379/773/1 381/774/1
f 386/775/3 380/776/3 384/777/3
f 388/778/1 389/779/1 387/780/1
f 390/490/2 393/781/2 389/782/2
f 394/783/3 391/784/3 393/785/3
f 392/782/8 387/540/8 391/542/8
f 393/786/4 387/787/4 389/788/4
f 390/789/15 392/790/15 394/791/15
f 396/792/1 397/793/1 395/794/1
f 398/581/2 401/795/2 397/582/2
f 402/796/3 399/797/3 401/798/3
f 400/799/8 395/800/8 399/795/8
f 401/801/4 395/802/4 397/803/4
f 398/804/15 400/805/15 402/806/15
f 404/807/1 405/808/1 403/809/1
f 406/810/2 409/811/2 405/800/2
f 410/812/3 407/813/3 409/814/3
f 408/815/8 403/816/8 407/811/8
f 409/817/4 403/818/4 405/819/4
f 406/820/15 408/821/15 410/822/15
f 412/823/1 413/824/1 411/825/1
f 414/826/2 417/827/2 413/828/2
f 418/829/3 415/830/3 417/831/3
f 416/541/8 411/832/8 415/826/8
f 417/833/4 411/834/4 413/835/4
f 414/836/15 416/682/15 418/837/15
f 420/838/8 421/839/8 419/840/8
f 422/841/1 425/842/1 421/843/1
f 426/844/2 423/845/2 425/846/2
f 424/847/3 419/848/3 423/849/3
f 425/850/4 419/851/4 421/852/4
f 422/853/15 424/854/15 426/855/15
f 428/856/8 429/857/8 427/858/8
f 430/859/1 433/860/1 429/861/1
f 434/862/2 431/863/2 433/856/2
f 432/864/3 427/865/3 431/866/3
f 433/867/4 427/868/4 429/869/4
f 430/870/15 432/871/15 434/872/15
f 436/858/8 437/873/8 435/676/8
f 438/874/1 441/875/1 437/859/1
f 442/711/2 439/876/2 441/877/2
f 440/878/3 435/879/3 439/880/3
f 441/881/4 435/882/4 437/883/4
f 438/884/15 440/885/15 442/886/15
f 444/887/8 445/888/8 443/889/8
f 446/559/1 449/890/1 445/891/1
f 450/892/2 447/893/2 449/894/2
f 448/895/3 443/896/3 447/897/3
f 449/898/4 443/899/4 445/900/4
f 446/901/15 448/902/15 450/903/15
f 452/840/8 453/904/8 451/887/8
f 454/843/1 457/905/1 453/906/1
f 458/846/2 455/907/2 457/908/2
f 456/909/3 451/910/3 455/911/3
f 457/912/4 451/913/4 453/914/4
f 454/915/15 456/916/15 458/917/15
f 460/676/8 461/918/8 459/711/8
f 462/861/1 465/919/1 461/920/1
f 466/877/2 463/921/2 465/922/2
f 464/923/3 459/924/3 463/925/3
f 465/926/4 459/927/4 461/928/4
f 462/929/15 464/930/15 466/931/15
f 468/932/8 469/763/8 467/933/8
f 470/920/1 473/934/1 469/935/1
f 474/936/2 471/937/2 473/844/2
f 472/938/3 467/939/3 471/940/3
f 473/941/4 467/942/4 469/943/4
f 470/944/15 472/945/15 474/946/15
f 476/947/8 477/948/8 475/892/8
f 478/891/1 481/949/1 477/874/1
f 482/950/2 479/951/2 481/952/2
f 480/953/3 475/954/3 479/955/3
f 481/956/4 475/957/4 477/958/4
f 478/959/15 480/960/15 482/961/15
f 484/962/1 485/963/1 483/964/1
f 486/816/2 489/965/2 485/966/2
f 490/967/3 487/968/3 489/969/3
f 488/966/8 483/970/8 487/971/8
f 489/972/4 483/973/4 485/974/4
f 486/975/15 488/976/15 490/977/15
f 492/978/1 493/979/1 491/980/1
f 494/981/2 497/982/2 493/575/2
f 498/983/3 495/984/3 497/985/3
f 496/986/8 491/987/8 495/982/8
f 497/988/4 491/989/4 493/990/4
f 494/991/15 496/992/15 498/993/15
f 500/994/1 501/995/1 499/996/1
f 502/997/2 505/998/2 501/987/2
f 506/999/3 503/1000/3 505/1001/3
f 504/1002/8 499/1003/8 503/998/8
f 505/1004/4 499/1005/4 501/1006/4
f 502/1007/15 504/1008/15 506/1009/15
f 508/1010/1 509/1011/1 507/1012/1
f 510/1013/2 513/1014/2 509/1015/2
f 514/1016/3 511/1017/3 513/1018/3
f 512/828/8 507/1019/8 511/1020/8
f 513/1021/4 507/757/4 509/1022/4
f 510/1023/15 512/1024/15 514/1025/15
f 516/857/58 517/1026/63 515/873/58
f 518/1027/64 521/1028/64 517/1029/64
f 521/1030/65 520/921/62 519/876/62
f 520/1031/4 515/1032/4 519/1033/4
f 521/1034/1 515/1035/1 517/1036/1
f 522/1037/3 516/1038/3 520/1039/3
f 524/1040/58 525/1041/63 523/863/58
f 526/1042/64 529/1043/64 525/1044/64
f 529/1026/65 528/918/62 527/873/62
f 528/1045/4 523/1046/4 527/1047/4
f 529/1048/1 523/1049/1 525/1050/1
f 530/1051/3 524/1052/3 528/1053/3
f 532/863/58 533/1054/66 531/857/58
f 534/1055/67 537/1056/67 533/1057/67
f 537/1058/68 536/876/62 535/918/62
f 536/1059/4 531/1060/4 535/1061/4
f 537/1062/1 531/1063/1 533/1064/1
f 538/1065/3 532/1066/3 536/1067/3
f 539/1068/69 542/1069/70 541/1070/70
f 542/1071/71 545/1072/71 541/1073/71
f 546/1074/72 543/257/73 545/1075/72
f 544/1076/4 539/1077/4 543/1078/4
f 545/1079/1 539/1080/1 541/1081/1
f 546/1082/3 540/1083/3 544/1084/3
f 548/1085/8 549/1086/8 547/1087/8
f 550/935/1 553/1088/1 549/1089/1
f 553/804/2 552/1090/2 551/1091/2
f 552/1092/74 547/1093/74 551/1094/74
f 553/1095/4 547/1096/4 549/1097/4
f 550/1098/15 552/1099/15 554/1100/15
f 556/1101/8 557/1102/8 555/1103/8
f 558/1104/1 561/1105/1 557/1106/1
f 561/1107/2 560/1108/2 559/1109/2
f 560/1110/75 555/1111/75 559/1112/75
f 561/1113/4 555/1114/4 557/1115/4
f 558/1116/15 560/1117/15 562/1118/15
f 564/1119/8 565/1120/8 563/1121/8
f 566/1089/1 569/1122/1 565/1123/1
f 569/1124/2 568/1125/2 567/856/2
f 568/1126/76 563/1127/76 567/1128/76
f 569/1129/4 563/1130/4 565/1131/4
f 566/1132/15 568/1133/15 570/1134/15
f 572/1135/69 573/1136/77 571/1137/69
f 574/1138/78 577/1139/78 573/1140/79
f 577/1141/80 576/1142/73 575/1143/73
f 576/1144/4 571/1145/4 575/1146/4
f 577/1147/1 571/1148/1 573/1149/1
f 578/1150/3 572/1151/3 576/1152/3
f 579/1153/81 582/1154/82 581/1155/82
f 582/1156/83 585/1157/83 581/1158/83
f 586/1154/84 583/200/85 585/1159/84
f 584/1160/4 579/1161/4 583/1162/4
f 585/1163/1 579/1164/1 581/584/1
f 586/1165/3 580/1166/3 584/1167/3
f 587/1168/69 590/1169/70 589/1170/70
f 590/1171/71 593/509/71 589/1172/71
f 594/1069/72 591/1173/73 593/1174/72
f 592/1175/4 587/1176/4 591/1177/4
f 593/1166/1 587/1178/1 589/1179/1
f 594/1180/3 588/1120/3 592/1181/3
f 596/1137/69 597/1182/77 595/1183/69
f 598/1184/79 601/1185/79 597/1186/79
f 601/1187/80 600/1135/73 599/387/73
f 600/1188/4 595/1189/4 599/1190/4
f 601/1191/1 595/1192/1 597/1193/1
f 602/1194/3 596/1195/3 600/1196/3
f 604/1197/8 605/1087/8 603/1086/8
f 606/1123/1 609/1198/1 605/1199/1
f 609/975/2 608/1200/2 607/1201/2
f 608/1202/74 603/1203/74 607/1204/74
f 609/1205/4 603/1206/4 605/1207/4
f 606/1208/15 608/1209/15 610/1210/15
f 612/1211/8 613/1212/8 611/818/8
f 614/1213/1 617/1214/1 613/1215/1
f 617/1216/2 616/1217/2 615/1218/2
f 616/1219/75 611/1220/75 615/1221/75
f 617/1222/4 611/1223/4 613/1224/4
f 614/1225/15 616/1226/15 618/1227/15
f 620/1228/8 621/1229/8 619/1230/8
f 622/1199/1 625/1231/1 621/841/1
f 625/1232/2 624/1233/2 623/858/2
f 624/1234/76 619/1235/76 623/1236/76
f 625/1237/4 619/1238/4 621/1239/4
f 622/1240/15 624/1241/15 626/1242/15
f 630/1243/15 633/1244/15 629/1245/15
f 632/1246/4 627/1247/4 631/1248/4
f 628/1249/3 634/1250/3 630/1251/3
f 633/1252/1 627/1253/1 629/1254/1
f 632/1255/86 633/1256/86 634/883/86
f 630/1257/87 627/1258/87 628/1259/87
f 638/1260/15 641/1261/15 637/1262/15
f 640/1263/4 635/1264/4 639/1265/4
f 636/1266/3 642/1267/3 638/1268/3
f 641/1269/1 635/1270/1 637/1271/1
f 640/1272/86 641/1273/86 642/1274/86
f 638/1275/87 635/1276/87 636/1277/87
f 646/1278/15 649/1279/15 645/1280/15
f 647/1281/4 644/1282/4 643/1283/4
f 644/1284/2 650/1285/2 646/1286/2
f 649/1285/8 643/1287/8 645/1288/8
f 648/1289/88 649/1290/88 650/1291/88
f 646/1292/89 643/1283/89 644/1282/89
f 654/1293/15 657/1294/15 653/1295/15
f 655/1296/4 652/1297/4 651/1298/4
f 652/1299/2 658/1300/2 654/1301/2
f 657/1302/8 651/1303/8 653/1304/8
f 656/1305/88 657/1306/88 658/1290/88
f 654/1307/89 651/1298/89 652/1297/89
f 662/1308/15 665/1309/15 661/1310/15
f 663/1311/4 660/1312/4 659/1313/4
f 660/1314/2 666/1315/2 662/1316/2
f 665/1317/8 659/1318/8 661/30/8
f 664/1319/88 665/1320/88 666/1306/88
f 662/1321/89 659/1313/89 660/1312/89
f 670/1322/15 673/1323/15 669/1324/15
f 672/1325/4 667/1326/4 671/1327/4
f 668/1328/3 674/1329/3 670/1330/3
f 673/1331/1 667/1332/1 669/1333/1
f 672/1334/86 673/1335/86 674/1336/86
f 670/1337/87 667/1338/87 668/1275/87
f 675/560/90 678/1339/91 677/1340/91
f 678/1341/71 681/1342/71 677/1343/71
f 682/1344/92 679/1345/93 681/951/92
f 680/1346/4 675/1347/4 679/1348/4
f 681/1349/1 675/1350/1 677/1351/1
f 682/1352/3 676/1353/3 680/1354/3
f 686/1355/15 689/1356/15 685/1357/15
f 688/1358/4 683/1359/4 687/1360/4
f 684/1253/3 690/1361/3 686/1362/3
f 689/1363/1 683/1364/1 685/1365/1
f 688/1366/86 689/1367/86 690/1368/86
f 686/1369/87 683/1370/87 684/1371/87
f 692/1372/3 693/1373/3 691/1374/3
f 694/1375/8 697/580/8 693/1003/8
f 698/1376/1 695/1377/1 697/1378/1
f 696/970/2 691/1379/2 695/971/2
f 697/518/4 691/1380/4 693/1381/4
f 694/1382/15 696/1383/15 698/1384/15
f 700/1385/3 701/1386/3 699/1387/3
f 702/1379/8 705/1388/8 701/1389/8
f 706/1390/1 703/1391/1 705/1392/1
f 704/1020/2 699/1393/2 703/1013/2
f 705/28/4 699/1394/4 701/1395/4
f 702/1396/15 704/1397/15 706/1398/15
f 708/1399/3 709/1400/3 707/1401/3
f 710/1389/8 713/1402/8 709/1403/8
f 714/1404/1 711/1405/1 713/1406/1
f 712/1403/2 707/1407/2 711/494/2
f 713/1408/4 707/1409/4 709/1410/4
f 710/1411/15 712/1412/15 714/1413/15
f 715/607/51 718/628/51 717/1414/51
f 718/1415/15 721/1416/15 717/1417/15
f 722/1418/52 719/1419/52 721/1420/52
f 720/1421/4 715/1422/4 719/1423/4
f 721/1424/1 715/1425/1 717/1426/1
f 722/1427/3 716/1428/3 720/1429/3
f 723/1430/51 726/1431/51 725/1432/51
f 726/1433/15 729/1434/15 725/1435/15
f 730/1431/52 727/569/52 729/1436/52
f 728/1437/4 723/1438/4 727/1439/4
f 729/1440/1 723/1441/1 725/1442/1
f 730/624/3 724/1443/3 728/1444/3
f 734/1445/15 737/1446/15 733/1447/15
f 736/1448/4 731/1449/4 735/1450/4
f 732/1451/2 738/1452/2 734/1453/2
f 737/1454/8 731/1455/8 733/1456/8
f 736/1457/88 737/1458/88 738/1459/88
f 734/1460/89 731/1449/89 732/1461/89
f 739/554/90 742/1462/91 741/1463/91
f 742/1464/71 745/1465/71 741/1466/71
f 746/1462/92 743/1467/93 745/1468/92
f 744/1469/4 739/1470/4 743/1471/4
f 745/1472/1 739/1473/1 741/1474/1
f 746/1475/3 740/1476/3 744/1477/3
f 749/1478/15 754/1479/15 753/1255/15
f 751/1480/4 748/1481/4 747/1482/4
f 748/1483/1 754/1484/1 750/1485/1
f 753/1486/3 747/1487/3 749/1488/3
f 754/1489/94 751/1272/94 753/1274/94
f 750/1277/95 747/1490/95 748/1491/95
f 758/1492/15 761/1493/15 757/1494/15
f 759/1495/4 756/1496/4 755/1497/4
f 756/1498/1 762/1499/1 758/1500/1
f 761/1501/3 755/1502/3 757/1503/3
f 762/1504/94 759/1505/94 761/1506/94
f 758/1507/95 755/1508/95 756/341/95
f 766/1509/15 769/1510/15 765/1511/15
f 768/1512/4 763/1513/4 767/1514/4
f 764/1515/8 770/1516/8 766/1517/8
f 769/1518/2 763/1519/2 765/1520/2
f 768/1521/96 769/1522/96 770/1523/96
f 766/1524/97 763/1525/97 764/1526/97
f 774/1527/15 777/1528/15 773/1529/15
f 776/1530/4 771/1531/4 775/1532/4
f 772/1533/8 778/1317/8 774/1534/8
f 777/1535/2 771/1536/2 773/1537/2
f 776/1538/96 777/1539/96 778/1540/96
f 774/1541/97 771/1542/97 772/1543/97
f 782/1544/15 785/1545/15 781/1546/15
f 784/1547/4 779/1548/4 783/1549/4
f 780/1550/8 786/1551/8 782/1552/8
f 785/1553/2 779/1554/2 781/1555/2
f 784/1556/96 785/1557/96 786/1558/96
f 782/1543/97 779/1559/97 780/1560/97
f 790/1561/15 793/1562/15 789/1563/15
f 792/1564/4 787/1565/4 791/1566/4
f 788/1567/8 794/1568/8 790/1569/8
f 793/1570/2 787/1571/2 789/1572/2
f 792/1573/96 793/1574/96 794/1575/96
f 790/1576/97 787/1577/97 788/1578/97
f 798/1579/15 801/1580/15 797/1581/15
f 800/1582/4 795/1583/4 799/1584/4
f 796/1585/8 802/1586/8 798/1335/8
f 801/1587/2 795/1588/2 797/1589/2
f 800/1590/96 801/1591/96 802/1592/96
f 798/329/97 795/1593/97 796/1594/97
f 804/1595/98 805/1596/98 803/1597/98
f 806/1598/99 809/1599/99 805/1596/99
f 810/430/100 807/1600/100 809/1599/100
f 808/1601/4 803/1602/4 807/1603/4
f 805/1604/1 807/1605/1 803/1606/1
f 806/1607/3 808/1608/3 810/214/3
f 812/1609/101 813/218/101 811/1610/101
f 814/1611/102 817/1612/102 813/1613/102
f 818/1614/103 815/1615/103 817/1612/103
f 816/1616/4 811/1617/4 815/1618/4
f 817/1619/1 811/1620/1 813/1621/1
f 818/1622/3 812/1623/3 816/1624/3
f 820/1625/101 821/1626/101 819/1627/101
f 822/1628/99 825/709/99 821/1626/99
f 826/589/104 823/1629/104 825/1630/104
f 824/1631/4 819/1632/4 823/1633/4
f 821/1634/1 823/1635/1 819/1636/1
f 822/1637/3 824/1506/3 826/1638/3
f 828/1639/105 829/1640/105 827/1641/105
f 830/1630/102 833/1642/102 829/612/102
f 834/1643/100 831/1644/100 833/1642/100
f 832/1645/4 827/1646/4 831/1647/4
f 833/1648/1 827/1649/1 829/1650/1
f 834/1651/3 828/1652/3 832/1653/3
f 835/1654/1 838/1655/1 837/1656/1
f 838/1657/106 841/1658/106 837/1659/106
f 842/1660/3 839/1661/3 841/1662/3
f 840/1663/107 835/1664/107 839/1665/107
f 841/1666/4 835/1667/4 837/1668/4
f 838/1669/15 840/1670/15 842/1671/15
f 843/1672/1 846/1673/1 845/1674/1
f 846/644/106 849/1659/106 845/1675/106
f 850/1676/3 847/1677/3 849/1678/3
f 848/1679/107 843/1665/107 847/1680/107
f 849/1681/4 843/1682/4 845/1683/4
f 846/1684/15 848/1685/15 850/1686/15
f 852/1687/1 853/1688/1 851/1689/1
f 854/1690/2 857/1691/2 853/1692/2
f 858/1693/3 855/1694/3 857/1695/3
f 856/1696/8 851/1697/8 855/1698/8
f 857/1699/4 851/1700/4 853/1701/4
f 854/1702/15 856/1703/15 858/1704/15
f 860/1705/8 861/1706/8 859/1707/8
f 862/1708/1 865/1709/1 861/1710/1
f 866/1711/2 863/1712/2 865/1713/2
f 864/1714/3 859/1715/3 863/1716/3
f 865/1717/4 859/1718/4 861/1719/4
f 862/1720/15 864/1721/15 866/1722/15
f 868/1723/1 869/1724/1 867/1725/1
f 870/1726/2 873/1727/2 869/1728/2
f 873/1729/3 872/1730/3 871/1731/3
f 872/1692/8 867/1732/8 871/1733/8
f 873/1734/4 867/1735/4 869/1736/4
f 870/1737/15 872/1738/15 874/1739/15
f 876/1740/8 877/1741/8 875/1742/8
f 878/1743/1 881/1744/1 877/1745/1
f 882/1746/2 879/1747/2 881/1748/2
f 880/1749/3 875/1750/3 879/1751/3
f 881/1752/4 875/1753/4 877/1754/4
f 878/1755/15 880/1756/15 882/1757/15
f 884/1758/1 885/1759/1 883/1760/1
f 886/1761/2 889/1762/2 885/1763/2
f 890/1764/3 887/1765/3 889/1766/3
f 888/1767/8 883/1768/8 887/1769/8
f 889/1770/4 883/1771/4 885/1772/4
f 886/1773/15 888/1774/15 890/1775/15
f 892/1776/8 893/1777/8 891/1778/8
f 894/1779/1 897/1780/1 893/1781/1
f 898/1782/2 895/1783/2 897/1784/2
f 896/1785/3 891/1786/3 895/1787/3
f 897/1788/4 891/1789/4 893/1790/4
f 894/1791/15 896/1792/15 898/1793/15
f 900/1689/1 901/1794/1 899/1795/1
f 902/1796/2 905/1797/2 901/1761/2
f 906/1798/3 903/1799/3 905/1800/3
f 904/1769/8 899/1801/8 903/1802/8
f 905/1803/4 899/1804/4 901/1805/4
f 902/1806/15 904/1807/15 906/1808/15
f 908/1809/8 909/1810/8 907/1811/8
f 910/1812/1 913/1813/1 909/1814/1
f 914/1815/2 911/1816/2 913/1810/2
f 912/1817/3 907/1818/3 911/1819/3
f 913/1820/4 907/1821/4 909/1822/4
f 910/1823/15 912/1824/15 914/1825/15
f 916/1826/1 917/1827/1 915/1758/1
f 918/1828/2 921/1829/2 917/1830/2
f 922/1831/3 919/1832/3 921/1833/3
f 920/1834/8 915/1835/8 919/1836/8
f 921/1837/4 915/1838/4 917/1839/4
f 918/1840/15 920/1841/15 922/1842/15
f 924/1843/8 925/1844/8 923/1845/8
f 926/1846/1 929/1847/1 925/1848/1
f 930/1849/2 927/1850/2 929/1851/2
f 928/1852/3 923/1853/3 927/1854/3
f 929/1855/4 923/1856/4 925/1857/4
f 926/1858/15 928/1859/15 930/1860/15
f 932/1861/1 933/1862/1 931/1863/1
f 934/1864/2 937/1865/2 933/1866/2
f 938/1867/3 935/1868/3 937/1869/3
f 936/1870/8 931/1871/8 935/1872/8
f 937/1873/4 931/1874/4 933/1875/4
f 934/1876/15 936/1877/15 938/1878/15
f 940/1879/8 941/1880/8 939/1881/8
f 942/1745/1 945/1882/1 941/1883/1
f 946/1884/2 943/1885/2 945/1886/2
f 944/1887/3 939/1888/3 943/1889/3
f 945/1890/4 939/1891/4 941/1892/4
f 942/1893/15 944/1894/15 946/1895/15
f 948/1896/3 949/1897/3 947/1898/3
f 950/1733/8 953/1899/8 949/1900/8
f 954/1901/1 951/1902/1 953/1903/1
f 952/1904/2 947/1905/2 951/1906/2
f 953/1907/4 947/1908/4 949/1909/4
f 950/1910/15 952/1911/15 954/1912/15
f 956/1913/8 957/1914/8 955/1915/8
f 958/1916/1 961/1917/1 957/1918/1
f 962/1919/2 959/1920/2 961/1921/2
f 960/1922/3 955/1923/3 959/1924/3
f 961/1925/4 955/1926/4 957/1927/4
f 958/1928/15 960/1929/15 962/1930/15
f 964/1931/3 965/1932/3 963/1933/3
f 966/1934/8 969/1935/8 965/1936/8
f 970/1937/1 967/1863/1 969/1938/1
f 968/1939/2 963/1940/2 967/1941/2
f 969/1942/4 963/1943/4 965/1944/4
f 966/1945/15 968/1946/15 970/1947/15
f 972/1948/8 973/1707/8 971/1949/8
f 974/1950/1 977/1951/1 973/1952/1
f 978/1953/2 975/1954/2 977/1955/2
f 976/1956/3 971/1957/3 975/1958/3
f 977/1959/4 971/1960/4 973/1961/4
f 974/1962/15 976/1963/15 978/1964/15
f 980/1965/3 981/1966/3 979/1967/3
f 982/1968/8 985/1969/8 981/1970/8
f 986/1971/1 983/1972/1 985/1973/1
f 984/1970/2 979/1974/2 983/1975/2
f 985/1976/4 979/1977/4 981/1978/4
f 982/1979/15 984/1980/15 986/1981/15
f 988/1982/8 989/1983/8 987/1984/8
f 990/1918/1 993/1985/1 989/1846/1
f 994/1986/2 991/1987/2 993/1988/2
f 992/1989/3 987/1990/3 991/1991/3
f 993/1992/4 987/1993/4 989/1994/4
f 990/1995/15 992/1996/15 994/1997/15
f 996/1998/3 997/1999/3 995/2000/3
f 998/1802/8 1001/2001/8 997/2002/8
f 1002/2003/1 999/2004/1 1001/2005/1
f 1000/2006/2 995/2007/2 999/2008/2
f 1001/2009/4 995/2010/4 997/2011/4
f 998/2012/15 1000/2013/15 1002/2014/15
f 1004/2015/8 1005/1881/8 1003/2016/8
f 1006/1781/1 1009/2017/1 1005/1743/1
f 1010/2018/2 1007/2019/2 1009/2020/2
f 1008/2021/3 1003/2022/3 1007/2023/3
f 1009/2024/4 1003/2025/4 1005/2026/4
f 1006/2027/15 1008/2028/15 1010/2029/15
f 1012/2030/3 1013/2031/3 1011/2032/3
f 1014/2033/8 1017/2034/8 1013/1796/8
f 1018/2035/1 1015/2036/1 1017/2037/1
f 1016/1866/2 1011/2038/2 1015/2039/2
f 1017/2040/4 1011/2041/4 1013/2042/4
f 1014/2043/15 1016/2044/15 1018/2045/15
f 1020/2046/8 1021/2047/8 1019/2048/8
f 1022/1952/1 1025/2049/1 1021/2050/1
f 1026/2051/2 1023/2052/2 1025/2053/2
f 1024/2054/3 1019/2055/3 1023/2056/3
f 1025/2057/4 1019/2058/4 1021/2059/4
f 1022/2060/15 1024/2061/15 1026/2062/15
f 1028/2063/1 1029/2064/1 1027/2065/1
f 1030/1829/2 1033/2066/2 1029/2067/2
f 1034/2068/3 1031/2069/3 1033/2070/3
f 1032/2071/8 1027/2072/8 1031/2073/8
f 1033/2074/4 1027/2075/4 1029/2076/4
f 1030/2077/15 1032/2078/15 1034/2079/15
f 1036/2080/8 1037/2081/8 1035/2082/8
f 1038/2083/1 1041/2084/1 1037/2085/1
f 1042/2082/2 1039/2086/2 1041/2080/2
f 1040/2087/3 1035/2088/3 1039/2089/3
f 1041/2090/4 1035/2091/4 1037/2092/4
f 1038/2093/15 1040/2094/15 1042/2095/15
f 1044/2096/1 1045/2097/1 1043/2098/1
f 1046/2099/2 1049/2100/2 1045/2101/2
f 1050/2102/3 1047/2103/3 1049/2104/3
f 1048/2105/8 1043/2106/8 1047/2107/8
f 1049/2108/4 1043/2109/4 1045/2110/4
f 1046/2111/15 1048/2112/15 1050/2113/15
f 1052/2114/8 1053/2115/8 1051/2116/8
f 1054/2117/1 1057/2118/1 1053/2119/1
f 1058/2120/2 1055/2121/2 1057/2122/2
f 1056/2123/3 1051/2124/3 1055/2125/3
f 1057/2126/4 1051/2127/4 1053/2128/4
f 1054/2129/15 1056/2130/15 1058/2131/15
f 1060/2132/1 1061/2133/1 1059/2134/1
f 1062/2135/2 1065/2136/2 1061/2105/2
f 1066/2137/3 1063/2138/3 1065/2139/3
f 1064/2140/8 1059/2141/8 1063/1870/8
f 1065/2142/4 1059/2143/4 1061/2144/4
f 1062/2145/15 1064/2146/15 1066/2147/15
f 1068/2148/8 1069/2149/8 1067/2150/8
f 1070/2119/1 1073/2151/1 1069/2152/1
f 1074/2153/2 1071/2154/2 1073/2155/2
f 1072/2156/3 1067/2157/3 1071/2158/3
f 1073/2159/4 1067/2160/4 1069/2161/4
f 1070/2162/15 1072/2163/15 1074/2164/15
f 1076/2165/1 1077/2166/1 1075/2167/1
f 1078/2168/2 1081/2169/2 1077/2140/2
f 1082/2170/3 1079/2171/3 1081/2172/3
f 1080/2173/8 1075/2174/8 1079/2099/8
f 1081/2175/4 1075/2176/4 1077/2177/4
f 1078/2178/15 1080/2179/15 1082/2180/15
f 1084/2181/8 1085/2182/8 1083/2183/8
f 1086/2184/1 1089/2185/1 1085/2186/1
f 1090/2187/2 1087/2188/2 1089/2189/2
f 1088/2190/3 1083/2191/3 1087/2192/3
f 1089/2193/4 1083/2194/4 1085/2195/4
f 1086/2196/15 1088/2197/15 1090/2198/15
f 1092/2199/1 1093/2200/1 1091/2201/1
f 1094/2202/2 1097/1834/2 1093/1836/2
f 1098/2203/3 1095/2204/3 1097/2205/3
f 1096/2206/8 1091/2207/8 1095/2168/8
f 1097/2208/4 1091/2209/4 1093/2210/4
f 1094/2211/15 1096/2212/15 1098/2213/15
f 1100/2155/8 1101/2214/8 1099/2215/8
f 1102/2152/1 1105/2216/1 1101/2217/1
f 1106/2218/2 1103/2219/2 1105/2220/2
f 1104/2221/3 1099/2222/3 1103/2223/3
f 1105/2224/4 1099/2225/4 1101/2226/4
f 1102/2227/15 1104/2228/15 1106/2229/15
f 1108/2230/1 1109/2231/1 1107/2232/1
f 1110/1936/2 1113/2233/2 1109/2234/2
f 1114/2235/3 1111/2236/3 1113/2237/3
f 1112/2234/8 1107/2238/8 1111/1690/8
f 1113/2239/4 1107/2240/4 1109/2241/4
f 1110/2242/15 1112/2243/15 1114/2244/15
f 1116/2245/2 1117/1705/2 1115/1948/2
f 1118/2246/3 1121/2247/3 1117/2248/3
f 1122/2249/8 1119/2250/8 1121/2251/8
f 1120/1883/1 1115/2252/1 1119/2253/1
f 1121/2254/4 1115/2255/4 1117/2256/4
f 1118/2257/15 1120/2258/15 1122/2259/15
f 1124/2260/1 1125/2261/1 1123/2262/1
f 1126/2263/2 1129/2264/2 1125/1904/2
f 1130/2265/3 1127/2266/3 1129/2267/3
f 1128/2268/8 1123/2269/8 1127/2270/8
f 1129/2271/4 1123/2272/4 1125/2273/4
f 1126/2274/15 1128/2275/15 1130/2276/15
f 1132/2277/2 1133/2278/2 1131/2279/2
f 1134/2280/3 1137/2281/3 1133/2282/3
f 1138/2283/8 1135/2284/8 1137/2285/8
f 1136/2286/1 1131/2287/1 1135/2288/1
f 1137/2289/4 1131/2290/4 1133/2291/4
f 1134/2292/15 1136/2293/15 1138/2294/15
f 1140/2295/1 1141/2296/1 1139/2297/1
f 1142/1941/2 1145/2298/2 1141/2299/2
f 1146/2300/3 1143/2301/3 1145/2302/3
f 1144/2303/8 1139/2304/8 1143/2305/8
f 1145/2306/4 1139/2307/4 1141/2308/4
f 1142/2309/15 1144/2310/15 1146/2311/15
f 1148/2312/2 1149/2313/2 1147/2314/2
f 1150/2315/3 1153/2316/3 1149/2317/3
f 1154/2318/8 1151/2319/8 1153/2320/8
f 1152/2186/1 1147/2321/1 1151/2322/1
f 1153/2323/4 1147/2324/4 1149/2325/4
f 1150/2326/15 1152/2327/15 1154/2328/15
f 1156/2329/1 1157/2330/1 1155/2331/1
f 1158/2332/2 1161/2333/2 1157/2269/2
f 1161/2334/3 1160/2335/3 1159/2336/3
f 1160/2337/8 1155/2338/8 1159/2333/8
f 1161/2339/4 1155/2340/4 1157/2341/4
f 1158/2342/15 1160/2343/15 1162/2344/15
f 1164/2345/2 1165/2346/2 1163/2347/2
f 1166/2348/3 1169/2349/3 1165/2350/3
f 1170/2351/8 1167/2352/8 1169/2345/8
f 1168/2217/1 1163/2353/1 1167/2354/1
f 1169/2355/4 1163/2356/4 1165/2357/4
f 1166/2358/15 1168/2359/15 1170/2360/15
f 1172/2361/1 1173/2362/1 1171/2363/1
f 1174/2364/2 1177/2365/2 1173/2366/2
f 1178/2367/3 1175/2368/3 1177/2369/3
f 1176/2370/8 1171/2371/8 1175/2338/8
f 1177/2372/4 1171/2373/4 1173/2374/4
f 1174/2375/15 1176/2376/15 1178/2377/15
f 1180/2378/2 1181/2379/2 1179/2380/2
f 1182/2381/3 1185/2382/3 1181/2383/3
f 1186/2384/8 1183/2385/8 1185/2386/8
f 1184/2354/1 1179/2387/1 1183/2388/1
f 1185/2389/4 1179/2390/4 1181/2391/4
f 1182/2392/15 1184/2393/15 1186/2394/15
f 1188/2395/1 1189/2396/1 1187/2397/1
f 1190/2398/2 1193/2399/2 1189/2400/2
f 1194/2401/3 1191/2402/3 1193/2403/3
f 1192/2404/8 1187/2405/8 1191/2371/8
f 1193/2406/4 1187/2407/4 1189/2408/4
f 1190/2409/15 1192/2410/15 1194/2411/15
f 1196/2412/2 1197/2413/2 1195/2414/2
f 1198/2415/3 1201/2416/3 1197/2417/3
f 1202/197/8 1199/2418/8 1201/2419/8
f 1200/2420/1 1195/2421/1 1199/2422/1
f 1201/2423/4 1195/2424/4 1197/2425/4
f 1198/2426/15 1200/2427/15 1202/2428/15
f 1204/2429/3 1205/2430/3 1203/2431/3
f 1206/2007/8 1209/2305/8 1205/2008/8
f 1210/2432/1 1207/2433/1 1209/2434/1
f 1208/2435/2 1203/2436/2 1207/2437/2
f 1209/2438/4 1203/2439/4 1205/2440/4
f 1206/2441/15 1208/2442/15 1210/2443/15
f 1212/2444/2 1213/2445/2 1211/1705/2
f 1214/2446/3 1217/2447/3 1213/2448/3
f 1218/2449/8 1215/2450/8 1217/2444/8
f 1216/2451/1 1211/2452/1 1215/2453/1
f 1217/2454/4 1211/2455/4 1213/2456/4
f 1214/2457/15 1216/2458/15 1218/2459/15
f 1220/2460/3 1221/2461/3 1219/2462/3
f 1222/2463/8 1225/2464/8 1221/2405/8
f 1226/2465/1 1223/2466/1 1225/2467/1
f 1224/2468/2 1219/2469/2 1223/2470/2
f 1225/2471/4 1219/2472/4 1221/2473/4
f 1222/2474/15 1224/2475/15 1226/2476/15
f 1228/2477/2 1229/2478/2 1227/2479/2
f 1230/2480/3 1233/2481/3 1229/2482/3
f 1234/2483/8 1231/2484/8 1233/2485/8
f 1232/2453/1 1227/2486/1 1231/2487/1
f 1233/2488/4 1227/2489/4 1229/2490/4
f 1230/2491/15 1232/2492/15 1234/2493/15
f 1236/2494/3 1237/2495/3 1235/2496/3
f 1238/2497/8 1241/1974/8 1237/2498/8
f 1242/2499/1 1239/2500/1 1241/2501/1
f 1240/2502/2 1235/2503/2 1239/2435/2
f 1241/2504/4 1235/2505/4 1237/2506/4
f 1238/2507/15 1240/2508/15 1242/2509/15
f 1244/2510/2 1245/2511/2 1243/2512/2
f 1246/2513/3 1249/2514/3 1245/2515/3
f 1250/2512/8 1247/2516/8 1249/2517/8
f 1248/2518/1 1243/2519/1 1247/2520/1
f 1249/2521/4 1243/2522/4 1245/2523/4
f 1246/2524/15 1248/2525/15 1250/2526/15
f 1252/2527/3 1253/2528/3 1251/2529/3
f 1254/2498/8 1257/2530/8 1253/2497/8
f 1258/2531/1 1255/2532/1 1257/2533/1
f 1256/2534/2 1251/2535/2 1255/2502/2
f 1257/2536/4 1251/2537/4 1253/2538/4
f 1254/2539/15 1256/2540/15 1258/2541/15
f 1260/2279/2 1261/2542/2 1259/2543/2
f 1262/2544/3 1265/2545/3 1261/2546/3
f 1266/2547/8 1263/2548/8 1265/2549/8
f 1264/2520/1 1259/2550/1 1263/2551/1
f 1265/2552/4 1259/2553/4 1261/2554/4
f 1262/2555/15 1264/2556/15 1266/2557/15
f 1268/2558/3 1269/2559/3 1267/2560/3
f 1270/1899/8 1273/2561/8 1269/1900/8
f 1274/2562/1 1271/2563/1 1273/2564/1
f 1272/2437/2 1267/1219/2 1271/2565/2
f 1273/2566/4 1267/2567/4 1269/2568/4
f 1270/2569/15 1272/2570/15 1274/2571/15
f 1276/2572/2 1277/2573/2 1275/2574/2
f 1278/2575/3 1281/2576/3 1277/2577/3
f 1282/2578/8 1279/2579/8 1281/2580/8
f 1280/2581/1 1275/2582/1 1279/2583/1
f 1281/2584/4 1275/2585/4 1277/2586/4
f 1278/2587/15 1280/2588/15 1282/2589/15
f 1284/2590/3 1285/2591/3 1283/2592/3
f 1286/1906/8 1289/2593/8 1285/2594/8
f 1290/2595/1 1287/2596/1 1289/2597/1
f 1288/2598/2 1283/2599/2 1287/2600/2
f 1289/2601/4 1283/2602/4 1285/2603/4
f 1286/2604/15 1288/2605/15 1290/2606/15
f 1292/1886/8 1293/2607/8 1291/2608/8
f 1294/2609/1 1297/2610/1 1293/2611/1
f 1298/2612/2 1295/2613/2 1297/2614/2
f 1296/2615/3 1291/2616/3 1295/2617/3
f 1297/2618/4 1291/2619/4 1293/2620/4
f 1294/2621/15 1296/2622/15 1298/2623/15
f 1300/2624/1 1301/2564/1 1299/2625/1
f 1302/2039/2 1305/2626/2 1301/2006/2
f 1306/2627/3 1303/2628/3 1305/2629/3
f 1304/2630/8 1299/2631/8 1303/2033/8
f 1305/2632/4 1299/2633/4 1301/2634/4
f 1302/2635/15 1304/2636/15 1306/2637/15
f 1308/2638/8 1309/2639/8 1307/2640/8
f 1310/2641/1 1313/2642/1 1309/2609/1
f 1314/2643/2 1311/2644/2 1313/2645/2
f 1312/2646/3 1307/2647/3 1311/2648/3
f 1313/2649/4 1307/2650/4 1309/2651/4
f 1310/2652/15 1312/2653/15 1314/2654/15
f 1316/2655/1 1317/2656/1 1315/2657/1
f 1318/2561/2 1321/2658/2 1317/2659/2
f 1322/2660/3 1319/2661/3 1321/2662/3
f 1320/2663/8 1315/2664/8 1319/2630/8
f 1321/2665/4 1315/2666/4 1317/2667/4
f 1318/2668/15 1320/2669/15 1322/2670/15
f 1324/2671/3 1325/2672/3 1323/2673/3
f 1326/2674/8 1329/2675/8 1325/2663/8
f 1330/2676/1 1327/2677/1 1329/1688/1
f 1328/2678/2 1323/2679/2 1327/2464/2
f 1329/2680/4 1323/2681/4 1325/2682/4
f 1326/2683/15 1328/2684/15 1330/2685/15
f 1332/1295/8 1333/2686/8 1331/2687/8
f 1334/2688/1 1337/2689/1 1333/2690/1
f 1338/2691/2 1335/2692/2 1337/2693/2
f 1336/2694/3 1331/2695/3 1335/2696/3
f 1337/2697/4 1331/2698/4 1333/2699/4
f 1334/2700/15 1336/2701/15 1338/2702/15
f 1340/2703/3 1341/2704/3 1339/2705/3
f 1342/2706/8 1345/2707/8 1341/2674/8
f 1346/2708/1 1343/2709/1 1345/2710/1
f 1344/2711/2 1339/2712/2 1343/2713/2
f 1345/2714/4 1339/2715/4 1341/2716/4
f 1342/2717/15 1344/2718/15 1346/2719/15
f 1348/2720/8 1349/2721/8 1347/2047/8
f 1350/2690/1 1353/2722/1 1349/2723/1
f 1354/2724/2 1351/1988/2 1353/2725/2
f 1352/2726/3 1347/2727/3 1351/2728/3
f 1353/2729/4 1347/2730/4 1349/2731/4
f 1350/2732/15 1352/2733/15 1354/2734/15
f 1359/2735/15 1357/2736/15 1355/2737/15
f 1356/2738/4 1362/2739/4 1360/2740/4
f 1357/2741/8 1362/2742/8 1358/2679/8
f 1356/2743/3 1357/2744/3 1358/2745/3
f 1359/2746/2 1356/2747/2 1360/2742/2
f 1361/2748/1 1360/2749/1 1362/2362/1
f 1364/2020/2 1365/2750/2 1363/2751/2
f 1366/2752/3 1369/2753/3 1365/2754/3
f 1370/2755/8 1367/2016/8 1369/2756/8
f 1368/2611/1 1363/2757/1 1367/2758/1
f 1369/2759/4 1363/2760/4 1365/2761/4
f 1366/2762/15 1368/2763/15 1370/2764/15
f 1372/2765/3 1373/2766/3 1371/2767/3
f 1374/2658/8 1377/2768/8 1373/2659/8
f 1378/2769/1 1375/2770/1 1377/2771/1
f 1376/2772/2 1371/2773/2 1375/2534/2
f 1377/2774/4 1371/2775/4 1373/2776/4
f 1374/2777/15 1376/2778/15 1378/2779/15
f 1380/2517/2 1381/2780/2 1379/2781/2
f 1382/2782/3 1385/2783/3 1381/2784/3
f 1386/2785/8 1383/2786/8 1385/2787/8
f 1384/2758/1 1379/2788/1 1383/2789/1
f 1385/2790/4 1379/2791/4 1381/2792/4
f 1382/2793/15 1384/2794/15 1386/2795/15
f 1388/2796/3 1389/2797/3 1387/2798/3
f 1390/2594/8 1393/2799/8 1389/2800/8
f 1394/2801/1 1391/2802/1 1393/2803/1
f 1392/2470/2 1387/2804/2 1391/2772/2
f 1393/2805/4 1387/2806/4 1389/2807/4
f 1390/2808/15 1392/2809/15 1394/2810/15
f 1396/2811/2 1397/2812/2 1395/2813/2
f 1398/2814/3 1401/2815/3 1397/2816/3
f 1402/2817/8 1399/2386/8 1401/2818/8
f 1400/2422/1 1395/2819/1 1399/2117/1
f 1401/2820/4 1395/2821/4 1397/2822/4
f 1398/2823/15 1400/2824/15 1402/2825/15
f 1404/2826/1 1405/2827/1 1403/2828/1
f 1406/2800/2 1409/2829/2 1405/2830/2
f 1410/2831/3 1407/2832/3 1409/2833/3
f 1408/2834/8 1403/2835/8 1407/2747/8
f 1409/2836/4 1403/2837/4 1405/2838/4
f 1406/2839/15 1408/2840/15 1410/2841/15
f 1412/2751/2 1413/2842/2 1411/2283/2
f 1414/2843/3 1417/2844/3 1413/2845/3
f 1418/2419/8 1415/2846/8 1417/2847/8
f 1416/2583/1 1411/2848/1 1415/2849/1
f 1417/2850/4 1411/2851/4 1413/2852/4
f 1414/2853/15 1416/2854/15 1418/2855/15
f 1420/2856/8 1421/2857/8 1419/2858/8
f 1422/2487/1 1425/2859/1 1421/2860/1
f 1426/2861/2 1423/2862/2 1425/2863/2
f 1424/2864/3 1419/2865/3 1423/2866/3
f 1425/2867/4 1419/2868/4 1421/2869/4
f 1422/2870/15 1424/2871/15 1426/2872/15
f 1428/2873/1 1429/2874/1 1427/2875/1
f 1430/2876/2 1433/2877/2 1429/2135/2
f 1434/2878/3 1431/2879/3 1433/2880/3
f 1432/2881/8 1427/2882/8 1431/2206/8
f 1433/2883/4 1427/2884/4 1429/2885/4
f 1430/2886/15 1432/2887/15 1434/2888/15
f 1436/2889/8 1437/2890/8 1435/2891/8
f 1438/2892/1 1441/2893/1 1437/2894/1
f 1442/2895/2 1439/2896/2 1441/2897/2
f 1440/2898/3 1435/2899/3 1439/2900/3
f 1441/2901/4 1435/2902/4 1437/2903/4
f 1438/2904/15 1440/2905/15 1442/2906/15
f 1444/2907/1 1445/2908/1 1443/2909/1
f 1446/2910/2 1449/2911/2 1445/2398/2
f 1450/2912/3 1447/2913/3 1449/2914/3
f 1448/2107/8 1443/2915/8 1447/2071/8
f 1449/2916/4 1443/2917/4 1445/2918/4
f 1446/2919/15 1448/2920/15 1450/2921/15
f 1452/2922/1 1453/2923/1 1451/2924/1
f 1454/2299/2 1457/2925/2 1453/2926/2
f 1458/2927/3 1455/2928/3 1457/2929/3
f 1456/2930/8 1451/2270/8 1455/2304/8
f 1457/2931/4 1451/2932/4 1453/2933/4
f 1454/2934/15 1456/2935/15 1458/2936/15
f 1460/2937/1 1461/2938/1 1459/2939/1
f 1462/2940/2 1465/2941/2 1461/2942/2
f 1466/2943/3 1463/2944/3 1465/2945/3
f 1464/2942/8 1459/2946/8 1463/2940/8
f 1465/2947/4 1459/2948/4 1461/2949/4
f 1462/2950/15 1464/2951/15 1466/2952/15
f 1468/2953/1 1469/2954/1 1467/2955/1
f 1470/2366/2 1473/2956/2 1469/2957/2
f 1474/2958/3 1471/2959/3 1473/2960/3
f 1472/2961/8 1467/2962/8 1471/2946/8
f 1473/2963/4 1467/2964/4 1469/2965/4
f 1470/2966/15 1472/2967/15 1474/2968/15
f 1476/2969/1 1477/2970/1 1475/2971/1
f 1478/2972/2 1481/2973/2 1477/2835/2
f 1482/2974/3 1479/2975/3 1481/2976/3
f 1480/2977/8 1475/2978/8 1479/2973/8
f 1481/2979/4 1475/2980/4 1477/2981/4
f 1478/2982/15 1480/2983/15 1482/2984/15
f 1487/2985/15 1485/2986/15 1483/2987/15
f 1484/2988/4 1490/2989/4 1488/2990/4
f 1485/2991/1 1490/2992/1 1486/2993/1
f 1483/2994/8 1486/2995/8 1484/2996/8
f 1487/2997/3 1484/2998/3 1488/2999/3
f 1489/3000/2 1488/3001/2 1490/3002/2
f 1492/2955/1 1493/3003/1 1491/3004/1
f 1494/2926/2 1497/3005/2 1493/3006/2
f 1498/3007/3 1495/3008/3 1497/3009/3
f 1496/3010/8 1491/3011/8 1495/2978/8
f 1497/3012/4 1491/3013/4 1493/3014/4
f 1494/3015/15 1496/3016/15 1498/3017/15
f 1500/2543/2 1501/3018/2 1499/3019/2
f 1502/3020/3 1505/3021/3 1501/3022/3
f 1506/2847/8 1503/3023/8 1505/3024/8
f 1504/2860/1 1499/3025/1 1503/1812/1
f 1505/3026/4 1499/3027/4 1501/3028/4
f 1502/3029/15 1504/3030/15 1506/3031/15
f 1508/2781/1 1509/3032/1 1507/3033/1
f 1510/3034/2 1513/3035/2 1509/2962/2
f 1514/3036/3 1511/3037/3 1513/3038/3
f 1512/3039/8 1507/3040/8 1511/2768/8
f 1513/3041/4 1507/3042/4 1509/3043/4
f 1510/3044/15 1512/3045/15 1514/3046/15
f 1516/3047/2 1517/2314/2 1515/3048/2
f 1518/3049/3 1521/3050/3 1517/3051/3
f 1522/3052/8 1519/3053/8 1521/2319/8
f 1520/2723/1 1515/3054/1 1519/3055/1
f 1521/3056/4 1515/3057/4 1517/3058/4
f 1518/3059/15 1520/3060/15 1522/2277/15
f 1524/3061/1 1525/3062/1 1523/3063/1
f 1526/2830/2 1529/3064/2 1525/2364/2
f 1530/3065/3 1527/3066/3 1529/3067/3
f 1528/3068/8 1523/3069/8 1527/3011/8
f 1529/3070/4 1523/3071/4 1525/3072/4
f 1526/3073/15 1528/3074/15 1530/3075/15
f 1532/3076/2 1533/2444/2 1531/2245/2
f 1534/3077/3 1537/3078/3 1533/3079/3
f 1538/3080/8 1535/2501/8 1537/3081/8
f 1536/2288/1 1531/3082/1 1535/3083/1
f 1537/3084/4 1531/3085/4 1533/3086/4
f 1534/3087/15 1536/3088/15 1538/3089/15
f 1540/3090/3 1541/3091/3 1539/3092/3
f 1542/3040/8 1545/3093/8 1541/3094/8
f 1546/3095/1 1543/3096/1 1545/3097/1
f 1544/1728/2 1539/3098/2 1543/2910/2
f 1545/3099/4 1539/3100/4 1541/3101/4
f 1542/3102/15 1544/3103/15 1546/3104/15
f 1548/3105/2 1549/3106/2 1547/3107/2
f 1550/3108/3 1553/3109/3 1549/3110/3
f 1554/3111/8 1551/3112/8 1553/3113/8
f 1552/2993/1 1547/3114/1 1551/2420/1
f 1553/3115/4 1547/3116/4 1549/3117/4
f 1550/3118/15 1552/3119/15 1554/3120/15
f 1556/3121/3 1557/3122/3 1555/3123/3
f 1558/3124/8 1561/2202/8 1557/3125/8
f 1562/3126/1 1559/3127/1 1561/3128/1
f 1560/2400/2 1555/3129/2 1559/3130/2
f 1561/3131/4 1555/3132/4 1557/3133/4
f 1558/3134/15 1560/3135/15 1562/3136/15
f 1564/3137/2 1565/3138/2 1563/3139/2
f 1566/3140/3 1569/3141/3 1565/3142/3
f 1570/3143/8 1567/3144/8 1569/3145/8
f 1568/3146/1 1563/3147/1 1567/2991/1
f 1569/3148/4 1563/3149/4 1565/3150/4
f 1566/3151/15 1568/3152/15 1570/3153/15
f 1572/3154/3 1573/3155/3 1571/3156/3
f 1574/3094/8 1577/3157/8 1573/3158/8
f 1578/3159/1 1575/3160/1 1577/3161/1
f 1576/3130/2 1571/3162/2 1575/3163/2
f 1577/3164/4 1571/3165/4 1573/3166/4
f 1574/3167/15 1576/3168/15 1578/3169/15
f 1580/3170/8 1581/3171/8 1579/3172/8
f 1582/3173/1 1585/3174/1 1581/3175/1
f 1586/2608/2 1583/3176/2 1585/2889/2
f 1584/3177/3 1579/3178/3 1583/3179/3
f 1585/3180/4 1579/3181/4 1581/3182/4
f 1582/3183/15 1584/3184/15 1586/3185/15
f 1588/2996/8 1589/3186/8 1587/3187/8
f 1590/2789/1 1593/3188/1 1589/3146/1
f 1594/3187/2 1591/3189/2 1593/3190/2
f 1592/3191/3 1587/3192/3 1591/3193/3
f 1593/3194/4 1587/3195/4 1589/3196/4
f 1590/3197/15 1592/3198/15 1594/3199/15
f 1596/3200/1 1597/3201/1 1595/3202/1
f 1598/3203/2 1601/3204/2 1597/2173/2
f 1602/3205/3 1599/3206/3 1601/3207/3
f 1600/1762/8 1595/2598/8 1599/1763/8
f 1601/3208/4 1595/3209/4 1597/3210/4
f 1598/3211/15 1600/3212/15 1602/3213/15
f 1604/3214/1 1605/2098/1 1603/3215/1
f 1606/3216/2 1609/3217/2 1605/3218/2
f 1610/3219/3 1607/3220/3 1609/3221/3
f 1608/2067/8 1603/3222/8 1607/2876/8
f 1609/3223/4 1603/3224/4 1605/3225/4
f 1606/3226/15 1608/3227/15 1610/3228/15
f 1612/3229/1 1613/3230/1 1611/2873/1
f 1614/3231/2 1617/3232/2 1613/2881/2
f 1618/3233/3 1615/3234/3 1617/3235/3
f 1616/3218/8 1611/3124/8 1615/3125/8
f 1617/3236/4 1611/3237/4 1613/3238/4
f 1614/3239/15 1616/3240/15 1618/3241/15
f 1620/3242/1 1621/3097/1 1619/3243/1
f 1622/2073/2 1625/3244/2 1621/3203/2
f 1626/3245/3 1623/3246/3 1625/3247/3
f 1624/2101/8 1619/3248/8 1623/3231/8
f 1625/3249/4 1619/3250/4 1621/3251/4
f 1622/3252/15 1624/3253/15 1626/3254/15
f 1631/3255/15 1629/3256/15 1627/3257/15
f 1628/3258/4 1634/3259/4 1632/3260/4
f 1629/3261/3 1634/3262/3 1630/3263/3
f 1627/3002/2 1630/3264/2 1628/1711/2
f 1631/3265/1 1628/3266/1 1632/2083/1
f 1633/3190/8 1632/3267/8 1634/3268/8
f 1636/3269/3 1637/3270/3 1635/3271/3
f 1638/3069/8 1641/3272/8 1637/3273/8
f 1642/1688/1 1639/3274/1 1641/2260/1
f 1640/3275/2 1635/3276/2 1639/1864/2
f 1641/3277/4 1635/3278/4 1637/3279/4
f 1638/3280/15 1640/3281/15 1642/3282/15
f 1644/2825/8 1645/3283/8 1643/2277/8
f 1646/3284/1 1649/3285/1 1645/2641/1
f 1650/3286/2 1647/3287/2 1649/2018/2
f 1648/3288/3 1643/3289/3 1647/3290/3
f 1649/3291/4 1643/3292/4 1645/3293/4
f 1646/3294/15 1648/3295/15 1650/3296/15
f 1652/3297/3 1653/3298/3 1651/3299/3
f 1654/3157/8 1657/3300/8 1653/3158/8
f 1658/3301/1 1655/3302/1 1657/3303/1
f 1656/2002/2 1651/3304/2 1655/3305/2
f 1657/3306/4 1651/3307/4 1653/3308/4
f 1654/3309/15 1656/3310/15 1658/3311/15
f 1660/3312/8 1661/3313/8 1659/2579/8
f 1662/3055/1 1665/3314/1 1661/2286/1
f 1666/3315/2 1663/3316/2 1665/3317/2
f 1664/3318/3 1659/3319/3 1663/3320/3
f 1665/3321/4 1659/3322/4 1661/2385/4
f 1662/3323/15 1664/3324/15 1666/3325/15
f 1668/3326/3 1669/3327/3 1667/3328/3
f 1670/3272/8 1673/1939/8 1669/3273/8
f 1674/3329/1 1671/3330/1 1673/3331/1
f 1672/3332/2 1667/3333/2 1671/3334/2
f 1673/3335/4 1667/3336/4 1669/3337/4
f 1670/3338/15 1672/3339/15 1674/3340/15
f 1676/3341/8 1677/3342/8 1675/3343/8
f 1678/1814/1 1681/3344/1 1677/3284/1
f 1682/1955/2 1679/3345/2 1681/3346/2
f 1679/3347/3 1676/3348/3 1675/3349/3
f 1681/3350/4 1675/3351/4 1677/3352/4
f 1678/3353/15 1680/3354/15 1682/3355/15
f 1684/3356/1 1685/3357/1 1683/3358/1
f 1686/2600/2 1689/3359/2 1685/2468/2
f 1690/3360/3 1687/3361/3 1689/3362/3
f 1688/3300/8 1683/3363/8 1687/3364/8
f 1689/3365/4 1683/3366/4 1685/3367/4
f 1686/3368/15 1688/3369/15 1690/3370/15
f 1692/3371/8 1693/3372/8 1691/3373/8
f 1694/3374/1 1697/3375/1 1693/3173/1
f 1698/3376/2 1695/2053/2 1697/3377/2
f 1696/3378/3 1691/3379/3 1695/3380/3
f 1697/3381/4 1691/3382/4 1693/3383/4
f 1694/3384/15 1696/3385/15 1698/3386/15
f 1700/3387/1 1701/3388/1 1699/3389/1
f 1702/1872/2 1705/3390/2 1701/3391/2
f 1706/3392/3 1703/3393/3 1705/3394/3
f 1704/3305/8 1699/3395/8 1703/1696/8
f 1705/3396/4 1699/3397/4 1701/3398/4
f 1702/3399/15 1704/3400/15 1706/3401/15
f 1708/3402/8 1709/1778/8 1707/2644/8
f 1710/2894/1 1713/3403/1 1709/1708/1
f 1714/3404/2 1711/3405/2 1713/3406/2
f 1712/3407/3 1707/3408/3 1711/3409/3
f 1713/3410/4 1707/3411/4 1709/3412/4
f 1710/3413/15 1712/3414/15 1714/3415/15
f 1716/1795/1 1717/2262/1 1715/3416/1
f 1718/3334/2 1721/3417/2 1717/1968/2
f 1722/3418/3 1719/3419/3 1721/3420/3
f 1720/3035/8 1715/3421/8 1719/3275/8
f 1721/3422/4 1715/3423/4 1717/3424/4
f 1718/3425/15 1720/1563/15 1722/3426/15
f 1724/3427/3 1725/3428/3 1723/3429/3
f 1726/3364/8 1729/3430/8 1725/3431/8
f 1730/3432/1 1727/3433/1 1729/2953/1
f 1728/3005/2 1723/2263/2 1727/3006/2
f 1729/3434/4 1723/3435/4 1725/3436/4
f 1726/3437/15 1728/3438/15 1730/3439/15
f 1732/3440/3 1733/3441/3 1731/3442/3
f 1734/3443/8 1737/3444/8 1733/3216/8
f 1738/3445/1 1735/2803/1 1737/3446/1
f 1736/2956/2 1731/2711/2 1735/2957/2
f 1737/3447/4 1731/3448/4 1733/3449/4
f 1734/3450/15 1736/3451/15 1738/3452/15
f 1740/3453/1 1741/3454/1 1739/2040/1
f 1742/3431/2 1745/3455/2 1741/1726/2
f 1746/3456/3 1743/3457/3 1745/3458/3
f 1744/1698/8 1739/3459/8 1743/1934/8
f 1745/3460/4 1739/3461/4 1741/3462/4
f 1742/3463/15 1744/3464/15 1746/3465/15
f 1748/3466/3 1749/3467/3 1747/3468/3
f 1750/3391/8 1753/3469/8 1749/2706/8
f 1754/3470/1 1751/3471/1 1753/3472/1
f 1752/2713/2 1747/3473/2 1751/3474/2
f 1753/3475/4 1747/3476/4 1749/3477/4
f 1750/3478/15 1752/3479/15 1754/3480/15
f 1756/3481/8 1757/3482/8 1755/3483/8
f 1758/2050/1 1761/3484/1 1757/2688/1
f 1762/3485/2 1759/3486/2 1761/1983/2
f 1760/3487/3 1755/3488/3 1759/3489/3
f 1761/3490/4 1755/3491/4 1757/3492/4
f 1758/3493/15 1760/3494/15 1762/3495/15
f 1764/3496/8 1765/3497/8 1763/3498/8
f 1766/3083/1 1769/3499/1 1765/1779/1
f 1770/3346/2 1767/3500/2 1769/3496/2
f 1768/3501/3 1763/3502/3 1767/3503/3
f 1769/3504/4 1763/3505/4 1765/3506/4
f 1766/3507/15 1768/3508/15 1770/3509/15
f 1772/3510/8 1773/3511/8 1771/3512/8
f 1774/3513/1 1777/3514/1 1773/1950/1
f 1778/3515/2 1775/3516/2 1777/2081/2
f 1776/3517/3 1771/3518/3 1775/3519/3
f 1777/3520/4 1771/3521/4 1773/3522/4
f 1774/3523/15 1776/3524/15 1778/3525/15
f 1782/3526/1 1785/1340/1 1781/3527/1
f 1781/3528/4 1784/3529/4 1780/3530/4
f 1784/3531/8 1787/3532/8 1783/3533/8
f 1785/3534/8 1790/3535/8 1789/404/8
f 1786/3536/8 1787/3532/8 1790/3535/8
f 1785/3534/8 1788/3537/8 1784/3531/8
f 1779/3538/15 1786/3539/15 1782/3540/15
f 1780/3541/3 1783/3542/3 1779/3543/3
f 1869/3544/8 1871/3545/8 1868/3546/8
f 1818/3547/8 1798/3548/8 1820/3549/8
f 1817/3550/8 1791/3551/8 1816/3552/8
f 1802/3553/8 1805/3554/8 1794/3555/8
f 1820/3549/8 1797/3556/8 1817/3550/8
f 1819/3557/8 1799/3558/8 1818/3547/8
f 1873/3559/8 1875/3560/8 1872/3561/8
f 1877/3562/8 1879/3563/8 1876/3564/8
f 1807/3565/8 1861/3566/8 1815/3567/8
f 1865/3568/8 1814/3569/8 1863/3570/8
f 1866/3571/8 1809/3572/8 1864/1650/8
f 1867/3573/8 1811/3574/8 1866/3571/8
f 1881/3575/8 1883/3576/8 1880/3577/8
f 1800/3578/8 1795/3579/8 1801/3580/8
f 1801/3580/8 1804/3581/8 1802/3553/8
f 1793/3582/8 1803/3583/8 1800/3578/8
f 1885/3584/8 1887/3585/8 1884/3586/8
f 1889/3587/8 1891/3588/8 1888/3589/8
f 1893/3590/8 1895/3591/8 1892/3592/8
f 1897/3593/8 1899/3594/8 1896/3595/8
f 1796/3596/108 1821/3597/108 1803/3583/108
f 1796/3596/109 1823/3598/109 1822/3599/109
f 1811/3574/110 1823/3598/110 1809/3572/110
f 1803/3583/111 1824/3600/111 1811/3574/111
f 1795/3579/108 1825/3601/108 1804/3581/108
f 1795/3579/109 1827/3602/109 1826/3603/109
f 1813/3604/110 1828/3605/110 1827/3602/110
f 1804/3581/112 1828/3605/112 1814/3569/112
f 1803/3583/108 1829/3606/108 1795/3579/108
f 1803/3583/113 1831/3607/113 1830/3608/113
f 1813/3604/110 1831/3607/110 1811/3574/110
f 1795/3579/112 1832/3609/112 1813/3604/112
f 1804/3581/108 1833/3610/108 1805/3554/108
f 1804/3581/113 1835/3611/113 1834/3612/113
f 1814/3569/110 1836/3613/110 1835/3611/110
f 1805/3554/112 1836/3613/112 1806/3614/112
f 1808/3615/108 1837/3616/108 1810/3617/108
f 1808/3615/109 1839/3618/109 1838/3619/109
f 1818/3547/110 1839/3618/110 1819/3557/110
f 1810/3617/111 1840/3620/111 1818/3547/111
f 1812/3621/108 1841/3622/108 1815/3567/108
f 1812/3621/109 1843/3623/109 1842/3624/109
f 1820/3549/110 1844/3625/110 1843/3623/110
f 1815/3567/112 1844/3625/112 1817/3550/112
f 1815/3567/108 1845/3626/108 1807/3565/108
f 1815/3567/113 1847/3627/113 1846/3628/113
f 1817/3550/110 1848/3629/110 1847/3627/110
f 1807/3565/112 1848/3629/112 1816/3552/112
f 1810/3617/108 1849/3630/108 1812/3621/108
f 1810/3617/113 1851/3631/113 1850/3632/113
f 1820/3549/110 1851/3631/110 1818/3547/110
f 1812/3621/112 1852/3633/112 1820/3549/112
f 1861/3566/114 1857/3634/114 1860/3635/114
f 1860/3635/114 1856/3636/114 1859/3637/114
f 1859/3637/114 1855/3638/114 1862/3639/114
f 1858/3640/114 1853/3641/114 1861/3566/114
f 1810/3617/8 1862/3639/8 1808/3615/8
f 1812/3621/8 1859/3637/8 1810/3617/8
f 1815/3567/8 1860/3635/8 1812/3621/8
f 1854/3642/115 1863/3643/115 1853/3644/115
f 1856/3645/115 1864/3646/115 1855/3647/115
f 1857/3648/115 1866/3649/115 1856/3645/115
f 1853/3644/115 1867/3650/115 1857/3648/115
f 1863/3570/8 1813/3604/8 1867/3573/8
f 1822/3599/8 1868/3546/8 1821/3597/8
f 1823/3598/8 1869/3544/8 1822/3599/8
f 1824/3600/8 1870/3651/8 1823/3598/8
f 1821/3597/8 1871/3545/8 1824/3600/8
f 1825/3601/8 1873/3559/8 1872/3561/8
f 1827/3602/8 1873/3559/8 1826/3603/8
f 1828/3605/8 1874/3652/8 1827/3602/8
f 1825/3601/8 1875/3560/8 1828/3605/8
f 1830/3608/8 1876/3564/8 1829/3606/8
f 1831/3607/8 1877/3562/8 1830/3608/8
f 1832/3609/8 1878/3653/8 1831/3607/8
f 1829/3606/8 1879/3563/8 1832/3609/8
f 1833/3610/8 1881/3575/8 1880/3577/8
f 1835/3611/8 1881/3575/8 1834/3612/8
f 1836/3613/8 1882/3654/8 1835/3611/8
f 1833/3610/8 1883/3576/8 1836/3613/8
f 1838/3619/8 1884/3586/8 1837/3616/8
f 1839/3618/8 1885/3584/8 1838/3619/8
f 1840/3620/8 1886/3655/8 1839/3618/8
f 1837/3616/8 1887/3585/8 1840/3620/8
f 1841/3622/8 1889/3587/8 1888/3589/8
f 1843/3623/8 1889/3587/8 1842/3624/8
f 1844/3625/8 1890/3656/8 1843/3623/8
f 1841/3622/8 1891/3588/8 1844/3625/8
f 1845/3626/8 1893/3590/8 1892/3592/8
f 1847/3627/8 1893/3590/8 1846/3628/8
f 1848/3629/8 1894/3657/8 1847/3627/8
f 1848/3629/8 1892/3592/8 1895/3591/8
f 1850/3632/8 1896/3595/8 1849/3630/8
f 1851/3631/8 1897/3593/8 1850/3632/8
f 1852/3633/8 1898/3658/8 1851/3631/8
f 1849/3630/8 1899/3594/8 1852/3633/8
f 1781/3659/8 1900/3660/8 1782/3661/8
f 1780/3662/8 1901/3663/8 1781/3659/8
f 1780/3662/8 1903/3664/8 1902/3665/8
f 1779/3666/8 1900/3660/8 1903/3664/8
f 1907/3667/1 1910/3668/1 1906/3541/1
f 1906/3669/4 1909/3670/4 1905/3671/4
f 1909/3672/8 1912/3673/8 1908/3674/8
f 1911/3675/8 1914/3676/8 1910/3677/8
f 1908/3674/8 1915/3678/8 1911/3675/8
f 1910/3677/8 1913/3679/8 1909/3672/8
f 1904/3680/15 1911/3681/15 1907/3682/15
f 1905/3683/3 1908/3684/3 1904/3685/3
f 1994/3686/8 1996/3687/8 1993/3688/8
f 1943/3689/8 1923/3690/8 1945/3691/8
f 1942/3692/8 1916/3693/8 1941/3694/8
f 1927/3695/8 1930/3696/8 1919/3697/8
f 1945/3691/8 1922/3698/8 1942/3692/8
f 1944/3699/8 1924/3700/8 1943/3689/8
f 1998/3701/8 2000/3702/8 1997/3703/8
f 2002/3704/8 2004/3705/8 2001/3706/8
f 1932/3707/8 1986/3708/8 1940/3709/8
f 1990/3710/8 1939/3711/8 1988/3712/8
f 1991/3713/8 1934/3714/8 1989/3715/8
f 1992/3716/8 1936/3717/8 1991/3713/8
f 2006/3718/8 2008/3719/8 2005/3720/8
f 1925/3721/8 1920/3722/8 1926/3723/8
f 1926/3723/8 1929/3724/8 1927/3695/8
f 1918/312/8 1928/3725/8 1925/3721/8
f 2010/3726/8 2012/3727/8 2009/3728/8
f 2014/3729/8 2016/3730/8 2013/3731/8
f 2018/3732/8 2020/3733/8 2017/3734/8
f 2022/3735/8 2024/3736/8 2021/3737/8
f 1928/3725/108 1947/3738/116 1946/3739/108
f 1921/3740/113 1948/3741/113 1947/3738/113
f 1936/3717/110 1948/3741/117 1934/3714/117
f 1928/3725/112 1949/3742/112 1936/3717/112
f 1920/3722/108 1950/3743/116 1929/3724/116
f 1920/3722/113 1952/3744/113 1951/3745/113
f 1938/3746/110 1953/3747/117 1952/3744/110
f 1929/3724/112 1953/3747/112 1939/3711/112
f 1928/3725/108 1954/3748/116 1920/3722/116
f 1928/3725/113 1956/3749/113 1955/3750/113
f 1938/3746/117 1956/3749/117 1936/3717/117
f 1920/3722/112 1957/3751/112 1938/3746/112
f 1930/3696/108 1959/3752/116 1958/3753/108
f 1929/3724/113 1960/3754/113 1959/3752/113
f 1931/3755/110 1960/3754/117 1939/3711/117
f 1930/3696/112 1961/3756/112 1931/3755/112
f 1935/3757/108 1963/3758/116 1962/3759/108
f 1933/3760/113 1964/3761/113 1963/3758/113
f 1943/3689/110 1964/3761/117 1944/3699/117
f 1935/3757/112 1965/3762/112 1943/3689/112
f 1937/3763/108 1966/3764/116 1940/3709/116
f 1937/3763/113 1968/3765/113 1967/3766/113
f 1945/3691/110 1969/3767/117 1968/3765/110
f 1940/3709/112 1969/3767/112 1942/3692/112
f 1932/3707/108 1971/3768/116 1970/3769/108
f 1940/3709/113 1972/3770/113 1971/3768/113
f 1941/3694/110 1972/3770/117 1942/3692/117
f 1932/3707/112 1973/3771/112 1941/3694/112
f 1935/3757/108 1974/3772/116 1937/3763/116
f 1935/3757/113 1976/3773/113 1975/3774/113
f 1945/3691/117 1976/3773/117 1943/3689/117
f 1937/3763/112 1977/3775/112 1945/3691/112
f 1986/3708/118 1982/3776/118 1985/3777/118
f 1985/3777/118 1981/3778/118 1984/3779/118
f 1984/3779/118 1980/298/118 1987/3780/118
f 1983/3781/118 1978/3782/118 1986/3708/118
f 1935/3757/8 1987/3780/8 1933/3760/8
f 1937/3763/8 1984/3779/8 1935/3757/8
f 1940/3709/8 1985/3777/8 1937/3763/8
f 1979/3783/119 1988/3784/119 1978/3785/119
f 1981/3786/119 1989/3787/119 1980/3788/119
f 1982/3789/119 1991/3790/119 1981/3786/119
f 1978/3785/119 1992/3791/119 1982/3789/119
f 1988/3712/8 1938/3746/8 1992/3716/8
f 1946/3739/8 1994/3686/8 1993/3688/8
f 1947/3738/8 1995/3792/8 1994/3686/8
f 1949/3742/8 1995/3792/8 1948/3741/8
f 1946/3739/8 1996/3687/8 1949/3742/8
f 1951/3745/8 1997/3703/8 1950/3743/8
f 1951/3745/8 1999/3793/8 1998/3701/8
f 1952/3744/8 2000/3702/8 1999/3793/8
f 1950/3743/8 2000/3702/8 1953/3747/8
f 1954/3748/8 2002/3704/8 2001/3706/8
f 1955/3750/8 2003/3794/8 2002/3704/8
f 1957/3751/8 2003/3794/8 1956/3749/8
f 1954/3748/8 2004/3705/8 1957/3751/8
f 1959/3752/8 2005/3720/8 1958/3753/8
f 1959/3752/8 2007/3795/8 2006/3718/8
f 1960/3754/8 2008/3719/8 2007/3795/8
f 1958/3753/8 2008/3719/8 1961/3756/8
f 1962/3759/8 2010/3726/8 2009/3728/8
f 1964/3761/8 2010/3726/8 1963/3758/8
f 1965/3762/8 2011/3796/8 1964/3761/8
f 1965/3762/8 2009/3728/8 2012/3727/8
f 1967/3766/8 2013/3731/8 1966/3764/8
f 1968/3765/8 2014/3729/8 1967/3766/8
f 1969/3767/8 2015/3797/8 1968/3765/8
f 1969/3767/8 2013/3731/8 2016/3730/8
f 1971/3768/8 2017/3734/8 1970/3769/8
f 1972/3770/8 2018/3732/8 1971/3768/8
f 1972/3770/8 2020/3733/8 2019/3798/8
f 1973/3771/8 2017/3734/8 2020/3733/8
f 1974/3772/8 2022/3735/8 2021/3737/8
f 1976/3773/8 2022/3735/8 1975/3774/8
f 1977/3775/8 2023/3799/8 1976/3773/8
f 1977/3775/8 2021/3737/8 2024/3736/8
f 1907/1288/8 2026/3800/8 2025/3801/8
f 1905/3802/8 2026/3800/8 1906/3803/8
f 1904/3804/8 2027/3805/8 1905/3802/8
f 1907/1288/8 2028/3806/8 1904/3804/8
f 2032/3807/8 2035/3808/8 2031/3809/8
f 2031/3810/4 2034/3811/4 2030/3812/4
f 2033/3813/3 2038/3814/3 2037/3815/3
f 2036/3816/3 2039/161/3 2035/3817/3
f 2033/3813/3 2040/3818/3 2036/3816/3
f 2035/3817/3 2038/3814/3 2034/3819/3
f 2029/3820/15 2036/3821/15 2032/3822/15
f 2030/3823/2 2033/3824/2 2029/3825/2
f 2119/3826/3 2121/3827/3 2118/3828/3
f 2068/3829/3 2048/3830/3 2070/3831/3
f 2067/3832/3 2041/3833/3 2066/3834/3
f 2052/3835/3 2055/3836/3 2044/3837/3
f 2070/3831/3 2047/3838/3 2067/3832/3
f 2069/3839/3 2049/3840/3 2068/3829/3
f 2123/3841/3 2125/3842/3 2122/3843/3
f 2127/3844/3 2129/3845/3 2126/3846/3
f 2057/3847/3 2111/3848/3 2065/3849/3
f 2115/3850/3 2064/3851/3 2113/3852/3
f 2116/3853/3 2059/3854/3 2114/3855/3
f 2117/3856/3 2061/3857/3 2116/3853/3
f 2131/3858/3 2133/3859/3 2130/3860/3
f 2050/3861/3 2045/3862/3 2051/3863/3
f 2051/3863/3 2054/3864/3 2052/3835/3
f 2043/3865/3 2053/3866/3 2050/3861/3
f 2135/3867/3 2137/3868/3 2134/3869/3
f 2139/3870/3 2141/3871/3 2138/3872/3
f 2143/3873/3 2145/3874/3 2142/3875/3
f 2147/3876/3 2149/3877/3 2146/3878/3
f 2046/3879/120 2071/3880/120 2053/3866/120
f 2059/3881/121 2072/3882/121 2046/3883/121
f 2061/3857/122 2073/3884/122 2059/3854/122
f 2053/3866/123 2074/3885/123 2061/3857/123
f 2045/3862/120 2075/3886/120 2054/3864/120
f 2063/3887/121 2076/3888/121 2045/3889/121
f 2063/3890/122 2078/3891/122 2077/3892/122
f 2054/3864/123 2078/3891/123 2064/3851/123
f 2045/3862/120 2080/3893/120 2079/3894/120
f 2061/3895/121 2080/3896/121 2053/3897/121
f 2063/3890/122 2081/3898/122 2061/3857/122
f 2045/3862/123 2082/3899/123 2063/3890/123
f 2054/3864/120 2083/3900/120 2055/3836/120
f 2064/3901/121 2084/3902/121 2054/3903/121
f 2064/3851/122 2086/3904/122 2085/3905/122
f 2055/3836/123 2086/3904/123 2056/3906/123
f 2058/3907/120 2087/3908/120 2060/3909/120
f 2058/3910/121 2089/3911/121 2088/3912/121
f 2068/3829/124 2089/3913/124 2069/3839/124
f 2060/3909/123 2090/3914/123 2068/3829/123
f 2062/3915/120 2091/3916/120 2065/3849/120
f 2062/3917/121 2093/3918/121 2092/3919/121
f 2070/3831/124 2094/3920/124 2093/3921/124
f 2065/3849/123 2094/3920/123 2067/3832/123
f 2065/3849/120 2095/3922/120 2057/3847/120
f 2065/3923/121 2097/3924/121 2096/3925/121
f 2067/3832/124 2098/3926/124 2097/3927/124
f 2057/3847/123 2098/3926/123 2066/3834/123
f 2062/3915/120 2100/3928/120 2099/3929/120
f 2060/3930/121 2101/3931/121 2100/3932/121
f 2070/3831/124 2101/3933/124 2068/3829/124
f 2062/3915/123 2102/3934/123 2070/3831/123
f 2111/3935/125 2107/3936/125 2110/3937/125
f 2110/3937/125 2106/3938/125 2109/3939/125
f 2109/3939/125 2105/3940/125 2112/3941/125
f 2108/3942/125 2103/3943/125 2111/3935/125
f 2060/3909/3 2112/3944/3 2058/3907/3
f 2062/3915/3 2109/3945/3 2060/3909/3
f 2065/3849/3 2110/3946/3 2062/3915/3
f 2104/3541/126 2113/3947/126 2103/3948/126
f 2106/3949/126 2114/3950/126 2105/3951/126
f 2107/3952/126 2116/3953/126 2106/3949/126
f 2103/3948/126 2117/3954/126 2107/3952/126
f 2113/3852/3 2063/3890/3 2117/3856/3
f 2072/3955/3 2118/3828/3 2071/3880/3
f 2073/3884/3 2119/3826/3 2072/3955/3
f 2074/3885/3 2120/3956/3 2073/3884/3
f 2071/3880/3 2121/3827/3 2074/3885/3
f 2076/3957/3 2122/3843/3 2075/3886/3
f 2077/3892/3 2123/3841/3 2076/3957/3
f 2078/3891/3 2124/3958/3 2077/3892/3
f 2075/3886/3 2125/3842/3 2078/3891/3
f 2080/3893/3 2126/3846/3 2079/3894/3
f 2081/3898/3 2127/3844/3 2080/3893/3
f 2081/3898/3 2129/3845/3 2128/3959/3
f 2079/3894/3 2129/3845/3 2082/3899/3
f 2083/3900/3 2131/3858/3 2130/3860/3
f 2085/3905/3 2131/3858/3 2084/3960/3
f 2086/3904/3 2132/3961/3 2085/3905/3
f 2083/3900/3 2133/3859/3 2086/3904/3
f 2088/3962/3 2134/3869/3 2087/3908/3
f 2088/3962/3 2136/3963/3 2135/3867/3
f 2090/3914/3 2136/3963/3 2089/3913/3
f 2087/3908/3 2137/3868/3 2090/3914/3
f 2092/3964/3 2138/3872/3 2091/3916/3
f 2092/3964/3 2140/3965/3 2139/3870/3
f 2094/3920/3 2140/3965/3 2093/3921/3
f 2091/3916/3 2141/3871/3 2094/3920/3
f 2095/3922/3 2143/3873/3 2142/3875/3
f 2096/3966/3 2144/3967/3 2143/3873/3
f 2098/3926/3 2144/3967/3 2097/3927/3
f 2095/3922/3 2145/3874/3 2098/3926/3
f 2100/3928/3 2146/3878/3 2099/3929/3
f 2100/3928/3 2148/3968/3 2147/3876/3
f 2101/3933/3 2149/3877/3 2148/3968/3
f 2099/3929/3 2149/3877/3 2102/3934/3
f 2031/3969/3 2150/3970/3 2032/3971/3
f 2030/3972/3 2151/3973/3 2031/3969/3
f 2029/3974/3 2152/3975/3 2030/3972/3
f 2032/3971/3 2153/3976/3 2029/3974/3
f 2157/3977/8 2160/3809/8 2156/3978/8
f 2156/3979/4 2159/3980/4 2155/3981/4
f 2158/3982/3 2163/3983/3 2162/3984/3
f 2161/3985/3 2164/3986/3 2160/3987/3
f 2158/3982/3 2165/3988/3 2161/3985/3
f 2160/3987/3 2163/3983/3 2159/3989/3
f 2154/3990/15 2161/3991/15 2157/3992/15
f 2155/3993/2 2158/3825/2 2154/3994/2
f 2244/3995/3 2246/3996/3 2243/3997/3
f 2193/3998/3 2173/3999/3 2195/4000/3
f 2192/4001/3 2166/4002/3 2191/4003/3
f 2177/4004/3 2180/4005/3 2169/4006/3
f 2195/4000/3 2172/4007/3 2192/4001/3
f 2194/4008/3 2174/4009/3 2193/3998/3
f 2248/4010/3 2250/4011/3 2247/4012/3
f 2252/4013/3 2254/4014/3 2251/4015/3
f 2182/4016/3 2236/4017/3 2190/4018/3
f 2240/4019/3 2189/4020/3 2238/4021/3
f 2241/4022/3 2184/4023/3 2239/4024/3
f 2242/4025/3 2186/4026/3 2241/4022/3
f 2256/4027/3 2258/4028/3 2255/4029/3
f 2175/4030/3 2170/4031/3 2176/4032/3
f 2176/4032/3 2179/4033/3 2177/4004/3
f 2168/4034/3 2178/4035/3 2175/4030/3
f 2260/4036/3 2262/4037/3 2259/4038/3
f 2264/4039/3 2266/4040/3 2263/4041/3
f 2268/4042/3 2270/4043/3 2267/4044/3
f 2272/4045/3 2274/4046/3 2271/4047/3
f 2171/4048/120 2196/4049/120 2178/4035/120
f 2184/4050/121 2197/4051/121 2171/4052/121
f 2186/4026/122 2198/4053/122 2184/4023/122
f 2178/4035/123 2199/4054/123 2186/4026/123
f 2170/4031/120 2200/4055/120 2179/4033/120
f 2188/4056/121 2201/4057/121 2170/4058/121
f 2188/4059/122 2203/4060/122 2202/4061/122
f 2179/4033/123 2203/4060/123 2189/4020/123
f 2170/4031/120 2205/4062/120 2204/4063/120
f 2186/4064/121 2205/4065/121 2178/4066/121
f 2188/4059/122 2206/4067/122 2186/4026/122
f 2170/4031/123 2207/4068/123 2188/4059/123
f 2179/4033/120 2208/4069/120 2180/4005/120
f 2189/4070/121 2209/4071/121 2179/4072/121
f 2189/4020/122 2211/4073/122 2210/4074/122
f 2180/4005/123 2211/4073/123 2181/4075/123
f 2183/4076/120 2212/4077/120 2185/4078/120
f 2183/4079/121 2214/4080/121 2213/4081/121
f 2193/3998/124 2214/4082/124 2194/4008/124
f 2185/4078/123 2215/4083/123 2193/3998/123
f 2187/4084/120 2216/4085/120 2190/4018/120
f 2187/4086/121 2218/4087/121 2217/4088/121
f 2195/4000/124 2219/4089/124 2218/4090/124
f 2190/4018/123 2219/4089/123 2192/4001/123
f 2190/4018/120 2220/4091/120 2182/4016/120
f 2190/4092/121 2222/4093/121 2221/4094/121
f 2192/4001/124 2223/4095/124 2222/4096/124
f 2182/4016/123 2223/4095/123 2191/4003/123
f 2187/4084/120 2225/4097/120 2224/4098/120
f 2185/4099/121 2226/4100/121 2225/4101/121
f 2195/4000/124 2226/4102/124 2193/3998/124
f 2187/4084/123 2227/4103/123 2195/4000/123
f 2236/4104/125 2232/4105/125 2235/4106/125
f 2235/4106/125 2231/4107/125 2234/4108/125
f 2234/4108/125 2230/4109/125 2237/4110/125
f 2233/4111/125 2228/4112/125 2236/4104/125
f 2185/4078/3 2237/339/3 2183/4076/3
f 2187/4084/3 2234/4113/3 2185/4078/3
f 2190/4018/3 2235/4114/3 2187/4084/3
f 2229/4115/126 2238/4116/126 2228/4117/126
f 2231/4118/126 2239/3951/126 2230/4119/126
f 2232/4120/126 2241/3949/126 2231/4118/126
f 2228/4117/126 2242/3952/126 2232/4120/126
f 2238/4021/3 2188/4059/3 2242/4025/3
f 2197/4121/3 2243/3997/3 2196/4049/3
f 2198/4053/3 2244/3995/3 2197/4121/3
f 2199/4054/3 2245/4122/3 2198/4053/3
f 2196/4049/3 2246/3996/3 2199/4054/3
f 2201/4123/3 2247/4012/3 2200/4055/3
f 2202/4061/3 2248/4010/3 2201/4123/3
f 2203/4060/3 2249/4124/3 2202/4061/3
f 2200/4055/3 2250/4011/3 2203/4060/3
f 2205/4062/3 2251/4015/3 2204/4063/3
f 2206/4067/3 2252/4013/3 2205/4062/3
f 2206/4067/3 2254/4014/3 2253/4125/3
f 2204/4063/3 2254/4014/3 2207/4068/3
f 2208/4069/3 2256/4027/3 2255/4029/3
f 2210/4074/3 2256/4027/3 2209/4126/3
f 2211/4073/3 2257/4127/3 2210/4074/3
f 2208/4069/3 2258/4028/3 2211/4073/3
f 2213/4128/3 2259/4038/3 2212/4077/3
f 2214/4082/3 2260/4036/3 2213/4128/3
f 2215/4083/3 2261/4129/3 2214/4082/3
f 2212/4077/3 2262/4037/3 2215/4083/3
f 2217/4130/3 2263/4041/3 2216/4085/3
f 2218/4090/3 2264/4039/3 2217/4130/3
f 2219/4089/3 2265/4131/3 2218/4090/3
f 2216/4085/3 2266/4040/3 2219/4089/3
f 2220/4091/3 2268/4042/3 2267/4044/3
f 2222/4096/3 2268/4042/3 2221/4132/3
f 2223/4095/3 2269/4133/3 2222/4096/3
f 2220/4091/3 2270/4043/3 2223/4095/3
f 2225/4097/3 2271/4047/3 2224/4098/3
f 2226/4102/3 2272/4045/3 2225/4097/3
f 2226/4102/3 2274/4046/3 2273/4134/3
f 2224/4098/3 2274/4046/3 2227/4103/3
f 2156/4135/3 2275/4136/3 2157/4137/3
f 2155/4138/3 2276/4139/3 2156/4135/3
f 2154/4140/3 2277/4141/3 2155/4138/3
f 2157/4137/3 2278/4142/3 2154/4140/3
f 2282/4143/8 2285/4144/8 2281/4145/8
f 2281/4146/4 2284/4147/4 2280/4148/4
f 2283/4149/3 2288/4150/3 2287/4151/3
f 2286/4152/3 2289/4153/3 2285/4154/3
f 2283/4149/3 2290/4155/3 2286/4152/3
f 2284/4156/3 2289/4153/3 2288/4150/3
f 2279/4157/15 2286/4158/15 2282/3684/15
f 2280/4159/2 2283/4160/2 2279/4161/2
f 2369/4162/3 2371/4163/3 2368/4164/3
f 2318/4165/3 2298/4166/3 2320/4167/3
f 2317/4168/3 2291/4169/3 2316/4170/3
f 2302/4171/3 2305/4172/3 2294/4173/3
f 2320/4167/3 2297/4174/3 2317/4168/3
f 2319/4175/3 2299/4176/3 2318/4165/3
f 2373/4177/3 2375/4178/3 2372/4179/3
f 2377/4180/3 2379/4181/3 2376/4182/3
f 2307/4183/3 2361/4184/3 2315/4185/3
f 2365/4186/3 2314/4187/3 2363/4188/3
f 2366/4189/3 2309/4190/3 2364/4191/3
f 2367/4192/3 2311/4193/3 2366/4189/3
f 2381/4194/3 2383/4195/3 2380/4196/3
f 2300/4197/3 2295/4198/3 2301/4199/3
f 2301/4199/3 2304/4200/3 2302/4171/3
f 2293/203/3 2303/4201/3 2300/4197/3
f 2385/4202/3 2387/4203/3 2384/4204/3
f 2389/4205/3 2391/4206/3 2388/4207/3
f 2393/4208/3 2395/4209/3 2392/4210/3
f 2397/4211/3 2399/4212/3 2396/4213/3
f 2296/4214/120 2321/4215/120 2303/4201/120
f 2296/4216/121 2323/4217/121 2322/4218/121
f 2311/4193/122 2323/4219/122 2309/4190/122
f 2303/4201/123 2324/4220/123 2311/4193/123
f 2295/4198/120 2325/4221/120 2304/4200/120
f 2295/4222/121 2327/4223/121 2326/4224/121
f 2314/4187/122 2327/4225/122 2313/4226/122
f 2304/4200/123 2328/4227/123 2314/4187/123
f 2303/4201/120 2329/4228/120 2295/4198/120
f 2303/4229/121 2331/4230/121 2330/4231/121
f 2313/4226/122 2331/4232/122 2311/4193/122
f 2295/4198/123 2332/4233/123 2313/4226/123
f 2304/4200/120 2333/4234/120 2305/4172/120
f 2304/4235/121 2335/4236/121 2334/4237/121
f 2314/4187/122 2336/4238/122 2335/4239/122
f 2305/4172/123 2336/4238/123 2306/4240/123
f 2308/4241/120 2337/4242/120 2310/4243/120
f 2319/4244/121 2338/4245/121 2308/4246/121
f 2318/4165/122 2339/4247/122 2319/4175/122
f 2310/4243/123 2340/4248/123 2318/4165/123
f 2312/4249/120 2341/4250/120 2315/4185/120
f 2320/4251/121 2342/4252/121 2312/4253/121
f 2317/4168/122 2343/4254/122 2320/4167/122
f 2315/4185/123 2344/4255/123 2317/4168/123
f 2315/4185/120 2345/4256/120 2307/4183/120
f 2317/4257/121 2346/4258/121 2315/4259/121
f 2317/4168/122 2348/4260/122 2347/4261/122
f 2307/4183/123 2348/4260/123 2316/4170/123
f 2310/4243/120 2349/4262/120 2312/4249/120
f 2318/4263/121 2350/4264/121 2310/4265/121
f 2320/4167/122 2351/4266/122 2318/4165/122
f 2312/4249/123 2352/4267/123 2320/4167/123
f 2361/4268/125 2357/4269/125 2360/4270/125
f 2360/4270/125 2356/4271/125 2359/4272/125
f 2359/4272/125 2355/4273/125 2362/4274/125
f 2358/4275/125 2353/4276/125 2361/4268/125
f 2310/4243/3 2362/4277/3 2308/4241/3
f 2312/4249/3 2359/4278/3 2310/4243/3
f 2315/4185/3 2360/4279/3 2312/4249/3
f 2354/4280/126 2363/4281/126 2353/4282/126
f 2356/4283/126 2364/4284/126 2355/4285/126
f 2357/4286/126 2366/4287/126 2356/4283/126
f 2353/4282/126 2367/4288/126 2357/4286/126
f 2363/4188/3 2313/4226/3 2367/4192/3
f 2322/4289/3 2368/4164/3 2321/4215/3
f 2323/4219/3 2369/4162/3 2322/4289/3
f 2324/4220/3 2370/4290/3 2323/4219/3
f 2324/4220/3 2368/4164/3 2371/4163/3
f 2325/4221/3 2373/4177/3 2372/4179/3
f 2327/4225/3 2373/4177/3 2326/4291/3
f 2328/4227/3 2374/4292/3 2327/4225/3
f 2328/4227/3 2372/4179/3 2375/4178/3
f 2329/4228/3 2377/4180/3 2376/4182/3
f 2331/4232/3 2377/4180/3 2330/4293/3
f 2332/4233/3 2378/4294/3 2331/4232/3
f 2332/4233/3 2376/4182/3 2379/4181/3
f 2333/4234/3 2381/4194/3 2380/4196/3
f 2335/4239/3 2381/4194/3 2334/4295/3
f 2336/4238/3 2382/4296/3 2335/4239/3
f 2336/4238/3 2380/4196/3 2383/4195/3
f 2338/4297/3 2384/4204/3 2337/4242/3
f 2338/4297/3 2386/4298/3 2385/4202/3
f 2340/4248/3 2386/4298/3 2339/4247/3
f 2337/4242/3 2387/4203/3 2340/4248/3
f 2341/4250/3 2389/4205/3 2388/4207/3
f 2343/4254/3 2389/4205/3 2342/4299/3
f 2344/4255/3 2390/4300/3 2343/4254/3
f 2341/4250/3 2391/4206/3 2344/4255/3
f 2345/4256/3 2393/4208/3 2392/4210/3
f 2347/4261/3 2393/4208/3 2346/4301/3
f 2348/4260/3 2394/4302/3 2347/4261/3
f 2345/4256/3 2395/4209/3 2348/4260/3
f 2349/4262/3 2397/4211/3 2396/4213/3
f 2351/4266/3 2397/4211/3 2350/4303/3
f 2352/4267/3 2398/4304/3 2351/4266/3
f 2349/4262/3 2399/4212/3 2352/4267/3
f 2281/4305/3 2400/4306/3 2282/4307/3
f 2280/4308/3 2401/4309/3 2281/4305/3
f 2279/4310/3 2402/4311/3 2280/4308/3
f 2279/4310/3 2400/4306/3 2403/4312/3
f 2407/4313/2 2410/3977/2 2406/4314/2
f 2406/4315/4 2409/4316/4 2405/4317/4
f 2409/4318/1 2412/4319/1 2408/4320/1
f 2411/4321/1 2414/4322/1 2410/4323/1
f 2408/4320/1 2415/1458/1 2411/4321/1
f 2410/4323/1 2413/4153/1 2409/4318/1
f 2404/4324/15 2411/4325/15 2407/4326/15
f 2405/4327/8 2408/4145/8 2404/4144/8
f 2494/4328/1 2496/4329/1 2493/4330/1
f 2443/4331/1 2423/4332/1 2445/4333/1
f 2442/4334/1 2416/4335/1 2441/4336/1
f 2427/4337/1 2430/4338/1 2419/4339/1
f 2445/4333/1 2422/4340/1 2442/4334/1
f 2444/4341/1 2424/4342/1 2443/4331/1
f 2498/4343/1 2500/4344/1 2497/4345/1
f 2502/4346/1 2504/4347/1 2501/4348/1
f 2432/4349/1 2486/4350/1 2440/4351/1
f 2490/4352/1 2439/4353/1 2488/4354/1
f 2491/4355/1 2434/4356/1 2489/1337/1
f 2492/4357/1 2436/4358/1 2491/4355/1
f 2506/4359/1 2508/4360/1 2505/4361/1
f 2425/4362/1 2420/4363/1 2426/4364/1
f 2426/4364/1 2429/4365/1 2427/4337/1
f 2418/4366/1 2428/4367/1 2425/4362/1
f 2510/4368/1 2512/4369/1 2509/4370/1
f 2514/4371/1 2516/4372/1 2513/4373/1
f 2518/4374/1 2520/4375/1 2517/4376/1
f 2522/4377/1 2524/4378/1 2521/4379/1
f 2421/4380/127 2446/4381/127 2428/4367/127
f 2434/4356/128 2447/4382/128 2421/4380/128
f 2436/4358/129 2448/4383/129 2434/4356/129
f 2436/4384/130 2446/4385/130 2449/4386/130
f 2420/4363/127 2450/4387/127 2429/4365/127
f 2438/4388/128 2451/4389/128 2420/4363/128
f 2439/4353/129 2452/4390/129 2438/4388/129
f 2429/4391/130 2453/4392/130 2439/4393/130
f 2428/4367/127 2454/4394/127 2420/4363/127
f 2436/4358/128 2455/4395/128 2428/4367/128
f 2438/4388/129 2456/4396/129 2436/4358/129
f 2420/4397/130 2457/4398/130 2438/4399/130
f 2429/4365/127 2458/4400/127 2430/4338/127
f 2439/4353/128 2459/4401/128 2429/4365/128
f 2439/4353/129 2461/4402/129 2460/4403/129
f 2430/4404/130 2461/4405/130 2431/4406/130
f 2433/4407/127 2462/4408/127 2435/4409/127
f 2433/4407/128 2464/4410/128 2463/4411/128
f 2443/4331/131 2464/4410/131 2444/4341/131
f 2435/4412/130 2465/4413/130 2443/4414/130
f 2437/4415/127 2466/4416/127 2440/4351/127
f 2437/4415/128 2468/4417/128 2467/4418/128
f 2442/4334/131 2468/4417/131 2445/4333/131
f 2440/4419/130 2469/4420/130 2442/4421/130
f 2440/4351/127 2470/4422/127 2432/4349/127
f 2440/4351/128 2472/4423/128 2471/4424/128
f 2442/4334/131 2473/4425/131 2472/4423/131
f 2432/4414/130 2473/4426/130 2441/4419/130
f 2435/4409/127 2474/4427/127 2437/4415/127
f 2435/4409/128 2476/4428/128 2475/4429/128
f 2445/4333/131 2476/4428/131 2443/4331/131
f 2437/4430/130 2477/4431/130 2445/4412/130
f 2486/4281/132 2482/4432/132 2485/4288/132
f 2485/4288/132 2481/4433/132 2484/4287/132
f 2484/4287/132 2480/4434/132 2487/4284/132
f 2483/4119/132 2478/4435/132 2486/4281/132
f 2435/4409/1 2487/4436/1 2433/4407/1
f 2437/4415/1 2484/4437/1 2435/4409/1
f 2440/4351/1 2485/4438/1 2437/4415/1
f 2479/3941/133 2488/4439/133 2478/4440/133
f 2481/4441/133 2489/4442/133 2480/4443/133
f 2482/4444/133 2491/4445/133 2481/4441/133
f 2478/4440/133 2492/4446/133 2482/4444/133
f 2488/4354/1 2438/4388/1 2492/4357/1
f 2447/4382/1 2493/4330/1 2446/4381/1
f 2448/4383/1 2494/4328/1 2447/4382/1
f 2449/4447/1 2495/4448/1 2448/4383/1
f 2446/4381/1 2496/4329/1 2449/4447/1
f 2450/4387/1 2498/4343/1 2497/4345/1
f 2451/4389/1 2499/4449/1 2498/4343/1
f 2453/4450/1 2499/4449/1 2452/4390/1
f 2450/4387/1 2500/4344/1 2453/4450/1
f 2454/4394/1 2502/4346/1 2501/4348/1
f 2455/4395/1 2503/4451/1 2502/4346/1
f 2457/4452/1 2503/4451/1 2456/4396/1
f 2454/4394/1 2504/4347/1 2457/4452/1
f 2458/4400/1 2506/4359/1 2505/4361/1
f 2459/4401/1 2507/4453/1 2506/4359/1
f 2461/4402/1 2507/4453/1 2460/4403/1
f 2458/4400/1 2508/4360/1 2461/4402/1
f 2463/4411/1 2509/4370/1 2462/4408/1
f 2464/4410/1 2510/4368/1 2463/4411/1
f 2465/4454/1 2511/4455/1 2464/4410/1
f 2462/4408/1 2512/4369/1 2465/4454/1
f 2466/4416/1 2514/4371/1 2513/4373/1
f 2468/4417/1 2514/4371/1 2467/4418/1
f 2469/4456/1 2515/4457/1 2468/4417/1
f 2466/4416/1 2516/4372/1 2469/4456/1
f 2470/4422/1 2518/4374/1 2517/4376/1
f 2472/4423/1 2518/4374/1 2471/4424/1
f 2473/4425/1 2519/4458/1 2472/4423/1
f 2470/4422/1 2520/4375/1 2473/4425/1
f 2474/4427/1 2522/4377/1 2521/4379/1
f 2476/4428/1 2522/4377/1 2475/4429/1
f 2477/4459/1 2523/4460/1 2476/4428/1
f 2474/4427/1 2524/4378/1 2477/4459/1
f 2406/3661/1 2525/4461/1 2407/4462/1
f 2405/4463/1 2526/4464/1 2406/3661/1
f 2404/4465/1 2527/4466/1 2405/4463/1
f 2407/4462/1 2528/4467/1 2404/4465/1
f 2532/3823/2 2535/3807/2 2531/3977/2
f 2531/4468/4 2534/4469/4 2530/4470/4
f 2533/4471/1 2538/445/1 2537/4472/1
f 2536/4473/1 2539/4474/1 2535/4475/1
f 2533/4471/1 2540/4476/1 2536/4473/1
f 2534/4477/1 2539/4474/1 2538/445/1
f 2529/4478/15 2536/4479/15 2532/3681/15
f 2530/4480/8 2533/3978/8 2529/3809/8
f 2619/4481/1 2621/4482/1 2618/4483/1
f 2568/4484/1 2548/4485/1 2570/4486/1
f 2567/4487/1 2541/4488/1 2566/4489/1
f 2552/4490/1 2555/4491/1 2544/1572/1
f 2570/4486/1 2547/4492/1 2567/4487/1
f 2569/4493/1 2549/4494/1 2568/4484/1
f 2623/4495/1 2625/4496/1 2622/4497/1
f 2627/4498/1 2629/4499/1 2626/4500/1
f 2557/4501/1 2611/4502/1 2565/4503/1
f 2615/4504/1 2564/4505/1 2613/4506/1
f 2616/4507/1 2559/4508/1 2614/1369/1
f 2617/4509/1 2561/4510/1 2616/4507/1
f 2631/4511/1 2633/4512/1 2630/4513/1
f 2550/4514/1 2545/4515/1 2551/4516/1
f 2551/4516/1 2554/4517/1 2552/4490/1
f 2543/4518/1 2553/4519/1 2550/4514/1
f 2635/4520/1 2637/4521/1 2634/4522/1
f 2639/4523/1 2641/4524/1 2638/4525/1
f 2643/4526/1 2645/4527/1 2642/4528/1
f 2647/4529/1 2649/4530/1 2646/4531/1
f 2546/4532/127 2571/4533/127 2553/4519/127
f 2559/4508/128 2572/4534/128 2546/4532/128
f 2561/4510/129 2573/4535/129 2559/4508/129
f 2553/4536/130 2574/4537/130 2561/4538/130
f 2545/4515/127 2575/4539/127 2554/4517/127
f 2563/4540/134 2576/4541/135 2545/4515/135
f 2563/4540/129 2578/4542/129 2577/4543/129
f 2554/4544/130 2578/4545/130 2564/4546/130
f 2545/4515/127 2580/4547/127 2579/4548/127
f 2561/4510/128 2580/4547/128 2553/4519/128
f 2563/4540/129 2581/4549/129 2561/4510/129
f 2545/4550/136 2582/4551/130 2563/4552/130
f 2554/4517/127 2583/4553/127 2555/4491/127
f 2564/4505/134 2584/4554/135 2554/4517/135
f 2564/4505/129 2586/4555/129 2585/4556/129
f 2555/4557/136 2586/4558/136 2556/4559/136
f 2558/4560/127 2587/4561/127 2560/4562/127
f 2569/4493/128 2588/4563/128 2558/4560/128
f 2568/4484/129 2589/4564/129 2569/4493/129
f 2568/4565/130 2587/4566/130 2590/4567/130
f 2562/4568/127 2591/4569/127 2565/4503/127
f 2570/4486/135 2592/4570/135 2562/4568/135
f 2570/4486/129 2594/4571/129 2593/4572/129
f 2567/4573/130 2591/4574/130 2594/4575/130
f 2565/4503/127 2595/4576/127 2557/4501/127
f 2567/4487/134 2596/4577/134 2565/4503/134
f 2567/4487/129 2598/4578/129 2597/4579/129
f 2566/4580/136 2595/4581/136 2598/4582/137
f 2562/4568/127 2600/4583/127 2599/4584/127
f 2568/4484/128 2600/4583/128 2560/4562/128
f 2570/4486/129 2601/4585/129 2568/4484/129
f 2570/4586/130 2599/4587/130 2602/4588/130
f 2611/4589/132 2607/4590/132 2610/4591/132
f 2610/4591/132 2606/4592/132 2609/4593/132
f 2609/4593/132 2605/4594/132 2612/4595/132
f 2608/4596/132 2603/4597/132 2611/4589/132
f 2560/4562/1 2612/4598/1 2558/4560/1
f 2562/4568/1 2609/4599/1 2560/4562/1
f 2565/4503/1 2610/4600/1 2562/4568/1
f 2604/4601/133 2613/4602/133 2603/4603/133
f 2606/4604/138 2614/4605/138 2605/4606/138
f 2606/4604/138 2617/4607/133 2616/4608/138
f 2603/4603/133 2617/4607/133 2607/4609/133
f 2613/4506/1 2563/4540/1 2617/4509/1
f 2572/4534/1 2618/4483/1 2571/4533/1
f 2573/4535/1 2619/4481/1 2572/4534/1
f 2574/4610/1 2620/4611/1 2573/4535/1
f 2571/4533/1 2621/4482/1 2574/4610/1
f 2576/4541/1 2622/4497/1 2575/4539/1
f 2577/4543/1 2623/4495/1 2576/4541/1
f 2578/4542/1 2624/4612/1 2577/4543/1
f 2575/4539/1 2625/4496/1 2578/4542/1
f 2580/4547/1 2626/4500/1 2579/4548/1
f 2581/4549/1 2627/4498/1 2580/4547/1
f 2581/4549/1 2629/4499/1 2628/4613/1
f 2579/4548/1 2629/4499/1 2582/4614/1
f 2583/4553/1 2631/4511/1 2630/4513/1
f 2585/4556/1 2631/4511/1 2584/4554/1
f 2586/4555/1 2632/4615/1 2585/4556/1
f 2583/4553/1 2633/4512/1 2586/4555/1
f 2588/4563/1 2634/4522/1 2587/4561/1
f 2588/4563/1 2636/4616/1 2635/4520/1
f 2590/4617/1 2636/4616/1 2589/4564/1
f 2587/4561/1 2637/4521/1 2590/4617/1
f 2592/4570/1 2638/4525/1 2591/4569/1
f 2592/4570/1 2640/4618/1 2639/4523/1
f 2594/4571/1 2640/4618/1 2593/4572/1
f 2591/4569/1 2641/4524/1 2594/4571/1
f 2595/4576/1 2643/4526/1 2642/4528/1
f 2596/4577/1 2644/4619/1 2643/4526/1
f 2598/4578/1 2644/4619/1 2597/4579/1
f 2595/4576/1 2645/4527/1 2598/4578/1
f 2600/4583/1 2646/4531/1 2599/4584/1
f 2600/4583/1 2648/4620/1 2647/4529/1
f 2601/4585/1 2649/4530/1 2648/4620/1
f 2599/4584/1 2649/4530/1 2602/4621/1
f 2531/4622/1 2650/4623/1 2532/4624/1
f 2530/1576/1 2651/4625/1 2531/4622/1
f 2529/4626/1 2652/4627/1 2530/1576/1
f 2532/4624/1 2653/4628/1 2529/4626/1
f 2657/3993/2 2660/4629/2 2656/3807/2
f 2656/4630/4 2659/4631/4 2655/4632/4
f 2658/4633/1 2663/435/1 2662/4634/1
f 2661/4635/1 2664/4636/1 2660/4637/1
f 2661/4635/1 2662/4634/1 2665/4638/1
f 2660/4637/1 2663/435/1 2659/4639/1
f 2654/4640/15 2661/4641/15 2657/4642/15
f 2655/4643/8 2658/3809/8 2654/3808/8
f 2744/4644/1 2746/4645/1 2743/4646/1
f 2693/4647/1 2673/4648/1 2695/4649/1
f 2692/4650/1 2666/4651/1 2691/4652/1
f 2677/4653/1 2680/4654/1 2669/4655/1
f 2695/4649/1 2672/4656/1 2692/4650/1
f 2694/4657/1 2674/4658/1 2693/4647/1
f 2748/4659/1 2750/4660/1 2747/4661/1
f 2752/4662/1 2754/4663/1 2751/4664/1
f 2682/4665/1 2736/4666/1 2690/4667/1
f 2740/4668/1 2689/4669/1 2738/4670/1
f 2741/4671/1 2684/4672/1 2739/1507/1
f 2742/4673/1 2686/4674/1 2741/4671/1
f 2756/4675/1 2758/4676/1 2755/4677/1
f 2675/4678/1 2670/4679/1 2676/4680/1
f 2676/4680/1 2679/4681/1 2677/4653/1
f 2668/4682/1 2678/4683/1 2675/4678/1
f 2760/4684/1 2762/4685/1 2759/4686/1
f 2764/4687/1 2766/4688/1 2763/4689/1
f 2768/4690/1 2770/4691/1 2767/4692/1
f 2772/4693/1 2774/4694/1 2771/4695/1
f 2671/4696/127 2696/4697/127 2678/4683/127
f 2684/4672/128 2697/4698/128 2671/4696/128
f 2686/4674/129 2698/4699/129 2684/4672/129
f 2686/4700/130 2696/4701/130 2699/4702/130
f 2670/4679/127 2700/4703/127 2679/4681/127
f 2688/4704/134 2701/4705/135 2670/4679/135
f 2688/4704/129 2703/4706/129 2702/4707/129
f 2689/4708/130 2700/4709/130 2703/4710/130
f 2670/4679/127 2705/4711/127 2704/4712/127
f 2686/4674/128 2705/4711/128 2678/4683/128
f 2688/4704/129 2706/4713/129 2686/4674/129
f 2688/4714/130 2704/4715/130 2707/4716/136
f 2679/4681/127 2708/4717/127 2680/4654/127
f 2689/4669/134 2709/4718/135 2679/4681/135
f 2689/4669/129 2711/4719/129 2710/4720/129
f 2681/4721/137 2708/4722/136 2711/4723/137
f 2683/4724/127 2712/4725/127 2685/4726/127
f 2683/4724/128 2714/4727/128 2713/4728/128
f 2693/4647/129 2714/4727/129 2694/4657/129
f 2685/4729/130 2715/4730/130 2693/4731/130
f 2687/4732/127 2716/4733/127 2690/4667/127
f 2687/4732/134 2718/4734/135 2717/4735/134
f 2695/4649/129 2719/4736/129 2718/4734/129
f 2690/4737/130 2719/4738/130 2692/4739/130
f 2690/4667/127 2720/4740/127 2682/4665/127
f 2690/4667/134 2722/4741/134 2721/4742/134
f 2692/4650/129 2723/4743/129 2722/4741/129
f 2682/4744/136 2723/4745/136 2691/4746/136
f 2687/4732/127 2725/4747/127 2724/4748/127
f 2685/4726/128 2726/4749/128 2725/4747/128
f 2695/4649/129 2726/4749/129 2693/4647/129
f 2687/4750/130 2727/4751/130 2695/4752/130
f 2736/4753/132 2732/4120/132 2735/4754/132
f 2735/4754/132 2731/4755/132 2734/4756/132
f 2734/4756/132 2730/4119/132 2737/4280/132
f 2733/4757/132 2728/4117/132 2736/4753/132
f 2685/4726/1 2737/4339/1 2683/4724/1
f 2687/4732/1 2734/4758/1 2685/4726/1
f 2690/4667/1 2735/4759/1 2687/4732/1
f 2729/4595/133 2738/4760/133 2728/4761/133
f 2731/4762/133 2739/4763/133 2730/4764/133
f 2732/4765/133 2741/4766/133 2731/4762/133
f 2728/4761/133 2742/4767/133 2732/4765/133
f 2738/4670/1 2688/4704/1 2742/4673/1
f 2697/4698/1 2743/4646/1 2696/4697/1
f 2697/4698/1 2745/4768/1 2744/4644/1
f 2699/4769/1 2745/4768/1 2698/4699/1
f 2696/4697/1 2746/4645/1 2699/4769/1
f 2701/4705/1 2747/4661/1 2700/4703/1
f 2701/4705/1 2749/4770/1 2748/4659/1
f 2703/4706/1 2749/4770/1 2702/4707/1
f 2700/4703/1 2750/4660/1 2703/4706/1
f 2705/4711/1 2751/4664/1 2704/4712/1
f 2705/4711/1 2753/4771/1 2752/4662/1
f 2706/4713/1 2754/4663/1 2753/4771/1
f 2704/4712/1 2754/4663/1 2707/4772/1
f 2708/4717/1 2756/4675/1 2755/4677/1
f 2709/4718/1 2757/4773/1 2756/4675/1
f 2711/4719/1 2757/4773/1 2710/4720/1
f 2708/4717/1 2758/4676/1 2711/4719/1
f 2713/4728/1 2759/4686/1 2712/4725/1
f 2713/4728/1 2761/4774/1 2760/4684/1
f 2715/4775/1 2761/4774/1 2714/4727/1
f 2712/4725/1 2762/4685/1 2715/4775/1
f 2717/4735/1 2763/4689/1 2716/4733/1
f 2717/4735/1 2765/4776/1 2764/4687/1
f 2719/4736/1 2765/4776/1 2718/4734/1
f 2716/4733/1 2766/4688/1 2719/4736/1
f 2720/4740/1 2768/4690/1 2767/4692/1
f 2721/4742/1 2769/4777/1 2768/4690/1
f 2723/4743/1 2769/4777/1 2722/4741/1
f 2720/4740/1 2770/4691/1 2723/4743/1
f 2725/4747/1 2771/4695/1 2724/4748/1
f 2725/4747/1 2773/4778/1 2772/4693/1
f 2726/4749/1 2774/4694/1 2773/4778/1
f 2724/4748/1 2774/4694/1 2727/4779/1
f 2656/4780/1 2775/4781/1 2657/4782/1
f 2655/4783/1 2776/4784/1 2656/4780/1
f 2654/4785/1 2777/4786/1 2655/4783/1
f 2657/4782/1 2778/4787/1 2654/4785/1
f 2782/4788/2 2785/4789/2 2781/4790/2
f 2781/4791/4 2784/4792/4 2780/4793/4
f 2784/4794/1 2787/4795/1 2783/4796/1
f 2786/4797/1 2789/4798/1 2785/4799/1
f 2783/4796/1 2790/1520/1 2786/4797/1
f 2785/4799/1 2788/254/1 2784/4794/1
f 2779/4800/15 2786/4801/15 2782/4802/15
f 2780/4803/8 2783/4480/8 2779/4643/8
f 2869/4804/1 2871/4805/1 2868/4806/1
f 2818/4807/1 2798/4808/1 2820/4809/1
f 2817/4810/1 2791/4811/1 2816/4341/1
f 2802/4812/1 2805/4813/1 2794/4814/1
f 2820/4809/1 2797/4815/1 2817/4810/1
f 2819/4816/1 2799/4817/1 2818/4807/1
f 2873/4818/1 2875/4819/1 2872/4820/1
f 2877/4821/1 2879/4822/1 2876/4823/1
f 2807/4407/1 2861/4824/1 2815/4825/1
f 2865/4826/1 2814/4827/1 2863/4828/1
f 2866/4829/1 2809/4830/1 2864/1635/1
f 2867/4831/1 2811/4832/1 2866/4829/1
f 2881/4833/1 2883/4834/1 2880/4835/1
f 2800/4836/1 2795/4837/1 2801/4838/1
f 2801/4838/1 2804/4839/1 2802/4812/1
f 2793/4840/1 2803/4841/1 2800/4836/1
f 2885/4842/1 2887/4843/1 2884/4844/1
f 2889/4845/1 2891/4846/1 2888/4847/1
f 2893/4848/1 2895/4849/1 2892/4850/1
f 2897/4851/1 2899/4852/1 2896/4853/1
f 2803/4841/127 2822/4854/127 2821/4855/127
f 2809/4830/128 2822/4854/128 2796/4856/128
f 2811/4832/129 2823/4857/129 2809/4830/129
f 2803/4858/137 2824/4859/136 2811/4860/136
f 2795/4837/127 2825/4861/127 2804/4839/127
f 2813/4862/128 2826/4863/128 2795/4837/128
f 2814/4827/129 2827/4864/129 2813/4862/129
f 2804/4865/130 2828/4866/130 2814/3887/130
f 2803/4841/127 2829/4867/127 2795/4837/127
f 2811/4832/128 2830/4868/128 2803/4841/128
f 2811/4832/129 2832/4869/129 2831/4870/129
f 2795/4871/130 2832/4872/130 2813/4873/130
f 2804/4839/127 2833/4874/127 2805/4813/127
f 2814/4827/128 2834/4875/128 2804/4839/128
f 2806/4876/129 2835/4877/129 2814/4827/129
f 2805/4878/130 2836/4879/130 2806/4880/130
f 2810/4881/127 2838/4882/127 2837/4883/127
f 2819/4816/128 2838/4882/128 2808/4884/128
f 2818/4807/129 2839/4885/129 2819/4816/129
f 2818/4886/137 2837/4887/137 2840/4888/137
f 2812/4889/127 2841/4890/127 2815/4825/127
f 2820/4809/128 2842/4891/128 2812/4889/128
f 2817/4810/129 2843/4892/129 2820/4809/129
f 2817/4893/130 2841/4894/130 2844/4895/130
f 2815/4825/127 2845/4896/127 2807/4407/127
f 2817/4810/128 2846/4897/128 2815/4825/128
f 2816/4341/129 2847/4898/129 2817/4810/129
f 2816/4899/136 2845/4900/136 2848/4901/136
f 2810/4881/127 2849/4902/127 2812/4889/127
f 2818/4807/128 2850/4903/128 2810/4881/128
f 2818/4807/129 2852/4904/129 2851/4905/129
f 2820/4906/130 2849/4907/130 2852/4908/130
f 2861/4435/139 2857/4909/139 2860/4432/139
f 2860/4432/139 2856/4910/139 2859/4433/139
f 2859/4433/139 2855/3994/139 2862/4434/139
f 2858/3951/132 2853/4911/139 2861/4435/139
f 2810/4881/1 2862/418/1 2808/4884/1
f 2812/4889/1 2859/4912/1 2810/4881/1
f 2815/4825/1 2860/4913/1 2812/4889/1
f 2854/4914/138 2863/4915/138 2853/4916/138
f 2856/4917/138 2864/4918/138 2855/4919/138
f 2857/4920/138 2866/4921/138 2856/4917/138
f 2853/4916/138 2867/4922/138 2857/4920/138
f 2863/4828/1 2813/4862/1 2867/4831/1
f 2822/4854/1 2868/4806/1 2821/4855/1
f 2823/4857/1 2869/4804/1 2822/4854/1
f 2823/4857/1 2871/4805/1 2870/4923/1
f 2821/4855/1 2871/4805/1 2824/4924/1
f 2826/4863/1 2872/4820/1 2825/4861/1
f 2827/4864/1 2873/4818/1 2826/4863/1
f 2828/4925/1 2874/4926/1 2827/4864/1
f 2825/4861/1 2875/4819/1 2828/4925/1
f 2829/4867/1 2877/4821/1 2876/4823/1
f 2831/4870/1 2877/4821/1 2830/4868/1
f 2832/4869/1 2878/4927/1 2831/4870/1
f 2829/4867/1 2879/4822/1 2832/4869/1
f 2834/4875/1 2880/4835/1 2833/4874/1
f 2835/4877/1 2881/4833/1 2834/4875/1
f 2835/4877/1 2883/4834/1 2882/4928/1
f 2833/4874/1 2883/4834/1 2836/4929/1
f 2838/4882/1 2884/4844/1 2837/4883/1
f 2838/4882/1 2886/4930/1 2885/4842/1
f 2839/4885/1 2887/4843/1 2886/4930/1
f 2837/4883/1 2887/4843/1 2840/4931/1
f 2842/4891/1 2888/4847/1 2841/4890/1
f 2842/4891/1 2890/4932/1 2889/4845/1
f 2844/4933/1 2890/4932/1 2843/4892/1
f 2841/4890/1 2891/4846/1 2844/4933/1
f 2846/4897/1 2892/4850/1 2845/4896/1
f 2846/4897/1 2894/4934/1 2893/4848/1
f 2847/4898/1 2895/4849/1 2894/4934/1
f 2845/4896/1 2895/4849/1 2848/4935/1
f 2849/4902/1 2897/4851/1 2896/4853/1
f 2850/4903/1 2898/4936/1 2897/4851/1
f 2852/4904/1 2898/4936/1 2851/4905/1
f 2849/4902/1 2899/4852/1 2852/4904/1
f 2782/4937/1 2901/4938/1 2900/4939/1
f 2780/4940/1 2901/4938/1 2781/124/1
f 2779/4941/1 2902/4942/1 2780/4940/1
f 2782/4937/1 2903/4943/1 2779/4941/1
f 2907/4314/2 2910/3978/2 2906/4143/2
f 2906/4944/4 2909/4945/4 2905/4946/4
f 2909/4947/1 2912/4476/1 2908/4948/1
f 2911/4949/1 2914/4950/1 2910/4951/1
f 2908/4948/1 2915/4952/1 2911/4949/1
f 2910/4951/1 2913/4474/1 2909/4947/1
f 2904/4953/15 2911/4954/15 2907/4955/15
f 2905/4956/8 2908/4144/8 2904/4480/8
f 2994/4957/1 2996/4958/1 2993/4959/1
f 2943/4960/1 2923/4961/1 2945/4962/1
f 2942/4963/1 2916/4964/1 2941/4965/1
f 2927/4966/1 2930/4967/1 2919/1367/1
f 2945/4962/1 2922/4968/1 2942/4963/1
f 2944/4969/1 2924/4970/1 2943/4960/1
f 2998/4971/1 3000/4972/1 2997/4973/1
f 3002/4974/1 3004/4975/1 3001/4976/1
f 2932/4977/1 2986/4978/1 2940/4979/1
f 2990/4980/1 2939/4981/1 2988/4982/1
f 2991/4983/1 2934/4984/1 2989/4985/1
f 2992/4986/1 2936/4987/1 2991/4983/1
f 3006/4988/1 3008/4989/1 3005/4990/1
f 2925/4991/1 2920/4992/1 2926/4993/1
f 2926/4993/1 2929/4994/1 2927/4966/1
f 2918/3537/1 2928/4995/1 2925/4991/1
f 3010/4996/1 3012/4997/1 3009/4998/1
f 3014/4999/1 3016/5000/1 3013/5001/1
f 3018/5002/1 3020/5003/1 3017/5004/1
f 3022/5005/1 3024/5006/1 3021/5007/1
f 2928/4995/127 2947/5008/127 2946/5009/127
f 2934/4984/128 2947/5008/128 2921/5010/128
f 2936/4987/129 2948/5011/129 2934/4984/129
f 2936/5012/137 2946/5013/136 2949/5014/137
f 2920/4992/127 2950/5015/127 2929/4994/127
f 2938/5016/128 2951/5017/128 2920/4992/128
f 2939/4981/129 2952/5018/129 2938/5016/129
f 2939/5019/130 2950/5020/130 2953/5021/130
f 2928/4995/127 2954/5022/127 2920/4992/127
f 2936/4987/128 2955/5023/128 2928/4995/128
f 2936/4987/129 2957/5024/129 2956/5025/129
f 2938/5026/130 2954/5027/130 2957/5028/130
f 2929/4994/127 2958/5029/127 2930/4967/127
f 2939/4981/128 2959/5030/128 2929/4994/128
f 2931/5031/129 2960/5032/129 2939/4981/129
f 2931/5033/136 2958/5034/130 2961/5035/136
f 2935/5036/127 2963/5037/127 2962/5038/127
f 2933/5039/128 2964/5040/128 2963/5037/128
f 2943/4960/129 2964/5040/129 2944/4969/129
f 2935/5041/137 2965/5042/137 2943/5043/137
f 2937/5044/127 2966/5045/127 2940/4979/127
f 2937/5044/128 2968/5046/128 2967/5047/128
f 2942/4963/129 2968/5046/129 2945/4962/129
f 2940/5048/130 2969/5049/130 2942/5050/130
f 2940/4979/127 2970/5051/127 2932/4977/127
f 2940/4979/128 2972/5052/128 2971/5053/128
f 2941/4965/129 2972/5052/129 2942/4963/129
f 2932/5054/136 2973/5055/136 2941/5056/136
f 2935/5036/127 2974/5057/127 2937/5044/127
f 2935/5036/128 2976/5058/128 2975/5059/128
f 2943/4960/129 2977/5060/129 2976/5058/129
f 2937/5061/130 2977/5062/130 2945/5063/130
f 2986/5064/132 2982/5065/132 2985/5066/132
f 2985/5066/132 2981/5067/132 2984/5068/132
f 2984/5068/132 2980/5069/132 2987/4601/132
f 2983/5070/132 2978/5071/132 2986/5064/132
f 2935/5036/1 2987/233/1 2933/5039/1
f 2937/5044/1 2984/5072/1 2935/5036/1
f 2940/4979/1 2985/5073/1 2937/5044/1
f 2979/4274/133 2988/5074/133 2978/5075/133
f 2981/5076/133 2989/4145/133 2980/4914/133
f 2982/5077/133 2991/5078/133 2981/5076/133
f 2978/5075/133 2992/5079/133 2982/5077/133
f 2988/4982/1 2938/5016/1 2992/4986/1
f 2947/5008/1 2993/4959/1 2946/5009/1
f 2948/5011/1 2994/4957/1 2947/5008/1
f 2948/5011/1 2996/4958/1 2995/5080/1
f 2946/5009/1 2996/4958/1 2949/5081/1
f 2951/5017/1 2997/4973/1 2950/5015/1
f 2952/5018/1 2998/4971/1 2951/5017/1
f 2953/5082/1 2999/5083/1 2952/5018/1
f 2950/5015/1 3000/4972/1 2953/5082/1
f 2954/5022/1 3002/4974/1 3001/4976/1
f 2956/5025/1 3002/4974/1 2955/5023/1
f 2957/5024/1 3003/5084/1 2956/5025/1
f 2954/5022/1 3004/4975/1 2957/5024/1
f 2959/5030/1 3005/4990/1 2958/5029/1
f 2960/5032/1 3006/4988/1 2959/5030/1
f 2960/5032/1 3008/4989/1 3007/5085/1
f 2958/5029/1 3008/4989/1 2961/5086/1
f 2963/5037/1 3009/4998/1 2962/5038/1
f 2963/5037/1 3011/5087/1 3010/4996/1
f 2964/5040/1 3012/4997/1 3011/5087/1
f 2962/5038/1 3012/4997/1 2965/5088/1
f 2967/5047/1 3013/5001/1 2966/5045/1
f 2967/5047/1 3015/5089/1 3014/4999/1
f 2969/5090/1 3015/5089/1 2968/5046/1
f 2966/5045/1 3016/5000/1 2969/5090/1
f 2971/5053/1 3017/5004/1 2970/5051/1
f 2971/5053/1 3019/5091/1 3018/5002/1
f 2972/5052/1 3020/5003/1 3019/5091/1
f 2970/5051/1 3020/5003/1 2973/5092/1
f 2974/5057/1 3022/5005/1 3021/5007/1
f 2975/5059/1 3023/5093/1 3022/5005/1
f 2977/5060/1 3023/5093/1 2976/5058/1
f 2974/5057/1 3024/5006/1 2977/5060/1
f 2907/5094/1 3026/5095/1 3025/5096/1
f 2905/5097/1 3026/5095/1 2906/5098/1
f 2904/5099/1 3027/5100/1 2905/5097/1
f 2907/5094/1 3028/5101/1 2904/5099/1
f 3032/3822/3 3035/5102/3 3031/5103/3
f 3031/5104/4 3034/5105/4 3030/5106/4
f 3033/5107/2 3038/5108/2 3037/5109/2
f 3036/5110/2 3039/5111/2 3035/5112/2
f 3036/5110/2 3037/5109/2 3040/5113/2
f 3035/5112/2 3038/5108/2 3034/5114/2
f 3029/5115/15 3036/5116/15 3032/5117/15
f 3030/5118/1 3033/5119/1 3029/3539/1
f 3119/5120/2 3121/5121/2 3118/5122/2
f 3068/5123/2 3048/5124/2 3070/5125/2
f 3067/5126/2 3041/5127/2 3066/5128/2
f 3052/5129/2 3055/5130/2 3044/5131/2
f 3070/5125/2 3047/5132/2 3067/5126/2
f 3069/5133/2 3049/5134/2 3068/5123/2
f 3123/5135/2 3125/5136/2 3122/5137/2
f 3127/5138/2 3129/5139/2 3126/5140/2
f 3057/5141/2 3111/5142/2 3065/5143/2
f 3115/5144/2 3064/5145/2 3113/5146/2
f 3116/5147/2 3059/5148/2 3114/5149/2
f 3117/5150/2 3061/5151/2 3116/5147/2
f 3131/5152/2 3133/5153/2 3130/5154/2
f 3050/5155/2 3045/5156/2 3051/5157/2
f 3051/5157/2 3054/5158/2 3052/5129/2
f 3043/5159/2 3053/5160/2 3050/5155/2
f 3135/5161/2 3137/5162/2 3134/5163/2
f 3139/5164/2 3141/5165/2 3138/5166/2
f 3143/5167/2 3145/5168/2 3142/5169/2
f 3147/5170/2 3149/5171/2 3146/5172/2
f 3046/5173/140 3071/5174/141 3053/5160/141
f 3059/5148/142 3072/5175/142 3046/5173/142
f 3061/5151/143 3073/5176/143 3059/5148/143
f 3053/5160/144 3074/5177/144 3061/5151/144
f 3045/5156/141 3075/5178/141 3054/5158/140
f 3063/5179/142 3076/5180/142 3045/5156/142
f 3063/5179/143 3078/5181/143 3077/5182/143
f 3054/5158/144 3078/5181/144 3064/5145/144
f 3045/5156/140 3080/5183/141 3079/5184/140
f 3061/5151/142 3080/5183/142 3053/5160/142
f 3063/5179/145 3081/5185/143 3061/5151/143
f 3045/5156/144 3082/5186/144 3063/5179/144
f 3054/5158/140 3083/5187/141 3055/5130/141
f 3064/5145/142 3084/5188/142 3054/5158/142
f 3064/5145/145 3086/5189/143 3085/5190/145
f 3055/5130/144 3086/5189/144 3056/5191/144
f 3058/5192/140 3087/5193/140 3060/5194/140
f 3058/5192/142 3089/5195/142 3088/5196/142
f 3068/5123/143 3089/5195/143 3069/5133/143
f 3060/5194/144 3090/5197/144 3068/5123/144
f 3062/5198/140 3091/5199/140 3065/5143/140
f 3062/5198/142 3093/5200/142 3092/5201/142
f 3070/5125/143 3094/5202/145 3093/5200/143
f 3065/5143/144 3094/5202/144 3067/5126/144
f 3065/5143/140 3095/5203/140 3057/5141/140
f 3065/5143/142 3097/5204/142 3096/5205/142
f 3067/5126/145 3098/5206/143 3097/5204/145
f 3057/5141/144 3098/5206/144 3066/5128/144
f 3062/5198/140 3100/5207/140 3099/5208/140
f 3060/5194/142 3101/5209/142 3100/5207/142
f 3070/5125/145 3101/5209/143 3068/5123/143
f 3062/5198/144 3102/5210/144 3070/5125/144
f 3111/5211/146 3107/5212/146 3110/5213/146
f 3110/5213/146 3106/5214/146 3109/5215/146
f 3109/5215/146 3105/5216/146 3112/5217/146
f 3108/5218/146 3103/5219/146 3111/5211/146
f 3060/5194/2 3112/310/2 3058/5192/2
f 3062/5198/2 3109/5220/2 3060/5194/2
f 3065/5143/2 3110/5221/2 3062/5198/2
f 3104/5222/147 3113/5146/147 3103/5223/147
f 3106/5224/147 3114/5149/147 3105/4366/147
f 3107/5225/147 3116/5147/147 3106/5224/147
f 3103/5223/147 3117/5150/147 3107/5225/147
f 3113/5146/2 3063/5179/2 3117/5150/2
f 3072/5175/2 3118/5122/2 3071/5174/2
f 3073/5176/2 3119/5120/2 3072/5175/2
f 3074/5177/2 3120/5226/2 3073/5176/2
f 3074/5177/2 3118/5122/2 3121/5121/2
f 3076/5180/2 3122/5137/2 3075/5178/2
f 3077/5182/2 3123/5135/2 3076/5180/2
f 3078/5181/2 3124/5227/2 3077/5182/2
f 3078/5181/2 3122/5137/2 3125/5136/2
f 3080/5183/2 3126/5140/2 3079/5184/2
f 3081/5185/2 3127/5138/2 3080/5183/2
f 3081/5185/2 3129/5139/2 3128/5228/2
f 3082/5186/2 3126/5140/2 3129/5139/2
f 3083/5187/2 3131/5152/2 3130/5154/2
f 3085/5190/2 3131/5152/2 3084/5188/2
f 3086/5189/2 3132/5229/2 3085/5190/2
f 3086/5189/2 3130/5154/2 3133/5153/2
f 3088/5196/2 3134/5163/2 3087/5193/2
f 3089/5195/2 3135/5161/2 3088/5196/2
f 3090/5197/2 3136/5230/2 3089/5195/2
f 3090/5197/2 3134/5163/2 3137/5162/2
f 3092/5201/2 3138/5166/2 3091/5199/2
f 3093/5200/2 3139/5164/2 3092/5201/2
f 3094/5202/2 3140/5231/2 3093/5200/2
f 3094/5202/2 3138/5166/2 3141/5165/2
f 3095/5203/2 3143/5167/2 3142/5169/2
f 3097/5204/2 3143/5167/2 3096/5205/2
f 3098/5206/2 3144/5232/2 3097/5204/2
f 3098/5206/2 3142/5169/2 3145/5168/2
f 3100/5207/2 3146/5172/2 3099/5208/2
f 3101/5209/2 3147/5170/2 3100/5207/2
f 3101/5209/2 3149/5171/2 3148/5233/2
f 3102/5210/2 3146/5172/2 3149/5171/2
f 3031/3802/2 3150/5234/2 3032/3804/2
f 3031/3802/2 3152/5235/2 3151/5236/2
f 3029/5237/2 3152/5235/2 3030/352/2
f 3032/3804/2 3153/5238/2 3029/5237/2
f 3156/5239/8 3154/5240/8 3157/5241/8
f 3157/5242/1 3160/5243/1 3156/5244/1
f 3156/5245/4 3159/5246/4 3155/5247/4
f 3159/5248/8 3162/5249/8 3158/5250/8
f 3160/5251/8 3165/5252/8 3164/3678/8
f 3158/5250/8 3165/5252/8 3161/5253/8
f 3160/5251/8 3163/210/8 3159/5248/8
f 3154/5254/15 3161/5255/15 3157/5256/15
f 3155/5257/3 3158/5258/3 3154/5259/3
f 3167/5260/148 3277/5261/148 3189/5262/148
f 3229/5263/149 3278/5264/149 3167/5265/149
f 3229/5266/150 3277/5267/151 3279/5268/150
f 3186/5269/152 3280/5270/152 3167/5271/152
f 3229/5272/151 3281/5273/151 3186/5274/151
f 3229/5275/153 3280/5276/153 3282/5277/153
f 3228/5278/149 3284/5279/154 3283/5280/149
f 3216/5281/151 3284/5282/151 3275/5283/151
f 3216/5284/153 3286/5285/153 3285/5286/153
f 3228/5287/155 3286/5288/155 3276/5289/155
f 3186/5290/149 3288/5291/149 3287/5292/149
f 3228/5293/156 3288/5294/150 3274/5295/150
f 3228/5296/153 3290/5297/153 3289/5298/153
f 3186/5299/155 3290/5300/155 3229/5301/155
f 3190/5302/152 3291/5303/152 3170/5304/152
f 3230/5305/151 3292/5306/151 3190/5307/151
f 3230/5308/153 3291/5309/153 3293/5310/153
f 3227/5311/149 3295/5312/154 3294/5313/149
f 3214/5314/151 3295/5315/151 3272/5316/151
f 3214/5317/153 3297/5318/157 3296/5319/153
f 3227/5320/158 3297/5321/158 3273/5322/158
f 3190/5323/149 3299/5324/154 3298/5325/149
f 3227/5326/151 3299/5327/151 3271/5328/151
f 3227/5329/153 3301/5330/157 3300/5331/153
f 3190/5332/158 3301/5333/158 3230/5334/158
f 3191/5335/152 3302/5336/152 3171/5337/152
f 3231/5338/151 3303/5339/151 3191/5340/151
f 3231/5341/153 3302/5342/153 3304/5343/153
f 3226/5344/149 3306/5345/149 3305/5346/149
f 3212/5347/150 3306/5348/150 3269/5349/150
f 3212/5350/153 3308/5351/157 3307/5352/153
f 3226/5353/158 3308/5354/158 3270/5355/158
f 3191/5356/149 3310/5357/149 3309/5358/149
f 3226/5359/150 3310/5360/150 3268/5361/150
f 3226/5362/153 3312/5363/157 3311/5364/153
f 3191/5365/158 3312/5366/158 3231/5367/158
f 3192/5368/152 3313/5369/152 3172/5370/152
f 3232/5371/151 3314/5372/151 3192/5373/151
f 3232/5374/153 3313/5375/153 3315/5376/153
f 3225/5377/149 3317/5378/154 3316/5379/149
f 3210/5380/151 3317/5381/151 3266/5382/151
f 3210/5383/153 3319/5384/157 3318/5385/153
f 3225/5386/158 3319/5387/158 3267/5388/158
f 3192/5389/149 3321/5390/154 3320/5391/149
f 3225/5392/151 3321/5393/151 3265/5394/151
f 3225/5395/153 3323/5396/157 3322/5397/153
f 3192/5398/158 3323/5399/158 3232/5400/158
f 3224/5401/154 3325/5402/154 3324/5403/154
f 3194/5404/151 3325/5405/151 3263/5406/151
f 3194/5407/157 3327/5408/157 3326/5409/157
f 3224/5410/158 3327/5411/158 3264/5412/158
f 3209/5413/149 3329/5414/154 3328/5415/149
f 3224/5416/151 3329/5417/151 3262/5418/151
f 3224/5419/153 3331/5420/157 3330/5421/153
f 3209/5422/158 3331/5423/158 3233/5424/158
f 3223/5425/149 3333/5426/154 3332/5427/159
f 3209/5428/151 3333/5429/151 3260/5430/151
f 3209/5431/153 3335/5432/157 3334/5433/153
f 3223/5434/158 3335/5435/158 3261/5436/158
f 3210/5437/149 3337/5438/154 3336/5439/149
f 3223/5440/151 3337/5441/151 3259/5442/151
f 3223/5443/153 3339/5444/157 3338/5445/153
f 3210/5446/158 3339/5447/158 3234/5448/158
f 3222/5449/154 3341/5450/149 3340/5451/154
f 3195/5452/150 3341/5453/150 3257/5454/150
f 3195/5455/157 3343/5456/157 3342/5457/157
f 3222/5458/158 3343/5459/158 3258/5460/158
f 3211/5461/149 3345/5462/149 3344/5463/149
f 3222/5464/150 3345/5465/150 3256/5466/150
f 3222/5467/153 3347/5468/157 3346/5469/153
f 3211/5470/158 3347/5471/158 3235/5472/158
f 3221/5473/149 3349/5474/149 3348/5475/149
f 3211/5476/150 3349/5477/150 3254/5478/150
f 3211/5479/153 3351/5480/157 3350/5481/153
f 3221/5482/158 3351/5483/158 3255/5484/158
f 3212/5485/149 3353/5486/149 3352/5487/149
f 3221/5488/150 3353/5489/150 3253/5490/150
f 3221/5491/153 3355/5492/157 3354/5493/153
f 3212/5494/158 3355/5495/158 3236/5496/158
f 3220/5497/154 3357/5498/154 3356/5499/154
f 3187/5500/151 3357/5501/151 3251/5502/151
f 3187/5503/157 3359/5504/157 3358/5505/157
f 3220/5506/158 3359/5507/158 3252/5508/158
f 3213/5509/149 3361/5510/154 3360/5511/149
f 3220/5512/151 3361/5513/151 3250/5514/151
f 3220/5515/153 3363/5516/157 3362/5517/153
f 3213/5518/158 3363/5519/158 3237/5520/158
f 3219/5521/149 3365/5522/154 3364/5523/149
f 3213/5524/151 3365/5525/151 3248/5526/151
f 3213/5527/153 3367/5528/157 3366/5529/153
f 3219/5530/158 3367/5531/158 3249/5532/158
f 3214/5533/149 3369/5534/154 3368/5535/149
f 3219/5536/151 3369/5537/151 3247/5538/151
f 3219/5539/153 3371/5540/157 3370/5541/153
f 3214/5542/158 3371/5543/158 3238/5544/158
f 3178/5545/148 3372/5546/148 3201/5547/148
f 3239/5548/154 3373/5549/154 3178/5550/154
f 3239/5551/151 3372/5552/151 3374/5553/151
f 3218/5554/154 3376/5555/154 3375/5556/154
f 3193/5557/151 3376/5558/151 3245/5559/151
f 3193/5560/157 3378/5561/153 3377/5562/157
f 3218/5563/155 3378/5564/155 3246/5565/155
f 3215/5566/149 3380/5567/154 3379/5568/149
f 3218/5569/151 3380/5570/151 3244/5571/151
f 3218/5572/153 3382/5573/153 3381/5574/153
f 3215/5575/155 3382/5576/155 3239/5577/155
f 3179/5578/148 3383/5579/148 3202/5580/148
f 3240/5581/149 3384/5582/149 3179/5583/149
f 3240/5584/150 3383/5585/151 3385/5586/150
f 3217/5587/149 3387/5588/149 3386/5589/149
f 3215/5590/150 3387/5591/150 3242/5592/150
f 3215/5593/153 3389/5594/153 3388/5595/153
f 3217/5596/155 3389/5597/155 3243/5598/155
f 3243/5599/151 3390/5600/151 3217/5601/151
f 3243/5602/153 3392/5603/157 3391/5604/153
f 3240/5605/158 3392/5606/158 3202/5607/158
f 3240/5608/149 3390/5609/154 3393/5610/149
f 3262/5611/150 3394/5612/150 3182/5613/150
f 3262/5614/153 3396/5615/157 3395/5616/153
f 3260/5617/158 3396/5618/158 3209/5619/158
f 3260/5620/149 3394/5621/149 3397/5622/149
f 3241/5623/150 3398/5624/150 3185/5625/150
f 3241/5626/153 3400/5627/157 3399/5628/153
f 3275/5629/158 3400/5630/158 3216/5631/158
f 3275/5632/149 3398/5633/149 3401/5634/149
f 3233/5635/151 3402/5636/151 3209/5637/151
f 3233/5638/153 3404/5639/153 3403/5640/153
f 3261/5641/155 3404/5642/155 3184/5643/155
f 3261/5644/149 3402/5645/154 3405/5646/149
f 3240/5647/151 3406/5648/151 3216/5649/151
f 3240/5650/153 3408/5651/157 3407/5652/153
f 3276/5653/158 3408/5654/158 3179/5655/158
f 3276/5656/149 3406/5657/154 3409/5658/149
f 3202/5659/148 3410/5660/148 3178/5661/148
f 3243/5662/149 3411/5663/149 3202/5664/149
f 3243/5665/150 3410/5666/151 3412/5667/150
f 3242/5668/150 3413/5669/150 3208/5670/150
f 3242/5671/153 3415/5672/157 3414/5673/153
f 3241/5674/158 3415/5675/158 3217/5676/158
f 3241/5677/149 3413/5678/149 3416/5679/149
f 3246/5680/151 3417/5681/151 3218/5682/151
f 3246/5683/157 3419/5684/157 3418/5685/157
f 3239/5686/158 3419/5687/158 3201/5688/158
f 3239/5689/149 3417/5690/154 3420/5691/149
f 3185/5692/149 3422/5693/154 3421/5694/149
f 3208/5695/151 3422/5696/151 3234/5697/151
f 3208/5698/153 3424/5699/157 3423/5700/153
f 3185/5701/158 3424/5702/158 3241/5703/158
f 3193/5704/160 3425/5705/160 3173/5706/160
f 3245/5707/155 3426/5708/155 3193/5709/155
f 3245/5710/154 3425/5711/154 3427/5712/154
f 3208/5713/149 3429/5714/149 3428/5715/149
f 3184/5716/151 3429/5717/151 3261/5718/151
f 3184/5719/153 3431/5720/157 3430/5721/153
f 3208/5722/158 3431/5723/158 3242/5724/158
f 3168/5725/160 3432/5726/160 3193/5727/160
f 3246/5728/155 3433/5729/155 3168/5730/155
f 3246/5731/154 3432/5732/154 3434/5733/154
f 3201/5734/148 3435/5735/148 3168/5736/148
f 3246/5737/154 3436/5738/154 3201/5739/154
f 3246/5740/151 3435/5741/151 3437/5742/151
f 3245/5743/150 3438/5744/150 3207/5745/150
f 3245/5746/157 3440/5747/157 3439/5748/157
f 3244/5749/158 3440/5750/158 3218/5751/158
f 3244/5752/149 3438/5753/149 3441/5754/149
f 3249/5755/150 3442/5756/150 3219/5757/150
f 3249/5758/153 3444/5759/157 3443/5760/153
f 3238/5761/158 3444/5762/158 3204/5763/158
f 3238/5764/149 3442/5765/149 3445/5766/149
f 3176/5767/161 3447/5768/161 3446/5769/161
f 3247/5770/153 3447/5771/153 3200/5772/153
f 3247/5773/162 3446/5774/158 3448/5775/158
f 3247/5776/163 3449/5777/163 3176/5778/163
f 3247/5779/153 3451/5780/153 3450/5781/153
f 3272/5782/155 3451/5783/155 3214/5784/155
f 3272/5785/149 3449/5786/164 3452/5787/159
f 3200/5788/161 3454/5789/161 3453/5790/161
f 3248/5791/153 3454/5792/153 3177/5793/153
f 3248/5794/158 3453/5795/158 3455/5796/158
f 3238/5797/150 3456/5798/150 3214/5799/150
f 3238/5800/153 3458/5801/157 3457/5802/153
f 3273/5803/158 3458/5804/158 3181/5805/158
f 3273/5806/149 3456/5807/149 3459/5808/149
f 3248/5809/151 3460/5810/151 3200/5811/151
f 3248/5812/153 3462/5813/153 3461/5814/153
f 3247/5815/155 3462/5816/155 3219/5817/155
f 3247/5818/149 3460/5819/154 3463/5820/159
f 3252/5821/150 3464/5822/150 3220/5823/150
f 3252/5824/157 3466/5825/157 3465/5826/157
f 3237/5827/158 3466/5828/158 3203/5829/158
f 3237/5830/149 3464/5831/149 3467/5832/149
f 3188/5833/161 3468/5834/161 3177/5835/161
f 3250/5836/153 3469/5837/153 3188/5838/153
f 3250/5839/158 3468/5840/155 3470/5841/158
f 3187/5842/160 3471/5843/160 3169/5844/160
f 3251/5845/155 3472/5846/155 3187/5847/155
f 3251/5848/154 3471/5849/154 3473/5850/154
f 3169/5851/161 3474/5852/161 3188/5853/161
f 3251/5854/153 3475/5855/153 3169/5856/153
f 3251/5857/158 3474/5858/155 3476/5859/158
f 3175/5860/160 3477/5861/160 3187/5862/160
f 3252/5863/155 3478/5864/155 3175/5865/155
f 3252/5866/154 3477/5867/154 3479/5868/154
f 3251/5869/163 3480/5870/163 3188/5871/163
f 3251/5872/157 3482/5873/153 3481/5874/157
f 3250/5875/155 3482/5876/155 3220/5877/155
f 3250/5878/149 3480/5879/164 3483/5880/159
f 3255/5881/150 3484/5882/150 3221/5883/150
f 3255/5884/153 3486/5885/153 3485/5886/153
f 3236/5887/155 3486/5888/155 3206/5889/155
f 3236/5890/149 3484/5891/149 3487/5892/149
f 3182/5893/149 3489/5894/154 3488/5895/149
f 3205/5896/151 3489/5897/151 3235/5898/151
f 3205/5899/153 3491/5900/153 3490/5901/153
f 3182/5902/155 3491/5903/155 3262/5904/155
f 3253/5905/151 3492/5906/151 3181/5907/151
f 3253/5908/153 3494/5909/153 3493/5910/153
f 3269/5911/155 3494/5912/155 3212/5913/155
f 3269/5914/149 3492/5915/154 3495/5916/149
f 3205/5917/154 3497/5918/154 3496/5919/154
f 3174/5920/151 3497/5921/151 3258/5922/151
f 3174/5923/157 3499/5924/153 3498/5925/157
f 3205/5926/155 3499/5927/155 3263/5928/155
f 3236/5929/150 3500/5930/150 3212/5931/150
f 3236/5932/153 3502/5933/153 3501/5934/153
f 3270/5935/155 3502/5936/155 3183/5937/155
f 3270/5938/149 3500/5939/149 3503/5940/149
f 3254/5941/151 3504/5942/151 3204/5943/151
f 3254/5944/153 3506/5945/153 3505/5946/153
f 3253/5947/155 3506/5948/155 3221/5949/155
f 3253/5950/149 3504/5951/154 3507/5952/149
f 3258/5953/150 3508/5954/150 3222/5955/150
f 3258/5956/157 3510/5957/153 3509/5958/157
f 3235/5959/155 3510/5960/155 3205/5961/155
f 3235/5962/149 3508/5963/149 3511/5964/149
f 3181/5965/149 3513/5966/154 3512/5967/149
f 3204/5968/151 3513/5969/151 3238/5970/151
f 3204/5971/153 3515/5972/153 3514/5973/153
f 3181/5974/155 3515/5975/155 3253/5976/155
f 3195/5977/160 3516/5978/160 3175/5979/160
f 3257/5980/155 3517/5981/155 3195/5982/155
f 3257/5983/154 3516/5984/154 3518/5985/154
f 3204/5986/149 3520/5987/154 3519/5988/149
f 3180/5989/151 3520/5990/151 3249/5991/151
f 3180/5992/153 3522/5993/153 3521/5994/153
f 3204/5995/155 3522/5996/155 3254/5997/155
f 3174/5998/160 3523/5999/160 3195/6000/160
f 3258/6001/155 3524/6002/155 3174/6003/155
f 3258/6004/154 3523/6005/154 3525/6006/154
f 3257/6007/151 3526/6008/151 3203/6009/151
f 3257/6010/157 3528/6011/153 3527/6012/157
f 3256/6013/155 3528/6014/155 3222/6015/155
f 3256/6016/149 3526/6017/154 3529/6018/149
f 3261/6019/151 3530/6020/151 3223/6021/151
f 3261/6022/153 3532/6023/153 3531/6024/153
f 3234/6025/155 3532/6026/155 3208/6027/155
f 3234/6028/149 3530/6029/154 3533/6030/159
f 3184/6031/149 3535/6032/154 3534/6033/149
f 3207/6034/151 3535/6035/151 3233/6036/151
f 3207/6037/153 3537/6038/157 3536/6039/153
f 3184/6040/158 3537/6041/158 3244/6042/158
f 3259/6043/150 3538/6044/150 3183/6045/150
f 3259/6046/153 3540/6047/157 3539/6048/153
f 3266/6049/158 3540/6050/158 3210/6051/158
f 3266/6052/149 3538/6053/149 3541/6054/149
f 3207/6055/154 3543/6056/154 3542/6057/154
f 3173/6058/151 3543/6059/151 3264/6060/151
f 3173/6061/157 3545/6062/157 3544/6063/157
f 3207/6064/158 3545/6065/158 3245/6066/158
f 3234/6067/151 3546/6068/151 3210/6069/151
f 3234/6070/153 3548/6071/153 3547/6072/153
f 3267/6073/155 3548/6074/155 3185/6075/155
f 3267/6076/149 3546/6077/154 3549/6078/159
f 3260/6079/150 3550/6080/150 3206/6081/150
f 3260/6082/153 3552/6083/157 3551/6084/153
f 3259/6085/158 3552/6086/158 3223/6087/158
f 3259/6088/149 3550/6089/149 3553/6090/149
f 3264/6091/151 3554/6092/151 3224/6093/151
f 3264/6094/157 3556/6095/153 3555/6096/157
f 3233/6097/155 3556/6098/155 3207/6099/155
f 3233/6100/149 3554/6101/154 3557/6102/159
f 3183/6103/149 3559/6104/154 3558/6105/149
f 3206/6106/151 3559/6107/151 3236/6108/151
f 3206/6109/153 3561/6110/153 3560/6111/153
f 3183/6112/155 3561/6113/155 3259/6114/155
f 3194/6115/160 3562/6116/160 3174/6117/160
f 3263/6118/155 3563/6119/155 3194/6120/155
f 3263/6121/154 3562/6122/154 3564/6123/154
f 3206/6124/149 3566/6125/154 3565/6126/149
f 3182/6127/151 3566/6128/151 3255/6129/151
f 3182/6130/153 3568/6131/153 3567/6132/153
f 3206/6133/155 3568/6134/155 3260/6135/155
f 3173/6136/160 3569/6137/160 3194/6138/160
f 3264/6139/155 3570/6140/155 3173/6141/155
f 3264/6142/154 3569/6143/154 3571/6144/154
f 3263/6145/150 3572/6146/150 3205/6147/150
f 3263/6148/157 3574/6149/157 3573/6150/157
f 3262/6151/158 3574/6152/158 3224/6153/158
f 3262/6154/149 3572/6155/149 3575/6156/149
f 3267/6157/151 3576/6158/151 3225/6159/151
f 3267/6160/153 3578/6161/153 3577/6162/153
f 3232/6163/155 3578/6164/155 3198/6165/155
f 3232/6166/149 3576/6167/154 3579/6168/159
f 3171/6169/152 3580/6170/152 3192/6171/152
f 3265/6172/151 3581/6173/151 3171/6174/151
f 3265/6175/153 3580/6176/153 3582/6177/153
f 3172/6178/149 3584/6179/154 3583/6180/149
f 3198/6181/151 3584/6182/151 3232/6183/151
f 3198/6184/153 3586/6185/157 3585/6186/153
f 3172/6187/158 3586/6188/158 3274/6189/158
f 3256/6190/151 3587/6191/151 3180/6192/151
f 3256/6193/153 3589/6194/153 3588/6195/153
f 3254/6196/155 3589/6197/155 3211/6198/155
f 3254/6199/149 3587/6200/154 3590/6201/149
f 3198/6202/149 3592/6203/154 3591/6204/149
f 3185/6205/151 3592/6206/151 3267/6207/151
f 3185/6208/153 3594/6209/157 3593/6210/153
f 3198/6211/158 3594/6212/158 3275/6213/158
f 3235/6214/150 3595/6215/150 3211/6216/150
f 3235/6217/153 3597/6218/153 3596/6219/153
f 3255/6220/155 3597/6221/155 3182/6222/155
f 3255/6223/149 3595/6224/149 3598/6225/149
f 3266/6226/150 3599/6227/150 3197/6228/150
f 3266/6229/153 3601/6230/157 3600/6231/153
f 3265/6232/158 3601/6233/158 3225/6234/158
f 3265/6235/149 3599/6236/149 3602/6237/149
f 3270/6238/150 3603/6239/150 3226/6240/150
f 3270/6241/153 3605/6242/153 3604/6243/153
f 3231/6244/155 3605/6245/155 3197/6246/155
f 3231/6247/149 3603/6248/149 3606/6249/149
f 3170/6250/152 3607/6251/152 3191/6252/152
f 3268/6253/151 3608/6254/151 3170/6255/151
f 3268/6256/153 3607/6257/153 3609/6258/153
f 3171/6259/149 3611/6260/154 3610/6261/149
f 3197/6262/151 3611/6263/151 3231/6264/151
f 3197/6265/153 3613/6266/153 3612/6267/153
f 3171/6268/155 3613/6269/155 3265/6270/155
f 3250/6271/151 3614/6272/151 3177/6273/151
f 3250/6274/153 3616/6275/153 3615/6276/153
f 3248/6277/155 3616/6278/155 3213/6279/155
f 3248/6280/149 3614/6281/154 3617/6282/159
f 3197/6283/149 3619/6284/154 3618/6285/149
f 3183/6286/151 3619/6287/151 3270/6288/151
f 3183/6289/153 3621/6290/153 3620/6291/153
f 3197/6292/155 3621/6293/155 3266/6294/155
f 3237/6295/150 3622/6296/150 3213/6297/150
f 3237/6298/153 3624/6299/157 3623/6300/153
f 3249/6301/158 3624/6302/158 3180/6303/158
f 3249/6304/149 3622/6305/149 3625/6306/149
f 3269/6307/151 3626/6308/151 3196/6309/151
f 3269/6310/153 3628/6311/153 3627/6312/153
f 3268/6313/155 3628/6314/155 3226/6315/155
f 3268/6316/149 3626/6317/154 3629/6318/149
f 3273/6319/150 3630/6320/150 3227/6321/150
f 3273/6322/153 3632/6323/157 3631/6324/153
f 3230/6325/158 3632/6326/158 3196/6327/158
f 3230/6328/149 3630/6329/149 3633/6330/149
f 3166/6331/152 3634/6332/152 3190/6333/152
f 3271/6334/151 3635/6335/151 3166/6336/151
f 3271/6337/153 3634/6338/153 3636/6339/153
f 3166/6340/161 3638/6341/161 3637/6342/161
f 3271/6343/153 3638/6344/153 3199/6345/153
f 3271/6346/158 3637/6347/158 3639/6348/158
f 3244/6349/150 3640/6350/150 3184/6351/150
f 3244/6352/153 3642/6353/157 3641/6354/153
f 3242/6355/158 3642/6356/158 3215/6357/158
f 3242/6358/149 3640/6359/149 3643/6360/149
f 3199/5659/161 3645/6361/161 3644/6362/161
f 3272/5412/153 3645/6363/153 3176/6364/153
f 3272/6365/162 3644/6366/158 3646/6367/158
f 3239/6368/151 3647/6369/151 3215/6370/151
f 3239/6371/153 3649/6372/157 3648/6373/153
f 3243/6374/158 3649/6375/158 3178/6376/158
f 3243/6377/149 3647/6378/154 3650/6379/149
f 3272/6380/151 3651/6381/151 3199/6382/151
f 3272/6383/153 3653/6384/153 3652/6385/153
f 3271/6386/155 3653/6387/155 3227/6388/155
f 3271/6389/149 3651/6390/154 3654/6391/159
f 3276/6392/151 3655/6393/151 3228/6394/151
f 3276/6395/153 3657/6396/157 3656/6397/153
f 3229/6398/158 3657/6399/158 3189/6400/158
f 3229/6401/149 3655/6402/154 3658/6403/149
f 3172/6404/152 3659/6405/152 3186/6406/152
f 3274/6407/151 3660/6408/151 3172/6409/151
f 3274/6410/153 3659/6411/153 3661/6412/153
f 3180/6413/149 3663/6414/154 3662/6415/149
f 3203/6416/151 3663/6417/151 3237/6418/151
f 3203/6419/153 3665/6420/153 3664/6421/153
f 3180/6422/155 3665/6423/155 3256/6424/155
f 3196/6425/149 3667/6426/154 3666/6427/149
f 3181/6428/151 3667/6429/151 3273/6430/151
f 3181/6431/153 3669/6432/153 3668/6433/153
f 3196/6434/155 3669/6435/155 3269/6436/155
f 3203/6437/154 3671/6438/154 3670/6439/154
f 3175/6440/151 3671/6441/151 3252/6442/151
f 3175/6443/157 3673/6444/153 3672/6445/157
f 3203/6446/155 3673/6447/155 3257/6448/155
f 3216/6449/149 3675/6450/149 3674/6451/149
f 3217/6452/150 3675/6453/150 3241/6454/150
f 3217/6455/153 3677/6456/153 3676/6457/153
f 3216/6458/155 3677/6459/155 3240/6460/155
f 3189/6461/148 3678/6462/148 3179/6463/148
f 3276/6464/149 3679/6465/149 3189/6466/149
f 3276/6467/151 3678/6468/151 3680/6469/151
f 3275/6470/150 3681/6471/150 3198/6472/150
f 3275/6473/153 3683/6474/157 3682/6475/153
f 3274/6476/158 3683/6477/158 3228/6478/158
f 3274/6479/149 3681/6480/149 3684/6481/149
f 3170/6482/149 3686/6483/154 3685/6484/149
f 3196/6485/151 3686/6486/151 3230/6487/151
f 3196/6488/153 3688/6489/153 3687/6490/153
f 3170/6491/155 3688/6492/155 3268/6493/155
f 3691/6494/2 3689/6495/2 3692/1500/2
f 3692/6496/3 3695/6497/3 3691/6498/3
f 3691/6499/4 3694/6500/4 3690/6501/4
f 3694/6502/2 3697/6503/2 3693/6504/2
f 3695/6505/2 3700/6506/2 3699/5113/2
f 3693/6504/2 3700/6506/2 3696/6507/2
f 3695/6505/2 3698/6508/2 3694/6502/2
f 3689/6509/15 3696/6510/15 3692/6511/15
f 3690/6512/1 3693/5244/1 3689/5243/1
f 3702/6513/165 3812/6514/165 3724/6515/165
f 3764/6516/166 3813/6517/166 3702/6518/166
f 3764/6519/167 3812/6520/168 3814/6521/167
f 3721/6522/169 3815/6523/169 3702/6524/169
f 3764/6525/167 3816/6526/167 3721/6527/167
f 3764/6528/170 3815/6529/171 3817/6530/170
f 3763/6531/166 3819/6532/172 3818/6533/166
f 3751/6534/167 3819/6535/167 3810/6536/167
f 3751/6537/173 3821/6538/171 3820/6539/173
f 3763/6540/174 3821/6541/174 3811/6542/174
f 3721/6543/166 3823/6544/172 3822/6545/166
f 3763/6546/175 3823/6547/176 3809/6548/176
f 3763/6549/171 3825/6550/171 3824/6551/171
f 3721/6455/174 3825/6552/174 3764/6553/174
f 3725/6554/169 3826/6555/169 3705/6556/169
f 3765/6557/177 3827/6558/177 3725/6559/177
f 3765/6560/173 3826/6561/171 3828/6562/170
f 3762/6563/166 3830/6564/166 3829/6565/166
f 3749/6566/168 3830/6567/168 3807/6568/168
f 3749/6569/173 3832/6570/173 3831/6571/173
f 3762/6572/178 3832/6573/178 3808/6574/178
f 3725/6575/166 3834/6576/166 3833/6577/166
f 3762/6578/168 3834/6579/168 3806/6580/168
f 3762/6581/171 3836/6582/173 3835/6583/171
f 3725/6584/178 3836/6489/178 3765/6585/178
f 3726/6586/169 3837/6587/169 3706/6588/169
f 3766/6589/168 3838/6590/168 3726/6591/168
f 3766/6592/173 3837/6593/171 3839/6594/170
f 3761/6595/166 3841/6596/179 3840/6597/166
f 3747/6598/176 3841/6599/176 3804/6600/176
f 3747/6601/173 3843/6602/171 3842/6603/173
f 3761/6604/174 3843/6605/174 3805/6606/174
f 3726/6607/166 3845/6608/179 3844/6609/166
f 3761/6610/176 3845/6611/176 3803/6612/176
f 3761/6613/171 3847/6614/171 3846/6615/171
f 3726/6616/174 3847/6617/174 3766/6618/174
f 3727/6619/169 3848/6620/169 3707/6621/169
f 3767/6622/168 3849/6623/168 3727/6624/168
f 3767/6625/173 3848/6626/173 3850/6627/173
f 3760/6628/166 3852/6629/166 3851/6630/166
f 3745/6631/168 3852/6632/168 3801/6633/168
f 3745/6634/173 3854/6635/173 3853/6636/173
f 3760/6637/178 3854/6638/178 3802/6639/178
f 3727/6640/166 3856/6641/166 3855/6642/166
f 3760/6643/168 3856/6644/168 3800/6645/168
f 3760/6646/171 3858/6647/173 3857/6648/171
f 3727/6649/178 3858/6650/178 3767/6651/178
f 3759/6652/166 3860/6653/166 3859/6654/166
f 3729/6655/168 3860/6656/168 3798/6657/168
f 3729/6658/173 3862/6659/173 3861/6660/170
f 3759/5856/178 3862/6661/178 3799/5854/178
f 3744/6662/166 3864/6663/166 3863/6664/166
f 3759/5962/168 3864/6665/168 3797/6666/168
f 3759/6667/173 3866/6668/173 3865/6669/170
f 3744/6670/178 3866/6671/178 3768/6672/178
f 3758/6673/166 3868/6674/166 3867/6675/166
f 3744/6676/168 3868/6677/168 3795/6678/168
f 3744/6679/173 3870/6680/173 3869/6681/170
f 3758/6682/178 3870/6683/178 3796/6684/178
f 3745/6685/166 3872/6686/166 3871/6687/166
f 3758/6688/168 3872/6689/168 3794/6690/168
f 3758/6691/173 3874/6692/173 3873/6693/170
f 3745/6694/178 3874/6695/178 3769/6696/178
f 3757/6697/166 3876/6698/179 3875/6699/166
f 3730/6700/176 3876/6701/176 3792/6702/176
f 3730/6703/173 3878/6704/171 3877/6705/173
f 3757/6706/174 3878/6707/174 3793/6708/174
f 3746/6709/166 3880/6710/179 3879/6711/166
f 3757/6712/176 3880/6713/176 3791/6714/176
f 3757/6715/173 3882/6716/171 3881/6717/173
f 3746/6718/174 3882/6719/174 3770/6720/174
f 3756/6721/166 3884/6722/179 3883/6723/166
f 3746/6724/176 3884/6725/176 3789/6726/176
f 3746/6727/173 3886/6728/171 3885/6729/173
f 3756/6730/174 3886/6731/174 3790/6732/174
f 3747/6733/166 3888/6734/179 3887/6735/166
f 3756/6736/176 3888/6737/176 3788/6738/176
f 3756/6739/173 3890/6740/171 3889/6741/173
f 3747/6742/174 3890/6743/174 3771/6744/174
f 3755/6745/166 3892/6746/166 3891/6747/166
f 3722/6748/168 3892/6749/168 3786/6750/168
f 3722/6751/173 3894/6752/173 3893/6753/173
f 3755/6754/178 3894/6755/178 3787/6756/178
f 3748/6757/166 3896/6758/166 3895/6759/166
f 3755/6760/168 3896/6761/168 3785/6762/168
f 3755/6763/173 3898/6764/173 3897/6765/170
f 3748/6766/178 3898/6767/178 3772/6768/178
f 3754/6769/166 3900/6770/166 3899/6771/166
f 3748/6772/168 3900/6773/168 3783/6774/168
f 3748/6775/173 3902/6776/173 3901/6777/173
f 3754/6778/178 3902/6779/178 3784/6780/178
f 3749/6781/166 3904/6782/166 3903/6783/166
f 3754/6784/168 3904/6785/168 3782/6786/168
f 3754/6787/173 3906/6788/173 3905/6789/170
f 3749/6790/178 3906/6791/178 3773/6792/178
f 3736/6793/165 3908/6794/165 3907/6795/165
f 3774/6796/166 3908/6797/166 3713/6798/166
f 3774/6799/168 3907/6800/167 3909/6801/177
f 3753/6802/166 3911/6803/172 3910/6804/166
f 3728/6805/167 3911/6806/167 3780/6807/167
f 3728/6808/173 3913/6809/171 3912/6810/173
f 3753/6811/174 3913/6812/174 3781/6813/174
f 3750/6814/166 3915/6815/172 3914/6816/166
f 3753/6817/167 3915/6818/167 3779/6819/167
f 3753/6820/173 3917/6821/171 3916/6822/173
f 3750/6823/174 3917/6824/174 3774/6825/174
f 3737/6826/165 3919/6827/165 3918/6828/165
f 3775/6829/166 3919/6830/166 3714/6831/166
f 3775/6832/167 3918/6833/167 3920/6834/167
f 3752/6835/166 3922/6836/172 3921/6837/166
f 3750/6838/176 3922/6839/176 3777/6840/176
f 3750/6841/173 3924/6842/171 3923/6843/173
f 3752/6844/174 3924/6845/174 3778/6846/174
f 3778/6847/167 3925/6848/167 3752/6849/167
f 3778/6850/173 3927/6851/170 3926/6852/173
f 3775/6853/180 3927/6854/180 3737/6855/180
f 3775/6856/166 3925/6857/166 3928/6858/166
f 3797/6859/167 3929/6860/167 3717/6861/167
f 3797/6862/173 3931/6863/173 3930/6864/173
f 3795/6865/178 3931/6866/178 3744/6867/178
f 3795/6868/166 3929/6869/172 3932/6870/166
f 3776/6871/167 3933/6872/167 3720/6873/167
f 3776/6874/173 3935/6875/173 3934/6876/170
f 3810/6877/178 3935/6878/178 3751/6879/178
f 3810/6880/166 3933/6881/172 3936/6882/166
f 3768/6883/168 3937/6884/168 3744/6885/168
f 3768/6886/173 3939/6887/171 3938/6888/173
f 3796/6889/174 3939/6890/174 3719/6891/174
f 3796/6892/166 3937/6893/166 3940/6894/166
f 3775/6895/168 3941/6896/168 3751/6897/168
f 3775/6898/173 3943/6899/170 3942/6900/173
f 3811/6901/181 3943/6902/180 3714/6903/180
f 3811/6904/166 3941/6905/166 3944/6906/166
f 3713/6907/165 3946/6908/165 3945/6909/165
f 3778/6910/166 3946/6911/166 3737/6912/166
f 3778/6913/167 3945/6914/167 3947/6915/167
f 3777/6916/167 3948/6917/167 3743/6918/167
f 3777/6919/173 3950/6920/173 3949/6921/170
f 3776/6922/178 3950/6923/178 3752/6924/178
f 3776/6925/166 3948/6926/172 3951/6927/166
f 3781/6928/167 3952/6929/167 3753/6930/167
f 3781/6931/173 3954/6932/170 3953/6933/173
f 3774/6934/180 3954/6935/180 3736/6936/180
f 3774/6937/166 3952/6938/166 3955/6939/166
f 3720/6940/166 3957/6941/166 3956/6942/166
f 3743/6943/167 3957/6944/167 3769/6945/167
f 3743/6946/173 3959/6947/173 3958/6948/173
f 3720/6949/178 3959/6950/178 3776/6951/178
f 3728/6952/182 3960/6953/182 3708/6954/182
f 3780/6955/174 3961/6956/174 3728/6957/174
f 3780/6958/166 3960/6959/166 3962/6960/166
f 3743/6961/166 3964/6962/166 3963/6963/166
f 3719/6964/167 3964/6965/167 3796/6966/167
f 3719/6967/173 3966/6968/173 3965/6969/173
f 3743/6970/178 3966/6971/178 3777/6972/178
f 3703/6973/182 3967/6974/182 3728/6975/182
f 3781/6976/183 3968/6977/183 3703/6978/183
f 3781/6979/166 3967/6980/172 3969/6981/166
f 3703/6982/165 3971/6983/165 3970/6984/165
f 3781/6985/166 3971/6986/166 3736/6987/166
f 3781/6988/168 3970/6989/167 3972/6990/177
f 3780/6991/167 3973/6992/167 3742/6993/167
f 3780/6994/173 3975/6995/173 3974/6996/170
f 3779/6997/178 3975/6998/178 3753/6999/178
f 3779/7000/166 3973/7001/172 3976/7002/166
f 3784/7003/167 3977/7004/167 3754/7005/167
f 3784/7006/173 3979/7007/173 3978/7008/173
f 3773/7009/178 3979/7010/178 3739/7011/178
f 3773/7012/166 3977/7013/172 3980/7014/166
f 3735/7015/184 3981/7016/184 3711/7017/184
f 3782/7018/173 3982/7019/173 3735/7020/173
f 3782/7021/178 3981/7022/178 3983/7023/178
f 3782/7024/168 3984/7025/168 3711/7026/168
f 3782/7027/173 3986/7028/171 3985/7029/173
f 3807/7030/174 3986/7031/174 3749/7032/174
f 3807/7033/166 3984/7034/166 3987/7035/166
f 3712/7036/184 3988/7037/184 3735/7038/184
f 3783/7039/173 3989/7040/173 3712/7041/173
f 3783/7042/178 3988/7043/178 3990/7044/178
f 3773/7045/167 3991/7046/167 3749/7047/167
f 3773/7048/173 3993/7049/173 3992/7050/173
f 3808/7051/178 3993/7052/178 3716/7053/178
f 3808/7054/166 3991/7055/172 3994/7056/166
f 3783/7057/167 3995/7058/167 3735/7059/167
f 3783/7060/173 3997/7061/171 3996/7062/173
f 3782/7063/174 3997/7064/174 3754/7065/174
f 3782/7066/166 3995/7067/172 3998/7068/166
f 3787/7069/167 3999/7070/167 3755/7071/167
f 3787/7072/173 4001/7073/173 4000/7074/173
f 3772/7075/178 4001/7076/178 3738/7077/178
f 3772/7078/166 3999/7079/172 4002/7080/166
f 3723/7081/184 4003/7082/184 3712/7083/184
f 3785/7084/173 4004/7085/173 3723/7086/173
f 3785/7087/178 4003/7088/178 4005/7089/178
f 3722/7090/182 4006/7091/182 3704/7092/182
f 3786/7093/174 4007/7094/174 3722/7095/174
f 3786/7096/166 4006/7097/166 4008/7098/166
f 3704/7099/184 4009/7100/184 3723/7101/184
f 3786/7102/173 4010/7103/173 3704/7104/173
f 3786/7105/178 4009/7106/178 4011/7107/178
f 3710/7108/182 4012/7109/182 3722/7110/182
f 3787/7111/174 4013/7112/174 3710/7113/174
f 3787/7114/166 4012/7115/166 4014/7116/166
f 3786/7117/168 4015/7118/168 3723/7119/168
f 3786/7120/173 4017/7121/171 4016/7122/173
f 3785/7123/174 4017/7124/174 3755/7125/174
f 3785/7126/166 4015/7127/166 4018/7128/166
f 3790/7129/167 4019/7130/167 3756/7131/167
f 3790/7132/173 4021/7133/173 4020/7134/173
f 3771/7135/178 4021/7136/178 3741/7137/178
f 3771/7138/166 4019/7139/172 4022/7140/166
f 3717/7141/166 4024/7142/166 4023/7143/166
f 3740/7144/168 4024/7145/168 3770/7146/168
f 3740/7147/173 4026/7148/171 4025/7149/170
f 3717/7150/174 4026/7151/174 3797/7152/174
f 3788/7153/168 4027/7154/168 3716/7155/168
f 3788/7156/170 4029/7157/171 4028/7158/170
f 3804/7159/174 4029/7160/174 3747/7161/174
f 3804/7162/166 4027/7163/166 4030/7164/166
f 3740/7165/166 4032/7166/166 4031/7167/166
f 3709/7168/168 4032/7169/168 3793/7170/168
f 3709/7171/173 4034/7172/171 4033/7173/170
f 3740/7174/174 4034/7175/174 3798/7176/174
f 3771/7177/167 4035/7178/167 3747/7179/167
f 3771/7180/173 4037/7181/173 4036/7182/173
f 3805/7183/178 4037/7184/178 3718/7185/178
f 3805/7186/166 4035/7187/172 4038/7188/166
f 3789/7189/168 4039/7190/168 3739/7191/168
f 3789/7192/170 4041/7193/171 4040/7194/170
f 3788/7195/174 4041/7196/174 3756/7197/174
f 3788/7198/166 4039/7199/166 4042/7200/166
f 3793/7201/167 4043/7202/167 3757/7203/167
f 3793/7204/173 4045/7205/173 4044/7206/173
f 3770/7207/178 4045/7208/178 3740/7209/178
f 3770/7210/166 4043/7211/172 4046/7212/166
f 3716/7213/166 4048/7214/166 4047/7215/166
f 3739/7216/168 4048/7217/168 3773/7218/168
f 3739/7219/173 4050/7220/173 4049/7221/173
f 3716/7222/174 4050/7223/174 3788/7224/174
f 3730/7225/182 4051/7226/182 3710/7227/182
f 3792/7228/183 4052/7229/183 3730/7230/183
f 3792/7231/166 4051/7232/172 4053/7233/166
f 3739/7234/166 4055/7235/166 4054/7236/166
f 3715/7237/168 4055/7238/168 3784/7239/168
f 3715/7240/173 4057/7241/173 4056/7242/173
f 3739/7243/178 4057/7244/178 3789/7245/178
f 3709/7246/182 4058/7247/182 3730/7248/182
f 3793/7249/174 4059/7250/174 3709/7251/174
f 3793/7252/166 4058/7253/166 4060/7254/166
f 3792/7255/168 4061/7256/168 3738/7257/168
f 3792/7258/170 4063/7259/171 4062/7260/170
f 3791/7261/174 4063/7262/174 3757/7263/174
f 3791/7264/166 4061/7265/166 4064/7266/166
f 3796/7267/168 4065/7268/168 3758/7269/168
f 3796/7270/173 4067/7271/171 4066/7272/173
f 3769/7273/174 4067/7274/174 3743/7275/174
f 3769/7276/166 4065/7277/166 4068/7278/166
f 3719/7279/166 4070/7280/166 4069/7281/166
f 3742/7282/168 4070/7283/168 3768/7284/168
f 3742/7285/173 4072/7286/173 4071/7287/173
f 3719/7288/178 4072/7289/178 3779/7290/178
f 3794/7291/167 4073/7292/167 3718/7293/167
f 3794/7294/173 4075/7295/173 4074/7296/173
f 3801/7297/178 4075/7298/178 3745/7299/178
f 3801/7300/166 4073/7301/172 4076/7302/166
f 3742/7303/166 4078/7304/166 4077/7305/166
f 3708/7306/167 4078/7307/167 3799/7308/167
f 3708/7309/173 4080/7310/173 4079/7311/173
f 3742/7312/178 4080/7313/178 3780/7314/178
f 3769/7315/168 4081/7316/168 3745/7317/168
f 3769/7318/173 4083/7319/171 4082/7320/173
f 3802/7321/174 4083/7322/174 3720/7323/174
f 3802/7324/166 4081/7325/166 4084/7326/166
f 3795/7327/167 4085/7328/167 3741/7329/167
f 3795/7330/173 4087/7331/173 4086/7332/173
f 3794/7333/178 4087/7334/178 3758/7335/178
f 3794/7336/166 4085/7337/172 4088/7338/166
f 3799/7339/168 4089/7340/168 3759/7341/168
f 3799/7342/173 4091/7343/171 4090/7344/173
f 3768/7345/174 4091/7346/174 3742/7347/174
f 3768/7348/166 4089/7349/166 4092/7350/166
f 3718/7351/166 4094/7352/166 4093/7353/166
f 3741/7354/168 4094/7355/168 3771/7356/168
f 3741/7357/173 4096/7358/171 4095/7359/173
f 3718/7360/174 4096/7361/174 3794/7362/174
f 3729/7363/182 4097/7364/182 3709/7365/182
f 3798/7366/174 4098/7367/174 3729/7368/174
f 3798/7369/166 4097/7370/166 4099/7371/166
f 3741/7372/166 4101/7373/166 4100/7374/166
f 3717/7375/168 4101/7376/168 3790/7377/168
f 3717/7378/173 4103/7379/171 4102/7380/170
f 3741/7381/174 4103/7382/174 3795/7383/174
f 3708/6621/182 4104/7384/182 3729/6619/182
f 3799/7385/178 4105/7386/178 3708/7387/178
f 3799/7388/166 4104/7389/166 4106/7390/166
f 3798/7391/167 4107/7392/167 3740/7393/167
f 3798/7394/173 4109/7395/173 4108/7396/173
f 3797/7397/178 4109/7398/178 3759/7399/178
f 3797/7400/166 4107/7401/172 4110/7402/166
f 3802/7403/168 4111/7404/168 3760/7405/168
f 3802/7406/173 4113/7407/171 4112/7408/173
f 3767/7409/174 4113/7410/174 3733/7411/174
f 3767/7412/166 4111/7413/166 4114/7414/166
f 3706/7415/169 4115/7416/169 3727/7417/169
f 3800/7418/168 4116/7419/168 3706/7420/168
f 3800/7421/173 4115/7422/171 4117/7423/173
f 3707/7424/166 4119/7425/166 4118/7426/166
f 3733/7427/167 4119/7428/167 3767/7429/167
f 3733/7430/171 4121/7431/173 4120/7432/171
f 3707/7433/178 4121/7434/178 3809/7435/178
f 3791/7436/168 4122/7437/168 3715/7438/168
f 3791/7439/170 4124/7440/171 4123/7441/170
f 3789/7442/174 4124/7443/174 3746/7444/174
f 3789/7445/166 4122/7446/166 4125/7447/166
f 3733/7448/166 4127/7449/166 4126/7450/166
f 3720/7451/167 4127/7452/167 3802/7453/167
f 3720/7454/173 4129/7455/173 4128/7456/173
f 3733/7457/178 4129/7458/178 3810/7459/178
f 3770/7460/167 4130/7461/167 3746/7462/167
f 3770/7463/173 4132/7464/173 4131/7465/173
f 3790/7466/178 4132/7467/178 3717/7468/178
f 3790/7469/166 4130/7470/172 4133/7471/166
f 3801/7472/167 4134/7473/167 3732/7474/167
f 3801/7475/173 4136/7476/173 4135/7477/173
f 3800/7478/178 4136/7479/178 3760/7480/178
f 3800/7481/166 4134/7482/172 4137/7483/166
f 3805/7484/167 4138/7485/167 3761/7486/167
f 3805/7487/173 4140/7488/173 4139/7489/173
f 3766/7490/178 4140/7491/178 3732/7492/178
f 3766/7493/166 4138/7494/172 4141/7495/166
f 3705/7496/169 4142/7497/169 3726/7498/169
f 3803/7499/167 4143/7500/167 3705/7501/167
f 3803/7502/170 4142/7503/171 4144/7504/170
f 3706/7505/166 4146/7506/166 4145/7507/166
f 3732/7508/168 4146/7509/168 3766/7510/168
f 3732/7511/171 4148/7512/171 4147/7513/171
f 3706/7514/174 4148/7515/174 3800/7516/174
f 3785/7517/167 4149/7518/167 3712/7519/167
f 3785/7520/173 4151/7521/171 4150/7522/173
f 3783/7523/174 4151/7524/174 3748/7525/174
f 3783/7526/166 4149/7527/172 4152/7528/166
f 3732/7529/166 4154/7530/166 4153/7531/166
f 3718/7532/168 4154/7533/168 3805/7534/168
f 3718/7535/173 4156/7536/171 4155/7537/173
f 3732/7538/174 4156/7539/174 3801/7540/174
f 3772/7541/167 4157/7542/167 3748/7543/167
f 3772/7544/173 4159/7545/173 4158/7546/173
f 3784/7547/178 4159/7548/178 3715/7549/178
f 3784/7550/166 4157/7551/172 4160/7552/166
f 3804/7553/168 4161/7554/168 3731/7555/168
f 3804/7556/170 4163/7557/171 4162/7558/170
f 3803/7559/174 4163/7560/174 3761/7561/174
f 3803/7562/166 4161/7563/166 4164/7564/166
f 3808/7565/167 4165/7566/167 3762/7567/167
f 3808/7568/173 4167/7569/173 4166/7570/173
f 3765/7571/178 4167/7572/178 3731/7573/178
f 3765/7574/166 4165/7575/172 4168/7576/166
f 3701/7577/169 4169/7578/169 3725/7579/169
f 3806/7580/168 4170/7581/168 3701/7582/168
f 3806/7583/173 4169/7584/171 4171/7585/173
f 3734/7586/184 4172/7587/184 3701/7588/184
f 3806/7589/173 4173/7590/173 3734/7591/173
f 3806/7592/178 4172/7593/178 4174/7594/178
f 3779/7595/167 4175/7596/167 3719/7597/167
f 3779/7598/173 4177/7599/173 4176/7600/170
f 3777/7601/178 4177/7602/178 3750/7603/178
f 3777/7604/166 4175/7605/172 4178/7606/166
f 3711/7607/184 4179/7608/184 3734/7609/184
f 3807/7610/173 4180/7611/173 3711/7612/173
f 3807/7613/178 4179/7614/178 4181/7615/178
f 3774/7616/167 4182/7617/167 3750/7618/167
f 3774/7619/173 4184/7620/170 4183/7621/173
f 3778/7622/180 4184/7623/180 3713/7624/180
f 3778/7625/166 4182/7626/166 4185/7627/166
f 3807/7628/167 4186/7629/167 3734/7630/167
f 3807/7631/173 4188/7632/171 4187/7633/173
f 3806/7634/174 4188/7635/174 3762/7636/174
f 3806/7637/166 4186/7638/172 4189/7639/166
f 3811/7640/168 4190/7641/168 3763/7642/168
f 3811/7643/173 4192/7644/170 4191/7645/173
f 3764/7646/180 4192/7647/180 3724/7648/180
f 3764/7649/166 4190/7650/166 4193/7651/166
f 3707/6954/169 4194/7652/169 3721/6952/169
f 3809/7653/168 4195/7654/168 3707/7655/168
f 3809/7656/170 4194/7657/171 4196/7658/170
f 3715/7659/166 4198/7660/166 4197/7661/166
f 3738/7662/168 4198/7663/168 3772/7664/168
f 3738/7665/173 4200/7666/173 4199/7667/173
f 3715/7668/178 4200/7669/178 3791/7670/178
f 3731/7671/166 4202/7672/166 4201/7673/166
f 3716/7674/168 4202/7675/168 3808/7676/168
f 3716/7677/173 4204/7678/173 4203/7679/173
f 3731/7680/178 4204/7681/178 3804/7682/178
f 3738/7683/166 4206/7684/166 4205/7685/166
f 3710/7686/168 4206/7687/168 3787/7688/168
f 3710/7689/173 4208/7690/173 4207/7691/173
f 3738/7692/178 4208/7693/178 3792/7694/178
f 3751/7695/166 4210/7696/179 4209/7697/166
f 3752/7698/176 4210/7699/176 3776/7700/176
f 3752/7701/173 4212/7702/171 4211/7703/173
f 3751/7704/174 4212/7705/174 3775/7706/174
f 3714/7707/165 4214/7708/165 4213/7709/165
f 3811/5671/166 4214/7710/166 3724/7711/166
f 3811/7712/168 4213/7713/167 4215/7714/177
f 3810/7715/167 4216/7716/167 3733/7717/167
f 3810/7718/170 4218/7719/173 4217/7720/170
f 3809/7721/178 4218/7722/178 3763/7723/178
f 3809/7724/166 4216/7725/172 4219/7726/166
f 3705/7727/166 4221/7728/166 4220/7729/166
f 3731/7730/168 4221/7731/168 3765/7732/168
f 3731/7733/171 4223/7734/171 4222/7735/171
f 3705/7736/178 4223/6444/178 3803/7737/178
f 4226/7738/3 4224/7739/3 4227/7740/3
f 4227/7741/8 4230/7742/8 4226/7743/8
f 4226/7744/4 4229/7745/4 4225/7746/4
f 4229/7747/3 4232/7748/3 4228/7749/3
f 4230/7750/3 4235/7751/3 4234/31/3
f 4231/7752/3 4232/7748/3 4235/7751/3
f 4230/7750/3 4233/7753/3 4229/7747/3
f 4224/7754/15 4231/7755/15 4227/7756/15
f 4225/7757/2 4228/7758/2 4224/7759/2
f 4259/7760/185 4348/7761/186 4347/7762/185
f 4299/7763/187 4348/7764/187 4237/7765/187
f 4299/7763/188 4347/7766/188 4349/7767/188
f 4256/7768/189 4350/7769/189 4237/7770/189
f 4299/7771/188 4351/7772/188 4256/7773/188
f 4299/7774/190 4350/7775/190 4352/7776/190
f 4298/7777/191 4354/7778/191 4353/7779/191
f 4286/7780/192 4354/7778/192 4345/7781/192
f 4286/7782/190 4356/7783/193 4355/7784/190
f 4298/7785/194 4356/7783/194 4346/7786/194
f 4256/7787/187 4358/7788/187 4357/7789/191
f 4298/7790/188 4358/7788/188 4344/7791/188
f 4298/7792/190 4360/7793/193 4359/7794/190
f 4256/7795/194 4360/7793/194 4299/7796/194
f 4260/7797/189 4361/7798/189 4240/7799/189
f 4300/7800/188 4362/7801/188 4260/7802/188
f 4300/7803/190 4361/7804/190 4363/7805/190
f 4297/7806/191 4365/7807/191 4364/7808/191
f 4284/7809/188 4365/7807/188 4342/7810/188
f 4284/7811/195 4367/7812/195 4366/7813/195
f 4297/7814/196 4367/7812/196 4343/7815/196
f 4260/7816/191 4369/7817/191 4368/7818/191
f 4297/7819/188 4369/7817/188 4341/7820/188
f 4297/7821/190 4371/7822/190 4370/7823/190
f 4260/7824/197 4371/7822/197 4300/7825/197
f 4261/7826/189 4372/7827/189 4241/7828/189
f 4301/7829/198 4373/7830/198 4261/7831/198
f 4301/7832/195 4372/7833/195 4374/7834/195
f 4296/7835/191 4376/7836/199 4375/7837/191
f 4282/7838/200 4376/7836/200 4339/7839/200
f 4282/7840/195 4378/7841/195 4377/7842/195
f 4296/7843/196 4378/7841/196 4340/7844/196
f 4261/7845/191 4380/7846/199 4379/7847/191
f 4296/7848/200 4380/7846/200 4338/7849/200
f 4296/7850/190 4382/7851/190 4381/7852/190
f 4261/7853/197 4382/7851/197 4301/7854/197
f 4262/7855/189 4383/7856/189 4242/7857/189
f 4302/7858/198 4384/7859/198 4262/7860/198
f 4302/7861/195 4383/7862/195 4385/7863/195
f 4295/7864/191 4387/7865/191 4386/7866/191
f 4280/7867/188 4387/7865/188 4336/7868/188
f 4280/7869/195 4389/7870/195 4388/7871/195
f 4295/7872/196 4389/7870/196 4337/7873/196
f 4262/7874/191 4391/7875/191 4390/7876/191
f 4295/7877/188 4391/7875/188 4335/7878/188
f 4295/7879/190 4393/7880/190 4392/7881/190
f 4262/7882/197 4393/7880/197 4302/7883/197
f 4294/7884/191 4395/7885/191 4394/7886/199
f 4264/7887/188 4395/7885/188 4333/7888/188
f 4264/7889/193 4397/7890/190 4396/7891/193
f 4294/7892/196 4397/7890/196 4334/7893/196
f 4279/7894/191 4399/7895/191 4398/7896/191
f 4294/7897/188 4399/7895/188 4332/7898/188
f 4294/7899/193 4401/7900/190 4400/7901/193
f 4279/7902/197 4401/7900/197 4303/7903/197
f 4293/7904/199 4403/7905/191 4402/7906/201
f 4279/7907/188 4403/7905/188 4330/7908/188
f 4279/7909/195 4405/7910/195 4404/7911/195
f 4293/7912/196 4405/7910/196 4331/7913/196
f 4280/7914/191 4407/7915/191 4406/7916/199
f 4293/7917/188 4407/7915/188 4329/7918/188
f 4293/7919/195 4409/7920/195 4408/7921/195
f 4280/7922/196 4409/7920/196 4304/7923/196
f 4292/7924/199 4411/7925/199 4410/7926/191
f 4265/7927/200 4411/7925/200 4327/7928/200
f 4265/7929/193 4413/7930/190 4412/7931/193
f 4292/7932/196 4413/7930/196 4328/7933/196
f 4281/7934/191 4415/7935/199 4414/7936/191
f 4292/7937/200 4415/7935/200 4326/7938/200
f 4292/7939/193 4417/7940/190 4416/7941/193
f 4281/7942/197 4417/7940/197 4305/7943/197
f 4291/7944/199 4419/7945/199 4418/7946/199
f 4281/7947/200 4419/7945/200 4324/7948/200
f 4281/7949/195 4421/7950/195 4420/7951/195
f 4291/7952/196 4421/7950/196 4325/7953/196
f 4282/7954/199 4423/7955/199 4422/7956/191
f 4291/7957/200 4423/7955/200 4323/7958/200
f 4291/7959/195 4425/7960/195 4424/7961/195
f 4282/7962/196 4425/7960/196 4306/7963/196
f 4290/7964/199 4427/7965/191 4426/7966/199
f 4257/7967/188 4427/7965/188 4321/7968/188
f 4257/7969/193 4429/7970/190 4428/7971/193
f 4290/7972/196 4429/7970/196 4322/7973/196
f 4283/7974/191 4431/7975/191 4430/7976/191
f 4290/7977/188 4431/7975/188 4320/7978/188
f 4290/7979/193 4433/7980/190 4432/7981/193
f 4283/7982/197 4433/7980/197 4307/7983/197
f 4289/7984/199 4435/7985/199 4434/7986/201
f 4283/7987/188 4435/7985/188 4318/7988/188
f 4283/7989/195 4437/7990/195 4436/7991/195
f 4289/7992/196 4437/7990/196 4319/7993/196
f 4284/7994/199 4439/7995/191 4438/7996/199
f 4289/7997/188 4439/7995/188 4317/7998/188
f 4289/7999/195 4441/8000/195 4440/8001/195
f 4284/8002/196 4441/8000/196 4308/8003/196
f 4271/8004/185 4443/8005/186 4442/8006/185
f 4309/8007/187 4443/8008/187 4248/8009/187
f 4309/8007/188 4442/8010/188 4444/8011/188
f 4288/8012/199 4446/8013/191 4445/8014/199
f 4263/8015/188 4446/8013/188 4315/8016/188
f 4263/8017/193 4448/8018/193 4447/8019/190
f 4288/8020/194 4448/8018/194 4316/8021/194
f 4285/8022/187 4450/8023/187 4449/8024/191
f 4288/8025/188 4450/8023/188 4314/8026/188
f 4288/8027/193 4452/8028/193 4451/8029/190
f 4285/8030/194 4452/8028/194 4309/8031/194
f 4249/8032/186 4453/8033/186 4272/8034/186
f 4310/8035/191 4454/8036/191 4249/8037/191
f 4310/8035/188 4453/8038/192 4455/8039/188
f 4287/8040/201 4457/8041/191 4456/8042/201
f 4285/8043/192 4457/8041/192 4312/8044/192
f 4285/8045/190 4459/8046/193 4458/8047/190
f 4287/8048/194 4459/8046/194 4313/8049/194
f 4313/8050/188 4460/8051/188 4287/8052/188
f 4313/8053/202 4462/8054/190 4461/8055/202
f 4310/8056/197 4462/8054/197 4272/8057/197
f 4310/8058/187 4460/8051/187 4463/8059/187
f 4332/8060/188 4464/8061/188 4252/8062/188
f 4332/8063/190 4466/8064/190 4465/8065/190
f 4330/8066/196 4466/8064/196 4279/8067/196
f 4330/8068/191 4464/8061/191 4467/8069/187
f 4311/8070/188 4468/8071/188 4255/8072/188
f 4311/8073/190 4470/8074/193 4469/8075/190
f 4345/8076/194 4470/8074/194 4286/8077/194
f 4345/8078/187 4468/8071/191 4471/8079/187
f 4303/8080/200 4472/8081/200 4279/8082/200
f 4303/8083/195 4474/8084/195 4473/8085/195
f 4331/8086/197 4474/8084/197 4254/8087/197
f 4331/8088/191 4472/8081/199 4475/8089/191
f 4310/8090/188 4476/8091/188 4286/8092/188
f 4310/8093/190 4478/8094/190 4477/8095/190
f 4346/8096/197 4478/8094/197 4249/8097/197
f 4346/8098/187 4476/8091/187 4479/8099/187
f 4272/8100/186 4480/8101/186 4248/8102/186
f 4313/8103/199 4481/8104/199 4272/8105/199
f 4313/8103/192 4480/8106/198 4482/8107/192
f 4312/8108/188 4483/8109/188 4278/8110/188
f 4312/8111/193 4485/8112/193 4484/8113/193
f 4311/8114/194 4485/8112/194 4287/8115/194
f 4311/8116/187 4483/8109/191 4486/8117/187
f 4316/8118/188 4487/8119/188 4288/8120/188
f 4316/8121/193 4489/8122/190 4488/8123/193
f 4309/8124/196 4489/8122/196 4271/8125/196
f 4309/8126/199 4487/8119/191 4490/8127/199
f 4255/8128/199 4492/8129/199 4491/8130/199
f 4278/8131/200 4492/8129/200 4304/8132/200
f 4278/8133/190 4494/8134/193 4493/8135/190
f 4255/8136/194 4494/8134/194 4311/8137/194
f 4263/7828/203 4495/8138/203 4243/7826/203
f 4315/8139/196 4496/8140/196 4263/8141/196
f 4315/8142/191 4495/8143/191 4497/8144/191
f 4278/8145/201 4499/8146/199 4498/8147/201
f 4254/8148/198 4499/8146/198 4331/8149/198
f 4254/8150/190 4501/8151/193 4500/8152/190
f 4278/8153/194 4501/8151/194 4312/8154/194
f 4263/8155/204 4503/8156/204 4502/8157/204
f 4316/8158/197 4503/8159/197 4238/8160/197
f 4316/8161/191 4502/8162/191 4504/8163/191
f 4238/8164/185 4506/8165/186 4505/8166/185
f 4316/8167/191 4506/8168/191 4271/8169/191
f 4316/8167/188 4505/8170/200 4507/8171/192
f 4315/8172/188 4508/8173/188 4277/8174/188
f 4315/8175/193 4510/8176/193 4509/8177/193
f 4314/8178/194 4510/8176/194 4288/8179/194
f 4314/8180/199 4508/8173/191 4511/8181/199
f 4319/8182/200 4512/8183/200 4289/8184/200
f 4319/8185/202 4514/8186/193 4513/8187/202
f 4308/8188/196 4514/8186/196 4274/8189/196
f 4308/8190/191 4512/8183/191 4515/8191/191
f 4246/8192/205 4517/8193/206 4516/8194/205
f 4317/8195/195 4517/8196/195 4270/8197/195
f 4317/8195/196 4516/8198/196 4518/8199/196
f 4317/8200/188 4519/8201/188 4246/8202/188
f 4317/8203/190 4521/8204/190 4520/8205/190
f 4342/8206/197 4521/8204/197 4284/8207/197
f 4342/8208/187 4519/8201/187 4522/8209/187
f 4270/8210/205 4524/8211/206 4523/8212/205
f 4318/8213/193 4524/8214/193 4247/8215/193
f 4318/8213/196 4523/8216/194 4525/8217/196
f 4308/8218/188 4526/8219/188 4284/8220/188
f 4308/8221/190 4528/8222/190 4527/8223/190
f 4343/8224/196 4528/8222/196 4251/8225/196
f 4343/8226/191 4526/8219/191 4529/8227/191
f 4318/8228/188 4530/8229/188 4270/8230/188
f 4318/8231/202 4532/8232/190 4531/8233/202
f 4317/8234/197 4532/8232/197 4289/8235/197
f 4317/8236/187 4530/8229/187 4533/8237/187
f 4322/8238/188 4534/8239/188 4290/8240/188
f 4322/8241/193 4536/8242/190 4535/8243/193
f 4307/8244/196 4536/8242/196 4273/8245/196
f 4307/8246/199 4534/8239/191 4537/8247/199
f 4258/8248/206 4538/8249/206 4247/8250/206
f 4320/8251/193 4539/8252/193 4258/8253/193
f 4320/8251/196 4538/8254/197 4540/8255/196
f 4239/8256/204 4542/8257/204 4541/8258/204
f 4321/8259/197 4542/8260/197 4257/8261/197
f 4321/8262/191 4541/8263/191 4543/8264/191
f 4239/8265/206 4544/8266/206 4258/8267/206
f 4321/8268/193 4545/8269/193 4239/8270/193
f 4321/8268/196 4544/8271/196 4546/8272/196
f 4245/8273/203 4547/8274/204 4257/8275/204
f 4322/8276/197 4548/8277/197 4245/8278/197
f 4322/8279/191 4547/8280/191 4549/8281/191
f 4321/8282/188 4550/8283/188 4258/8284/188
f 4321/8285/193 4552/8286/190 4551/8287/193
f 4320/8288/196 4552/8286/196 4290/8289/196
f 4320/8290/199 4550/8283/191 4553/8291/199
f 4325/8292/200 4554/8293/200 4291/8294/200
f 4325/8295/202 4556/8296/193 4555/8297/202
f 4306/8298/196 4556/8296/196 4276/8299/196
f 4306/8300/191 4554/8293/199 4557/8301/191
f 4252/8302/191 4559/8303/191 4558/8304/191
f 4275/8305/188 4559/8303/188 4305/8306/188
f 4275/8307/193 4561/8308/193 4560/8309/193
f 4252/8310/194 4561/8308/194 4332/8311/194
f 4323/8312/188 4562/8313/188 4251/8314/188
f 4323/8315/190 4564/8316/190 4563/8317/190
f 4339/8318/197 4564/8316/197 4282/8319/197
f 4339/8320/187 4562/8313/187 4565/8321/191
f 4275/8322/199 4567/8323/191 4566/8324/199
f 4244/8325/188 4567/8323/188 4328/8326/188
f 4244/8327/193 4569/8328/193 4568/8329/193
f 4275/8330/194 4569/8328/194 4333/8331/194
f 4306/8332/200 4570/8333/200 4282/8334/200
f 4306/8335/190 4572/8336/190 4571/8337/190
f 4340/8338/196 4572/8336/196 4253/8339/196
f 4340/8340/191 4570/8333/199 4573/8341/191
f 4324/8342/188 4574/8343/188 4274/8344/188
f 4324/8345/202 4576/8346/190 4575/8347/202
f 4323/8348/197 4576/8346/197 4291/8349/197
f 4323/8350/187 4574/8343/187 4577/8351/191
f 4328/8352/200 4578/8353/200 4292/8354/200
f 4328/8355/193 4580/8356/190 4579/8357/193
f 4305/8358/196 4580/8356/196 4275/8359/196
f 4305/8360/199 4578/8353/199 4581/8361/199
f 4251/8362/199 4583/8363/191 4582/8364/199
f 4274/8365/188 4583/8363/188 4308/8366/188
f 4274/8367/190 4585/8368/190 4584/8369/190
f 4251/8370/196 4585/8368/196 4323/8371/196
f 4265/8372/204 4586/8373/204 4245/8374/204
f 4327/8375/196 4587/8376/196 4265/8377/196
f 4327/8378/191 4586/8379/187 4588/8380/191
f 4274/8381/201 4590/8382/199 4589/8383/201
f 4250/8384/188 4590/8382/188 4319/8385/188
f 4250/8386/190 4592/8387/190 4591/8388/190
f 4274/8389/194 4592/8387/194 4324/8390/194
f 4265/8391/204 4594/8392/204 4593/8393/204
f 4328/8394/197 4594/8395/197 4244/8396/197
f 4328/8397/191 4593/8398/199 4595/8399/191
f 4327/8400/188 4596/8401/188 4273/8402/188
f 4327/8403/193 4598/8404/190 4597/8405/193
f 4326/8406/196 4598/8404/196 4292/8407/196
f 4326/8408/199 4596/8401/191 4599/8409/199
f 4331/8410/200 4600/8411/200 4293/8412/200
f 4331/8413/202 4602/8414/190 4601/8415/202
f 4304/8416/197 4602/8414/197 4278/8417/197
f 4304/8418/191 4600/8411/199 4603/8419/191
f 4254/8420/191 4605/8421/199 4604/8422/191
f 4277/8423/200 4605/8421/200 4303/8424/200
f 4277/8425/193 4607/8426/193 4606/8427/193
f 4254/8428/194 4607/8426/194 4314/8429/194
f 4329/8430/200 4608/8431/200 4253/8432/200
f 4329/8433/190 4610/8434/190 4609/8435/190
f 4336/8436/196 4610/8434/196 4280/8437/196
f 4336/8438/191 4608/8431/191 4611/8439/187
f 4277/8440/199 4613/8441/199 4612/8442/199
f 4243/8443/200 4613/8441/200 4334/8444/200
f 4243/8445/193 4615/8446/193 4614/8447/193
f 4277/8448/194 4615/8446/194 4315/8449/194
f 4304/8450/200 4616/8451/200 4280/8452/200
f 4304/8453/190 4618/8454/195 4617/8455/190
f 4337/8456/197 4618/8454/197 4255/8457/197
f 4337/8458/191 4616/8451/199 4619/8459/191
f 4330/8460/200 4620/8461/200 4276/8462/200
f 4330/8463/193 4622/8464/193 4621/8465/193
f 4329/8466/196 4622/8464/196 4293/8467/196
f 4329/8468/191 4620/8461/191 4623/8469/187
f 4334/8470/200 4624/8471/200 4294/8472/200
f 4334/8473/193 4626/8474/195 4625/8475/193
f 4303/8476/207 4626/8474/197 4277/8477/197
f 4303/8478/199 4624/8471/199 4627/8479/199
f 4253/8480/199 4629/8481/191 4628/8482/199
f 4276/8483/188 4629/8481/188 4306/8484/188
f 4276/8485/190 4631/8486/193 4630/8487/190
f 4253/8488/194 4631/8486/194 4329/8489/194
f 4244/8490/204 4633/8491/204 4632/8492/204
f 4333/8493/196 4633/8494/196 4264/8495/196
f 4333/8496/191 4632/8497/191 4634/8498/191
f 4276/8499/201 4636/8500/199 4635/8501/201
f 4252/8502/188 4636/8500/188 4325/8503/188
f 4252/8504/190 4638/8505/193 4637/8506/190
f 4276/8507/194 4638/8505/194 4330/8508/194
f 4264/8509/204 4640/8510/204 4639/8511/204
f 4334/8512/197 4640/8513/197 4243/8514/197
f 4334/8515/191 4639/8516/199 4641/8517/191
f 4333/8518/200 4642/8519/200 4275/8520/200
f 4333/8521/190 4644/8522/190 4643/8523/190
f 4332/8524/196 4644/8522/196 4294/8525/196
f 4332/8526/199 4642/8519/199 4645/8527/199
f 4337/8528/200 4646/8529/200 4295/8530/200
f 4337/8531/193 4648/8532/195 4647/8533/193
f 4302/8534/197 4648/8532/197 4268/8535/197
f 4302/8536/199 4646/8529/199 4649/8537/199
f 4241/8538/189 4650/8510/189 4262/8539/189
f 4335/8540/200 4651/8541/200 4241/8542/200
f 4335/8543/190 4650/8544/193 4652/8545/190
f 4242/8546/191 4654/8547/199 4653/8548/191
f 4268/8549/200 4654/8547/200 4302/8550/200
f 4268/8551/190 4656/8552/193 4655/8553/190
f 4242/8554/194 4656/8552/194 4344/8555/194
f 4326/8556/192 4657/8557/192 4250/8558/192
f 4326/8559/195 4659/8560/195 4658/8561/195
f 4324/8562/197 4659/8560/197 4281/8563/197
f 4324/8564/187 4657/8557/187 4660/8565/187
f 4268/8566/191 4662/8567/199 4661/8568/191
f 4255/8569/200 4662/8567/200 4337/8570/200
f 4255/8571/190 4664/8572/193 4663/8573/190
f 4268/8574/194 4664/8572/194 4345/8575/194
f 4305/8576/208 4665/8577/200 4281/8578/200
f 4305/8579/195 4667/8580/190 4666/8581/195
f 4325/8582/196 4667/8580/196 4252/8583/196
f 4325/8584/191 4665/8577/199 4668/8585/191
f 4336/8586/200 4669/8587/200 4267/8588/200
f 4336/8589/190 4671/8590/190 4670/8591/190
f 4335/8592/196 4671/8590/196 4295/8593/196
f 4335/8594/199 4669/8587/199 4672/8595/199
f 4340/8596/200 4673/8597/200 4296/8598/200
f 4340/8599/193 4675/8600/190 4674/8601/193
f 4301/8602/196 4675/8600/196 4267/8603/196
f 4301/8604/199 4673/8597/199 4676/8605/199
f 4240/8606/209 4677/8607/189 4261/8608/189
f 4338/8609/188 4678/8610/188 4240/8611/188
f 4338/8612/190 4677/8613/190 4679/8614/190
f 4241/8615/191 4681/8616/191 4680/8617/191
f 4267/8618/188 4681/8616/188 4301/8619/188
f 4267/8620/190 4683/8621/193 4682/8622/190
f 4241/8623/210 4683/8621/210 4335/8624/210
f 4320/8625/192 4684/8626/192 4247/8627/192
f 4320/8628/195 4686/8629/195 4685/8630/195
f 4318/8631/197 4686/8629/197 4283/8632/197
f 4318/8633/187 4684/8626/187 4687/8634/187
f 4267/8635/191 4689/8636/191 4688/8637/191
f 4253/8638/188 4689/8636/188 4340/8639/188
f 4253/8640/190 4691/8641/193 4690/8642/190
f 4267/8643/194 4691/8641/194 4336/8644/194
f 4307/8645/188 4692/8646/188 4283/8647/188
f 4307/8648/195 4694/8649/190 4693/8650/195
f 4319/8651/196 4694/8649/196 4250/8652/196
f 4319/8653/191 4692/8646/191 4695/8654/191
f 4339/8655/188 4696/8656/188 4266/8657/188
f 4339/8658/193 4698/8659/190 4697/8660/193
f 4338/8661/196 4698/8659/196 4296/8662/196
f 4338/8663/199 4696/8656/191 4699/8664/199
f 4343/8665/188 4700/8666/188 4297/8667/188
f 4343/8668/193 4702/8669/190 4701/8670/193
f 4300/8671/196 4702/8669/196 4266/8672/196
f 4300/8673/199 4700/8666/191 4703/8674/199
f 4236/8675/189 4704/8392/189 4260/8676/189
f 4341/8677/188 4705/8678/188 4236/8679/188
f 4341/8680/190 4704/8681/190 4706/8682/190
f 4269/8683/206 4707/8684/206 4236/8685/206
f 4341/8686/193 4708/8687/193 4269/8688/193
f 4341/8686/196 4707/8689/197 4709/8690/196
f 4314/8691/208 4710/8692/188 4254/8693/188
f 4314/8694/190 4712/8695/193 4711/8696/190
f 4312/8697/194 4712/8695/194 4285/8698/194
f 4312/8699/187 4710/8692/191 4713/8700/187
f 4246/8701/206 4714/8702/206 4269/8703/206
f 4342/8704/193 4715/8705/193 4246/8706/193
f 4342/8704/196 4714/8707/196 4716/8708/196
f 4309/8709/192 4717/8710/192 4285/8711/192
f 4309/8712/195 4719/8713/195 4718/8714/195
f 4313/8715/197 4719/8713/197 4248/8716/197
f 4313/8717/187 4717/8710/187 4720/8718/187
f 4342/8719/188 4721/8720/188 4269/8721/188
f 4342/8722/193 4723/8723/190 4722/8724/193
f 4341/8725/196 4723/8723/196 4297/8726/196
f 4341/8727/199 4721/8720/191 4724/8728/199
f 4346/8729/188 4725/8730/188 4298/8731/188
f 4346/8732/193 4727/8733/190 4726/8734/193
f 4299/8735/196 4727/8733/196 4259/8736/196
f 4299/8737/199 4725/8730/191 4728/8738/199
f 4256/8739/189 4730/8740/189 4729/8741/189
f 4344/8742/188 4730/8743/188 4242/8744/188
f 4344/8745/190 4729/8746/190 4731/8747/190
f 4250/8748/187 4733/8749/191 4732/8750/187
f 4273/8751/188 4733/8749/188 4307/8752/188
f 4273/8753/193 4735/8754/190 4734/8755/193
f 4250/8756/196 4735/8754/196 4326/8757/196
f 4266/8758/191 4737/8759/191 4736/8760/191
f 4251/8761/188 4737/8759/188 4343/8762/188
f 4251/8763/190 4739/8764/190 4738/8765/190
f 4266/8766/196 4739/8764/196 4339/8767/196
f 4273/8768/199 4741/8769/191 4740/8770/199
f 4245/8771/188 4741/8769/188 4322/8772/188
f 4245/8773/193 4743/8774/190 4742/8775/193
f 4273/8776/196 4743/8774/196 4327/8777/196
f 4286/8778/199 4745/8779/191 4744/8780/199
f 4287/8781/192 4745/8779/192 4311/8782/192
f 4287/8783/190 4747/8784/193 4746/8785/190
f 4286/8786/194 4747/8784/194 4310/8787/194
f 4259/8788/186 4748/8789/186 4249/8790/186
f 4346/8791/199 4749/8792/199 4259/8793/199
f 4346/8791/188 4748/8794/200 4750/8795/188
f 4345/8796/188 4751/8797/188 4268/8798/188
f 4345/8799/193 4753/8800/193 4752/8801/193
f 4344/8802/194 4753/8800/194 4298/8803/194
f 4344/8804/199 4751/8797/191 4754/8805/199
f 4240/8806/187 4756/8807/191 4755/8808/187
f 4266/8809/188 4756/8807/188 4300/8810/188
f 4266/8811/190 4758/8812/190 4757/8813/190
f 4240/8814/196 4758/8812/196 4338/8815/196
f 4761/8816/3 4759/8817/3 4762/8818/3
f 4762/8819/8 4765/8820/8 4761/8821/8
f 4761/8822/4 4764/8823/4 4760/8824/4
f 4763/8825/3 4768/8826/3 4767/8827/3
f 4765/8828/3 4770/8829/3 4769/8830/3
f 4763/8825/3 4770/8829/3 4766/8831/3
f 4765/8828/3 4768/8826/3 4764/8832/3
f 4759/8833/15 4766/8834/15 4762/8835/15
f 4760/8836/2 4763/7743/2 4759/7742/2
f 4794/8837/211 4883/8838/211 4882/8839/211
f 4834/8840/201 4883/8841/201 4772/8842/201
f 4834/8840/198 4882/8843/198 4884/8844/212
f 4791/8845/213 4885/8846/213 4772/8847/213
f 4834/8848/198 4886/8849/198 4791/8850/198
f 4834/8851/202 4885/8852/202 4887/8853/202
f 4833/8854/199 4889/8855/199 4888/8856/199
f 4821/8857/200 4889/8855/200 4880/8858/200
f 4821/8859/193 4891/8860/193 4890/8861/193
f 4833/8862/194 4891/8860/194 4881/8863/194
f 4791/8864/199 4893/8865/199 4892/8866/199
f 4833/8867/200 4893/8865/200 4879/8868/200
f 4833/8869/193 4895/8870/193 4894/8871/193
f 4791/8872/194 4895/8870/194 4834/8873/194
f 4795/8874/213 4896/8875/213 4775/8876/213
f 4835/8877/198 4897/8878/198 4795/8879/198
f 4835/8880/193 4896/8881/202 4898/8882/193
f 4832/8883/199 4900/8884/201 4899/8885/199
f 4819/8886/198 4900/8884/198 4877/8887/198
f 4819/8888/193 4902/8889/193 4901/8890/193
f 4832/8891/194 4902/8889/194 4878/8892/194
f 4795/8893/199 4904/8894/201 4903/8895/199
f 4832/8896/214 4904/8894/214 4876/8897/214
f 4832/8898/193 4906/8899/193 4905/8900/193
f 4795/8901/194 4906/8899/194 4835/8902/194
f 4796/8903/213 4907/8904/213 4776/8905/213
f 4836/8906/212 4908/8907/212 4796/8908/212
f 4836/8909/202 4907/8910/202 4909/8911/193
f 4831/8912/199 4911/8913/201 4910/8914/199
f 4817/8915/198 4911/8913/198 4874/8916/198
f 4817/8917/193 4913/8918/193 4912/8919/193
f 4831/8920/194 4913/8918/194 4875/8921/194
f 4796/8922/199 4915/8923/201 4914/8924/199
f 4831/8925/214 4915/8923/214 4873/8926/214
f 4831/8927/193 4917/8928/193 4916/8929/193
f 4796/8930/194 4917/8928/194 4836/8931/194
f 4797/8932/213 4918/8933/213 4777/8934/213
f 4837/8935/212 4919/8936/212 4797/8937/212
f 4837/8938/193 4918/8939/193 4920/8940/193
f 4830/8941/199 4922/8942/199 4921/8943/199
f 4815/8944/200 4922/8942/200 4871/8945/200
f 4815/8946/193 4924/8947/202 4923/8948/193
f 4830/8949/210 4924/8947/210 4872/8950/210
f 4797/8951/199 4926/8952/199 4925/8953/199
f 4830/8954/200 4926/8952/200 4870/8955/200
f 4830/8956/193 4928/8957/202 4927/8958/193
f 4797/8959/210 4928/8957/210 4837/8960/210
f 4829/8961/201 4930/8962/199 4929/8963/201
f 4799/8964/200 4930/8962/200 4868/8965/200
f 4799/8966/193 4932/8967/202 4931/8968/193
f 4829/8969/210 4932/8967/210 4869/8970/210
f 4814/8971/199 4934/8972/199 4933/8973/199
f 4829/8974/200 4934/8972/200 4867/8975/200
f 4829/8976/202 4936/8977/202 4935/8978/202
f 4814/8979/210 4936/8977/210 4838/8980/210
f 4828/8981/199 4938/8982/199 4937/8983/199
f 4814/8984/200 4938/8982/200 4865/8985/200
f 4814/8986/193 4940/8987/202 4939/8988/193
f 4828/8989/210 4940/8987/210 4866/8990/210
f 4815/8991/201 4942/8992/199 4941/8993/201
f 4828/8994/200 4942/8992/200 4864/8995/200
f 4828/8996/193 4944/8997/202 4943/8998/193
f 4815/8999/210 4944/8997/210 4839/9000/210
f 4827/9001/201 4946/9002/215 4945/9003/201
f 4800/9004/198 4946/9002/198 4862/9005/198
f 4800/9006/193 4948/9007/193 4947/9008/193
f 4827/9009/194 4948/9007/194 4863/9010/194
f 4816/9011/199 4950/9012/201 4949/9013/199
f 4827/9014/214 4950/9012/214 4861/9015/214
f 4827/9016/202 4952/9017/193 4951/9018/202
f 4816/9019/194 4952/9017/194 4840/9020/194
f 4826/9021/216 4954/9022/215 4953/9023/199
f 4816/9024/198 4954/9022/198 4859/9025/198
f 4816/9026/193 4956/9027/193 4955/9028/193
f 4826/9029/194 4956/9027/194 4860/9030/194
f 4817/9031/201 4958/9032/215 4957/9033/201
f 4826/9034/198 4958/9032/198 4858/9035/198
f 4826/9036/193 4960/9037/193 4959/9038/193
f 4817/9039/194 4960/9037/194 4841/9040/194
f 4825/9041/201 4962/9042/215 4961/9043/201
f 4792/9044/198 4962/9042/198 4856/9045/198
f 4792/9046/193 4964/9047/193 4963/9048/193
f 4825/9049/194 4964/9047/194 4857/9050/194
f 4818/9051/199 4966/9052/201 4965/9053/199
f 4825/9054/214 4966/9052/214 4855/9055/214
f 4825/9056/202 4968/9057/193 4967/9058/202
f 4818/9059/194 4968/9057/194 4842/9060/194
f 4824/9061/215 4970/9062/215 4969/9063/215
f 4818/9064/198 4970/9062/198 4853/9065/198
f 4818/9066/193 4972/9067/193 4971/9068/193
f 4824/9069/194 4972/9067/194 4854/9070/194
f 4819/9071/201 4974/9072/215 4973/9073/201
f 4824/9074/198 4974/9072/198 4852/9075/198
f 4824/9076/193 4976/9077/193 4975/9078/193
f 4819/9079/194 4976/9077/194 4843/9080/194
f 4806/9081/211 4978/9082/211 4977/9083/211
f 4844/9084/201 4978/9085/201 4783/9086/201
f 4844/9084/198 4977/9087/198 4979/9088/212
f 4823/9089/201 4981/9090/199 4980/9091/201
f 4798/9092/200 4981/9090/200 4850/9093/200
f 4798/9094/193 4983/9095/193 4982/9096/193
f 4823/9097/194 4983/9095/194 4851/9098/194
f 4820/9099/199 4985/9100/199 4984/9101/199
f 4823/9102/200 4985/9100/200 4849/9103/200
f 4823/9104/202 4987/9105/193 4986/9106/202
f 4820/9107/194 4987/9105/194 4844/9108/194
f 4784/9109/211 4988/9110/211 4807/9111/211
f 4845/9112/201 4989/9113/201 4784/9114/201
f 4845/9112/198 4988/9115/198 4990/9116/212
f 4822/9117/201 4992/9118/199 4991/9119/201
f 4820/9120/200 4992/9118/200 4847/9121/200
f 4820/9122/193 4994/9123/193 4993/9124/193
f 4822/9125/194 4994/9123/194 4848/9126/194
f 4848/9127/200 4995/9128/200 4822/9129/200
f 4848/9130/217 4997/9131/193 4996/9132/218
f 4845/9133/194 4997/9131/194 4807/9134/194
f 4845/9135/199 4995/9128/199 4998/9136/199
f 4867/9137/188 4999/9138/188 4787/9139/188
f 4867/9140/193 5001/9141/193 5000/9142/193
f 4865/9143/210 5001/9141/210 4814/9144/210
f 4865/9145/201 4999/9138/191 5002/9146/201
f 4846/9147/200 5003/9148/200 4790/9149/200
f 4846/9150/202 5005/9151/218 5004/9152/202
f 4880/9153/210 5005/9151/210 4821/9154/210
f 4880/9155/199 5003/9148/201 5006/9156/199
f 4838/9157/198 5007/9158/198 4814/9159/198
f 4838/9160/193 5009/9161/193 5008/9162/193
f 4866/9163/194 5009/9161/194 4789/9164/194
f 4866/9165/199 5007/9158/201 5010/9166/199
f 4845/9167/200 5011/9168/200 4821/9169/200
f 4845/9170/202 5013/9171/193 5012/9172/202
f 4881/9173/194 5013/9171/194 4784/9174/194
f 4881/9175/199 5011/9168/199 5014/9176/199
f 4807/9177/211 5015/9178/211 4783/9179/211
f 4848/9180/215 5016/9181/215 4807/9182/215
f 4848/9180/219 5015/9183/220 5017/9184/208
f 4847/9185/200 5018/9186/200 4813/9187/200
f 4847/9188/218 5020/9189/218 5019/9190/218
f 4846/9191/210 5020/9189/210 4822/9192/210
f 4846/9193/199 5018/9186/201 5021/9194/199
f 4851/9195/200 5022/9196/200 4823/9197/200
f 4851/9198/202 5024/9199/193 5023/9200/202
f 4844/9201/194 5024/9199/194 4806/9202/194
f 4844/9203/201 5022/9196/199 5025/9204/201
f 4790/9205/201 5027/9206/199 5026/9207/201
f 4813/9208/198 5027/9206/198 4839/9209/198
f 4813/9210/193 5029/9211/202 5028/9212/193
f 4790/9213/210 5029/9211/210 4846/9214/210
f 4798/9215/204 5030/9216/204 4778/9217/204
f 4850/9218/221 5031/9219/221 4798/9220/221
f 4850/9221/199 5030/9222/201 5032/9223/199
f 4813/9224/199 5034/9225/199 5033/9226/201
f 4789/9227/198 5034/9225/198 4866/9228/198
f 4789/9229/193 5036/9230/202 5035/9231/193
f 4813/9232/222 5036/9230/222 4847/9233/222
f 4798/9234/204 5038/9235/204 5037/9236/204
f 4851/9237/210 5038/9238/210 4773/9239/210
f 4851/8935/199 5037/9240/201 5039/9241/199
f 4806/9242/211 5040/9243/211 4773/9244/211
f 4851/9245/201 5041/9246/201 4806/9247/201
f 4851/9245/198 5040/9248/198 5042/9249/198
f 4850/9250/200 5043/9251/200 4812/9252/200
f 4850/9253/202 5045/9254/218 5044/9255/202
f 4849/9256/222 5045/9254/222 4823/9257/222
f 4849/9258/201 5043/9251/199 5046/9259/201
f 4854/9260/200 5047/9261/200 4824/9262/200
f 4854/9263/218 5049/9264/193 5048/9265/218
f 4843/9266/210 5049/9264/210 4809/9267/210
f 4843/9268/199 5047/9261/201 5050/9269/199
f 4781/9270/223 5052/9271/223 5051/9272/223
f 4852/9273/193 5052/9274/193 4805/9275/193
f 4852/9273/194 5051/9276/194 5053/9277/194
f 4852/9278/200 5054/9279/200 4781/9280/200
f 4852/9281/202 5056/9282/193 5055/9283/202
f 4877/9284/194 5056/9282/194 4819/9285/194
f 4877/9286/199 5054/9279/199 5057/9287/199
f 4782/9288/223 5058/9289/223 4805/9290/223
f 4853/9291/218 5059/9292/218 4782/9293/218
f 4853/9291/194 5058/9294/224 5060/9295/194
f 4843/9296/200 5061/9297/200 4819/9298/200
f 4843/9299/202 5063/9300/193 5062/9301/202
f 4878/9302/210 5063/9300/210 4786/9303/210
f 4878/9304/199 5061/9297/201 5064/9305/199
f 4853/9306/200 5065/9307/200 4805/9308/200
f 4853/9309/218 5067/9310/193 5066/9311/218
f 4852/9312/194 5067/9310/194 4824/9313/194
f 4852/9314/199 5065/9307/199 5068/9315/199
f 4857/9316/200 5069/9317/200 4825/9318/200
f 4857/9319/202 5071/9320/193 5070/9321/202
f 4842/9322/194 5071/9320/194 4808/9323/194
f 4842/9324/201 5069/9317/199 5072/9325/201
f 4793/9326/223 5073/9327/223 4782/9328/223
f 4855/9329/193 5074/9330/193 4793/9331/193
f 4855/9329/194 5073/9332/194 5075/9333/194
f 4774/9334/204 5077/9335/204 5076/9336/204
f 4856/9337/210 5077/9338/210 4792/9339/210
f 4856/9340/199 5076/9341/201 5078/9342/199
f 4774/9343/223 5079/9344/223 4793/9345/223
f 4856/9346/202 5080/9347/202 4774/9348/202
f 4856/9346/194 5079/9349/194 5081/9350/194
f 4780/9351/204 5082/9352/204 4792/9353/204
f 4857/9354/210 5083/9355/210 4780/9356/210
f 4857/9357/199 5082/9358/201 5084/9359/199
f 4856/9360/200 5085/9361/200 4793/9362/200
f 4856/9363/202 5087/9364/193 5086/9365/202
f 4855/9366/194 5087/9364/194 4825/9367/194
f 4855/9368/201 5085/9361/199 5088/9369/201
f 4860/9370/214 5089/9371/214 4826/9372/214
f 4860/9373/218 5091/9374/218 5090/9375/218
f 4841/9376/210 5091/9374/210 4811/9377/210
f 4841/9378/199 5089/9371/201 5092/9379/199
f 4787/9380/201 5094/9381/201 5093/9382/199
f 4810/9383/198 5094/9381/198 4840/9384/198
f 4810/9385/202 5096/9386/218 5095/9387/202
f 4787/9388/210 5096/9386/210 4867/9389/210
f 4858/9390/198 5097/9391/198 4786/9392/198
f 4858/9393/202 5099/9394/193 5098/9395/202
f 4874/9396/194 5099/9394/194 4817/9397/194
f 4874/9398/199 5097/9391/201 5100/9399/199
f 4810/9400/201 5102/9401/201 5101/9402/201
f 4779/9403/198 5102/9401/198 4863/9404/198
f 4779/9405/193 5104/9406/202 5103/9407/193
f 4810/9408/222 5104/9406/222 4868/9409/222
f 4841/9410/214 5105/9411/214 4817/9412/214
f 4841/9413/202 5107/9414/202 5106/9415/202
f 4875/9416/210 5107/9414/210 4788/9417/210
f 4875/9418/199 5105/9411/201 5108/9419/199
f 4859/9420/225 5109/9421/225 4809/9422/225
f 4859/9423/218 5111/9424/193 5110/9425/218
f 4858/9426/194 5111/9424/194 4826/9427/194
f 4858/9428/199 5109/9421/201 5112/9429/199
f 4863/9430/226 5113/9431/214 4827/9432/214
f 4863/9433/202 5115/9434/202 5114/9435/202
f 4840/9436/210 5115/9434/210 4810/9437/210
f 4840/9438/201 5113/9431/215 5116/9439/201
f 4786/9440/201 5118/9441/199 5117/9442/201
f 4809/9443/198 5118/9441/198 4843/9444/198
f 4809/9445/193 5120/9446/202 5119/9447/193
f 4786/9448/194 5120/9446/194 4858/9449/194
f 4780/9450/204 5122/9451/204 5121/9452/204
f 4862/9453/210 5122/9454/210 4800/9455/210
f 4862/9456/199 5121/9457/201 5123/9458/199
f 4809/9459/201 5125/9460/199 5124/9461/201
f 4785/9462/198 5125/9460/198 4854/9463/198
f 4785/9464/193 5127/9465/202 5126/9466/193
f 4809/9467/194 5127/9465/194 4859/9468/194
f 4779/9469/204 5128/9470/204 4800/9471/204
f 4863/9472/210 5129/9473/210 4779/9474/210
f 4863/9475/199 5128/9476/227 5130/9477/199
f 4862/9478/198 5131/9479/198 4808/9480/198
f 4862/9481/202 5133/9482/193 5132/9483/202
f 4861/9484/194 5133/9482/194 4827/9485/194
f 4861/9486/201 5131/9479/201 5134/9487/201
f 4866/9488/214 5135/9489/214 4828/9490/214
f 4866/9491/218 5137/9492/193 5136/9493/218
f 4839/9494/194 5137/9492/194 4813/9495/194
f 4839/9496/199 5135/9489/201 5138/9497/199
f 4789/9498/199 5140/9499/201 5139/9500/199
f 4812/9501/200 5140/9499/200 4838/9502/200
f 4812/9503/202 5142/9504/217 5141/9505/202
f 4789/9506/210 5142/9504/210 4849/9507/210
f 4864/9508/188 5143/9509/188 4788/9510/188
f 4864/9511/202 5145/9512/193 5144/9513/202
f 4871/9514/210 5145/9512/210 4815/9515/210
f 4871/9516/201 5143/9509/191 5146/9517/201
f 4812/9518/201 5148/9519/199 5147/9520/201
f 4778/9521/198 5148/9519/198 4869/9522/198
f 4778/9523/193 5150/9524/202 5149/9525/193
f 4812/9526/221 5150/9524/221 4850/9527/221
f 4839/9528/198 5151/9529/198 4815/9530/198
f 4839/9531/202 5153/9532/193 5152/9533/202
f 4872/9534/194 5153/9532/194 4790/9535/194
f 4872/9536/199 5151/9529/201 5154/9537/199
f 4865/9538/188 5155/9539/188 4811/9540/188
f 4865/9541/218 5157/9542/228 5156/9543/218
f 4864/9544/210 5157/9542/210 4828/9545/210
f 4864/9546/201 5155/9539/191 5158/9547/201
f 4869/9548/198 5159/9549/198 4829/9550/198
f 4869/9551/202 5161/9552/193 5160/9553/202
f 4838/9554/194 5161/9552/194 4812/9555/194
f 4838/9556/201 5159/9549/201 5162/9557/201
f 4788/9558/201 5164/9559/201 5163/9560/201
f 4811/9561/198 5164/9559/198 4841/9562/198
f 4811/9563/193 5166/9564/202 5165/9565/193
f 4788/9566/222 5166/9564/222 4864/9567/222
f 4799/9568/204 5167/9569/204 4779/9570/204
f 4868/9571/210 5168/9572/210 4799/9573/210
f 4868/9574/199 5167/9575/199 5169/9576/201
f 4811/9577/201 5171/9578/201 5170/9579/201
f 4787/9580/198 5171/9578/198 4860/9581/198
f 4787/9582/193 5173/9583/202 5172/9584/193
f 4811/9585/222 5173/9583/222 4865/9586/222
f 4799/9587/204 5175/7769/204 5174/9588/204
f 4869/9589/210 5175/9590/210 4778/9591/210
f 4869/9592/199 5174/9593/201 5176/9594/199
f 4868/9595/188 5177/9596/188 4810/9597/188
f 4868/9598/202 5179/9599/193 5178/9600/202
f 4867/9601/194 5179/9599/194 4829/9602/194
f 4867/9603/201 5177/9596/191 5180/9604/201
f 4872/9605/198 5181/9606/198 4830/9607/198
f 4872/9608/202 5183/9609/193 5182/9610/202
f 4837/9611/194 5183/9609/194 4803/9612/194
f 4837/9613/201 5181/9606/201 5184/9614/201
f 4797/9615/213 5186/9616/213 5185/9617/213
f 4870/9618/188 5186/9619/188 4776/9620/188
f 4870/9621/193 5185/9622/202 5187/9623/193
f 4777/9624/199 5189/9625/201 5188/9626/199
f 4803/9627/200 5189/9625/200 4837/9628/200
f 4803/9629/193 5191/9630/202 5190/9631/193
f 4777/9632/210 5191/9630/210 4879/9633/210
f 4861/9634/198 5192/9635/198 4785/9636/198
f 4861/9637/193 5194/9638/193 5193/9639/193
f 4859/9640/194 5194/9638/194 4816/9641/194
f 4859/9642/199 5192/9635/201 5195/9643/199
f 4803/9644/199 5197/9645/199 5196/9646/199
f 4790/9647/198 5197/9645/198 4872/9648/198
f 4790/9649/193 5199/9650/202 5198/9651/193
f 4803/9652/221 5199/9650/221 4880/9653/221
f 4840/9654/198 5200/9655/198 4816/9656/198
f 4840/9657/202 5202/9658/202 5201/9659/193
f 4860/9660/210 5202/9658/210 4787/9661/210
f 4860/9662/199 5200/9655/201 5203/9663/199
f 4871/9664/188 5204/9665/188 4802/9666/188
f 4871/9667/202 5206/9668/193 5205/9669/202
f 4870/9670/194 5206/9668/194 4830/9671/194
f 4870/9672/201 5204/9665/191 5207/9673/201
f 4875/9674/214 5208/9675/214 4831/9676/214
f 4875/9677/202 5210/9678/202 5209/9679/202
f 4836/9680/210 5210/9678/210 4802/9681/210
f 4836/9682/201 5208/9675/215 5211/9683/201
f 4775/9684/213 5212/9685/213 4796/9686/213
f 4873/9687/198 5213/9688/198 4775/9689/198
f 4873/9690/193 5212/9691/202 5214/9692/193
f 4776/9693/201 5216/9694/201 5215/9695/199
f 4802/9696/198 5216/9694/198 4836/9697/198
f 4802/9698/193 5218/9699/202 5217/9700/193
f 4776/9701/210 5218/9699/210 4870/9702/210
f 4855/9703/200 5219/9704/200 4782/9705/200
f 4855/9706/193 5221/9707/193 5220/9708/193
f 4853/9709/194 5221/9707/194 4818/9710/194
f 4853/9711/199 5219/9704/199 5222/9712/199
f 4802/9713/199 5224/9714/201 5223/9715/199
f 4788/9716/198 5224/9714/198 4875/9717/198
f 4788/9718/193 5226/9719/202 5225/9720/193
f 4802/9721/222 5226/9719/222 4871/9722/222
f 4842/9723/198 5227/9724/198 4818/9725/198
f 4842/9726/193 5229/9727/202 5228/9728/193
f 4854/9729/210 5229/9727/210 4785/9730/210
f 4854/9731/199 5227/9724/201 5230/9732/199
f 4874/9733/198 5231/9734/198 4801/9735/198
f 4874/9736/202 5233/9737/193 5232/9738/202
f 4873/9739/194 5233/9737/194 4831/9740/194
f 4873/9741/201 5231/9734/201 5234/9742/201
f 4878/9743/200 5235/9744/200 4832/9745/200
f 4878/9746/202 5237/9747/193 5236/9748/202
f 4835/9749/194 5237/9747/194 4801/9750/194
f 4835/9751/201 5235/9744/199 5238/9752/201
f 4771/9753/229 5239/9754/213 4795/9755/213
f 4876/9756/198 5240/9757/198 4771/9758/198
f 4876/9759/193 5239/9760/193 5241/9761/193
f 4804/9762/223 5242/9763/223 4771/9764/223
f 4876/9765/193 5243/9766/193 4804/9767/193
f 4876/9765/194 5242/9768/194 5244/9769/194
f 4849/9770/198 5245/9771/198 4789/9772/198
f 4849/9773/193 5247/9774/202 5246/9775/193
f 4847/9776/210 5247/9774/210 4820/9777/210
f 4847/9778/199 5245/9771/201 5248/9779/199
f 4781/9780/223 5249/9781/223 4804/9782/223
f 4877/9783/202 5250/9784/202 4781/9785/202
f 4877/9783/194 5249/9786/194 5251/9787/194
f 4844/9788/200 5252/9789/200 4820/9790/200
f 4844/9791/202 5254/9792/193 5253/9793/202
f 4848/9794/194 5254/9792/194 4783/9795/194
f 4848/9796/199 5252/9789/199 5255/9797/199
f 4877/9798/200 5256/9799/200 4804/9800/200
f 4877/9801/202 5258/9802/193 5257/9803/202
f 4876/9804/194 5258/9802/194 4832/9805/194
f 4876/9806/201 5256/9799/199 5259/9807/201
f 4881/9808/200 5260/9809/200 4833/9810/200
f 4881/9811/202 5262/9812/193 5261/9813/202
f 4834/9814/194 5262/9812/194 4794/9815/194
f 4834/9816/201 5260/9809/199 5263/9817/201
f 4791/9215/213 5265/9818/213 5264/9819/213
f 4879/9820/198 5265/9821/198 4777/9822/198
f 4879/9823/193 5264/9824/217 5266/9825/193
f 4785/9826/199 5268/9827/201 5267/9828/199
f 4808/9829/200 5268/9827/200 4842/9830/200
f 4808/9831/202 5270/9832/193 5269/9833/202
f 4785/9834/210 5270/9832/210 4861/9835/210
f 4801/9836/199 5272/9837/199 5271/9838/199
f 4786/9839/198 5272/9837/198 4878/9840/198
f 4786/9841/193 5274/9842/202 5273/9843/193
f 4801/9844/194 5274/9842/194 4874/9845/194
f 4808/9846/201 5276/9847/199 5275/9848/201
f 4780/9849/198 5276/9847/198 4857/9850/198
f 4780/9851/193 5278/9852/202 5277/9853/193
f 4808/9854/194 5278/9852/194 4862/9855/194
f 4821/9856/201 5280/9857/199 5279/9858/201
f 4822/9859/200 5280/9857/200 4846/9860/200
f 4822/9861/193 5282/9862/193 5281/9863/193
f 4821/9864/194 5282/9862/194 4845/9865/194
f 4794/9866/211 5283/9867/211 4784/9868/211
f 4881/9869/201 5284/9870/201 4794/9871/201
f 4881/9869/198 5283/9872/198 5285/9873/198
f 4880/9874/200 5286/9875/200 4803/9876/200
f 4880/9877/202 5288/9878/230 5287/9879/202
f 4879/9880/222 5288/9878/222 4833/9881/222
f 4879/9882/201 5286/9875/199 5289/9883/201
f 4775/9884/199 5291/9885/201 5290/9886/199
f 4801/9887/200 5291/9885/200 4835/9888/200
f 4801/9889/193 5293/9890/193 5292/9891/193
f 4775/9892/210 5293/9890/210 4873/9893/210
f 5301/9894/8 5303/9895/8 5302/9896/8
f 5304/9897/8 5312/244/8 5311/9898/8
f 5306/9899/8 5314/3679/8 5313/9900/8
f 5308/9901/8 5295/9902/8 5315/9903/8
f 5311/9904/15 5302/9905/15 5304/9906/15
f 5309/4317/4 5321/9907/4 5314/9908/4
f 5296/9909/8 5310/6508/8 5294/9910/8
f 5316/538/8 5299/9911/8 5298/9912/8
f 5320/9913/8 5318/802/8 5319/9914/8
f 5313/9915/15 5298/438/15 5306/9916/15
f 5315/9917/15 5319/1137/15 5308/9918/15
f 5305/4802/4 5300/9919/4 5310/9920/4
f 5307/553/4 5317/9921/4 5312/9922/4
f 5327/9923/231 5410/9924/232 5428/9925/233
f 5322/9926/234 5326/67/235 5323/9927/236
f 5392/9928/237 5326/9929/238 5425/9930/239
f 5325/9931/240 5322/9932/234 5323/9933/236
f 5409/9934/241 5424/9935/242 5429/9936/243
f 5324/9937/244 5424/9938/245 5322/9932/234
f 5324/9937/244 5327/9939/246 5428/9940/247
f 5330/9941/248 5441/9942/2 5334/9943/248
f 5441/9944/249 5335/9945/250 5334/9946/251
f 5331/9947/252 5334/9948/252 5335/9949/252
f 5329/9950/253 5332/510/253 5333/9951/253
f 5328/9952/254 5445/9953/255 5332/9954/254
f 5332/27/256 5440/9955/257 5333/9956/258
f 5331/9957/259 5432/9958/260 5330/9959/261
f 5331/9960/262 5444/9961/263 5436/9962/264
f 5365/9963/1 5345/9964/1 5341/9965/1
f 5360/9966/1 5340/9967/1 5344/9968/1
f 5369/9969/265 5336/9970/21 5339/9971/21
f 5346/9972/266 5341/9973/266 5345/3676/266
f 5344/9974/267 5342/9975/267 5347/5111/267
f 5342/9976/4 5341/9977/4 5343/9978/4
f 5365/9979/268 5338/9980/20 5337/9981/20
f 5364/9982/269 5368/9983/270 5373/9984/269
f 5369/9985/3 5347/9986/3 5342/9987/3
f 5373/9988/3 5370/9989/3 5343/9990/3
f 5377/9991/1 5382/9992/1 5352/9993/1
f 5372/9994/3 5343/9990/3 5346/9995/3
f 5336/9970/271 5347/9996/271 5339/9971/271
f 5338/9980/272 5345/9997/272 5337/9981/272
f 5381/9998/1 5357/9999/1 5353/10000/1
f 5376/10001/1 5352/9993/1 5356/10002/1
f 5385/10003/265 5348/10004/21 5351/10005/21
f 5358/10006/266 5353/1432/266 5357/10007/266
f 5356/10008/267 5354/10009/267 5359/10010/267
f 5354/10011/4 5353/10012/4 5355/10013/4
f 5381/10014/268 5350/10015/20 5349/10016/20
f 5380/10017/269 5384/10018/270 5389/10019/269
f 5385/10020/3 5359/10021/3 5354/10022/3
f 5389/10023/3 5386/10024/3 5355/10025/3
f 5388/10026/3 5355/10025/3 5358/10027/3
f 5348/10004/271 5359/10028/271 5351/10005/271
f 5350/10015/272 5357/10029/272 5349/10016/272
f 5329/10030/273 5440/10031/2 5433/10032/2
f 5360/9966/1 5363/10033/1 5362/10034/1
f 5363/10033/1 5361/10035/1 5362/10034/1
f 5364/10036/1 5367/10037/1 5366/10038/1
f 5367/10037/1 5365/9963/1 5366/10038/1
f 5368/10039/3 5371/10040/3 5370/9989/3
f 5371/10040/3 5369/9985/3 5370/9989/3
f 5372/9994/3 5375/10041/3 5374/10042/3
f 5375/10041/3 5373/9988/3 5374/10042/3
f 5376/10001/1 5379/10043/1 5378/10044/1
f 5379/10043/1 5377/9991/1 5378/10044/1
f 5380/10045/1 5383/10046/1 5382/9992/1
f 5383/10046/1 5381/9998/1 5382/9992/1
f 5384/10047/3 5387/10048/3 5386/10024/3
f 5387/10048/3 5385/10020/3 5386/10024/3
f 5388/10026/3 5391/10049/3 5390/10050/3
f 5391/10049/3 5389/10023/3 5390/10050/3
f 5369/10051/265 5363/10052/274 5360/10053/265
f 5371/10054/274 5361/10055/270 5363/10052/274
f 5385/10056/265 5379/10057/274 5376/10058/265
f 5387/10059/274 5377/10060/270 5379/10057/274
f 5373/9984/269 5367/10061/275 5364/9982/269
f 5375/10062/275 5365/10063/268 5367/10061/275
f 5389/10019/269 5383/10064/275 5380/10017/269
f 5391/10065/275 5381/10066/268 5383/10064/275
f 5361/10035/1 5366/10038/1 5340/9967/1
f 5395/10067/276 5396/10068/277 5392/9928/237
f 5395/10067/276 5400/10069/278 5397/10070/279
f 5398/10071/280 5399/10072/281 5393/10073/282
f 5398/10071/280 5403/10074/283 5400/10069/278
f 5401/10075/284 5402/10076/285 5394/10077/286
f 5396/10068/277 5403/10074/283 5401/10075/284
f 5397/10070/279 5400/10069/278 5403/10074/283
f 5411/10078/287 5412/10079/288 5408/10080/289
f 5415/10081/290 5413/10082/291 5411/10078/287
f 5414/10083/292 5415/10081/290 5409/10084/241
f 5418/10085/293 5416/10086/294 5414/10083/292
f 5417/10087/295 5418/10085/293 5410/9924/232
f 5417/10087/295 5413/10082/291 5419/10088/296
f 5413/10082/291 5416/10086/294 5419/10088/296
f 5424/10089/245 5426/10090/297 5322/9926/234
f 5426/10090/297 5427/10091/298 5322/9926/234
f 5427/10091/298 5425/10092/299 5322/9926/234
f 5428/9940/247 5430/10093/300 5324/9937/244
f 5430/10093/300 5431/10094/301 5324/9937/244
f 5431/10094/301 5429/10095/302 5324/9937/244
f 5421/10096/303 5417/10087/295 5410/9924/232
f 5423/10097/304 5412/10079/288 5417/10087/295
f 5422/10098/305 5408/10080/289 5412/10079/288
f 5429/10099/243 5414/10083/292 5409/10084/241
f 5414/10083/292 5430/10100/306 5418/10085/293
f 5418/10085/293 5428/9925/233 5410/9924/232
f 5394/10077/286 5407/10101/307 5401/10075/284
f 5401/10075/284 5406/10102/308 5396/10068/277
f 5396/10068/277 5404/10103/309 5392/9928/237
f 5409/10104/241 5398/10071/280 5393/10073/282
f 5415/10105/290 5402/10076/285 5398/10071/280
f 5411/10106/287 5394/10077/286 5402/10076/285
f 5425/9930/239 5395/10067/276 5392/9928/237
f 5427/10107/310 5399/10072/281 5395/10067/276
f 5399/10072/281 5424/10108/242 5393/10073/282
f 5405/10109/311 5408/10110/289 5420/10111/312
f 5433/10032/2 5442/10112/2 5435/10113/2
f 5442/10112/2 5434/10114/2 5435/10113/2
f 5443/10115/2 5432/10116/2 5434/10114/2
f 5432/9958/260 5438/10117/313 5434/10118/314
f 5434/10118/315 5439/10119/316 5435/10120/315
f 5435/10121/317 5437/10122/318 5433/10123/319
f 5436/9962/264 5446/10124/16 5438/10125/320
f 5438/10125/320 5447/10126/321 5439/10127/322
f 5447/10126/321 5437/10128/323 5439/10127/322
f 5445/10129/324 5442/10130/325 5440/9955/257
f 5447/10131/326 5443/10132/327 5442/10133/327
f 5446/10134/328 5441/9944/249 5443/10132/329
f 5433/10123/319 5328/10135/330 5329/10136/331
f 9/1/1 147/10137/1 148/2/1
f 145/4/1 7/42/1 11/3/1
f 19/5/2 16/498/2 15/6/2
f 150/8/3 152/12/3 15/9/3
f 151/11/3 13/452/3 15/9/3
f 23/13/3 27/10138/3 28/14/3
f 153/16/2 58/71/2 37/17/2
f 11/19/4 7/105/4 40/20/4
f 27/22/4 23/54/4 50/23/4
f 38/25/5 39/10139/332 64/26/6
f 14/28/8 23/381/8 21/29/8
f 11/31/2 19/5/2 18/7/2
f 203/33/8 26/455/8 25/34/8
f 25/34/8 28/453/8 204/36/8
f 159/37/9 160/466/38 34/38/10
f 2/40/1 25/10140/1 26/41/1
f 16/43/4 46/107/4 47/44/4
f 162/46/2 247/471/2 36/47/2
f 14/45/4 47/44/4 50/23/4
f 164/58/1 49/76/1 39/59/1
f 60/61/3 36/467/3 34/62/3
f 173/64/8 172/68/8 54/65/8
f 51/67/8 54/65/8 172/68/8
f 175/70/2 43/74/2 58/71/2
f 177/73/2 46/459/2 43/74/2
f 51/75/1 52/10141/1 49/76/1
f 60/61/3 186/10142/3 181/78/3
f 184/84/3 186/10142/3 60/61/3
f 47/80/3 46/79/3 181/78/3
f 47/80/3 181/78/3 180/83/3
f 184/84/3 60/61/3 61/63/3
f 185/82/3 184/84/3 61/63/3
f 47/80/3 180/83/3 179/10143/3
f 47/80/3 179/10143/3 182/10144/3
f 183/81/3 185/82/3 61/63/3
f 47/80/3 182/10144/3 183/81/3
f 185/82/3 179/10143/3 180/83/3
f 62/85/14 50/462/8 188/86/8
f 190/88/8 61/464/8 62/85/14
f 50/89/3 62/107/3 63/90/3
f 249/92/1 56/95/1 196/93/1
f 56/95/1 42/482/1 197/96/1
f 191/97/1 195/480/1 198/94/1
f 42/99/2 56/108/2 58/71/2
f 200/100/8 157/470/38 32/50/12
f 62/101/15 49/10145/15 52/102/15
f 26/104/4 51/111/4 40/20/4
f 16/43/4 19/109/4 43/106/4
f 56/108/2 38/52/2 37/17/2
f 11/19/4 42/21/4 43/106/4
f 49/110/16 62/85/14 32/50/12
f 27/22/4 54/24/4 51/111/4
f 248/112/17 247/10146/333 29/113/18
f 97/115/1 86/10147/1 88/116/1
f 88/118/20 95/10148/20 99/119/20
f 100/121/21 91/10149/21 86/122/21
f 93/124/4 89/10150/4 85/125/4
f 88/127/15 86/10151/15 91/128/15
f 97/115/1 98/117/1 87/130/1
f 110/132/1 112/10152/1 118/133/1
f 112/135/20 116/10153/20 119/136/20
f 114/138/21 110/10154/21 117/139/21
f 115/141/4 113/10155/4 109/142/4
f 112/144/15 110/10156/15 114/145/15
f 117/134/1 118/133/1 111/147/1
f 137/149/22 138/185/22 134/150/23
f 138/152/25 139/10157/25 135/153/26
f 139/155/27 140/10158/27 136/156/28
f 140/158/30 137/10159/30 133/159/31
f 127/161/4 125/10160/4 121/122/4
f 128/163/1 143/10161/1 144/164/1
f 132/166/32 129/177/32 121/167/8
f 127/169/3 131/178/36 132/170/33
f 130/172/34 131/179/34 127/173/2
f 129/174/35 130/10162/37 123/175/1
f 136/160/31 133/159/31 129/177/32
f 135/157/29 136/156/28 132/170/33
f 130/172/34 134/154/26 135/153/26
f 129/180/35 133/151/24 134/150/23
f 124/182/15 138/185/15 137/149/15
f 124/182/15 128/187/15 139/184/15
f 126/186/15 140/188/15 139/184/15
f 122/183/15 137/149/15 140/188/15
f 142/189/15 141/10163/15 144/190/15
f 122/192/3 141/10164/3 142/193/3
f 126/195/2 144/10165/2 141/196/2
f 124/198/8 142/10166/8 143/199/8
f 10/201/1 187/1304/1 190/202/1
f 8/204/4 12/10167/4 190/205/4
f 10/207/15 6/10168/15 188/208/15
f 8/210/3 189/10169/3 188/211/3
f 10/213/8 12/10170/8 8/214/8
f 24/216/8 22/226/8 152/217/8
f 20/219/4 24/10171/4 150/220/4
f 22/222/15 17/10172/15 151/223/15
f 17/225/2 20/217/2 149/226/2
f 22/228/3 24/397/3 20/229/3
f 33/231/1 172/10173/1 173/232/1
f 31/234/4 35/10174/4 173/235/4
f 33/237/15 30/10175/15 171/238/15
f 30/240/3 31/10176/3 174/241/3
f 33/243/8 35/10177/8 31/244/8
f 199/202/1 160/10178/1 159/246/1
f 159/246/1 48/3865/1 45/203/1
f 44/247/4 48/10179/4 159/248/4
f 45/250/15 41/10180/15 200/251/15
f 158/255/3 157/10181/3 200/253/3
f 200/253/3 41/10182/3 44/254/3
f 41/256/8 45/10183/8 48/257/8
f 59/259/8 57/10184/8 179/260/8
f 55/262/4 59/10185/4 185/263/4
f 57/265/15 53/10186/15 182/266/15
f 53/268/2 55/10187/2 183/269/2
f 57/271/3 59/10188/3 55/272/3
f 68/261/8 67/260/8 181/274/8
f 66/276/4 68/10189/4 186/277/4
f 67/279/15 65/10190/15 180/280/15
f 65/282/2 66/1640/2 184/283/2
f 67/285/3 68/10191/3 66/286/3
f 71/288/8 195/311/8 191/289/8
f 70/291/4 194/10192/4 195/292/4
f 72/294/15 191/140/15 192/295/15
f 69/297/2 192/227/2 194/226/2
f 70/299/1 71/10193/1 72/300/1
f 75/290/8 196/289/8 197/302/8
f 74/304/4 198/252/4 196/305/4
f 76/307/15 197/10194/15 193/308/15
f 73/310/2 193/289/2 198/311/2
f 74/66/1 75/323/1 76/313/1
f 79/283/8 168/10013/8 163/315/8
f 78/316/4 167/10195/4 168/317/4
f 80/319/15 163/10196/15 164/320/15
f 77/322/2 164/302/2 167/289/2
f 78/323/1 79/10197/1 80/324/1
f 84/226/8 83/216/8 170/326/8
f 82/327/4 169/10198/4 170/328/4
f 84/330/15 165/10199/15 166/331/15
f 81/333/2 166/375/2 169/334/2
f 82/335/1 83/10200/1 84/336/1
f 156/338/1 155/10201/1 96/300/1
f 96/300/1 94/10193/1 162/339/1
f 92/340/4 161/10202/4 162/341/4
f 90/343/15 96/10203/15 155/344/15
f 154/346/3 161/936/3 92/347/3
f 92/347/3 90/10204/3 153/348/3
f 92/349/2 94/10176/2 96/350/2
f 103/352/1 178/10205/1 177/353/1
f 102/355/4 176/10206/4 178/356/4
f 101/358/15 104/10192/15 177/359/15
f 102/361/3 101/10207/3 175/362/3
f 102/213/2 103/215/2 104/364/2
f 107/366/8 148/10208/8 147/367/8
f 106/369/4 145/10209/4 148/370/4
f 108/372/15 147/10210/15 146/373/15
f 105/375/2 146/288/2 145/376/2
f 106/377/1 107/364/1 108/378/1
f 4/380/1 204/388/1 201/381/1
f 5/382/4 201/10211/4 203/383/4
f 4/385/15 1/10212/15 202/386/15
f 3/388/3 203/10213/3 202/389/3
f 4/391/8 5/972/8 3/392/8
f 214/394/3 212/10214/3 218/395/3
f 218/397/8 215/10215/8 209/398/8
f 242/400/3 241/10216/3 211/401/3
f 211/401/3 241/10216/3 239/403/3
f 216/404/2 217/10217/2 213/405/2
f 224/407/3 222/10218/3 228/408/3
f 228/410/8 225/10219/8 219/366/8
f 246/412/3 245/415/3 221/413/3
f 228/408/3 221/413/3 245/415/3
f 226/417/2 227/10007/2 223/418/2
f 234/422/8 242/10220/8 240/420/8
f 240/420/8 206/10221/8 235/421/8
f 205/423/4 206/10222/4 240/424/4
f 229/426/15 241/10223/15 242/427/15
f 239/431/2 241/10224/2 229/429/2
f 229/429/2 230/10225/2 205/430/2
f 231/432/3 235/10226/3 206/433/3
f 206/433/3 205/10227/3 230/434/3
f 236/437/8 246/10228/8 244/435/8
f 244/435/8 208/10229/8 233/436/8
f 207/438/4 208/10230/4 244/439/4
f 237/443/15 245/10231/15 246/441/15
f 246/441/15 236/10232/15 232/442/15
f 243/446/2 245/10233/2 237/444/2
f 237/444/2 238/10234/2 207/445/2
f 233/447/3 208/4638/3 207/448/3
f 149/450/3 150/8/3 16/10/3
f 149/450/3 14/451/3 13/452/3
f 28/453/8 27/10235/8 201/454/8
f 201/454/8 27/10235/8 26/455/8
f 146/456/1 147/10137/1 9/1/1
f 145/4/1 146/456/1 2/40/1
f 178/457/2 176/72/2 58/71/2
f 177/73/2 178/457/2 60/458/2
f 155/460/2 156/48/2 36/47/2
f 155/460/2 60/458/2 58/71/2
f 187/461/8 188/86/8 50/462/8
f 187/461/8 47/463/8 61/464/8
f 199/465/8 200/100/8 62/85/14
f 199/465/8 61/464/8 34/38/10
f 36/467/39 247/10146/333 248/112/17
f 161/468/2 154/18/2 37/17/2
f 158/469/9 159/37/9 248/39/9
f 158/469/9 64/51/13 32/50/12
f 161/468/2 29/53/2 247/471/2
f 173/64/8 63/66/8 52/472/8
f 174/473/8 52/472/8 51/67/8
f 165/474/1 170/57/1 38/56/1
f 165/474/1 56/95/1 249/92/1
f 166/475/1 163/481/1 168/476/1
f 192/477/1 40/77/1 49/76/1
f 250/479/1 249/92/1 198/94/1
f 166/475/1 249/92/1 250/479/1
f 194/478/1 49/76/1 250/479/1
f 164/58/1 163/481/1 250/479/1
f 191/97/1 193/98/1 42/482/1
f 168/476/1 39/59/1 38/56/1
f 240/483/3 242/400/3 213/402/3
f 240/483/3 217/396/3 218/395/3
f 246/412/3 223/414/3 227/409/3
f 244/484/3 227/409/3 228/408/3
f 252/485/1 254/500/1 253/486/1
f 254/488/2 258/10236/2 257/489/2
f 258/491/3 256/10237/3 255/492/3
f 256/494/8 252/1407/8 251/495/8
f 257/497/4 255/10238/4 251/498/4
f 254/500/15 252/10239/15 256/501/15
f 260/503/41 262/10240/41 261/504/41
f 262/505/1 266/1214/1 265/506/1
f 266/508/42 264/10241/42 263/509/42
f 264/511/3 260/10242/3 259/512/3
f 265/514/4 263/10243/4 259/515/4
f 266/517/15 262/10244/15 260/518/15
f 268/520/43 270/10245/43 269/521/43
f 270/507/1 274/506/1 273/523/1
f 274/525/44 272/10246/44 271/526/44
f 272/528/3 268/10247/3 267/529/3
f 273/531/4 271/1609/4 267/532/4
f 274/534/15 270/10248/15 268/535/15
f 276/537/45 278/10249/45 277/538/45
f 278/540/8 282/10250/8 281/541/8
f 282/543/46 280/10251/46 279/544/46
f 280/546/2 276/10236/2 275/488/2
f 281/548/4 279/10252/4 275/549/4
f 282/551/15 278/10251/15 276/552/15
f 284/554/47 286/561/47 285/555/47
f 286/557/1 290/562/1 289/558/1
f 290/560/48 288/10253/48 287/561/48
f 288/562/3 284/557/3 283/563/3
f 289/565/4 287/10254/4 283/566/4
f 290/568/15 286/10255/15 284/569/15
f 292/571/1 294/577/1 293/572/1
f 294/574/2 298/981/2 297/575/2
f 298/577/3 296/10256/3 295/578/3
f 296/580/8 292/10257/8 291/581/8
f 297/583/4 295/10258/4 291/584/4
f 294/586/15 292/10259/15 296/587/15
f 299/589/49 300/1630/49 302/590/49
f 302/592/15 306/10260/15 305/593/15
f 306/595/50 304/10261/50 303/596/50
f 304/598/4 300/10262/4 299/599/4
f 305/601/1 303/10263/1 299/602/1
f 306/591/3 302/10264/3 300/604/3
f 308/606/49 310/646/49 309/607/49
f 310/609/15 314/10265/15 313/610/15
f 314/590/50 312/1630/50 311/612/50
f 312/614/4 308/10266/4 307/615/4
f 313/617/1 311/10267/1 307/618/1
f 314/620/3 310/10268/3 308/621/3
f 315/623/51 316/10261/51 318/595/51
f 318/625/15 322/10269/15 321/626/15
f 322/628/52 320/646/52 319/629/52
f 320/631/4 316/10270/4 315/632/4
f 321/634/1 319/10271/1 315/635/1
f 322/637/3 318/10272/3 316/638/3
f 324/640/51 326/10273/51 325/641/51
f 326/643/15 330/10274/15 329/644/15
f 330/646/52 328/606/52 327/647/52
f 328/648/4 324/10275/4 323/649/4
f 329/651/1 327/10276/1 323/652/1
f 330/641/3 326/10277/3 324/654/3
f 331/656/53 332/727/53 334/657/54
f 334/659/55 338/671/55 337/660/55
f 338/662/56 336/699/57 335/663/57
f 336/665/4 332/10278/4 331/666/4
f 337/668/1 335/10279/1 331/669/1
f 338/671/3 334/659/3 332/672/3
f 339/674/53 340/10280/53 342/675/54
f 342/677/55 346/689/55 345/678/55
f 346/680/56 344/663/57 343/681/57
f 344/683/4 340/10281/4 339/684/4
f 345/686/1 343/10282/1 339/687/1
f 346/689/3 342/677/3 340/690/3
f 347/692/53 348/10283/53 350/693/54
f 349/695/55 350/10284/55 354/696/55
f 354/698/56 352/716/57 351/699/57
f 352/701/4 348/10285/4 347/702/4
f 353/704/1 351/10286/1 347/705/1
f 354/696/3 350/10284/3 348/707/3
f 355/709/53 356/674/53 358/710/54
f 358/712/55 362/724/55 361/713/55
f 362/715/56 360/733/57 359/716/57
f 360/718/4 356/10287/4 355/719/4
f 361/721/1 359/10288/1 355/722/1
f 362/724/3 358/712/3 356/725/3
f 363/727/53 364/692/53 366/728/54
f 366/730/55 370/741/55 369/731/55
f 370/693/56 368/10283/57 367/733/57
f 368/735/4 364/10289/4 363/736/4
f 369/738/1 367/10290/1 363/739/1
f 370/741/3 366/730/3 364/742/3
f 372/744/58 374/10291/59 373/745/59
f 374/747/60 378/10292/60 377/748/60
f 377/750/61 378/10291/61 376/744/62
f 376/752/4 372/10293/4 371/753/4
f 377/755/1 375/10294/1 371/756/1
f 378/758/3 374/10295/3 372/759/3
f 380/761/58 382/10296/59 381/762/59
f 382/764/60 386/10297/60 385/765/60
f 385/767/61 386/10298/61 384/751/62
f 384/769/4 380/10299/4 379/770/4
f 385/772/1 383/10300/1 379/773/1
f 386/775/3 382/10301/3 380/776/3
f 388/778/1 390/1016/1 389/779/1
f 390/490/2 394/489/2 393/781/2
f 394/783/3 392/10302/3 391/784/3
f 392/782/8 388/781/8 387/540/8
f 393/786/4 391/10303/4 387/787/4
f 390/789/15 388/10304/15 392/790/15
f 396/792/1 398/10305/1 397/793/1
f 398/581/2 402/799/2 401/795/2
f 402/796/3 400/10306/3 399/797/3
f 400/799/8 396/810/8 395/800/8
f 401/801/4 399/10307/4 395/802/4
f 398/804/15 396/10308/15 400/805/15
f 404/807/1 406/829/1 405/808/1
f 406/810/2 410/815/2 409/811/2
f 410/812/3 408/10309/3 407/813/3
f 408/815/8 404/10310/8 403/816/8
f 409/817/4 407/10311/4 403/818/4
f 406/820/15 404/10312/15 408/821/15
f 412/823/1 414/10313/1 413/824/1
f 414/826/2 418/832/2 417/827/2
f 418/829/3 416/10314/3 415/830/3
f 416/541/8 412/10250/8 411/832/8
f 417/833/4 415/10315/4 411/834/4
f 414/836/15 412/10316/15 416/682/15
f 420/838/8 422/10317/8 421/839/8
f 422/841/1 426/1231/1 425/842/1
f 426/844/2 424/937/2 423/845/2
f 424/847/3 420/10318/3 419/848/3
f 425/850/4 423/1408/4 419/851/4
f 422/853/15 420/10319/15 424/854/15
f 428/856/8 430/863/8 429/857/8
f 430/859/1 434/875/1 433/860/1
f 434/862/2 432/1040/2 431/863/2
f 432/864/3 428/10320/3 427/865/3
f 433/867/4 431/10321/4 427/868/4
f 430/870/15 428/10322/15 432/871/15
f 436/858/8 438/857/8 437/873/8
f 438/874/1 442/949/1 441/875/1
f 442/711/2 440/918/2 439/876/2
f 440/878/3 436/10323/3 435/879/3
f 441/881/4 439/10324/4 435/882/4
f 438/884/15 436/10325/15 440/885/15
f 444/887/8 446/904/8 445/888/8
f 446/559/1 450/558/1 449/890/1
f 450/892/2 448/948/2 447/893/2
f 448/895/3 444/10326/3 443/896/3
f 449/898/4 447/10327/4 443/899/4
f 446/901/15 444/455/15 448/902/15
f 452/840/8 454/839/8 453/904/8
f 454/843/1 458/10328/1 457/905/1
f 458/846/2 456/845/2 455/907/2
f 456/909/3 452/10329/3 451/910/3
f 457/912/4 455/6/4 451/913/4
f 454/915/15 452/10330/15 456/916/15
f 460/676/8 462/873/8 461/918/8
f 462/861/1 466/860/1 465/919/1
f 466/877/2 464/876/2 463/921/2
f 464/923/3 460/10331/3 459/924/3
f 465/926/4 463/10/4 459/927/4
f 462/929/15 460/10332/15 464/930/15
f 468/932/8 470/761/8 469/763/8
f 470/920/1 474/919/1 473/934/1
f 474/936/2 472/10333/2 471/937/2
f 472/938/3 468/10334/3 467/939/3
f 473/941/4 471/10335/4 467/942/4
f 470/944/15 468/10336/15 472/945/15
f 476/947/8 478/10337/8 477/948/8
f 478/891/1 482/890/1 481/949/1
f 482/950/2 480/893/2 479/951/2
f 480/953/3 476/10338/3 475/954/3
f 481/956/4 479/10339/4 475/957/4
f 478/959/15 476/10340/15 480/960/15
f 484/962/1 486/10341/1 485/963/1
f 486/816/2 490/10310/2 489/965/2
f 490/967/3 488/10342/3 487/968/3
f 488/966/8 484/965/8 483/970/8
f 489/972/4 487/10343/4 483/973/4
f 486/975/15 484/10344/15 488/976/15
f 492/978/1 494/10345/1 493/979/1
f 494/981/2 498/986/2 497/982/2
f 498/983/3 496/10346/3 495/984/3
f 496/986/8 492/997/8 491/987/8
f 497/988/4 495/10347/4 491/989/4
f 494/991/15 492/10348/15 496/992/15
f 500/994/1 502/10349/1 501/995/1
f 502/997/2 506/1002/2 505/998/2
f 506/999/3 504/10350/3 503/1000/3
f 504/1002/8 500/1375/8 499/1003/8
f 505/1004/4 503/10351/4 499/1005/4
f 502/1007/15 500/10352/15 504/1008/15
f 508/1010/1 510/10353/1 509/1011/1
f 510/1013/2 514/1393/2 513/1014/2
f 514/1016/3 512/10354/3 511/1017/3
f 512/828/8 508/827/8 507/1019/8
f 513/1021/4 511/10355/4 507/757/4
f 510/1023/15 508/10356/15 512/1024/15
f 516/857/58 518/10357/63 517/1026/63
f 518/1027/64 522/10358/64 521/1028/64
f 521/1030/65 522/10296/65 520/921/62
f 520/1031/4 516/10359/4 515/1032/4
f 521/1034/1 519/10360/1 515/1035/1
f 522/1037/3 518/10361/3 516/1038/3
f 524/1040/58 526/508/63 525/1041/63
f 526/1042/64 530/10362/64 529/1043/64
f 529/1026/65 530/10363/65 528/918/62
f 528/1045/4 524/10364/4 523/1046/4
f 529/1048/1 527/10365/1 523/1049/1
f 530/1051/3 526/10366/3 524/1052/3
f 532/863/58 534/10367/66 533/1054/66
f 534/1055/67 538/10368/67 537/1056/67
f 537/1058/68 538/10369/68 536/876/62
f 536/1059/4 532/10370/4 531/1060/4
f 537/1062/1 535/10371/1 531/1063/1
f 538/1065/3 534/10372/3 532/1066/3
f 539/1068/69 540/10373/69 542/1069/70
f 542/1071/71 546/1082/71 545/1072/71
f 546/1074/72 544/1173/73 543/257/73
f 544/1076/4 540/10374/4 539/1077/4
f 545/1079/1 543/10375/1 539/1080/1
f 546/1082/3 542/1071/3 540/1083/3
f 548/1085/8 550/10376/8 549/1086/8
f 550/935/1 554/934/1 553/1088/1
f 553/804/2 554/10377/2 552/1090/2
f 552/1092/74 548/10378/74 547/1093/74
f 553/1095/4 551/10379/4 547/1096/4
f 550/1098/15 548/10380/15 552/1099/15
f 556/1101/8 558/10381/8 557/1102/8
f 558/1104/1 562/905/1 561/1105/1
f 561/1107/2 562/10382/2 560/1108/2
f 560/1110/75 556/10383/75 555/1111/75
f 561/1113/4 559/10162/4 555/1114/4
f 558/1116/15 556/10384/15 560/1117/15
f 564/1119/8 566/10385/8 565/1120/8
f 566/1089/1 570/1088/1 569/1122/1
f 569/1124/2 570/10386/2 568/1125/2
f 568/1126/76 564/10387/76 563/1127/76
f 569/1129/4 567/852/4 563/1130/4
f 566/1132/15 564/10388/15 568/1133/15
f 572/1135/69 574/10389/77 573/1136/77
f 574/1138/78 578/10390/78 577/1139/78
f 577/1141/80 578/10391/80 576/1142/73
f 576/1144/4 572/10392/4 571/1145/4
f 577/1147/1 575/10393/1 571/1148/1
f 578/1150/3 574/10394/3 572/1151/3
f 579/1153/81 580/10395/81 582/1154/82
f 582/1156/83 586/1165/83 585/1157/83
f 586/1154/84 584/10395/85 583/200/85
f 584/1160/4 580/10396/4 579/1161/4
f 585/1163/1 583/10397/1 579/1164/1
f 586/1165/3 582/1156/3 580/1166/3
f 587/1168/69 588/1068/69 590/1169/70
f 590/1171/71 594/1180/71 593/509/71
f 594/1069/72 592/10373/73 591/1173/73
f 592/1175/4 588/10398/4 587/1176/4
f 593/1166/1 591/10399/1 587/1178/1
f 594/1180/3 590/1171/3 588/1120/3
f 596/1137/69 598/10400/77 597/1182/77
f 598/1184/79 602/10401/79 601/1185/79
f 601/1187/80 602/10389/80 600/1135/73
f 600/1188/4 596/10402/4 595/1189/4
f 601/1191/1 599/10403/1 595/1192/1
f 602/1194/3 598/10404/3 596/1195/3
f 604/1197/8 606/10405/8 605/1087/8
f 606/1123/1 610/1122/1 609/1198/1
f 609/975/2 610/10406/2 608/1200/2
f 608/1202/74 604/10407/74 603/1203/74
f 609/1205/4 607/10408/4 603/1206/4
f 606/1208/15 604/504/15 608/1209/15
f 612/1211/8 614/10409/8 613/1212/8
f 614/1213/1 618/1105/1 617/1214/1
f 617/1216/2 618/10410/2 616/1217/2
f 616/1219/75 612/10411/75 611/1220/75
f 617/1222/4 615/10412/4 611/1223/4
f 614/1225/15 612/10413/15 616/1226/15
f 620/1228/8 622/1109/8 621/1229/8
f 622/1199/1 626/1198/1 625/1231/1
f 625/1232/2 626/1124/2 624/1233/2
f 624/1234/76 620/10414/76 619/1235/76
f 625/1237/4 623/10415/4 619/1238/4
f 622/1240/15 620/10416/15 624/1241/15
f 630/1243/15 634/10417/15 633/1244/15
f 632/1246/4 628/10418/4 627/1247/4
f 628/1249/3 632/10419/3 634/1250/3
f 633/1252/1 631/10420/1 627/1253/1
f 632/1255/86 631/10421/86 633/1256/86
f 630/1257/87 629/10422/87 627/1258/87
f 638/1260/15 642/10423/15 641/1261/15
f 640/1263/4 636/10424/4 635/1264/4
f 636/1266/3 640/10425/3 642/1267/3
f 641/1269/1 639/10426/1 635/1270/1
f 640/1272/86 639/10427/86 641/1273/86
f 638/1275/87 637/10428/87 635/1276/87
f 646/1278/15 650/10429/15 649/1279/15
f 647/1281/4 648/1307/4 644/1282/4
f 644/1284/2 648/10430/2 650/1285/2
f 649/1285/8 647/10430/8 643/1287/8
f 648/1289/88 647/10431/88 649/1290/88
f 646/1292/89 645/10432/89 643/1283/89
f 654/1293/15 658/10433/15 657/1294/15
f 655/1296/4 656/10434/4 652/1297/4
f 652/1299/2 656/2328/2 658/1300/2
f 657/1302/8 655/10435/8 651/1303/8
f 656/1305/88 655/10436/88 657/1306/88
f 654/1307/89 653/10437/89 651/1298/89
f 662/1308/15 666/10438/15 665/1309/15
f 663/1311/4 664/10439/4 660/1312/4
f 660/1314/2 664/10440/2 666/1315/2
f 665/1317/8 663/10441/8 659/1318/8
f 664/1319/88 663/10442/88 665/1320/88
f 662/1321/89 661/10443/89 659/1313/89
f 670/1322/15 674/10444/15 673/1323/15
f 672/1325/4 668/10445/4 667/1326/4
f 668/1328/3 672/10446/3 674/1329/3
f 673/1331/1 671/10447/1 667/1332/1
f 672/1334/86 671/10448/86 673/1335/86
f 670/1337/87 669/10449/87 667/1338/87
f 675/560/90 676/554/90 678/1339/91
f 678/1341/71 682/1352/71 681/1342/71
f 682/1344/92 680/1467/93 679/1345/93
f 680/1346/4 676/10450/4 675/1347/4
f 681/1349/1 679/10010/1 675/1350/1
f 682/1352/3 678/1341/3 676/1353/3
f 686/1355/15 690/10451/15 689/1356/15
f 688/1358/4 684/10452/4 683/1359/4
f 684/1253/3 688/10420/3 690/1361/3
f 689/1363/1 687/4952/1 683/1364/1
f 688/1366/86 687/10453/86 689/1367/86
f 686/1369/87 685/10454/87 683/1370/87
f 692/1372/3 694/10455/3 693/1373/3
f 694/1375/8 698/10257/8 697/580/8
f 698/1376/1 696/10456/1 695/1377/1
f 696/970/2 692/10457/2 691/1379/2
f 697/518/4 695/10458/4 691/1380/4
f 694/1382/15 692/10459/15 696/1383/15
f 700/1385/3 702/10460/3 701/1386/3
f 702/1379/8 706/10457/8 705/1388/8
f 706/1390/1 704/1383/1 703/1391/1
f 704/1020/2 700/1019/2 699/1393/2
f 705/28/4 703/10461/4 699/1394/4
f 702/1396/15 700/10462/15 704/1397/15
f 708/1399/3 710/10463/3 709/1400/3
f 710/1389/8 714/1388/8 713/1402/8
f 714/1404/1 712/1397/1 711/1405/1
f 712/1403/2 708/1402/2 707/1407/2
f 713/1408/4 711/10464/4 707/1409/4
f 710/1411/15 708/10465/15 712/1412/15
f 715/607/51 716/646/51 718/628/51
f 718/1415/15 722/10466/15 721/1416/15
f 722/1418/52 720/10467/52 719/1419/52
f 720/1421/4 716/10468/4 715/1422/4
f 721/1424/1 719/10469/1 715/1425/1
f 722/1427/3 718/10470/3 716/1428/3
f 723/1430/51 724/10471/51 726/1431/51
f 726/1433/15 730/10472/15 729/1434/15
f 730/1431/52 728/10471/52 727/569/52
f 728/1437/4 724/10473/4 723/1438/4
f 729/1440/1 727/10474/1 723/1441/1
f 730/624/3 726/10475/3 724/1443/3
f 734/1445/15 738/10476/15 737/1446/15
f 736/1448/4 732/1461/4 731/1449/4
f 732/1451/2 736/10477/2 738/1452/2
f 737/1454/8 735/10478/8 731/1455/8
f 736/1457/88 735/10479/88 737/1458/88
f 734/1460/89 733/1524/89 731/1449/89
f 739/554/90 740/556/90 742/1462/91
f 742/1464/71 746/1475/71 745/1465/71
f 746/1462/92 744/556/93 743/1467/93
f 744/1469/4 740/10480/4 739/1470/4
f 745/1472/1 743/10481/1 739/1473/1
f 746/1475/3 742/1464/3 740/1476/3
f 749/1478/15 750/10482/15 754/1479/15
f 751/1480/4 752/10483/4 748/1481/4
f 748/1483/1 752/10484/1 754/1484/1
f 753/1486/3 751/10485/3 747/1487/3
f 754/1489/94 752/10486/94 751/1272/94
f 750/1277/95 749/10487/95 747/1490/95
f 758/1492/15 762/10488/15 761/1493/15
f 759/1495/4 760/10489/4 756/1496/4
f 756/1498/1 760/10490/1 762/1499/1
f 761/1501/3 759/10491/3 755/1502/3
f 762/1504/94 760/2413/94 759/1505/94
f 758/1507/95 757/10492/95 755/1508/95
f 766/1509/15 770/10493/15 769/1510/15
f 768/1512/4 764/5704/4 763/1513/4
f 764/1515/8 768/10494/8 770/1516/8
f 769/1518/2 767/10495/2 763/1519/2
f 768/1521/96 767/10496/96 769/1522/96
f 766/1524/97 765/10497/97 763/1525/97
f 774/1527/15 778/1560/15 777/1528/15
f 776/1530/4 772/10498/4 771/1531/4
f 772/1533/8 776/10441/8 778/1317/8
f 777/1535/2 775/10499/2 771/1536/2
f 776/1538/96 775/10500/96 777/1539/96
f 774/1541/97 773/10501/97 771/1542/97
f 782/1544/15 786/2199/15 785/1545/15
f 784/1547/4 780/10502/4 779/1548/4
f 780/1550/8 784/10503/8 786/1551/8
f 785/1553/2 783/10504/2 779/1554/2
f 784/1556/96 783/10505/96 785/1557/96
f 782/1543/97 781/10506/97 779/1559/97
f 790/1561/15 794/2811/15 793/1562/15
f 792/1564/4 788/10507/4 787/1565/4
f 788/1567/8 792/10508/8 794/1568/8
f 793/1570/2 791/10509/2 787/1571/2
f 792/1573/96 791/10510/96 793/1574/96
f 790/1576/97 789/10511/97 787/1577/97
f 798/1579/15 802/2602/15 801/1580/15
f 800/1582/4 796/10512/4 795/1583/4
f 796/1585/8 800/10513/8 802/1586/8
f 801/1587/2 799/10514/2 795/1588/2
f 800/1590/96 799/10515/96 801/1591/96
f 798/329/97 797/10516/97 795/1593/97
f 804/1595/98 806/1598/98 805/1596/98
f 806/1598/99 810/10517/99 809/1599/99
f 810/430/100 808/10518/100 807/1600/100
f 808/1601/4 804/10519/4 803/1602/4
f 805/1604/1 809/10520/1 807/1605/1
f 806/1607/3 804/10521/3 808/1608/3
f 812/1609/101 814/10522/101 813/218/101
f 814/1611/102 818/1614/102 817/1612/102
f 818/1614/103 816/10523/103 815/1615/103
f 816/1616/4 812/10524/4 811/1617/4
f 817/1619/1 815/10525/1 811/1620/1
f 818/1622/3 814/9978/3 812/1623/3
f 820/1625/101 822/1628/101 821/1626/101
f 822/1628/99 826/674/99 825/709/99
f 826/589/104 824/10526/104 823/1629/104
f 824/1631/4 820/10527/4 819/1632/4
f 821/1634/1 825/10528/1 823/1635/1
f 822/1637/3 820/1504/3 824/1506/3
f 828/1639/105 830/10529/105 829/1640/105
f 830/1630/102 834/1643/102 833/1642/102
f 834/1643/100 832/10530/100 831/1644/100
f 832/1645/4 828/10531/4 827/1646/4
f 833/1648/1 831/10532/1 827/1649/1
f 834/1651/3 830/1142/3 828/1652/3
f 835/1654/1 836/10533/1 838/1655/1
f 838/1657/106 842/1679/106 841/1658/106
f 842/1660/3 840/10534/3 839/1661/3
f 840/1663/107 836/574/107 835/1664/107
f 841/1666/4 839/10535/4 835/1667/4
f 838/1669/15 836/10536/15 840/1670/15
f 843/1672/1 844/10537/1 846/1673/1
f 846/644/106 850/1657/106 849/1659/106
f 850/1676/3 848/10538/3 847/1677/3
f 848/1679/107 844/1663/107 843/1665/107
f 849/1681/4 847/10539/4 843/1682/4
f 846/1684/15 844/10540/15 848/1685/15
f 852/1687/1 854/10541/1 853/1688/1
f 854/1690/2 858/2238/2 857/1691/2
f 858/1693/3 856/10542/3 855/1694/3
f 856/1696/8 852/3395/8 851/1697/8
f 857/1699/4 855/10543/4 851/1700/4
f 854/1702/15 852/10544/15 856/1703/15
f 860/1705/8 862/2445/8 861/1706/8
f 862/1708/1 866/3403/1 865/1709/1
f 866/1711/2 864/3264/2 863/1712/2
f 864/1714/3 860/10545/3 859/1715/3
f 865/1717/4 863/2889/4 859/1718/4
f 862/1720/15 860/10546/15 864/1721/15
f 868/1723/1 870/2684/1 869/1724/1
f 870/1726/2 874/3455/2 873/1727/2
f 873/1729/3 874/10547/3 872/1730/3
f 872/1692/8 868/1691/8 867/1732/8
f 873/1734/4 871/10548/4 867/1735/4
f 870/1737/15 868/10549/15 872/1738/15
f 876/1740/8 878/10550/8 877/1741/8
f 878/1743/1 882/2017/1 881/1744/1
f 882/1746/2 880/3099/2 879/1747/2
f 880/1749/3 876/10551/3 875/1750/3
f 881/1752/4 879/10552/4 875/1753/4
f 878/1755/15 876/10553/15 880/1756/15
f 884/1758/1 886/1827/1 885/1759/1
f 886/1761/2 890/1797/2 889/1762/2
f 890/1764/3 888/10554/3 887/1765/3
f 888/1767/8 884/10555/8 883/1768/8
f 889/1770/4 887/10556/4 883/1771/4
f 886/1773/15 884/10557/15 888/1774/15
f 892/1776/8 894/10558/8 893/1777/8
f 894/1779/1 898/3499/1 897/1780/1
f 898/1782/2 896/3096/2 895/1783/2
f 896/1785/3 892/10559/3 891/1786/3
f 897/1788/4 895/10560/4 891/1789/4
f 894/1791/15 892/10561/15 896/1792/15
f 900/1689/1 902/1688/1 901/1794/1
f 902/1796/2 906/2034/2 905/1797/2
f 906/1798/3 904/10562/3 903/1799/3
f 904/1769/8 900/1768/8 899/1801/8
f 905/1803/4 903/10563/4 899/1804/4
f 902/1806/15 900/10564/15 904/1807/15
f 908/1809/8 910/1815/8 909/1810/8
f 910/1812/1 914/3025/1 913/1813/1
f 914/1815/2 912/2047/2 911/1816/2
f 912/1817/3 908/10565/3 907/1818/3
f 913/1820/4 911/10566/4 907/1821/4
f 910/1823/15 908/10567/15 912/1824/15
f 916/1826/1 918/10447/1 917/1827/1
f 918/1828/2 922/10568/2 921/1829/2
f 922/1831/3 920/10569/3 919/1832/3
f 920/1834/8 916/10570/8 915/1835/8
f 921/1837/4 919/10571/4 915/1838/4
f 918/1840/15 916/10572/15 920/1841/15
f 924/1843/8 926/1880/8 925/1844/8
f 926/1846/1 930/10573/1 929/1847/1
f 930/1849/2 928/3250/2 927/1850/2
f 928/1852/3 924/10574/3 923/1853/3
f 929/1855/4 927/10575/4 923/1856/4
f 926/1858/15 924/10576/15 928/1859/15
f 932/1861/1 934/1723/1 933/1862/1
f 934/1864/2 938/3276/2 937/1865/2
f 938/1867/3 936/10577/3 935/1868/3
f 936/1870/8 932/2141/8 931/1871/8
f 937/1873/4 935/10578/4 931/1874/4
f 934/1876/15 932/10579/15 936/1877/15
f 940/1879/8 942/10580/8 941/1880/8
f 942/1745/1 946/1744/1 945/1882/1
f 946/1884/2 944/230/2 943/1885/2
f 944/1887/3 940/10581/3 939/1888/3
f 945/1890/4 943/10582/4 939/1891/4
f 942/1893/15 940/10583/15 944/1894/15
f 948/1896/3 950/10584/3 949/1897/3
f 950/1733/8 954/1732/8 953/1899/8
f 954/1901/1 952/1942/1 951/1902/1
f 952/1904/2 948/2264/2 947/1905/2
f 953/1907/4 951/10585/4 947/1908/4
f 950/1910/15 948/10586/15 952/1911/15
f 956/1913/8 958/10432/8 957/1914/8
f 958/1916/1 962/10587/1 961/1917/1
f 962/1919/2 960/10588/2 959/1920/2
f 960/1922/3 956/10589/3 955/1923/3
f 961/1925/4 959/10590/4 955/1926/4
f 958/1928/15 956/10591/15 960/1929/15
f 964/1931/3 966/10592/3 965/1932/3
f 966/1934/8 970/3459/8 969/1935/8
f 970/1937/1 968/1861/1 967/1863/1
f 968/1939/2 964/10593/2 963/1940/2
f 969/1942/4 967/10594/4 963/1943/4
f 966/1945/15 964/10595/15 968/1946/15
f 972/1948/8 974/1705/8 973/1707/8
f 974/1950/1 978/3514/1 977/1951/1
f 978/1953/2 976/6506/2 975/1954/2
f 976/1956/3 972/10596/3 971/1957/3
f 977/1959/4 975/10597/4 971/1960/4
f 974/1962/15 972/10598/15 976/1963/15
f 980/1965/3 982/10599/3 981/1966/3
f 982/1968/8 986/3417/8 985/1969/8
f 986/1971/1 984/2362/1 983/1972/1
f 984/1970/2 980/1969/2 979/1974/2
f 985/1976/4 983/10600/4 979/1977/4
f 982/1979/15 980/10601/15 984/1980/15
f 988/1982/8 990/3485/8 989/1983/8
f 990/1918/1 994/1917/1 993/1985/1
f 994/1986/2 992/10602/2 991/1987/2
f 992/1989/3 988/10603/3 987/1990/3
f 993/1992/4 991/10604/4 987/1993/4
f 990/1995/15 988/1886/15 992/1996/15
f 996/1998/3 998/10605/3 997/1999/3
f 998/1802/8 1002/1801/8 1001/2001/8
f 1002/2003/1 1000/2261/1 999/2004/1
f 1000/2006/2 996/2626/2 995/2007/2
f 1001/2009/4 999/10606/4 995/2010/4
f 998/2012/15 996/10607/15 1000/2013/15
f 1004/2015/8 1006/1879/8 1005/1881/8
f 1006/1781/1 1010/1780/1 1009/2017/1
f 1010/2018/2 1008/3287/2 1007/2019/2
f 1008/2021/3 1004/10608/3 1003/2022/3
f 1009/2024/4 1007/10609/4 1003/2025/4
f 1006/2027/15 1004/10610/15 1008/2028/15
f 1012/2030/3 1014/10611/3 1013/2031/3
f 1014/2033/8 1018/2631/8 1017/2034/8
f 1018/2035/1 1016/1901/1 1015/2036/1
f 1016/1866/2 1012/1865/2 1011/2038/2
f 1017/2040/4 1015/10612/4 1011/2041/4
f 1014/2043/15 1012/10613/15 1016/2044/15
f 1020/2046/8 1022/2720/8 1021/2047/8
f 1022/1952/1 1026/1951/1 1025/2049/1
f 1026/2051/2 1024/1316/2 1023/2052/2
f 1024/2054/3 1020/10614/3 1019/2055/3
f 1025/2057/4 1023/10615/4 1019/2058/4
f 1022/2060/15 1020/2543/15 1024/2061/15
f 1028/2063/1 1030/10616/1 1029/2064/1
f 1030/1829/2 1034/10568/2 1033/2066/2
f 1034/2068/3 1032/10617/3 1031/2069/3
f 1032/2071/8 1028/2915/8 1027/2072/8
f 1033/2074/4 1031/10618/4 1027/2075/4
f 1030/2077/15 1028/10619/15 1032/2078/15
f 1036/2080/8 1038/3515/8 1037/2081/8
f 1038/2083/1 1042/3266/1 1041/2084/1
f 1042/2082/2 1040/10620/2 1039/2086/2
f 1040/2087/3 1036/10621/3 1035/2088/3
f 1041/2090/4 1039/10622/4 1035/2091/4
f 1038/2093/15 1036/10623/15 1040/2094/15
f 1044/2096/1 1046/1838/1 1045/2097/1
f 1046/2099/2 1050/2174/2 1049/2100/2
f 1050/2102/3 1048/10624/3 1047/2103/3
f 1048/2105/8 1044/2136/8 1043/2106/8
f 1049/2108/4 1047/10625/4 1043/2109/4
f 1046/2111/15 1044/10626/15 1048/2112/15
f 1052/2114/8 1054/10627/8 1053/2115/8
f 1054/2117/1 1058/2819/1 1057/2118/1
f 1058/2120/2 1056/3457/2 1055/2121/2
f 1056/2123/3 1052/10628/3 1051/2124/3
f 1057/2126/4 1055/1919/4 1051/2127/4
f 1054/2129/15 1052/10401/15 1056/2130/15
f 1060/2132/1 1062/1771/1 1061/2133/1
f 1062/2135/2 1066/2877/2 1065/2136/2
f 1066/2137/3 1064/10629/3 1063/2138/3
f 1064/2140/8 1060/2169/8 1059/2141/8
f 1065/2142/4 1063/10630/4 1059/2143/4
f 1062/2145/15 1060/10631/15 1064/2146/15
f 1068/2148/8 1070/10632/8 1069/2149/8
f 1070/2119/1 1074/2118/1 1073/2151/1
f 1074/2153/2 1072/10633/2 1071/2154/2
f 1072/2156/3 1068/10634/3 1067/2157/3
f 1073/2159/4 1071/10635/4 1067/2160/4
f 1070/2162/15 1068/10636/15 1072/2163/15
f 1076/2165/1 1078/10492/1 1077/2166/1
f 1078/2168/2 1082/2207/2 1081/2169/2
f 1082/2170/3 1080/10637/3 1079/2171/3
f 1080/2173/8 1076/3204/8 1075/2174/8
f 1081/2175/4 1079/10638/4 1075/2176/4
f 1078/2178/15 1076/10639/15 1080/2179/15
f 1084/2181/8 1086/3097/8 1085/2182/8
f 1086/2184/1 1090/2084/1 1089/2185/1
f 1090/2187/2 1088/1735/2 1087/2188/2
f 1088/2190/3 1084/10640/3 1083/2191/3
f 1089/2193/4 1087/10641/4 1083/2194/4
f 1086/2196/15 1084/10642/15 1088/2197/15
f 1092/2199/1 1094/10643/1 1093/2200/1
f 1094/2202/2 1098/10644/2 1097/1834/2
f 1098/2203/3 1096/10645/3 1095/2204/3
f 1096/2206/8 1092/2882/8 1091/2207/8
f 1097/2208/4 1095/10646/4 1091/2209/4
f 1094/2211/15 1092/10647/15 1096/2212/15
f 1100/2155/8 1102/2154/8 1101/2214/8
f 1102/2152/1 1106/2151/1 1105/2216/1
f 1106/2218/2 1104/2721/2 1103/2219/2
f 1104/2221/3 1100/10648/3 1099/2222/3
f 1105/2224/4 1103/10649/4 1099/2225/4
f 1102/2227/15 1100/10650/15 1104/2228/15
f 1108/2230/1 1110/3397/1 1109/2231/1
f 1110/1936/2 1114/1935/2 1113/2233/2
f 1114/2235/3 1112/10651/3 1111/2236/3
f 1112/2234/8 1108/2233/8 1107/2238/8
f 1113/2239/4 1111/10652/4 1107/2240/4
f 1110/2242/15 1108/10653/15 1112/2243/15
f 1116/2245/2 1118/2444/2 1117/1705/2
f 1118/2246/3 1122/10654/3 1121/2247/3
f 1122/2249/8 1120/195/8 1119/2250/8
f 1120/1883/1 1116/1882/1 1115/2252/1
f 1121/2254/4 1119/10655/4 1115/2255/4
f 1118/2257/15 1116/10656/15 1120/2258/15
f 1124/2260/1 1126/10657/1 1125/2261/1
f 1126/2263/2 1130/10658/2 1129/2264/2
f 1130/2265/3 1128/10659/3 1127/2266/3
f 1128/2268/8 1124/2332/8 1123/2269/8
f 1129/2271/4 1127/10660/4 1123/2272/4
f 1126/2274/15 1124/10661/15 1128/2275/15
f 1132/2277/2 1134/3283/2 1133/2278/2
f 1134/2280/3 1138/10662/3 1137/2281/3
f 1138/2283/8 1136/2842/8 1135/2284/8
f 1136/2286/1 1132/3314/1 1131/2287/1
f 1137/2289/4 1135/10663/4 1131/2290/4
f 1134/2292/15 1132/10664/15 1136/2293/15
f 1140/2295/1 1142/3447/1 1141/2296/1
f 1142/1941/2 1146/1940/2 1145/2298/2
f 1146/2300/3 1144/10665/3 1143/2301/3
f 1144/2303/8 1140/2930/8 1139/2304/8
f 1145/2306/4 1143/10666/4 1139/2307/4
f 1142/2309/15 1140/10667/15 1144/2310/15
f 1148/2312/2 1150/10668/2 1149/2313/2
f 1150/2315/3 1154/10669/3 1153/2316/3
f 1154/2318/8 1152/3052/8 1151/2319/8
f 1152/2186/1 1148/2185/1 1147/2321/1
f 1153/2323/4 1151/10670/4 1147/2324/4
f 1150/2326/15 1148/10671/15 1152/2327/15
f 1156/2329/1 1158/1738/1 1157/2330/1
f 1158/2332/2 1162/2337/2 1161/2333/2
f 1161/2334/3 1162/10672/3 1160/2335/3
f 1160/2337/8 1156/2370/8 1155/2338/8
f 1161/2339/4 1159/10673/4 1155/2340/4
f 1158/2342/15 1156/10674/15 1160/2343/15
f 1164/2345/2 1166/2352/2 1165/2346/2
f 1166/2348/3 1170/10675/3 1169/2349/3
f 1170/2351/8 1168/10442/8 1167/2352/8
f 1168/2217/1 1164/2216/1 1163/2353/1
f 1169/2355/4 1167/10676/4 1163/2356/4
f 1166/2358/15 1164/10677/15 1168/2359/15
f 1172/2361/1 1174/10678/1 1173/2362/1
f 1174/2364/2 1178/3064/2 1177/2365/2
f 1178/2367/3 1176/10679/3 1175/2368/3
f 1176/2370/8 1172/2404/8 1171/2371/8
f 1177/2372/4 1175/10680/4 1171/2373/4
f 1174/2375/15 1172/10681/15 1176/2376/15
f 1180/2378/2 1182/10682/2 1181/2379/2
f 1182/2381/3 1186/10683/3 1185/2382/3
f 1186/2384/8 1184/10195/8 1183/2385/8
f 1184/2354/1 1180/2353/1 1179/2387/1
f 1185/2389/4 1183/10684/4 1179/2390/4
f 1182/2392/15 1180/10685/15 1184/2393/15
f 1188/2395/1 1190/2211/1 1189/2396/1
f 1190/2398/2 1194/2911/2 1193/2399/2
f 1194/2401/3 1192/10686/3 1191/2402/3
f 1192/2404/8 1188/2463/8 1187/2405/8
f 1193/2406/4 1191/10687/4 1187/2407/4
f 1190/2409/15 1188/10688/15 1192/2410/15
f 1196/2412/2 1198/10689/2 1197/2413/2
f 1198/2415/3 1202/10690/3 1201/2416/3
f 1202/197/8 1200/4937/8 1199/2418/8
f 1200/2420/1 1196/3114/1 1195/2421/1
f 1201/2423/4 1199/10691/4 1195/2424/4
f 1198/2426/15 1196/10692/15 1200/2427/15
f 1204/2429/3 1206/10693/3 1205/2430/3
f 1206/2007/8 1210/2303/8 1209/2305/8
f 1210/2432/1 1208/3000/1 1207/2433/1
f 1208/2435/2 1204/2503/2 1203/2436/2
f 1209/2438/4 1207/10694/4 1203/2439/4
f 1206/2441/15 1204/10695/15 1208/2442/15
f 1212/2444/2 1214/2450/2 1213/2445/2
f 1214/2446/3 1218/10696/3 1217/2447/3
f 1218/2449/8 1216/1459/8 1215/2450/8
f 1216/2451/1 1212/10697/1 1211/2452/1
f 1217/2454/4 1215/10698/4 1211/2455/4
f 1214/2457/15 1212/10699/15 1216/2458/15
f 1220/2460/3 1222/10700/3 1221/2461/3
f 1222/2463/8 1226/2678/8 1225/2464/8
f 1226/2465/1 1224/2504/1 1223/2466/1
f 1224/2468/2 1220/3359/2 1219/2469/2
f 1225/2471/4 1223/10701/4 1219/2472/4
f 1222/2474/15 1220/10702/15 1224/2475/15
f 1228/2477/2 1230/2143/2 1229/2478/2
f 1230/2480/3 1234/10703/3 1233/2481/3
f 1234/2483/8 1232/10704/8 1231/2484/8
f 1232/2453/1 1228/10705/1 1227/2486/1
f 1233/2488/4 1231/10706/4 1227/2489/4
f 1230/2491/15 1228/10707/15 1232/2492/15
f 1236/2494/3 1238/10708/3 1237/2495/3
f 1238/2497/8 1242/1975/8 1241/1974/8
f 1242/2499/1 1240/10709/1 1239/2500/1
f 1240/2502/2 1236/2535/2 1235/2503/2
f 1241/2504/4 1239/10710/4 1235/2505/4
f 1238/2507/15 1236/10711/15 1240/2508/15
f 1244/2510/2 1246/10712/2 1245/2511/2
f 1246/2513/3 1250/10713/3 1249/2514/3
f 1250/2512/8 1248/2511/8 1247/2516/8
f 1248/2518/1 1244/2321/1 1243/2519/1
f 1249/2521/4 1247/10714/4 1243/2522/4
f 1246/2524/15 1244/10715/15 1248/2525/15
f 1252/2527/3 1254/10716/3 1253/2528/3
f 1254/2498/8 1258/2941/8 1257/2530/8
f 1258/2531/1 1256/1711/1 1255/2532/1
f 1256/2534/2 1252/2773/2 1251/2535/2
f 1257/2536/4 1255/10717/4 1251/2537/4
f 1254/2539/15 1252/10718/15 1256/2540/15
f 1260/2279/2 1262/2278/2 1261/2542/2
f 1262/2544/3 1266/3513/3 1265/2545/3
f 1266/2547/8 1264/1914/8 1263/2548/8
f 1264/2520/1 1260/2519/1 1259/2550/1
f 1265/2552/4 1263/10719/4 1259/2553/4
f 1262/2555/15 1260/10720/15 1264/2556/15
f 1268/2558/3 1270/10721/3 1269/2559/3
f 1270/1899/8 1274/10722/8 1273/2561/8
f 1274/2562/1 1272/4783/1 1271/2563/1
f 1272/2437/2 1268/2436/2 1267/1219/2
f 1273/2566/4 1271/10723/4 1267/2567/4
f 1270/2569/15 1268/10724/15 1272/2570/15
f 1276/2572/2 1278/10725/2 1277/2573/2
f 1278/2575/3 1282/10726/3 1281/2576/3
f 1282/2578/8 1280/3312/8 1279/2579/8
f 1280/2581/1 1276/2550/1 1275/2582/1
f 1281/2584/4 1279/10727/4 1275/2585/4
f 1278/2587/15 1276/10728/15 1280/2588/15
f 1284/2590/3 1286/10729/3 1285/2591/3
f 1286/1906/8 1290/1905/8 1289/2593/8
f 1290/2595/1 1288/3356/1 1287/2596/1
f 1288/2598/2 1284/10730/2 1283/2599/2
f 1289/2601/4 1287/10731/4 1283/2602/4
f 1286/2604/15 1284/10732/15 1288/2605/15
f 1292/1886/8 1294/1885/8 1293/2607/8
f 1294/2609/1 1298/2642/1 1297/2610/1
f 1298/2612/2 1296/2547/2 1295/2613/2
f 1296/2615/3 1292/10733/3 1291/2616/3
f 1297/2618/4 1295/10734/4 1291/2619/4
f 1294/2621/15 1292/10735/15 1296/2622/15
f 1300/2624/1 1302/10736/1 1301/2564/1
f 1302/2039/2 1306/2038/2 1305/2626/2
f 1306/2627/3 1304/10737/3 1303/2628/3
f 1304/2630/8 1300/2664/8 1299/2631/8
f 1305/2632/4 1303/10738/4 1299/2633/4
f 1302/2635/15 1300/10739/15 1304/2636/15
f 1308/2638/8 1310/10740/8 1309/2639/8
f 1310/2641/1 1314/10741/1 1313/2642/1
f 1314/2643/2 1312/3402/2 1311/2644/2
f 1312/2646/3 1308/3443/3 1307/2647/3
f 1313/2649/4 1311/10742/4 1307/2650/4
f 1310/2652/15 1308/10743/15 1312/2653/15
f 1316/2655/1 1318/3461/1 1317/2656/1
f 1318/2561/2 1322/10722/2 1321/2658/2
f 1322/2660/3 1320/10744/3 1319/2661/3
f 1320/2663/8 1316/2675/8 1315/2664/8
f 1321/2665/4 1319/10745/4 1315/2666/4
f 1318/2668/15 1316/10746/15 1320/2669/15
f 1324/2671/3 1326/10747/3 1325/2672/3
f 1326/2674/8 1330/2707/8 1329/2675/8
f 1330/2676/1 1328/3007/1 1327/2677/1
f 1328/2678/2 1324/2741/2 1323/2679/2
f 1329/2680/4 1327/10748/4 1323/2681/4
f 1326/2683/15 1324/10749/15 1328/2684/15
f 1332/1295/8 1334/1770/8 1333/2686/8
f 1334/2688/1 1338/3484/1 1337/2689/1
f 1338/2691/2 1336/3482/2 1335/2692/2
f 1336/2694/3 1332/10750/3 1331/2695/3
f 1337/2697/4 1335/10751/4 1331/2698/4
f 1334/2700/15 1332/10752/15 1336/2701/15
f 1340/2703/3 1342/10753/3 1341/2704/3
f 1342/2706/8 1346/3469/8 1345/2707/8
f 1346/2708/1 1344/1863/1 1343/2709/1
f 1344/2711/2 1340/10754/2 1339/2712/2
f 1345/2714/4 1343/10755/4 1339/2715/4
f 1342/2717/15 1340/10756/15 1344/2718/15
f 1348/2720/8 1350/10757/8 1349/2721/8
f 1350/2690/1 1354/2689/1 1353/2722/1
f 1354/2724/2 1352/1986/2 1351/1988/2
f 1352/2726/3 1348/10758/3 1347/2727/3
f 1353/2729/4 1351/10485/4 1347/2730/4
f 1350/2732/15 1348/1884/15 1352/2733/15
f 1359/2735/15 1361/10759/15 1357/2736/15
f 1356/2738/4 1358/10760/4 1362/2739/4
f 1357/2741/8 1361/2746/8 1362/2742/8
f 1356/2743/3 1355/10761/3 1357/2744/3
f 1359/2746/2 1355/2834/2 1356/2747/2
f 1361/2748/1 1359/3438/1 1360/2749/1
f 1364/2020/2 1366/2019/2 1365/2750/2
f 1366/2752/3 1370/10762/3 1369/2753/3
f 1370/2755/8 1368/2015/8 1367/2016/8
f 1368/2611/1 1364/10763/1 1363/2757/1
f 1369/2759/4 1367/10764/4 1363/2760/4
f 1366/2762/15 1364/10765/15 1368/2763/15
f 1372/2765/3 1374/10766/3 1373/2766/3
f 1374/2658/8 1378/3039/8 1377/2768/8
f 1378/2769/1 1376/10767/1 1375/2770/1
f 1376/2772/2 1372/2804/2 1371/2773/2
f 1377/2774/4 1375/10768/4 1371/2775/4
f 1374/2777/15 1372/10769/15 1376/2778/15
f 1380/2517/2 1382/2516/2 1381/2780/2
f 1382/2782/3 1386/10770/3 1385/2783/3
f 1386/2785/8 1384/2613/8 1383/2786/8
f 1384/2758/1 1380/2757/1 1379/2788/1
f 1385/2790/4 1383/10771/4 1379/2791/4
f 1382/2793/15 1380/10772/15 1384/2794/15
f 1388/2796/3 1390/10773/3 1389/2797/3
f 1390/2594/8 1394/2593/8 1393/2799/8
f 1394/2801/1 1392/2176/1 1391/2802/1
f 1392/2470/2 1388/2469/2 1387/2804/2
f 1393/2805/4 1391/10774/4 1387/2806/4
f 1390/2808/15 1388/10775/15 1392/2809/15
f 1396/2811/2 1398/10198/2 1397/2812/2
f 1398/2814/3 1402/10776/3 1401/2815/3
f 1402/2817/8 1400/2384/8 1399/2386/8
f 1400/2422/1 1396/2421/1 1395/2819/1
f 1401/2820/4 1399/10777/4 1395/2821/4
f 1398/2823/15 1396/10778/15 1400/2824/15
f 1404/2826/1 1406/3286/1 1405/2827/1
f 1406/2800/2 1410/2799/2 1409/2829/2
f 1410/2831/3 1408/10779/3 1407/2832/3
f 1408/2834/8 1404/2972/8 1403/2835/8
f 1409/2836/4 1407/10780/4 1403/2837/4
f 1406/2839/15 1404/10781/15 1408/2840/15
f 1412/2751/2 1414/2750/2 1413/2842/2
f 1414/2843/3 1418/10782/3 1417/2844/3
f 1418/2419/8 1416/2418/8 1415/2846/8
f 1416/2583/1 1412/2582/1 1411/2848/1
f 1417/2850/4 1415/10783/4 1411/2851/4
f 1414/2853/15 1412/10784/15 1416/2854/15
f 1420/2856/8 1422/2917/8 1421/2857/8
f 1422/2487/1 1426/2486/1 1425/2859/1
f 1426/2861/2 1424/2548/2 1423/2862/2
f 1424/2864/3 1420/10785/3 1419/2865/3
f 1425/2867/4 1423/10786/4 1419/2868/4
f 1422/2870/15 1420/10787/15 1424/2871/15
f 1428/2873/1 1430/10788/1 1429/2874/1
f 1430/2876/2 1434/3222/2 1433/2877/2
f 1434/2878/3 1432/10789/3 1431/2879/3
f 1432/2881/8 1428/3232/8 1427/2882/8
f 1433/2883/4 1431/10790/4 1427/2884/4
f 1430/2886/15 1428/10791/15 1432/2887/15
f 1436/2889/8 1438/3176/8 1437/2890/8
f 1438/2892/1 1442/2848/1 1441/2893/1
f 1442/2895/2 1440/10792/2 1439/2896/2
f 1440/2898/3 1436/10793/3 1435/2899/3
f 1441/2901/4 1439/10794/4 1435/2902/4
f 1438/2904/15 1436/10795/15 1440/2905/15
f 1444/2907/1 1446/10796/1 1445/2908/1
f 1446/2910/2 1450/3098/2 1449/2911/2
f 1450/2912/3 1448/10797/3 1447/2913/3
f 1448/2107/8 1444/2106/8 1443/2915/8
f 1449/2916/4 1447/10798/4 1443/2917/4
f 1446/2919/15 1444/10799/15 1448/2920/15
f 1452/2922/1 1454/1862/1 1453/2923/1
f 1454/2299/2 1458/2298/2 1457/2925/2
f 1458/2927/3 1456/10800/3 1455/2928/3
f 1456/2930/8 1452/2268/8 1451/2270/8
f 1457/2931/4 1455/10801/4 1451/2932/4
f 1454/2934/15 1452/10802/15 1456/2935/15
f 1460/2937/1 1462/2373/1 1461/2938/1
f 1462/2940/2 1466/2530/2 1465/2941/2
f 1466/2943/3 1464/10803/3 1463/2944/3
f 1464/2942/8 1460/2961/8 1459/2946/8
f 1465/2947/4 1463/10804/4 1459/2948/4
f 1462/2950/15 1460/10805/15 1464/2951/15
f 1468/2953/1 1470/3433/1 1469/2954/1
f 1470/2366/2 1474/2365/2 1473/2956/2
f 1474/2958/3 1472/10806/3 1471/2959/3
f 1472/2961/8 1468/3034/8 1467/2962/8
f 1473/2963/4 1471/10807/4 1467/2964/4
f 1470/2966/15 1468/10808/15 1472/2967/15
f 1476/2969/1 1478/2656/1 1477/2970/1
f 1478/2972/2 1482/2977/2 1481/2973/2
f 1482/2974/3 1480/10809/3 1479/2975/3
f 1480/2977/8 1476/3010/8 1475/2978/8
f 1481/2979/4 1479/10810/4 1475/2980/4
f 1478/2982/15 1476/10811/15 1480/2983/15
f 1487/2985/15 1489/10812/15 1485/2986/15
f 1484/2988/4 1486/10813/4 1490/2989/4
f 1485/2991/1 1489/3147/1 1490/2992/1
f 1483/2994/8 1485/10814/8 1486/2995/8
f 1487/2997/3 1483/10815/3 1484/2998/3
f 1489/3000/2 1487/314/2 1488/3001/2
f 1492/2955/1 1494/2954/1 1493/3003/1
f 1494/2926/2 1498/2925/2 1497/3005/2
f 1498/3007/3 1496/10541/3 1495/3008/3
f 1496/3010/8 1492/3068/8 1491/3011/8
f 1497/3012/4 1495/10816/4 1491/3013/4
f 1494/3015/15 1492/10817/15 1496/3016/15
f 1500/2543/2 1502/2542/2 1501/3018/2
f 1502/3020/3 1506/10818/3 1505/3021/3
f 1506/2847/8 1504/2846/8 1503/3023/8
f 1504/2860/1 1500/10819/1 1499/3025/1
f 1505/3026/4 1503/10820/4 1499/3027/4
f 1502/3029/15 1500/10821/15 1504/3030/15
f 1508/2781/1 1510/2780/1 1509/3032/1
f 1510/3034/2 1514/10822/2 1513/3035/2
f 1514/3036/3 1512/10823/3 1511/3037/3
f 1512/3039/8 1508/10824/8 1507/3040/8
f 1513/3041/4 1511/10825/4 1507/3042/4
f 1510/3044/15 1508/10826/15 1512/3045/15
f 1516/3047/2 1518/2312/2 1517/2314/2
f 1518/3049/3 1522/10827/3 1521/3050/3
f 1522/3052/8 1520/10828/8 1519/3053/8
f 1520/2723/1 1516/2722/1 1515/3054/1
f 1521/3056/4 1519/10829/4 1515/3057/4
f 1518/3059/15 1516/10830/15 1520/3060/15
f 1524/3061/1 1526/2739/1 1525/3062/1
f 1526/2830/2 1530/2829/2 1529/3064/2
f 1530/3065/3 1528/10831/3 1527/3066/3
f 1528/3068/8 1524/10832/8 1523/3069/8
f 1529/3070/4 1527/10833/4 1523/3071/4
f 1526/3073/15 1524/10834/15 1528/3074/15
f 1532/3076/2 1534/2449/2 1533/2444/2
f 1534/3077/3 1538/10835/3 1537/3078/3
f 1538/3080/8 1536/10836/8 1535/2501/8
f 1536/2288/1 1532/2287/1 1531/3082/1
f 1537/3084/4 1535/10837/4 1531/3085/4
f 1534/3087/15 1532/10838/15 1536/3088/15
f 1540/3090/3 1542/10839/3 1541/3091/3
f 1542/3040/8 1546/10824/8 1545/3093/8
f 1546/3095/1 1544/2461/1 1543/3096/1
f 1544/1728/2 1540/1727/2 1539/3098/2
f 1545/3099/4 1543/10840/4 1539/3100/4
f 1542/3102/15 1540/10841/15 1544/3103/15
f 1548/3105/2 1550/2460/2 1549/3106/2
f 1550/3108/3 1554/10842/3 1553/3109/3
f 1554/3111/8 1552/2660/8 1551/3112/8
f 1552/2993/1 1548/2992/1 1547/3114/1
f 1553/3115/4 1551/10843/4 1547/3116/4
f 1550/3118/15 1548/10844/15 1552/3119/15
f 1556/3121/3 1558/10845/3 1557/3122/3
f 1558/3124/8 1562/10644/8 1561/2202/8
f 1562/3126/1 1560/10846/1 1559/3127/1
f 1560/2400/2 1556/2399/2 1555/3129/2
f 1561/3131/4 1559/10847/4 1555/3132/4
f 1558/3134/15 1556/10848/15 1560/3135/15
f 1564/3137/2 1566/3224/2 1565/3138/2
f 1566/3140/3 1570/10849/3 1569/3141/3
f 1570/3143/8 1568/2632/8 1567/3144/8
f 1568/3146/1 1564/3188/1 1563/3147/1
f 1569/3148/4 1567/10850/4 1563/3149/4
f 1566/3151/15 1564/10851/15 1568/3152/15
f 1572/3154/3 1574/10852/3 1573/3155/3
f 1574/3094/8 1578/3093/8 1577/3157/8
f 1578/3159/1 1576/3002/1 1575/3160/1
f 1576/3130/2 1572/3129/2 1571/3162/2
f 1577/3164/4 1575/10853/4 1571/3165/4
f 1574/3167/15 1572/10854/15 1576/3168/15
f 1580/3170/8 1582/2735/8 1581/3171/8
f 1582/3173/1 1586/3375/1 1585/3174/1
f 1586/2608/2 1584/2607/2 1583/3176/2
f 1584/3177/3 1580/10855/3 1579/3178/3
f 1585/3180/4 1583/10856/4 1579/3181/4
f 1582/3183/15 1580/10857/15 1584/3184/15
f 1588/2996/8 1590/2995/8 1589/3186/8
f 1590/2789/1 1594/2788/1 1593/3188/1
f 1594/3187/2 1592/3186/2 1591/3189/2
f 1592/3191/3 1588/10858/3 1587/3192/3
f 1593/3194/4 1591/2608/4 1587/3195/4
f 1590/3197/15 1588/10859/15 1592/3198/15
f 1596/3200/1 1598/10487/1 1597/3201/1
f 1598/3203/2 1602/3244/2 1601/3204/2
f 1602/3205/3 1600/10860/3 1599/3206/3
f 1600/1762/8 1596/10730/8 1595/2598/8
f 1601/3208/4 1599/10861/4 1595/3209/4
f 1598/3211/15 1596/10862/15 1600/3212/15
f 1604/3214/1 1606/2096/1 1605/2098/1
f 1606/3216/2 1610/3444/2 1609/3217/2
f 1610/3219/3 1608/10863/3 1607/3220/3
f 1608/2067/8 1604/2066/8 1603/3222/8
f 1609/3223/4 1607/10864/4 1603/3224/4
f 1606/3226/15 1604/10865/15 1608/3227/15
f 1612/3229/1 1614/3233/1 1613/3230/1
f 1614/3231/2 1618/3248/2 1617/3232/2
f 1618/3233/3 1616/3229/3 1615/3234/3
f 1616/3218/8 1612/3217/8 1611/3124/8
f 1617/3236/4 1615/10866/4 1611/3237/4
f 1614/3239/15 1612/10867/15 1616/3240/15
f 1620/3242/1 1622/10868/1 1621/3097/1
f 1622/2073/2 1626/2072/2 1625/3244/2
f 1626/3245/3 1624/10869/3 1623/3246/3
f 1624/2101/8 1620/2100/8 1619/3248/8
f 1625/3249/4 1623/10870/4 1619/3250/4
f 1622/3252/15 1620/10871/15 1624/3253/15
f 1631/3255/15 1633/10495/15 1629/3256/15
f 1628/3258/4 1630/10872/4 1634/3259/4
f 1629/3261/3 1633/10873/3 1634/3262/3
f 1627/3002/2 1629/3001/2 1630/3264/2
f 1631/3265/1 1627/3174/1 1628/3266/1
f 1633/3190/8 1631/3189/8 1632/3267/8
f 1636/3269/3 1638/10874/3 1637/3270/3
f 1638/3069/8 1642/10832/8 1641/3272/8
f 1642/1688/1 1640/2677/1 1639/3274/1
f 1640/3275/2 1636/3421/2 1635/3276/2
f 1641/3277/4 1639/10875/4 1635/3278/4
f 1638/3280/15 1636/10876/15 1640/3281/15
f 1644/2825/8 1646/10877/8 1645/3283/8
f 1646/3284/1 1650/3344/1 1649/3285/1
f 1650/3286/2 1648/10878/2 1647/3287/2
f 1648/3288/3 1644/10879/3 1643/3289/3
f 1649/3291/4 1647/10880/4 1643/3292/4
f 1646/3294/15 1644/10881/15 1648/3295/15
f 1652/3297/3 1654/10882/3 1653/3298/3
f 1654/3157/8 1658/10883/8 1657/3300/8
f 1658/3301/1 1656/10884/1 1655/3302/1
f 1656/2002/2 1652/2001/2 1651/3304/2
f 1657/3306/4 1655/10885/4 1651/3307/4
f 1654/3309/15 1652/10886/15 1656/3310/15
f 1660/3312/8 1662/296/8 1661/3313/8
f 1662/3055/1 1666/3054/1 1665/3314/1
f 1666/3315/2 1664/10887/2 1663/3316/2
f 1664/3318/3 1660/10888/3 1659/3319/3
f 1665/3321/4 1663/10889/4 1659/3322/4
f 1662/3323/15 1660/2279/15 1664/3324/15
f 1668/3326/3 1670/10890/3 1669/3327/3
f 1670/3272/8 1674/10593/8 1673/1939/8
f 1674/3329/1 1672/2749/1 1671/3330/1
f 1672/3332/2 1668/10891/2 1667/3333/2
f 1673/3335/4 1671/10892/4 1667/3336/4
f 1670/3338/15 1668/10893/15 1672/3339/15
f 1676/3341/8 1678/10894/8 1677/3342/8
f 1678/1814/1 1682/10895/1 1681/3344/1
f 1682/1955/2 1680/1954/2 1679/3345/2
f 1679/3347/3 1680/10896/3 1676/3348/3
f 1681/3350/4 1679/10897/4 1675/3351/4
f 1678/3353/15 1676/10898/15 1680/3354/15
f 1684/3356/1 1686/2563/1 1685/3357/1
f 1686/2600/2 1690/2599/2 1689/3359/2
f 1690/3360/3 1688/10899/3 1687/3361/3
f 1688/3300/8 1684/10883/8 1683/3363/8
f 1689/3365/4 1687/10900/4 1683/3366/4
f 1686/3368/15 1684/10901/15 1688/3369/15
f 1692/3371/8 1694/10902/8 1693/3372/8
f 1694/3374/1 1698/2387/1 1697/3375/1
f 1698/3376/2 1696/2051/2 1695/2053/2
f 1696/3378/3 1692/10903/3 1691/3379/3
f 1697/3381/4 1695/10904/4 1691/3382/4
f 1694/3384/15 1692/10905/15 1696/3385/15
f 1700/3387/1 1702/10906/1 1701/3388/1
f 1702/1872/2 1706/1871/2 1705/3390/2
f 1706/3392/3 1704/10907/3 1703/3393/3
f 1704/3305/8 1700/3304/8 1699/3395/8
f 1705/3396/4 1703/10908/4 1699/3397/4
f 1702/3399/15 1700/10909/15 1704/3400/15
f 1708/3402/8 1710/1776/8 1709/1778/8
f 1710/2894/1 1714/2893/1 1713/3403/1
f 1714/3404/2 1712/10910/2 1711/3405/2
f 1712/3407/3 1708/10911/3 1707/3408/3
f 1713/3410/4 1711/10912/4 1707/3411/4
f 1710/3413/15 1708/10913/15 1712/3414/15
f 1716/1795/1 1718/2260/1 1717/2262/1
f 1718/3334/2 1722/3333/2 1721/3417/2
f 1722/3418/3 1720/10914/3 1719/3419/3
f 1720/3035/8 1716/10822/8 1715/3421/8
f 1721/3422/4 1719/10915/4 1715/3423/4
f 1718/3425/15 1716/10916/15 1720/1563/15
f 1724/3427/3 1726/10917/3 1725/3428/3
f 1726/3364/8 1730/3363/8 1729/3430/8
f 1730/3432/1 1728/379/1 1727/3433/1
f 1728/3005/2 1724/10658/2 1723/2263/2
f 1729/3434/4 1727/10918/4 1723/3435/4
f 1726/3437/15 1724/10919/15 1728/3438/15
f 1732/3440/3 1734/10920/3 1733/3441/3
f 1734/3443/8 1738/2646/8 1737/3444/8
f 1738/3445/1 1736/2801/1 1735/2803/1
f 1736/2956/2 1732/10754/2 1731/2711/2
f 1737/3447/4 1735/10921/4 1731/3448/4
f 1734/3450/15 1732/10922/15 1736/3451/15
f 1740/3453/1 1742/10923/1 1741/3454/1
f 1742/3431/2 1746/3430/2 1745/3455/2
f 1746/3456/3 1744/10924/3 1743/3457/3
f 1744/1698/8 1740/1697/8 1739/3459/8
f 1745/3460/4 1743/10925/4 1739/3461/4
f 1742/3463/15 1740/10926/15 1744/3464/15
f 1748/3466/3 1750/10927/3 1749/3467/3
f 1750/3391/8 1754/3390/8 1753/3469/8
f 1754/3470/1 1752/2886/1 1751/3471/1
f 1752/2713/2 1748/2712/2 1747/3473/2
f 1753/3475/4 1751/10928/4 1747/3476/4
f 1750/3478/15 1748/10929/15 1752/3479/15
f 1756/3481/8 1758/10930/8 1757/3482/8
f 1758/2050/1 1762/2049/1 1761/3484/1
f 1762/3485/2 1760/1913/2 1759/3486/2
f 1760/3487/3 1756/10931/3 1755/3488/3
f 1761/3490/4 1759/10932/4 1755/3491/4
f 1758/3493/15 1756/10933/15 1760/3494/15
f 1764/3496/8 1766/3500/8 1765/3497/8
f 1766/3083/1 1770/3082/1 1769/3499/1
f 1770/3346/2 1768/3345/2 1767/3500/2
f 1768/3501/3 1764/10934/3 1763/3502/3
f 1769/3504/4 1767/10935/4 1763/3505/4
f 1766/3507/15 1764/10936/15 1768/3508/15
f 1772/3510/8 1774/10937/8 1773/3511/8
f 1774/3513/1 1778/2544/1 1777/3514/1
f 1778/3515/2 1776/10938/2 1775/3516/2
f 1776/3517/3 1772/10939/3 1771/3518/3
f 1777/3520/4 1775/10940/4 1771/3521/4
f 1774/3523/15 1772/10941/15 1776/3524/15
f 1782/3526/1 1786/6512/1 1785/1340/1
f 1781/3528/4 1785/10942/4 1784/3529/4
f 1784/3531/8 1788/3537/8 1787/3532/8
f 1785/3534/8 1786/3536/8 1790/3535/8
f 1786/3536/8 1783/3533/8 1787/3532/8
f 1785/3534/8 1789/404/8 1788/3537/8
f 1779/3538/15 1783/10943/15 1786/3539/15
f 1780/3541/3 1784/10944/3 1783/3542/3
f 1869/3544/8 1870/3651/8 1871/3545/8
f 1818/3547/8 1799/3558/8 1798/3548/8
f 1817/3550/8 1797/3556/8 1791/3551/8
f 1802/3553/8 1804/3581/8 1805/3554/8
f 1820/3549/8 1798/3548/8 1797/3556/8
f 1819/3557/8 1792/10945/8 1799/3558/8
f 1873/3559/8 1874/3652/8 1875/3560/8
f 1877/3562/8 1878/3653/8 1879/3563/8
f 1807/3565/8 1858/3640/8 1861/3566/8
f 1865/3568/8 1806/3614/8 1814/3569/8
f 1866/3571/8 1811/3574/8 1809/3572/8
f 1867/3573/8 1813/3604/8 1811/3574/8
f 1881/3575/8 1882/3654/8 1883/3576/8
f 1800/3578/8 1803/3583/8 1795/3579/8
f 1801/3580/8 1795/3579/8 1804/3581/8
f 1793/3582/8 1796/3596/8 1803/3583/8
f 1885/3584/8 1886/3655/8 1887/3585/8
f 1889/3587/8 1890/3656/8 1891/3588/8
f 1893/3590/8 1894/3657/8 1895/3591/8
f 1897/3593/8 1898/3658/8 1899/3594/8
f 1796/3596/108 1822/3599/108 1821/3597/108
f 1796/3596/109 1809/3572/109 1823/3598/109
f 1811/3574/110 1824/3600/110 1823/3598/110
f 1803/3583/111 1821/3597/111 1824/3600/111
f 1795/3579/108 1826/3603/108 1825/3601/108
f 1795/3579/109 1813/3604/109 1827/3602/109
f 1813/3604/110 1814/3569/110 1828/3605/110
f 1804/3581/112 1825/3601/112 1828/3605/112
f 1803/3583/108 1830/3608/108 1829/3606/108
f 1803/3583/113 1811/3574/113 1831/3607/113
f 1813/3604/110 1832/3609/110 1831/3607/110
f 1795/3579/112 1829/3606/112 1832/3609/112
f 1804/3581/108 1834/3612/108 1833/3610/108
f 1804/3581/113 1814/3569/113 1835/3611/113
f 1814/3569/110 1806/3614/110 1836/3613/110
f 1805/3554/112 1833/3610/112 1836/3613/112
f 1808/3615/108 1838/3619/108 1837/3616/108
f 1808/3615/109 1819/3557/109 1839/3618/109
f 1818/3547/110 1840/3620/110 1839/3618/110
f 1810/3617/111 1837/3616/111 1840/3620/111
f 1812/3621/108 1842/3624/108 1841/3622/108
f 1812/3621/109 1820/3549/109 1843/3623/109
f 1820/3549/110 1817/3550/110 1844/3625/110
f 1815/3567/112 1841/3622/112 1844/3625/112
f 1815/3567/108 1846/3628/108 1845/3626/108
f 1815/3567/113 1817/3550/113 1847/3627/113
f 1817/3550/110 1816/3552/110 1848/3629/110
f 1807/3565/112 1845/3626/112 1848/3629/112
f 1810/3617/108 1850/3632/108 1849/3630/108
f 1810/3617/113 1818/3547/113 1851/3631/113
f 1820/3549/110 1852/3633/110 1851/3631/110
f 1812/3621/112 1849/3630/112 1852/3633/112
f 1861/3566/114 1853/3641/114 1857/3634/114
f 1860/3635/114 1857/3634/114 1856/3636/114
f 1859/3637/114 1856/3636/114 1855/3638/114
f 1858/3640/114 1854/10946/114 1853/3641/114
f 1810/3617/8 1859/3637/8 1862/3639/8
f 1812/3621/8 1860/3635/8 1859/3637/8
f 1815/3567/8 1861/3566/8 1860/3635/8
f 1854/3642/115 1865/10947/115 1863/3643/115
f 1856/3645/115 1866/3649/115 1864/3646/115
f 1857/3648/115 1867/3650/115 1866/3649/115
f 1853/3644/115 1863/3643/115 1867/3650/115
f 1863/3570/8 1814/3569/8 1813/3604/8
f 1822/3599/8 1869/3544/8 1868/3546/8
f 1823/3598/8 1870/3651/8 1869/3544/8
f 1824/3600/8 1871/3545/8 1870/3651/8
f 1821/3597/8 1868/3546/8 1871/3545/8
f 1825/3601/8 1826/3603/8 1873/3559/8
f 1827/3602/8 1874/3652/8 1873/3559/8
f 1828/3605/8 1875/3560/8 1874/3652/8
f 1825/3601/8 1872/3561/8 1875/3560/8
f 1830/3608/8 1877/3562/8 1876/3564/8
f 1831/3607/8 1878/3653/8 1877/3562/8
f 1832/3609/8 1879/3563/8 1878/3653/8
f 1829/3606/8 1876/3564/8 1879/3563/8
f 1833/3610/8 1834/3612/8 1881/3575/8
f 1835/3611/8 1882/3654/8 1881/3575/8
f 1836/3613/8 1883/3576/8 1882/3654/8
f 1833/3610/8 1880/3577/8 1883/3576/8
f 1838/3619/8 1885/3584/8 1884/3586/8
f 1839/3618/8 1886/3655/8 1885/3584/8
f 1840/3620/8 1887/3585/8 1886/3655/8
f 1837/3616/8 1884/3586/8 1887/3585/8
f 1841/3622/8 1842/3624/8 1889/3587/8
f 1843/3623/8 1890/3656/8 1889/3587/8
f 1844/3625/8 1891/3588/8 1890/3656/8
f 1841/3622/8 1888/3589/8 1891/3588/8
f 1845/3626/8 1846/3628/8 1893/3590/8
f 1847/3627/8 1894/3657/8 1893/3590/8
f 1848/3629/8 1895/3591/8 1894/3657/8
f 1848/3629/8 1845/3626/8 1892/3592/8
f 1850/3632/8 1897/3593/8 1896/3595/8
f 1851/3631/8 1898/3658/8 1897/3593/8
f 1852/3633/8 1899/3594/8 1898/3658/8
f 1849/3630/8 1896/3595/8 1899/3594/8
f 1781/3659/8 1901/3663/8 1900/3660/8
f 1780/3662/8 1902/3665/8 1901/3663/8
f 1780/3662/8 1779/3666/8 1903/3664/8
f 1779/3666/8 1782/3661/8 1900/3660/8
f 1907/3667/1 1911/5105/1 1910/3668/1
f 1906/3669/4 1910/10948/4 1909/3670/4
f 1909/3672/8 1913/3679/8 1912/3673/8
f 1911/3675/8 1915/3678/8 1914/3676/8
f 1908/3674/8 1912/3673/8 1915/3678/8
f 1910/3677/8 1914/3676/8 1913/3679/8
f 1904/3680/15 1908/10949/15 1911/3681/15
f 1905/3683/3 1909/10950/3 1908/3684/3
f 1994/3686/8 1995/3792/8 1996/3687/8
f 1943/3689/8 1924/3700/8 1923/3690/8
f 1942/3692/8 1922/3698/8 1916/3693/8
f 1927/3695/8 1929/3724/8 1930/3696/8
f 1945/3691/8 1923/3690/8 1922/3698/8
f 1944/3699/8 1917/10951/8 1924/3700/8
f 1998/3701/8 1999/3793/8 2000/3702/8
f 2002/3704/8 2003/3794/8 2004/3705/8
f 1932/3707/8 1983/3781/8 1986/3708/8
f 1990/3710/8 1931/3755/8 1939/3711/8
f 1991/3713/8 1936/3717/8 1934/3714/8
f 1992/3716/8 1938/3746/8 1936/3717/8
f 2006/3718/8 2007/3795/8 2008/3719/8
f 1925/3721/8 1928/3725/8 1920/3722/8
f 1926/3723/8 1920/3722/8 1929/3724/8
f 1918/312/8 1921/3740/8 1928/3725/8
f 2010/3726/8 2011/3796/8 2012/3727/8
f 2014/3729/8 2015/3797/8 2016/3730/8
f 2018/3732/8 2019/3798/8 2020/3733/8
f 2022/3735/8 2023/3799/8 2024/3736/8
f 1928/3725/108 1921/3740/116 1947/3738/116
f 1921/3740/113 1934/3714/113 1948/3741/113
f 1936/3717/110 1949/3742/110 1948/3741/117
f 1928/3725/112 1946/3739/112 1949/3742/112
f 1920/3722/108 1951/3745/108 1950/3743/116
f 1920/3722/113 1938/3746/113 1952/3744/113
f 1938/3746/110 1939/3711/117 1953/3747/117
f 1929/3724/112 1950/3743/112 1953/3747/112
f 1928/3725/108 1955/3750/108 1954/3748/116
f 1928/3725/113 1936/3717/113 1956/3749/113
f 1938/3746/117 1957/3751/117 1956/3749/117
f 1920/3722/112 1954/3748/112 1957/3751/112
f 1930/3696/108 1929/3724/116 1959/3752/116
f 1929/3724/113 1939/3711/113 1960/3754/113
f 1931/3755/110 1961/3756/110 1960/3754/117
f 1930/3696/112 1958/3753/112 1961/3756/112
f 1935/3757/108 1933/3760/116 1963/3758/116
f 1933/3760/113 1944/3699/113 1964/3761/113
f 1943/3689/110 1965/3762/110 1964/3761/117
f 1935/3757/112 1962/3759/112 1965/3762/112
f 1937/3763/108 1967/3766/108 1966/3764/116
f 1937/3763/113 1945/3691/113 1968/3765/113
f 1945/3691/110 1942/3692/117 1969/3767/117
f 1940/3709/112 1966/3764/112 1969/3767/112
f 1932/3707/108 1940/3709/116 1971/3768/116
f 1940/3709/113 1942/3692/113 1972/3770/113
f 1941/3694/110 1973/3771/110 1972/3770/117
f 1932/3707/112 1970/3769/112 1973/3771/112
f 1935/3757/108 1975/3774/108 1974/3772/116
f 1935/3757/113 1943/3689/113 1976/3773/113
f 1945/3691/117 1977/3775/117 1976/3773/117
f 1937/3763/112 1974/3772/112 1977/3775/112
f 1986/3708/118 1978/3782/118 1982/3776/118
f 1985/3777/118 1982/3776/118 1981/3778/118
f 1984/3779/118 1981/3778/118 1980/298/118
f 1983/3781/118 1979/10952/118 1978/3782/118
f 1935/3757/8 1984/3779/8 1987/3780/8
f 1937/3763/8 1985/3777/8 1984/3779/8
f 1940/3709/8 1986/3708/8 1985/3777/8
f 1979/3783/119 1990/5216/119 1988/3784/119
f 1981/3786/119 1991/3790/119 1989/3787/119
f 1982/3789/119 1992/3791/119 1991/3790/119
f 1978/3785/119 1988/3784/119 1992/3791/119
f 1988/3712/8 1939/3711/8 1938/3746/8
f 1946/3739/8 1947/3738/8 1994/3686/8
f 1947/3738/8 1948/3741/8 1995/3792/8
f 1949/3742/8 1996/3687/8 1995/3792/8
f 1946/3739/8 1993/3688/8 1996/3687/8
f 1951/3745/8 1998/3701/8 1997/3703/8
f 1951/3745/8 1952/3744/8 1999/3793/8
f 1952/3744/8 1953/3747/8 2000/3702/8
f 1950/3743/8 1997/3703/8 2000/3702/8
f 1954/3748/8 1955/3750/8 2002/3704/8
f 1955/3750/8 1956/3749/8 2003/3794/8
f 1957/3751/8 2004/3705/8 2003/3794/8
f 1954/3748/8 2001/3706/8 2004/3705/8
f 1959/3752/8 2006/3718/8 2005/3720/8
f 1959/3752/8 1960/3754/8 2007/3795/8
f 1960/3754/8 1961/3756/8 2008/3719/8
f 1958/3753/8 2005/3720/8 2008/3719/8
f 1962/3759/8 1963/3758/8 2010/3726/8
f 1964/3761/8 2011/3796/8 2010/3726/8
f 1965/3762/8 2012/3727/8 2011/3796/8
f 1965/3762/8 1962/3759/8 2009/3728/8
f 1967/3766/8 2014/3729/8 2013/3731/8
f 1968/3765/8 2015/3797/8 2014/3729/8
f 1969/3767/8 2016/3730/8 2015/3797/8
f 1969/3767/8 1966/3764/8 2013/3731/8
f 1971/3768/8 2018/3732/8 2017/3734/8
f 1972/3770/8 2019/3798/8 2018/3732/8
f 1972/3770/8 1973/3771/8 2020/3733/8
f 1973/3771/8 1970/3769/8 2017/3734/8
f 1974/3772/8 1975/3774/8 2022/3735/8
f 1976/3773/8 2023/3799/8 2022/3735/8
f 1977/3775/8 2024/3736/8 2023/3799/8
f 1977/3775/8 1974/3772/8 2021/3737/8
f 1907/1288/8 1906/3803/8 2026/3800/8
f 1905/3802/8 2027/3805/8 2026/3800/8
f 1904/3804/8 2028/3806/8 2027/3805/8
f 1907/1288/8 2025/3801/8 2028/3806/8
f 2032/3807/8 2036/4629/8 2035/3808/8
f 2031/3810/4 2035/10953/4 2034/3811/4
f 2033/3813/3 2034/3819/3 2038/3814/3
f 2036/3816/3 2040/3818/3 2039/161/3
f 2033/3813/3 2037/3815/3 2040/3818/3
f 2035/3817/3 2039/161/3 2038/3814/3
f 2029/3820/15 2033/10954/15 2036/3821/15
f 2030/3823/2 2034/4313/2 2033/3824/2
f 2119/3826/3 2120/3956/3 2121/3827/3
f 2068/3829/3 2049/3840/3 2048/3830/3
f 2067/3832/3 2047/3838/3 2041/3833/3
f 2052/3835/3 2054/3864/3 2055/3836/3
f 2070/3831/3 2048/3830/3 2047/3838/3
f 2069/3839/3 2042/10955/3 2049/3840/3
f 2123/3841/3 2124/3958/3 2125/3842/3
f 2127/3844/3 2128/3959/3 2129/3845/3
f 2057/3847/3 2108/10956/3 2111/3848/3
f 2115/3850/3 2056/3906/3 2064/3851/3
f 2116/3853/3 2061/3857/3 2059/3854/3
f 2117/3856/3 2063/3890/3 2061/3857/3
f 2131/3858/3 2132/3961/3 2133/3859/3
f 2050/3861/3 2053/3866/3 2045/3862/3
f 2051/3863/3 2045/3862/3 2054/3864/3
f 2043/3865/3 2046/3879/3 2053/3866/3
f 2135/3867/3 2136/3963/3 2137/3868/3
f 2139/3870/3 2140/3965/3 2141/3871/3
f 2143/3873/3 2144/3967/3 2145/3874/3
f 2147/3876/3 2148/3968/3 2149/3877/3
f 2046/3879/120 2072/3955/120 2071/3880/120
f 2059/3881/121 2073/10957/121 2072/3882/121
f 2061/3857/122 2074/3885/122 2073/3884/122
f 2053/3866/123 2071/3880/123 2074/3885/123
f 2045/3862/120 2076/3957/120 2075/3886/120
f 2063/3887/121 2077/10958/121 2076/3888/121
f 2063/3890/122 2064/3851/122 2078/3891/122
f 2054/3864/123 2075/3886/123 2078/3891/123
f 2045/3862/120 2053/3866/120 2080/3893/120
f 2061/3895/121 2081/10959/121 2080/3896/121
f 2063/3890/122 2082/3899/122 2081/3898/122
f 2045/3862/123 2079/3894/123 2082/3899/123
f 2054/3864/120 2084/3960/120 2083/3900/120
f 2064/3901/121 2085/10960/121 2084/3902/121
f 2064/3851/122 2056/3906/122 2086/3904/122
f 2055/3836/123 2083/3900/123 2086/3904/123
f 2058/3907/120 2088/3962/120 2087/3908/120
f 2058/3910/121 2069/10961/121 2089/3911/121
f 2068/3829/124 2090/3914/124 2089/3913/124
f 2060/3909/123 2087/3908/123 2090/3914/123
f 2062/3915/120 2092/3964/120 2091/3916/120
f 2062/3917/121 2070/4086/121 2093/3918/121
f 2070/3831/124 2067/3832/124 2094/3920/124
f 2065/3849/123 2091/3916/123 2094/3920/123
f 2065/3849/120 2096/3966/120 2095/3922/120
f 2065/3923/121 2067/10962/121 2097/3924/121
f 2067/3832/124 2066/3834/124 2098/3926/124
f 2057/3847/123 2095/3922/123 2098/3926/123
f 2062/3915/120 2060/3909/120 2100/3928/120
f 2060/3930/121 2068/10963/121 2101/3931/121
f 2070/3831/124 2102/3934/124 2101/3933/124
f 2062/3915/123 2099/3929/123 2102/3934/123
f 2111/3935/125 2103/3943/125 2107/3936/125
f 2110/3937/125 2107/3936/125 2106/3938/125
f 2109/3939/125 2106/3938/125 2105/3940/125
f 2108/3942/125 2104/4605/125 2103/3943/125
f 2060/3909/3 2109/3945/3 2112/3944/3
f 2062/3915/3 2110/3946/3 2109/3945/3
f 2065/3849/3 2111/3848/3 2110/3946/3
f 2104/3541/126 2115/10964/126 2113/3947/126
f 2106/3949/126 2116/3953/126 2114/3950/126
f 2107/3952/126 2117/3954/126 2116/3953/126
f 2103/3948/126 2113/3947/126 2117/3954/126
f 2113/3852/3 2064/3851/3 2063/3890/3
f 2072/3955/3 2119/3826/3 2118/3828/3
f 2073/3884/3 2120/3956/3 2119/3826/3
f 2074/3885/3 2121/3827/3 2120/3956/3
f 2071/3880/3 2118/3828/3 2121/3827/3
f 2076/3957/3 2123/3841/3 2122/3843/3
f 2077/3892/3 2124/3958/3 2123/3841/3
f 2078/3891/3 2125/3842/3 2124/3958/3
f 2075/3886/3 2122/3843/3 2125/3842/3
f 2080/3893/3 2127/3844/3 2126/3846/3
f 2081/3898/3 2128/3959/3 2127/3844/3
f 2081/3898/3 2082/3899/3 2129/3845/3
f 2079/3894/3 2126/3846/3 2129/3845/3
f 2083/3900/3 2084/3960/3 2131/3858/3
f 2085/3905/3 2132/3961/3 2131/3858/3
f 2086/3904/3 2133/3859/3 2132/3961/3
f 2083/3900/3 2130/3860/3 2133/3859/3
f 2088/3962/3 2135/3867/3 2134/3869/3
f 2088/3962/3 2089/3913/3 2136/3963/3
f 2090/3914/3 2137/3868/3 2136/3963/3
f 2087/3908/3 2134/3869/3 2137/3868/3
f 2092/3964/3 2139/3870/3 2138/3872/3
f 2092/3964/3 2093/3921/3 2140/3965/3
f 2094/3920/3 2141/3871/3 2140/3965/3
f 2091/3916/3 2138/3872/3 2141/3871/3
f 2095/3922/3 2096/3966/3 2143/3873/3
f 2096/3966/3 2097/3927/3 2144/3967/3
f 2098/3926/3 2145/3874/3 2144/3967/3
f 2095/3922/3 2142/3875/3 2145/3874/3
f 2100/3928/3 2147/3876/3 2146/3878/3
f 2100/3928/3 2101/3933/3 2148/3968/3
f 2101/3933/3 2102/3934/3 2149/3877/3
f 2099/3929/3 2146/3878/3 2149/3877/3
f 2031/3969/3 2151/3973/3 2150/3970/3
f 2030/3972/3 2152/3975/3 2151/3973/3
f 2029/3974/3 2153/3976/3 2152/3975/3
f 2032/3971/3 2150/3970/3 2153/3976/3
f 2157/3977/8 2161/3807/8 2160/3809/8
f 2156/3979/4 2160/10965/4 2159/3980/4
f 2158/3982/3 2159/3989/3 2163/3983/3
f 2161/3985/3 2165/3988/3 2164/3986/3
f 2158/3982/3 2162/3984/3 2165/3988/3
f 2160/3987/3 2164/3986/3 2163/3983/3
f 2154/3990/15 2158/10966/15 2161/3991/15
f 2155/3993/2 2159/3823/2 2158/3825/2
f 2244/3995/3 2245/4122/3 2246/3996/3
f 2193/3998/3 2174/4009/3 2173/3999/3
f 2192/4001/3 2172/4007/3 2166/4002/3
f 2177/4004/3 2179/4033/3 2180/4005/3
f 2195/4000/3 2173/3999/3 2172/4007/3
f 2194/4008/3 2167/10967/3 2174/4009/3
f 2248/4010/3 2249/4124/3 2250/4011/3
f 2252/4013/3 2253/4125/3 2254/4014/3
f 2182/4016/3 2233/10968/3 2236/4017/3
f 2240/4019/3 2181/4075/3 2189/4020/3
f 2241/4022/3 2186/4026/3 2184/4023/3
f 2242/4025/3 2188/4059/3 2186/4026/3
f 2256/4027/3 2257/4127/3 2258/4028/3
f 2175/4030/3 2178/4035/3 2170/4031/3
f 2176/4032/3 2170/4031/3 2179/4033/3
f 2168/4034/3 2171/4048/3 2178/4035/3
f 2260/4036/3 2261/4129/3 2262/4037/3
f 2264/4039/3 2265/4131/3 2266/4040/3
f 2268/4042/3 2269/4133/3 2270/4043/3
f 2272/4045/3 2273/4134/3 2274/4046/3
f 2171/4048/120 2197/4121/120 2196/4049/120
f 2184/4050/121 2198/10969/121 2197/4051/121
f 2186/4026/122 2199/4054/122 2198/4053/122
f 2178/4035/123 2196/4049/123 2199/4054/123
f 2170/4031/120 2201/4123/120 2200/4055/120
f 2188/4056/121 2202/10970/121 2201/4057/121
f 2188/4059/122 2189/4020/122 2203/4060/122
f 2179/4033/123 2200/4055/123 2203/4060/123
f 2170/4031/120 2178/4035/120 2205/4062/120
f 2186/4064/121 2206/10971/121 2205/4065/121
f 2188/4059/122 2207/4068/122 2206/4067/122
f 2170/4031/123 2204/4063/123 2207/4068/123
f 2179/4033/120 2209/4126/120 2208/4069/120
f 2189/4070/121 2210/10972/121 2209/4071/121
f 2189/4020/122 2181/4075/122 2211/4073/122
f 2180/4005/123 2208/4069/123 2211/4073/123
f 2183/4076/120 2213/4128/120 2212/4077/120
f 2183/4079/121 2194/3910/121 2214/4080/121
f 2193/3998/124 2215/4083/124 2214/4082/124
f 2185/4078/123 2212/4077/123 2215/4083/123
f 2187/4084/120 2217/4130/120 2216/4085/120
f 2187/4086/121 2195/4079/121 2218/4087/121
f 2195/4000/124 2192/4001/124 2219/4089/124
f 2190/4018/123 2216/4085/123 2219/4089/123
f 2190/4018/120 2221/4132/120 2220/4091/120
f 2190/4092/121 2192/2540/121 2222/4093/121
f 2192/4001/124 2191/4003/124 2223/4095/124
f 2182/4016/123 2220/4091/123 2223/4095/123
f 2187/4084/120 2185/4078/120 2225/4097/120
f 2185/4099/121 2193/10973/121 2226/4100/121
f 2195/4000/124 2227/4103/124 2226/4102/124
f 2187/4084/123 2224/4098/123 2227/4103/123
f 2236/4104/125 2228/4112/125 2232/4105/125
f 2235/4106/125 2232/4105/125 2231/4107/125
f 2234/4108/125 2231/4107/125 2230/4109/125
f 2233/4111/125 2229/4763/125 2228/4112/125
f 2185/4078/3 2234/4113/3 2237/339/3
f 2187/4084/3 2235/4114/3 2234/4113/3
f 2190/4018/3 2236/4017/3 2235/4114/3
f 2229/4115/126 2240/3541/126 2238/4116/126
f 2231/4118/126 2241/3949/126 2239/3951/126
f 2232/4120/126 2242/3952/126 2241/3949/126
f 2228/4117/126 2238/4116/126 2242/3952/126
f 2238/4021/3 2189/4020/3 2188/4059/3
f 2197/4121/3 2244/3995/3 2243/3997/3
f 2198/4053/3 2245/4122/3 2244/3995/3
f 2199/4054/3 2246/3996/3 2245/4122/3
f 2196/4049/3 2243/3997/3 2246/3996/3
f 2201/4123/3 2248/4010/3 2247/4012/3
f 2202/4061/3 2249/4124/3 2248/4010/3
f 2203/4060/3 2250/4011/3 2249/4124/3
f 2200/4055/3 2247/4012/3 2250/4011/3
f 2205/4062/3 2252/4013/3 2251/4015/3
f 2206/4067/3 2253/4125/3 2252/4013/3
f 2206/4067/3 2207/4068/3 2254/4014/3
f 2204/4063/3 2251/4015/3 2254/4014/3
f 2208/4069/3 2209/4126/3 2256/4027/3
f 2210/4074/3 2257/4127/3 2256/4027/3
f 2211/4073/3 2258/4028/3 2257/4127/3
f 2208/4069/3 2255/4029/3 2258/4028/3
f 2213/4128/3 2260/4036/3 2259/4038/3
f 2214/4082/3 2261/4129/3 2260/4036/3
f 2215/4083/3 2262/4037/3 2261/4129/3
f 2212/4077/3 2259/4038/3 2262/4037/3
f 2217/4130/3 2264/4039/3 2263/4041/3
f 2218/4090/3 2265/4131/3 2264/4039/3
f 2219/4089/3 2266/4040/3 2265/4131/3
f 2216/4085/3 2263/4041/3 2266/4040/3
f 2220/4091/3 2221/4132/3 2268/4042/3
f 2222/4096/3 2269/4133/3 2268/4042/3
f 2223/4095/3 2270/4043/3 2269/4133/3
f 2220/4091/3 2267/4044/3 2270/4043/3
f 2225/4097/3 2272/4045/3 2271/4047/3
f 2226/4102/3 2273/4134/3 2272/4045/3
f 2226/4102/3 2227/4103/3 2274/4046/3
f 2224/4098/3 2271/4047/3 2274/4046/3
f 2156/4135/3 2276/4139/3 2275/4136/3
f 2155/4138/3 2277/4141/3 2276/4139/3
f 2154/4140/3 2278/4142/3 2277/4141/3
f 2157/4137/3 2275/4136/3 2278/4142/3
f 2282/4143/8 2286/3978/8 2285/4144/8
f 2281/4146/4 2285/10974/4 2284/4147/4
f 2283/4149/3 2284/4156/3 2288/4150/3
f 2286/4152/3 2290/4155/3 2289/4153/3
f 2283/4149/3 2287/4151/3 2290/4155/3
f 2284/4156/3 2285/4154/3 2289/4153/3
f 2279/4157/15 2283/10975/15 2286/4158/15
f 2280/4159/2 2284/4788/2 2283/4160/2
f 2369/4162/3 2370/4290/3 2371/4163/3
f 2318/4165/3 2299/4176/3 2298/4166/3
f 2317/4168/3 2297/4174/3 2291/4169/3
f 2302/4171/3 2304/4200/3 2305/4172/3
f 2320/4167/3 2298/4166/3 2297/4174/3
f 2319/4175/3 2292/10976/3 2299/4176/3
f 2373/4177/3 2374/4292/3 2375/4178/3
f 2377/4180/3 2378/4294/3 2379/4181/3
f 2307/4183/3 2358/10977/3 2361/4184/3
f 2365/4186/3 2306/4240/3 2314/4187/3
f 2366/4189/3 2311/4193/3 2309/4190/3
f 2367/4192/3 2313/4226/3 2311/4193/3
f 2381/4194/3 2382/4296/3 2383/4195/3
f 2300/4197/3 2303/4201/3 2295/4198/3
f 2301/4199/3 2295/4198/3 2304/4200/3
f 2293/203/3 2296/4214/3 2303/4201/3
f 2385/4202/3 2386/4298/3 2387/4203/3
f 2389/4205/3 2390/4300/3 2391/4206/3
f 2393/4208/3 2394/4302/3 2395/4209/3
f 2397/4211/3 2398/4304/3 2399/4212/3
f 2296/4214/120 2322/4289/120 2321/4215/120
f 2296/4216/121 2309/10978/121 2323/4217/121
f 2311/4193/122 2324/4220/122 2323/4219/122
f 2303/4201/123 2321/4215/123 2324/4220/123
f 2295/4198/120 2326/4291/120 2325/4221/120
f 2295/4222/121 2313/10979/121 2327/4223/121
f 2314/4187/122 2328/4227/122 2327/4225/122
f 2304/4200/123 2325/4221/123 2328/4227/123
f 2303/4201/120 2330/4293/120 2329/4228/120
f 2303/4229/121 2311/10980/121 2331/4230/121
f 2313/4226/122 2332/4233/122 2331/4232/122
f 2295/4198/123 2329/4228/123 2332/4233/123
f 2304/4200/120 2334/4295/120 2333/4234/120
f 2304/4235/121 2314/10981/121 2335/4236/121
f 2314/4187/122 2306/4240/122 2336/4238/122
f 2305/4172/123 2333/4234/123 2336/4238/123
f 2308/4241/120 2338/4297/120 2337/4242/120
f 2319/4244/121 2339/10982/121 2338/4245/121
f 2318/4165/122 2340/4248/122 2339/4247/122
f 2310/4243/123 2337/4242/123 2340/4248/123
f 2312/4249/120 2342/4299/120 2341/4250/120
f 2320/4251/121 2343/10983/121 2342/4252/121
f 2317/4168/122 2344/4255/122 2343/4254/122
f 2315/4185/123 2341/4250/123 2344/4255/123
f 2315/4185/120 2346/4301/120 2345/4256/120
f 2317/4257/121 2347/10984/121 2346/4258/121
f 2317/4168/122 2316/4170/122 2348/4260/122
f 2307/4183/123 2345/4256/123 2348/4260/123
f 2310/4243/120 2350/4303/120 2349/4262/120
f 2318/4263/121 2351/10985/121 2350/4264/121
f 2320/4167/122 2352/4267/122 2351/4266/122
f 2312/4249/123 2349/4262/123 2352/4267/123
f 2361/4268/125 2353/4276/125 2357/4269/125
f 2360/4270/125 2357/4269/125 2356/4271/125
f 2359/4272/125 2356/4271/125 2355/4273/125
f 2358/4275/125 2354/4109/125 2353/4276/125
f 2310/4243/3 2359/4278/3 2362/4277/3
f 2312/4249/3 2360/4279/3 2359/4278/3
f 2315/4185/3 2361/4184/3 2360/4279/3
f 2354/4280/126 2365/4119/126 2363/4281/126
f 2356/4283/126 2366/4287/126 2364/4284/126
f 2357/4286/126 2367/4288/126 2366/4287/126
f 2353/4282/126 2363/4281/126 2367/4288/126
f 2363/4188/3 2314/4187/3 2313/4226/3
f 2322/4289/3 2369/4162/3 2368/4164/3
f 2323/4219/3 2370/4290/3 2369/4162/3
f 2324/4220/3 2371/4163/3 2370/4290/3
f 2324/4220/3 2321/4215/3 2368/4164/3
f 2325/4221/3 2326/4291/3 2373/4177/3
f 2327/4225/3 2374/4292/3 2373/4177/3
f 2328/4227/3 2375/4178/3 2374/4292/3
f 2328/4227/3 2325/4221/3 2372/4179/3
f 2329/4228/3 2330/4293/3 2377/4180/3
f 2331/4232/3 2378/4294/3 2377/4180/3
f 2332/4233/3 2379/4181/3 2378/4294/3
f 2332/4233/3 2329/4228/3 2376/4182/3
f 2333/4234/3 2334/4295/3 2381/4194/3
f 2335/4239/3 2382/4296/3 2381/4194/3
f 2336/4238/3 2383/4195/3 2382/4296/3
f 2336/4238/3 2333/4234/3 2380/4196/3
f 2338/4297/3 2385/4202/3 2384/4204/3
f 2338/4297/3 2339/4247/3 2386/4298/3
f 2340/4248/3 2387/4203/3 2386/4298/3
f 2337/4242/3 2384/4204/3 2387/4203/3
f 2341/4250/3 2342/4299/3 2389/4205/3
f 2343/4254/3 2390/4300/3 2389/4205/3
f 2344/4255/3 2391/4206/3 2390/4300/3
f 2341/4250/3 2388/4207/3 2391/4206/3
f 2345/4256/3 2346/4301/3 2393/4208/3
f 2347/4261/3 2394/4302/3 2393/4208/3
f 2348/4260/3 2395/4209/3 2394/4302/3
f 2345/4256/3 2392/4210/3 2395/4209/3
f 2349/4262/3 2350/4303/3 2397/4211/3
f 2351/4266/3 2398/4304/3 2397/4211/3
f 2352/4267/3 2399/4212/3 2398/4304/3
f 2349/4262/3 2396/4213/3 2399/4212/3
f 2281/4305/3 2401/4309/3 2400/4306/3
f 2280/4308/3 2402/4311/3 2401/4309/3
f 2279/4310/3 2403/4312/3 2402/4311/3
f 2279/4310/3 2282/4307/3 2400/4306/3
f 2407/4313/2 2411/3823/2 2410/3977/2
f 2406/4315/4 2410/10986/4 2409/4316/4
f 2409/4318/1 2413/4153/1 2412/4319/1
f 2411/4321/1 2415/1458/1 2414/4322/1
f 2408/4320/1 2412/4319/1 2415/1458/1
f 2410/4323/1 2414/4322/1 2413/4153/1
f 2404/4324/15 2408/10987/15 2411/4325/15
f 2405/4327/8 2409/4918/8 2408/4145/8
f 2494/4328/1 2495/4448/1 2496/4329/1
f 2443/4331/1 2424/4342/1 2423/4332/1
f 2442/4334/1 2422/4340/1 2416/4335/1
f 2427/4337/1 2429/4365/1 2430/4338/1
f 2445/4333/1 2423/4332/1 2422/4340/1
f 2444/4341/1 2417/4811/1 2424/4342/1
f 2498/4343/1 2499/4449/1 2500/4344/1
f 2502/4346/1 2503/4451/1 2504/4347/1
f 2432/4349/1 2483/10988/1 2486/4350/1
f 2490/4352/1 2431/10989/1 2439/4353/1
f 2491/4355/1 2436/4358/1 2434/4356/1
f 2492/4357/1 2438/4388/1 2436/4358/1
f 2506/4359/1 2507/4453/1 2508/4360/1
f 2425/4362/1 2428/4367/1 2420/4363/1
f 2426/4364/1 2420/4363/1 2429/4365/1
f 2418/4366/1 2421/4380/1 2428/4367/1
f 2510/4368/1 2511/4455/1 2512/4369/1
f 2514/4371/1 2515/4457/1 2516/4372/1
f 2518/4374/1 2519/4458/1 2520/4375/1
f 2522/4377/1 2523/4460/1 2524/4378/1
f 2421/4380/127 2447/4382/127 2446/4381/127
f 2434/4356/128 2448/4383/128 2447/4382/128
f 2436/4358/129 2449/4447/129 2448/4383/129
f 2436/4384/130 2428/10990/130 2446/4385/130
f 2420/4363/127 2451/4389/127 2450/4387/127
f 2438/4388/128 2452/4390/128 2451/4389/128
f 2439/4353/129 2453/4450/129 2452/4390/129
f 2429/4391/130 2450/10991/130 2453/4392/130
f 2428/4367/127 2455/4395/127 2454/4394/127
f 2436/4358/128 2456/4396/128 2455/4395/128
f 2438/4388/129 2457/4452/129 2456/4396/129
f 2420/4397/130 2454/10992/130 2457/4398/130
f 2429/4365/127 2459/4401/127 2458/4400/127
f 2439/4353/128 2460/4403/128 2459/4401/128
f 2439/4353/129 2431/10989/129 2461/4402/129
f 2430/4404/130 2458/10993/130 2461/4405/130
f 2433/4407/127 2463/4411/127 2462/4408/127
f 2433/4407/128 2444/4341/128 2464/4410/128
f 2443/4331/131 2465/4454/131 2464/4410/131
f 2435/4412/130 2462/10994/130 2465/4413/130
f 2437/4415/127 2467/4418/127 2466/4416/127
f 2437/4415/128 2445/4333/128 2468/4417/128
f 2442/4334/131 2469/4456/131 2468/4417/131
f 2440/4419/130 2466/10995/130 2469/4420/130
f 2440/4351/127 2471/4424/127 2470/4422/127
f 2440/4351/128 2442/4334/128 2472/4423/128
f 2442/4334/131 2441/4336/131 2473/4425/131
f 2432/4414/130 2470/10996/130 2473/4426/130
f 2435/4409/127 2475/4429/127 2474/4427/127
f 2435/4409/128 2443/4331/128 2476/4428/128
f 2445/4333/131 2477/4459/131 2476/4428/131
f 2437/4430/130 2474/10997/130 2477/4431/130
f 2486/4281/132 2478/4435/132 2482/4432/132
f 2485/4288/132 2482/4432/132 2481/4433/132
f 2484/4287/132 2481/4433/132 2480/4434/132
f 2483/4119/132 2479/3951/132 2478/4435/132
f 2435/4409/1 2484/4437/1 2487/4436/1
f 2437/4415/1 2485/4438/1 2484/4437/1
f 2440/4351/1 2486/4350/1 2485/4438/1
f 2479/3941/133 2490/10998/133 2488/4439/133
f 2481/4441/133 2491/4445/133 2489/4442/133
f 2482/4444/133 2492/4446/133 2491/4445/133
f 2478/4440/133 2488/4439/133 2492/4446/133
f 2488/4354/1 2439/4353/1 2438/4388/1
f 2447/4382/1 2494/4328/1 2493/4330/1
f 2448/4383/1 2495/4448/1 2494/4328/1
f 2449/4447/1 2496/4329/1 2495/4448/1
f 2446/4381/1 2493/4330/1 2496/4329/1
f 2450/4387/1 2451/4389/1 2498/4343/1
f 2451/4389/1 2452/4390/1 2499/4449/1
f 2453/4450/1 2500/4344/1 2499/4449/1
f 2450/4387/1 2497/4345/1 2500/4344/1
f 2454/4394/1 2455/4395/1 2502/4346/1
f 2455/4395/1 2456/4396/1 2503/4451/1
f 2457/4452/1 2504/4347/1 2503/4451/1
f 2454/4394/1 2501/4348/1 2504/4347/1
f 2458/4400/1 2459/4401/1 2506/4359/1
f 2459/4401/1 2460/4403/1 2507/4453/1
f 2461/4402/1 2508/4360/1 2507/4453/1
f 2458/4400/1 2505/4361/1 2508/4360/1
f 2463/4411/1 2510/4368/1 2509/4370/1
f 2464/4410/1 2511/4455/1 2510/4368/1
f 2465/4454/1 2512/4369/1 2511/4455/1
f 2462/4408/1 2509/4370/1 2512/4369/1
f 2466/4416/1 2467/4418/1 2514/4371/1
f 2468/4417/1 2515/4457/1 2514/4371/1
f 2469/4456/1 2516/4372/1 2515/4457/1
f 2466/4416/1 2513/4373/1 2516/4372/1
f 2470/4422/1 2471/4424/1 2518/4374/1
f 2472/4423/1 2519/4458/1 2518/4374/1
f 2473/4425/1 2520/4375/1 2519/4458/1
f 2470/4422/1 2517/4376/1 2520/4375/1
f 2474/4427/1 2475/4429/1 2522/4377/1
f 2476/4428/1 2523/4460/1 2522/4377/1
f 2477/4459/1 2524/4378/1 2523/4460/1
f 2474/4427/1 2521/4379/1 2524/4378/1
f 2406/3661/1 2526/4464/1 2525/4461/1
f 2405/4463/1 2527/4466/1 2526/4464/1
f 2404/4465/1 2528/4467/1 2527/4466/1
f 2407/4462/1 2525/4461/1 2528/4467/1
f 2532/3823/2 2536/3993/2 2535/3807/2
f 2531/4468/4 2535/10999/4 2534/4469/4
f 2533/4471/1 2534/4477/1 2538/445/1
f 2536/4473/1 2540/4476/1 2539/4474/1
f 2533/4471/1 2537/4472/1 2540/4476/1
f 2534/4477/1 2535/4475/1 2539/4474/1
f 2529/4478/15 2533/11000/15 2536/4479/15
f 2530/4480/8 2534/4144/8 2533/3978/8
f 2619/4481/1 2620/4611/1 2621/4482/1
f 2568/4484/1 2549/4494/1 2548/4485/1
f 2567/4487/1 2547/4492/1 2541/4488/1
f 2552/4490/1 2554/4517/1 2555/4491/1
f 2570/4486/1 2548/4485/1 2547/4492/1
f 2569/4493/1 2542/4668/1 2549/4494/1
f 2623/4495/1 2624/4612/1 2625/4496/1
f 2627/4498/1 2628/4613/1 2629/4499/1
f 2557/4501/1 2608/11001/1 2611/4502/1
f 2615/4504/1 2556/11002/1 2564/4505/1
f 2616/4507/1 2561/4510/1 2559/4508/1
f 2617/4509/1 2563/4540/1 2561/4510/1
f 2631/4511/1 2632/4615/1 2633/4512/1
f 2550/4514/1 2553/4519/1 2545/4515/1
f 2551/4516/1 2545/4515/1 2554/4517/1
f 2543/4518/1 2546/4532/1 2553/4519/1
f 2635/4520/1 2636/4616/1 2637/4521/1
f 2639/4523/1 2640/4618/1 2641/4524/1
f 2643/4526/1 2644/4619/1 2645/4527/1
f 2647/4529/1 2648/4620/1 2649/4530/1
f 2546/4532/127 2572/4534/127 2571/4533/127
f 2559/4508/135 2573/4535/135 2572/4534/135
f 2561/4510/129 2574/4610/129 2573/4535/129
f 2553/4536/130 2571/11003/136 2574/4537/130
f 2545/4515/127 2576/4541/127 2575/4539/127
f 2563/4540/134 2577/4543/134 2576/4541/135
f 2563/4540/129 2564/4505/129 2578/4542/129
f 2554/4544/130 2575/11004/136 2578/4545/130
f 2545/4515/127 2553/4519/127 2580/4547/127
f 2561/4510/128 2581/4549/135 2580/4547/128
f 2563/4540/129 2582/4614/129 2581/4549/129
f 2545/4550/136 2579/11005/136 2582/4551/130
f 2554/4517/127 2584/4554/127 2583/4553/127
f 2564/4505/134 2585/4556/134 2584/4554/135
f 2564/4505/129 2556/11002/129 2586/4555/129
f 2555/4557/137 2583/11006/137 2586/4558/137
f 2558/4560/127 2588/4563/127 2587/4561/127
f 2569/4493/128 2589/4564/128 2588/4563/128
f 2568/4484/129 2590/4617/129 2589/4564/129
f 2568/4565/130 2560/11007/130 2587/4566/130
f 2562/4568/127 2592/4570/127 2591/4569/127
f 2570/4486/135 2593/4572/134 2592/4570/135
f 2570/4486/129 2567/4487/129 2594/4571/129
f 2567/4573/130 2565/11008/130 2591/4574/130
f 2565/4503/127 2596/4577/127 2595/4576/127
f 2567/4487/134 2597/4579/134 2596/4577/134
f 2567/4487/129 2566/4489/129 2598/4578/129
f 2566/4580/136 2557/11009/136 2595/4581/136
f 2562/4568/127 2560/4562/127 2600/4583/127
f 2568/4484/128 2601/4585/128 2600/4583/128
f 2570/4486/129 2602/4621/129 2601/4585/129
f 2570/4586/130 2562/11010/130 2599/4587/130
f 2611/4589/132 2603/4597/132 2607/4590/132
f 2610/4591/132 2607/4590/132 2606/4592/132
f 2609/4593/132 2606/4592/132 2605/4594/132
f 2608/4596/132 2604/11011/132 2603/4597/132
f 2560/4562/1 2609/4599/1 2612/4598/1
f 2562/4568/1 2610/4600/1 2609/4599/1
f 2565/4503/1 2611/4502/1 2610/4600/1
f 2604/4601/133 2615/11012/133 2613/4602/133
f 2606/4604/138 2616/4608/138 2614/4605/138
f 2606/4604/138 2607/4609/133 2617/4607/133
f 2603/4603/133 2613/4602/133 2617/4607/133
f 2613/4506/1 2564/4505/1 2563/4540/1
f 2572/4534/1 2619/4481/1 2618/4483/1
f 2573/4535/1 2620/4611/1 2619/4481/1
f 2574/4610/1 2621/4482/1 2620/4611/1
f 2571/4533/1 2618/4483/1 2621/4482/1
f 2576/4541/1 2623/4495/1 2622/4497/1
f 2577/4543/1 2624/4612/1 2623/4495/1
f 2578/4542/1 2625/4496/1 2624/4612/1
f 2575/4539/1 2622/4497/1 2625/4496/1
f 2580/4547/1 2627/4498/1 2626/4500/1
f 2581/4549/1 2628/4613/1 2627/4498/1
f 2581/4549/1 2582/4614/1 2629/4499/1
f 2579/4548/1 2626/4500/1 2629/4499/1
f 2583/4553/1 2584/4554/1 2631/4511/1
f 2585/4556/1 2632/4615/1 2631/4511/1
f 2586/4555/1 2633/4512/1 2632/4615/1
f 2583/4553/1 2630/4513/1 2633/4512/1
f 2588/4563/1 2635/4520/1 2634/4522/1
f 2588/4563/1 2589/4564/1 2636/4616/1
f 2590/4617/1 2637/4521/1 2636/4616/1
f 2587/4561/1 2634/4522/1 2637/4521/1
f 2592/4570/1 2639/4523/1 2638/4525/1
f 2592/4570/1 2593/4572/1 2640/4618/1
f 2594/4571/1 2641/4524/1 2640/4618/1
f 2591/4569/1 2638/4525/1 2641/4524/1
f 2595/4576/1 2596/4577/1 2643/4526/1
f 2596/4577/1 2597/4579/1 2644/4619/1
f 2598/4578/1 2645/4527/1 2644/4619/1
f 2595/4576/1 2642/4528/1 2645/4527/1
f 2600/4583/1 2647/4529/1 2646/4531/1
f 2600/4583/1 2601/4585/1 2648/4620/1
f 2601/4585/1 2602/4621/1 2649/4530/1
f 2599/4584/1 2646/4531/1 2649/4530/1
f 2531/4622/1 2651/4625/1 2650/4623/1
f 2530/1576/1 2652/4627/1 2651/4625/1
f 2529/4626/1 2653/4628/1 2652/4627/1
f 2532/4624/1 2650/4623/1 2653/4628/1
f 2657/3993/2 2661/8820/2 2660/4629/2
f 2656/4630/4 2660/11013/4 2659/4631/4
f 2658/4633/1 2659/4639/1 2663/435/1
f 2661/4635/1 2665/4638/1 2664/4636/1
f 2661/4635/1 2658/4633/1 2662/4634/1
f 2660/4637/1 2664/4636/1 2663/435/1
f 2654/4640/15 2658/11014/15 2661/4641/15
f 2655/4643/8 2659/4480/8 2658/3809/8
f 2744/4644/1 2745/4768/1 2746/4645/1
f 2693/4647/1 2674/4658/1 2673/4648/1
f 2692/4650/1 2672/4656/1 2666/4651/1
f 2677/4653/1 2679/4681/1 2680/4654/1
f 2695/4649/1 2673/4648/1 2672/4656/1
f 2694/4657/1 2667/4352/1 2674/4658/1
f 2748/4659/1 2749/4770/1 2750/4660/1
f 2752/4662/1 2753/4771/1 2754/4663/1
f 2682/4665/1 2733/11015/1 2736/4666/1
f 2740/4668/1 2681/11016/1 2689/4669/1
f 2741/4671/1 2686/4674/1 2684/4672/1
f 2742/4673/1 2688/4704/1 2686/4674/1
f 2756/4675/1 2757/4773/1 2758/4676/1
f 2675/4678/1 2678/4683/1 2670/4679/1
f 2676/4680/1 2670/4679/1 2679/4681/1
f 2668/4682/1 2671/4696/1 2678/4683/1
f 2760/4684/1 2761/4774/1 2762/4685/1
f 2764/4687/1 2765/4776/1 2766/4688/1
f 2768/4690/1 2769/4777/1 2770/4691/1
f 2772/4693/1 2773/4778/1 2774/4694/1
f 2671/4696/127 2697/4698/127 2696/4697/127
f 2684/4672/135 2698/4699/135 2697/4698/135
f 2686/4674/129 2699/4769/129 2698/4699/129
f 2686/4700/130 2678/11017/130 2696/4701/130
f 2670/4679/127 2701/4705/127 2700/4703/127
f 2688/4704/134 2702/4707/134 2701/4705/135
f 2688/4704/129 2689/4669/129 2703/4706/129
f 2689/4708/130 2679/11018/130 2700/4709/130
f 2670/4679/127 2678/4683/127 2705/4711/127
f 2686/4674/128 2706/4713/128 2705/4711/128
f 2688/4704/129 2707/4772/129 2706/4713/129
f 2688/4714/130 2670/11019/130 2704/4715/130
f 2679/4681/127 2709/4718/127 2708/4717/127
f 2689/4669/134 2710/4720/134 2709/4718/135
f 2689/4669/129 2681/11016/129 2711/4719/129
f 2681/4721/137 2680/11020/136 2708/4722/136
f 2683/4724/127 2713/4728/127 2712/4725/127
f 2683/4724/128 2694/4657/128 2714/4727/128
f 2693/4647/129 2715/4775/129 2714/4727/129
f 2685/4729/130 2712/11021/130 2715/4730/130
f 2687/4732/127 2717/4735/127 2716/4733/127
f 2687/4732/134 2695/4649/135 2718/4734/135
f 2695/4649/129 2692/4650/129 2719/4736/129
f 2690/4737/130 2716/11022/130 2719/4738/130
f 2690/4667/127 2721/4742/127 2720/4740/127
f 2690/4667/134 2692/4650/134 2722/4741/134
f 2692/4650/129 2691/4652/129 2723/4743/129
f 2682/4744/137 2720/11023/137 2723/4745/137
f 2687/4732/127 2685/4726/127 2725/4747/127
f 2685/4726/128 2693/4647/128 2726/4749/128
f 2695/4649/129 2727/4779/129 2726/4749/129
f 2687/4750/130 2724/11024/130 2727/4751/130
f 2736/4753/132 2728/4117/132 2732/4120/132
f 2735/4754/132 2732/4120/132 2731/4755/132
f 2734/4756/132 2731/4755/132 2730/4119/132
f 2733/4757/132 2729/4115/132 2728/4117/132
f 2685/4726/1 2734/4758/1 2737/4339/1
f 2687/4732/1 2735/4759/1 2734/4758/1
f 2690/4667/1 2736/4666/1 2735/4759/1
f 2729/4595/133 2740/11025/133 2738/4760/133
f 2731/4762/133 2741/4766/133 2739/4763/133
f 2732/4765/133 2742/4767/133 2741/4766/133
f 2728/4761/133 2738/4760/133 2742/4767/133
f 2738/4670/1 2689/4669/1 2688/4704/1
f 2697/4698/1 2744/4644/1 2743/4646/1
f 2697/4698/1 2698/4699/1 2745/4768/1
f 2699/4769/1 2746/4645/1 2745/4768/1
f 2696/4697/1 2743/4646/1 2746/4645/1
f 2701/4705/1 2748/4659/1 2747/4661/1
f 2701/4705/1 2702/4707/1 2749/4770/1
f 2703/4706/1 2750/4660/1 2749/4770/1
f 2700/4703/1 2747/4661/1 2750/4660/1
f 2705/4711/1 2752/4662/1 2751/4664/1
f 2705/4711/1 2706/4713/1 2753/4771/1
f 2706/4713/1 2707/4772/1 2754/4663/1
f 2704/4712/1 2751/4664/1 2754/4663/1
f 2708/4717/1 2709/4718/1 2756/4675/1
f 2709/4718/1 2710/4720/1 2757/4773/1
f 2711/4719/1 2758/4676/1 2757/4773/1
f 2708/4717/1 2755/4677/1 2758/4676/1
f 2713/4728/1 2760/4684/1 2759/4686/1
f 2713/4728/1 2714/4727/1 2761/4774/1
f 2715/4775/1 2762/4685/1 2761/4774/1
f 2712/4725/1 2759/4686/1 2762/4685/1
f 2717/4735/1 2764/4687/1 2763/4689/1
f 2717/4735/1 2718/4734/1 2765/4776/1
f 2719/4736/1 2766/4688/1 2765/4776/1
f 2716/4733/1 2763/4689/1 2766/4688/1
f 2720/4740/1 2721/4742/1 2768/4690/1
f 2721/4742/1 2722/4741/1 2769/4777/1
f 2723/4743/1 2770/4691/1 2769/4777/1
f 2720/4740/1 2767/4692/1 2770/4691/1
f 2725/4747/1 2772/4693/1 2771/4695/1
f 2725/4747/1 2726/4749/1 2773/4778/1
f 2726/4749/1 2727/4779/1 2774/4694/1
f 2724/4748/1 2771/4695/1 2774/4694/1
f 2656/4780/1 2776/4784/1 2775/4781/1
f 2655/4783/1 2777/4786/1 2776/4784/1
f 2654/4785/1 2778/4787/1 2777/4786/1
f 2657/4782/1 2775/4781/1 2778/4787/1
f 2782/4788/2 2786/4159/2 2785/4789/2
f 2781/4791/4 2785/11026/4 2784/4792/4
f 2784/4794/1 2788/254/1 2787/4795/1
f 2786/4797/1 2790/1520/1 2789/4798/1
f 2783/4796/1 2787/4795/1 2790/1520/1
f 2785/4799/1 2789/4798/1 2788/254/1
f 2779/4800/15 2783/11027/15 2786/4801/15
f 2780/4803/8 2784/4956/8 2783/4480/8
f 2869/4804/1 2870/4923/1 2871/4805/1
f 2818/4807/1 2799/4817/1 2798/4808/1
f 2817/4810/1 2797/4815/1 2791/4811/1
f 2802/4812/1 2804/4839/1 2805/4813/1
f 2820/4809/1 2798/4808/1 2797/4815/1
f 2819/4816/1 2792/1541/1 2799/4817/1
f 2873/4818/1 2874/4926/1 2875/4819/1
f 2877/4821/1 2878/4927/1 2879/4822/1
f 2807/4407/1 2858/4436/1 2861/4824/1
f 2865/4826/1 2806/4876/1 2814/4827/1
f 2866/4829/1 2811/4832/1 2809/4830/1
f 2867/4831/1 2813/4862/1 2811/4832/1
f 2881/4833/1 2882/4928/1 2883/4834/1
f 2800/4836/1 2803/4841/1 2795/4837/1
f 2801/4838/1 2795/4837/1 2804/4839/1
f 2793/4840/1 2796/4856/1 2803/4841/1
f 2885/4842/1 2886/4930/1 2887/4843/1
f 2889/4845/1 2890/4932/1 2891/4846/1
f 2893/4848/1 2894/4934/1 2895/4849/1
f 2897/4851/1 2898/4936/1 2899/4852/1
f 2803/4841/127 2796/4856/127 2822/4854/127
f 2809/4830/135 2823/4857/135 2822/4854/135
f 2811/4832/129 2824/4924/129 2823/4857/129
f 2803/4858/137 2821/11028/137 2824/4859/136
f 2795/4837/127 2826/4863/127 2825/4861/127
f 2813/4862/128 2827/4864/135 2826/4863/128
f 2814/4827/129 2828/4925/129 2827/4864/129
f 2804/4865/130 2825/11029/136 2828/4866/130
f 2803/4841/127 2830/4868/127 2829/4867/127
f 2811/4832/128 2831/4870/135 2830/4868/128
f 2811/4832/129 2813/4862/129 2832/4869/129
f 2795/4871/130 2829/11030/136 2832/4872/130
f 2804/4839/127 2834/4875/127 2833/4874/127
f 2814/4827/128 2835/4877/135 2834/4875/128
f 2806/4876/129 2836/4929/129 2835/4877/129
f 2805/4878/136 2833/11031/136 2836/4879/136
f 2810/4881/127 2808/4884/127 2838/4882/127
f 2819/4816/128 2839/4885/128 2838/4882/128
f 2818/4807/129 2840/4931/129 2839/4885/129
f 2818/4886/137 2810/11032/137 2837/4887/137
f 2812/4889/127 2842/4891/127 2841/4890/127
f 2820/4809/128 2843/4892/128 2842/4891/128
f 2817/4810/129 2844/4933/129 2843/4892/129
f 2817/4893/130 2815/11033/130 2841/4894/130
f 2815/4825/127 2846/4897/127 2845/4896/127
f 2817/4810/128 2847/4898/128 2846/4897/128
f 2816/4341/129 2848/4935/129 2847/4898/129
f 2816/4899/136 2807/11034/136 2845/4900/136
f 2810/4881/127 2850/4903/127 2849/4902/127
f 2818/4807/128 2851/4905/128 2850/4903/128
f 2818/4807/129 2820/4809/129 2852/4904/129
f 2820/4906/130 2812/11035/130 2849/4907/130
f 2861/4435/139 2853/4911/139 2857/4909/139
f 2860/4432/139 2857/4909/139 2856/4910/139
f 2859/4433/139 2856/4910/139 2855/3994/139
f 2858/3951/132 2854/3950/132 2853/4911/139
f 2810/4881/1 2859/4912/1 2862/418/1
f 2812/4889/1 2860/4913/1 2859/4912/1
f 2815/4825/1 2861/4824/1 2860/4913/1
f 2854/4914/138 2865/4145/138 2863/4915/138
f 2856/4917/138 2866/4921/138 2864/4918/138
f 2857/4920/138 2867/4922/138 2866/4921/138
f 2853/4916/138 2863/4915/138 2867/4922/138
f 2863/4828/1 2814/4827/1 2813/4862/1
f 2822/4854/1 2869/4804/1 2868/4806/1
f 2823/4857/1 2870/4923/1 2869/4804/1
f 2823/4857/1 2824/4924/1 2871/4805/1
f 2821/4855/1 2868/4806/1 2871/4805/1
f 2826/4863/1 2873/4818/1 2872/4820/1
f 2827/4864/1 2874/4926/1 2873/4818/1
f 2828/4925/1 2875/4819/1 2874/4926/1
f 2825/4861/1 2872/4820/1 2875/4819/1
f 2829/4867/1 2830/4868/1 2877/4821/1
f 2831/4870/1 2878/4927/1 2877/4821/1
f 2832/4869/1 2879/4822/1 2878/4927/1
f 2829/4867/1 2876/4823/1 2879/4822/1
f 2834/4875/1 2881/4833/1 2880/4835/1
f 2835/4877/1 2882/4928/1 2881/4833/1
f 2835/4877/1 2836/4929/1 2883/4834/1
f 2833/4874/1 2880/4835/1 2883/4834/1
f 2838/4882/1 2885/4842/1 2884/4844/1
f 2838/4882/1 2839/4885/1 2886/4930/1
f 2839/4885/1 2840/4931/1 2887/4843/1
f 2837/4883/1 2884/4844/1 2887/4843/1
f 2842/4891/1 2889/4845/1 2888/4847/1
f 2842/4891/1 2843/4892/1 2890/4932/1
f 2844/4933/1 2891/4846/1 2890/4932/1
f 2841/4890/1 2888/4847/1 2891/4846/1
f 2846/4897/1 2893/4848/1 2892/4850/1
f 2846/4897/1 2847/4898/1 2894/4934/1
f 2847/4898/1 2848/4935/1 2895/4849/1
f 2845/4896/1 2892/4850/1 2895/4849/1
f 2849/4902/1 2850/4903/1 2897/4851/1
f 2850/4903/1 2851/4905/1 2898/4936/1
f 2852/4904/1 2899/4852/1 2898/4936/1
f 2849/4902/1 2896/4853/1 2899/4852/1
f 2782/4937/1 2781/124/1 2901/4938/1
f 2780/4940/1 2902/4942/1 2901/4938/1
f 2779/4941/1 2903/4943/1 2902/4942/1
f 2782/4937/1 2900/4939/1 2903/4943/1
f 2907/4314/2 2911/3977/2 2910/3978/2
f 2906/4944/4 2910/11036/4 2909/4945/4
f 2909/4947/1 2913/4474/1 2912/4476/1
f 2911/4949/1 2915/4952/1 2914/4950/1
f 2908/4948/1 2912/4476/1 2915/4952/1
f 2910/4951/1 2914/4950/1 2913/4474/1
f 2904/4953/15 2908/11037/15 2911/4954/15
f 2905/4956/8 2909/4327/8 2908/4144/8
f 2994/4957/1 2995/5080/1 2996/4958/1
f 2943/4960/1 2924/4970/1 2923/4961/1
f 2942/4963/1 2922/4968/1 2916/4964/1
f 2927/4966/1 2929/4994/1 2930/4967/1
f 2945/4962/1 2923/4961/1 2922/4968/1
f 2944/4969/1 2917/11038/1 2924/4970/1
f 2998/4971/1 2999/5083/1 3000/4972/1
f 3002/4974/1 3003/5084/1 3004/4975/1
f 2932/4977/1 2983/2990/1 2986/4978/1
f 2990/4980/1 2931/5031/1 2939/4981/1
f 2991/4983/1 2936/4987/1 2934/4984/1
f 2992/4986/1 2938/5016/1 2936/4987/1
f 3006/4988/1 3007/5085/1 3008/4989/1
f 2925/4991/1 2928/4995/1 2920/4992/1
f 2926/4993/1 2920/4992/1 2929/4994/1
f 2918/3537/1 2921/5010/1 2928/4995/1
f 3010/4996/1 3011/5087/1 3012/4997/1
f 3014/4999/1 3015/5089/1 3016/5000/1
f 3018/5002/1 3019/5091/1 3020/5003/1
f 3022/5005/1 3023/5093/1 3024/5006/1
f 2928/4995/127 2921/5010/127 2947/5008/127
f 2934/4984/128 2948/5011/128 2947/5008/128
f 2936/4987/129 2949/5081/129 2948/5011/129
f 2936/5012/137 2928/11039/136 2946/5013/136
f 2920/4992/127 2951/5017/127 2950/5015/127
f 2938/5016/128 2952/5018/128 2951/5017/128
f 2939/4981/129 2953/5082/129 2952/5018/129
f 2939/5019/130 2929/11040/130 2950/5020/130
f 2928/4995/127 2955/5023/127 2954/5022/127
f 2936/4987/128 2956/5025/128 2955/5023/128
f 2936/4987/129 2938/5016/129 2957/5024/129
f 2938/5026/130 2920/11041/130 2954/5027/130
f 2929/4994/127 2959/5030/127 2958/5029/127
f 2939/4981/128 2960/5032/128 2959/5030/128
f 2931/5031/129 2961/5086/129 2960/5032/129
f 2931/5033/136 2930/11042/130 2958/5034/130
f 2935/5036/127 2933/5039/127 2963/5037/127
f 2933/5039/128 2944/4969/128 2964/5040/128
f 2943/4960/129 2965/5088/129 2964/5040/129
f 2935/5041/137 2962/11043/137 2965/5042/137
f 2937/5044/127 2967/5047/127 2966/5045/127
f 2937/5044/128 2945/4962/128 2968/5046/128
f 2942/4963/129 2969/5090/129 2968/5046/129
f 2940/5048/130 2966/11044/130 2969/5049/130
f 2940/4979/127 2971/5053/127 2970/5051/127
f 2940/4979/128 2942/4963/128 2972/5052/128
f 2941/4965/129 2973/5092/129 2972/5052/129
f 2932/5054/136 2970/11045/136 2973/5055/136
f 2935/5036/127 2975/5059/127 2974/5057/127
f 2935/5036/128 2943/4960/128 2976/5058/128
f 2943/4960/129 2945/4962/129 2977/5060/129
f 2937/5061/130 2974/11046/130 2977/5062/130
f 2986/5064/132 2978/5071/132 2982/5065/132
f 2985/5066/132 2982/5065/132 2981/5067/132
f 2984/5068/132 2981/5067/132 2980/5069/132
f 2983/5070/132 2979/11047/132 2978/5071/132
f 2935/5036/1 2984/5072/1 2987/233/1
f 2937/5044/1 2985/5073/1 2984/5072/1
f 2940/4979/1 2986/4978/1 2985/5073/1
f 2979/4274/133 2990/4143/133 2988/5074/133
f 2981/5076/133 2991/5078/133 2989/4145/133
f 2982/5077/133 2992/5079/133 2991/5078/133
f 2978/5075/133 2988/5074/133 2992/5079/133
f 2988/4982/1 2939/4981/1 2938/5016/1
f 2947/5008/1 2994/4957/1 2993/4959/1
f 2948/5011/1 2995/5080/1 2994/4957/1
f 2948/5011/1 2949/5081/1 2996/4958/1
f 2946/5009/1 2993/4959/1 2996/4958/1
f 2951/5017/1 2998/4971/1 2997/4973/1
f 2952/5018/1 2999/5083/1 2998/4971/1
f 2953/5082/1 3000/4972/1 2999/5083/1
f 2950/5015/1 2997/4973/1 3000/4972/1
f 2954/5022/1 2955/5023/1 3002/4974/1
f 2956/5025/1 3003/5084/1 3002/4974/1
f 2957/5024/1 3004/4975/1 3003/5084/1
f 2954/5022/1 3001/4976/1 3004/4975/1
f 2959/5030/1 3006/4988/1 3005/4990/1
f 2960/5032/1 3007/5085/1 3006/4988/1
f 2960/5032/1 2961/5086/1 3008/4989/1
f 2958/5029/1 3005/4990/1 3008/4989/1
f 2963/5037/1 3010/4996/1 3009/4998/1
f 2963/5037/1 2964/5040/1 3011/5087/1
f 2964/5040/1 2965/5088/1 3012/4997/1
f 2962/5038/1 3009/4998/1 3012/4997/1
f 2967/5047/1 3014/4999/1 3013/5001/1
f 2967/5047/1 2968/5046/1 3015/5089/1
f 2969/5090/1 3016/5000/1 3015/5089/1
f 2966/5045/1 3013/5001/1 3016/5000/1
f 2971/5053/1 3018/5002/1 3017/5004/1
f 2971/5053/1 2972/5052/1 3019/5091/1
f 2972/5052/1 2973/5092/1 3020/5003/1
f 2970/5051/1 3017/5004/1 3020/5003/1
f 2974/5057/1 2975/5059/1 3022/5005/1
f 2975/5059/1 2976/5058/1 3023/5093/1
f 2977/5060/1 3024/5006/1 3023/5093/1
f 2974/5057/1 3021/5007/1 3024/5006/1
f 2907/5094/1 2906/5098/1 3026/5095/1
f 2905/5097/1 3027/5100/1 3026/5095/1
f 2904/5099/1 3028/5101/1 3027/5100/1
f 2907/5094/1 3025/5096/1 3028/5101/1
f 3032/3822/3 3036/11048/3 3035/5102/3
f 3031/5104/4 3035/11049/4 3034/5105/4
f 3033/5107/2 3034/5114/2 3038/5108/2
f 3036/5110/2 3040/5113/2 3039/5111/2
f 3036/5110/2 3033/5107/2 3037/5109/2
f 3035/5112/2 3039/5111/2 3038/5108/2
f 3029/5115/15 3033/11050/15 3036/5116/15
f 3030/5118/1 3034/11051/1 3033/5119/1
f 3119/5120/2 3120/5226/2 3121/5121/2
f 3068/5123/2 3049/5134/2 3048/5124/2
f 3067/5126/2 3047/5132/2 3041/5127/2
f 3052/5129/2 3054/5158/2 3055/5130/2
f 3070/5125/2 3048/5124/2 3047/5132/2
f 3069/5133/2 3042/11052/2 3049/5134/2
f 3123/5135/2 3124/5227/2 3125/5136/2
f 3127/5138/2 3128/5228/2 3129/5139/2
f 3057/5141/2 3108/2456/2 3111/5142/2
f 3115/5144/2 3056/5191/2 3064/5145/2
f 3116/5147/2 3061/5151/2 3059/5148/2
f 3117/5150/2 3063/5179/2 3061/5151/2
f 3131/5152/2 3132/5229/2 3133/5153/2
f 3050/5155/2 3053/5160/2 3045/5156/2
f 3051/5157/2 3045/5156/2 3054/5158/2
f 3043/5159/2 3046/5173/2 3053/5160/2
f 3135/5161/2 3136/5230/2 3137/5162/2
f 3139/5164/2 3140/5231/2 3141/5165/2
f 3143/5167/2 3144/5232/2 3145/5168/2
f 3147/5170/2 3148/5233/2 3149/5171/2
f 3046/5173/140 3072/5175/140 3071/5174/141
f 3059/5148/142 3073/5176/142 3072/5175/142
f 3061/5151/143 3074/5177/143 3073/5176/143
f 3053/5160/144 3071/5174/144 3074/5177/144
f 3045/5156/141 3076/5180/141 3075/5178/141
f 3063/5179/142 3077/5182/142 3076/5180/142
f 3063/5179/143 3064/5145/145 3078/5181/143
f 3054/5158/144 3075/5178/144 3078/5181/144
f 3045/5156/140 3053/5160/141 3080/5183/141
f 3061/5151/142 3081/5185/142 3080/5183/142
f 3063/5179/145 3082/5186/145 3081/5185/143
f 3045/5156/144 3079/5184/144 3082/5186/144
f 3054/5158/140 3084/5188/140 3083/5187/141
f 3064/5145/142 3085/5190/142 3084/5188/142
f 3064/5145/145 3056/5191/143 3086/5189/143
f 3055/5130/144 3083/5187/144 3086/5189/144
f 3058/5192/140 3088/5196/140 3087/5193/140
f 3058/5192/142 3069/5133/142 3089/5195/142
f 3068/5123/143 3090/5197/143 3089/5195/143
f 3060/5194/144 3087/5193/144 3090/5197/144
f 3062/5198/140 3092/5201/140 3091/5199/140
f 3062/5198/142 3070/5125/142 3093/5200/142
f 3070/5125/143 3067/5126/145 3094/5202/145
f 3065/5143/144 3091/5199/144 3094/5202/144
f 3065/5143/140 3096/5205/140 3095/5203/140
f 3065/5143/142 3067/5126/142 3097/5204/142
f 3067/5126/145 3066/5128/143 3098/5206/143
f 3057/5141/144 3095/5203/144 3098/5206/144
f 3062/5198/140 3060/5194/140 3100/5207/140
f 3060/5194/142 3068/5123/142 3101/5209/142
f 3070/5125/145 3102/5210/145 3101/5209/143
f 3062/5198/144 3099/5208/144 3102/5210/144
f 3111/5211/146 3103/5219/146 3107/5212/146
f 3110/5213/146 3107/5212/146 3106/5214/146
f 3109/5215/146 3106/5214/146 3105/5216/146
f 3108/5218/146 3104/11053/146 3103/5219/146
f 3060/5194/2 3109/5220/2 3112/310/2
f 3062/5198/2 3110/5221/2 3109/5220/2
f 3065/5143/2 3111/5142/2 3110/5221/2
f 3104/5222/147 3115/5144/147 3113/5146/147
f 3106/5224/147 3116/5147/147 3114/5149/147
f 3107/5225/147 3117/5150/147 3116/5147/147
f 3103/5223/147 3113/5146/147 3117/5150/147
f 3113/5146/2 3064/5145/2 3063/5179/2
f 3072/5175/2 3119/5120/2 3118/5122/2
f 3073/5176/2 3120/5226/2 3119/5120/2
f 3074/5177/2 3121/5121/2 3120/5226/2
f 3074/5177/2 3071/5174/2 3118/5122/2
f 3076/5180/2 3123/5135/2 3122/5137/2
f 3077/5182/2 3124/5227/2 3123/5135/2
f 3078/5181/2 3125/5136/2 3124/5227/2
f 3078/5181/2 3075/5178/2 3122/5137/2
f 3080/5183/2 3127/5138/2 3126/5140/2
f 3081/5185/2 3128/5228/2 3127/5138/2
f 3081/5185/2 3082/5186/2 3129/5139/2
f 3082/5186/2 3079/5184/2 3126/5140/2
f 3083/5187/2 3084/5188/2 3131/5152/2
f 3085/5190/2 3132/5229/2 3131/5152/2
f 3086/5189/2 3133/5153/2 3132/5229/2
f 3086/5189/2 3083/5187/2 3130/5154/2
f 3088/5196/2 3135/5161/2 3134/5163/2
f 3089/5195/2 3136/5230/2 3135/5161/2
f 3090/5197/2 3137/5162/2 3136/5230/2
f 3090/5197/2 3087/5193/2 3134/5163/2
f 3092/5201/2 3139/5164/2 3138/5166/2
f 3093/5200/2 3140/5231/2 3139/5164/2
f 3094/5202/2 3141/5165/2 3140/5231/2
f 3094/5202/2 3091/5199/2 3138/5166/2
f 3095/5203/2 3096/5205/2 3143/5167/2
f 3097/5204/2 3144/5232/2 3143/5167/2
f 3098/5206/2 3145/5168/2 3144/5232/2
f 3098/5206/2 3095/5203/2 3142/5169/2
f 3100/5207/2 3147/5170/2 3146/5172/2
f 3101/5209/2 3148/5233/2 3147/5170/2
f 3101/5209/2 3102/5210/2 3149/5171/2
f 3102/5210/2 3099/5208/2 3146/5172/2
f 3031/3802/2 3151/5236/2 3150/5234/2
f 3031/3802/2 3030/352/2 3152/5235/2
f 3029/5237/2 3153/5238/2 3152/5235/2
f 3032/3804/2 3150/5234/2 3153/5238/2
f 3156/5239/8 3155/11054/8 3154/5240/8
f 3157/5242/1 3161/6497/1 3160/5243/1
f 3156/5245/4 3160/11055/4 3159/5246/4
f 3159/5248/8 3163/210/8 3162/5249/8
f 3160/5251/8 3161/5253/8 3165/5252/8
f 3158/5250/8 3162/5249/8 3165/5252/8
f 3160/5251/8 3164/3678/8 3163/210/8
f 3154/5254/15 3158/11056/15 3161/5255/15
f 3155/5257/3 3159/11057/3 3158/5258/3
f 3167/5260/148 3278/11058/148 3277/5261/148
f 3229/5263/149 3279/11059/149 3278/5264/149
f 3229/5266/150 3189/11060/151 3277/5267/151
f 3186/5269/152 3281/11061/152 3280/5270/152
f 3229/5272/151 3282/11062/151 3281/5273/151
f 3229/5275/153 3167/11063/153 3280/5276/153
f 3228/5278/149 3275/11064/154 3284/5279/154
f 3216/5281/151 3285/11065/151 3284/5282/151
f 3216/5284/153 3276/11066/153 3286/5285/153
f 3228/5287/158 3283/11067/158 3286/5288/158
f 3186/5290/149 3274/11068/149 3288/5291/149
f 3228/5293/151 3289/11069/151 3288/5294/151
f 3228/5296/153 3229/11070/153 3290/5297/153
f 3186/5299/158 3287/11071/158 3290/5300/158
f 3190/5302/152 3292/11072/152 3291/5303/152
f 3230/5305/151 3293/11073/151 3292/5306/151
f 3230/5308/153 3170/11074/153 3291/5309/153
f 3227/5311/149 3272/11075/154 3295/5312/154
f 3214/5314/151 3296/11076/151 3295/5315/151
f 3214/5317/153 3273/6575/157 3297/5318/157
f 3227/5320/158 3294/11077/158 3297/5321/158
f 3190/5323/149 3271/11078/154 3299/5324/154
f 3227/5326/151 3300/11079/151 3299/5327/151
f 3227/5329/153 3230/7448/157 3301/5330/157
f 3190/5332/158 3298/11080/158 3301/5333/158
f 3191/5335/152 3303/11081/152 3302/5336/152
f 3231/5338/151 3304/11082/151 3303/5339/151
f 3231/5341/153 3171/11083/153 3302/5342/153
f 3226/5344/149 3269/11084/149 3306/5345/149
f 3212/5347/151 3307/11085/151 3306/5348/151
f 3212/5350/153 3270/11086/157 3308/5351/157
f 3226/5353/158 3305/11087/158 3308/5354/158
f 3191/5356/149 3268/11088/149 3310/5357/149
f 3226/5359/151 3311/11089/151 3310/5360/151
f 3226/5362/153 3231/11090/157 3312/5363/157
f 3191/5365/158 3309/11091/158 3312/5366/158
f 3192/5368/152 3314/11092/152 3313/5369/152
f 3232/5371/151 3315/11093/151 3314/5372/151
f 3232/5374/153 3172/11094/153 3313/5375/153
f 3225/5377/149 3266/11095/154 3317/5378/154
f 3210/5380/151 3318/11096/151 3317/5381/151
f 3210/5383/153 3267/11097/157 3319/5384/157
f 3225/5386/158 3316/11098/158 3319/5387/158
f 3192/5389/149 3265/11099/154 3321/5390/154
f 3225/5392/151 3322/11100/151 3321/5393/151
f 3225/5395/153 3232/11101/157 3323/5396/157
f 3192/5398/158 3320/11102/158 3323/5399/158
f 3224/5401/154 3263/11103/154 3325/5402/154
f 3194/5404/150 3326/11104/150 3325/5405/150
f 3194/5407/157 3264/11105/157 3327/5408/157
f 3224/5410/155 3324/11106/155 3327/5411/155
f 3209/5413/149 3262/11107/154 3329/5414/154
f 3224/5416/151 3330/11108/151 3329/5417/151
f 3224/5419/153 3233/11109/157 3331/5420/157
f 3209/5422/158 3328/11110/158 3331/5423/158
f 3223/5425/149 3260/11111/154 3333/5426/154
f 3209/5428/151 3334/11112/151 3333/5429/151
f 3209/5431/153 3261/11113/157 3335/5432/157
f 3223/5434/158 3332/11114/158 3335/5435/158
f 3210/5437/149 3259/11115/154 3337/5438/154
f 3223/5440/151 3338/11116/151 3337/5441/151
f 3223/5443/153 3234/11117/157 3339/5444/157
f 3210/5446/158 3336/11118/158 3339/5447/158
f 3222/5449/154 3257/11119/149 3341/5450/149
f 3195/5452/150 3342/11120/150 3341/5453/150
f 3195/5455/157 3258/11121/157 3343/5456/157
f 3222/5458/155 3340/11122/155 3343/5459/155
f 3211/5461/149 3256/11123/149 3345/5462/149
f 3222/5464/151 3346/11124/151 3345/5465/151
f 3222/5467/153 3235/11125/157 3347/5468/157
f 3211/5470/158 3344/11126/158 3347/5471/158
f 3221/5473/149 3254/11127/149 3349/5474/149
f 3211/5476/151 3350/11128/151 3349/5477/151
f 3211/5479/153 3255/11129/157 3351/5480/157
f 3221/5482/158 3348/11130/158 3351/5483/158
f 3212/5485/149 3253/11131/149 3353/5486/149
f 3221/5488/151 3354/11132/151 3353/5489/151
f 3221/5491/153 3236/11133/157 3355/5492/157
f 3212/5494/158 3352/11134/158 3355/5495/158
f 3220/5497/154 3251/11135/154 3357/5498/154
f 3187/5500/150 3358/11136/150 3357/5501/150
f 3187/5503/157 3252/11137/157 3359/5504/157
f 3220/5506/155 3356/11138/155 3359/5507/155
f 3213/5509/149 3250/11139/154 3361/5510/154
f 3220/5512/151 3362/11140/151 3361/5513/151
f 3220/5515/153 3237/11141/157 3363/5516/157
f 3213/5518/158 3360/11142/158 3363/5519/158
f 3219/5521/149 3248/11143/154 3365/5522/154
f 3213/5524/151 3366/11144/151 3365/5525/151
f 3213/5527/153 3249/11145/157 3367/5528/157
f 3219/5530/158 3364/11146/158 3367/5531/158
f 3214/5533/149 3247/11147/154 3369/5534/154
f 3219/5536/151 3370/11148/151 3369/5537/151
f 3219/5539/153 3238/11149/157 3371/5540/157
f 3214/5542/158 3368/11150/158 3371/5543/158
f 3178/5545/148 3373/11151/148 3372/5546/148
f 3239/5548/154 3374/11152/154 3373/5549/154
f 3239/5551/151 3201/11153/151 3372/5552/151
f 3218/5554/154 3245/11154/154 3376/5555/154
f 3193/5557/150 3377/11155/150 3376/5558/150
f 3193/5560/157 3246/11156/153 3378/5561/153
f 3218/5563/155 3375/11157/155 3378/5564/155
f 3215/5566/149 3244/11158/154 3380/5567/154
f 3218/5569/151 3381/11159/151 3380/5570/151
f 3218/5572/153 3239/11160/153 3382/5573/153
f 3215/5575/158 3379/11161/158 3382/5576/158
f 3179/5578/148 3384/11162/148 3383/5579/148
f 3240/5581/149 3385/11163/149 3384/5582/149
f 3240/5584/150 3202/11164/151 3383/5585/151
f 3217/5587/149 3242/11165/149 3387/5588/149
f 3215/5590/151 3388/11166/151 3387/5591/151
f 3215/5593/153 3243/11167/153 3389/5594/153
f 3217/5596/158 3386/11168/158 3389/5597/158
f 3243/5599/151 3391/11169/151 3390/5600/151
f 3243/5602/153 3202/11170/157 3392/5603/157
f 3240/5605/158 3393/11171/158 3392/5606/158
f 3240/5608/149 3217/11172/154 3390/5609/154
f 3262/5611/151 3395/11173/151 3394/5612/151
f 3262/5614/153 3209/7683/157 3396/5615/157
f 3260/5617/158 3397/11174/158 3396/5618/158
f 3260/5620/149 3182/11175/149 3394/5621/149
f 3241/5623/151 3399/11176/151 3398/5624/151
f 3241/5626/153 3216/11177/157 3400/5627/157
f 3275/5629/158 3401/11178/158 3400/5630/158
f 3275/5632/149 3185/11179/149 3398/5633/149
f 3233/5635/151 3403/11180/151 3402/5636/151
f 3233/5638/153 3184/11181/153 3404/5639/153
f 3261/5641/158 3405/11182/158 3404/5642/158
f 3261/5644/149 3209/11183/154 3402/5645/154
f 3240/5647/151 3407/11184/151 3406/5648/151
f 3240/5650/153 3179/11185/157 3408/5651/157
f 3276/5653/158 3409/11186/158 3408/5654/158
f 3276/5656/149 3216/11187/154 3406/5657/154
f 3202/5659/148 3411/11188/148 3410/5660/148
f 3243/5662/149 3412/11189/149 3411/5663/149
f 3243/5665/150 3178/11190/151 3410/5666/151
f 3242/5668/151 3414/11191/151 3413/5669/151
f 3242/5671/153 3217/7711/157 3415/5672/157
f 3241/5674/158 3416/11192/158 3415/5675/158
f 3241/5677/149 3208/11193/149 3413/5678/149
f 3246/5680/150 3418/11194/150 3417/5681/150
f 3246/5683/157 3201/11195/157 3419/5684/157
f 3239/5686/158 3420/11196/158 3419/5687/158
f 3239/5689/149 3218/11197/154 3417/5690/154
f 3185/5692/149 3234/11198/154 3422/5693/154
f 3208/5695/151 3423/11199/151 3422/5696/151
f 3208/5698/153 3241/11200/157 3424/5699/157
f 3185/5701/158 3421/11201/158 3424/5702/158
f 3193/5704/160 3426/11202/160 3425/5705/160
f 3245/5707/155 3427/11203/155 3426/5708/155
f 3245/5710/154 3173/11204/154 3425/5711/154
f 3208/5713/149 3261/11205/154 3429/5714/149
f 3184/5716/151 3430/11206/151 3429/5717/151
f 3184/5719/153 3242/11207/157 3431/5720/157
f 3208/5722/158 3428/11208/158 3431/5723/158
f 3168/5725/160 3433/11209/160 3432/5726/160
f 3246/5728/155 3434/11210/155 3433/5729/155
f 3246/5731/154 3193/11211/154 3432/5732/154
f 3201/5734/148 3436/11212/148 3435/5735/148
f 3246/5737/154 3437/11213/154 3436/5738/154
f 3246/5740/151 3168/11214/151 3435/5741/151
f 3245/5743/150 3439/11215/150 3438/5744/150
f 3245/5746/157 3218/11216/157 3440/5747/157
f 3244/5749/158 3441/11217/158 3440/5750/158
f 3244/5752/149 3207/11218/149 3438/5753/149
f 3249/5755/151 3443/11219/151 3442/5756/151
f 3249/5758/153 3204/11220/157 3444/5759/157
f 3238/5761/158 3445/11221/158 3444/5762/158
f 3238/5764/149 3219/11222/149 3442/5765/149
f 3176/5767/161 3200/11223/161 3447/5768/161
f 3247/5770/157 3448/11224/334 3447/5771/157
f 3247/5773/162 3176/11225/158 3446/5774/158
f 3247/5776/151 3450/11226/151 3449/5777/151
f 3247/5779/153 3214/11227/153 3451/5780/153
f 3272/5782/158 3452/11228/158 3451/5783/158
f 3272/5785/149 3176/11229/164 3449/5786/164
f 3200/5788/161 3177/11230/161 3454/5789/161
f 3248/5791/157 3455/11231/157 3454/5792/157
f 3248/5794/158 3200/11232/158 3453/5795/158
f 3238/5797/151 3457/11233/151 3456/5798/151
f 3238/5800/153 3181/11234/157 3458/5801/157
f 3273/5803/158 3459/11235/158 3458/5804/158
f 3273/5806/149 3214/11236/149 3456/5807/149
f 3248/5809/151 3461/11237/151 3460/5810/335
f 3248/5812/153 3219/11238/153 3462/5813/153
f 3247/5815/158 3463/11239/158 3462/5816/158
f 3247/5818/149 3200/11240/154 3460/5819/154
f 3252/5821/150 3465/11241/150 3464/5822/150
f 3252/5824/157 3203/11242/157 3466/5825/157
f 3237/5827/158 3467/11243/158 3466/5828/158
f 3237/5830/149 3220/11244/149 3464/5831/149
f 3188/5833/161 3469/11245/161 3468/5834/161
f 3250/5836/157 3470/11246/157 3469/5837/157
f 3250/5839/158 3177/11247/155 3468/5840/155
f 3187/5842/160 3472/11248/160 3471/5843/160
f 3251/5845/155 3473/11249/155 3472/5846/155
f 3251/5848/154 3169/11250/154 3471/5849/154
f 3169/5851/161 3475/11251/161 3474/5852/161
f 3251/5854/157 3476/11252/157 3475/5855/157
f 3251/5857/158 3188/11253/155 3474/5858/155
f 3175/5860/160 3478/11254/160 3477/5861/160
f 3252/5863/155 3479/11255/155 3478/5864/155
f 3252/5866/154 3187/11256/154 3477/5867/154
f 3251/5869/336 3481/11257/336 3480/5870/336
f 3251/5872/157 3220/11258/153 3482/5873/153
f 3250/5875/158 3483/11259/158 3482/5876/158
f 3250/5878/149 3188/11260/164 3480/5879/164
f 3255/5881/151 3485/11261/151 3484/5882/151
f 3255/5884/153 3206/11262/153 3486/5885/153
f 3236/5887/158 3487/11263/158 3486/5888/158
f 3236/5890/149 3221/11264/149 3484/5891/149
f 3182/5893/149 3235/11265/154 3489/5894/154
f 3205/5896/151 3490/11266/151 3489/5897/151
f 3205/5899/153 3262/11267/153 3491/5900/153
f 3182/5902/158 3488/11268/158 3491/5903/158
f 3253/5905/151 3493/11269/151 3492/5906/151
f 3253/5908/153 3212/11270/153 3494/5909/153
f 3269/5911/158 3495/11271/158 3494/5912/158
f 3269/5914/149 3181/11272/154 3492/5915/154
f 3205/5917/154 3258/11273/154 3497/5918/154
f 3174/5920/150 3498/11274/150 3497/5921/150
f 3174/5923/157 3263/11275/153 3499/5924/153
f 3205/5926/155 3496/11276/155 3499/5927/155
f 3236/5929/151 3501/11277/151 3500/5930/151
f 3236/5932/153 3183/11278/153 3502/5933/153
f 3270/5935/158 3503/11279/158 3502/5936/158
f 3270/5938/149 3212/11280/149 3500/5939/149
f 3254/5941/151 3505/11281/151 3504/5942/151
f 3254/5944/153 3221/11282/153 3506/5945/153
f 3253/5947/158 3507/11283/158 3506/5948/158
f 3253/5950/149 3204/11284/154 3504/5951/154
f 3258/5953/150 3509/11285/150 3508/5954/150
f 3258/5956/157 3205/11286/153 3510/5957/153
f 3235/5959/158 3511/11287/158 3510/5960/158
f 3235/5962/149 3222/6666/149 3508/5963/149
f 3181/5965/149 3238/11288/154 3513/5966/154
f 3204/5968/151 3514/11289/151 3513/5969/151
f 3204/5971/153 3253/11290/153 3515/5972/153
f 3181/5974/158 3512/11291/158 3515/5975/158
f 3195/5977/337 3517/11292/337 3516/5978/160
f 3257/5980/155 3518/11293/155 3517/5981/155
f 3257/5983/154 3175/11294/154 3516/5984/154
f 3204/5986/149 3249/11295/154 3520/5987/154
f 3180/5989/151 3521/11296/151 3520/5990/151
f 3180/5992/153 3254/11297/153 3522/5993/153
f 3204/5995/158 3519/11298/158 3522/5996/158
f 3174/5998/160 3524/11299/160 3523/5999/160
f 3258/6001/155 3525/11300/155 3524/6002/155
f 3258/6004/154 3195/11301/154 3523/6005/154
f 3257/6007/150 3527/11302/150 3526/6008/150
f 3257/6010/157 3222/11303/153 3528/6011/153
f 3256/6013/158 3529/11304/158 3528/6014/158
f 3256/6016/149 3203/11305/154 3526/6017/154
f 3261/6019/151 3531/11306/151 3530/6020/151
f 3261/6022/153 3208/11307/153 3532/6023/153
f 3234/6025/158 3533/11308/158 3532/6026/158
f 3234/6028/149 3223/11309/154 3530/6029/154
f 3184/6031/149 3233/11310/154 3535/6032/154
f 3207/6034/151 3536/11311/151 3535/6035/151
f 3207/6037/153 3244/11312/157 3537/6038/157
f 3184/6040/158 3534/11313/158 3537/6041/158
f 3259/6043/151 3539/11314/151 3538/6044/151
f 3259/6046/153 3210/11315/157 3540/6047/157
f 3266/6049/158 3541/11316/158 3540/6050/158
f 3266/6052/149 3183/11317/149 3538/6053/149
f 3207/6055/154 3264/11318/154 3543/6056/154
f 3173/6058/150 3544/11319/150 3543/6059/150
f 3173/6061/157 3245/11320/157 3545/6062/157
f 3207/6064/155 3542/11321/155 3545/6065/155
f 3234/6067/151 3547/11322/151 3546/6068/151
f 3234/6070/153 3185/11323/153 3548/6071/153
f 3267/6073/158 3549/11324/158 3548/6074/158
f 3267/6076/149 3210/11325/154 3546/6077/154
f 3260/6079/151 3551/11326/151 3550/6080/151
f 3260/6082/153 3223/11327/157 3552/6083/157
f 3259/6085/158 3553/11328/158 3552/6086/158
f 3259/6088/149 3206/11329/149 3550/6089/149
f 3264/6091/336 3555/11330/336 3554/6092/336
f 3264/6094/157 3207/11331/153 3556/6095/153
f 3233/6097/158 3557/11332/158 3556/6098/158
f 3233/6100/149 3224/11333/154 3554/6101/154
f 3183/6103/149 3236/11334/154 3559/6104/154
f 3206/6106/151 3560/11335/151 3559/6107/151
f 3206/6109/153 3259/11336/153 3561/6110/153
f 3183/6112/158 3558/11337/158 3561/6113/158
f 3194/6115/160 3563/11338/160 3562/6116/160
f 3263/6118/155 3564/11339/155 3563/6119/155
f 3263/6121/154 3174/11340/154 3562/6122/154
f 3206/6124/149 3255/11341/154 3566/6125/154
f 3182/6127/151 3567/11342/151 3566/6128/151
f 3182/6130/153 3260/11343/153 3568/6131/153
f 3206/6133/338 3565/11344/338 3568/6134/338
f 3173/6136/160 3570/6523/160 3569/6137/160
f 3264/6139/155 3571/11345/155 3570/6140/155
f 3264/6142/154 3194/11346/154 3569/6143/154
f 3263/6145/150 3573/11347/150 3572/6146/150
f 3263/6148/157 3224/11348/157 3574/6149/157
f 3262/6151/158 3575/11349/158 3574/6152/158
f 3262/6154/149 3205/11350/149 3572/6155/149
f 3267/6157/151 3577/11351/151 3576/6158/151
f 3267/6160/153 3198/11352/153 3578/6161/153
f 3232/6163/158 3579/11353/158 3578/6164/158
f 3232/6166/149 3225/11354/154 3576/6167/154
f 3171/6169/152 3581/11355/152 3580/6170/152
f 3265/6172/151 3582/11356/151 3581/6173/151
f 3265/6175/153 3192/11357/153 3580/6176/153
f 3172/6178/149 3232/11358/154 3584/6179/154
f 3198/6181/151 3585/11359/151 3584/6182/151
f 3198/6184/153 3274/11360/157 3586/6185/157
f 3172/6187/158 3583/11361/158 3586/6188/158
f 3256/6190/151 3588/11362/151 3587/6191/151
f 3256/6193/153 3211/11363/153 3589/6194/153
f 3254/6196/338 3590/11364/338 3589/6197/338
f 3254/6199/149 3180/11365/154 3587/6200/154
f 3198/6202/149 3267/11366/154 3592/6203/154
f 3185/6205/151 3593/11367/151 3592/6206/151
f 3185/6208/153 3275/11368/157 3594/6209/157
f 3198/6211/158 3591/11369/158 3594/6212/158
f 3235/6214/151 3596/11370/151 3595/6215/151
f 3235/6217/153 3182/11371/153 3597/6218/153
f 3255/6220/158 3598/11372/158 3597/6221/158
f 3255/6223/149 3211/11373/149 3595/6224/149
f 3266/6226/151 3600/11374/151 3599/6227/151
f 3266/6229/153 3225/11375/157 3601/6230/157
f 3265/6232/158 3602/11376/158 3601/6233/158
f 3265/6235/149 3197/11377/149 3599/6236/149
f 3270/6238/151 3604/11378/151 3603/6239/151
f 3270/6241/153 3197/11379/153 3605/6242/153
f 3231/6244/158 3606/11380/158 3605/6245/158
f 3231/6247/149 3226/11381/149 3603/6248/149
f 3170/6250/152 3608/11382/152 3607/6251/152
f 3268/6253/151 3609/11383/151 3608/6254/151
f 3268/6256/153 3191/11384/153 3607/6257/153
f 3171/6259/149 3231/11385/154 3611/6260/154
f 3197/6262/151 3612/11386/151 3611/6263/151
f 3197/6265/153 3265/11387/153 3613/6266/153
f 3171/6268/158 3610/11388/158 3613/6269/158
f 3250/6271/151 3615/11389/151 3614/6272/151
f 3250/6274/153 3213/11390/153 3616/6275/153
f 3248/6277/158 3617/11391/158 3616/6278/158
f 3248/6280/149 3177/11392/154 3614/6281/154
f 3197/6283/149 3270/11393/154 3619/6284/154
f 3183/6286/151 3620/11394/151 3619/6287/151
f 3183/6289/153 3266/11395/153 3621/6290/153
f 3197/6292/338 3618/11396/338 3621/6293/338
f 3237/6295/151 3623/11397/151 3622/6296/151
f 3237/6298/153 3180/11398/157 3624/6299/157
f 3249/6301/158 3625/11399/158 3624/6302/158
f 3249/6304/149 3213/11400/149 3622/6305/149
f 3269/6307/151 3627/11401/151 3626/6308/151
f 3269/6310/153 3226/11402/153 3628/6311/153
f 3268/6313/158 3629/11403/158 3628/6314/158
f 3268/6316/149 3196/11404/154 3626/6317/154
f 3273/6319/151 3631/11405/151 3630/6320/151
f 3273/6322/153 3196/11406/157 3632/6323/157
f 3230/6325/158 3633/11407/158 3632/6326/158
f 3230/6328/149 3227/11408/149 3630/6329/149
f 3166/6331/152 3635/11409/152 3634/6332/152
f 3271/6334/151 3636/11410/151 3635/6335/151
f 3271/6337/153 3190/11411/153 3634/6338/153
f 3166/6340/161 3199/11412/161 3638/6341/161
f 3271/6343/157 3639/11413/339 3638/6344/157
f 3271/6346/158 3166/11414/158 3637/6347/158
f 3244/6349/151 3641/11415/151 3640/6350/151
f 3244/6352/153 3215/11416/157 3642/6353/157
f 3242/6355/158 3643/11417/158 3642/6356/158
f 3242/6358/149 3184/11418/149 3640/6359/149
f 3199/5659/161 3176/5661/161 3645/6361/161
f 3272/5412/157 3646/11419/157 3645/6363/157
f 3272/6365/162 3199/11420/158 3644/6366/158
f 3239/6368/151 3648/11421/151 3647/6369/151
f 3239/6371/153 3178/11422/157 3649/6372/157
f 3243/6374/158 3650/11423/158 3649/6375/158
f 3243/6377/149 3215/11424/154 3647/6378/154
f 3272/6380/151 3652/11425/151 3651/6381/151
f 3272/6383/153 3227/11426/153 3653/6384/153
f 3271/6386/158 3654/11427/158 3653/6387/158
f 3271/6389/149 3199/11428/154 3651/6390/154
f 3276/6392/151 3656/11429/151 3655/6393/151
f 3276/6395/153 3189/11430/157 3657/6396/157
f 3229/6398/158 3658/11431/158 3657/6399/158
f 3229/6401/149 3228/11432/154 3655/6402/154
f 3172/6404/152 3660/11433/152 3659/6405/152
f 3274/6407/151 3661/11434/151 3660/6408/151
f 3274/6410/153 3186/11435/153 3659/6411/153
f 3180/6413/149 3237/11436/154 3663/6414/154
f 3203/6416/151 3664/11437/151 3663/6417/151
f 3203/6419/153 3256/11438/153 3665/6420/153
f 3180/6422/158 3662/11439/158 3665/6423/158
f 3196/6425/149 3273/11440/154 3667/6426/154
f 3181/6428/151 3668/11441/151 3667/6429/151
f 3181/6431/153 3269/11442/153 3669/6432/153
f 3196/6434/158 3666/11443/158 3669/6435/158
f 3203/6437/154 3252/11444/154 3671/6438/154
f 3175/6440/150 3672/11445/150 3671/6441/150
f 3175/6443/157 3257/11446/153 3673/6444/153
f 3203/6446/155 3670/11447/155 3673/6447/155
f 3216/6449/149 3241/11448/149 3675/6450/149
f 3217/6452/151 3676/11449/151 3675/6453/151
f 3217/6455/153 3240/6553/153 3677/6456/153
f 3216/6458/158 3674/11450/158 3677/6459/158
f 3189/6461/148 3679/11451/148 3678/6462/148
f 3276/6464/164 3680/11452/164 3679/6465/164
f 3276/6467/151 3179/11453/151 3678/6468/151
f 3275/6470/151 3682/11454/151 3681/6471/151
f 3275/6473/153 3228/11455/157 3683/6474/157
f 3274/6476/158 3684/11456/158 3683/6477/158
f 3274/6479/149 3198/11457/149 3681/6480/149
f 3170/6482/149 3230/11458/154 3686/6483/154
f 3196/6485/151 3687/11459/151 3686/6486/151
f 3196/6488/153 3268/11460/153 3688/6489/153
f 3170/6491/158 3685/11461/158 3688/6492/158
f 3691/6494/2 3690/4798/2 3689/6495/2
f 3692/6496/3 3696/11462/3 3695/6497/3
f 3691/6499/4 3695/11463/4 3694/6500/4
f 3694/6502/2 3698/6508/2 3697/6503/2
f 3695/6505/2 3696/6507/2 3700/6506/2
f 3693/6504/2 3697/6503/2 3700/6506/2
f 3695/6505/2 3699/5113/2 3698/6508/2
f 3689/6509/15 3693/11464/15 3696/6510/15
f 3690/6512/1 3694/11465/1 3693/5244/1
f 3702/6513/165 3813/11466/165 3812/6514/165
f 3764/6516/172 3814/11467/172 3813/6517/172
f 3764/6519/167 3724/11468/168 3812/6520/168
f 3721/6522/340 3816/11469/340 3815/6523/340
f 3764/6525/167 3817/11470/167 3816/6526/167
f 3764/6528/170 3702/11471/341 3815/6529/171
f 3763/6531/166 3810/11472/172 3819/6532/172
f 3751/6534/167 3820/11473/167 3819/6535/167
f 3751/6537/173 3811/11474/171 3821/6538/171
f 3763/6540/174 3818/11475/174 3821/6541/174
f 3721/6543/166 3809/11476/179 3823/6544/172
f 3763/6546/168 3824/11477/168 3823/6547/342
f 3763/6549/171 3764/11478/171 3825/6550/171
f 3721/6455/174 3822/11479/174 3825/6552/174
f 3725/6554/169 3827/11480/169 3826/6555/169
f 3765/6557/176 3828/11481/176 3827/6558/176
f 3765/6560/173 3705/11482/171 3826/6561/171
f 3762/6563/166 3807/11483/166 3830/6564/166
f 3749/6566/167 3831/11484/167 3830/6567/167
f 3749/6569/173 3808/11485/173 3832/6570/173
f 3762/6572/174 3829/11486/174 3832/6573/174
f 3725/6575/166 3806/5317/166 3834/6576/166
f 3762/6578/168 3835/11487/168 3834/6579/168
f 3762/6581/171 3765/11488/173 3836/6582/173
f 3725/6584/174 3833/6490/174 3836/6489/174
f 3726/6586/340 3838/11489/340 3837/6587/340
f 3766/6589/167 3839/11490/167 3838/6590/167
f 3766/6592/173 3706/11491/171 3837/6593/171
f 3761/6595/166 3804/11492/179 3841/6596/179
f 3747/6598/167 3842/11493/167 3841/6599/167
f 3747/6601/173 3805/11494/171 3843/6602/171
f 3761/6604/174 3840/11495/174 3843/6605/174
f 3726/6607/166 3803/11496/179 3845/6608/179
f 3761/6610/168 3846/11497/168 3845/6611/168
f 3761/6613/171 3766/11498/171 3847/6614/171
f 3726/6616/174 3844/11499/174 3847/6617/174
f 3727/6619/340 3849/11500/340 3848/6620/340
f 3767/6622/176 3850/11501/176 3849/6623/176
f 3767/6625/173 3707/11502/173 3848/6626/173
f 3760/6628/166 3801/11503/166 3852/6629/166
f 3745/6631/167 3853/11504/167 3852/6632/167
f 3745/6634/173 3802/11505/173 3854/6635/173
f 3760/6637/174 3851/11506/174 3854/6638/174
f 3727/6640/166 3800/11507/166 3856/6641/166
f 3760/6643/168 3857/11508/168 3856/6644/168
f 3760/6646/171 3767/11509/173 3858/6647/173
f 3727/6649/174 3855/11510/174 3858/6650/174
f 3759/6652/166 3798/11511/166 3860/6653/166
f 3729/6655/167 3861/11512/167 3860/6656/167
f 3729/6658/173 3799/11513/173 3862/6659/173
f 3759/5856/174 3859/11514/174 3862/6661/174
f 3744/6662/166 3797/11515/166 3864/6663/166
f 3759/5962/167 3865/11516/167 3864/6665/167
f 3759/6667/173 3768/11517/173 3866/6668/173
f 3744/6670/174 3863/11518/174 3866/6671/174
f 3758/6673/166 3795/11519/166 3868/6674/166
f 3744/6676/167 3869/11520/167 3868/6677/167
f 3744/6679/173 3796/11521/173 3870/6680/173
f 3758/6682/174 3867/11522/174 3870/6683/174
f 3745/6685/166 3794/11523/166 3872/6686/166
f 3758/6688/176 3873/11524/176 3872/6689/176
f 3758/6691/173 3769/11525/173 3874/6692/173
f 3745/6694/174 3871/11526/174 3874/6695/174
f 3757/6697/166 3792/11527/179 3876/6698/179
f 3730/6700/167 3877/11528/167 3876/6701/167
f 3730/6703/173 3793/11529/171 3878/6704/171
f 3757/6706/174 3875/11530/174 3878/6707/174
f 3746/6709/166 3791/11531/179 3880/6710/179
f 3757/6712/167 3881/11532/167 3880/6713/167
f 3757/6715/173 3770/11533/171 3882/6716/171
f 3746/6718/174 3879/11534/174 3882/6719/174
f 3756/6721/166 3789/11535/179 3884/6722/179
f 3746/6724/167 3885/11536/167 3884/6725/167
f 3746/6727/173 3790/11537/171 3886/6728/171
f 3756/6730/174 3883/11538/174 3886/6731/174
f 3747/6733/166 3788/11539/179 3888/6734/179
f 3756/6736/167 3889/11540/167 3888/6737/167
f 3756/6739/173 3771/11541/171 3890/6740/171
f 3747/6742/174 3887/11542/174 3890/6743/174
f 3755/6745/166 3786/11543/166 3892/6746/166
f 3722/6748/167 3893/11544/167 3892/6749/167
f 3722/6751/173 3787/11545/173 3894/6752/173
f 3755/6754/174 3891/11546/174 3894/6755/174
f 3748/6757/166 3785/11547/166 3896/6758/166
f 3755/6760/167 3897/11548/167 3896/6761/167
f 3755/6763/173 3772/11549/173 3898/6764/173
f 3748/6766/174 3895/11550/174 3898/6767/174
f 3754/6769/166 3783/11551/166 3900/6770/166
f 3748/6772/167 3901/11552/167 3900/6773/167
f 3748/6775/173 3784/11553/173 3902/6776/173
f 3754/6778/174 3899/11554/174 3902/6779/174
f 3749/6781/166 3782/11555/166 3904/6782/166
f 3754/6784/167 3905/11556/167 3904/6785/167
f 3754/6787/173 3773/11557/173 3906/6788/173
f 3749/6790/174 3903/11558/174 3906/6791/174
f 3736/6793/165 3713/11559/165 3908/6794/165
f 3774/6796/166 3909/11560/166 3908/6797/166
f 3774/6799/168 3736/11561/167 3907/6800/167
f 3753/6802/166 3780/11562/172 3911/6803/172
f 3728/6805/167 3912/11563/167 3911/6806/167
f 3728/6808/173 3781/11564/171 3913/6809/171
f 3753/6811/174 3910/11565/174 3913/6812/174
f 3750/6814/166 3779/11566/172 3915/6815/172
f 3753/6817/176 3916/11567/176 3915/6818/176
f 3753/6820/173 3774/11568/171 3917/6821/171
f 3750/6823/174 3914/11569/174 3917/6824/174
f 3737/6826/165 3714/11570/165 3919/6827/165
f 3775/6829/172 3920/11571/172 3919/6830/172
f 3775/6832/167 3737/11572/167 3918/6833/167
f 3752/6835/166 3777/11573/179 3922/6836/172
f 3750/6838/167 3923/11574/167 3922/6839/167
f 3750/6841/173 3778/11575/171 3924/6842/171
f 3752/6844/174 3921/11576/174 3924/6845/174
f 3778/6847/167 3926/11577/167 3925/6848/167
f 3778/6850/173 3737/11578/170 3927/6851/170
f 3775/6853/174 3928/11579/174 3927/6854/174
f 3775/6856/166 3752/11580/172 3925/6857/166
f 3797/6859/167 3930/11581/167 3929/6860/167
f 3797/6862/173 3744/11582/173 3931/6863/173
f 3795/6865/174 3932/11583/174 3931/6866/174
f 3795/6868/166 3717/11584/172 3929/6869/172
f 3776/6871/167 3934/11585/167 3933/6872/167
f 3776/6874/173 3751/11586/173 3935/6875/173
f 3810/6877/174 3936/11587/174 3935/6878/174
f 3810/6880/166 3720/11588/172 3933/6881/172
f 3768/6883/176 3938/11589/176 3937/6884/176
f 3768/6886/173 3719/11590/171 3939/6887/171
f 3796/6889/174 3940/11591/174 3939/6890/174
f 3796/6892/166 3744/11592/166 3937/6893/166
f 3775/6895/167 3942/11593/167 3941/6896/167
f 3775/6898/173 3714/11594/170 3943/6899/170
f 3811/6901/174 3944/11595/174 3943/6902/174
f 3811/6904/166 3751/11596/172 3941/6905/166
f 3713/6907/165 3737/11597/165 3946/6908/165
f 3778/6910/172 3947/11598/172 3946/6911/172
f 3778/6913/167 3713/11599/167 3945/6914/167
f 3777/6916/167 3949/11600/167 3948/6917/167
f 3777/6919/173 3752/11601/173 3950/6920/173
f 3776/6922/174 3951/11602/174 3950/6923/174
f 3776/6925/166 3743/11603/172 3948/6926/172
f 3781/6928/167 3953/11604/167 3952/6929/167
f 3781/6931/173 3736/11605/170 3954/6932/170
f 3774/6934/174 3955/11606/174 3954/6935/174
f 3774/6937/166 3753/11607/172 3952/6938/166
f 3720/6940/166 3769/11608/166 3957/6941/166
f 3743/6943/167 3958/11609/167 3957/6944/167
f 3743/6946/173 3776/11610/173 3959/6947/173
f 3720/6949/174 3956/11611/174 3959/6950/174
f 3728/6952/182 3961/11612/182 3960/6953/182
f 3780/6955/174 3962/11613/174 3961/6956/174
f 3780/6958/166 3708/11614/166 3960/6959/166
f 3743/6961/166 3796/11615/172 3964/6962/166
f 3719/6964/167 3965/11616/167 3964/6965/167
f 3719/6967/173 3777/11617/173 3966/6968/173
f 3743/6970/174 3963/11618/174 3966/6971/174
f 3703/6973/343 3968/11619/343 3967/6974/343
f 3781/6976/174 3969/11620/174 3968/6977/174
f 3781/6979/166 3728/11621/172 3967/6980/172
f 3703/6982/165 3736/11622/165 3971/6983/165
f 3781/6985/166 3972/11623/166 3971/6986/166
f 3781/6988/168 3703/11624/167 3970/6989/167
f 3780/6991/167 3974/11625/167 3973/6992/167
f 3780/6994/173 3753/11626/173 3975/6995/173
f 3779/6997/174 3976/11627/174 3975/6998/344
f 3779/7000/166 3742/11628/172 3973/7001/172
f 3784/7003/176 3978/11629/176 3977/7004/176
f 3784/7006/173 3739/11630/173 3979/7007/173
f 3773/7009/174 3980/11631/174 3979/7010/174
f 3773/7012/166 3754/11632/172 3977/7013/172
f 3735/7015/345 3982/11633/345 3981/7016/345
f 3782/7018/173 3983/11634/173 3982/7019/173
f 3782/7021/178 3711/11635/178 3981/7022/178
f 3782/7024/176 3985/11636/176 3984/7025/176
f 3782/7027/173 3749/11637/171 3986/7028/171
f 3807/7030/174 3987/11638/174 3986/7031/174
f 3807/7033/166 3711/11639/166 3984/7034/166
f 3712/7036/345 3989/11640/345 3988/7037/345
f 3783/7039/173 3990/11641/173 3989/7040/173
f 3783/7042/178 3735/11642/178 3988/7043/178
f 3773/7045/176 3992/11643/176 3991/7046/176
f 3773/7048/173 3716/11644/173 3993/7049/173
f 3808/7051/174 3994/11645/174 3993/7052/174
f 3808/7054/166 3749/11646/172 3991/7055/172
f 3783/7057/167 3996/11647/167 3995/7058/167
f 3783/7060/173 3754/11648/171 3997/7061/171
f 3782/7063/174 3998/11649/174 3997/7064/174
f 3782/7066/166 3735/11650/172 3995/7067/172
f 3787/7069/176 4000/11651/176 3999/7070/176
f 3787/7072/173 3738/11652/173 4001/7073/173
f 3772/7075/174 4002/11653/174 4001/7076/174
f 3772/7078/166 3755/11654/172 3999/7079/172
f 3723/7081/345 4004/11655/345 4003/7082/345
f 3785/7084/173 4005/11656/173 4004/7085/173
f 3785/7087/178 3712/11657/178 4003/7088/178
f 3722/7090/343 4007/11658/343 4006/7091/343
f 3786/7093/174 4008/11659/174 4007/7094/174
f 3786/7096/166 3704/11660/166 4006/7097/166
f 3704/7099/345 4010/11661/345 4009/7100/345
f 3786/7102/173 4011/11662/173 4010/7103/173
f 3786/7105/178 3723/11663/178 4009/7106/178
f 3710/7108/182 4013/11664/182 4012/7109/182
f 3787/7111/174 4014/11665/174 4013/7112/174
f 3787/7114/166 3722/11666/346 4012/7115/166
f 3786/7117/167 4016/11667/167 4015/7118/167
f 3786/7120/173 3755/11668/171 4017/7121/171
f 3785/7123/174 4018/11669/174 4017/7124/174
f 3785/7126/166 3723/11670/166 4015/7127/166
f 3790/7129/167 4020/11671/167 4019/7130/167
f 3790/7132/173 3741/11672/173 4021/7133/173
f 3771/7135/174 4022/11673/174 4021/7136/174
f 3771/7138/166 3756/11674/172 4019/7139/172
f 3717/7141/166 3770/11675/166 4024/7142/166
f 3740/7144/176 4025/11676/176 4024/7145/176
f 3740/7147/173 3797/11677/171 4026/7148/171
f 3717/7150/174 4023/11678/174 4026/7151/174
f 3788/7153/167 4028/11679/167 4027/7154/167
f 3788/7156/170 3747/11680/171 4029/7157/171
f 3804/7159/174 4030/11681/174 4029/7160/174
f 3804/7162/166 3716/11682/166 4027/7163/166
f 3740/7165/166 3793/11683/166 4032/7166/166
f 3709/7168/167 4033/11684/167 4032/7169/167
f 3709/7171/173 3798/11685/171 4034/7172/171
f 3740/7174/174 4031/11686/174 4034/7175/174
f 3771/7177/167 4036/11687/167 4035/7178/167
f 3771/7180/173 3718/11688/173 4037/7181/173
f 3805/7183/174 4038/11689/174 4037/7184/174
f 3805/7186/166 3747/11690/172 4035/7187/172
f 3789/7189/167 4040/11691/167 4039/7190/167
f 3789/7192/170 3756/11692/171 4041/7193/171
f 3788/7195/174 4042/11693/174 4041/7196/174
f 3788/7198/166 3739/11694/166 4039/7199/166
f 3793/7201/167 4044/11695/167 4043/7202/167
f 3793/7204/173 3740/11696/173 4045/7205/173
f 3770/7207/174 4046/11697/174 4045/7208/174
f 3770/7210/166 3757/11698/172 4043/7211/172
f 3716/7213/166 3773/11699/166 4048/7214/166
f 3739/7216/176 4049/11700/176 4048/7217/176
f 3739/7219/173 3788/11701/173 4050/7220/173
f 3716/7222/174 4047/11702/174 4050/7223/174
f 3730/7225/343 4052/11703/343 4051/7226/343
f 3792/7228/174 4053/11704/174 4052/7229/174
f 3792/7231/166 3710/11705/172 4051/7232/172
f 3739/7234/166 3784/11706/166 4055/7235/166
f 3715/7237/176 4056/11707/176 4055/7238/176
f 3715/7240/173 3789/11708/173 4057/7241/173
f 3739/7243/174 4054/11709/174 4057/7244/174
f 3709/7246/343 4059/11710/343 4058/7247/343
f 3793/7249/174 4060/11711/174 4059/7250/174
f 3793/7252/166 3730/11712/166 4058/7253/166
f 3792/7255/167 4062/11713/167 4061/7256/167
f 3792/7258/170 3757/11714/171 4063/7259/171
f 3791/7261/174 4064/11715/174 4063/7262/174
f 3791/7264/166 3738/11716/166 4061/7265/166
f 3796/7267/176 4066/11717/176 4065/7268/176
f 3796/7270/173 3743/11718/171 4067/7271/171
f 3769/7273/174 4068/11719/174 4067/7274/174
f 3769/7276/166 3758/11720/166 4065/7277/166
f 3719/7279/166 3768/11721/172 4070/7280/166
f 3742/7282/167 4071/11722/167 4070/7283/167
f 3742/7285/173 3779/11723/173 4072/7286/173
f 3719/7288/174 4069/11724/174 4072/7289/174
f 3794/7291/167 4074/11725/167 4073/7292/167
f 3794/7294/173 3745/11726/173 4075/7295/173
f 3801/7297/174 4076/11727/174 4075/7298/174
f 3801/7300/166 3718/11728/172 4073/7301/172
f 3742/7303/166 3799/11729/172 4078/7304/166
f 3708/7306/167 4079/11730/167 4078/7307/167
f 3708/7309/173 3780/11731/173 4080/7310/173
f 3742/7312/174 4077/11732/174 4080/7313/174
f 3769/7315/176 4082/11733/176 4081/7316/176
f 3769/7318/173 3720/11734/171 4083/7319/171
f 3802/7321/174 4084/11735/174 4083/7322/174
f 3802/7324/166 3745/11736/166 4081/7325/166
f 3795/7327/167 4086/11737/167 4085/7328/167
f 3795/7330/173 3758/11738/173 4087/7331/173
f 3794/7333/174 4088/11739/174 4087/7334/174
f 3794/7336/166 3741/11740/172 4085/7337/172
f 3799/7339/176 4090/11741/176 4089/7340/176
f 3799/7342/173 3742/11742/171 4091/7343/171
f 3768/7345/174 4092/11743/174 4091/7346/174
f 3768/7348/166 3759/11744/166 4089/7349/166
f 3718/7351/166 3771/11745/166 4094/7352/166
f 3741/7354/176 4095/11746/176 4094/7355/176
f 3741/7357/173 3794/11747/171 4096/7358/171
f 3718/7360/174 4093/11748/174 4096/7361/174
f 3729/7363/343 4098/5270/343 4097/7364/343
f 3798/7366/174 4099/11749/174 4098/7367/174
f 3798/7369/166 3709/11750/166 4097/7370/166
f 3741/7372/166 3790/11751/166 4101/7373/166
f 3717/7375/167 4102/11752/167 4101/7376/167
f 3717/7378/173 3795/11753/171 4103/7379/171
f 3741/7381/174 4100/11754/174 4103/7382/174
f 3708/6621/343 4105/11755/343 4104/7384/343
f 3799/7385/174 4106/11756/174 4105/7386/174
f 3799/7388/166 3729/11757/166 4104/7389/166
f 3798/7391/167 4108/11758/167 4107/7392/167
f 3798/7394/173 3759/11759/173 4109/7395/173
f 3797/7397/174 4110/11760/174 4109/7398/174
f 3797/7400/166 3740/11761/172 4107/7401/172
f 3802/7403/176 4112/11762/176 4111/7404/176
f 3802/7406/173 3733/11763/171 4113/7407/171
f 3767/7409/174 4114/11764/174 4113/7410/174
f 3767/7412/166 3760/11765/166 4111/7413/166
f 3706/7415/340 4116/11766/340 4115/7416/340
f 3800/7418/176 4117/11767/176 4116/7419/176
f 3800/7421/173 3727/11768/171 4115/7422/171
f 3707/7424/166 3767/11769/172 4119/7425/166
f 3733/7427/168 4120/11770/168 4119/7428/168
f 3733/7430/171 3809/11771/173 4121/7431/173
f 3707/7433/174 4118/11772/174 4121/7434/174
f 3791/7436/167 4123/11773/167 4122/7437/167
f 3791/7439/170 3746/11774/171 4124/7440/171
f 3789/7442/174 4125/11775/174 4124/7443/174
f 3789/7445/166 3715/11776/166 4122/7446/166
f 3733/7448/166 3802/5329/172 4127/7449/166
f 3720/7451/167 4128/11777/167 4127/7452/167
f 3720/7454/173 3810/11778/173 4129/7455/173
f 3733/7457/174 4126/11779/174 4129/7458/174
f 3770/7460/167 4131/11780/167 4130/7461/167
f 3770/7463/173 3717/11781/173 4132/7464/173
f 3790/7466/174 4133/11782/174 4132/7467/174
f 3790/7469/166 3746/11783/172 4130/7470/172
f 3801/7472/167 4135/11784/167 4134/7473/167
f 3801/7475/173 3760/11785/173 4136/7476/173
f 3800/7478/174 4137/11786/174 4136/7479/174
f 3800/7481/166 3732/11787/172 4134/7482/172
f 3805/7484/167 4139/11788/167 4138/7485/167
f 3805/7487/173 3732/11789/173 4140/7488/173
f 3766/7490/174 4141/11790/174 4140/7491/174
f 3766/7493/166 3761/11791/172 4138/7494/172
f 3705/7496/340 4143/11792/340 4142/7497/340
f 3803/7499/167 4144/11793/167 4143/7500/167
f 3803/7502/170 3726/11794/341 4142/7503/171
f 3706/7505/166 3766/11795/166 4146/7506/166
f 3732/7508/168 4147/11796/168 4146/7509/168
f 3732/7511/171 3800/11797/171 4148/7512/171
f 3706/7514/174 4145/11798/174 4148/7515/174
f 3785/7517/167 4150/11799/167 4149/7518/167
f 3785/7520/173 3748/11800/171 4151/7521/171
f 3783/7523/174 4152/11801/174 4151/7524/174
f 3783/7526/166 3712/11802/172 4149/7527/172
f 3732/7529/166 3805/11803/166 4154/7530/166
f 3718/7532/167 4155/11804/167 4154/7533/167
f 3718/7535/173 3801/11805/171 4156/7536/171
f 3732/7538/174 4153/11806/174 4156/7539/174
f 3772/7541/176 4158/11807/176 4157/7542/176
f 3772/7544/173 3715/11808/173 4159/7545/173
f 3784/7547/174 4160/11809/174 4159/7548/174
f 3784/7550/166 3748/11810/172 4157/7551/172
f 3804/7553/167 4162/11811/167 4161/7554/167
f 3804/7556/170 3761/11812/171 4163/7557/171
f 3803/7559/174 4164/11813/174 4163/7560/174
f 3803/7562/166 3731/11814/166 4161/7563/166
f 3808/7565/176 4166/11815/176 4165/7566/176
f 3808/7568/173 3731/11816/173 4167/7569/173
f 3765/7571/174 4168/11817/174 4167/7572/174
f 3765/7574/166 3762/11818/172 4165/7575/172
f 3701/7577/340 4170/11819/340 4169/7578/340
f 3806/7580/176 4171/11820/176 4170/7581/176
f 3806/7583/173 3725/11821/171 4169/7584/171
f 3734/7586/345 4173/11822/345 4172/7587/345
f 3806/7589/173 4174/6134/173 4173/7590/173
f 3806/7592/178 3701/11823/178 4172/7593/178
f 3779/7595/167 4176/11824/167 4175/7596/167
f 3779/7598/173 3750/11825/173 4177/7599/173
f 3777/7601/174 4178/11826/174 4177/7602/174
f 3777/7604/166 3719/11827/172 4175/7605/172
f 3711/7607/345 4180/11828/345 4179/7608/345
f 3807/7610/173 4181/11829/173 4180/7611/173
f 3807/7613/178 3734/11830/178 4179/7614/178
f 3774/7616/167 4183/11831/167 4182/7617/167
f 3774/7619/173 3713/11832/170 4184/7620/170
f 3778/7622/174 4185/11833/174 4184/7623/174
f 3778/7625/166 3750/11834/172 4182/7626/166
f 3807/7628/167 4187/11835/167 4186/7629/167
f 3807/7631/173 3762/11836/171 4188/7632/171
f 3806/7634/174 4189/11837/174 4188/7635/174
f 3806/7637/166 3734/11838/172 4186/7638/172
f 3811/7640/167 4191/11839/167 4190/7641/167
f 3811/7643/173 3724/11840/170 4192/7644/170
f 3764/7646/174 4193/5277/174 4192/7647/174
f 3764/7649/166 3763/11841/166 4190/7650/166
f 3707/6954/169 4195/11842/169 4194/7652/169
f 3809/7653/176 4196/11843/176 4195/7654/176
f 3809/7656/170 3721/11844/171 4194/7657/171
f 3715/7659/166 3772/11845/166 4198/7660/166
f 3738/7662/176 4199/11846/176 4198/7663/176
f 3738/7665/173 3791/11847/171 4200/7666/173
f 3715/7668/174 4197/11848/174 4200/7669/174
f 3731/7671/166 3808/11849/166 4202/7672/166
f 3716/7674/167 4203/11850/167 4202/7675/167
f 3716/7677/173 3804/11851/173 4204/7678/173
f 3731/7680/174 4201/11852/174 4204/7681/174
f 3738/7683/166 3787/5614/166 4206/7684/166
f 3710/7686/176 4207/11853/176 4206/7687/176
f 3710/7689/173 3792/11854/173 4208/7690/173
f 3738/7692/174 4205/11855/174 4208/7693/174
f 3751/7695/166 3776/11856/179 4210/7696/179
f 3752/7698/167 4211/11857/167 4210/7699/167
f 3752/7701/173 3775/11858/171 4212/7702/171
f 3751/7704/174 4209/11859/174 4212/7705/174
f 3714/7707/165 3724/11860/165 4214/7708/165
f 3811/5671/166 4215/11861/166 4214/7710/166
f 3811/7712/168 3714/11862/167 4213/7713/167
f 3810/7715/167 4217/11863/167 4216/7716/167
f 3810/7718/170 3763/11864/173 4218/7719/173
f 3809/7721/174 4219/11865/174 4218/7722/174
f 3809/7724/166 3733/11866/172 4216/7725/172
f 3705/7727/166 3765/11867/166 4221/7728/166
f 3731/7730/168 4222/11868/168 4221/7731/168
f 3731/7733/171 3803/11869/173 4223/7734/171
f 3705/7736/174 4220/6445/174 4223/6444/174
f 4226/7738/3 4225/11870/3 4224/7739/3
f 4227/7741/8 4231/7757/8 4230/7742/8
f 4226/7744/4 4230/11871/4 4229/7745/4
f 4229/7747/3 4233/7753/3 4232/7748/3
f 4230/7750/3 4231/7752/3 4235/7751/3
f 4231/7752/3 4228/7749/3 4232/7748/3
f 4230/7750/3 4234/31/3 4233/7753/3
f 4224/7754/15 4228/11872/15 4231/7755/15
f 4225/7757/2 4229/7741/2 4228/7758/2
f 4259/7760/185 4237/11873/186 4348/7761/186
f 4299/7763/191 4349/7767/191 4348/7764/191
f 4299/7763/188 4259/11874/188 4347/7766/188
f 4256/7768/189 4351/9588/189 4350/7769/189
f 4299/7771/188 4352/11875/188 4351/7772/188
f 4299/7774/190 4237/11876/190 4350/7775/190
f 4298/7777/191 4345/7781/191 4354/7778/191
f 4286/7780/188 4355/11877/188 4354/7778/188
f 4286/7782/190 4346/7786/193 4356/7783/193
f 4298/7785/196 4353/11878/196 4356/7783/196
f 4256/7787/187 4344/7791/187 4358/7788/187
f 4298/7790/188 4359/11879/188 4358/7788/188
f 4298/7792/190 4299/7796/193 4360/7793/193
f 4256/7795/196 4357/11880/196 4360/7793/196
f 4260/7797/189 4362/11881/189 4361/7798/189
f 4300/7800/188 4363/11882/188 4362/7801/188
f 4300/7803/190 4240/11883/190 4361/7804/190
f 4297/7806/191 4342/7810/191 4365/7807/191
f 4284/7809/188 4366/11884/188 4365/7807/188
f 4284/7811/195 4343/7815/195 4367/7812/195
f 4297/7814/196 4364/11885/196 4367/7812/196
f 4260/7816/191 4341/7820/191 4369/7817/191
f 4297/7819/188 4370/11886/188 4369/7817/188
f 4297/7821/190 4300/7825/190 4371/7822/190
f 4260/7824/197 4368/11887/197 4371/7822/197
f 4261/7826/189 4373/9569/189 4372/7827/189
f 4301/7829/188 4374/11888/188 4373/7830/188
f 4301/7832/195 4241/11889/195 4372/7833/195
f 4296/7835/191 4339/7839/199 4376/7836/199
f 4282/7838/188 4377/11890/188 4376/7836/188
f 4282/7840/195 4340/7844/195 4378/7841/195
f 4296/7843/196 4375/11891/196 4378/7841/196
f 4261/7845/191 4338/7849/199 4380/7846/199
f 4296/7848/188 4381/11892/188 4380/7846/188
f 4296/7850/190 4301/7854/190 4382/7851/190
f 4261/7853/197 4379/11893/197 4382/7851/197
f 4262/7855/189 4384/11894/189 4383/7856/347
f 4302/7858/188 4385/11895/188 4384/7859/188
f 4302/7861/195 4242/11896/195 4383/7862/195
f 4295/7864/191 4336/7868/191 4387/7865/191
f 4280/7867/188 4388/11897/188 4387/7865/188
f 4280/7869/195 4337/7873/195 4389/7870/195
f 4295/7872/196 4386/11898/196 4389/7870/348
f 4262/7874/191 4335/7878/191 4391/7875/191
f 4295/7877/188 4392/11899/188 4391/7875/188
f 4295/7879/190 4302/7883/190 4393/7880/190
f 4262/7882/197 4390/11900/197 4393/7880/197
f 4294/7884/191 4333/7888/191 4395/7885/191
f 4264/7887/200 4396/11901/200 4395/7885/200
f 4264/7889/193 4334/7893/190 4397/7890/190
f 4294/7892/194 4394/11902/194 4397/7890/194
f 4279/7894/191 4332/7898/191 4399/7895/191
f 4294/7897/200 4400/11903/200 4399/7895/200
f 4294/7899/193 4303/7903/190 4401/7900/190
f 4279/7902/197 4398/11904/197 4401/7900/197
f 4293/7904/199 4330/7908/191 4403/7905/191
f 4279/7907/188 4404/11905/188 4403/7905/188
f 4279/7909/195 4331/7913/195 4405/7910/195
f 4293/7912/210 4402/11906/210 4405/7910/210
f 4280/7914/191 4329/7918/191 4407/7915/191
f 4293/7917/188 4408/11907/188 4407/7915/188
f 4293/7919/195 4304/7923/195 4409/7920/195
f 4280/7922/194 4406/11908/194 4409/7920/194
f 4292/7924/199 4327/7928/199 4411/7925/199
f 4265/7927/188 4412/11909/188 4411/7925/188
f 4265/7929/193 4328/7933/190 4413/7930/190
f 4292/7932/194 4410/11910/194 4413/7930/194
f 4281/7934/191 4326/7938/199 4415/7935/199
f 4292/7937/188 4416/11911/188 4415/7935/188
f 4292/7939/193 4305/7943/190 4417/7940/190
f 4281/7942/197 4414/11912/197 4417/7940/197
f 4291/7944/199 4324/7948/199 4419/7945/199
f 4281/7947/188 4420/11913/188 4419/7945/188
f 4281/7949/195 4325/7953/195 4421/7950/195
f 4291/7952/210 4418/11914/210 4421/7950/210
f 4282/7954/199 4323/7958/199 4423/7955/199
f 4291/7957/188 4424/11915/188 4423/7955/188
f 4291/7959/195 4306/7963/195 4425/7960/195
f 4282/7962/194 4422/11916/194 4425/7960/194
f 4290/7964/199 4321/7968/191 4427/7965/191
f 4257/7967/200 4428/11917/200 4427/7965/200
f 4257/7969/193 4322/7973/190 4429/7970/190
f 4290/7972/194 4426/11918/194 4429/7970/194
f 4283/7974/191 4320/7978/191 4431/7975/191
f 4290/7977/200 4432/11919/200 4431/7975/200
f 4290/7979/193 4307/7983/190 4433/7980/190
f 4283/7982/197 4430/11920/197 4433/7980/197
f 4289/7984/199 4318/7988/199 4435/7985/199
f 4283/7987/188 4436/11921/188 4435/7985/188
f 4283/7989/195 4319/7993/195 4437/7990/195
f 4289/7992/210 4434/11922/210 4437/7990/210
f 4284/7994/199 4317/7998/191 4439/7995/191
f 4289/7997/188 4440/11923/188 4439/7995/188
f 4289/7999/195 4308/8003/195 4441/8000/195
f 4284/8002/194 4438/11924/194 4441/8000/194
f 4271/8004/185 4248/11925/186 4443/8005/186
f 4309/8007/191 4444/8011/191 4443/8008/191
f 4309/8007/188 4271/11926/188 4442/8010/188
f 4288/8012/199 4315/8016/191 4446/8013/191
f 4263/8015/200 4447/11927/200 4446/8013/200
f 4263/8017/193 4316/8021/193 4448/8018/193
f 4288/8020/196 4445/11928/196 4448/8018/196
f 4285/8022/187 4314/8026/187 4450/8023/187
f 4288/8025/200 4451/11929/200 4450/8023/200
f 4288/8027/193 4309/8031/193 4452/8028/193
f 4285/8030/196 4449/11930/196 4452/8028/196
f 4249/8032/185 4454/11931/185 4453/8033/185
f 4310/8035/191 4455/8039/191 4454/8036/191
f 4310/8035/188 4272/11932/192 4453/8038/192
f 4287/8040/201 4312/8044/191 4457/8041/191
f 4285/8043/188 4458/11933/188 4457/8041/188
f 4285/8045/190 4313/8049/193 4459/8046/193
f 4287/8048/194 4456/11934/194 4459/8046/194
f 4313/8050/198 4461/11935/198 4460/8051/198
f 4313/8053/202 4272/8057/190 4462/8054/190
f 4310/8056/197 4463/11936/197 4462/8054/197
f 4310/8058/187 4287/8052/187 4460/8051/187
f 4332/8060/192 4465/11937/192 4464/8061/192
f 4332/8063/190 4279/8067/190 4466/8064/190
f 4330/8066/196 4467/11938/196 4466/8064/196
f 4330/8068/191 4252/8062/191 4464/8061/191
f 4311/8070/188 4469/11939/188 4468/8071/188
f 4311/8073/190 4286/8077/193 4470/8074/193
f 4345/8076/196 4471/11940/196 4470/8074/196
f 4345/8078/187 4255/8072/191 4468/8071/191
f 4303/8080/188 4473/11941/188 4472/8081/188
f 4303/8083/195 4254/8087/195 4474/8084/195
f 4331/8086/197 4475/11942/197 4474/8084/197
f 4331/8088/191 4279/8082/199 4472/8081/199
f 4310/8090/188 4477/11943/188 4476/8091/188
f 4310/8093/190 4249/8097/190 4478/8094/190
f 4346/8096/197 4479/11944/197 4478/8094/197
f 4346/8098/187 4286/8092/187 4476/8091/187
f 4272/8100/185 4481/11945/185 4480/8101/185
f 4313/8103/191 4482/8107/191 4481/8104/191
f 4313/8103/192 4248/11541/198 4480/8106/198
f 4312/8108/198 4484/11946/198 4483/8109/198
f 4312/8111/193 4287/8115/193 4485/8112/193
f 4311/8114/196 4486/11947/196 4485/8112/196
f 4311/8116/187 4278/8110/191 4483/8109/191
f 4316/8118/200 4488/11948/200 4487/8119/200
f 4316/8121/193 4271/8125/190 4489/8122/190
f 4309/8124/194 4490/11949/194 4489/8122/194
f 4309/8126/199 4288/8120/191 4487/8119/191
f 4255/8128/199 4304/8132/199 4492/8129/199
f 4278/8131/188 4493/11950/188 4492/8129/188
f 4278/8133/190 4311/8137/193 4494/8134/193
f 4255/8136/194 4491/11951/194 4494/8134/194
f 4263/7828/204 4496/11952/204 4495/8138/204
f 4315/8139/196 4497/11953/196 4496/8140/196
f 4315/8142/191 4243/11954/187 4495/8143/191
f 4278/8145/201 4331/8149/199 4499/8146/199
f 4254/8148/188 4500/11955/188 4499/8146/188
f 4254/8150/190 4312/8154/193 4501/8151/193
f 4278/8153/210 4498/11956/210 4501/8151/210
f 4263/8155/204 4238/11957/204 4503/8156/204
f 4316/8158/196 4504/11958/196 4503/8159/196
f 4316/8161/191 4263/11959/191 4502/8162/191
f 4238/8164/185 4271/11960/186 4506/8165/186
f 4316/8167/191 4507/8171/191 4506/8168/191
f 4316/8167/188 4238/11961/200 4505/8170/200
f 4315/8172/200 4509/11962/200 4508/8173/200
f 4315/8175/193 4288/8179/193 4510/8176/193
f 4314/8178/194 4511/11963/194 4510/8176/194
f 4314/8180/199 4277/8174/191 4508/8173/191
f 4319/8182/198 4513/11964/198 4512/8183/198
f 4319/8185/202 4274/8189/190 4514/8186/193
f 4308/8188/197 4515/11965/197 4514/8186/197
f 4308/8190/191 4289/8184/191 4512/8183/191
f 4246/8192/205 4270/11966/206 4517/8193/206
f 4317/8195/190 4518/8199/190 4517/8196/190
f 4317/8195/196 4246/11967/194 4516/8198/196
f 4317/8200/188 4520/11968/188 4519/8201/188
f 4317/8203/190 4284/8207/190 4521/8204/190
f 4342/8206/197 4522/11969/197 4521/8204/197
f 4342/8208/187 4246/8202/187 4519/8201/187
f 4270/8210/205 4247/11970/206 4524/8211/206
f 4318/8213/195 4525/8217/195 4524/8214/195
f 4318/8213/196 4270/11971/194 4523/8216/194
f 4308/8218/188 4527/11972/188 4526/8219/188
f 4308/8221/190 4251/8225/190 4528/8222/190
f 4343/8224/197 4529/11973/197 4528/8222/197
f 4343/8226/191 4284/8220/191 4526/8219/191
f 4318/8228/198 4531/11974/198 4530/8229/198
f 4318/8231/202 4289/8235/190 4532/8232/190
f 4317/8234/197 4533/11975/197 4532/8232/197
f 4317/8236/187 4270/8230/187 4530/8229/187
f 4322/8238/200 4535/11976/200 4534/8239/200
f 4322/8241/193 4273/8245/190 4536/8242/190
f 4307/8244/194 4537/11977/194 4536/8242/194
f 4307/8246/199 4290/8240/191 4534/8239/191
f 4258/8248/205 4539/11978/205 4538/8249/205
f 4320/8251/190 4540/8255/190 4539/8252/190
f 4320/8251/196 4247/11979/197 4538/8254/197
f 4239/8256/204 4257/11980/204 4542/8257/204
f 4321/8259/196 4543/11981/196 4542/8260/196
f 4321/8262/191 4239/11982/191 4541/8263/191
f 4239/8265/205 4545/11983/205 4544/8266/205
f 4321/8268/195 4546/8272/195 4545/8269/195
f 4321/8268/196 4258/11984/194 4544/8271/196
f 4245/8273/204 4548/11985/204 4547/8274/349
f 4322/8276/196 4549/11986/196 4548/8277/196
f 4322/8279/191 4257/11987/191 4547/8280/191
f 4321/8282/200 4551/11988/200 4550/8283/200
f 4321/8285/193 4290/8289/190 4552/8286/190
f 4320/8288/194 4553/11989/194 4552/8286/194
f 4320/8290/199 4258/8284/191 4550/8283/191
f 4325/8292/200 4555/11990/200 4554/8293/200
f 4325/8295/202 4276/8299/190 4556/8296/193
f 4306/8298/197 4557/11991/197 4556/8296/197
f 4306/8300/191 4291/8294/199 4554/8293/199
f 4252/8302/191 4305/8306/191 4559/8303/191
f 4275/8305/200 4560/11992/200 4559/8303/200
f 4275/8307/193 4332/8311/193 4561/8308/193
f 4252/8310/196 4558/11993/196 4561/8308/196
f 4323/8312/188 4563/11994/188 4562/8313/188
f 4323/8315/190 4282/8319/190 4564/8316/190
f 4339/8318/197 4565/11995/197 4564/8316/197
f 4339/8320/187 4251/8314/187 4562/8313/187
f 4275/8322/199 4328/8326/191 4567/8323/191
f 4244/8325/200 4568/11996/200 4567/8323/200
f 4244/8327/193 4333/8331/193 4569/8328/193
f 4275/8330/194 4566/11997/194 4569/8328/194
f 4306/8332/188 4571/11998/188 4570/8333/188
f 4306/8335/190 4253/8339/190 4572/8336/190
f 4340/8338/197 4573/11999/197 4572/8336/197
f 4340/8340/191 4282/8334/199 4570/8333/199
f 4324/8342/198 4575/12000/198 4574/8343/198
f 4324/8345/202 4291/8349/190 4576/8346/190
f 4323/8348/197 4577/12001/197 4576/8346/197
f 4323/8350/187 4274/8344/187 4574/8343/187
f 4328/8352/200 4579/12002/200 4578/8353/200
f 4328/8355/193 4275/8359/190 4580/8356/190
f 4305/8358/194 4581/12003/194 4580/8356/194
f 4305/8360/199 4292/8354/199 4578/8353/199
f 4251/8362/199 4308/8366/191 4583/8363/191
f 4274/8365/192 4584/12004/192 4583/8363/192
f 4274/8367/190 4323/8371/190 4585/8368/190
f 4251/8370/194 4582/12005/194 4585/8368/194
f 4265/8372/204 4587/12006/204 4586/8373/204
f 4327/8375/196 4588/12007/196 4587/8376/196
f 4327/8378/191 4245/12008/187 4586/8379/187
f 4274/8381/201 4319/8385/191 4590/8382/199
f 4250/8384/192 4591/12009/192 4590/8382/192
f 4250/8386/190 4324/8390/190 4592/8387/190
f 4274/8389/210 4589/12010/210 4592/8387/210
f 4265/8391/204 4244/12011/204 4594/8392/204
f 4328/8394/197 4595/12012/197 4594/8395/197
f 4328/8397/191 4265/12013/199 4593/8398/199
f 4327/8400/200 4597/12014/200 4596/8401/200
f 4327/8403/193 4292/8407/190 4598/8404/190
f 4326/8406/194 4599/12015/194 4598/8404/194
f 4326/8408/199 4273/8402/191 4596/8401/191
f 4331/8410/200 4601/12016/200 4600/8411/200
f 4331/8413/202 4278/8417/190 4602/8414/190
f 4304/8416/197 4603/12017/197 4602/8414/197
f 4304/8418/191 4293/8412/199 4600/8411/199
f 4254/8420/191 4303/8424/199 4605/8421/199
f 4277/8423/200 4606/12018/200 4605/8421/200
f 4277/8425/193 4314/8429/193 4607/8426/193
f 4254/8428/196 4604/12019/196 4607/8426/196
f 4329/8430/188 4609/12020/188 4608/8431/188
f 4329/8433/190 4280/8437/190 4610/8434/190
f 4336/8436/196 4611/12021/196 4610/8434/196
f 4336/8438/191 4253/8432/191 4608/8431/191
f 4277/8440/199 4334/8444/199 4613/8441/199
f 4243/8443/200 4614/12022/200 4613/8441/200
f 4243/8445/193 4315/8449/193 4615/8446/193
f 4277/8448/194 4612/12023/194 4615/8446/194
f 4304/8450/188 4617/12024/188 4616/8451/188
f 4304/8453/190 4255/8457/195 4618/8454/195
f 4337/8456/197 4619/12025/197 4618/8454/197
f 4337/8458/191 4280/8452/199 4616/8451/199
f 4330/8460/198 4621/12026/198 4620/8461/198
f 4330/8463/193 4293/8467/193 4622/8464/193
f 4329/8466/196 4623/12027/196 4622/8464/196
f 4329/8468/191 4276/8462/199 4620/8461/191
f 4334/8470/200 4625/12028/200 4624/8471/200
f 4334/8473/193 4277/8477/195 4626/8474/195
f 4303/8476/194 4627/12029/194 4626/8474/194
f 4303/8478/199 4294/8472/199 4624/8471/199
f 4253/8480/199 4306/8484/191 4629/8481/191
f 4276/8483/188 4630/12030/188 4629/8481/188
f 4276/8485/190 4329/8489/193 4631/8486/193
f 4253/8488/194 4628/12031/194 4631/8486/194
f 4244/8490/204 4264/12032/204 4633/8491/204
f 4333/8493/196 4634/12033/196 4633/8494/196
f 4333/8496/191 4244/12034/191 4632/8497/191
f 4276/8499/201 4325/8503/191 4636/8500/199
f 4252/8502/188 4637/12035/188 4636/8500/188
f 4252/8504/190 4330/8508/202 4638/8505/193
f 4276/8507/210 4635/12036/210 4638/8505/210
f 4264/8509/204 4243/12037/204 4640/8510/204
f 4334/8512/197 4641/12038/197 4640/8513/197
f 4334/8515/191 4264/12039/199 4639/8516/199
f 4333/8518/200 4643/12040/200 4642/8519/200
f 4333/8521/190 4294/8525/190 4644/8522/190
f 4332/8524/196 4645/12041/196 4644/8522/196
f 4332/8526/199 4275/8520/199 4642/8519/199
f 4337/8528/200 4647/12042/200 4646/8529/200
f 4337/8531/193 4268/8535/195 4648/8532/195
f 4302/8534/194 4649/12043/194 4648/8532/194
f 4302/8536/199 4295/8530/199 4646/8529/199
f 4241/8538/189 4651/8511/189 4650/8510/189
f 4335/8540/188 4652/12044/188 4651/8541/188
f 4335/8543/190 4262/12045/193 4650/8544/193
f 4242/8546/191 4302/8550/199 4654/8547/199
f 4268/8549/188 4655/12046/188 4654/8547/188
f 4268/8551/190 4344/8555/193 4656/8552/193
f 4242/8554/196 4653/12047/196 4656/8552/196
f 4326/8556/188 4658/12048/188 4657/8557/188
f 4326/8559/195 4281/8563/195 4659/8560/195
f 4324/8562/197 4660/12049/197 4659/8560/197
f 4324/8564/187 4250/8558/187 4657/8557/187
f 4268/8566/191 4337/8570/199 4662/8567/199
f 4255/8569/188 4663/12050/188 4662/8567/188
f 4255/8571/190 4345/8575/193 4664/8572/193
f 4268/8574/196 4661/12051/196 4664/8572/196
f 4305/8576/188 4666/12052/188 4665/8577/188
f 4305/8579/195 4252/8583/190 4667/8580/190
f 4325/8582/197 4668/12053/197 4667/8580/197
f 4325/8584/191 4281/8578/199 4665/8577/199
f 4336/8586/200 4670/12054/200 4669/8587/200
f 4336/8589/190 4295/8593/190 4671/8590/190
f 4335/8592/196 4672/12055/196 4671/8590/196
f 4335/8594/199 4267/8588/199 4669/8587/199
f 4340/8596/200 4674/12056/200 4673/8597/200
f 4340/8599/193 4267/8603/190 4675/8600/190
f 4301/8602/194 4676/12057/194 4675/8600/194
f 4301/8604/199 4296/8598/199 4673/8597/199
f 4240/8606/189 4678/12058/209 4677/8607/189
f 4338/8609/188 4679/12059/188 4678/8610/188
f 4338/8612/190 4261/12060/190 4677/8613/190
f 4241/8615/191 4301/8619/191 4681/8616/191
f 4267/8618/188 4682/12061/188 4681/8616/188
f 4267/8620/190 4335/8624/193 4683/8621/193
f 4241/8623/196 4680/12062/196 4683/8621/196
f 4320/8625/192 4685/12063/192 4684/8626/192
f 4320/8628/195 4283/8632/195 4686/8629/195
f 4318/8631/197 4687/12064/197 4686/8629/197
f 4318/8633/187 4247/8627/187 4684/8626/187
f 4267/8635/191 4340/8639/191 4689/8636/191
f 4253/8638/188 4690/12065/188 4689/8636/188
f 4253/8640/190 4336/8644/193 4691/8641/193
f 4267/8643/196 4688/12066/196 4691/8641/196
f 4307/8645/188 4693/12067/188 4692/8646/188
f 4307/8648/195 4250/8652/190 4694/8649/190
f 4319/8651/197 4695/12068/197 4694/8649/197
f 4319/8653/191 4283/8647/191 4692/8646/191
f 4339/8655/200 4697/12069/200 4696/8656/200
f 4339/8658/193 4296/8662/190 4698/8659/190
f 4338/8661/194 4699/12070/194 4698/8659/194
f 4338/8663/199 4266/8657/191 4696/8656/191
f 4343/8665/200 4701/12071/200 4700/8666/200
f 4343/8668/193 4266/8672/190 4702/8669/190
f 4300/8671/194 4703/12072/194 4702/8669/194
f 4300/8673/199 4297/8667/191 4700/8666/191
f 4236/8675/189 4705/8393/189 4704/8392/189
f 4341/8677/188 4706/12073/188 4705/8678/188
f 4341/8680/190 4260/12074/190 4704/8681/190
f 4269/8683/205 4708/12075/205 4707/8684/205
f 4341/8686/190 4709/8690/190 4708/8687/190
f 4341/8686/196 4236/12076/197 4707/8689/197
f 4314/8691/192 4711/12077/192 4710/8692/192
f 4314/8694/190 4285/8698/193 4712/8695/193
f 4312/8697/196 4713/12078/196 4712/8695/196
f 4312/8699/187 4254/8693/191 4710/8692/191
f 4246/8701/205 4715/12079/205 4714/8702/205
f 4342/8704/195 4716/8708/195 4715/8705/195
f 4342/8704/196 4269/12080/194 4714/8707/196
f 4309/8709/192 4718/12081/192 4717/8710/192
f 4309/8712/195 4248/8716/195 4719/8713/195
f 4313/8715/197 4720/12082/197 4719/8713/197
f 4313/8717/187 4285/8711/187 4717/8710/187
f 4342/8719/200 4722/12083/200 4721/8720/200
f 4342/8722/193 4297/8726/190 4723/8723/190
f 4341/8725/194 4724/12084/194 4723/8723/194
f 4341/8727/199 4269/8721/191 4721/8720/191
f 4346/8729/200 4726/12085/200 4725/8730/200
f 4346/8732/193 4259/8736/190 4727/8733/190
f 4299/8735/194 4728/12086/194 4727/8733/194
f 4299/8737/199 4298/8731/191 4725/8730/191
f 4256/8739/189 4242/12087/189 4730/8740/189
f 4344/8742/188 4731/12088/188 4730/8743/188
f 4344/8745/190 4256/12089/190 4729/8746/190
f 4250/8748/187 4307/8752/191 4733/8749/191
f 4273/8751/200 4734/12090/200 4733/8749/200
f 4273/8753/193 4326/8757/190 4735/8754/190
f 4250/8756/196 4732/12091/196 4735/8754/196
f 4266/8758/191 4343/8762/191 4737/8759/191
f 4251/8761/192 4738/12092/192 4737/8759/192
f 4251/8763/190 4339/8767/190 4739/8764/190
f 4266/8766/196 4736/12093/196 4739/8764/196
f 4273/8768/199 4322/8772/191 4741/8769/191
f 4245/8771/200 4742/12094/200 4741/8769/200
f 4245/8773/193 4327/8777/190 4743/8774/190
f 4273/8776/194 4740/12095/194 4743/8774/194
f 4286/8778/199 4311/8782/191 4745/8779/191
f 4287/8781/188 4746/12096/188 4745/8779/188
f 4287/8783/190 4310/8787/193 4747/8784/193
f 4286/8786/196 4744/12097/196 4747/8784/196
f 4259/8788/185 4749/12098/185 4748/8789/185
f 4346/8791/191 4750/8795/191 4749/8792/191
f 4346/8791/188 4249/12099/200 4748/8794/200
f 4345/8796/200 4752/12100/200 4751/8797/200
f 4345/8799/193 4298/8803/193 4753/8800/193
f 4344/8802/194 4754/12101/194 4753/8800/194
f 4344/8804/199 4268/8798/191 4751/8797/191
f 4240/8806/187 4300/8810/191 4756/8807/191
f 4266/8809/188 4757/12102/188 4756/8807/188
f 4266/8811/190 4338/8815/190 4758/8812/190
f 4240/8814/196 4755/12103/196 4758/8812/196
f 4761/8816/3 4760/12104/3 4759/8817/3
f 4762/8819/8 4766/12105/8 4765/8820/8
f 4761/8822/4 4765/12106/4 4764/8823/4
f 4763/8825/3 4764/8832/3 4768/8826/3
f 4765/8828/3 4766/8831/3 4770/8829/3
f 4763/8825/3 4767/8827/3 4770/8829/3
f 4765/8828/3 4769/8830/3 4768/8826/3
f 4759/8833/15 4763/12107/15 4766/8834/15
f 4760/8836/2 4764/5218/2 4763/7743/2
f 4794/8837/211 4772/12108/211 4883/8838/211
f 4834/8840/227 4884/8844/227 4883/8841/227
f 4834/8840/198 4794/12109/198 4882/8843/198
f 4791/8845/213 4886/12110/213 4885/8846/213
f 4834/8848/200 4887/12111/200 4886/8849/200
f 4834/8851/202 4772/12112/202 4885/8852/202
f 4833/8854/199 4880/8858/199 4889/8855/199
f 4821/8857/200 4890/12113/200 4889/8855/200
f 4821/8859/193 4881/8863/193 4891/8860/193
f 4833/8862/194 4888/12114/194 4891/8860/194
f 4791/8864/199 4879/8868/199 4893/8865/199
f 4833/8867/200 4894/12115/200 4893/8865/200
f 4833/8869/193 4834/8873/193 4895/8870/193
f 4791/8872/194 4892/12116/194 4895/8870/194
f 4795/8874/213 4897/12117/213 4896/8875/213
f 4835/8877/200 4898/12118/200 4897/8878/200
f 4835/8880/193 4775/12119/202 4896/8881/202
f 4832/8883/199 4877/8887/215 4900/8884/201
f 4819/8886/200 4901/12120/200 4900/8884/200
f 4819/8888/193 4878/8892/193 4902/8889/193
f 4832/8891/194 4899/12121/194 4902/8889/194
f 4795/8893/199 4876/8897/201 4904/8894/201
f 4832/8896/200 4905/12122/200 4904/8894/200
f 4832/8898/193 4835/8902/193 4906/8899/193
f 4795/8901/194 4903/12123/194 4906/8899/194
f 4796/8903/213 4908/12124/213 4907/8904/350
f 4836/8906/200 4909/12125/200 4908/8907/200
f 4836/8909/202 4776/12126/202 4907/8910/202
f 4831/8912/199 4874/8916/215 4911/8913/201
f 4817/8915/200 4912/12127/200 4911/8913/200
f 4817/8917/193 4875/8921/193 4913/8918/193
f 4831/8920/194 4910/12128/194 4913/8918/194
f 4796/8922/199 4873/8926/201 4915/8923/201
f 4831/8925/200 4916/12129/200 4915/8923/200
f 4831/8927/193 4836/8931/193 4917/8928/193
f 4796/8930/194 4914/12130/194 4917/8928/194
f 4797/8932/213 4919/12131/213 4918/8933/213
f 4837/8935/200 4920/12132/200 4919/8936/200
f 4837/8938/193 4777/12133/202 4918/8939/193
f 4830/8941/199 4871/8945/199 4922/8942/199
f 4815/8944/200 4923/12134/200 4922/8942/200
f 4815/8946/193 4872/8950/202 4924/8947/202
f 4830/8949/194 4921/12135/194 4924/8947/194
f 4797/8951/199 4870/8955/199 4926/8952/199
f 4830/8954/200 4927/12136/200 4926/8952/200
f 4830/8956/193 4837/8960/202 4928/8957/202
f 4797/8959/194 4925/12137/194 4928/8957/194
f 4829/8961/201 4868/8965/199 4930/8962/199
f 4799/8964/200 4931/12138/200 4930/8962/200
f 4799/8966/193 4869/8970/202 4932/8967/202
f 4829/8969/210 4929/12139/210 4932/8967/210
f 4814/8971/199 4867/8975/199 4934/8972/199
f 4829/8974/198 4935/12140/198 4934/8972/198
f 4829/8976/202 4838/8980/202 4936/8977/202
f 4814/8979/194 4933/12141/194 4936/8977/194
f 4828/8981/199 4865/8985/199 4938/8982/199
f 4814/8984/200 4939/12142/200 4938/8982/200
f 4814/8986/193 4866/8990/202 4940/8987/202
f 4828/8989/210 4937/12143/210 4940/8987/210
f 4815/8991/201 4864/8995/199 4942/8992/199
f 4828/8994/200 4943/12144/200 4942/8992/200
f 4828/8996/193 4839/9000/202 4944/8997/202
f 4815/8999/210 4941/12145/210 4944/8997/210
f 4827/9001/201 4862/9005/215 4946/9002/215
f 4800/9004/200 4947/12146/200 4946/9002/200
f 4800/9006/193 4863/9010/193 4948/9007/193
f 4827/9009/210 4945/12147/210 4948/9007/210
f 4816/9011/199 4861/9015/201 4950/9012/201
f 4827/9014/198 4951/12148/198 4950/9012/198
f 4827/9016/202 4840/9020/193 4952/9017/193
f 4816/9019/194 4949/12149/194 4952/9017/194
f 4826/9021/216 4859/9025/215 4954/9022/215
f 4816/9024/200 4955/12150/200 4954/9022/200
f 4816/9026/193 4860/9030/193 4956/9027/193
f 4826/9029/210 4953/12151/210 4956/9027/210
f 4817/9031/201 4858/9035/215 4958/9032/215
f 4826/9034/200 4959/12152/200 4958/9032/200
f 4826/9036/193 4841/9040/193 4960/9037/193
f 4817/9039/210 4957/12153/210 4960/9037/210
f 4825/9041/201 4856/9045/215 4962/9042/215
f 4792/9044/200 4963/12154/200 4962/9042/200
f 4792/9046/193 4857/9050/193 4964/9047/193
f 4825/9049/210 4961/12155/210 4964/9047/210
f 4818/9051/199 4855/9055/201 4966/9052/201
f 4825/9054/198 4967/12156/198 4966/9052/198
f 4825/9056/202 4842/9060/193 4968/9057/193
f 4818/9059/194 4965/12157/194 4968/9057/194
f 4824/9061/215 4853/9065/215 4970/9062/215
f 4818/9064/200 4971/12158/200 4970/9062/200
f 4818/9066/193 4854/9070/193 4972/9067/193
f 4824/9069/222 4969/12159/222 4972/9067/222
f 4819/9071/201 4852/9075/215 4974/9072/215
f 4824/9074/200 4975/12160/200 4974/9072/200
f 4824/9076/193 4843/9080/193 4976/9077/193
f 4819/9079/210 4973/12161/210 4976/9077/210
f 4806/9081/211 4783/12162/211 4978/9082/211
f 4844/9084/227 4979/9088/227 4978/9085/227
f 4844/9084/198 4806/12163/198 4977/9087/198
f 4823/9089/201 4850/9093/199 4981/9090/199
f 4798/9092/200 4982/12164/200 4981/9090/200
f 4798/9094/193 4851/9098/193 4983/9095/193
f 4823/9097/210 4980/12165/210 4983/9095/210
f 4820/9099/199 4849/9103/199 4985/9100/199
f 4823/9102/198 4986/12166/198 4985/9100/198
f 4823/9104/202 4844/9108/193 4987/9105/193
f 4820/9107/194 4984/12167/194 4987/9105/194
f 4784/9109/211 4989/12168/211 4988/9110/211
f 4845/9112/227 4990/9116/227 4989/9113/227
f 4845/9112/198 4807/12169/198 4988/9115/198
f 4822/9117/201 4847/9121/199 4992/9118/199
f 4820/9120/200 4993/12170/200 4992/9118/200
f 4820/9122/193 4848/9126/193 4994/9123/193
f 4822/9125/210 4991/12171/210 4994/9123/210
f 4848/9127/214 4996/12172/214 4995/9128/214
f 4848/9130/217 4807/9134/193 4997/9131/193
f 4845/9133/210 4998/12173/210 4997/9131/210
f 4845/9135/199 4822/9129/199 4995/9128/199
f 4867/9137/198 5000/12174/198 4999/9138/198
f 4867/9140/193 4814/9144/202 5001/9141/193
f 4865/9143/194 5002/12175/194 5001/9141/194
f 4865/9145/201 4787/9139/191 4999/9138/191
f 4846/9147/198 5004/12176/198 5003/9148/198
f 4846/9150/202 4821/9154/218 5005/9151/218
f 4880/9153/194 5006/12177/194 5005/9151/194
f 4880/9155/199 4790/9149/201 5003/9148/201
f 4838/9157/200 5008/12178/200 5007/9158/200
f 4838/9160/193 4789/9164/193 5009/9161/193
f 4866/9163/194 5010/12179/194 5009/9161/194
f 4866/9165/199 4814/9159/201 5007/9158/201
f 4845/9167/198 5012/12180/198 5011/9168/198
f 4845/9170/202 4784/9174/193 5013/9171/193
f 4881/9173/210 5014/12181/210 5013/9171/210
f 4881/9175/199 4821/9169/199 5011/9168/199
f 4807/9177/211 5016/12182/211 5015/9178/211
f 4848/9180/227 5017/9184/227 5016/9181/227
f 4848/9180/219 4783/12183/208 5015/9183/220
f 4847/9185/214 5019/12184/214 5018/9186/214
f 4847/9188/218 4822/9192/218 5020/9189/218
f 4846/9191/194 5021/12185/194 5020/9189/194
f 4846/9193/199 4813/9187/201 5018/9186/201
f 4851/9195/198 5023/12186/198 5022/9196/198
f 4851/9198/202 4806/9202/193 5024/9199/193
f 4844/9201/210 5025/12187/210 5024/9199/210
f 4844/9203/201 4823/9197/199 5022/9196/199
f 4790/9205/201 4839/9209/199 5027/9206/199
f 4813/9208/200 5028/12188/200 5027/9206/200
f 4813/9210/193 4846/9214/202 5029/9211/202
f 4790/9213/210 5026/12189/210 5029/9211/210
f 4798/9215/204 5031/12190/204 5030/9216/204
f 4850/9218/194 5032/12191/194 5031/9219/194
f 4850/9221/199 4778/12192/201 5030/9222/201
f 4813/9224/199 4866/9228/199 5034/9225/199
f 4789/9227/200 5035/12193/200 5034/9225/200
f 4789/9229/193 4847/9233/202 5036/9230/202
f 4813/9232/194 5033/12194/194 5036/9230/194
f 4798/9234/204 4773/9615/204 5038/9235/204
f 4851/9237/210 5039/12195/210 5038/9238/210
f 4851/8935/199 4798/12196/201 5037/9240/201
f 4806/9242/211 5041/12197/211 5040/9243/211
f 4851/9245/227 5042/9249/227 5041/9246/227
f 4851/9245/198 4773/12198/212 5040/9248/198
f 4850/9250/198 5044/12199/198 5043/9251/198
f 4850/9253/202 4823/9257/218 5045/9254/218
f 4849/9256/210 5046/12200/210 5045/9254/210
f 4849/9258/201 4812/9252/199 5043/9251/199
f 4854/9260/214 5048/12201/214 5047/9261/214
f 4854/9263/218 4809/9267/193 5049/9264/193
f 4843/9266/194 5050/12202/194 5049/9264/194
f 4843/9268/199 4824/9262/201 5047/9261/201
f 4781/9270/223 4805/12203/223 5052/9271/223
f 4852/9273/193 5053/9277/193 5052/9274/193
f 4852/9273/194 4781/12204/194 5051/9276/194
f 4852/9278/198 5055/12205/198 5054/9279/198
f 4852/9281/202 4819/9285/193 5056/9282/193
f 4877/9284/194 5057/12206/194 5056/9282/194
f 4877/9286/199 4781/9280/199 5054/9279/199
f 4782/9288/223 5059/12207/223 5058/9289/223
f 4853/9291/202 5060/9295/202 5059/9292/351
f 4853/9291/194 4805/12208/224 5058/9294/224
f 4843/9296/198 5062/12209/198 5061/9297/198
f 4843/9299/202 4786/9303/193 5063/9300/193
f 4878/9302/194 5064/12210/194 5063/9300/194
f 4878/9304/199 4819/9298/201 5061/9297/201
f 4853/9306/352 5066/12211/352 5065/9307/214
f 4853/9309/218 4824/9313/193 5067/9310/193
f 4852/9312/194 5068/12212/194 5067/9310/194
f 4852/9314/199 4805/9308/199 5065/9307/199
f 4857/9316/198 5070/12213/198 5069/9317/198
f 4857/9319/202 4808/9323/193 5071/9320/193
f 4842/9322/210 5072/12214/210 5071/9320/210
f 4842/9324/201 4825/9318/199 5069/9317/199
f 4793/9326/223 5074/12215/223 5073/9327/223
f 4855/9329/193 5075/9333/193 5074/9330/193
f 4855/9329/194 4782/12216/194 5073/9332/194
f 4774/9334/204 4792/12217/204 5077/9335/204
f 4856/9337/194 5078/12218/194 5077/9338/194
f 4856/9340/199 4774/12219/201 5076/9341/201
f 4774/9343/223 5080/12220/223 5079/9344/223
f 4856/9346/202 5081/9350/202 5080/9347/202
f 4856/9346/194 4793/12221/194 5079/9349/194
f 4780/9351/204 5083/12222/204 5082/9352/349
f 4857/9354/194 5084/12223/194 5083/9355/194
f 4857/9357/199 4792/12224/201 5082/9358/201
f 4856/9360/198 5086/12225/198 5085/9361/198
f 4856/9363/202 4825/9367/193 5087/9364/193
f 4855/9366/210 5088/12226/210 5087/9364/210
f 4855/9368/201 4793/9362/199 5085/9361/199
f 4860/9370/214 5090/12227/214 5089/9371/214
f 4860/9373/218 4811/9377/217 5091/9374/218
f 4841/9376/194 5092/12228/194 5091/9374/194
f 4841/9378/199 4826/9372/201 5089/9371/201
f 4787/9380/201 4840/9384/201 5094/9381/201
f 4810/9383/198 5095/12229/198 5094/9381/198
f 4810/9385/202 4867/9389/218 5096/9386/218
f 4787/9388/194 5093/12230/194 5096/9386/194
f 4858/9390/198 5098/12231/198 5097/9391/198
f 4858/9393/202 4817/9397/193 5099/9394/193
f 4874/9396/194 5100/12232/194 5099/9394/194
f 4874/9398/199 4786/9392/201 5097/9391/201
f 4810/9400/201 4863/9404/201 5102/9401/201
f 4779/9403/200 5103/12233/200 5102/9401/200
f 4779/9405/193 4868/9409/202 5104/9406/202
f 4810/9408/210 5101/12234/210 5104/9406/210
f 4841/9410/198 5106/12235/198 5105/9411/198
f 4841/9413/202 4788/9417/202 5107/9414/202
f 4875/9416/194 5108/12236/194 5107/9414/194
f 4875/9418/199 4817/9412/201 5105/9411/201
f 4859/9420/214 5110/12237/214 5109/9421/214
f 4859/9423/218 4826/9427/193 5111/9424/193
f 4858/9426/194 5112/12238/194 5111/9424/194
f 4858/9428/199 4809/9422/201 5109/9421/201
f 4863/9430/198 5114/12239/198 5113/9431/198
f 4863/9433/202 4810/9437/202 5115/9434/202
f 4840/9436/210 5116/12240/210 5115/9434/210
f 4840/9438/201 4827/9432/215 5113/9431/215
f 4786/9440/201 4843/9444/199 5118/9441/199
f 4809/9443/200 5119/12241/200 5118/9441/200
f 4809/9445/193 4858/9449/202 5120/9446/202
f 4786/9448/210 5117/12242/210 5120/9446/210
f 4780/9450/204 4800/12243/204 5122/9451/204
f 4862/9453/194 5123/12244/194 5122/9454/194
f 4862/9456/199 4780/12245/201 5121/9457/201
f 4809/9459/201 4854/9463/199 5125/9460/199
f 4785/9462/200 5126/12246/200 5125/9460/200
f 4785/9464/193 4859/9468/202 5127/9465/202
f 4809/9467/210 5124/12247/210 5127/9465/210
f 4779/9469/204 5129/12248/204 5128/9470/204
f 4863/9472/194 5130/12249/194 5129/9473/194
f 4863/9475/199 4800/12250/227 5128/9476/227
f 4862/9478/198 5132/12251/198 5131/9479/198
f 4862/9481/202 4827/9485/193 5133/9482/193
f 4861/9484/210 5134/12252/210 5133/9482/210
f 4861/9486/201 4808/9480/201 5131/9479/201
f 4866/9488/214 5136/12253/214 5135/9489/214
f 4866/9491/218 4813/9495/193 5137/9492/193
f 4839/9494/194 5138/12254/194 5137/9492/194
f 4839/9496/199 4828/9490/201 5135/9489/201
f 4789/9498/199 4838/9502/201 5140/9499/201
f 4812/9501/198 5141/12255/198 5140/9499/198
f 4812/9503/202 4849/9507/217 5142/9504/217
f 4789/9506/194 5139/12256/194 5142/9504/194
f 4864/9508/198 5144/12257/198 5143/9509/198
f 4864/9511/202 4815/9515/193 5145/9512/193
f 4871/9514/194 5146/12258/194 5145/9512/194
f 4871/9516/201 4788/9510/191 5143/9509/191
f 4812/9518/201 4869/9522/199 5148/9519/199
f 4778/9521/200 5149/12259/200 5148/9519/200
f 4778/9523/193 4850/9527/202 5150/9524/202
f 4812/9526/210 5147/12260/210 5150/9524/210
f 4839/9528/198 5152/12261/198 5151/9529/198
f 4839/9531/202 4790/9535/193 5153/9532/193
f 4872/9534/194 5154/12262/194 5153/9532/194
f 4872/9536/199 4815/9530/201 5151/9529/201
f 4865/9538/214 5156/12263/214 5155/9539/214
f 4865/9541/218 4828/9545/228 5157/9542/228
f 4864/9544/194 5158/12264/194 5157/9542/194
f 4864/9546/201 4811/9540/191 5155/9539/191
f 4869/9548/198 5160/12265/198 5159/9549/198
f 4869/9551/202 4812/9555/193 5161/9552/193
f 4838/9554/210 5162/12266/210 5161/9552/210
f 4838/9556/201 4829/9550/201 5159/9549/201
f 4788/9558/201 4841/9562/201 5164/9559/201
f 4811/9561/200 5165/12267/200 5164/9559/200
f 4811/9563/193 4864/9567/202 5166/9564/202
f 4788/9566/210 5163/12268/210 5166/9564/210
f 4799/9568/204 5168/7827/204 5167/9569/204
f 4868/9571/194 5169/12269/194 5168/9572/194
f 4868/9574/199 4779/12270/191 5167/9575/199
f 4811/9577/201 4860/9581/227 5171/9578/201
f 4787/9580/200 5172/12271/200 5171/9578/200
f 4787/9582/193 4865/9586/202 5173/9583/202
f 4811/9585/194 5170/12272/194 5173/9583/194
f 4799/9587/204 4778/12273/204 5175/7769/204
f 4869/9589/194 5176/12274/194 5175/9590/194
f 4869/9592/199 4799/12275/227 5174/9593/201
f 4868/9595/198 5178/12276/198 5177/9596/198
f 4868/9598/202 4829/9602/193 5179/9599/193
f 4867/9601/210 5180/12277/210 5179/9599/210
f 4867/9603/201 4810/9597/191 5177/9596/191
f 4872/9605/198 5182/12278/198 5181/9606/198
f 4872/9608/202 4803/9612/193 5183/9609/193
f 4837/9611/210 5184/12279/210 5183/9609/210
f 4837/9613/201 4830/9607/201 5181/9606/201
f 4797/9615/213 4776/9234/213 5186/9616/213
f 4870/9618/198 5187/12280/198 5186/9619/198
f 4870/9621/193 4797/12281/202 5185/9622/202
f 4777/9624/199 4837/9628/201 5189/9625/201
f 4803/9627/200 5190/12282/200 5189/9625/200
f 4803/9629/193 4879/9633/217 5191/9630/202
f 4777/9632/194 5188/12283/194 5191/9630/194
f 4861/9634/200 5193/12284/200 5192/9635/200
f 4861/9637/193 4816/9641/193 5194/9638/193
f 4859/9640/194 5195/12285/194 5194/9638/194
f 4859/9642/199 4785/9636/201 5192/9635/201
f 4803/9644/199 4872/9648/199 5197/9645/199
f 4790/9647/200 5198/12286/200 5197/9645/200
f 4790/9649/193 4880/9653/202 5199/9650/202
f 4803/9652/194 5196/12287/194 5199/9650/194
f 4840/9654/200 5201/12288/200 5200/9655/200
f 4840/9657/202 4787/9661/202 5202/9658/202
f 4860/9660/194 5203/12289/194 5202/9658/194
f 4860/9662/199 4816/9656/201 5200/9655/201
f 4871/9664/198 5205/12290/198 5204/9665/198
f 4871/9667/202 4830/9671/193 5206/9668/193
f 4870/9670/210 5207/12291/210 5206/9668/210
f 4870/9672/201 4802/9666/191 5204/9665/191
f 4875/9674/198 5209/12292/198 5208/9675/198
f 4875/9677/202 4802/9681/202 5210/9678/202
f 4836/9680/210 5211/12293/210 5210/9678/353
f 4836/9682/201 4831/9676/215 5208/9675/215
f 4775/9684/213 5213/12294/213 5212/9685/350
f 4873/9687/200 5214/12295/200 5213/9688/200
f 4873/9690/193 4796/12296/202 5212/9691/202
f 4776/9693/201 4836/9697/201 5216/9694/201
f 4802/9696/200 5217/12297/200 5216/9694/200
f 4802/9698/193 4870/9702/218 5218/9699/202
f 4776/9701/194 5215/12298/194 5218/9699/194
f 4855/9703/200 5220/12299/200 5219/9704/200
f 4855/9706/193 4818/9710/193 5221/9707/193
f 4853/9709/194 5222/12300/194 5221/9707/194
f 4853/9711/199 4782/9705/199 5219/9704/199
f 4802/9713/199 4875/9717/201 5224/9714/201
f 4788/9716/200 5225/12301/200 5224/9714/200
f 4788/9718/193 4871/9722/202 5226/9719/202
f 4802/9721/194 5223/12302/194 5226/9719/194
f 4842/9723/200 5228/12303/200 5227/9724/200
f 4842/9726/193 4785/9730/202 5229/9727/202
f 4854/9729/194 5230/12304/194 5229/9727/194
f 4854/9731/199 4818/9725/201 5227/9724/201
f 4874/9733/198 5232/12305/198 5231/9734/198
f 4874/9736/202 4831/9740/193 5233/9737/193
f 4873/9739/210 5234/12306/210 5233/9737/210
f 4873/9741/201 4801/9735/201 5231/9734/201
f 4878/9743/198 5236/12307/198 5235/9744/198
f 4878/9746/202 4801/9750/193 5237/9747/193
f 4835/9749/210 5238/12308/210 5237/9747/210
f 4835/9751/201 4832/9745/199 5235/9744/199
f 4771/9753/347 5240/12309/347 5239/9754/213
f 4876/9756/200 5241/12310/200 5240/9757/200
f 4876/9759/193 4795/12311/202 5239/9760/193
f 4804/9762/223 5243/12312/223 5242/9763/223
f 4876/9765/193 5244/9769/193 5243/9766/193
f 4876/9765/194 4771/12313/194 5242/9768/194
f 4849/9770/200 5246/12314/200 5245/9771/200
f 4849/9773/193 4820/9777/202 5247/9774/202
f 4847/9776/194 5248/12315/194 5247/9774/194
f 4847/9778/199 4789/9772/201 5245/9771/201
f 4781/9780/223 5250/12316/223 5249/9781/223
f 4877/9783/202 5251/9787/202 5250/9784/202
f 4877/9783/194 4804/12317/194 5249/9786/194
f 4844/9788/200 5253/12318/200 5252/9789/200
f 4844/9791/202 4783/9795/193 5254/9792/193
f 4848/9794/210 5255/12319/210 5254/9792/210
f 4848/9796/199 4820/9790/199 5252/9789/199
f 4877/9798/198 5257/12320/198 5256/9799/198
f 4877/9801/202 4832/9805/193 5258/9802/193
f 4876/9804/210 5259/12321/210 5258/9802/210
f 4876/9806/201 4804/9800/199 5256/9799/199
f 4881/9808/198 5261/12322/198 5260/9809/198
f 4881/9811/202 4794/9815/193 5262/9812/193
f 4834/9814/210 5263/12323/210 5262/9812/210
f 4834/9816/201 4833/9810/199 5260/9809/199
f 4791/9215/213 4777/9217/213 5265/9818/213
f 4879/9820/200 5266/12324/200 5265/9821/200
f 4879/9823/193 4791/8261/217 5264/9824/217
f 4785/9826/199 4842/9830/201 5268/9827/201
f 4808/9829/198 5269/12325/198 5268/9827/198
f 4808/9831/202 4861/9835/193 5270/9832/193
f 4785/9834/194 5267/12326/194 5270/9832/194
f 4801/9836/199 4878/9840/199 5272/9837/199
f 4786/9839/200 5273/12327/200 5272/9837/200
f 4786/9841/193 4874/9845/202 5274/9842/202
f 4801/9844/194 5271/12328/194 5274/9842/194
f 4808/9846/201 4857/9850/199 5276/9847/199
f 4780/9849/200 5277/12329/200 5276/9847/200
f 4780/9851/193 4862/9855/202 5278/9852/202
f 4808/9854/210 5275/12330/210 5278/9852/210
f 4821/9856/201 4846/9860/199 5280/9857/199
f 4822/9859/200 5281/12331/200 5280/9857/200
f 4822/9861/193 4845/9865/193 5282/9862/193
f 4821/9864/210 5279/12332/210 5282/9862/210
f 4794/9866/211 5284/12333/211 5283/9867/211
f 4881/9869/227 5285/9873/227 5284/9870/227
f 4881/9869/198 4784/12334/198 5283/9872/198
f 4880/9874/198 5287/12335/198 5286/9875/198
f 4880/9877/202 4833/9881/218 5288/9878/230
f 4879/9880/210 5289/12336/210 5288/9878/210
f 4879/9882/201 4803/9876/199 5286/9875/199
f 4775/9884/199 4835/9888/201 5291/9885/201
f 4801/9887/200 5292/12337/200 5291/9885/200
f 4801/9889/193 4873/9893/193 5293/9890/193
f 4775/9892/194 5290/12338/194 5293/9890/194
f 5301/9894/8 5300/12339/8 5303/9895/8
f 5304/9897/8 5307/12340/8 5312/244/8
f 5306/9899/8 5309/12341/8 5314/3679/8
f 5308/9901/8 5297/12342/8 5295/9902/8
f 5311/9904/15 5301/12343/15 5302/9905/15
f 5309/4317/4 5318/12344/4 5321/9907/4
f 5296/9909/8 5305/1273/8 5310/6508/8
f 5316/538/8 5317/12345/8 5299/9911/8
f 5320/9913/8 5321/12346/8 5318/802/8
f 5313/9915/15 5316/12347/15 5298/438/15
f 5315/9917/15 5320/12348/15 5319/1137/15
f 5305/4802/4 5303/12349/4 5300/9919/4
f 5307/553/4 5299/12350/4 5317/9921/4
f 5327/9923/231 5421/10096/303 5410/9924/232
f 5322/9926/234 5425/10092/299 5326/67/235
f 5392/9928/237 5404/10103/309 5326/9929/238
f 5325/9931/240 5324/9937/244 5322/9932/234
f 5409/9934/241 5393/12351/282 5424/9935/242
f 5324/9937/244 5429/10095/302 5424/9938/245
f 5324/9937/244 5325/9931/240 5327/9939/246
f 5330/9941/248 5432/10116/2 5441/9942/2
f 5441/9944/249 5444/12352/354 5335/9945/250
f 5331/9947/252 5330/3788/252 5334/9948/252
f 5329/9950/253 5328/12353/253 5332/510/253
f 5328/9952/254 5437/10128/323 5445/9953/255
f 5332/27/256 5445/10129/324 5440/9955/257
f 5331/9957/259 5436/12354/355 5432/9958/260
f 5331/9960/262 5335/12355/262 5444/9961/263
f 5341/9965/1 5366/10038/1 5365/9963/1
f 5365/9963/1 5337/12356/1 5345/9964/1
f 5344/9968/1 5336/12357/1 5360/9966/1
f 5360/9966/1 5362/10034/1 5340/9967/1
f 5369/9969/265 5360/9979/265 5336/9970/21
f 5346/9972/266 5343/9902/266 5341/9973/266
f 5344/9974/267 5340/275/267 5342/9975/267
f 5342/9976/4 5340/12358/4 5341/9977/4
f 5365/9979/268 5372/1414/268 5338/9980/20
f 5364/9982/269 5361/10055/270 5368/9983/270
f 5342/9987/3 5370/9989/3 5369/9985/3
f 5369/9985/3 5339/12359/3 5347/9986/3
f 5343/9990/3 5374/10042/3 5373/9988/3
f 5373/9988/3 5368/10039/3 5370/9989/3
f 5370/9989/3 5342/9987/3 5343/9990/3
f 5352/9993/1 5378/10044/1 5377/9991/1
f 5377/9991/1 5380/10045/1 5382/9992/1
f 5382/9992/1 5353/10000/1 5352/9993/1
f 5346/9995/3 5338/12360/3 5372/9994/3
f 5372/9994/3 5374/10042/3 5343/9990/3
f 5336/9970/271 5344/12361/271 5347/9996/271
f 5338/9980/272 5346/10529/272 5345/9997/272
f 5353/10000/1 5382/9992/1 5381/9998/1
f 5381/9998/1 5349/12362/1 5357/9999/1
f 5356/10002/1 5348/12363/1 5376/10001/1
f 5376/10001/1 5378/10044/1 5352/9993/1
f 5385/10003/265 5376/12364/265 5348/10004/21
f 5358/10006/266 5355/7738/266 5353/1432/266
f 5356/10008/267 5352/12365/267 5354/10009/267
f 5354/10011/4 5352/12366/4 5353/10012/4
f 5381/10014/268 5388/647/268 5350/10015/20
f 5380/10017/269 5377/10060/270 5384/10018/270
f 5354/10022/3 5386/10024/3 5385/10020/3
f 5385/10020/3 5351/12367/3 5359/10021/3
f 5355/10025/3 5390/10050/3 5389/10023/3
f 5389/10023/3 5384/10047/3 5386/10024/3
f 5386/10024/3 5354/10022/3 5355/10025/3
f 5358/10027/3 5350/12368/3 5388/10026/3
f 5388/10026/3 5390/10050/3 5355/10025/3
f 5348/10004/271 5356/10177/271 5359/10028/271
f 5350/10015/272 5358/12369/272 5357/10029/272
f 5329/10030/273 5333/12370/273 5440/10031/2
f 5369/10051/265 5371/10054/274 5363/10052/274
f 5371/10054/274 5368/9983/270 5361/10055/270
f 5385/10056/265 5387/10059/274 5379/10057/274
f 5387/10059/274 5384/10018/270 5377/10060/270
f 5373/9984/269 5375/10062/275 5367/10061/275
f 5375/10062/275 5372/12371/268 5365/10063/268
f 5389/10019/269 5391/10065/275 5383/10064/275
f 5391/10065/275 5388/12372/268 5381/10066/268
f 5340/9967/1 5362/10034/1 5361/10035/1
f 5361/10035/1 5364/10036/1 5366/10038/1
f 5366/10038/1 5341/9965/1 5340/9967/1
f 5395/10067/276 5397/10070/279 5396/10068/277
f 5395/10067/276 5399/10072/281 5400/10069/278
f 5398/10071/280 5400/10069/278 5399/10072/281
f 5398/10071/280 5402/10076/285 5403/10074/283
f 5401/10075/284 5403/10074/283 5402/10076/285
f 5396/10068/277 5397/10070/279 5403/10074/283
f 5411/10078/287 5413/10082/291 5412/10079/288
f 5415/10081/290 5416/10086/294 5413/10082/291
f 5414/10083/292 5416/10086/294 5415/10081/290
f 5418/10085/293 5419/10088/296 5416/10086/294
f 5417/10087/295 5419/10088/296 5418/10085/293
f 5417/10087/295 5412/10079/288 5413/10082/291
f 5421/10096/303 5423/10097/304 5417/10087/295
f 5423/10097/304 5422/10098/305 5412/10079/288
f 5422/10098/305 5420/12373/312 5408/10080/289
f 5429/10099/243 5431/12374/356 5414/10083/292
f 5414/10083/292 5431/12374/356 5430/10100/306
f 5418/10085/293 5430/10100/306 5428/9925/233
f 5394/10077/286 5405/10109/311 5407/10101/307
f 5401/10075/284 5407/10101/307 5406/10102/308
f 5396/10068/277 5406/10102/308 5404/10103/309
f 5409/10104/241 5415/10105/290 5398/10071/280
f 5415/10105/290 5411/10106/287 5402/10076/285
f 5411/10106/287 5408/10110/289 5394/10077/286
f 5425/9930/239 5427/10107/310 5395/10067/276
f 5427/10107/310 5426/12375/357 5399/10072/281
f 5399/10072/281 5426/12375/357 5424/10108/242
f 5405/10109/311 5394/10077/286 5408/10110/289
f 5433/10032/2 5440/10031/2 5442/10112/2
f 5442/10112/2 5443/10115/2 5434/10114/2
f 5443/10115/2 5441/9942/2 5432/10116/2
f 5432/9958/260 5436/12354/355 5438/10117/313
f 5434/10118/315 5438/10117/316 5439/10119/316
f 5435/10121/317 5439/1081/358 5437/10122/318
f 5436/9962/264 5444/9961/263 5446/10124/16
f 5438/10125/320 5446/10124/16 5447/10126/321
f 5447/10126/321 5445/9953/255 5437/10128/323
f 5445/10129/324 5447/12376/359 5442/10130/325
f 5447/10131/326 5446/10134/326 5443/10132/327
f 5446/10134/328 5444/12352/354 5441/9944/249
f 5433/10123/319 5437/10122/318 5328/10135/330
