# Blender 5.0.0
# www.blender.org
mtllib house13.mtl
o Base_House_03
v 0.117937 1.665925 0.818827
v 1.417418 -0.784023 -0.426722
v 0.117937 2.407137 0.818827
v 1.417418 -0.784024 -2.653592
v 1.417418 1.163969 -2.653592
v 0.117937 1.665925 0.313746
v 1.417418 1.163969 -0.426723
v 0.117937 2.407137 0.313744
v 1.417418 -3.010893 -2.653592
v 1.417418 -3.010893 -0.426722
v 1.417418 0.326426 -0.426723
v 1.417418 0.326426 -2.653592
v 1.861741 -0.784023 -0.426722
v 0.117937 -0.203550 1.465433
v 1.417418 -1.340741 -2.653592
v 0.117937 0.537662 1.465432
v 0.117937 -0.203550 0.960351
v 1.417418 -1.340741 -0.426722
v 1.861741 1.163969 -0.426723
v 0.117937 0.537662 0.960351
v 1.861741 1.163969 -2.653592
v 1.861741 0.326426 -2.653592
v 1.861741 -0.784024 -2.653592
v 1.861741 0.326426 -0.426723
v 0.117937 -0.203550 0.434982
v -1.366168 1.163969 -0.426723
v -1.366168 -0.784023 -0.426722
v 0.117937 0.537662 0.434982
v 0.117937 -0.203550 -0.070101
v -1.366168 -3.010893 -2.653592
v -1.366168 -1.340741 -2.653592
v 0.117937 0.537662 -0.070101
v -1.366168 0.326426 -2.653592
v -1.366168 -1.340741 -0.426722
v -1.366168 1.163969 -2.653592
v -1.366168 -0.784024 -2.653592
v -1.366168 -3.010893 -0.426722
v 1.692799 -0.203550 -1.310987
v -1.366168 0.326426 -0.426723
v 1.692799 0.537662 -1.310987
v 1.417418 2.107080 -1.540159
v 1.692799 -0.203550 -1.816069
v 1.417418 -3.010893 -1.540157
v 1.692799 0.537662 -1.816069
v 1.417418 -0.784024 -1.540158
v 1.861741 -0.784024 -1.540158
v 1.417418 -1.340741 -1.540158
v 1.861741 2.107080 -1.540159
v 1.274065 -2.650331 -1.262864
v -1.366168 -3.010893 -1.540157
v 1.274065 -1.399936 -1.262864
v -1.366168 2.107080 -1.540159
v 1.274065 -2.650332 -1.864188
v -3.036320 -3.010891 1.800147
v 1.274065 -1.399936 -1.864189
v -3.036320 -0.784022 1.800147
v -0.252733 -3.010891 1.800147
v -0.252733 -0.784022 1.800147
v -0.814644 1.442848 1.800145
v -3.036320 0.326426 1.800145
v -0.460892 -2.650331 0.504822
v -0.460892 -1.399935 0.504822
v -0.252733 -1.340741 1.800147
v -0.460892 -2.650331 -0.096501
v -0.814644 0.326426 1.800145
v -3.036320 -1.340741 1.800147
v -0.460892 -1.399936 -0.096502
v 0.274173 -0.784022 1.800147
v 0.274173 1.442848 1.800145
v 0.274173 0.326426 1.800145
v -3.036320 -3.010893 -3.015991
v -3.036320 -0.784024 -3.015992
v -0.252733 -3.010893 -3.015991
v -0.252733 -0.784024 -3.015992
v -0.814644 1.442845 -3.015992
v -3.036320 0.326426 -3.015992
v -1.364442 -0.203550 1.668407
v -1.364442 0.537662 1.668407
v -0.252733 -1.340741 -3.015992
v -1.869524 0.537662 1.668408
v -0.814644 0.326426 -3.015992
v -1.869524 -0.203550 1.668408
v -3.036320 -1.340741 -3.015992
v 0.274173 -0.784024 -3.015992
v 0.274173 1.442845 -3.015992
v 0.274173 0.326426 -3.015992
v -0.819387 3.669715 1.800145
v -0.819387 3.669714 -3.015992
v -1.364442 -2.187939 1.668408
v -2.432058 0.937519 -3.015992
v -1.364442 -1.446728 1.668408
v -1.869524 -1.446728 1.668409
v -1.310536 2.574491 -3.015992
v -1.869524 -2.187939 1.668409
v -2.022310 1.419257 -3.015992
v -1.611804 2.018431 -3.015992
v -1.310536 2.574492 1.800145
v -2.432058 0.937519 1.800145
v -1.611804 2.018433 1.800145
v -2.022310 1.419258 1.800145
v -0.021834 1.971413 1.800145
v -0.446564 2.823019 1.800145
v -0.497616 1.977329 1.800145
v -0.446564 2.823017 -3.015992
v -0.021834 1.971412 -3.015992
v -0.497616 1.977326 -3.015992
v -1.093011 2.943331 0.512933
v -0.953910 4.141680 0.373831
v -1.093011 2.943331 -0.026699
v -0.953910 4.141680 0.112403
v -0.553379 2.943331 0.512933
v -0.692482 4.141680 0.373831
v -0.553379 2.943331 -0.026699
v -0.692482 4.141680 0.112403
v -1.030432 4.141680 0.450352
v -1.030432 4.141680 0.035879
v -0.615960 4.141680 0.035879
v -0.615960 4.141680 0.450352
v -0.953910 3.978867 0.373831
v -0.953910 3.978867 0.112403
v -0.692482 3.978867 0.112403
v -0.692482 3.978867 0.373831
v -0.480905 1.150505 0.940066
v -0.480905 2.692160 0.940066
v -0.480905 1.150505 0.184692
v -0.480905 2.692160 0.184692
v 0.274348 1.150505 0.940066
v 0.274348 2.692160 0.940066
v 0.274348 1.150505 0.184692
v 0.274348 2.692160 0.184692
v 0.787218 0.981624 -1.421959
v 0.787218 1.815492 -1.421959
v 1.542591 0.981624 -1.421959
v 1.542591 1.815492 -1.421959
v 0.787218 0.981624 -0.422694
v 0.787218 1.815492 -0.422694
v 1.542591 0.981624 -0.422694
v 1.542591 1.815492 -0.422694
v 0.909807 0.924458 -0.426723
v 1.414891 0.924458 -0.426723
v 1.414891 1.163969 -0.426723
v 0.909807 1.163969 -0.426723
v 0.909807 1.323792 -0.615410
v 1.414891 1.323792 -0.615410
v 1.417418 -1.399936 -1.262864
v 1.417418 -2.650331 -1.262864
v 1.417418 -1.399936 -1.540158
v 1.417418 -2.650331 -1.540157
v 1.861741 -0.203550 -1.540158
v 1.861741 -0.203550 -1.816069
v 1.861741 0.326426 -1.816069
v 1.861741 0.537662 -1.816069
v 1.861741 0.537662 -1.540158
v 1.861741 0.326426 -1.310987
v 1.861741 0.537662 -1.310987
v 1.861741 -0.203550 -1.310987
v 1.417418 -1.399936 -1.864189
v 1.417418 -2.650332 -1.864188
v -1.869524 0.537662 1.800145
v -1.869524 0.326426 1.800145
v -1.364442 0.537662 1.800145
v -1.364442 0.326426 1.800145
v -1.869524 -1.446728 1.800147
v -1.364442 -2.187939 1.800147
v -1.364442 -1.446728 1.800147
v -1.869524 -2.187939 1.800147
v -1.869524 -0.203549 1.800146
v -1.364442 -0.203549 1.800146
v -0.252733 -2.650331 0.504822
v -0.252733 -2.650331 -0.096501
v -0.252733 -1.399935 0.504822
v -0.252733 -1.399936 -0.096502
v 0.274173 0.326426 0.960351
v 0.274173 0.326426 1.465432
v 0.274173 0.537662 1.465432
v 0.274173 0.537662 0.960351
v 0.274173 0.326426 0.434982
v 0.274173 0.537662 0.434982
v 0.274173 0.537662 -0.070101
v 0.274173 0.326426 -0.070101
v 0.274173 -0.203550 1.465433
v 0.274173 -0.203550 0.960351
v 0.274173 -0.203550 -0.070101
v 0.274173 -0.203550 0.434982
v 0.117937 1.721829 0.818827
v 0.149246 1.665925 0.818827
v 0.149246 1.665925 0.313746
v 0.117937 1.721829 0.313746
v 0.274348 1.665925 0.313746
v 0.274348 2.407137 0.313744
v 0.274348 1.665925 0.818827
v 0.274348 2.407137 0.818827
v 1.414891 1.618120 -0.422694
v 0.909807 0.981624 -0.422694
v 1.414891 0.981624 -0.422694
v 0.909807 1.618120 -0.422694
v 0.909807 0.981624 -0.615410
v 1.414891 0.981624 -0.615410
v 0.909807 0.876907 -0.539190
v 1.414891 0.876907 -0.539190
v 1.414891 1.163969 -0.539190
v 0.909807 1.163969 -0.539190
v 1.414891 1.618120 -0.535159
v 0.909807 0.981624 -0.535159
v 1.414891 0.981624 -0.535159
v 0.909807 1.618120 -0.535159
v 0.205611 -0.813367 1.842942
v 0.205611 -0.690889 1.842942
v 0.205611 -0.813367 -2.989464
v 0.205611 -0.690889 -2.989464
v 0.328089 -0.813367 1.842942
v 0.328089 -0.690889 1.842942
v 0.328089 -0.813367 -2.989464
v 0.328089 -0.690889 -2.989464
v 0.194291 -0.764072 1.822983
v 0.316767 -0.764072 1.822983
v 0.194291 1.624002 1.825799
v 0.316767 1.480268 1.825799
v 0.194291 -0.764072 1.700505
v 0.316767 -0.764072 1.700505
v 0.194291 1.624002 1.703321
v 0.316767 1.480268 1.703321
v -0.227692 -1.368306 1.753790
v -0.227692 -1.368306 1.609548
v 0.281708 -0.778185 1.753789
v 0.281705 -0.778185 1.609547
v -0.313257 -1.368306 1.753790
v -0.313257 -1.368306 1.609548
v -0.309055 -0.778185 1.753790
v -0.309055 -0.778185 1.609547
v 0.036510 -0.941629 1.753790
v -0.133291 -1.171600 1.753790
v -0.133291 -1.171600 1.609548
v 0.036509 -0.941629 1.609547
v -0.311857 -1.171600 1.753790
v -0.310457 -0.941629 1.753790
v -0.310457 -0.941629 1.609547
v -0.311857 -1.171600 1.609548
v 0.340616 -0.813367 1.828254
v 0.340616 -0.690889 1.828254
v -3.056982 -0.813367 1.828254
v -3.056982 -0.690889 1.828254
v 0.340616 -0.813367 1.705776
v 0.340616 -0.690889 1.705776
v -3.056982 -0.813367 1.705776
v -3.056982 -0.690889 1.705776
v 0.306021 0.833020 -1.431254
v 0.306021 0.955496 -1.431254
v 0.306021 0.833022 1.770532
v 0.306021 0.955496 1.770532
v 0.183543 0.833020 -1.431254
v 0.183543 0.955496 -1.431254
v 0.183543 0.833022 1.770532
v 0.183543 0.955496 1.770532
v 0.306021 0.971073 -1.431254
v 0.306021 1.093552 -1.431254
v 0.306021 0.971074 1.770532
v 0.306021 1.093552 1.770532
v 0.183543 0.971073 -1.431254
v 0.183543 1.093552 -1.431254
v 0.183543 0.971074 1.770532
v 0.183543 1.093552 1.770532
v 0.306021 1.107275 -1.431254
v 0.306021 1.229753 -1.431254
v 0.306021 1.107275 1.770532
v 0.306021 1.229753 1.770532
v 0.183543 1.107275 -1.431254
v 0.183543 1.229753 -1.431254
v 0.183543 1.107275 1.770532
v 0.183543 1.229753 1.770532
v 0.304932 1.242681 -1.435966
v 0.304932 1.365158 -1.435966
v 0.304932 1.242681 1.765821
v 0.304932 1.365158 1.765821
v 0.182454 1.242681 -1.435966
v 0.182454 1.365158 -1.435966
v 0.182454 1.242681 1.765821
v 0.182454 1.365158 1.765821
v -0.227692 -1.368306 0.778778
v -0.227692 -1.368306 0.634537
v 0.281708 -0.778186 0.778778
v 0.281705 -0.778186 0.634537
v -0.313257 -1.368306 0.778778
v -0.313257 -1.368306 0.634537
v -0.309055 -0.778186 0.778781
v -0.309055 -0.778186 0.634537
v 0.036510 -0.941629 0.778778
v -0.133291 -1.171600 0.778778
v -0.133291 -1.171600 0.634537
v 0.036509 -0.941629 0.634537
v -0.311857 -1.171600 0.778778
v -0.310457 -0.941629 0.778778
v -0.310457 -0.941629 0.634537
v -0.311857 -1.171600 0.634537
v -0.317158 -3.011598 0.786774
v -0.194679 -3.011598 0.786774
v -0.317158 -0.743096 0.790645
v -0.194679 -0.743096 0.790645
v -0.317158 -3.011598 0.618375
v -0.194679 -3.011598 0.618375
v -0.317158 -0.743096 0.622245
v -0.194679 -0.743096 0.622245
v -0.227692 -1.368306 -0.259170
v -0.227692 -1.368306 -0.403413
v 0.281708 -0.778186 -0.259172
v 0.281705 -0.778186 -0.403413
v -0.313257 -1.368306 -0.259170
v -0.313257 -1.368306 -0.403413
v -0.309055 -0.778186 -0.259170
v -0.309055 -0.778186 -0.403412
v 0.036510 -0.941629 -0.259172
v -0.133291 -1.171600 -0.259170
v -0.133291 -1.171600 -0.403413
v 0.036509 -0.941629 -0.403413
v -0.311857 -1.171600 -0.259170
v -0.310457 -0.941629 -0.259170
v -0.310457 -0.941629 -0.403413
v -0.311857 -1.171600 -0.403413
v -0.317158 -3.011598 -0.251175
v -0.194679 -3.011598 -0.251175
v -0.317158 -0.743096 -0.247304
v -0.194679 -0.743096 -0.247304
v -0.317158 -3.011598 -0.419576
v -0.194679 -3.011598 -0.419576
v -0.317158 -0.743096 -0.415705
v -0.194679 -0.743096 -0.415705
v 1.511523 -1.368306 -0.450591
v 1.511523 -1.368306 -0.594833
v 1.859843 -0.778186 -0.450591
v 1.859843 -0.778187 -0.594833
v 1.439099 -1.368306 -0.450591
v 1.439097 -1.368306 -0.594833
v 1.442656 -0.778186 -0.450591
v 1.442656 -0.778187 -0.594833
v 1.735143 -0.941629 -0.450591
v 1.591424 -1.171600 -0.450591
v 1.591424 -1.171600 -0.594833
v 1.735143 -0.941629 -0.594833
v 1.440284 -1.171600 -0.450591
v 1.441469 -0.941629 -0.450591
v 1.441469 -0.941629 -0.594833
v 1.440284 -1.171600 -0.594833
v 1.511523 -1.341820 -2.483083
v 1.511523 -1.341820 -2.627324
v 1.859843 -0.751701 -2.483083
v 1.859843 -0.751701 -2.627324
v 1.439099 -1.341820 -2.483083
v 1.439097 -1.341820 -2.627324
v 1.442656 -0.751701 -2.483083
v 1.442656 -0.751701 -2.627324
v 1.735143 -0.915143 -2.483083
v 1.591424 -1.145113 -2.483083
v 1.591424 -1.145113 -2.627324
v 1.735143 -0.915143 -2.627324
v 1.440284 -1.145113 -2.483083
v 1.441469 -0.915143 -2.483083
v 1.441469 -0.915143 -2.627324
v 1.440284 -1.145113 -2.627324
v 1.511523 -1.368307 -1.986813
v 1.511523 -1.368307 -2.131054
v 1.859843 -0.778187 -1.986813
v 1.859843 -0.778187 -2.131054
v 1.439099 -1.368307 -1.986813
v 1.439097 -1.368307 -2.131054
v 1.442656 -0.778187 -1.986813
v 1.442656 -0.778187 -2.131054
v 1.735143 -0.941630 -1.986813
v 1.591424 -1.171600 -1.986813
v 1.591424 -1.171600 -2.131054
v 1.735143 -0.941630 -2.131054
v 1.440284 -1.171600 -1.986813
v 1.441469 -0.941630 -1.986813
v 1.441469 -0.941630 -2.131054
v 1.440284 -1.171600 -2.131054
v 1.387265 -3.011598 -1.978817
v 1.509744 -3.011598 -1.978817
v 1.387265 -0.743096 -1.974946
v 1.509744 -0.743096 -1.974946
v 1.387265 -3.011598 -2.147218
v 1.509744 -3.011598 -2.147218
v 1.387265 -0.743096 -2.143347
v 1.509744 -0.743096 -2.143347
v 1.770688 -0.813367 -0.380942
v 1.770688 -0.690889 -0.380942
v 1.770688 -0.813367 -2.707038
v 1.770688 -0.690889 -2.707038
v 1.893166 -0.813367 -0.380942
v 1.893166 -0.690889 -0.380942
v 1.893166 -0.813367 -2.707038
v 1.893166 -0.690889 -2.707038
v 1.912811 -0.813367 -0.407561
v 1.912811 -0.690889 -0.407561
v 0.194999 -0.813367 -0.407561
v 0.194999 -0.690889 -0.407561
v 1.912811 -0.813367 -0.530038
v 1.912811 -0.690889 -0.530038
v 0.194999 -0.813367 -0.530038
v 0.194999 -0.690889 -0.530038
v 1.912811 -0.813367 -2.566232
v 1.912811 -0.690889 -2.566232
v 0.194999 -0.813367 -2.566232
v 0.194999 -0.690889 -2.566232
v 1.912811 -0.813367 -2.688710
v 1.912811 -0.690889 -2.688710
v 0.194999 -0.813367 -2.688710
v 0.194999 -0.690889 -2.688710
v 1.778919 -0.764072 -0.411400
v 1.887588 -0.764072 -0.411400
v 1.778919 1.145864 -0.408777
v 1.887588 1.145864 -0.408777
v 1.778919 -0.764072 -0.525526
v 1.887588 -0.764072 -0.525526
v 1.778919 1.145864 -0.522904
v 1.887588 1.145864 -0.522904
v 1.778919 -0.764072 -2.570020
v 1.887588 -0.764072 -2.570020
v 1.778919 1.145863 -2.567397
v 1.887588 1.145863 -2.567397
v 1.778919 -0.764072 -2.684146
v 1.887588 -0.764072 -2.684146
v 1.778919 1.145863 -2.681522
v 1.887588 1.145863 -2.681522
v 1.772080 -0.764072 -2.003958
v 1.880749 -0.764072 -2.003958
v 1.772080 1.656796 -2.001333
v 1.880749 1.656796 -2.001333
v 1.772080 -0.764072 -2.118083
v 1.880749 -0.764072 -2.118083
v 1.772080 1.571641 -2.115459
v 1.880749 1.571641 -2.115459
v 1.772080 -0.764072 -0.972078
v 1.880749 -0.764072 -0.972078
v 1.772080 1.571641 -0.969455
v 1.880749 1.571641 -0.969455
v 1.772080 -0.764072 -1.086203
v 1.880749 -0.764072 -1.086203
v 1.772080 1.656796 -1.083579
v 1.880749 1.656796 -1.083579
v 0.194291 -0.764072 0.764433
v 0.316767 -0.764072 0.764433
v 0.194291 1.420692 0.767248
v 0.316767 1.420692 0.767248
v 0.194291 -0.764072 0.641955
v 0.316767 -0.764072 0.641955
v 0.194291 1.420692 0.644770
v 0.316767 1.420692 0.644770
v 0.194291 -0.764072 -0.266527
v 0.316767 -0.764072 -0.266527
v 0.194291 1.624002 -0.263714
v 0.316767 1.480268 -0.263714
v 0.194291 -0.764072 -0.389005
v 0.316767 -0.764072 -0.389005
v 0.194291 1.624002 -0.386191
v 0.316767 1.480268 -0.386191
v 0.205611 1.351200 1.842941
v 0.205611 1.473678 1.842941
v 0.205611 1.351199 -0.801267
v 0.205611 1.473677 -0.801267
v 0.328089 1.351200 1.842941
v 0.328089 1.473678 1.842941
v 0.328089 1.351199 -0.801267
v 0.328089 1.473677 -0.801267
v 1.912811 0.901225 -0.400583
v 1.912811 1.023703 -0.400583
v 0.194999 0.901225 -0.400583
v 0.194999 1.023703 -0.400583
v 1.912811 0.901225 -0.523061
v 1.912811 1.023703 -0.523061
v 0.194999 0.901225 -0.523061
v 0.194999 1.023703 -0.523061
v 1.773032 0.916190 -0.426005
v 1.773032 1.008488 -0.426005
v 1.773032 0.916189 -2.663066
v 1.773032 1.008487 -2.663066
v 1.890821 0.916190 -0.426005
v 1.890821 1.008488 -0.426005
v 1.890821 0.916189 -2.663066
v 1.890821 1.008487 -2.663066
v 1.912811 0.901225 -2.582981
v 1.912811 1.023703 -2.582981
v 0.194999 0.901225 -2.582981
v 0.194999 1.023703 -2.582981
v 1.912811 0.901225 -2.705458
v 1.912811 1.023703 -2.705458
v 0.194999 0.901225 -2.705458
v 0.194999 1.023703 -2.705458
v -0.227692 -1.368307 -2.850372
v -0.227692 -1.368307 -2.994613
v 0.281708 -0.778187 -2.850372
v 0.281705 -0.778187 -2.994613
v -0.313257 -1.368307 -2.850372
v -0.313257 -1.368307 -2.994613
v -0.309055 -0.778187 -2.850372
v -0.309055 -0.778187 -2.994613
v 0.036510 -0.941630 -2.850372
v -0.133291 -1.171600 -2.850372
v -0.133291 -1.171600 -2.994613
v 0.036509 -0.941630 -2.994613
v -0.311857 -1.171600 -2.850372
v -0.310457 -0.941630 -2.850372
v -0.310457 -0.941630 -2.994613
v -0.311857 -1.171600 -2.994613
v -3.083943 -0.748515 1.844972
v -2.961465 -0.748515 1.844972
v -3.083943 0.227244 1.848842
v -2.961465 0.290377 1.848842
v -3.083943 -0.748515 1.676572
v -2.961465 -0.748515 1.676572
v -3.083943 0.227244 1.680444
v -2.961465 0.290377 1.680444
v -3.083943 -0.734204 -2.879005
v -2.961465 -0.734204 -2.879005
v -3.083943 0.227242 -2.875134
v -2.961465 0.290375 -2.875134
v -3.083943 -0.734204 -3.047406
v -2.961465 -0.734204 -3.047406
v -3.083943 0.227242 -3.043535
v -2.961465 0.290375 -3.043535
v -3.083943 -3.011598 0.273947
v -2.961465 -3.011598 0.273947
v -3.083943 0.227243 0.277817
v -2.961465 0.290376 0.277817
v -3.083943 -3.011598 0.105547
v -2.961465 -3.011598 0.105547
v -3.083943 0.227243 0.109417
v -2.961465 0.290376 0.109417
v -3.083943 -3.011598 -1.309664
v -2.961465 -3.011598 -1.309664
v -3.083943 0.227242 -1.305794
v -2.961465 0.290375 -1.305794
v -3.083943 -3.011598 -1.478065
v -2.961465 -3.011598 -1.478065
v -3.083943 0.227242 -1.474194
v -2.961465 0.290375 -1.474194
v -3.068110 -0.813367 1.842942
v -3.068110 -0.690889 1.842942
v -3.068110 -0.813367 -2.937314
v -3.068110 -0.690889 -2.937314
v -2.945632 -0.813367 1.842942
v -2.945632 -0.690889 1.842942
v -2.945632 -0.813367 -2.937314
v -2.945632 -0.690889 -2.937314
v 0.340616 -0.813367 -2.910400
v 0.340616 -0.690889 -2.910400
v -3.056982 -0.813367 -2.910400
v -3.056982 -0.690889 -2.910400
v 0.340616 -0.813367 -3.032878
v 0.340616 -0.690889 -3.032878
v -3.056982 -0.813367 -3.032878
v -3.056982 -0.690889 -3.032878
v -2.427845 0.833022 1.695785
v -2.318739 0.955496 1.695785
v 0.252365 0.833022 1.695784
v 0.252365 0.955496 1.695784
v -2.427845 0.833022 1.818263
v -2.318739 0.955496 1.818263
v 0.252365 0.833022 1.818262
v 0.252365 0.955496 1.818262
v -2.318739 0.971074 1.695785
v -2.193667 1.093552 1.695785
v 0.252365 0.971074 1.695784
v 0.252365 1.093552 1.695784
v -2.318739 0.971074 1.818263
v -2.193667 1.093552 1.818263
v 0.252365 0.971074 1.818262
v 0.252365 1.093552 1.818262
v -2.193667 1.107275 1.695785
v -2.076579 1.229753 1.695785
v 0.252365 1.107275 1.695784
v 0.252365 1.229753 1.695784
v -2.193667 1.107275 1.818263
v -2.076579 1.229753 1.818263
v 0.252365 1.107275 1.818262
v 0.252365 1.229753 1.818262
v -2.081290 1.242681 1.696875
v -1.966864 1.365158 1.696875
v 0.247653 1.242681 1.696874
v 0.247653 1.365158 1.696874
v -2.081290 1.242681 1.819353
v -1.966864 1.365158 1.819353
v 0.247653 1.242681 1.819352
v 0.247653 1.365158 1.819352
v -2.451988 -3.003261 1.822984
v -2.329512 -3.003261 1.822984
v -2.451988 0.870783 1.825799
v -2.329512 1.013595 1.825799
v -2.451988 -3.003261 1.700505
v -2.329512 -3.003261 1.700505
v -2.451988 0.870783 1.703321
v -2.329512 1.013595 1.703321
v -0.857881 -3.009750 1.839363
v -0.735403 -3.009750 1.839363
v -0.857881 3.595436 1.843233
v -0.735403 3.595436 1.843233
v -0.857881 -3.009750 1.670963
v -0.735403 -3.009750 1.670963
v -0.857881 3.595436 1.674833
v -0.735403 3.595436 1.674833
v 1.511523 -1.368306 -0.961049
v 1.511523 -1.368306 -1.105292
v 1.859843 -0.778187 -0.961051
v 1.859843 -0.778187 -1.105292
v 1.439099 -1.368306 -0.961049
v 1.439097 -1.368306 -1.105292
v 1.442656 -0.778187 -0.961049
v 1.442656 -0.778187 -1.105291
v 1.735143 -0.941630 -0.961051
v 1.591424 -1.171600 -0.961049
v 1.591424 -1.171600 -1.105292
v 1.735143 -0.941630 -1.105292
v 1.440284 -1.171600 -0.961049
v 1.441469 -0.941630 -0.961049
v 1.441469 -0.941630 -1.105291
v 1.440284 -1.171600 -1.105291
v 1.387265 -3.011598 -0.953054
v 1.509744 -3.011598 -0.953054
v 1.387265 -0.743096 -0.949183
v 1.509744 -0.743096 -0.949183
v 1.387265 -3.011598 -1.121455
v 1.509744 -3.011598 -1.121455
v 1.387265 -0.743096 -1.117584
v 1.509744 -0.743096 -1.117584
v -0.344303 -3.007898 1.808531
v -0.344303 -2.907554 1.808531
v -0.344303 -3.007898 1.610013
v -0.344303 -2.907554 1.610013
v -0.243958 -3.007898 1.808531
v -0.243958 -2.907554 1.808531
v -0.243958 -3.007898 1.610013
v -0.243958 -2.907554 1.610013
v -0.244681 -2.897520 1.808251
v -0.244681 -2.797176 1.808251
v -0.434766 -2.897520 1.808251
v -0.434766 -2.797176 1.808251
v -0.244681 -2.897520 1.707906
v -0.244681 -2.797176 1.707906
v -0.434766 -2.897520 1.707906
v -0.434766 -2.797176 1.707906
v -0.344303 -2.787143 1.808531
v -0.344303 -2.686797 1.808531
v -0.344303 -2.787143 1.578912
v -0.344303 -2.686798 1.578912
v -0.243958 -2.787143 1.808531
v -0.243958 -2.686797 1.808531
v -0.243958 -2.787143 1.578912
v -0.243958 -2.686798 1.578912
v -0.244681 -2.676763 1.808251
v -0.244681 -2.576419 1.808251
v -0.443197 -2.676763 1.808251
v -0.443197 -2.576419 1.808251
v -0.244681 -2.676763 1.707906
v -0.244681 -2.576419 1.707906
v -0.443197 -2.676763 1.707906
v -0.443197 -2.576419 1.707906
v -0.344303 -2.237584 1.202389
v -0.344303 -2.137240 1.202389
v -0.344303 -2.237584 1.037376
v -0.344303 -2.137240 1.037376
v -0.243958 -2.237584 1.202389
v -0.243958 -2.137240 1.202389
v -0.243958 -2.237584 1.037376
v -0.243958 -2.137240 1.037376
v -0.244681 -2.456005 1.808251
v -0.244681 -2.355661 1.808251
v -0.434766 -2.456005 1.808251
v -0.434766 -2.355661 1.808251
v -0.244681 -2.456005 1.707906
v -0.244681 -2.355661 1.707906
v -0.434766 -2.456005 1.707906
v -0.434766 -2.355661 1.707906
v -0.344303 -2.345627 1.808530
v -0.344303 -2.245283 1.808530
v -0.344303 -2.345628 1.578912
v -0.344303 -2.245284 1.578912
v -0.243958 -2.345627 1.808530
v -0.243958 -2.245283 1.808530
v -0.243958 -2.345628 1.578912
v -0.243958 -2.245284 1.578912
v -0.244681 -2.235248 1.808251
v -0.244681 -2.134904 1.808251
v -0.471641 -2.235248 1.808251
v -0.471641 -2.134904 1.808251
v -0.244681 -2.235248 1.707906
v -0.244681 -2.134904 1.707906
v -0.471641 -2.235248 1.707906
v -0.471641 -2.134904 1.707906
v -0.344303 -2.124871 1.808530
v -0.344303 -2.024526 1.808530
v -0.344303 -2.124871 1.610013
v -0.344303 -2.024526 1.610013
v -0.243958 -2.124871 1.808530
v -0.243958 -2.024526 1.808530
v -0.243958 -2.124871 1.610013
v -0.243958 -2.024526 1.610013
v -0.244681 -2.014491 1.808251
v -0.244681 -1.914149 1.808251
v -0.434766 -2.014491 1.808251
v -0.434766 -1.914149 1.808251
v -0.244681 -2.014491 1.707906
v -0.244681 -1.914149 1.707906
v -0.434766 -2.014491 1.707906
v -0.434766 -1.914149 1.707906
v -0.344303 -2.347283 1.365361
v -0.344303 -2.246939 1.365361
v -0.344303 -2.347283 1.135743
v -0.344303 -2.246939 1.135743
v -0.243958 -2.347283 1.365361
v -0.243958 -2.246939 1.365361
v -0.243958 -2.347283 1.135743
v -0.243958 -2.246939 1.135743
v -0.244681 -1.794343 1.808251
v -0.244681 -1.693998 1.808251
v -0.434766 -1.794343 1.808251
v -0.434766 -1.693998 1.808251
v -0.244681 -1.794343 1.707906
v -0.244681 -1.693998 1.707906
v -0.434766 -1.794343 1.707906
v -0.434766 -1.693998 1.707906
v -0.344303 -1.683964 1.808530
v -0.344303 -1.583619 1.808530
v -0.344303 -1.683964 1.578912
v -0.344303 -1.583619 1.578912
v -0.243958 -1.683964 1.808530
v -0.243958 -1.583619 1.808530
v -0.243958 -1.683964 1.578912
v -0.243958 -1.583619 1.578912
v -0.244681 -1.573586 1.808251
v -0.244681 -1.473242 1.808251
v -0.443197 -1.573586 1.808251
v -0.443197 -1.473242 1.808251
v -0.244681 -1.573586 1.707906
v -0.244681 -1.473242 1.707906
v -0.443197 -1.573586 1.707906
v -0.443197 -1.473242 1.707906
v -0.344303 -1.463207 1.808530
v -0.344303 -1.362862 1.808530
v -0.344303 -1.463207 1.643515
v -0.344303 -1.362862 1.643515
v -0.243958 -1.463207 1.808530
v -0.243958 -1.362862 1.808530
v -0.243958 -1.463207 1.643515
v -0.243958 -1.362862 1.643515
v -0.244681 -1.352828 1.808251
v -0.244681 -1.252483 1.808251
v -0.434766 -1.352828 1.808251
v -0.434766 -1.252483 1.808251
v -0.244681 -1.352828 1.707906
v -0.244681 -1.252483 1.707906
v -0.434766 -1.352828 1.707906
v -0.434766 -1.252483 1.707906
v -0.344303 -1.242450 1.808530
v -0.344303 -1.142105 1.808530
v -0.344303 -1.242450 1.578912
v -0.344303 -1.142105 1.578912
v -0.243958 -1.242450 1.808530
v -0.243958 -1.142105 1.808530
v -0.243958 -1.242450 1.578912
v -0.243958 -1.142105 1.578912
v -0.244681 -1.132071 1.808251
v -0.244681 -1.031726 1.808251
v -0.471641 -1.132071 1.808251
v -0.471641 -1.031726 1.808251
v -0.244681 -1.132071 1.707906
v -0.244681 -1.031726 1.707906
v -0.471641 -1.132071 1.707906
v -0.471641 -1.031726 1.707906
v -0.344303 -1.021693 1.808530
v -0.344303 -0.921347 1.808530
v -0.344303 -1.021693 1.610013
v -0.344303 -0.921347 1.610013
v -0.243958 -1.021693 1.808530
v -0.243958 -0.921347 1.808530
v -0.243958 -1.021693 1.610013
v -0.243958 -0.921347 1.610013
v -0.244681 -0.911312 1.808251
v -0.244681 -0.810969 1.808251
v -0.434766 -0.911312 1.808251
v -0.434766 -0.810969 1.808251
v -0.244681 -0.911312 1.707906
v -0.244681 -0.810969 1.707906
v -0.434766 -0.911312 1.707906
v -0.434766 -0.810969 1.707906
v -0.240363 -3.007901 -2.926105
v -0.240363 -2.907557 -2.926105
v -0.438878 -3.007901 -2.926105
v -0.438878 -2.907557 -2.926105
v -0.240363 -3.007901 -3.026448
v -0.240363 -2.907557 -3.026448
v -0.438878 -3.007901 -3.026448
v -0.438878 -2.907557 -3.026448
v -0.240641 -2.897522 -3.025723
v -0.240641 -2.797178 -3.025723
v -0.240641 -2.897522 -2.835640
v -0.240641 -2.797178 -2.835640
v -0.340986 -2.897522 -3.025723
v -0.340986 -2.797178 -3.025723
v -0.340986 -2.897522 -2.835640
v -0.340986 -2.797178 -2.835640
v -0.240363 -2.787144 -2.926105
v -0.240363 -2.686799 -2.926105
v -0.469981 -2.787144 -2.926105
v -0.469981 -2.686799 -2.926105
v -0.240363 -2.787144 -3.026448
v -0.240363 -2.686799 -3.026448
v -0.469981 -2.787144 -3.026448
v -0.469981 -2.686799 -3.026448
v -0.240641 -2.676765 -3.025723
v -0.240641 -2.576421 -3.025723
v -0.240641 -2.676765 -2.827209
v -0.240641 -2.576421 -2.827209
v -0.340986 -2.676765 -3.025723
v -0.340986 -2.576421 -3.025723
v -0.340986 -2.676765 -2.827209
v -0.340986 -2.576421 -2.827209
v -0.240363 -2.566387 -2.926105
v -0.240363 -2.466042 -2.926105
v -0.405378 -2.566387 -2.926105
v -0.405378 -2.466042 -2.926105
v -0.240363 -2.566387 -3.026448
v -0.240363 -2.466042 -3.026448
v -0.405378 -2.566387 -3.026448
v -0.405378 -2.466042 -3.026448
v -0.240641 -2.456008 -3.025723
v -0.240641 -2.355664 -3.025723
v -0.240641 -2.456007 -2.835640
v -0.240641 -2.355664 -2.835640
v -0.340986 -2.456008 -3.025723
v -0.340986 -2.355664 -3.025723
v -0.340986 -2.456007 -2.835640
v -0.340986 -2.355664 -2.835640
v -0.240363 -2.345629 -2.926105
v -0.240363 -2.245286 -2.926105
v -0.469981 -2.345629 -2.926105
v -0.469981 -2.245286 -2.926105
v -0.240363 -2.345629 -3.026448
v -0.240363 -2.245286 -3.026448
v -0.469981 -2.345629 -3.026448
v -0.469981 -2.245286 -3.026448
v -0.240641 -2.235250 -3.025723
v -0.240641 -2.134906 -3.025723
v -0.240641 -2.235250 -2.798765
v -0.240641 -2.134906 -2.798765
v -0.340986 -2.235250 -3.025723
v -0.340986 -2.134906 -3.025723
v -0.340986 -2.235250 -2.798765
v -0.340986 -2.134906 -2.798765
v -0.240363 -2.124872 -2.926105
v -0.240363 -2.024528 -2.926105
v -0.438878 -2.124872 -2.926105
v -0.438878 -2.024528 -2.926105
v -0.240363 -2.124872 -3.026448
v -0.240363 -2.024528 -3.026448
v -0.438878 -2.124872 -3.026448
v -0.438878 -2.024528 -3.026448
v -0.240641 -2.014494 -3.025723
v -0.240641 -1.914149 -3.025723
v -0.240641 -2.014494 -2.835640
v -0.240641 -1.914149 -2.835640
v -0.340986 -2.014494 -3.025723
v -0.340986 -1.914149 -3.025723
v -0.340986 -2.014494 -2.835640
v -0.340986 -1.914149 -2.835640
v -0.240363 -1.904115 -2.926105
v -0.240363 -1.803771 -2.926105
v -0.469981 -1.904115 -2.926105
v -0.469981 -1.803771 -2.926105
v -0.240363 -1.904115 -3.026448
v -0.240363 -1.803771 -3.026448
v -0.469981 -1.904115 -3.026448
v -0.469981 -1.803771 -3.026448
v -0.240641 -1.794343 -3.025723
v -0.240641 -1.694000 -3.025723
v -0.240641 -1.794343 -2.835640
v -0.240641 -1.694000 -2.835640
v -0.340986 -1.794343 -3.025723
v -0.340986 -1.694000 -3.025723
v -0.340986 -1.794343 -2.835640
v -0.340986 -1.694000 -2.835640
v -0.240363 -1.683965 -2.926105
v -0.240363 -1.583620 -2.926105
v -0.469981 -1.683965 -2.926105
v -0.469981 -1.583620 -2.926105
v -0.240363 -1.683965 -3.026448
v -0.240363 -1.583620 -3.026448
v -0.469981 -1.683965 -3.026448
v -0.469981 -1.583620 -3.026448
v -0.240641 -1.573586 -3.025724
v -0.240641 -1.473242 -3.025724
v -0.240641 -1.573586 -2.827210
v -0.240641 -1.473242 -2.827210
v -0.340986 -1.573586 -3.025724
v -0.340986 -1.473242 -3.025724
v -0.340986 -1.573586 -2.827210
v -0.340986 -1.473242 -2.827210
v -0.240363 -1.463208 -2.926105
v -0.240363 -1.362863 -2.926105
v -0.405378 -1.463208 -2.926105
v -0.405378 -1.362863 -2.926105
v -0.240363 -1.463208 -3.026449
v -0.240363 -1.362863 -3.026449
v -0.405378 -1.463208 -3.026449
v -0.405378 -1.362863 -3.026449
v -0.240641 -1.352829 -3.025724
v -0.240641 -1.252485 -3.025724
v -0.240641 -1.352829 -2.835641
v -0.240641 -1.252485 -2.835641
v -0.340986 -1.352829 -3.025724
v -0.340986 -1.252485 -3.025724
v -0.340986 -1.352829 -2.835641
v -0.340986 -1.252485 -2.835641
v -0.240363 -1.242451 -2.926105
v -0.240363 -1.142107 -2.926105
v -0.469981 -1.242451 -2.926105
v -0.469981 -1.142107 -2.926105
v -0.240363 -1.242451 -3.026449
v -0.240363 -1.142107 -3.026449
v -0.469981 -1.242451 -3.026449
v -0.469981 -1.142107 -3.026449
v -0.240641 -1.132072 -3.025724
v -0.240641 -1.031727 -3.025724
v -0.240641 -1.132072 -2.798766
v -0.240641 -1.031727 -2.798766
v -0.340986 -1.132072 -3.025724
v -0.340986 -1.031727 -3.025724
v -0.340986 -1.132072 -2.798766
v -0.340986 -1.031727 -2.798766
v -0.240363 -1.021693 -2.926105
v -0.240363 -0.921349 -2.926105
v -0.438878 -1.021693 -2.926105
v -0.438878 -0.921349 -2.926105
v -0.240363 -1.021693 -3.026449
v -0.240363 -0.921349 -3.026449
v -0.438878 -1.021693 -3.026449
v -0.438878 -0.921349 -3.026449
v -0.240641 -0.911314 -3.025724
v -0.240641 -0.810970 -3.025724
v -0.240641 -0.911314 -2.835641
v -0.240641 -0.810970 -2.835641
v -0.340986 -0.911314 -3.025724
v -0.340986 -0.810970 -3.025724
v -0.340986 -0.911314 -2.835641
v -0.340986 -0.810970 -2.835641
v -3.044313 -3.001080 1.707773
v -3.044313 -2.900737 1.707773
v -2.879300 -3.001080 1.707773
v -2.879300 -2.900737 1.707773
v -3.044313 -3.001080 1.808119
v -3.044313 -2.900737 1.808119
v -2.879300 -3.001080 1.808119
v -2.879300 -2.900737 1.808119
v -3.044035 -2.890702 1.807394
v -3.044035 -2.790357 1.807394
v -3.044035 -2.890702 1.580436
v -3.044035 -2.790357 1.580436
v -2.943691 -2.890702 1.807394
v -2.943691 -2.790357 1.807394
v -2.943691 -2.890702 1.580436
v -2.943691 -2.790357 1.580436
v -3.044313 -2.780323 1.707773
v -3.044313 -2.679979 1.707773
v -2.845798 -2.780323 1.707773
v -2.845798 -2.679979 1.707773
v -3.044313 -2.780323 1.808119
v -3.044313 -2.679979 1.808119
v -2.845798 -2.780323 1.808119
v -2.845798 -2.679979 1.808119
v -3.044035 -2.669945 1.807394
v -3.044035 -2.569600 1.807394
v -3.044035 -2.669946 1.617309
v -3.044035 -2.569600 1.617309
v -2.943691 -2.669945 1.807394
v -2.943691 -2.569600 1.807394
v -2.943691 -2.669946 1.617309
v -2.943691 -2.569600 1.617309
v -3.044313 -2.559566 1.707773
v -3.044313 -2.459222 1.707773
v -2.814695 -2.559566 1.707773
v -2.814695 -2.459222 1.707773
v -3.044313 -2.559566 1.808119
v -3.044313 -2.459222 1.808119
v -2.814695 -2.559566 1.808119
v -2.814695 -2.459222 1.808119
v -3.044035 -2.449188 1.807394
v -3.044035 -2.348844 1.807394
v -3.044035 -2.449188 1.617309
v -3.044035 -2.348844 1.617309
v -2.943691 -2.449188 1.807394
v -2.943691 -2.348844 1.807394
v -2.943691 -2.449188 1.617309
v -2.943691 -2.348844 1.617309
v -3.044313 -2.338808 1.707773
v -3.044313 -2.238465 1.707773
v -2.879300 -2.338808 1.707773
v -2.879300 -2.238465 1.707773
v -3.044313 -2.338808 1.808118
v -3.044313 -2.238465 1.808118
v -2.879300 -2.338808 1.808118
v -2.879300 -2.238465 1.808118
v -3.044035 -2.228431 1.807394
v -3.044035 -2.128086 1.807394
v -3.044035 -2.228431 1.608877
v -3.044035 -2.128086 1.608877
v -2.943691 -2.228431 1.807394
v -2.943691 -2.128086 1.807394
v -2.943691 -2.228431 1.608877
v -2.943691 -2.128086 1.608877
v -3.044313 -2.118051 1.707773
v -3.044313 -2.017707 1.707773
v -2.814695 -2.118051 1.707773
v -2.814695 -2.017707 1.707773
v -3.044313 -2.118051 1.808118
v -3.044313 -2.017707 1.808118
v -2.814695 -2.118051 1.808118
v -2.814695 -2.017707 1.808118
v -3.044035 -2.007674 1.807394
v -3.044035 -1.907331 1.807394
v -3.044035 -2.007674 1.617309
v -3.044035 -1.907331 1.617309
v -2.943691 -2.007674 1.807394
v -2.943691 -1.907331 1.807394
v -2.943691 -2.007674 1.617309
v -2.943691 -1.907331 1.617309
v -3.044313 -1.897295 1.707773
v -3.044313 -1.796952 1.707773
v -2.845798 -1.897295 1.707773
v -2.845798 -1.796952 1.707773
v -3.044313 -1.897295 1.808118
v -3.044313 -1.796952 1.808118
v -2.845798 -1.897295 1.808118
v -2.845798 -1.796952 1.808118
v -3.044035 -1.789719 1.807394
v -3.044035 -1.689375 1.807394
v -3.044035 -1.789719 1.580435
v -3.044035 -1.689375 1.580435
v -2.943691 -1.789719 1.807394
v -2.943691 -1.689375 1.807394
v -2.943691 -1.789719 1.580435
v -2.943691 -1.689375 1.580435
v -3.044313 -1.679340 1.707773
v -3.044313 -1.578997 1.707773
v -2.845798 -1.679340 1.707773
v -2.845798 -1.578997 1.707773
v -3.044313 -1.679340 1.808118
v -3.044313 -1.578997 1.808118
v -2.845798 -1.679340 1.808118
v -2.845798 -1.578997 1.808118
v -3.044035 -1.568962 1.807394
v -3.044035 -1.468618 1.807394
v -3.044035 -1.568962 1.617309
v -3.044035 -1.468618 1.617309
v -2.943691 -1.568962 1.807394
v -2.943691 -1.468618 1.807394
v -2.943691 -1.568962 1.617309
v -2.943691 -1.468618 1.617309
v -3.044313 -1.458583 1.707773
v -3.044313 -1.358240 1.707773
v -2.814695 -1.458583 1.707773
v -2.814695 -1.358240 1.707773
v -3.044313 -1.458583 1.808118
v -3.044313 -1.358240 1.808118
v -2.814695 -1.458583 1.808118
v -2.814695 -1.358240 1.808118
v -3.044035 -1.348204 1.807394
v -3.044035 -1.247859 1.807394
v -3.044035 -1.348204 1.617309
v -3.044035 -1.247859 1.617309
v -2.943691 -1.348204 1.807394
v -2.943691 -1.247859 1.807394
v -2.943691 -1.348204 1.617309
v -2.943691 -1.247859 1.617309
v -3.044313 -1.237826 1.707773
v -3.044313 -1.137480 1.707773
v -2.879300 -1.237826 1.707773
v -2.879300 -1.137480 1.707773
v -3.044313 -1.237826 1.808118
v -3.044313 -1.137480 1.808118
v -2.879300 -1.237826 1.808118
v -2.879300 -1.137480 1.808118
v -3.044035 -1.127447 1.807394
v -3.044035 -1.027104 1.807394
v -3.044035 -1.127447 1.608877
v -3.044035 -1.027104 1.608877
v -2.943691 -1.127447 1.807394
v -2.943691 -1.027104 1.807394
v -2.943691 -1.127447 1.608877
v -2.943691 -1.027104 1.608877
v -3.044313 -1.017069 1.707773
v -3.044313 -0.916725 1.707773
v -2.814695 -1.017069 1.707773
v -2.814695 -0.916725 1.707773
v -3.044313 -1.017069 1.808118
v -3.044313 -0.916725 1.808118
v -2.814695 -1.017069 1.808118
v -2.814695 -0.916725 1.808118
v -3.044035 -0.903674 1.807394
v -3.044035 -0.803330 1.807394
v -3.044035 -0.903674 1.580435
v -3.044035 -0.803330 1.580435
v -2.943691 -0.903674 1.807394
v -2.943691 -0.803330 1.807394
v -2.943691 -0.903674 1.580435
v -2.943691 -0.803330 1.580435
v -2.945233 -3.007901 -3.024478
v -2.945233 -2.907557 -3.024478
v -2.945232 -3.007901 -2.825963
v -2.945232 -2.907557 -2.825963
v -3.045578 -3.007901 -3.024478
v -3.045578 -2.907557 -3.024478
v -3.045578 -3.007901 -2.825963
v -3.045578 -2.907557 -2.825963
v -3.044853 -2.897522 -3.024200
v -3.044853 -2.797178 -3.024200
v -2.854769 -2.897522 -3.024200
v -2.854769 -2.797178 -3.024200
v -3.044853 -2.897522 -2.923856
v -3.044853 -2.797178 -2.923856
v -2.854769 -2.897522 -2.923856
v -2.854769 -2.797178 -2.923856
v -2.945233 -2.787144 -3.024478
v -2.945233 -2.686799 -3.024478
v -2.945232 -2.787144 -2.794861
v -2.945232 -2.686799 -2.794861
v -3.045578 -2.787144 -3.024478
v -3.045578 -2.686799 -3.024478
v -3.045578 -2.787144 -2.794861
v -3.045578 -2.686799 -2.794861
v -3.044853 -2.676765 -3.024200
v -3.044853 -2.576421 -3.024200
v -2.846338 -2.676765 -3.024200
v -2.846338 -2.576421 -3.024200
v -3.044853 -2.676765 -2.923856
v -3.044853 -2.576421 -2.923856
v -2.846338 -2.676765 -2.923856
v -2.846338 -2.576421 -2.923856
v -2.945233 -2.566387 -3.024478
v -2.945233 -2.466042 -3.024478
v -2.945232 -2.566387 -2.859464
v -2.945232 -2.466042 -2.859464
v -3.045578 -2.566387 -3.024478
v -3.045578 -2.466042 -3.024478
v -3.045578 -2.566387 -2.859464
v -3.045578 -2.466042 -2.859464
v -3.044853 -2.456008 -3.024200
v -3.044853 -2.355664 -3.024200
v -2.854769 -2.456008 -3.024200
v -2.854769 -2.355664 -3.024200
v -3.044853 -2.456008 -2.923856
v -3.044853 -2.355664 -2.923856
v -2.854769 -2.456008 -2.923856
v -2.854769 -2.355664 -2.923856
v -2.945233 -2.345629 -3.024478
v -2.945233 -2.245286 -3.024478
v -2.945232 -2.345629 -2.794861
v -2.945232 -2.245286 -2.794861
v -3.045578 -2.345629 -3.024478
v -3.045578 -2.245286 -3.024478
v -3.045578 -2.345629 -2.794861
v -3.045578 -2.245286 -2.794861
v -3.044853 -2.235250 -3.024200
v -3.044853 -2.134906 -3.024200
v -2.817894 -2.235250 -3.024200
v -2.817894 -2.134906 -3.024200
v -3.044853 -2.235250 -2.923856
v -3.044853 -2.134906 -2.923856
v -2.817894 -2.235250 -2.923856
v -2.817894 -2.134906 -2.923856
v -2.945233 -2.124872 -3.024478
v -2.945233 -2.024528 -3.024478
v -2.945232 -2.124872 -2.825963
v -2.945232 -2.024528 -2.825963
v -3.045578 -2.124872 -3.024478
v -3.045578 -2.024528 -3.024478
v -3.045578 -2.124872 -2.825963
v -3.045578 -2.024528 -2.825963
v -3.044853 -2.014494 -3.024200
v -3.044853 -1.914149 -3.024200
v -2.854769 -2.014494 -3.024200
v -2.854769 -1.914149 -3.024200
v -3.044853 -2.014494 -2.923856
v -3.044853 -1.914149 -2.923856
v -2.854769 -2.014494 -2.923856
v -2.854769 -1.914149 -2.923856
v -2.945233 -1.904115 -3.024478
v -2.945233 -1.803771 -3.024478
v -2.945232 -1.904115 -2.794861
v -2.945232 -1.803771 -2.794861
v -3.045578 -1.904115 -3.024478
v -3.045578 -1.803771 -3.024478
v -3.045578 -1.904115 -2.794861
v -3.045578 -1.803771 -2.794861
v -3.044853 -1.794343 -3.024200
v -3.044853 -1.694000 -3.024200
v -2.854769 -1.794343 -3.024200
v -2.854769 -1.694000 -3.024200
v -3.044853 -1.794343 -2.923856
v -3.044853 -1.694000 -2.923856
v -2.854769 -1.794343 -2.923856
v -2.854769 -1.694000 -2.923856
v -2.945233 -1.683965 -3.024478
v -2.945233 -1.583620 -3.024478
v -2.945232 -1.683965 -2.794861
v -2.945232 -1.583620 -2.794861
v -3.045578 -1.683965 -3.024478
v -3.045578 -1.583620 -3.024478
v -3.045578 -1.683965 -2.794861
v -3.045578 -1.583620 -2.794861
v -3.044853 -1.573586 -3.024201
v -3.044853 -1.473242 -3.024201
v -2.846338 -1.573586 -3.024201
v -2.846338 -1.473242 -3.024201
v -3.044853 -1.573586 -2.923857
v -3.044853 -1.473242 -2.923857
v -2.846338 -1.573586 -2.923857
v -2.846338 -1.473242 -2.923857
v -2.945233 -1.463208 -3.024479
v -2.945233 -1.362863 -3.024480
v -2.945232 -1.463208 -2.859465
v -2.945232 -1.362863 -2.859465
v -3.045578 -1.463208 -3.024479
v -3.045578 -1.362863 -3.024480
v -3.045578 -1.463208 -2.859465
v -3.045578 -1.362863 -2.859465
v -3.044853 -1.352829 -3.024201
v -3.044853 -1.252485 -3.024201
v -2.854769 -1.352829 -3.024201
v -2.854769 -1.252485 -3.024201
v -3.044853 -1.352829 -2.923857
v -3.044853 -1.252485 -2.923857
v -2.854769 -1.352829 -2.923857
v -2.854769 -1.252485 -2.923857
v -2.945233 -1.242451 -3.024480
v -2.945233 -1.142107 -3.024480
v -2.945232 -1.242451 -2.794862
v -2.945232 -1.142107 -2.794862
v -3.045578 -1.242451 -3.024480
v -3.045578 -1.142107 -3.024480
v -3.045578 -1.242451 -2.794862
v -3.045578 -1.142107 -2.794862
v -3.044853 -1.132072 -3.024201
v -3.044853 -1.031727 -3.024201
v -2.817894 -1.132072 -3.024201
v -2.817894 -1.031727 -3.024201
v -3.044853 -1.132072 -2.923857
v -3.044853 -1.031727 -2.923857
v -2.817894 -1.132072 -2.923857
v -2.817894 -1.031727 -2.923857
v -2.945233 -1.021693 -3.024480
v -2.945233 -0.921349 -3.024480
v -2.945232 -1.021693 -2.825964
v -2.945232 -0.921349 -2.825964
v -3.045578 -1.021693 -3.024480
v -3.045578 -0.921349 -3.024480
v -3.045578 -1.021693 -2.825964
v -3.045578 -0.921349 -2.825964
v -3.044853 -0.911314 -3.024201
v -3.044853 -0.810970 -3.024201
v -2.854769 -0.911314 -3.024201
v -2.854769 -0.810970 -3.024201
v -3.044853 -0.911314 -2.923857
v -3.044853 -0.810970 -2.923857
v -2.854769 -0.911314 -2.923857
v -2.854769 -0.810970 -2.923857
v 1.429585 -3.007901 -2.564311
v 1.429585 -2.907556 -2.564311
v 1.231071 -3.007901 -2.564311
v 1.231071 -2.907556 -2.564311
v 1.429585 -3.007901 -2.664654
v 1.429585 -2.907556 -2.664654
v 1.231071 -3.007901 -2.664654
v 1.231071 -2.907556 -2.664654
v 1.429307 -2.897522 -2.663930
v 1.429307 -2.797178 -2.663930
v 1.429307 -2.897522 -2.473848
v 1.429307 -2.797178 -2.473848
v 1.328964 -2.897522 -2.663930
v 1.328964 -2.797178 -2.663930
v 1.328964 -2.897522 -2.473848
v 1.328964 -2.797178 -2.473848
v 1.429585 -2.787144 -2.564311
v 1.429585 -2.686799 -2.564311
v 1.199969 -2.787144 -2.564311
v 1.199969 -2.686799 -2.564311
v 1.429585 -2.787144 -2.664654
v 1.429585 -2.686799 -2.664654
v 1.199969 -2.787144 -2.664654
v 1.199969 -2.686799 -2.664654
v 1.429307 -2.676765 -2.663930
v 1.429307 -2.576421 -2.663930
v 1.429307 -2.676765 -2.465415
v 1.429307 -2.576421 -2.465415
v 1.328964 -2.676765 -2.663930
v 1.328964 -2.576421 -2.663930
v 1.328964 -2.676765 -2.465415
v 1.328964 -2.576421 -2.465415
v 1.429585 -2.566387 -2.564311
v 1.429585 -2.466042 -2.564311
v 1.264572 -2.566387 -2.564311
v 1.264572 -2.466042 -2.564311
v 1.429585 -2.566387 -2.664654
v 1.429585 -2.466042 -2.664654
v 1.264572 -2.566387 -2.664654
v 1.264572 -2.466042 -2.664654
v 1.429307 -2.456007 -2.663930
v 1.429307 -2.355664 -2.663930
v 1.429307 -2.456007 -2.473848
v 1.429307 -2.355664 -2.473848
v 1.328964 -2.456007 -2.663930
v 1.328964 -2.355664 -2.663930
v 1.328964 -2.456007 -2.473848
v 1.328964 -2.355664 -2.473848
v 1.429585 -2.345629 -2.564311
v 1.429585 -2.245286 -2.564311
v 1.199969 -2.345629 -2.564311
v 1.199969 -2.245286 -2.564311
v 1.429585 -2.345629 -2.664654
v 1.429585 -2.245286 -2.664654
v 1.199969 -2.345629 -2.664654
v 1.199969 -2.245286 -2.664654
v 1.429307 -2.235250 -2.663930
v 1.429307 -2.134906 -2.663930
v 1.429307 -2.235250 -2.436971
v 1.429307 -2.134906 -2.436971
v 1.328964 -2.235250 -2.663930
v 1.328964 -2.134906 -2.663930
v 1.328964 -2.235250 -2.436971
v 1.328964 -2.134906 -2.436971
v 1.429585 -2.124872 -2.564311
v 1.429585 -2.024528 -2.564311
v 1.231071 -2.124872 -2.564311
v 1.231071 -2.024528 -2.564311
v 1.429585 -2.124872 -2.664654
v 1.429585 -2.024528 -2.664654
v 1.231071 -2.124872 -2.664654
v 1.231071 -2.024528 -2.664654
v 1.429307 -2.014494 -2.663930
v 1.429307 -1.914149 -2.663930
v 1.429307 -2.014494 -2.473848
v 1.429307 -1.914149 -2.473848
v 1.328964 -2.014494 -2.663930
v 1.328964 -1.914149 -2.663930
v 1.328964 -2.014494 -2.473848
v 1.328964 -1.914149 -2.473848
v 1.429585 -1.904115 -2.564311
v 1.429585 -1.803771 -2.564311
v 1.199969 -1.904115 -2.564311
v 1.199969 -1.803771 -2.564311
v 1.429585 -1.904115 -2.664654
v 1.429585 -1.803771 -2.664654
v 1.199969 -1.904115 -2.664654
v 1.199969 -1.803771 -2.664654
v 1.429307 -1.794343 -2.663930
v 1.429307 -1.694000 -2.663930
v 1.429307 -1.794343 -2.473848
v 1.429307 -1.694000 -2.473848
v 1.328964 -1.794343 -2.663930
v 1.328964 -1.694000 -2.663930
v 1.328964 -1.794343 -2.473848
v 1.328964 -1.694000 -2.473848
v 1.429585 -1.683965 -2.564311
v 1.429585 -1.583620 -2.564311
v 1.199969 -1.683965 -2.564311
v 1.199969 -1.583620 -2.564311
v 1.429585 -1.683965 -2.664654
v 1.429585 -1.583620 -2.664654
v 1.199969 -1.683965 -2.664654
v 1.199969 -1.583620 -2.664654
v 1.429307 -1.573586 -2.663931
v 1.429307 -1.473242 -2.663931
v 1.429307 -1.573586 -2.465416
v 1.429307 -1.473242 -2.465416
v 1.328964 -1.573586 -2.663931
v 1.328964 -1.473242 -2.663931
v 1.328964 -1.573586 -2.465416
v 1.328964 -1.473242 -2.465416
v 1.429585 -1.463208 -2.564311
v 1.429585 -1.362863 -2.564312
v 1.264572 -1.463208 -2.564311
v 1.264572 -1.362863 -2.564312
v 1.429585 -1.463208 -2.664655
v 1.429585 -1.362863 -2.664655
v 1.264572 -1.463208 -2.664655
v 1.264572 -1.362863 -2.664655
v 1.429307 -1.352829 -2.663932
v 1.429307 -1.252485 -2.663932
v 1.429307 -1.352829 -2.473848
v 1.429307 -1.252485 -2.473848
v 1.328964 -1.352829 -2.663932
v 1.328964 -1.252485 -2.663932
v 1.328964 -1.352829 -2.473848
v 1.328964 -1.252485 -2.473848
v 1.429585 -1.242451 -2.564312
v 1.429585 -1.142107 -2.564312
v 1.199969 -1.242451 -2.564312
v 1.199969 -1.142107 -2.564312
v 1.429585 -1.242451 -2.664655
v 1.429585 -1.142107 -2.664655
v 1.199969 -1.242451 -2.664655
v 1.199969 -1.142107 -2.664655
v 1.429307 -1.132072 -2.663932
v 1.429307 -1.031727 -2.663932
v 1.429307 -1.132072 -2.436972
v 1.429307 -1.031727 -2.436972
v 1.328964 -1.132072 -2.663932
v 1.328964 -1.031727 -2.663932
v 1.328964 -1.132072 -2.436972
v 1.328964 -1.031727 -2.436972
v 1.429585 -1.021693 -2.564312
v 1.429585 -0.921349 -2.564312
v 1.231071 -1.021693 -2.564312
v 1.231071 -0.921349 -2.564312
v 1.429585 -1.021693 -2.664655
v 1.429585 -0.921349 -2.664655
v 1.231071 -1.021693 -2.664655
v 1.231071 -0.921349 -2.664655
v 1.429307 -0.911314 -2.663932
v 1.429307 -0.810970 -2.663932
v 1.429307 -0.911314 -2.473848
v 1.429307 -0.810970 -2.473848
v 1.328964 -0.911314 -2.663932
v 1.328964 -0.810970 -2.663932
v 1.328964 -0.911314 -2.473848
v 1.328964 -0.810970 -2.473848
v 1.329715 -3.007901 -0.414819
v 1.329715 -2.907556 -0.414819
v 1.329715 -3.007901 -0.613334
v 1.329715 -2.907556 -0.613334
v 1.430058 -3.007901 -0.414819
v 1.430058 -2.907556 -0.414819
v 1.430058 -3.007901 -0.613334
v 1.430058 -2.907556 -0.613334
v 1.429333 -2.897522 -0.415097
v 1.429333 -2.797178 -0.415097
v 1.239250 -2.897522 -0.415097
v 1.239250 -2.797178 -0.415097
v 1.429333 -2.897522 -0.515442
v 1.429333 -2.797178 -0.515442
v 1.239250 -2.897522 -0.515442
v 1.239250 -2.797178 -0.515442
v 1.329715 -2.787144 -0.414819
v 1.329715 -2.686799 -0.414819
v 1.329715 -2.787144 -0.644437
v 1.329715 -2.686799 -0.644437
v 1.430058 -2.787144 -0.414819
v 1.430058 -2.686799 -0.414819
v 1.430058 -2.787144 -0.644437
v 1.430058 -2.686799 -0.644437
v 1.429333 -2.676765 -0.415097
v 1.429333 -2.576421 -0.415097
v 1.230819 -2.676765 -0.415097
v 1.230819 -2.576421 -0.415097
v 1.429333 -2.676765 -0.515442
v 1.429333 -2.576421 -0.515442
v 1.230819 -2.676765 -0.515442
v 1.230819 -2.576421 -0.515442
v 1.329715 -2.566387 -0.414819
v 1.329715 -2.466042 -0.414819
v 1.329715 -2.566387 -0.579832
v 1.329715 -2.466042 -0.579832
v 1.430058 -2.566387 -0.414819
v 1.430058 -2.466042 -0.414819
v 1.430058 -2.566387 -0.579832
v 1.430058 -2.466042 -0.579832
v 1.429333 -2.456007 -0.415097
v 1.429333 -2.355663 -0.415097
v 1.239250 -2.456007 -0.415097
v 1.239250 -2.355663 -0.415097
v 1.429333 -2.456007 -0.515442
v 1.429333 -2.355664 -0.515442
v 1.239250 -2.456007 -0.515442
v 1.239250 -2.355664 -0.515442
v 1.329715 -2.345629 -0.414819
v 1.329715 -2.245285 -0.414819
v 1.329715 -2.345629 -0.644437
v 1.329715 -2.245285 -0.644437
v 1.430058 -2.345629 -0.414819
v 1.430058 -2.245285 -0.414819
v 1.430058 -2.345629 -0.644437
v 1.430058 -2.245285 -0.644437
v 1.429333 -2.235250 -0.415097
v 1.429333 -2.134906 -0.415097
v 1.202374 -2.235250 -0.415097
v 1.202374 -2.134906 -0.415097
v 1.429333 -2.235250 -0.515442
v 1.429333 -2.134906 -0.515442
v 1.202374 -2.235250 -0.515442
v 1.202374 -2.134906 -0.515442
v 1.329715 -2.124872 -0.414819
v 1.329715 -2.024528 -0.414819
v 1.329715 -2.124872 -0.613334
v 1.329715 -2.024528 -0.613334
v 1.430058 -2.124872 -0.414819
v 1.430058 -2.024528 -0.414819
v 1.430058 -2.124872 -0.613334
v 1.430058 -2.024528 -0.613334
v 1.429333 -2.014494 -0.415097
v 1.429333 -1.914149 -0.415097
v 1.239250 -2.014494 -0.415097
v 1.239250 -1.914149 -0.415097
v 1.429333 -2.014494 -0.515442
v 1.429333 -1.914149 -0.515442
v 1.239250 -2.014494 -0.515442
v 1.239250 -1.914149 -0.515442
v 1.329715 -1.904114 -0.414819
v 1.329715 -1.803771 -0.414819
v 1.329715 -1.904114 -0.644437
v 1.329715 -1.803771 -0.644437
v 1.430058 -1.904114 -0.414819
v 1.430058 -1.803771 -0.414819
v 1.430058 -1.904114 -0.644437
v 1.430058 -1.803771 -0.644437
v 1.429333 -1.794343 -0.415097
v 1.429333 -1.693999 -0.415097
v 1.239250 -1.794343 -0.415097
v 1.239250 -1.693999 -0.415097
v 1.429333 -1.794343 -0.515442
v 1.429333 -1.693999 -0.515442
v 1.239250 -1.794343 -0.515442
v 1.239250 -1.693999 -0.515442
v 1.329715 -1.683965 -0.414819
v 1.329715 -1.583620 -0.414819
v 1.329715 -1.683965 -0.644437
v 1.329715 -1.583620 -0.644437
v 1.430058 -1.683965 -0.414819
v 1.430058 -1.583620 -0.414819
v 1.430058 -1.683965 -0.644437
v 1.430058 -1.583620 -0.644437
v 1.429333 -1.573586 -0.415097
v 1.429333 -1.473242 -0.415097
v 1.230819 -1.573586 -0.415097
v 1.230819 -1.473242 -0.415097
v 1.429333 -1.573586 -0.515442
v 1.429333 -1.473242 -0.515442
v 1.230819 -1.573586 -0.515442
v 1.230819 -1.473242 -0.515442
v 1.329715 -1.463208 -0.414819
v 1.329715 -1.362863 -0.414819
v 1.329715 -1.463208 -0.579832
v 1.329715 -1.362863 -0.579832
v 1.430058 -1.463208 -0.414819
v 1.430058 -1.362863 -0.414819
v 1.430058 -1.463208 -0.579832
v 1.430058 -1.362863 -0.579832
v 1.429333 -1.352829 -0.415097
v 1.429333 -1.252485 -0.415097
v 1.239250 -1.352829 -0.415097
v 1.239250 -1.252485 -0.415097
v 1.429333 -1.352829 -0.515442
v 1.429333 -1.252485 -0.515442
v 1.239250 -1.352829 -0.515442
v 1.239250 -1.252485 -0.515442
v 1.329715 -1.242450 -0.414819
v 1.329715 -1.142107 -0.414819
v 1.329715 -1.242450 -0.644437
v 1.329715 -1.142107 -0.644437
v 1.430058 -1.242450 -0.414819
v 1.430058 -1.142107 -0.414819
v 1.430058 -1.242450 -0.644437
v 1.430058 -1.142107 -0.644437
v 1.429333 -1.132072 -0.415097
v 1.429333 -1.031727 -0.415097
v 1.202374 -1.132072 -0.415097
v 1.202374 -1.031727 -0.415097
v 1.429333 -1.132072 -0.515442
v 1.429333 -1.031727 -0.515442
v 1.202374 -1.132072 -0.515442
v 1.202374 -1.031727 -0.515442
v 1.329715 -1.021693 -0.414819
v 1.329715 -0.921348 -0.414819
v 1.329715 -1.021693 -0.613335
v 1.329715 -0.921349 -0.613335
v 1.430058 -1.021693 -0.414819
v 1.430058 -0.921348 -0.414819
v 1.430058 -1.021693 -0.613335
v 1.430058 -0.921349 -0.613335
v 1.429333 -0.911313 -0.415097
v 1.429333 -0.810969 -0.415097
v 1.239250 -0.911313 -0.415097
v 1.239250 -0.810969 -0.415097
v 1.429333 -0.911313 -0.515442
v 1.429333 -0.810969 -0.515442
v 1.239250 -0.911313 -0.515442
v 1.239250 -0.810969 -0.515442
v -1.726866 -1.067173 1.808252
v -1.726866 -0.966828 1.808252
v -1.925382 -1.067173 1.808252
v -1.925382 -0.966828 1.808252
v -1.726866 -1.067173 1.707906
v -1.726866 -0.966828 1.707906
v -1.925382 -1.067173 1.707906
v -1.925382 -0.966828 1.707906
v -1.863023 -2.194747 1.808251
v -1.863023 -2.094404 1.808251
v -2.089982 -2.194747 1.808251
v -2.089982 -2.094404 1.808251
v -1.863023 -2.194747 1.707906
v -1.863023 -2.094404 1.707906
v -2.089982 -2.194747 1.707906
v -2.089982 -2.094404 1.707906
v -1.962642 -2.084369 1.808530
v -1.962642 -1.984025 1.808530
v -1.962642 -2.084369 1.610013
v -1.962642 -1.984025 1.610013
v -1.862298 -2.084369 1.808530
v -1.862298 -1.984025 1.808530
v -1.862298 -2.084369 1.610013
v -1.862298 -1.984025 1.610013
v -1.863023 -1.973991 1.808251
v -1.863023 -1.873646 1.808251
v -2.053105 -1.973991 1.808251
v -2.053105 -1.873646 1.808251
v -1.863023 -1.973991 1.707906
v -1.863023 -1.873646 1.707906
v -2.053105 -1.973991 1.707906
v -2.053105 -1.873646 1.707906
v -1.962642 -1.863613 1.808530
v -1.962642 -1.763268 1.808530
v -1.962642 -1.863613 1.578912
v -1.962642 -1.763268 1.578912
v -1.862298 -1.863613 1.808530
v -1.862298 -1.763268 1.808530
v -1.862298 -1.863613 1.578912
v -1.862298 -1.763268 1.578912
v -1.863023 -1.753842 1.808251
v -1.863023 -1.653497 1.808251
v -2.053105 -1.753842 1.808251
v -2.053105 -1.653497 1.808251
v -1.863023 -1.753842 1.707906
v -1.863023 -1.653497 1.707906
v -2.053105 -1.753842 1.707906
v -2.053105 -1.653497 1.707906
v -1.962642 -1.643463 1.808530
v -1.962642 -1.543118 1.808530
v -1.962642 -1.643463 1.578912
v -1.962642 -1.543118 1.578912
v -1.862298 -1.643463 1.808530
v -1.862298 -1.543118 1.808530
v -1.862298 -1.643463 1.578912
v -1.862298 -1.543118 1.578912
v -1.863023 -1.533084 1.808251
v -1.863023 -1.432739 1.808251
v -2.061538 -1.533084 1.808251
v -2.061538 -1.432739 1.808251
v -1.863023 -1.533084 1.707906
v -1.863023 -1.432739 1.707906
v -2.061538 -1.533084 1.707906
v -2.061538 -1.432739 1.707906
v -1.371729 -2.191818 1.807394
v -1.371729 -2.091473 1.807394
v -1.371729 -2.191818 1.617309
v -1.371729 -2.091473 1.617309
v -1.271386 -2.191818 1.807394
v -1.271386 -2.091473 1.807394
v -1.271386 -2.191818 1.617309
v -1.271386 -2.091473 1.617309
v -1.372008 -2.081439 1.707773
v -1.372008 -1.981097 1.707773
v -1.206995 -2.081439 1.707773
v -1.206995 -1.981097 1.707773
v -1.372008 -2.081439 1.808118
v -1.372008 -1.981097 1.808118
v -1.206995 -2.081439 1.808118
v -1.206995 -1.981097 1.808118
v -1.371729 -1.971061 1.807394
v -1.371729 -1.870718 1.807394
v -1.371729 -1.971061 1.608877
v -1.371729 -1.870718 1.608877
v -1.271386 -1.971061 1.807394
v -1.271386 -1.870718 1.807394
v -1.271386 -1.971061 1.608877
v -1.271386 -1.870718 1.608877
v -1.372008 -1.860684 1.707773
v -1.372008 -1.760339 1.707773
v -1.142390 -1.860684 1.707773
v -1.142390 -1.760339 1.707773
v -1.372008 -1.860684 1.808118
v -1.372008 -1.760339 1.808118
v -1.142390 -1.860684 1.808118
v -1.142390 -1.760339 1.808118
v -1.371729 -1.750306 1.807394
v -1.371729 -1.649961 1.807394
v -1.371729 -1.750306 1.617309
v -1.371729 -1.649961 1.617309
v -1.271386 -1.750306 1.807394
v -1.271386 -1.649961 1.807394
v -1.271386 -1.750306 1.617309
v -1.271386 -1.649961 1.617309
v -1.372008 -1.639925 1.707773
v -1.372008 -1.539582 1.707773
v -1.173491 -1.639925 1.707773
v -1.173491 -1.539582 1.707773
v -1.372008 -1.639925 1.808118
v -1.372008 -1.539582 1.808118
v -1.173491 -1.639925 1.808118
v -1.173491 -1.539582 1.808118
v -1.371729 -1.532349 1.807394
v -1.371729 -1.432006 1.807394
v -1.371729 -1.532349 1.580435
v -1.371729 -1.432006 1.580435
v -1.271386 -1.532349 1.807394
v -1.271386 -1.432006 1.807394
v -1.271386 -1.532349 1.580435
v -1.271386 -1.432006 1.580435
v -1.499910 -2.740845 1.808251
v -1.499910 -2.640500 1.808251
v -1.726867 -2.740845 1.808251
v -1.726867 -2.640500 1.808251
v -1.499910 -2.740845 1.707906
v -1.499910 -2.640500 1.707906
v -1.726867 -2.740845 1.707906
v -1.726867 -2.640500 1.707906
v -1.382684 -2.634453 1.808251
v -1.382684 -2.534109 1.808251
v -1.572767 -2.634453 1.808251
v -1.572767 -2.534109 1.808251
v -1.382684 -2.634453 1.707906
v -1.382684 -2.534109 1.707906
v -1.572767 -2.634453 1.707906
v -1.572767 -2.534109 1.707906
v -0.338864 0.129651 1.808251
v -0.338864 0.229998 1.808251
v -0.565823 0.129651 1.808251
v -0.565823 0.229998 1.808251
v -0.338864 0.129651 1.707906
v -0.338864 0.229998 1.707906
v -0.565823 0.129651 1.707906
v -0.565823 0.229998 1.707906
v -0.221638 0.236045 1.808251
v -0.221638 0.336388 1.808251
v -0.411723 0.236045 1.808251
v -0.411723 0.336388 1.808251
v -0.221638 0.236045 1.707906
v -0.221638 0.336388 1.707906
v -0.411723 0.236045 1.707906
v -0.411723 0.336388 1.707906
v -0.210098 0.019765 1.808251
v -0.210098 0.120109 1.808251
v -0.408612 0.019765 1.808251
v -0.408612 0.120109 1.808251
v -0.210098 0.019765 1.707906
v -0.210098 0.120108 1.707906
v -0.408612 0.019765 1.707906
v -0.408612 0.120108 1.707906
v -2.687994 -0.510978 1.808251
v -2.687994 -0.410632 1.808251
v -2.878079 -0.510978 1.808251
v -2.878079 -0.410632 1.808251
v -2.687994 -0.510978 1.707906
v -2.687994 -0.410632 1.707906
v -2.878079 -0.510978 1.707906
v -2.878079 -0.410632 1.707906
v 0.530417 -1.916169 -0.415097
v 0.530417 -1.815825 -0.415097
v 0.303457 -1.916169 -0.415097
v 0.303457 -1.815825 -0.415097
v 0.530417 -1.916169 -0.515442
v 0.530417 -1.815825 -0.515442
v 0.303457 -1.916169 -0.515442
v 0.303457 -1.815825 -0.515442
v 0.681381 -1.805204 -0.415097
v 0.681381 -1.704859 -0.415097
v 0.491297 -1.805204 -0.415097
v 0.491297 -1.704859 -0.415097
v 0.681381 -1.805204 -0.515442
v 0.681381 -1.704859 -0.515442
v 0.491297 -1.805204 -0.515442
v 0.491297 -1.704859 -0.515442
v -0.344303 -2.128394 1.306234
v -0.344303 -2.028050 1.306234
v -0.344303 -2.128394 1.076616
v -0.344303 -2.028050 1.076616
v -0.243958 -2.128394 1.306234
v -0.243958 -2.028050 1.306234
v -0.243958 -2.128394 1.076616
v -0.243958 -2.028050 1.076616
v -0.344303 -1.457520 1.297313
v -0.344303 -1.357175 1.297313
v -0.344303 -1.457520 1.067695
v -0.344303 -1.357175 1.067695
v -0.243958 -1.457520 1.297313
v -0.243958 -1.357175 1.297313
v -0.243958 -1.457520 1.067695
v -0.243958 -1.357175 1.067695
v 0.573012 -2.010029 -2.564311
v 0.573012 -1.909685 -2.564311
v 0.374498 -2.010029 -2.564311
v 0.374498 -1.909685 -2.564311
v 0.573012 -2.010029 -2.664654
v 0.573012 -1.909685 -2.664654
v 0.374498 -2.010029 -2.664654
v 0.374498 -1.909685 -2.664654
v 0.469131 -1.902104 -2.564311
v 0.469131 -1.801760 -2.564311
v 0.239512 -1.902104 -2.564311
v 0.239512 -1.801760 -2.564311
v 0.469131 -1.902104 -2.664654
v 0.469131 -1.801760 -2.664654
v 0.239512 -1.902104 -2.664654
v 0.239512 -1.801760 -2.664654
v 0.506652 -1.794415 -2.564311
v 0.506652 -1.694071 -2.564311
v 0.341637 -1.794415 -2.564311
v 0.341637 -1.694071 -2.564311
v 0.506652 -1.794415 -2.664654
v 0.506652 -1.694071 -2.664654
v 0.341637 -1.794415 -2.664654
v 0.341637 -1.694071 -2.664654
v -1.921161 -2.036715 -2.926105
v -1.921161 -1.936371 -2.926105
v -2.150779 -2.036715 -2.926105
v -2.150779 -1.936371 -2.926105
v -1.921161 -2.036715 -3.026448
v -1.921161 -1.936371 -3.026448
v -2.150779 -2.036715 -3.026448
v -2.150779 -1.936371 -3.026448
v -1.352003 -1.500949 -2.926105
v -1.352003 -1.400604 -2.926105
v -1.517017 -1.500949 -2.926105
v -1.517017 -1.400604 -2.926105
v -1.352003 -1.500949 -3.026449
v -1.352003 -1.400604 -3.026449
v -1.517017 -1.500949 -3.026449
v -1.517017 -1.400604 -3.026449
v -2.165734 0.343739 -2.923857
v -2.165734 0.243396 -2.923857
v -2.392692 0.343739 -2.923857
v -2.392692 0.243396 -2.923857
v -2.165734 0.343739 -3.024201
v -2.165734 0.243396 -3.024201
v -2.392692 0.343739 -3.024201
v -2.392692 0.243396 -3.024201
v -1.323544 0.076288 -2.926105
v -1.323544 0.176632 -2.926105
v -1.553162 0.076288 -2.926105
v -1.553162 0.176632 -2.926105
v -1.323544 0.076288 -3.026449
v -1.323544 0.176632 -3.026449
v -1.553162 0.076288 -3.026449
v -1.553162 0.176632 -3.026449
v -0.754385 0.612055 -2.926105
v -0.754385 0.712399 -2.926105
v -0.919399 0.612055 -2.926105
v -0.919399 0.712399 -2.926105
v -0.754385 0.612055 -3.026449
v -0.754385 0.712399 -3.026449
v -0.919399 0.612055 -3.026449
v -0.919399 0.712399 -3.026449
v -0.836357 -0.556546 1.808251
v -0.836357 -0.456199 1.808251
v -1.063316 -0.556546 1.808251
v -1.063316 -0.456199 1.808251
v -0.836357 -0.556546 1.707906
v -0.836357 -0.456200 1.707906
v -1.063316 -0.556546 1.707906
v -1.063316 -0.456200 1.707906
v -0.949008 -0.450153 1.808251
v -0.949008 -0.349809 1.808251
v -1.139091 -0.450153 1.808251
v -1.139091 -0.349809 1.808251
v -0.949008 -0.450153 1.707906
v -0.949008 -0.349810 1.707906
v -1.139091 -0.450153 1.707906
v -1.139091 -0.349810 1.707906
v -0.937464 -0.666432 1.808251
v -0.937464 -0.566090 1.808251
v -1.135982 -0.666432 1.808251
v -1.135982 -0.566090 1.808251
v -0.937464 -0.666432 1.707906
v -0.937464 -0.566090 1.707906
v -1.135982 -0.666432 1.707906
v -1.135982 -0.566090 1.707906
v 0.224205 1.696659 0.776264
v 0.224205 2.367641 0.776264
v 0.224205 2.367641 0.355600
v 0.224205 1.696659 0.355600
v 0.238309 1.696659 0.776264
v 0.238309 2.367641 0.776264
v 0.238309 2.367641 0.355600
v 0.238309 1.696659 0.355600
v 0.238309 1.639283 0.833645
v 0.238309 2.425022 0.833645
v 0.238309 2.425022 0.298219
v 0.238309 1.639282 0.298219
v 0.233950 1.696659 0.776264
v 0.233950 2.367641 0.776264
v 0.233950 2.367641 0.355600
v 0.233950 1.696659 0.355600
v 0.233950 1.864406 0.776264
v 0.233950 2.032151 0.776264
v 0.233950 2.199898 0.776264
v 0.233950 2.199898 0.355600
v 0.233950 2.032151 0.355600
v 0.233950 1.864406 0.355600
v 0.233950 1.696659 0.636042
v 0.233950 1.696659 0.495820
v 0.233950 2.367641 0.495820
v 0.233950 2.367641 0.636041
v 0.233950 1.864406 0.495820
v 0.233950 1.864406 0.636041
v 0.233950 2.032151 0.495820
v 0.233950 2.032151 0.636041
v 0.233950 2.199898 0.495820
v 0.233950 2.199898 0.636041
v 0.233950 2.283769 0.776264
v 0.233950 1.780535 0.355600
v 0.233950 1.696659 0.425709
v 0.233950 2.367641 0.706155
v 0.233950 1.780535 0.776264
v 0.233950 1.948277 0.776264
v 0.233950 2.116023 0.776264
v 0.233950 2.283769 0.355600
v 0.233950 2.116023 0.355600
v 0.233950 1.948277 0.355600
v 0.233950 1.864406 0.706155
v 0.233950 2.032151 0.706155
v 0.233950 2.199898 0.706155
v 0.233950 1.696659 0.706155
v 0.233950 1.696659 0.565932
v 0.233950 2.367641 0.425709
v 0.233950 2.367641 0.565932
v 0.233950 1.864406 0.425709
v 0.233950 1.864406 0.565932
v 0.233950 2.032151 0.425709
v 0.233950 2.032151 0.565932
v 0.233950 2.199898 0.425709
v 0.233950 2.199898 0.565932
v 0.233950 2.116023 0.495820
v 0.233950 2.116023 0.636041
v 0.233950 1.948277 0.495820
v 0.233950 1.948277 0.636041
v 0.233950 1.780535 0.495820
v 0.233950 1.780535 0.636041
v 0.233950 2.283769 0.495820
v 0.233950 2.283769 0.636041
v 0.233950 2.283769 0.565932
v 0.233950 2.283769 0.425709
v 0.233950 1.780535 0.565932
v 0.233950 1.780535 0.425709
v 0.233950 1.948277 0.565932
v 0.233950 1.948277 0.425709
v 0.233950 2.116023 0.565932
v 0.233950 2.116023 0.425709
v 0.233950 2.116023 0.706155
v 0.233950 1.948277 0.706155
v 0.233950 1.780535 0.706155
v 0.233950 2.283769 0.706155
v 0.233950 2.325704 0.741210
v 0.233950 1.822470 0.741210
v 0.233950 1.990213 0.741210
v 0.233950 2.157959 0.741210
v 0.233950 2.157959 0.460766
v 0.233950 2.157959 0.600988
v 0.233950 1.990213 0.460766
v 0.233950 1.990213 0.600988
v 0.233950 1.822470 0.460766
v 0.233950 1.822470 0.600988
v 0.233950 2.325704 0.460766
v 0.233950 2.325704 0.600988
v 0.233950 2.241833 0.600988
v 0.233950 2.241833 0.530875
v 0.233950 2.325704 0.530875
v 0.233950 2.241833 0.460766
v 0.233950 2.241833 0.390654
v 0.233950 2.325704 0.390654
v 0.233950 1.738596 0.600988
v 0.233950 1.738596 0.530875
v 0.233950 1.822470 0.530875
v 0.233950 1.738596 0.460766
v 0.233950 1.738596 0.390654
v 0.233950 1.822470 0.390654
v 0.233950 1.906342 0.600988
v 0.233950 1.906342 0.530875
v 0.233950 1.990213 0.530875
v 0.233950 1.906342 0.460766
v 0.233950 1.906342 0.390654
v 0.233950 1.990213 0.390654
v 0.233950 2.074087 0.600988
v 0.233950 2.074087 0.530875
v 0.233950 2.157959 0.530875
v 0.233950 2.074087 0.460766
v 0.233950 2.074087 0.390654
v 0.233950 2.157959 0.390654
v 0.233950 2.074087 0.741210
v 0.233950 2.074087 0.671098
v 0.233950 2.157959 0.671098
v 0.233950 1.906342 0.741210
v 0.233950 1.906342 0.671098
v 0.233950 1.990213 0.671098
v 0.233950 1.738596 0.741210
v 0.233950 1.738596 0.671098
v 0.233950 1.822470 0.671098
v 0.233950 2.241833 0.741210
v 0.233950 2.241833 0.671098
v 0.233950 2.325704 0.671098
v 0.225950 2.360733 0.720933
v 0.225950 2.360733 0.761486
v 0.225950 2.336478 0.741210
v 0.225950 2.348606 0.769356
v 0.225950 2.302803 0.769356
v 0.225950 2.325704 0.750212
v 0.225950 2.283769 0.697150
v 0.225950 2.252603 0.671098
v 0.225950 2.283769 0.645046
v 0.225950 2.314934 0.671098
v 0.225950 2.283769 0.767260
v 0.225950 2.252603 0.741210
v 0.225950 2.283769 0.715159
v 0.225950 2.314934 0.741210
v 0.225950 1.845371 0.769356
v 0.225950 1.799569 0.769356
v 0.225950 1.822470 0.750212
v 0.225950 1.780535 0.697150
v 0.225950 1.749369 0.671098
v 0.225950 1.780535 0.645046
v 0.225950 1.811698 0.671098
v 0.225950 1.780535 0.767260
v 0.225950 1.749369 0.741210
v 0.225950 1.780535 0.715159
v 0.225950 1.811698 0.741210
v 0.225950 2.013114 0.769356
v 0.225950 1.967315 0.769356
v 0.225950 1.990213 0.750212
v 0.225950 1.948277 0.697150
v 0.225950 1.917114 0.671098
v 0.225950 1.948277 0.645046
v 0.225950 1.979443 0.671098
v 0.225950 1.948277 0.767260
v 0.225950 1.917114 0.741210
v 0.225950 1.948277 0.715159
v 0.225950 1.979443 0.741210
v 0.225950 2.180860 0.769356
v 0.225950 2.135061 0.769356
v 0.225950 2.157959 0.750212
v 0.225950 2.116023 0.697150
v 0.225950 2.084857 0.671098
v 0.225950 2.116023 0.645046
v 0.225950 2.147189 0.671098
v 0.225950 2.116023 0.767260
v 0.225950 2.084857 0.741210
v 0.225950 2.116023 0.715159
v 0.225950 2.147189 0.741210
v 0.225950 2.116023 0.416705
v 0.225950 2.084857 0.390654
v 0.225950 2.116023 0.364604
v 0.225950 2.147189 0.390654
v 0.225950 2.116023 0.486818
v 0.225950 2.084857 0.460766
v 0.225950 2.116023 0.434715
v 0.225950 2.147189 0.460766
v 0.225950 2.116023 0.556927
v 0.225950 2.084857 0.530875
v 0.225950 2.116023 0.504824
v 0.225950 2.147189 0.530875
v 0.225950 2.116023 0.627039
v 0.225950 2.084857 0.600988
v 0.225950 2.116023 0.574936
v 0.225950 2.147189 0.600988
v 0.225950 1.948277 0.416705
v 0.225950 1.917114 0.390654
v 0.225950 1.948277 0.364604
v 0.225950 1.979443 0.390654
v 0.225950 1.948277 0.486818
v 0.225950 1.917114 0.460766
v 0.225950 1.948277 0.434715
v 0.225950 1.979443 0.460766
v 0.225950 1.948277 0.556927
v 0.225950 1.917114 0.530875
v 0.225950 1.948277 0.504824
v 0.225950 1.979443 0.530875
v 0.225950 1.948277 0.627039
v 0.225950 1.917114 0.600988
v 0.225950 1.948277 0.574936
v 0.225950 1.979443 0.600988
v 0.225950 1.780535 0.416705
v 0.225950 1.749369 0.390654
v 0.225950 1.780535 0.364604
v 0.225950 1.811698 0.390654
v 0.225950 1.780535 0.486818
v 0.225950 1.749369 0.460766
v 0.225950 1.780535 0.434715
v 0.225950 1.811698 0.460766
v 0.225950 1.780535 0.556927
v 0.225950 1.749369 0.530875
v 0.225950 1.780535 0.504824
v 0.225950 1.811698 0.530875
v 0.225950 1.780535 0.627039
v 0.225950 1.749369 0.600988
v 0.225950 1.780535 0.574936
v 0.225950 1.811698 0.600988
v 0.225950 2.360733 0.440489
v 0.225950 2.360733 0.481043
v 0.225950 2.336478 0.460766
v 0.225950 2.283769 0.416705
v 0.225950 2.252603 0.390654
v 0.225950 2.283769 0.364604
v 0.225950 2.314934 0.390654
v 0.225950 2.283769 0.486818
v 0.225950 2.252603 0.460766
v 0.225950 2.283769 0.434715
v 0.225950 2.314934 0.460766
v 0.225950 2.360733 0.580712
v 0.225950 2.360733 0.621264
v 0.225950 2.336478 0.600988
v 0.225950 2.283769 0.556927
v 0.225950 2.252603 0.530875
v 0.225950 2.283769 0.504824
v 0.225950 2.314934 0.530875
v 0.225950 2.294540 0.565932
v 0.225950 2.325704 0.539881
v 0.225950 2.356871 0.565932
v 0.225950 2.325704 0.591984
v 0.225950 2.042921 0.495820
v 0.225950 2.074087 0.469770
v 0.225950 2.105253 0.495820
v 0.225950 2.074087 0.521873
v 0.225950 2.210667 0.636041
v 0.225950 2.241833 0.609990
v 0.225950 2.272997 0.636041
v 0.225950 2.241833 0.662094
v 0.225950 2.126796 0.495820
v 0.225950 2.157959 0.469770
v 0.225950 2.189124 0.495820
v 0.225950 2.157959 0.521873
v 0.225950 2.294540 0.636041
v 0.225950 2.325704 0.609990
v 0.225950 2.356871 0.636041
v 0.225950 2.325704 0.662094
v 0.225950 2.360733 0.510599
v 0.225950 2.360733 0.551152
v 0.225950 2.336478 0.530875
v 0.225950 2.210667 0.565932
v 0.225950 2.241833 0.539881
v 0.225950 2.272997 0.565932
v 0.225950 2.241833 0.591984
v 0.225950 2.294540 0.425709
v 0.225950 2.325704 0.399658
v 0.225950 2.356871 0.425709
v 0.225950 2.325704 0.451761
v 0.225950 2.199898 0.627039
v 0.225950 2.168732 0.600988
v 0.225950 2.199898 0.574936
v 0.225950 2.231060 0.600988
v 0.225950 2.218932 0.362507
v 0.225950 2.264735 0.362507
v 0.225950 2.241833 0.381651
v 0.225950 2.199898 0.556927
v 0.225950 2.168732 0.530875
v 0.225950 2.199898 0.504824
v 0.225950 2.231060 0.530875
v 0.225950 2.302803 0.362507
v 0.225950 2.348606 0.362507
v 0.225950 2.325704 0.381651
v 0.225950 2.360733 0.370377
v 0.225950 2.360733 0.410931
v 0.225950 2.336478 0.390654
v 0.225950 2.210667 0.425709
v 0.225950 2.241833 0.399658
v 0.225950 2.272997 0.425709
v 0.225950 2.241833 0.451761
v 0.225950 1.791304 0.565932
v 0.225950 1.822470 0.539881
v 0.225950 1.853633 0.565932
v 0.225950 1.822470 0.591984
v 0.225950 1.703567 0.621264
v 0.225950 1.703567 0.580712
v 0.225950 1.727826 0.600988
v 0.225950 1.707433 0.636042
v 0.225950 1.738596 0.609991
v 0.225950 1.769761 0.636041
v 0.225950 1.738596 0.662094
v 0.225950 1.703567 0.551152
v 0.225950 1.703567 0.510599
v 0.225950 1.727826 0.530875
v 0.225950 1.791304 0.636041
v 0.225950 1.822470 0.609991
v 0.225950 1.853633 0.636041
v 0.225950 1.822470 0.662094
v 0.225950 1.707433 0.565932
v 0.225950 1.738596 0.539881
v 0.225950 1.769761 0.565932
v 0.225950 1.738596 0.591984
v 0.225950 1.791304 0.425709
v 0.225950 1.822470 0.399658
v 0.225950 1.853633 0.425709
v 0.225950 1.822470 0.451761
v 0.225950 1.703567 0.481043
v 0.225950 1.703567 0.440489
v 0.225950 1.727826 0.460766
v 0.225950 1.715695 0.362507
v 0.225950 1.761497 0.362507
v 0.225950 1.738596 0.381651
v 0.225950 1.703567 0.410931
v 0.225950 1.703567 0.370377
v 0.225950 1.727826 0.390654
v 0.225950 1.799569 0.362507
v 0.225950 1.845371 0.362507
v 0.225950 1.822470 0.381651
v 0.225950 1.707433 0.425709
v 0.225950 1.738596 0.399658
v 0.225950 1.769761 0.425709
v 0.225950 1.738596 0.451761
v 0.225950 1.959051 0.565932
v 0.225950 1.990213 0.539881
v 0.225950 2.021378 0.565932
v 0.225950 1.990213 0.591984
v 0.225950 2.032151 0.486818
v 0.225950 2.000985 0.460766
v 0.225950 2.032151 0.434715
v 0.225950 2.063315 0.460766
v 0.225950 1.875177 0.636041
v 0.225950 1.906342 0.609991
v 0.225950 1.937507 0.636041
v 0.225950 1.906342 0.662094
v 0.225950 2.032151 0.416705
v 0.225950 2.000985 0.390654
v 0.225950 2.032151 0.364604
v 0.225950 2.063315 0.390654
v 0.225950 1.959051 0.636041
v 0.225950 1.990213 0.609990
v 0.225950 2.021378 0.636041
v 0.225950 1.990213 0.662094
v 0.225950 1.875177 0.565932
v 0.225950 1.906342 0.539881
v 0.225950 1.937507 0.565932
v 0.225950 1.906342 0.591984
v 0.225950 1.959051 0.425709
v 0.225950 1.990213 0.399658
v 0.225950 2.021378 0.425709
v 0.225950 1.990213 0.451761
v 0.225950 1.864406 0.627039
v 0.225950 1.833240 0.600988
v 0.225950 1.864406 0.574936
v 0.225950 1.895571 0.600988
v 0.225950 1.883441 0.362507
v 0.225950 1.929242 0.362507
v 0.225950 1.906342 0.381651
v 0.225950 1.864406 0.556927
v 0.225950 1.833240 0.530875
v 0.225950 1.864406 0.504824
v 0.225950 1.895571 0.530875
v 0.225950 1.967315 0.362507
v 0.225950 2.013114 0.362507
v 0.225950 1.990213 0.381651
v 0.225950 1.875177 0.425709
v 0.225950 1.906342 0.399658
v 0.225950 1.937507 0.425709
v 0.225950 1.906342 0.451761
v 0.225950 2.126796 0.565932
v 0.225950 2.157959 0.539881
v 0.225950 2.189124 0.565932
v 0.225950 2.157959 0.591984
v 0.225950 2.199898 0.486818
v 0.225950 2.168732 0.460766
v 0.225950 2.199898 0.434715
v 0.225950 2.231060 0.460766
v 0.225950 2.042921 0.636041
v 0.225950 2.074087 0.609990
v 0.225950 2.105253 0.636041
v 0.225950 2.074087 0.662094
v 0.225950 2.199898 0.416705
v 0.225950 2.168732 0.390654
v 0.225950 2.199898 0.364604
v 0.225950 2.231060 0.390654
v 0.225950 2.126796 0.636041
v 0.225950 2.157959 0.609990
v 0.225950 2.189124 0.636041
v 0.225950 2.157959 0.662094
v 0.225950 2.042921 0.565932
v 0.225950 2.074087 0.539881
v 0.225950 2.105253 0.565932
v 0.225950 2.074087 0.591984
v 0.225950 2.126796 0.425709
v 0.225950 2.157959 0.399658
v 0.225950 2.189124 0.425709
v 0.225950 2.157959 0.451761
v 0.225950 2.032151 0.627039
v 0.225950 2.000985 0.600988
v 0.225950 2.032151 0.574936
v 0.225950 2.063315 0.600988
v 0.225950 2.051186 0.362507
v 0.225950 2.096989 0.362507
v 0.225950 2.074087 0.381651
v 0.225950 2.032151 0.556927
v 0.225950 2.000985 0.530875
v 0.225950 2.032151 0.504824
v 0.225950 2.063315 0.530875
v 0.225950 2.135061 0.362507
v 0.225950 2.180860 0.362507
v 0.225950 2.157959 0.381651
v 0.225950 2.042921 0.425709
v 0.225950 2.074087 0.399658
v 0.225950 2.105253 0.425709
v 0.225950 2.074087 0.451761
v 0.225950 2.126796 0.706155
v 0.225950 2.157959 0.680102
v 0.225950 2.189124 0.706155
v 0.225950 2.157959 0.732206
v 0.225950 2.096989 0.769356
v 0.225950 2.051186 0.769356
v 0.225950 2.074087 0.750212
v 0.225950 2.199898 0.767260
v 0.225950 2.168732 0.741210
v 0.225950 2.199898 0.715159
v 0.225950 2.231060 0.741210
v 0.225950 1.875177 0.495820
v 0.225950 1.906342 0.469770
v 0.225950 1.937507 0.495820
v 0.225950 1.906342 0.521873
v 0.225950 2.199898 0.697150
v 0.225950 2.168732 0.671098
v 0.225950 2.199898 0.645046
v 0.225950 2.231060 0.671098
v 0.225950 1.959051 0.495820
v 0.225950 1.990213 0.469770
v 0.225950 2.021378 0.495820
v 0.225950 1.990213 0.521873
v 0.225950 2.042921 0.706155
v 0.225950 2.074087 0.680102
v 0.225950 2.105253 0.706155
v 0.225950 2.074087 0.732206
v 0.225950 1.959051 0.706155
v 0.225950 1.990213 0.680102
v 0.225950 2.021378 0.706155
v 0.225950 1.990213 0.732206
v 0.225950 1.929242 0.769356
v 0.225950 1.883441 0.769356
v 0.225950 1.906342 0.750212
v 0.225950 2.032151 0.767260
v 0.225950 2.000985 0.741210
v 0.225950 2.032151 0.715159
v 0.225950 2.063315 0.741210
v 0.225950 1.707433 0.495820
v 0.225950 1.738596 0.469770
v 0.225950 1.769761 0.495820
v 0.225950 1.738596 0.521873
v 0.225950 2.032151 0.697150
v 0.225950 2.000985 0.671098
v 0.225950 2.032151 0.645046
v 0.225950 2.063315 0.671098
v 0.225950 1.791304 0.495820
v 0.225950 1.822470 0.469770
v 0.225950 1.853633 0.495820
v 0.225950 1.822470 0.521873
v 0.225950 1.875177 0.706155
v 0.225950 1.906342 0.680102
v 0.225950 1.937507 0.706155
v 0.225950 1.906342 0.732206
v 0.225950 1.791304 0.706155
v 0.225950 1.822470 0.680102
v 0.225950 1.853633 0.706155
v 0.225950 1.822470 0.732206
v 0.225950 1.761497 0.769356
v 0.225950 1.715695 0.769356
v 0.225950 1.738596 0.750212
v 0.225950 1.703567 0.761486
v 0.225950 1.703567 0.720933
v 0.225950 1.727826 0.741210
v 0.225950 2.210667 0.495820
v 0.225950 2.241833 0.469770
v 0.225950 2.272997 0.495820
v 0.225950 2.241833 0.521873
v 0.225950 1.703567 0.691375
v 0.225950 1.703567 0.650821
v 0.225950 1.727826 0.671098
v 0.225950 2.294540 0.495820
v 0.225950 2.325704 0.469770
v 0.225950 2.356871 0.495820
v 0.225950 2.325704 0.521873
v 0.225950 1.707433 0.706155
v 0.225950 1.738596 0.680102
v 0.225950 1.769761 0.706155
v 0.225950 1.738596 0.732206
v 0.225950 2.294540 0.706155
v 0.225950 2.325704 0.680102
v 0.225950 2.356871 0.706155
v 0.225950 2.325704 0.732206
v 0.225950 2.264735 0.769356
v 0.225950 2.218932 0.769356
v 0.225950 2.241833 0.750212
v 0.225950 1.864406 0.486818
v 0.225950 1.833240 0.460766
v 0.225950 1.864406 0.434715
v 0.225950 1.895571 0.460766
v 0.225950 1.864406 0.697150
v 0.225950 1.833240 0.671098
v 0.225950 1.864406 0.645046
v 0.225950 1.895571 0.671098
v 0.225950 1.864406 0.416705
v 0.225950 1.833240 0.390654
v 0.225950 1.864406 0.364604
v 0.225950 1.895571 0.390654
v 0.225950 2.283769 0.627039
v 0.225950 2.252603 0.600988
v 0.225950 2.283769 0.574936
v 0.225950 2.314934 0.600988
v 0.225950 2.360733 0.650821
v 0.225950 2.360733 0.691375
v 0.225950 2.336478 0.671098
v 0.225950 2.210667 0.706155
v 0.225950 2.241833 0.680102
v 0.225950 2.272997 0.706155
v 0.225950 2.241833 0.732206
v 0.225950 1.864406 0.767260
v 0.225950 1.833240 0.741210
v 0.225950 1.864406 0.715159
v 0.225950 1.895571 0.741210
v 0.944560 0.875332 -0.475491
v 0.944560 1.573645 -0.475491
v 1.382360 1.573645 -0.475491
v 1.382360 0.875332 -0.475491
v 0.944560 0.875332 -0.460813
v 0.944560 1.573645 -0.460813
v 1.382360 1.573645 -0.460815
v 1.382360 0.875332 -0.460815
v 0.884842 0.815616 -0.460813
v 0.884842 1.633363 -0.460813
v 1.442077 1.633363 -0.460815
v 1.442077 0.815616 -0.460815
v 0.944560 0.875332 -0.465350
v 0.944560 1.573645 -0.465350
v 1.382360 1.573645 -0.465350
v 1.382360 0.875332 -0.465350
v 0.944560 1.049910 -0.465350
v 0.944560 1.224490 -0.465350
v 0.944560 1.399066 -0.465350
v 1.382360 1.399066 -0.465350
v 1.382360 1.224490 -0.465350
v 1.382360 1.049910 -0.465350
v 1.090492 0.875332 -0.465350
v 1.236428 0.875332 -0.465350
v 1.236428 1.573645 -0.465350
v 1.090492 1.573645 -0.465350
v 1.236428 1.049910 -0.465350
v 1.090492 1.049910 -0.465350
v 1.236428 1.224490 -0.465350
v 1.090492 1.224490 -0.465350
v 1.236428 1.399066 -0.465350
v 1.090492 1.399066 -0.465350
v 0.944560 1.486358 -0.465350
v 1.382360 0.962620 -0.465350
v 1.309393 0.875332 -0.465350
v 1.017525 1.573645 -0.465350
v 0.944560 0.962620 -0.465350
v 0.944560 1.137199 -0.465350
v 0.944560 1.311778 -0.465350
v 1.382360 1.486358 -0.465350
v 1.382360 1.311778 -0.465350
v 1.382360 1.137199 -0.465350
v 1.017525 1.049910 -0.465350
v 1.017525 1.224490 -0.465350
v 1.017525 1.399066 -0.465350
v 1.017525 0.875332 -0.465350
v 1.163460 0.875332 -0.465350
v 1.309393 1.573645 -0.465350
v 1.163460 1.573645 -0.465350
v 1.309393 1.049910 -0.465350
v 1.163460 1.049910 -0.465350
v 1.309393 1.224490 -0.465350
v 1.163460 1.224490 -0.465350
v 1.309393 1.399066 -0.465350
v 1.163460 1.399066 -0.465350
v 1.236428 1.311778 -0.465350
v 1.090492 1.311778 -0.465350
v 1.236428 1.137199 -0.465350
v 1.090492 1.137199 -0.465350
v 1.236428 0.962620 -0.465350
v 1.090492 0.962620 -0.465350
v 1.236428 1.486358 -0.465350
v 1.090492 1.486358 -0.465350
v 1.163460 1.486358 -0.465350
v 1.309393 1.486358 -0.465350
v 1.163460 0.962620 -0.465350
v 1.309393 0.962620 -0.465350
v 1.163460 1.137199 -0.465350
v 1.309393 1.137199 -0.465350
v 1.163460 1.311778 -0.465350
v 1.309393 1.311778 -0.465350
v 1.017525 1.311778 -0.465350
v 1.017525 1.137199 -0.465350
v 1.017525 0.962620 -0.465350
v 1.017525 1.486358 -0.465350
v 0.981042 1.530002 -0.465350
v 0.981042 1.006266 -0.465350
v 0.981042 1.180845 -0.465350
v 0.981042 1.355422 -0.465350
v 1.272909 1.355422 -0.465350
v 1.126976 1.355422 -0.465350
v 1.272909 1.180845 -0.465350
v 1.126976 1.180845 -0.465350
v 1.272909 1.006266 -0.465350
v 1.126976 1.006266 -0.465350
v 1.272909 1.530002 -0.465350
v 1.126976 1.530002 -0.465350
v 1.126976 1.442713 -0.465350
v 1.199944 1.442713 -0.465350
v 1.199944 1.530002 -0.465350
v 1.272909 1.442713 -0.465350
v 1.345876 1.442713 -0.465350
v 1.345876 1.530002 -0.465350
v 1.126976 0.918976 -0.465350
v 1.199944 0.918976 -0.465350
v 1.199944 1.006266 -0.465350
v 1.272909 0.918976 -0.465350
v 1.345876 0.918976 -0.465350
v 1.345876 1.006266 -0.465350
v 1.126976 1.093555 -0.465350
v 1.199944 1.093555 -0.465350
v 1.199944 1.180845 -0.465350
v 1.272909 1.093555 -0.465350
v 1.345876 1.093555 -0.465350
v 1.345876 1.180845 -0.465350
v 1.126976 1.268134 -0.465350
v 1.199944 1.268134 -0.465350
v 1.199944 1.355422 -0.465350
v 1.272909 1.268134 -0.465350
v 1.345876 1.268134 -0.465350
v 1.345876 1.355422 -0.465350
v 0.981042 1.268134 -0.465350
v 1.054008 1.268134 -0.465350
v 1.054008 1.355422 -0.465350
v 0.981042 1.093555 -0.465350
v 1.054008 1.093555 -0.465350
v 1.054008 1.180845 -0.465350
v 0.981042 0.918976 -0.465350
v 1.054008 0.918976 -0.465350
v 1.054008 1.006266 -0.465350
v 0.981042 1.442713 -0.465350
v 1.054008 1.442713 -0.465350
v 1.054008 1.530002 -0.465350
v 1.002145 1.566458 -0.473676
v 0.959939 1.566458 -0.473676
v 0.981042 1.541211 -0.473676
v 0.951749 1.553834 -0.473676
v 0.951749 1.506167 -0.473676
v 0.971672 1.530002 -0.473676
v 1.026896 1.486358 -0.473676
v 1.054008 1.453923 -0.473676
v 1.081121 1.486358 -0.473676
v 1.054008 1.518792 -0.473676
v 0.953928 1.486358 -0.473676
v 0.981042 1.453923 -0.473676
v 1.008154 1.486358 -0.473676
v 0.981042 1.518792 -0.473676
v 0.951749 1.030099 -0.473676
v 0.951749 0.982432 -0.473676
v 0.971672 1.006266 -0.473676
v 1.026896 0.962620 -0.473676
v 1.054008 0.930186 -0.473676
v 1.081121 0.962620 -0.473676
v 1.054008 0.995056 -0.473676
v 0.953928 0.962620 -0.473676
v 0.981042 0.930186 -0.473676
v 1.008154 0.962620 -0.473676
v 0.981042 0.995056 -0.473676
v 0.951749 1.204677 -0.473676
v 0.951749 1.157010 -0.473676
v 0.971672 1.180845 -0.473676
v 1.026896 1.137199 -0.473676
v 1.054008 1.104765 -0.473676
v 1.081121 1.137199 -0.473676
v 1.054008 1.169633 -0.473676
v 0.953928 1.137199 -0.473676
v 0.981042 1.104765 -0.473676
v 1.008154 1.137199 -0.473676
v 0.981042 1.169633 -0.473676
v 0.951749 1.379257 -0.473676
v 0.951749 1.331590 -0.473676
v 0.971672 1.355422 -0.473676
v 1.026896 1.311778 -0.473676
v 1.054008 1.279343 -0.473676
v 1.081121 1.311778 -0.473676
v 1.054008 1.344212 -0.473676
v 0.953928 1.311778 -0.473676
v 0.981042 1.279343 -0.473676
v 1.008154 1.311778 -0.473676
v 0.981042 1.344212 -0.473676
v 1.318764 1.311778 -0.473676
v 1.345876 1.279343 -0.473676
v 1.372989 1.311778 -0.473676
v 1.345876 1.344212 -0.473676
v 1.245796 1.311778 -0.473676
v 1.272909 1.279343 -0.473676
v 1.300024 1.311778 -0.473676
v 1.272909 1.344212 -0.473676
v 1.172829 1.311778 -0.473676
v 1.199944 1.279343 -0.473676
v 1.227056 1.311778 -0.473676
v 1.199944 1.344212 -0.473676
v 1.099864 1.311778 -0.473676
v 1.126976 1.279343 -0.473676
v 1.154088 1.311778 -0.473676
v 1.126976 1.344212 -0.473676
v 1.318764 1.137199 -0.473676
v 1.345876 1.104765 -0.473676
v 1.372989 1.137199 -0.473676
v 1.345876 1.169633 -0.473676
v 1.245796 1.137199 -0.473676
v 1.272909 1.104765 -0.473676
v 1.300024 1.137199 -0.473676
v 1.272909 1.169633 -0.473676
v 1.172829 1.137199 -0.473676
v 1.199944 1.104765 -0.473676
v 1.227056 1.137199 -0.473676
v 1.199944 1.169633 -0.473676
v 1.099864 1.137199 -0.473676
v 1.126976 1.104765 -0.473676
v 1.154088 1.137199 -0.473676
v 1.126976 1.169633 -0.473676
v 1.318764 0.962620 -0.473676
v 1.345876 0.930186 -0.473676
v 1.372989 0.962620 -0.473676
v 1.345876 0.995056 -0.473676
v 1.245796 0.962620 -0.473676
v 1.272909 0.930186 -0.473676
v 1.300024 0.962620 -0.473676
v 1.272909 0.995056 -0.473676
v 1.172829 0.962620 -0.473676
v 1.199944 0.930186 -0.473676
v 1.227056 0.962620 -0.473676
v 1.199944 0.995056 -0.473676
v 1.099864 0.962620 -0.473676
v 1.126976 0.930186 -0.473676
v 1.154088 0.962620 -0.473676
v 1.126976 0.995056 -0.473676
v 1.294014 1.566458 -0.473676
v 1.251806 1.566458 -0.473676
v 1.272909 1.541211 -0.473676
v 1.318764 1.486358 -0.473676
v 1.345876 1.453923 -0.473676
v 1.372989 1.486358 -0.473676
v 1.345876 1.518792 -0.473676
v 1.245796 1.486358 -0.473676
v 1.272909 1.453923 -0.473676
v 1.300024 1.486358 -0.473676
v 1.272909 1.518792 -0.473676
v 1.148078 1.566458 -0.473676
v 1.105874 1.566458 -0.473676
v 1.126976 1.541211 -0.473676
v 1.172829 1.486358 -0.473676
v 1.199944 1.453923 -0.473676
v 1.227056 1.486358 -0.473676
v 1.199944 1.518792 -0.473676
v 1.163460 1.497568 -0.473676
v 1.190572 1.530002 -0.473676
v 1.163460 1.562435 -0.473676
v 1.136348 1.530002 -0.473676
v 1.236428 1.235699 -0.473676
v 1.263540 1.268134 -0.473676
v 1.236428 1.300567 -0.473676
v 1.209313 1.268134 -0.473676
v 1.090492 1.410276 -0.473676
v 1.117604 1.442713 -0.473676
v 1.090492 1.475147 -0.473676
v 1.063380 1.442713 -0.473676
v 1.236428 1.322988 -0.473676
v 1.263540 1.355422 -0.473676
v 1.236428 1.387856 -0.473676
v 1.209313 1.355422 -0.473676
v 1.090492 1.497568 -0.473676
v 1.117604 1.530002 -0.473676
v 1.090492 1.562435 -0.473676
v 1.063380 1.530002 -0.473676
v 1.221045 1.566458 -0.473676
v 1.178840 1.566458 -0.473676
v 1.199944 1.541211 -0.473676
v 1.163460 1.410276 -0.473676
v 1.190572 1.442713 -0.473676
v 1.163460 1.475147 -0.473676
v 1.136348 1.442713 -0.473676
v 1.309393 1.497568 -0.473676
v 1.336505 1.530002 -0.473676
v 1.309393 1.562435 -0.473676
v 1.282280 1.530002 -0.473676
v 1.099864 1.399066 -0.473676
v 1.126976 1.366632 -0.473676
v 1.154088 1.399066 -0.473676
v 1.126976 1.431504 -0.473676
v 1.375171 1.418878 -0.473676
v 1.375171 1.466545 -0.473676
v 1.355247 1.442713 -0.473676
v 1.172829 1.399066 -0.473676
v 1.199944 1.366632 -0.473676
v 1.227056 1.399066 -0.473676
v 1.199944 1.431504 -0.473676
v 1.375171 1.506167 -0.473676
v 1.375171 1.553834 -0.473676
v 1.355247 1.530002 -0.473676
v 1.366980 1.566458 -0.473676
v 1.324774 1.566458 -0.473676
v 1.345876 1.541211 -0.473676
v 1.309393 1.410276 -0.473676
v 1.336505 1.442713 -0.473676
v 1.309393 1.475147 -0.473676
v 1.282280 1.442713 -0.473676
v 1.163460 0.973831 -0.473676
v 1.190572 1.006266 -0.473676
v 1.163460 1.038700 -0.473676
v 1.136348 1.006266 -0.473676
v 1.105874 0.882521 -0.473676
v 1.148078 0.882521 -0.473676
v 1.126976 0.907766 -0.473676
v 1.090492 0.886541 -0.473676
v 1.117604 0.918976 -0.473676
v 1.090492 0.951410 -0.473676
v 1.063380 0.918976 -0.473676
v 1.178840 0.882521 -0.473676
v 1.221045 0.882521 -0.473676
v 1.199944 0.907766 -0.473676
v 1.090492 0.973831 -0.473676
v 1.117604 1.006266 -0.473676
v 1.090492 1.038700 -0.473676
v 1.063380 1.006266 -0.473676
v 1.163460 0.886541 -0.473676
v 1.190572 0.918976 -0.473676
v 1.163460 0.951410 -0.473676
v 1.136348 0.918976 -0.473676
v 1.309393 0.973831 -0.473676
v 1.336505 1.006266 -0.473676
v 1.309393 1.038700 -0.473676
v 1.282280 1.006266 -0.473676
v 1.251806 0.882521 -0.473676
v 1.294014 0.882521 -0.473676
v 1.272909 0.907766 -0.473676
v 1.375171 0.895143 -0.473676
v 1.375171 0.942810 -0.473676
v 1.355247 0.918976 -0.473676
v 1.324774 0.882521 -0.473676
v 1.366980 0.882521 -0.473676
v 1.345876 0.907766 -0.473676
v 1.375171 0.982432 -0.473676
v 1.375171 1.030099 -0.473676
v 1.355247 1.006266 -0.473676
v 1.309393 0.886541 -0.473676
v 1.336505 0.918976 -0.473676
v 1.309393 0.951410 -0.473676
v 1.282280 0.918976 -0.473676
v 1.163460 1.148411 -0.473676
v 1.190572 1.180845 -0.473676
v 1.163460 1.213279 -0.473676
v 1.136348 1.180845 -0.473676
v 1.245796 1.224490 -0.473676
v 1.272909 1.192055 -0.473676
v 1.300024 1.224490 -0.473676
v 1.272909 1.256924 -0.473676
v 1.090492 1.061120 -0.473676
v 1.117604 1.093555 -0.473676
v 1.090492 1.125989 -0.473676
v 1.063380 1.093555 -0.473676
v 1.318764 1.224490 -0.473676
v 1.345876 1.192055 -0.473676
v 1.372989 1.224490 -0.473676
v 1.345876 1.256924 -0.473676
v 1.090492 1.148411 -0.473676
v 1.117604 1.180845 -0.473676
v 1.090492 1.213279 -0.473676
v 1.063380 1.180845 -0.473676
v 1.163460 1.061120 -0.473676
v 1.190572 1.093555 -0.473676
v 1.163460 1.125989 -0.473676
v 1.136348 1.093555 -0.473676
v 1.309393 1.148411 -0.473676
v 1.336505 1.180845 -0.473676
v 1.309393 1.213279 -0.473676
v 1.282280 1.180845 -0.473676
v 1.099864 1.049910 -0.473676
v 1.126976 1.017476 -0.473676
v 1.154088 1.049910 -0.473676
v 1.126976 1.082344 -0.473676
v 1.375171 1.069721 -0.473676
v 1.375171 1.117390 -0.473676
v 1.355247 1.093555 -0.473676
v 1.172829 1.049910 -0.473676
v 1.199944 1.017476 -0.473676
v 1.227056 1.049910 -0.473676
v 1.199944 1.082344 -0.473676
v 1.375171 1.157010 -0.473676
v 1.375171 1.204677 -0.473676
v 1.355247 1.180845 -0.473676
v 1.309393 1.061120 -0.473676
v 1.336505 1.093555 -0.473676
v 1.309393 1.125989 -0.473676
v 1.282280 1.093555 -0.473676
v 1.163460 1.322988 -0.473676
v 1.190572 1.355422 -0.473676
v 1.163460 1.387856 -0.473676
v 1.136348 1.355422 -0.473676
v 1.245796 1.399066 -0.473676
v 1.272909 1.366632 -0.473676
v 1.300024 1.399066 -0.473676
v 1.272909 1.431504 -0.473676
v 1.090492 1.235699 -0.473676
v 1.117604 1.268134 -0.473676
v 1.090492 1.300567 -0.473676
v 1.063380 1.268134 -0.473676
v 1.318764 1.399066 -0.473676
v 1.345876 1.366632 -0.473676
v 1.372989 1.399066 -0.473676
v 1.345876 1.431504 -0.473676
v 1.090492 1.322988 -0.473676
v 1.117604 1.355422 -0.473676
v 1.090492 1.387856 -0.473676
v 1.063380 1.355422 -0.473676
v 1.163460 1.235699 -0.473676
v 1.190572 1.268134 -0.473676
v 1.163460 1.300567 -0.473676
v 1.136348 1.268134 -0.473676
v 1.309393 1.322988 -0.473676
v 1.336505 1.355422 -0.473676
v 1.309393 1.387856 -0.473676
v 1.282280 1.355422 -0.473676
v 1.099864 1.224490 -0.473676
v 1.126976 1.192055 -0.473676
v 1.154088 1.224490 -0.473676
v 1.126976 1.256924 -0.473676
v 1.375171 1.244299 -0.473676
v 1.375171 1.291966 -0.473676
v 1.355247 1.268134 -0.473676
v 1.172829 1.224490 -0.473676
v 1.199944 1.192055 -0.473676
v 1.227056 1.224490 -0.473676
v 1.199944 1.256924 -0.473676
v 1.375171 1.331590 -0.473676
v 1.375171 1.379257 -0.473676
v 1.355247 1.355422 -0.473676
v 1.309393 1.235699 -0.473676
v 1.336505 1.268134 -0.473676
v 1.309393 1.300567 -0.473676
v 1.282280 1.268134 -0.473676
v 1.017525 1.322988 -0.473676
v 1.044638 1.355422 -0.473676
v 1.017525 1.387856 -0.473676
v 0.990412 1.355422 -0.473676
v 0.951749 1.291966 -0.473676
v 0.951749 1.244299 -0.473676
v 0.971672 1.268134 -0.473676
v 0.953928 1.399066 -0.473676
v 0.981042 1.366632 -0.473676
v 1.008154 1.399066 -0.473676
v 0.981042 1.431504 -0.473676
v 1.236428 1.061120 -0.473676
v 1.263540 1.093555 -0.473676
v 1.236428 1.125989 -0.473676
v 1.209313 1.093555 -0.473676
v 1.026896 1.399066 -0.473676
v 1.054008 1.366632 -0.473676
v 1.081121 1.399066 -0.473676
v 1.054008 1.431504 -0.473676
v 1.236428 1.148411 -0.473676
v 1.263540 1.180845 -0.473676
v 1.236428 1.213279 -0.473676
v 1.209313 1.180845 -0.473676
v 1.017525 1.235699 -0.473676
v 1.044638 1.268134 -0.473676
v 1.017525 1.300567 -0.473676
v 0.990412 1.268134 -0.473676
v 1.017525 1.148411 -0.473676
v 1.044638 1.180845 -0.473676
v 1.017525 1.213279 -0.473676
v 0.990412 1.180845 -0.473676
v 0.951749 1.117390 -0.473676
v 0.951749 1.069721 -0.473676
v 0.971672 1.093555 -0.473676
v 0.953928 1.224490 -0.473676
v 0.981042 1.192055 -0.473676
v 1.008154 1.224490 -0.473676
v 0.981042 1.256924 -0.473676
v 1.236428 0.886541 -0.473676
v 1.263540 0.918976 -0.473676
v 1.236428 0.951410 -0.473676
v 1.209313 0.918976 -0.473676
v 1.026896 1.224490 -0.473676
v 1.054008 1.192055 -0.473676
v 1.081121 1.224490 -0.473676
v 1.054008 1.256924 -0.473676
v 1.236428 0.973831 -0.473676
v 1.263540 1.006266 -0.473676
v 1.236428 1.038700 -0.473676
v 1.209313 1.006266 -0.473676
v 1.017525 1.061120 -0.473676
v 1.044638 1.093555 -0.473676
v 1.017525 1.125989 -0.473676
v 0.990412 1.093555 -0.473676
v 1.017525 0.973831 -0.473676
v 1.044638 1.006266 -0.473676
v 1.017525 1.038700 -0.473676
v 0.990412 1.006266 -0.473676
v 0.951749 0.942810 -0.473676
v 0.951749 0.895143 -0.473676
v 0.971672 0.918976 -0.473676
v 0.959939 0.882521 -0.473676
v 1.002145 0.882521 -0.473676
v 0.981042 0.907766 -0.473676
v 1.236428 1.410276 -0.473676
v 1.263540 1.442713 -0.473676
v 1.236428 1.475147 -0.473676
v 1.209313 1.442713 -0.473676
v 1.032906 0.882521 -0.473676
v 1.075111 0.882521 -0.473676
v 1.054008 0.907766 -0.473676
v 1.236428 1.497568 -0.473676
v 1.263540 1.530002 -0.473676
v 1.236428 1.562435 -0.473676
v 1.209313 1.530002 -0.473676
v 1.017525 0.886541 -0.473676
v 1.044638 0.918976 -0.473676
v 1.017525 0.951410 -0.473676
v 0.990412 0.918976 -0.473676
v 1.017525 1.497568 -0.473676
v 1.044638 1.530002 -0.473676
v 1.017525 1.562435 -0.473676
v 0.990412 1.530002 -0.473676
v 0.951749 1.466545 -0.473676
v 0.951749 1.418878 -0.473676
v 0.971672 1.442713 -0.473676
v 1.245796 1.049910 -0.473676
v 1.272909 1.017476 -0.473676
v 1.300024 1.049910 -0.473676
v 1.272909 1.082344 -0.473676
v 1.026896 1.049910 -0.473676
v 1.054008 1.017476 -0.473676
v 1.081121 1.049910 -0.473676
v 1.054008 1.082344 -0.473676
v 1.318764 1.049910 -0.473676
v 1.345876 1.017476 -0.473676
v 1.372989 1.049910 -0.473676
v 1.345876 1.082344 -0.473676
v 1.099864 1.486358 -0.473676
v 1.126976 1.453923 -0.473676
v 1.154088 1.486358 -0.473676
v 1.126976 1.518792 -0.473676
v 1.075111 1.566458 -0.473676
v 1.032906 1.566458 -0.473676
v 1.054008 1.541211 -0.473676
v 1.017525 1.410276 -0.473676
v 1.044638 1.442713 -0.473676
v 1.017525 1.475147 -0.473676
v 0.990412 1.442713 -0.473676
v 0.953928 1.049910 -0.473676
v 0.981042 1.017476 -0.473676
v 1.008154 1.049910 -0.473676
v 0.981042 1.082344 -0.473676
v -1.825282 -0.168085 1.727914
v -1.825282 0.502895 1.727914
v -1.404616 0.502895 1.727914
v -1.404616 -0.168085 1.727914
v -1.825282 -0.168085 1.742017
v -1.825282 0.502895 1.742017
v -1.404616 0.502895 1.742017
v -1.404616 -0.168085 1.742017
v -1.882661 -0.225467 1.742017
v -1.882661 0.560274 1.742017
v -1.347235 0.560274 1.742017
v -1.347235 -0.225467 1.742017
v -1.825282 -0.168085 1.737657
v -1.825282 0.502895 1.737656
v -1.404616 0.502895 1.737656
v -1.404616 -0.168085 1.737657
v -1.825282 -0.000342 1.737657
v -1.825282 0.167405 1.737656
v -1.825282 0.335148 1.737656
v -1.404616 0.335148 1.737656
v -1.404616 0.167405 1.737656
v -1.404616 -0.000342 1.737657
v -1.685060 -0.168085 1.737657
v -1.544837 -0.168085 1.737657
v -1.544837 0.502895 1.737656
v -1.685060 0.502895 1.737656
v -1.544837 -0.000342 1.737657
v -1.685060 -0.000342 1.737657
v -1.544837 0.167405 1.737656
v -1.685060 0.167405 1.737656
v -1.544837 0.335148 1.737656
v -1.685060 0.335148 1.737656
v -1.825282 0.419021 1.737656
v -1.404616 -0.084214 1.737657
v -1.474726 -0.168085 1.737657
v -1.755170 0.502895 1.737656
v -1.825282 -0.084214 1.737657
v -1.825282 0.083532 1.737657
v -1.825282 0.251279 1.737656
v -1.404616 0.419021 1.737656
v -1.404616 0.251279 1.737656
v -1.404616 0.083532 1.737657
v -1.755170 -0.000342 1.737657
v -1.755170 0.167405 1.737656
v -1.755170 0.335148 1.737656
v -1.755170 -0.168085 1.737657
v -1.614949 -0.168085 1.737657
v -1.474726 0.502895 1.737656
v -1.614949 0.502895 1.737656
v -1.474726 -0.000342 1.737657
v -1.614949 -0.000342 1.737657
v -1.474726 0.167405 1.737656
v -1.614949 0.167405 1.737656
v -1.474726 0.335148 1.737656
v -1.614949 0.335148 1.737656
v -1.544837 0.251279 1.737656
v -1.685060 0.251279 1.737656
v -1.544837 0.083532 1.737657
v -1.685060 0.083532 1.737657
v -1.544837 -0.084214 1.737657
v -1.685060 -0.084214 1.737657
v -1.544837 0.419021 1.737656
v -1.685060 0.419021 1.737656
v -1.614949 0.419021 1.737656
v -1.474726 0.419021 1.737656
v -1.614949 -0.084214 1.737657
v -1.474726 -0.084214 1.737657
v -1.614949 0.083532 1.737657
v -1.474726 0.083532 1.737657
v -1.614949 0.251279 1.737656
v -1.474726 0.251279 1.737656
v -1.755170 0.251279 1.737656
v -1.755170 0.083532 1.737657
v -1.755170 -0.084214 1.737657
v -1.755170 0.419021 1.737656
v -1.790226 0.460960 1.737656
v -1.790226 -0.042276 1.737657
v -1.790226 0.125468 1.737657
v -1.790226 0.293213 1.737656
v -1.509781 0.293213 1.737656
v -1.650005 0.293213 1.737656
v -1.509781 0.125468 1.737657
v -1.650005 0.125468 1.737657
v -1.509781 -0.042276 1.737657
v -1.650005 -0.042276 1.737657
v -1.509781 0.460960 1.737656
v -1.650005 0.460960 1.737656
v -1.650005 0.377087 1.737656
v -1.579893 0.377087 1.737656
v -1.579893 0.460960 1.737656
v -1.509781 0.377087 1.737656
v -1.439670 0.377087 1.737656
v -1.439670 0.460960 1.737656
v -1.650005 -0.126150 1.737657
v -1.579893 -0.126150 1.737657
v -1.579893 -0.042276 1.737657
v -1.509781 -0.126150 1.737657
v -1.439670 -0.126150 1.737657
v -1.439670 -0.042276 1.737657
v -1.650005 0.041597 1.737657
v -1.579893 0.041597 1.737657
v -1.579893 0.125468 1.737657
v -1.509781 0.041597 1.737657
v -1.439670 0.041597 1.737657
v -1.439670 0.125468 1.737657
v -1.650005 0.209340 1.737656
v -1.579893 0.209340 1.737656
v -1.579893 0.293213 1.737656
v -1.509781 0.209340 1.737656
v -1.439670 0.209340 1.737656
v -1.439670 0.293213 1.737656
v -1.790226 0.209340 1.737656
v -1.720114 0.209340 1.737656
v -1.720114 0.293213 1.737656
v -1.790226 0.041597 1.737657
v -1.720114 0.041597 1.737657
v -1.720114 0.125468 1.737657
v -1.790226 -0.126150 1.737657
v -1.720114 -0.126150 1.737657
v -1.720114 -0.042276 1.737657
v -1.790226 0.377087 1.737656
v -1.720114 0.377087 1.737656
v -1.720114 0.460960 1.737656
v -1.769948 0.495988 1.729656
v -1.810503 0.495988 1.729656
v -1.790226 0.471729 1.729656
v -1.818373 0.483859 1.729656
v -1.818373 0.438058 1.729656
v -1.799230 0.460960 1.729656
v -1.746166 0.419021 1.729656
v -1.720114 0.387858 1.729656
v -1.694063 0.419021 1.729656
v -1.720114 0.450186 1.729656
v -1.816278 0.419021 1.729656
v -1.790226 0.387858 1.729656
v -1.764174 0.419021 1.729656
v -1.790226 0.450186 1.729656
v -1.818373 -0.019375 1.729657
v -1.818373 -0.065178 1.729657
v -1.799230 -0.042276 1.729657
v -1.746166 -0.084214 1.729657
v -1.720114 -0.115378 1.729657
v -1.694063 -0.084214 1.729657
v -1.720114 -0.053048 1.729657
v -1.816278 -0.084214 1.729657
v -1.790226 -0.115378 1.729657
v -1.764174 -0.084214 1.729657
v -1.790226 -0.053048 1.729657
v -1.818373 0.148368 1.729656
v -1.818373 0.102569 1.729657
v -1.799230 0.125468 1.729657
v -1.746166 0.083532 1.729657
v -1.720114 0.052366 1.729657
v -1.694063 0.083532 1.729657
v -1.720114 0.114696 1.729657
v -1.816278 0.083532 1.729657
v -1.790226 0.052366 1.729657
v -1.764174 0.083532 1.729657
v -1.790226 0.114696 1.729657
v -1.818373 0.316115 1.729656
v -1.818373 0.270312 1.729656
v -1.799230 0.293213 1.729656
v -1.746166 0.251279 1.729656
v -1.720114 0.220112 1.729656
v -1.694063 0.251279 1.729656
v -1.720114 0.282442 1.729656
v -1.816278 0.251279 1.729656
v -1.790226 0.220112 1.729656
v -1.764174 0.251279 1.729656
v -1.790226 0.282442 1.729656
v -1.465721 0.251279 1.729656
v -1.439670 0.220112 1.729656
v -1.413620 0.251279 1.729656
v -1.439670 0.282442 1.729656
v -1.535833 0.251279 1.729656
v -1.509781 0.220112 1.729656
v -1.483731 0.251279 1.729656
v -1.509781 0.282442 1.729656
v -1.605945 0.251279 1.729656
v -1.579893 0.220112 1.729656
v -1.553841 0.251279 1.729656
v -1.579893 0.282442 1.729656
v -1.676055 0.251279 1.729656
v -1.650005 0.220112 1.729656
v -1.623953 0.251279 1.729656
v -1.650005 0.282442 1.729656
v -1.465721 0.083532 1.729657
v -1.439670 0.052366 1.729657
v -1.413620 0.083532 1.729657
v -1.439670 0.114696 1.729657
v -1.535833 0.083532 1.729657
v -1.509781 0.052366 1.729657
v -1.483731 0.083532 1.729657
v -1.509781 0.114696 1.729657
v -1.605945 0.083532 1.729657
v -1.579893 0.052366 1.729657
v -1.553841 0.083532 1.729657
v -1.579893 0.114696 1.729657
v -1.676055 0.083532 1.729657
v -1.650005 0.052366 1.729657
v -1.623953 0.083532 1.729657
v -1.650005 0.114696 1.729657
v -1.465721 -0.084214 1.729657
v -1.439670 -0.115378 1.729657
v -1.413620 -0.084214 1.729657
v -1.439670 -0.053048 1.729657
v -1.535833 -0.084214 1.729657
v -1.509781 -0.115378 1.729657
v -1.483731 -0.084214 1.729657
v -1.509781 -0.053048 1.729657
v -1.605945 -0.084214 1.729657
v -1.579893 -0.115378 1.729657
v -1.553841 -0.084214 1.729657
v -1.579893 -0.053048 1.729657
v -1.676055 -0.084214 1.729657
v -1.650005 -0.115378 1.729657
v -1.623953 -0.084214 1.729657
v -1.650005 -0.053048 1.729657
v -1.489504 0.495988 1.729656
v -1.530059 0.495988 1.729656
v -1.509781 0.471729 1.729656
v -1.465721 0.419021 1.729656
v -1.439670 0.387858 1.729656
v -1.413620 0.419021 1.729656
v -1.439670 0.450186 1.729656
v -1.535833 0.419021 1.729656
v -1.509781 0.387858 1.729656
v -1.483731 0.419021 1.729656
v -1.509781 0.450186 1.729656
v -1.629727 0.495988 1.729656
v -1.670280 0.495988 1.729656
v -1.650005 0.471729 1.729656
v -1.605945 0.419021 1.729656
v -1.579893 0.387858 1.729656
v -1.553841 0.419021 1.729656
v -1.579893 0.450186 1.729656
v -1.614949 0.429793 1.729656
v -1.588897 0.460960 1.729656
v -1.614949 0.492123 1.729656
v -1.641000 0.460960 1.729656
v -1.544837 0.178177 1.729656
v -1.518785 0.209340 1.729656
v -1.544837 0.240504 1.729656
v -1.570889 0.209340 1.729656
v -1.685060 0.345920 1.729656
v -1.659008 0.377087 1.729656
v -1.685060 0.408250 1.729656
v -1.711110 0.377087 1.729656
v -1.544837 0.262047 1.729656
v -1.518785 0.293213 1.729656
v -1.544837 0.324377 1.729656
v -1.570889 0.293213 1.729656
v -1.685060 0.429793 1.729656
v -1.659008 0.460960 1.729656
v -1.685060 0.492123 1.729656
v -1.711110 0.460960 1.729656
v -1.559615 0.495988 1.729656
v -1.600170 0.495988 1.729656
v -1.579893 0.471729 1.729656
v -1.614949 0.345920 1.729656
v -1.588897 0.377087 1.729656
v -1.614949 0.408250 1.729656
v -1.641000 0.377087 1.729656
v -1.474726 0.429793 1.729656
v -1.448676 0.460960 1.729656
v -1.474726 0.492123 1.729656
v -1.500778 0.460960 1.729656
v -1.676055 0.335148 1.729656
v -1.650005 0.303985 1.729656
v -1.623953 0.335148 1.729656
v -1.650005 0.366315 1.729656
v -1.411525 0.354185 1.729656
v -1.411525 0.399986 1.729656
v -1.430668 0.377087 1.729656
v -1.605945 0.335148 1.729656
v -1.579893 0.303985 1.729656
v -1.553841 0.335148 1.729656
v -1.579893 0.366315 1.729656
v -1.411525 0.438058 1.729656
v -1.411525 0.483859 1.729656
v -1.430668 0.460960 1.729656
v -1.419394 0.495988 1.729656
v -1.459947 0.495988 1.729656
v -1.439670 0.471729 1.729656
v -1.474726 0.345920 1.729656
v -1.448676 0.377087 1.729656
v -1.474726 0.408250 1.729656
v -1.500778 0.377087 1.729656
v -1.614949 -0.073443 1.729657
v -1.588897 -0.042276 1.729657
v -1.614949 -0.011113 1.729657
v -1.641000 -0.042276 1.729657
v -1.670280 -0.161178 1.729657
v -1.629727 -0.161178 1.729657
v -1.650005 -0.136922 1.729657
v -1.685060 -0.157316 1.729657
v -1.659008 -0.126150 1.729657
v -1.685060 -0.094986 1.729657
v -1.711110 -0.126150 1.729657
v -1.600170 -0.161178 1.729657
v -1.559615 -0.161178 1.729657
v -1.579893 -0.136922 1.729657
v -1.685060 -0.073443 1.729657
v -1.659008 -0.042276 1.729657
v -1.685060 -0.011113 1.729657
v -1.711110 -0.042276 1.729657
v -1.614949 -0.157316 1.729657
v -1.588897 -0.126150 1.729657
v -1.614949 -0.094986 1.729657
v -1.641000 -0.126150 1.729657
v -1.474726 -0.073443 1.729657
v -1.448676 -0.042276 1.729657
v -1.474726 -0.011113 1.729657
v -1.500778 -0.042276 1.729657
v -1.530059 -0.161178 1.729657
v -1.489504 -0.161178 1.729657
v -1.509781 -0.136922 1.729657
v -1.411525 -0.149052 1.729657
v -1.411525 -0.103248 1.729657
v -1.430668 -0.126150 1.729657
v -1.459947 -0.161178 1.729657
v -1.419394 -0.161178 1.729657
v -1.439670 -0.136922 1.729657
v -1.411525 -0.065178 1.729657
v -1.411525 -0.019375 1.729657
v -1.430668 -0.042276 1.729657
v -1.474726 -0.157316 1.729657
v -1.448676 -0.126150 1.729657
v -1.474726 -0.094986 1.729657
v -1.500778 -0.126150 1.729657
v -1.614949 0.094304 1.729657
v -1.588897 0.125468 1.729657
v -1.614949 0.156634 1.729656
v -1.641000 0.125468 1.729657
v -1.535833 0.167405 1.729656
v -1.509781 0.136239 1.729657
v -1.483731 0.167405 1.729656
v -1.509781 0.198569 1.729656
v -1.685060 0.010430 1.729657
v -1.659008 0.041597 1.729657
v -1.685060 0.072760 1.729657
v -1.711110 0.041597 1.729657
v -1.465721 0.167405 1.729656
v -1.439670 0.136239 1.729657
v -1.413620 0.167405 1.729656
v -1.439670 0.198569 1.729656
v -1.685060 0.094304 1.729657
v -1.659008 0.125468 1.729657
v -1.685060 0.156634 1.729656
v -1.711110 0.125468 1.729657
v -1.614949 0.010430 1.729657
v -1.588897 0.041597 1.729657
v -1.614949 0.072760 1.729657
v -1.641000 0.041597 1.729657
v -1.474726 0.094304 1.729657
v -1.448676 0.125468 1.729657
v -1.474726 0.156634 1.729656
v -1.500778 0.125468 1.729657
v -1.676055 -0.000342 1.729657
v -1.650005 -0.031505 1.729657
v -1.623953 -0.000342 1.729657
v -1.650005 0.030826 1.729657
v -1.411525 0.018695 1.729657
v -1.411525 0.064496 1.729657
v -1.430668 0.041597 1.729657
v -1.605945 -0.000342 1.729657
v -1.579893 -0.031505 1.729657
v -1.553841 -0.000342 1.729657
v -1.579893 0.030826 1.729657
v -1.411525 0.102569 1.729657
v -1.411525 0.148368 1.729656
v -1.430668 0.125468 1.729657
v -1.474726 0.010430 1.729657
v -1.448676 0.041597 1.729657
v -1.474726 0.072760 1.729657
v -1.500778 0.041597 1.729657
v -1.614949 0.262047 1.729656
v -1.588897 0.293213 1.729656
v -1.614949 0.324377 1.729656
v -1.641000 0.293213 1.729656
v -1.535833 0.335148 1.729656
v -1.509781 0.303985 1.729656
v -1.483731 0.335148 1.729656
v -1.509781 0.366315 1.729656
v -1.685060 0.178177 1.729656
v -1.659008 0.209340 1.729656
v -1.685060 0.240504 1.729656
v -1.711110 0.209340 1.729656
v -1.465721 0.335148 1.729656
v -1.439670 0.303985 1.729656
v -1.413620 0.335148 1.729656
v -1.439670 0.366315 1.729656
v -1.685060 0.262047 1.729656
v -1.659008 0.293213 1.729656
v -1.685060 0.324377 1.729656
v -1.711110 0.293213 1.729656
v -1.614949 0.178177 1.729656
v -1.588897 0.209340 1.729656
v -1.614949 0.240504 1.729656
v -1.641000 0.209340 1.729656
v -1.474726 0.262047 1.729656
v -1.448676 0.293213 1.729656
v -1.474726 0.324377 1.729656
v -1.500778 0.293213 1.729656
v -1.676055 0.167405 1.729656
v -1.650005 0.136239 1.729657
v -1.623953 0.167405 1.729656
v -1.650005 0.198569 1.729656
v -1.411525 0.186439 1.729656
v -1.411525 0.232242 1.729656
v -1.430668 0.209340 1.729656
v -1.605945 0.167405 1.729656
v -1.579893 0.136239 1.729657
v -1.553841 0.167405 1.729656
v -1.579893 0.198569 1.729656
v -1.411525 0.270312 1.729656
v -1.411525 0.316115 1.729656
v -1.430668 0.293213 1.729656
v -1.474726 0.178177 1.729656
v -1.448676 0.209340 1.729656
v -1.474726 0.240504 1.729656
v -1.500778 0.209340 1.729656
v -1.755170 0.262047 1.729656
v -1.729120 0.293213 1.729656
v -1.755170 0.324377 1.729656
v -1.781222 0.293213 1.729656
v -1.818373 0.232242 1.729656
v -1.818373 0.186439 1.729656
v -1.799230 0.209340 1.729656
v -1.816278 0.335148 1.729656
v -1.790226 0.303985 1.729656
v -1.764174 0.335148 1.729656
v -1.790226 0.366315 1.729656
v -1.544837 0.010430 1.729657
v -1.518785 0.041597 1.729657
v -1.544837 0.072760 1.729657
v -1.570889 0.041597 1.729657
v -1.746166 0.335148 1.729656
v -1.720114 0.303985 1.729656
v -1.694063 0.335148 1.729656
v -1.720114 0.366315 1.729656
v -1.544837 0.094304 1.729657
v -1.518785 0.125468 1.729657
v -1.544837 0.156634 1.729656
v -1.570889 0.125468 1.729657
v -1.755170 0.178177 1.729656
v -1.729120 0.209340 1.729656
v -1.755170 0.240504 1.729656
v -1.781222 0.209340 1.729656
v -1.755170 0.094304 1.729657
v -1.729120 0.125468 1.729657
v -1.755170 0.156634 1.729656
v -1.781222 0.125468 1.729657
v -1.818373 0.064496 1.729657
v -1.818373 0.018695 1.729657
v -1.799230 0.041597 1.729657
v -1.816278 0.167405 1.729656
v -1.790226 0.136239 1.729657
v -1.764174 0.167405 1.729656
v -1.790226 0.198569 1.729656
v -1.544837 -0.157316 1.729657
v -1.518785 -0.126150 1.729657
v -1.544837 -0.094986 1.729657
v -1.570889 -0.126150 1.729657
v -1.746166 0.167405 1.729656
v -1.720114 0.136239 1.729657
v -1.694063 0.167405 1.729656
v -1.720114 0.198569 1.729656
v -1.544837 -0.073443 1.729657
v -1.518785 -0.042276 1.729657
v -1.544837 -0.011113 1.729657
v -1.570889 -0.042276 1.729657
v -1.755170 0.010430 1.729657
v -1.729120 0.041597 1.729657
v -1.755170 0.072760 1.729657
v -1.781222 0.041597 1.729657
v -1.755170 -0.073443 1.729657
v -1.729120 -0.042276 1.729657
v -1.755170 -0.011113 1.729657
v -1.781222 -0.042276 1.729657
v -1.818373 -0.103248 1.729657
v -1.818373 -0.149052 1.729657
v -1.799230 -0.126150 1.729657
v -1.810503 -0.161178 1.729657
v -1.769948 -0.161178 1.729657
v -1.790226 -0.136922 1.729657
v -1.544837 0.345920 1.729656
v -1.518785 0.377087 1.729656
v -1.544837 0.408250 1.729656
v -1.570889 0.377087 1.729656
v -1.740391 -0.161178 1.729657
v -1.699839 -0.161178 1.729657
v -1.720114 -0.136922 1.729657
v -1.544837 0.429793 1.729656
v -1.518785 0.460960 1.729656
v -1.544837 0.492123 1.729656
v -1.570889 0.460960 1.729656
v -1.755170 -0.157316 1.729657
v -1.729120 -0.126150 1.729657
v -1.755170 -0.094986 1.729657
v -1.781222 -0.126150 1.729657
v -1.755170 0.429793 1.729656
v -1.729120 0.460960 1.729656
v -1.755170 0.492123 1.729656
v -1.781222 0.460960 1.729656
v -1.818373 0.399986 1.729656
v -1.818373 0.354185 1.729656
v -1.799230 0.377087 1.729656
v -1.535833 -0.000342 1.729657
v -1.509781 -0.031505 1.729657
v -1.483731 -0.000342 1.729657
v -1.509781 0.030826 1.729657
v -1.746166 -0.000342 1.729657
v -1.720114 -0.031505 1.729657
v -1.694063 -0.000342 1.729657
v -1.720114 0.030826 1.729657
v -1.465721 -0.000342 1.729657
v -1.439670 -0.031505 1.729657
v -1.413620 -0.000342 1.729657
v -1.439670 0.030826 1.729657
v -1.676055 0.419021 1.729656
v -1.650005 0.387858 1.729656
v -1.623953 0.419021 1.729656
v -1.650005 0.450186 1.729656
v -1.699839 0.495988 1.729656
v -1.740391 0.495988 1.729656
v -1.720114 0.471729 1.729656
v -1.755170 0.345920 1.729656
v -1.729120 0.377087 1.729656
v -1.755170 0.408250 1.729656
v -1.781222 0.377087 1.729656
v -1.816278 -0.000342 1.729657
v -1.790226 -0.031505 1.729657
v -1.764174 -0.000342 1.729657
v -1.790226 0.030826 1.729657
v -1.826015 -2.154424 1.752998
v -1.826015 -1.478060 1.752998
v -1.401974 -1.478060 1.752998
v -1.401974 -2.154424 1.752998
v -1.826015 -2.154424 1.767215
v -1.826015 -1.478060 1.767215
v -1.401974 -1.478060 1.767215
v -1.401974 -2.154424 1.767215
v -1.883856 -2.212263 1.767215
v -1.883856 -1.420220 1.767215
v -1.344134 -1.420220 1.767215
v -1.344134 -2.212263 1.767215
v -1.826015 -2.154424 1.766300
v -1.826015 -1.478060 1.766300
v -1.401974 -1.478060 1.766300
v -1.401974 -2.154424 1.766300
v -1.415550 -1.816242 1.766300
v -1.415550 -1.478060 1.766300
v -1.826015 -1.985334 1.766300
v -1.826015 -1.816242 1.766300
v -1.826015 -1.647151 1.766300
v -1.401974 -1.647151 1.766300
v -1.401974 -1.816242 1.766300
v -1.401974 -1.985334 1.766300
v -1.415550 -1.647151 1.766300
v -1.415550 -1.985334 1.766300
v -1.415550 -2.154424 1.766300
v -1.584496 -2.154424 1.766300
v -1.643494 -2.154424 1.766300
v -1.643494 -1.478060 1.766300
v -1.584496 -1.478060 1.766300
v -1.643494 -1.647151 1.766300
v -1.584496 -1.647151 1.766300
v -1.643494 -1.816242 1.766300
v -1.584496 -1.816242 1.766300
v -1.584496 -1.985334 1.766300
v -1.643494 -1.985334 1.766300
v -1.814481 -2.154424 1.766300
v -1.814481 -1.985334 1.766300
v -1.814481 -1.647151 1.766300
v -1.814481 -1.478060 1.766300
v -1.814481 -1.816242 1.766300
v -1.433033 -1.629667 1.753270
v -1.433033 -1.495543 1.753270
v -1.567013 -1.495543 1.753270
v -1.567013 -1.629667 1.753270
v -1.433033 -1.967849 1.753270
v -1.433033 -1.833724 1.753270
v -1.567013 -1.833724 1.753270
v -1.567013 -1.967849 1.753270
v -1.433033 -1.798758 1.753270
v -1.433033 -1.664634 1.753270
v -1.567013 -1.664634 1.753270
v -1.567013 -1.798758 1.753270
v -1.433033 -2.136939 1.753270
v -1.433033 -2.002817 1.753270
v -1.567013 -2.002817 1.753270
v -1.567013 -2.136939 1.753270
v -1.660980 -1.629667 1.753270
v -1.660980 -1.495543 1.753270
v -1.796996 -1.495543 1.753270
v -1.796996 -1.629667 1.753270
v -1.660980 -1.967849 1.753270
v -1.660980 -1.833724 1.753270
v -1.796996 -1.833724 1.753270
v -1.796996 -1.967849 1.753270
v -1.660980 -2.136939 1.753270
v -1.660980 -2.002817 1.753270
v -1.796996 -2.002817 1.753270
v -1.796996 -2.136939 1.753270
v -1.660980 -1.798758 1.753270
v -1.660980 -1.664634 1.753270
v -1.796996 -1.664634 1.753270
v -1.796996 -1.798758 1.753270
v -1.613996 -1.985334 1.757002
v -1.613996 -2.154424 1.757002
v -1.613996 -1.478060 1.757002
v -1.613996 -1.647151 1.757002
v -1.613996 -1.816242 1.757002
v -1.621369 -2.154424 1.766300
v -1.621369 -1.647151 1.766300
v -1.621369 -1.816242 1.766300
v -1.621369 -1.985334 1.766300
v -1.621369 -1.478060 1.766300
v -1.606621 -1.985334 1.766300
v -1.606621 -1.478060 1.766300
v -1.606621 -2.154424 1.766300
v -1.606621 -1.647151 1.766300
v -1.606621 -1.816242 1.766300
v -1.441188 -1.621511 1.753270
v -1.441188 -1.503698 1.753270
v -1.558856 -1.503698 1.753270
v -1.558856 -1.621511 1.753270
v -1.441188 -1.959694 1.753270
v -1.441188 -1.841882 1.753270
v -1.558856 -1.841882 1.753270
v -1.558856 -1.959694 1.753270
v -1.441188 -1.790603 1.753270
v -1.441188 -1.672789 1.753270
v -1.558856 -1.672789 1.753270
v -1.558856 -1.790603 1.753270
v -1.441188 -2.128783 1.753270
v -1.441188 -2.010972 1.753270
v -1.558856 -2.010972 1.753270
v -1.558856 -2.128783 1.753270
v -1.669134 -1.621511 1.753270
v -1.669134 -1.503698 1.753270
v -1.788841 -1.503698 1.753270
v -1.788841 -1.621511 1.753270
v -1.669134 -1.959694 1.753270
v -1.669134 -1.841882 1.753270
v -1.788841 -1.841882 1.753270
v -1.788841 -1.959694 1.753270
v -1.669134 -2.128783 1.753270
v -1.669134 -2.010972 1.753270
v -1.788841 -2.010972 1.753270
v -1.788841 -2.128783 1.753270
v -1.669134 -1.790603 1.753270
v -1.669134 -1.672789 1.753270
v -1.788841 -1.672789 1.753270
v -1.788841 -1.790603 1.753270
v -1.414896 -2.141500 1.752998
v -1.414896 -1.490981 1.752998
v -1.813094 -1.490981 1.752998
v -1.813094 -2.141500 1.752998
v 0.224205 -0.170236 1.419888
v 0.224205 0.500745 1.419887
v 0.224205 0.500745 0.999223
v 0.224205 -0.170236 0.999223
v 0.238309 -0.170236 1.419888
v 0.238309 0.500745 1.419887
v 0.238309 0.500745 0.999223
v 0.238309 -0.170236 0.999223
v 0.238309 -0.227615 1.477268
v 0.238309 0.558124 1.477268
v 0.238309 0.558124 0.941844
v 0.238309 -0.227615 0.941844
v 0.233950 -0.170236 1.419888
v 0.233950 0.500745 1.419887
v 0.233950 0.500745 0.999223
v 0.233950 -0.170236 0.999223
v 0.233950 -0.002492 1.419888
v 0.233950 0.165254 1.419887
v 0.233950 0.333001 1.419887
v 0.233950 0.333001 0.999223
v 0.233950 0.165254 0.999223
v 0.233950 -0.002492 0.999223
v 0.233950 -0.170236 1.279667
v 0.233950 -0.170236 1.139445
v 0.233950 0.500745 1.139444
v 0.233950 0.500745 1.279667
v 0.233950 -0.002492 1.139444
v 0.233950 -0.002492 1.279667
v 0.233950 0.165254 1.139444
v 0.233950 0.165254 1.279667
v 0.233950 0.333001 1.139444
v 0.233950 0.333001 1.279667
v 0.233950 0.416872 1.419887
v 0.233950 -0.086362 0.999223
v 0.233950 -0.170236 1.069334
v 0.233950 0.500745 1.349777
v 0.233950 -0.086362 1.419888
v 0.233950 0.081381 1.419888
v 0.233950 0.249127 1.419887
v 0.233950 0.416872 0.999223
v 0.233950 0.249127 0.999223
v 0.233950 0.081381 0.999223
v 0.233950 -0.002492 1.349778
v 0.233950 0.165254 1.349777
v 0.233950 0.333001 1.349777
v 0.233950 -0.170236 1.349778
v 0.233950 -0.170236 1.209556
v 0.233950 0.500745 1.069333
v 0.233950 0.500745 1.209555
v 0.233950 -0.002492 1.069334
v 0.233950 -0.002492 1.209556
v 0.233950 0.165254 1.069333
v 0.233950 0.165254 1.209555
v 0.233950 0.333001 1.069333
v 0.233950 0.333001 1.209555
v 0.233950 0.249127 1.139444
v 0.233950 0.249127 1.279667
v 0.233950 0.081381 1.139444
v 0.233950 0.081381 1.279667
v 0.233950 -0.086362 1.139445
v 0.233950 -0.086362 1.279667
v 0.233950 0.416872 1.139444
v 0.233950 0.416872 1.279667
v 0.233950 0.416872 1.209555
v 0.233950 0.416872 1.069333
v 0.233950 -0.086362 1.209556
v 0.233950 -0.086362 1.069334
v 0.233950 0.081381 1.209556
v 0.233950 0.081381 1.069334
v 0.233950 0.249127 1.209555
v 0.233950 0.249127 1.069333
v 0.233950 0.249127 1.349777
v 0.233950 0.081381 1.349778
v 0.233950 -0.086362 1.349778
v 0.233950 0.416872 1.349777
v 0.233950 0.458809 1.384833
v 0.233950 -0.044427 1.384833
v 0.233950 0.123319 1.384833
v 0.233950 0.291063 1.384833
v 0.233950 0.291063 1.104389
v 0.233950 0.291063 1.244612
v 0.233950 0.123319 1.104390
v 0.233950 0.123319 1.244612
v 0.233950 -0.044427 1.104390
v 0.233950 -0.044427 1.244612
v 0.233950 0.458809 1.104389
v 0.233950 0.458809 1.244612
v 0.233950 0.374936 1.244612
v 0.233950 0.374936 1.174501
v 0.233950 0.458809 1.174501
v 0.233950 0.374936 1.104389
v 0.233950 0.374936 1.034278
v 0.233950 0.458809 1.034278
v 0.233950 -0.128300 1.244612
v 0.233950 -0.128300 1.174501
v 0.233950 -0.044427 1.174501
v 0.233950 -0.128300 1.104390
v 0.233950 -0.128300 1.034278
v 0.233950 -0.044427 1.034278
v 0.233950 0.039446 1.244612
v 0.233950 0.039446 1.174501
v 0.233950 0.123319 1.174501
v 0.233950 0.039446 1.104390
v 0.233950 0.039446 1.034278
v 0.233950 0.123319 1.034278
v 0.233950 0.207190 1.244612
v 0.233950 0.207190 1.174501
v 0.233950 0.291063 1.174501
v 0.233950 0.207190 1.104389
v 0.233950 0.207190 1.034278
v 0.233950 0.291063 1.034278
v 0.233950 0.207190 1.384833
v 0.233950 0.207190 1.314721
v 0.233950 0.291063 1.314721
v 0.233950 0.039446 1.384833
v 0.233950 0.039446 1.314722
v 0.233950 0.123319 1.314722
v 0.233950 -0.128300 1.384833
v 0.233950 -0.128300 1.314722
v 0.233950 -0.044427 1.314722
v 0.233950 0.374936 1.384833
v 0.233950 0.374936 1.314721
v 0.233950 0.458809 1.314721
v 0.225950 0.493837 1.364556
v 0.225950 0.493837 1.405110
v 0.225950 0.469581 1.384833
v 0.225950 0.481711 1.412980
v 0.225950 0.435908 1.412980
v 0.225950 0.458809 1.393838
v 0.225950 0.416872 1.340772
v 0.225950 0.385707 1.314721
v 0.225950 0.416872 1.288670
v 0.225950 0.448037 1.314721
v 0.225950 0.416872 1.410885
v 0.225950 0.385707 1.384833
v 0.225950 0.416872 1.358782
v 0.225950 0.448038 1.384833
v 0.225950 -0.021526 1.412981
v 0.225950 -0.067328 1.412981
v 0.225950 -0.044427 1.393838
v 0.225950 -0.086362 1.340773
v 0.225950 -0.117528 1.314722
v 0.225950 -0.086362 1.288671
v 0.225950 -0.055200 1.314722
v 0.225950 -0.086362 1.410885
v 0.225950 -0.117528 1.384833
v 0.225950 -0.086362 1.358782
v 0.225950 -0.055200 1.384833
v 0.225950 0.146219 1.412981
v 0.225950 0.100418 1.412981
v 0.225950 0.123319 1.393838
v 0.225950 0.081381 1.340773
v 0.225950 0.050217 1.314722
v 0.225950 0.081381 1.288671
v 0.225950 0.112547 1.314722
v 0.225950 0.081381 1.410885
v 0.225950 0.050217 1.384833
v 0.225950 0.081381 1.358782
v 0.225950 0.112548 1.384833
v 0.225950 0.313964 1.412980
v 0.225950 0.268164 1.412980
v 0.225950 0.291063 1.393838
v 0.225950 0.249127 1.340772
v 0.225950 0.217962 1.314721
v 0.225950 0.249127 1.288670
v 0.225950 0.280292 1.314721
v 0.225950 0.249127 1.410885
v 0.225950 0.217962 1.384833
v 0.225950 0.249127 1.358782
v 0.225950 0.280292 1.384833
v 0.225950 0.249127 1.060330
v 0.225950 0.217962 1.034278
v 0.225950 0.249127 1.008227
v 0.225950 0.280292 1.034278
v 0.225950 0.249127 1.130440
v 0.225950 0.217962 1.104389
v 0.225950 0.249127 1.078337
v 0.225950 0.280292 1.104389
v 0.225950 0.249127 1.200552
v 0.225950 0.217962 1.174501
v 0.225950 0.249127 1.148449
v 0.225950 0.280292 1.174501
v 0.225950 0.249127 1.270663
v 0.225950 0.217962 1.244612
v 0.225950 0.249127 1.218560
v 0.225950 0.280292 1.244612
v 0.225950 0.081381 1.060330
v 0.225950 0.050217 1.034278
v 0.225950 0.081381 1.008227
v 0.225950 0.112547 1.034278
v 0.225950 0.081381 1.130441
v 0.225950 0.050217 1.104390
v 0.225950 0.081381 1.078338
v 0.225950 0.112547 1.104390
v 0.225950 0.081381 1.200552
v 0.225950 0.050217 1.174501
v 0.225950 0.081381 1.148449
v 0.225950 0.112547 1.174501
v 0.225950 0.081381 1.270663
v 0.225950 0.050217 1.244612
v 0.225950 0.081381 1.218560
v 0.225950 0.112547 1.244612
v 0.225950 -0.086362 1.060330
v 0.225950 -0.117528 1.034278
v 0.225950 -0.086362 1.008227
v 0.225950 -0.055200 1.034278
v 0.225950 -0.086362 1.130441
v 0.225950 -0.117528 1.104390
v 0.225950 -0.086362 1.078338
v 0.225950 -0.055200 1.104390
v 0.225950 -0.086362 1.200552
v 0.225950 -0.117528 1.174501
v 0.225950 -0.086362 1.148449
v 0.225950 -0.055200 1.174501
v 0.225950 -0.086362 1.270663
v 0.225950 -0.117528 1.244612
v 0.225950 -0.086362 1.218560
v 0.225950 -0.055200 1.244612
v 0.225950 0.493837 1.084111
v 0.225950 0.493837 1.124666
v 0.225950 0.469581 1.104389
v 0.225950 0.416872 1.060330
v 0.225950 0.385707 1.034278
v 0.225950 0.416872 1.008227
v 0.225950 0.448037 1.034278
v 0.225950 0.416872 1.130440
v 0.225950 0.385707 1.104389
v 0.225950 0.416872 1.078337
v 0.225950 0.448037 1.104389
v 0.225950 0.493837 1.224334
v 0.225950 0.493837 1.264889
v 0.225950 0.469581 1.244612
v 0.225950 0.416872 1.200552
v 0.225950 0.385707 1.174501
v 0.225950 0.416872 1.148449
v 0.225950 0.448037 1.174501
v 0.225950 0.427644 1.209555
v 0.225950 0.458809 1.183503
v 0.225950 0.489974 1.209555
v 0.225950 0.458809 1.235606
v 0.225950 0.176025 1.139444
v 0.225950 0.207190 1.113394
v 0.225950 0.238356 1.139444
v 0.225950 0.207190 1.165497
v 0.225950 0.343773 1.279667
v 0.225950 0.374936 1.253615
v 0.225950 0.406103 1.279667
v 0.225950 0.374936 1.305718
v 0.225950 0.259899 1.139444
v 0.225950 0.291063 1.113394
v 0.225950 0.322229 1.139444
v 0.225950 0.291063 1.165497
v 0.225950 0.427644 1.279667
v 0.225950 0.458809 1.253615
v 0.225950 0.489974 1.279667
v 0.225950 0.458809 1.305718
v 0.225950 0.493837 1.154223
v 0.225950 0.493837 1.194778
v 0.225950 0.469581 1.174501
v 0.225950 0.343773 1.209555
v 0.225950 0.374936 1.183503
v 0.225950 0.406103 1.209555
v 0.225950 0.374936 1.235606
v 0.225950 0.427644 1.069333
v 0.225950 0.458809 1.043283
v 0.225950 0.489974 1.069333
v 0.225950 0.458809 1.095385
v 0.225950 0.333001 1.270663
v 0.225950 0.301835 1.244612
v 0.225950 0.333001 1.218560
v 0.225950 0.364165 1.244612
v 0.225950 0.352035 1.006131
v 0.225950 0.397838 1.006131
v 0.225950 0.374936 1.025275
v 0.225950 0.333001 1.200552
v 0.225950 0.301835 1.174501
v 0.225950 0.333001 1.148449
v 0.225950 0.364165 1.174501
v 0.225950 0.435908 1.006131
v 0.225950 0.481711 1.006131
v 0.225950 0.458809 1.025275
v 0.225950 0.493837 1.014002
v 0.225950 0.493837 1.054555
v 0.225950 0.469581 1.034278
v 0.225950 0.343773 1.069333
v 0.225950 0.374936 1.043283
v 0.225950 0.406103 1.069333
v 0.225950 0.374936 1.095385
v 0.225950 -0.075591 1.209556
v 0.225950 -0.044427 1.183504
v 0.225950 -0.013263 1.209556
v 0.225950 -0.044427 1.235607
v 0.225950 -0.163328 1.264889
v 0.225950 -0.163328 1.224335
v 0.225950 -0.139069 1.244612
v 0.225950 -0.159464 1.279667
v 0.225950 -0.128300 1.253615
v 0.225950 -0.097134 1.279667
v 0.225950 -0.128300 1.305718
v 0.225950 -0.163328 1.194778
v 0.225950 -0.163328 1.154223
v 0.225950 -0.139069 1.174501
v 0.225950 -0.075591 1.279667
v 0.225950 -0.044427 1.253615
v 0.225950 -0.013263 1.279667
v 0.225950 -0.044427 1.305718
v 0.225950 -0.159464 1.209556
v 0.225950 -0.128300 1.183504
v 0.225950 -0.097134 1.209556
v 0.225950 -0.128300 1.235607
v 0.225950 -0.075591 1.069334
v 0.225950 -0.044427 1.043283
v 0.225950 -0.013263 1.069334
v 0.225950 -0.044427 1.095386
v 0.225950 -0.163328 1.124666
v 0.225950 -0.163328 1.084112
v 0.225950 -0.139069 1.104390
v 0.225950 -0.151200 1.006132
v 0.225950 -0.105400 1.006132
v 0.225950 -0.128300 1.025275
v 0.225950 -0.163328 1.054555
v 0.225950 -0.163328 1.014002
v 0.225950 -0.139069 1.034278
v 0.225950 -0.067328 1.006132
v 0.225950 -0.021526 1.006132
v 0.225950 -0.044427 1.025275
v 0.225950 -0.159464 1.069334
v 0.225950 -0.128300 1.043283
v 0.225950 -0.097134 1.069334
v 0.225950 -0.128300 1.095386
v 0.225950 0.092152 1.209556
v 0.225950 0.123319 1.183504
v 0.225950 0.154482 1.209555
v 0.225950 0.123319 1.235607
v 0.225950 0.165254 1.130440
v 0.225950 0.134091 1.104390
v 0.225950 0.165254 1.078337
v 0.225950 0.196421 1.104389
v 0.225950 0.008283 1.279667
v 0.225950 0.039446 1.253615
v 0.225950 0.070610 1.279667
v 0.225950 0.039446 1.305718
v 0.225950 0.165254 1.060330
v 0.225950 0.134090 1.034278
v 0.225950 0.165254 1.008227
v 0.225950 0.196421 1.034278
v 0.225950 0.092152 1.279667
v 0.225950 0.123319 1.253615
v 0.225950 0.154482 1.279667
v 0.225950 0.123319 1.305718
v 0.225950 0.008283 1.209556
v 0.225950 0.039446 1.183504
v 0.225950 0.070610 1.209556
v 0.225950 0.039446 1.235607
v 0.225950 0.092152 1.069334
v 0.225950 0.123319 1.043283
v 0.225950 0.154482 1.069333
v 0.225950 0.123319 1.095386
v 0.225950 -0.002492 1.270663
v 0.225950 -0.033656 1.244612
v 0.225950 -0.002492 1.218560
v 0.225950 0.028674 1.244612
v 0.225950 0.016544 1.006132
v 0.225950 0.062347 1.006132
v 0.225950 0.039446 1.025275
v 0.225950 -0.002492 1.200552
v 0.225950 -0.033656 1.174501
v 0.225950 -0.002492 1.148449
v 0.225950 0.028674 1.174501
v 0.225950 0.100418 1.006132
v 0.225950 0.146219 1.006132
v 0.225950 0.123319 1.025275
v 0.225950 0.008283 1.069334
v 0.225950 0.039446 1.043283
v 0.225950 0.070610 1.069334
v 0.225950 0.039446 1.095386
v 0.225950 0.259899 1.209555
v 0.225950 0.291063 1.183503
v 0.225950 0.322229 1.209555
v 0.225950 0.291063 1.235606
v 0.225950 0.333001 1.130440
v 0.225950 0.301835 1.104389
v 0.225950 0.333001 1.078337
v 0.225950 0.364165 1.104389
v 0.225950 0.176025 1.279667
v 0.225950 0.207190 1.253615
v 0.225950 0.238356 1.279667
v 0.225950 0.207190 1.305718
v 0.225950 0.333001 1.060330
v 0.225950 0.301835 1.034278
v 0.225950 0.333001 1.008227
v 0.225950 0.364165 1.034278
v 0.225950 0.259899 1.279667
v 0.225950 0.291063 1.253615
v 0.225950 0.322229 1.279667
v 0.225950 0.291063 1.305718
v 0.225950 0.176025 1.209555
v 0.225950 0.207190 1.183503
v 0.225950 0.238356 1.209555
v 0.225950 0.207190 1.235606
v 0.225950 0.259899 1.069333
v 0.225950 0.291063 1.043283
v 0.225950 0.322229 1.069333
v 0.225950 0.291063 1.095385
v 0.225950 0.165254 1.270663
v 0.225950 0.134091 1.244612
v 0.225950 0.165254 1.218560
v 0.225950 0.196421 1.244612
v 0.225950 0.184290 1.006131
v 0.225950 0.230092 1.006131
v 0.225950 0.207190 1.025275
v 0.225950 0.165254 1.200552
v 0.225950 0.134091 1.174501
v 0.225950 0.165254 1.148449
v 0.225950 0.196421 1.174501
v 0.225950 0.268164 1.006131
v 0.225950 0.313964 1.006131
v 0.225950 0.291063 1.025275
v 0.225950 0.176025 1.069333
v 0.225950 0.207190 1.043283
v 0.225950 0.238356 1.069333
v 0.225950 0.207190 1.095385
v 0.225950 0.259899 1.349777
v 0.225950 0.291063 1.323725
v 0.225950 0.322229 1.349777
v 0.225950 0.291063 1.375829
v 0.225950 0.230092 1.412980
v 0.225950 0.184291 1.412980
v 0.225950 0.207190 1.393838
v 0.225950 0.333001 1.410885
v 0.225950 0.301835 1.384833
v 0.225950 0.333001 1.358782
v 0.225950 0.364165 1.384833
v 0.225950 0.008283 1.139444
v 0.225950 0.039446 1.113394
v 0.225950 0.070610 1.139444
v 0.225950 0.039446 1.165497
v 0.225950 0.333001 1.340772
v 0.225950 0.301835 1.314721
v 0.225950 0.333001 1.288670
v 0.225950 0.364165 1.314721
v 0.225950 0.092152 1.139444
v 0.225950 0.123319 1.113394
v 0.225950 0.154482 1.139444
v 0.225950 0.123319 1.165497
v 0.225950 0.176025 1.349777
v 0.225950 0.207190 1.323725
v 0.225950 0.238356 1.349777
v 0.225950 0.207190 1.375829
v 0.225950 0.092152 1.349778
v 0.225950 0.123319 1.323726
v 0.225950 0.154482 1.349777
v 0.225950 0.123319 1.375829
v 0.225950 0.062348 1.412981
v 0.225950 0.016544 1.412981
v 0.225950 0.039446 1.393838
v 0.225950 0.165254 1.410885
v 0.225950 0.134091 1.384833
v 0.225950 0.165254 1.358782
v 0.225950 0.196421 1.384833
v 0.225950 -0.159464 1.139445
v 0.225950 -0.128300 1.113394
v 0.225950 -0.097134 1.139445
v 0.225950 -0.128300 1.165497
v 0.225950 0.165254 1.340772
v 0.225950 0.134091 1.314722
v 0.225950 0.165254 1.288670
v 0.225950 0.196421 1.314721
v 0.225950 -0.075591 1.139445
v 0.225950 -0.044427 1.113394
v 0.225950 -0.013263 1.139444
v 0.225950 -0.044427 1.165497
v 0.225950 0.008283 1.349778
v 0.225950 0.039446 1.323726
v 0.225950 0.070610 1.349778
v 0.225950 0.039446 1.375829
v 0.225950 -0.075591 1.349778
v 0.225950 -0.044427 1.323726
v 0.225950 -0.013263 1.349778
v 0.225950 -0.044427 1.375829
v 0.225950 -0.105400 1.412981
v 0.225950 -0.151199 1.412981
v 0.225950 -0.128300 1.393838
v 0.225950 -0.163328 1.405110
v 0.225950 -0.163328 1.364556
v 0.225950 -0.139069 1.384833
v 0.225950 0.343773 1.139444
v 0.225950 0.374936 1.113393
v 0.225950 0.406103 1.139444
v 0.225950 0.374936 1.165497
v 0.225950 -0.163328 1.334999
v 0.225950 -0.163328 1.294446
v 0.225950 -0.139069 1.314722
v 0.225950 0.427644 1.139444
v 0.225950 0.458809 1.113393
v 0.225950 0.489974 1.139444
v 0.225950 0.458809 1.165497
v 0.225950 -0.159464 1.349778
v 0.225950 -0.128300 1.323726
v 0.225950 -0.097134 1.349778
v 0.225950 -0.128300 1.375829
v 0.225950 0.427644 1.349777
v 0.225950 0.458809 1.323725
v 0.225950 0.489974 1.349777
v 0.225950 0.458809 1.375829
v 0.225950 0.397838 1.412980
v 0.225950 0.352035 1.412980
v 0.225950 0.374936 1.393838
v 0.225950 -0.002492 1.130441
v 0.225950 -0.033656 1.104390
v 0.225950 -0.002492 1.078338
v 0.225950 0.028674 1.104390
v 0.225950 -0.002492 1.340773
v 0.225950 -0.033656 1.314722
v 0.225950 -0.002492 1.288671
v 0.225950 0.028674 1.314722
v 0.225950 -0.002492 1.060330
v 0.225950 -0.033656 1.034278
v 0.225950 -0.002492 1.008227
v 0.225950 0.028674 1.034278
v 0.225950 0.416872 1.270663
v 0.225950 0.385707 1.244612
v 0.225950 0.416872 1.218560
v 0.225950 0.448037 1.244612
v 0.225950 0.493837 1.294446
v 0.225950 0.493837 1.334998
v 0.225950 0.469581 1.314721
v 0.225950 0.343773 1.349777
v 0.225950 0.374936 1.323725
v 0.225950 0.406103 1.349777
v 0.225950 0.374936 1.375829
v 0.225950 -0.002492 1.410885
v 0.225950 -0.033656 1.384833
v 0.225950 -0.002492 1.358782
v 0.225950 0.028674 1.384833
v 0.224205 -0.170236 0.390303
v 0.224205 0.500745 0.390302
v 0.224205 0.500745 -0.030362
v 0.224205 -0.170236 -0.030362
v 0.238309 -0.170236 0.390303
v 0.238309 0.500745 0.390302
v 0.238309 0.500745 -0.030362
v 0.238309 -0.170236 -0.030362
v 0.238309 -0.227615 0.447683
v 0.238309 0.558124 0.447683
v 0.238309 0.558124 -0.087743
v 0.238309 -0.227615 -0.087742
v 0.233950 -0.170236 0.390303
v 0.233950 0.500745 0.390302
v 0.233950 0.500745 -0.030362
v 0.233950 -0.170236 -0.030362
v 0.233950 -0.002492 0.390303
v 0.233950 0.165254 0.390302
v 0.233950 0.333001 0.390302
v 0.233950 0.333001 -0.030362
v 0.233950 0.165254 -0.030362
v 0.233950 -0.002492 -0.030362
v 0.233950 -0.170236 0.250082
v 0.233950 -0.170236 0.109859
v 0.233950 0.500745 0.109859
v 0.233950 0.500745 0.250081
v 0.233950 -0.002492 0.109859
v 0.233950 -0.002492 0.250082
v 0.233950 0.165254 0.109859
v 0.233950 0.165254 0.250081
v 0.233950 0.333001 0.109859
v 0.233950 0.333001 0.250081
v 0.233950 0.416872 0.390302
v 0.233950 -0.086362 -0.030362
v 0.233950 -0.170236 0.039748
v 0.233950 0.500745 0.320193
v 0.233950 -0.086362 0.390303
v 0.233950 0.081381 0.390303
v 0.233950 0.249127 0.390302
v 0.233950 0.416872 -0.030362
v 0.233950 0.249127 -0.030362
v 0.233950 0.081381 -0.030362
v 0.233950 -0.002492 0.320193
v 0.233950 0.165254 0.320193
v 0.233950 0.333001 0.320193
v 0.233950 -0.170236 0.320193
v 0.233950 -0.170236 0.179971
v 0.233950 0.500745 0.039747
v 0.233950 0.500745 0.179971
v 0.233950 -0.002492 0.039748
v 0.233950 -0.002492 0.179971
v 0.233950 0.165254 0.039747
v 0.233950 0.165254 0.179971
v 0.233950 0.333001 0.039747
v 0.233950 0.333001 0.179971
v 0.233950 0.249127 0.109859
v 0.233950 0.249127 0.250081
v 0.233950 0.081381 0.109859
v 0.233950 0.081381 0.250082
v 0.233950 -0.086362 0.109859
v 0.233950 -0.086362 0.250082
v 0.233950 0.416872 0.109859
v 0.233950 0.416872 0.250081
v 0.233950 0.416872 0.179971
v 0.233950 0.416872 0.039747
v 0.233950 -0.086362 0.179971
v 0.233950 -0.086362 0.039748
v 0.233950 0.081381 0.179971
v 0.233950 0.081381 0.039748
v 0.233950 0.249127 0.179971
v 0.233950 0.249127 0.039747
v 0.233950 0.249127 0.320193
v 0.233950 0.081381 0.320193
v 0.233950 -0.086362 0.320193
v 0.233950 0.416872 0.320193
v 0.233950 0.458809 0.355248
v 0.233950 -0.044427 0.355248
v 0.233950 0.123319 0.355248
v 0.233950 0.291063 0.355248
v 0.233950 0.291063 0.074804
v 0.233950 0.291063 0.215026
v 0.233950 0.123319 0.074804
v 0.233950 0.123319 0.215026
v 0.233950 -0.044427 0.074804
v 0.233950 -0.044427 0.215026
v 0.233950 0.458809 0.074804
v 0.233950 0.458809 0.215026
v 0.233950 0.374936 0.215026
v 0.233950 0.374936 0.144913
v 0.233950 0.458809 0.144913
v 0.233950 0.374936 0.074804
v 0.233950 0.374936 0.004692
v 0.233950 0.458809 0.004692
v 0.233950 -0.128300 0.215026
v 0.233950 -0.128300 0.144914
v 0.233950 -0.044427 0.144914
v 0.233950 -0.128300 0.074804
v 0.233950 -0.128300 0.004693
v 0.233950 -0.044427 0.004693
v 0.233950 0.039446 0.215026
v 0.233950 0.039446 0.144914
v 0.233950 0.123319 0.144914
v 0.233950 0.039446 0.074804
v 0.233950 0.039446 0.004693
v 0.233950 0.123319 0.004693
v 0.233950 0.207190 0.215026
v 0.233950 0.207190 0.144913
v 0.233950 0.291063 0.144913
v 0.233950 0.207190 0.074804
v 0.233950 0.207190 0.004692
v 0.233950 0.291063 0.004692
v 0.233950 0.207190 0.355248
v 0.233950 0.207190 0.285136
v 0.233950 0.291063 0.285136
v 0.233950 0.039446 0.355248
v 0.233950 0.039446 0.285137
v 0.233950 0.123319 0.285137
v 0.233950 -0.128300 0.355248
v 0.233950 -0.128300 0.285137
v 0.233950 -0.044427 0.285137
v 0.233950 0.374936 0.355248
v 0.233950 0.374936 0.285136
v 0.233950 0.458809 0.285136
v 0.225950 0.493837 0.334971
v 0.225950 0.493837 0.375525
v 0.225950 0.469581 0.355248
v 0.225950 0.481710 0.383394
v 0.225950 0.435908 0.383394
v 0.225950 0.458809 0.364251
v 0.225950 0.416872 0.311188
v 0.225950 0.385707 0.285136
v 0.225950 0.416872 0.259084
v 0.225950 0.448037 0.285136
v 0.225950 0.416872 0.381298
v 0.225950 0.385707 0.355248
v 0.225950 0.416872 0.329197
v 0.225950 0.448037 0.355248
v 0.225950 -0.021526 0.383395
v 0.225950 -0.067328 0.383395
v 0.225950 -0.044427 0.364252
v 0.225950 -0.086362 0.311188
v 0.225950 -0.117528 0.285137
v 0.225950 -0.086362 0.259085
v 0.225950 -0.055200 0.285137
v 0.225950 -0.086362 0.381299
v 0.225950 -0.117528 0.355248
v 0.225950 -0.086362 0.329197
v 0.225950 -0.055200 0.355248
v 0.225950 0.146219 0.383395
v 0.225950 0.100418 0.383395
v 0.225950 0.123319 0.364252
v 0.225950 0.081381 0.311188
v 0.225950 0.050217 0.285137
v 0.225950 0.081381 0.259085
v 0.225950 0.112547 0.285137
v 0.225950 0.081381 0.381299
v 0.225950 0.050217 0.355248
v 0.225950 0.081381 0.329197
v 0.225950 0.112547 0.355248
v 0.225950 0.313964 0.383394
v 0.225950 0.268163 0.383394
v 0.225950 0.291063 0.364251
v 0.225950 0.249127 0.311188
v 0.225950 0.217962 0.285136
v 0.225950 0.249127 0.259084
v 0.225950 0.280292 0.285136
v 0.225950 0.249127 0.381298
v 0.225950 0.217962 0.355248
v 0.225950 0.249127 0.329197
v 0.225950 0.280292 0.355248
v 0.225950 0.249127 0.030743
v 0.225950 0.217962 0.004692
v 0.225950 0.249127 -0.021358
v 0.225950 0.280292 0.004692
v 0.225950 0.249127 0.100856
v 0.225950 0.217962 0.074804
v 0.225950 0.249127 0.048753
v 0.225950 0.280292 0.074804
v 0.225950 0.249127 0.170966
v 0.225950 0.217962 0.144913
v 0.225950 0.249127 0.118862
v 0.225950 0.280292 0.144913
v 0.225950 0.249127 0.241077
v 0.225950 0.217962 0.215026
v 0.225950 0.249127 0.188974
v 0.225950 0.280292 0.215026
v 0.225950 0.081381 0.030744
v 0.225950 0.050217 0.004693
v 0.225950 0.081381 -0.021358
v 0.225950 0.112547 0.004693
v 0.225950 0.081381 0.100856
v 0.225950 0.050217 0.074804
v 0.225950 0.081381 0.048753
v 0.225950 0.112547 0.074804
v 0.225950 0.081381 0.170967
v 0.225950 0.050217 0.144914
v 0.225950 0.081381 0.118863
v 0.225950 0.112547 0.144914
v 0.225950 0.081381 0.241077
v 0.225950 0.050217 0.215026
v 0.225950 0.081381 0.188974
v 0.225950 0.112547 0.215026
v 0.225950 -0.086362 0.030744
v 0.225950 -0.117528 0.004693
v 0.225950 -0.086362 -0.021358
v 0.225950 -0.055200 0.004693
v 0.225950 -0.086362 0.100856
v 0.225950 -0.117528 0.074804
v 0.225950 -0.086362 0.048753
v 0.225950 -0.055200 0.074804
v 0.225950 -0.086362 0.170967
v 0.225950 -0.117528 0.144914
v 0.225950 -0.086362 0.118863
v 0.225950 -0.055200 0.144914
v 0.225950 -0.086362 0.241077
v 0.225950 -0.117528 0.215026
v 0.225950 -0.086362 0.188974
v 0.225950 -0.055200 0.215026
v 0.225950 0.493837 0.054527
v 0.225950 0.493837 0.095081
v 0.225950 0.469581 0.074804
v 0.225950 0.416872 0.030743
v 0.225950 0.385707 0.004692
v 0.225950 0.416872 -0.021358
v 0.225950 0.448037 0.004692
v 0.225950 0.416872 0.100856
v 0.225950 0.385707 0.074804
v 0.225950 0.416872 0.048753
v 0.225950 0.448037 0.074804
v 0.225950 0.493837 0.194750
v 0.225950 0.493837 0.235303
v 0.225950 0.469581 0.215026
v 0.225950 0.416872 0.170966
v 0.225950 0.385707 0.144913
v 0.225950 0.416872 0.118862
v 0.225950 0.448037 0.144913
v 0.225950 0.427644 0.179971
v 0.225950 0.458809 0.153919
v 0.225950 0.489974 0.179971
v 0.225950 0.458809 0.206022
v 0.225950 0.176025 0.109859
v 0.225950 0.207190 0.083808
v 0.225950 0.238356 0.109859
v 0.225950 0.207190 0.135911
v 0.225950 0.343772 0.250081
v 0.225950 0.374936 0.224029
v 0.225950 0.406102 0.250081
v 0.225950 0.374936 0.276132
v 0.225950 0.259899 0.109859
v 0.225950 0.291063 0.083808
v 0.225950 0.322229 0.109859
v 0.225950 0.291063 0.135911
v 0.225950 0.427644 0.250081
v 0.225950 0.458809 0.224029
v 0.225950 0.489974 0.250081
v 0.225950 0.458809 0.276132
v 0.225950 0.493837 0.124637
v 0.225950 0.493837 0.165191
v 0.225950 0.469581 0.144913
v 0.225950 0.343772 0.179971
v 0.225950 0.374936 0.153919
v 0.225950 0.406102 0.179971
v 0.225950 0.374936 0.206022
v 0.225950 0.427644 0.039747
v 0.225950 0.458809 0.013696
v 0.225950 0.489974 0.039747
v 0.225950 0.458809 0.065799
v 0.225950 0.333001 0.241077
v 0.225950 0.301835 0.215026
v 0.225950 0.333001 0.188974
v 0.225950 0.364165 0.215026
v 0.225950 0.352035 -0.023453
v 0.225950 0.397838 -0.023453
v 0.225950 0.374936 -0.004310
v 0.225950 0.333001 0.170966
v 0.225950 0.301835 0.144913
v 0.225950 0.333001 0.118862
v 0.225950 0.364165 0.144913
v 0.225950 0.435908 -0.023453
v 0.225950 0.481710 -0.023453
v 0.225950 0.458809 -0.004310
v 0.225950 0.493837 -0.015585
v 0.225950 0.493837 0.024969
v 0.225950 0.469581 0.004692
v 0.225950 0.343772 0.039747
v 0.225950 0.374936 0.013696
v 0.225950 0.406102 0.039747
v 0.225950 0.374936 0.065799
v 0.225950 -0.075592 0.179971
v 0.225950 -0.044427 0.153919
v 0.225950 -0.013263 0.179971
v 0.225950 -0.044427 0.206022
v 0.225950 -0.163328 0.235303
v 0.225950 -0.163328 0.194750
v 0.225950 -0.139070 0.215026
v 0.225950 -0.159464 0.250082
v 0.225950 -0.128300 0.224030
v 0.225950 -0.097134 0.250082
v 0.225950 -0.128300 0.276133
v 0.225950 -0.163328 0.165192
v 0.225950 -0.163328 0.124638
v 0.225950 -0.139070 0.144914
v 0.225950 -0.075592 0.250082
v 0.225950 -0.044427 0.224030
v 0.225950 -0.013263 0.250082
v 0.225950 -0.044427 0.276133
v 0.225950 -0.159464 0.179971
v 0.225950 -0.128300 0.153919
v 0.225950 -0.097134 0.179971
v 0.225950 -0.128300 0.206022
v 0.225950 -0.075592 0.039748
v 0.225950 -0.044427 0.013697
v 0.225950 -0.013263 0.039748
v 0.225950 -0.044427 0.065799
v 0.225950 -0.163328 0.095081
v 0.225950 -0.163328 0.054527
v 0.225950 -0.139070 0.074804
v 0.225950 -0.151200 -0.023453
v 0.225950 -0.105400 -0.023453
v 0.225950 -0.128300 -0.004310
v 0.225950 -0.163328 0.024970
v 0.225950 -0.163328 -0.015584
v 0.225950 -0.139070 0.004693
v 0.225950 -0.067328 -0.023453
v 0.225950 -0.021526 -0.023453
v 0.225950 -0.044427 -0.004310
v 0.225950 -0.159464 0.039748
v 0.225950 -0.128300 0.013697
v 0.225950 -0.097134 0.039748
v 0.225950 -0.128300 0.065799
v 0.225950 0.092152 0.179971
v 0.225950 0.123319 0.153919
v 0.225950 0.154482 0.179971
v 0.225950 0.123319 0.206022
v 0.225950 0.165254 0.100856
v 0.225950 0.134090 0.074804
v 0.225950 0.165254 0.048753
v 0.225950 0.196420 0.074804
v 0.225950 0.008282 0.250082
v 0.225950 0.039446 0.224030
v 0.225950 0.070610 0.250082
v 0.225950 0.039446 0.276133
v 0.225950 0.165254 0.030743
v 0.225950 0.134090 0.004693
v 0.225950 0.165254 -0.021358
v 0.225950 0.196420 0.004692
v 0.225950 0.092152 0.250082
v 0.225950 0.123319 0.224030
v 0.225950 0.154482 0.250081
v 0.225950 0.123319 0.276133
v 0.225950 0.008282 0.179971
v 0.225950 0.039446 0.153919
v 0.225950 0.070610 0.179971
v 0.225950 0.039446 0.206022
v 0.225950 0.092152 0.039748
v 0.225950 0.123319 0.013697
v 0.225950 0.154482 0.039747
v 0.225950 0.123319 0.065799
v 0.225950 -0.002492 0.241077
v 0.225950 -0.033656 0.215026
v 0.225950 -0.002492 0.188974
v 0.225950 0.028674 0.215026
v 0.225950 0.016544 -0.023453
v 0.225950 0.062347 -0.023453
v 0.225950 0.039446 -0.004310
v 0.225950 -0.002492 0.170967
v 0.225950 -0.033656 0.144914
v 0.225950 -0.002492 0.118863
v 0.225950 0.028674 0.144914
v 0.225950 0.100418 -0.023453
v 0.225950 0.146219 -0.023453
v 0.225950 0.123319 -0.004310
v 0.225950 0.008282 0.039748
v 0.225950 0.039446 0.013697
v 0.225950 0.070610 0.039748
v 0.225950 0.039446 0.065799
v 0.225950 0.259899 0.179971
v 0.225950 0.291063 0.153919
v 0.225950 0.322229 0.179971
v 0.225950 0.291063 0.206022
v 0.225950 0.333001 0.100856
v 0.225950 0.301835 0.074804
v 0.225950 0.333001 0.048753
v 0.225950 0.364165 0.074804
v 0.225950 0.176025 0.250081
v 0.225950 0.207190 0.224029
v 0.225950 0.238356 0.250081
v 0.225950 0.207190 0.276132
v 0.225950 0.333001 0.030743
v 0.225950 0.301835 0.004692
v 0.225950 0.333001 -0.021358
v 0.225950 0.364165 0.004692
v 0.225950 0.259899 0.250081
v 0.225950 0.291063 0.224029
v 0.225950 0.322229 0.250081
v 0.225950 0.291063 0.276132
v 0.225950 0.176025 0.179971
v 0.225950 0.207190 0.153919
v 0.225950 0.238356 0.179971
v 0.225950 0.207190 0.206022
v 0.225950 0.259899 0.039747
v 0.225950 0.291063 0.013696
v 0.225950 0.322229 0.039747
v 0.225950 0.291063 0.065799
v 0.225950 0.165254 0.241077
v 0.225950 0.134090 0.215026
v 0.225950 0.165254 0.188974
v 0.225950 0.196420 0.215026
v 0.225950 0.184290 -0.023453
v 0.225950 0.230092 -0.023453
v 0.225950 0.207190 -0.004310
v 0.225950 0.165254 0.170966
v 0.225950 0.134090 0.144914
v 0.225950 0.165254 0.118862
v 0.225950 0.196420 0.144913
v 0.225950 0.268163 -0.023453
v 0.225950 0.313964 -0.023453
v 0.225950 0.291063 -0.004310
v 0.225950 0.176025 0.039747
v 0.225950 0.207190 0.013696
v 0.225950 0.238356 0.039747
v 0.225950 0.207190 0.065799
v 0.225950 0.259899 0.320193
v 0.225950 0.291063 0.294142
v 0.225950 0.322229 0.320193
v 0.225950 0.291063 0.346244
v 0.225950 0.230092 0.383394
v 0.225950 0.184290 0.383394
v 0.225950 0.207190 0.364251
v 0.225950 0.333001 0.381298
v 0.225950 0.301835 0.355248
v 0.225950 0.333001 0.329197
v 0.225950 0.364165 0.355248
v 0.225950 0.008282 0.109859
v 0.225950 0.039446 0.083808
v 0.225950 0.070610 0.109859
v 0.225950 0.039446 0.135911
v 0.225950 0.333001 0.311188
v 0.225950 0.301835 0.285136
v 0.225950 0.333001 0.259084
v 0.225950 0.364165 0.285136
v 0.225950 0.092152 0.109859
v 0.225950 0.123319 0.083808
v 0.225950 0.154482 0.109859
v 0.225950 0.123319 0.135911
v 0.225950 0.176025 0.320193
v 0.225950 0.207190 0.294142
v 0.225950 0.238356 0.320193
v 0.225950 0.207190 0.346244
v 0.225950 0.092152 0.320193
v 0.225950 0.123319 0.294142
v 0.225950 0.154482 0.320193
v 0.225950 0.123319 0.346244
v 0.225950 0.062347 0.383395
v 0.225950 0.016544 0.383395
v 0.225950 0.039446 0.364252
v 0.225950 0.165254 0.381298
v 0.225950 0.134090 0.355248
v 0.225950 0.165254 0.329197
v 0.225950 0.196420 0.355248
v 0.225950 -0.159464 0.109859
v 0.225950 -0.128300 0.083808
v 0.225950 -0.097134 0.109859
v 0.225950 -0.128300 0.135911
v 0.225950 0.165254 0.311188
v 0.225950 0.134090 0.285137
v 0.225950 0.165254 0.259084
v 0.225950 0.196420 0.285136
v 0.225950 -0.075592 0.109859
v 0.225950 -0.044427 0.083808
v 0.225950 -0.013263 0.109859
v 0.225950 -0.044427 0.135911
v 0.225950 0.008282 0.320193
v 0.225950 0.039446 0.294142
v 0.225950 0.070610 0.320193
v 0.225950 0.039446 0.346244
v 0.225950 -0.075592 0.320193
v 0.225950 -0.044427 0.294142
v 0.225950 -0.013263 0.320193
v 0.225950 -0.044427 0.346244
v 0.225950 -0.105400 0.383395
v 0.225950 -0.151200 0.383395
v 0.225950 -0.128300 0.364252
v 0.225950 -0.163328 0.375525
v 0.225950 -0.163328 0.334971
v 0.225950 -0.139070 0.355248
v 0.225950 0.343772 0.109859
v 0.225950 0.374936 0.083808
v 0.225950 0.406102 0.109859
v 0.225950 0.374936 0.135911
v 0.225950 -0.163328 0.305414
v 0.225950 -0.163328 0.264860
v 0.225950 -0.139070 0.285137
v 0.225950 0.427644 0.109859
v 0.225950 0.458809 0.083808
v 0.225950 0.489974 0.109859
v 0.225950 0.458809 0.135911
v 0.225950 -0.159464 0.320193
v 0.225950 -0.128300 0.294142
v 0.225950 -0.097134 0.320193
v 0.225950 -0.128300 0.346244
v 0.225950 0.427644 0.320193
v 0.225950 0.458809 0.294142
v 0.225950 0.489974 0.320193
v 0.225950 0.458809 0.346244
v 0.225950 0.397838 0.383394
v 0.225950 0.352035 0.383394
v 0.225950 0.374936 0.364251
v 0.225950 -0.002492 0.100856
v 0.225950 -0.033656 0.074804
v 0.225950 -0.002492 0.048753
v 0.225950 0.028674 0.074804
v 0.225950 -0.002492 0.311188
v 0.225950 -0.033656 0.285137
v 0.225950 -0.002492 0.259085
v 0.225950 0.028674 0.285137
v 0.225950 -0.002492 0.030744
v 0.225950 -0.033656 0.004693
v 0.225950 -0.002492 -0.021358
v 0.225950 0.028674 0.004693
v 0.225950 0.416872 0.241077
v 0.225950 0.385707 0.215026
v 0.225950 0.416872 0.188974
v 0.225950 0.448037 0.215026
v 0.225950 0.493837 0.264859
v 0.225950 0.493837 0.305413
v 0.225950 0.469581 0.285136
v 0.225950 0.343772 0.320193
v 0.225950 0.374936 0.294142
v 0.225950 0.406102 0.320193
v 0.225950 0.374936 0.346244
v 0.225950 -0.002492 0.381299
v 0.225950 -0.033656 0.355248
v 0.225950 -0.002492 0.329197
v 0.225950 0.028674 0.355248
v 1.794669 -0.170236 -1.354184
v 1.794669 0.500745 -1.354184
v 1.794669 0.500745 -1.774850
v 1.794669 -0.170236 -1.774850
v 1.808773 -0.170236 -1.354184
v 1.808773 0.500745 -1.354184
v 1.808773 0.500745 -1.774850
v 1.808773 -0.170236 -1.774850
v 1.808773 -0.227616 -1.296804
v 1.808773 0.558123 -1.296804
v 1.808773 0.558123 -1.832229
v 1.808773 -0.227616 -1.832229
v 1.804414 -0.170236 -1.354184
v 1.804414 0.500745 -1.354184
v 1.804414 0.500745 -1.774850
v 1.804414 -0.170236 -1.774850
v 1.804414 -0.002492 -1.354184
v 1.804414 0.165254 -1.354184
v 1.804414 0.332999 -1.354184
v 1.804414 0.332999 -1.774850
v 1.804414 0.165254 -1.774850
v 1.804414 -0.002492 -1.774850
v 1.804414 -0.170236 -1.494406
v 1.804414 -0.170236 -1.634628
v 1.804414 0.500745 -1.634628
v 1.804414 0.500745 -1.494406
v 1.804414 -0.002492 -1.634628
v 1.804414 -0.002492 -1.494406
v 1.804414 0.165254 -1.634628
v 1.804414 0.165254 -1.494406
v 1.804414 0.332999 -1.634628
v 1.804414 0.332999 -1.494406
v 1.804414 0.416872 -1.354184
v 1.804414 -0.086363 -1.774850
v 1.804414 -0.170236 -1.704739
v 1.804414 0.500745 -1.424295
v 1.804414 -0.086363 -1.354184
v 1.804414 0.081381 -1.354184
v 1.804414 0.249127 -1.354184
v 1.804414 0.416872 -1.774850
v 1.804414 0.249127 -1.774850
v 1.804414 0.081381 -1.774850
v 1.804414 -0.002492 -1.424295
v 1.804414 0.165254 -1.424295
v 1.804414 0.332999 -1.424295
v 1.804414 -0.170236 -1.424295
v 1.804414 -0.170236 -1.564517
v 1.804414 0.500745 -1.704739
v 1.804414 0.500745 -1.564517
v 1.804414 -0.002492 -1.704739
v 1.804414 -0.002492 -1.564517
v 1.804414 0.165254 -1.704739
v 1.804414 0.165254 -1.564517
v 1.804414 0.332999 -1.704739
v 1.804414 0.332999 -1.564517
v 1.804414 0.249127 -1.634628
v 1.804414 0.249127 -1.494406
v 1.804414 0.081381 -1.634628
v 1.804414 0.081381 -1.494406
v 1.804414 -0.086363 -1.634628
v 1.804414 -0.086363 -1.494406
v 1.804414 0.416872 -1.634628
v 1.804414 0.416872 -1.494406
v 1.804414 0.416872 -1.564517
v 1.804414 0.416872 -1.704739
v 1.804414 -0.086363 -1.564517
v 1.804414 -0.086363 -1.704739
v 1.804414 0.081381 -1.564517
v 1.804414 0.081381 -1.704739
v 1.804414 0.249127 -1.564517
v 1.804414 0.249127 -1.704739
v 1.804414 0.249127 -1.424295
v 1.804414 0.081381 -1.424295
v 1.804414 -0.086363 -1.424295
v 1.804414 0.416872 -1.424295
v 1.804414 0.458809 -1.389239
v 1.804414 -0.044427 -1.389239
v 1.804414 0.123317 -1.389239
v 1.804414 0.291063 -1.389239
v 1.804414 0.291063 -1.669683
v 1.804414 0.291063 -1.529461
v 1.804414 0.123317 -1.669683
v 1.804414 0.123317 -1.529461
v 1.804414 -0.044427 -1.669683
v 1.804414 -0.044427 -1.529461
v 1.804414 0.458809 -1.669683
v 1.804414 0.458809 -1.529461
v 1.804414 0.374936 -1.529461
v 1.804414 0.374936 -1.599572
v 1.804414 0.458809 -1.599572
v 1.804414 0.374936 -1.669683
v 1.804414 0.374936 -1.739794
v 1.804414 0.458809 -1.739794
v 1.804414 -0.128300 -1.529461
v 1.804414 -0.128300 -1.599572
v 1.804414 -0.044427 -1.599572
v 1.804414 -0.128300 -1.669683
v 1.804414 -0.128300 -1.739794
v 1.804414 -0.044427 -1.739794
v 1.804414 0.039445 -1.529461
v 1.804414 0.039445 -1.599572
v 1.804414 0.123317 -1.599572
v 1.804414 0.039445 -1.669683
v 1.804414 0.039445 -1.739794
v 1.804414 0.123317 -1.739794
v 1.804414 0.207190 -1.529461
v 1.804414 0.207190 -1.599572
v 1.804414 0.291063 -1.599572
v 1.804414 0.207190 -1.669683
v 1.804414 0.207190 -1.739794
v 1.804414 0.291063 -1.739794
v 1.804414 0.207190 -1.389239
v 1.804414 0.207190 -1.459350
v 1.804414 0.291063 -1.459350
v 1.804414 0.039445 -1.389239
v 1.804414 0.039445 -1.459350
v 1.804414 0.123317 -1.459350
v 1.804414 -0.128300 -1.389239
v 1.804414 -0.128300 -1.459350
v 1.804414 -0.044427 -1.459350
v 1.804414 0.374936 -1.389239
v 1.804414 0.374936 -1.459350
v 1.804414 0.458809 -1.459350
v 1.796413 0.493836 -1.409516
v 1.796413 0.493836 -1.368963
v 1.796413 0.469580 -1.389239
v 1.796413 0.481709 -1.361092
v 1.796413 0.435907 -1.361092
v 1.796413 0.458809 -1.380235
v 1.796413 0.416872 -1.433299
v 1.796413 0.385707 -1.459350
v 1.796413 0.416872 -1.485402
v 1.796413 0.448037 -1.459350
v 1.796413 0.416872 -1.363188
v 1.796413 0.385707 -1.389239
v 1.796413 0.416872 -1.415290
v 1.796413 0.448037 -1.389239
v 1.796413 -0.021527 -1.361092
v 1.796413 -0.067328 -1.361092
v 1.796413 -0.044427 -1.380235
v 1.796413 -0.086363 -1.433299
v 1.796413 -0.117529 -1.459350
v 1.796413 -0.086363 -1.485402
v 1.796413 -0.055200 -1.459350
v 1.796413 -0.086363 -1.363188
v 1.796413 -0.117529 -1.389239
v 1.796413 -0.086363 -1.415290
v 1.796413 -0.055200 -1.389239
v 1.796413 0.146218 -1.361092
v 1.796413 0.100417 -1.361092
v 1.796413 0.123317 -1.380235
v 1.796413 0.081381 -1.433299
v 1.796413 0.050216 -1.459350
v 1.796413 0.081381 -1.485402
v 1.796413 0.112546 -1.459350
v 1.796413 0.081381 -1.363188
v 1.796413 0.050216 -1.389239
v 1.796413 0.081381 -1.415290
v 1.796413 0.112546 -1.389239
v 1.796413 0.313964 -1.361092
v 1.796413 0.268162 -1.361092
v 1.796413 0.291063 -1.380235
v 1.796413 0.249127 -1.433299
v 1.796413 0.217961 -1.459350
v 1.796413 0.249127 -1.485402
v 1.796413 0.280291 -1.459350
v 1.796413 0.249127 -1.363188
v 1.796413 0.217961 -1.389239
v 1.796413 0.249127 -1.415290
v 1.796413 0.280291 -1.389239
v 1.796413 0.249127 -1.713743
v 1.796413 0.217961 -1.739794
v 1.796413 0.249127 -1.765845
v 1.796413 0.280291 -1.739794
v 1.796413 0.249127 -1.643631
v 1.796413 0.217961 -1.669683
v 1.796413 0.249127 -1.695734
v 1.796413 0.280291 -1.669683
v 1.796413 0.249127 -1.573520
v 1.796413 0.217961 -1.599572
v 1.796413 0.249127 -1.625624
v 1.796413 0.280291 -1.599572
v 1.796413 0.249127 -1.503410
v 1.796413 0.217961 -1.529461
v 1.796413 0.249127 -1.555513
v 1.796413 0.280291 -1.529461
v 1.796413 0.081381 -1.713743
v 1.796413 0.050216 -1.739794
v 1.796413 0.081381 -1.765845
v 1.796413 0.112546 -1.739794
v 1.796413 0.081381 -1.643631
v 1.796413 0.050216 -1.669683
v 1.796413 0.081381 -1.695734
v 1.796413 0.112546 -1.669683
v 1.796413 0.081381 -1.573520
v 1.796413 0.050216 -1.599572
v 1.796413 0.081381 -1.625624
v 1.796413 0.112546 -1.599572
v 1.796413 0.081381 -1.503410
v 1.796413 0.050216 -1.529461
v 1.796413 0.081381 -1.555513
v 1.796413 0.112546 -1.529461
v 1.796413 -0.086363 -1.713743
v 1.796413 -0.117529 -1.739794
v 1.796413 -0.086363 -1.765845
v 1.796413 -0.055200 -1.739794
v 1.796413 -0.086363 -1.643631
v 1.796413 -0.117529 -1.669683
v 1.796413 -0.086363 -1.695734
v 1.796413 -0.055200 -1.669683
v 1.796413 -0.086363 -1.573520
v 1.796413 -0.117529 -1.599572
v 1.796413 -0.086363 -1.625624
v 1.796413 -0.055200 -1.599572
v 1.796413 -0.086363 -1.503410
v 1.796413 -0.117529 -1.529461
v 1.796413 -0.086363 -1.555513
v 1.796413 -0.055200 -1.529461
v 1.796413 0.493836 -1.689960
v 1.796413 0.493836 -1.649407
v 1.796413 0.469580 -1.669683
v 1.796413 0.416872 -1.713743
v 1.796413 0.385707 -1.739794
v 1.796413 0.416872 -1.765845
v 1.796413 0.448037 -1.739794
v 1.796413 0.416872 -1.643631
v 1.796413 0.385707 -1.669683
v 1.796413 0.416872 -1.695734
v 1.796413 0.448037 -1.669683
v 1.796413 0.493836 -1.549739
v 1.796413 0.493836 -1.509185
v 1.796413 0.469580 -1.529461
v 1.796413 0.416872 -1.573520
v 1.796413 0.385707 -1.599572
v 1.796413 0.416872 -1.625624
v 1.796413 0.448037 -1.599572
v 1.796413 0.427643 -1.564517
v 1.796413 0.458809 -1.590568
v 1.796413 0.489974 -1.564517
v 1.796413 0.458809 -1.538465
v 1.796413 0.176025 -1.634628
v 1.796413 0.207190 -1.660679
v 1.796413 0.238355 -1.634628
v 1.796413 0.207190 -1.608576
v 1.796413 0.343771 -1.494406
v 1.796413 0.374936 -1.520458
v 1.796413 0.406101 -1.494406
v 1.796413 0.374936 -1.468354
v 1.796413 0.259898 -1.634628
v 1.796413 0.291063 -1.660679
v 1.796413 0.322228 -1.634628
v 1.796413 0.291063 -1.608576
v 1.796413 0.427643 -1.494406
v 1.796413 0.458809 -1.520458
v 1.796413 0.489974 -1.494406
v 1.796413 0.458809 -1.468354
v 1.796413 0.493836 -1.619849
v 1.796413 0.493836 -1.579296
v 1.796413 0.469580 -1.599572
v 1.796413 0.343771 -1.564517
v 1.796413 0.374936 -1.590568
v 1.796413 0.406101 -1.564517
v 1.796413 0.374936 -1.538465
v 1.796413 0.427643 -1.704739
v 1.796413 0.458809 -1.730790
v 1.796413 0.489974 -1.704739
v 1.796413 0.458809 -1.678687
v 1.796413 0.332999 -1.503410
v 1.796413 0.301834 -1.529461
v 1.796413 0.332999 -1.555513
v 1.796413 0.364164 -1.529461
v 1.796413 0.352035 -1.767941
v 1.796413 0.397837 -1.767941
v 1.796413 0.374936 -1.748797
v 1.796413 0.332999 -1.573520
v 1.796413 0.301834 -1.599572
v 1.796413 0.332999 -1.625624
v 1.796413 0.364164 -1.599572
v 1.796413 0.435907 -1.767941
v 1.796413 0.481709 -1.767941
v 1.796413 0.458809 -1.748797
v 1.796413 0.493836 -1.760071
v 1.796413 0.493836 -1.719517
v 1.796413 0.469580 -1.739794
v 1.796413 0.343771 -1.704739
v 1.796413 0.374936 -1.730790
v 1.796413 0.406101 -1.704739
v 1.796413 0.374936 -1.678687
v 1.796413 -0.075593 -1.564517
v 1.796413 -0.044427 -1.590568
v 1.796413 -0.013263 -1.564517
v 1.796413 -0.044427 -1.538465
v 1.796413 -0.163329 -1.509185
v 1.796413 -0.163329 -1.549739
v 1.796413 -0.139071 -1.529461
v 1.796413 -0.159465 -1.494406
v 1.796413 -0.128300 -1.520458
v 1.796413 -0.097135 -1.494406
v 1.796413 -0.128300 -1.468354
v 1.796413 -0.163329 -1.579296
v 1.796413 -0.163329 -1.619849
v 1.796413 -0.139071 -1.599572
v 1.796413 -0.075593 -1.494406
v 1.796413 -0.044427 -1.520458
v 1.796413 -0.013263 -1.494406
v 1.796413 -0.044427 -1.468354
v 1.796413 -0.159465 -1.564517
v 1.796413 -0.128300 -1.590568
v 1.796413 -0.097135 -1.564517
v 1.796413 -0.128300 -1.538465
v 1.796413 -0.075593 -1.704739
v 1.796413 -0.044427 -1.730790
v 1.796413 -0.013263 -1.704739
v 1.796413 -0.044427 -1.678687
v 1.796413 -0.163329 -1.649407
v 1.796413 -0.163329 -1.689960
v 1.796413 -0.139071 -1.669683
v 1.796413 -0.151201 -1.767941
v 1.796413 -0.105400 -1.767941
v 1.796413 -0.128300 -1.748797
v 1.796413 -0.163329 -1.719517
v 1.796413 -0.163329 -1.760071
v 1.796413 -0.139071 -1.739794
v 1.796413 -0.067328 -1.767941
v 1.796413 -0.021527 -1.767941
v 1.796413 -0.044427 -1.748797
v 1.796413 -0.159465 -1.704739
v 1.796413 -0.128300 -1.730790
v 1.796413 -0.097135 -1.704739
v 1.796413 -0.128300 -1.678687
v 1.796413 0.092152 -1.564517
v 1.796413 0.123317 -1.590568
v 1.796413 0.154482 -1.564517
v 1.796413 0.123317 -1.538465
v 1.796413 0.165254 -1.643631
v 1.796413 0.134089 -1.669683
v 1.796413 0.165254 -1.695734
v 1.796413 0.196419 -1.669683
v 1.796413 0.008281 -1.494406
v 1.796413 0.039445 -1.520458
v 1.796413 0.070610 -1.494406
v 1.796413 0.039445 -1.468354
v 1.796413 0.165254 -1.713743
v 1.796413 0.134089 -1.739794
v 1.796413 0.165254 -1.765845
v 1.796413 0.196419 -1.739794
v 1.796413 0.092152 -1.494406
v 1.796413 0.123317 -1.520458
v 1.796413 0.154482 -1.494406
v 1.796413 0.123317 -1.468354
v 1.796413 0.008281 -1.564517
v 1.796413 0.039445 -1.590568
v 1.796413 0.070610 -1.564517
v 1.796413 0.039445 -1.538465
v 1.796413 0.092152 -1.704739
v 1.796413 0.123317 -1.730790
v 1.796413 0.154482 -1.704739
v 1.796413 0.123317 -1.678687
v 1.796413 -0.002492 -1.503410
v 1.796413 -0.033656 -1.529461
v 1.796413 -0.002492 -1.555513
v 1.796413 0.028674 -1.529461
v 1.796413 0.016543 -1.767941
v 1.796413 0.062346 -1.767941
v 1.796413 0.039445 -1.748797
v 1.796413 -0.002492 -1.573520
v 1.796413 -0.033656 -1.599572
v 1.796413 -0.002492 -1.625624
v 1.796413 0.028674 -1.599572
v 1.796413 0.100417 -1.767941
v 1.796413 0.146218 -1.767941
v 1.796413 0.123317 -1.748797
v 1.796413 0.008281 -1.704739
v 1.796413 0.039445 -1.730790
v 1.796413 0.070610 -1.704739
v 1.796413 0.039445 -1.678687
v 1.796413 0.259898 -1.564517
v 1.796413 0.291063 -1.590568
v 1.796413 0.322228 -1.564517
v 1.796413 0.291063 -1.538465
v 1.796413 0.332999 -1.643631
v 1.796413 0.301834 -1.669683
v 1.796413 0.332999 -1.695734
v 1.796413 0.364164 -1.669683
v 1.796413 0.176025 -1.494406
v 1.796413 0.207190 -1.520458
v 1.796413 0.238355 -1.494406
v 1.796413 0.207190 -1.468354
v 1.796413 0.332999 -1.713743
v 1.796413 0.301834 -1.739794
v 1.796413 0.332999 -1.765845
v 1.796413 0.364164 -1.739794
v 1.796413 0.259898 -1.494406
v 1.796413 0.291063 -1.520458
v 1.796413 0.322228 -1.494406
v 1.796413 0.291063 -1.468354
v 1.796413 0.176025 -1.564517
v 1.796413 0.207190 -1.590568
v 1.796413 0.238355 -1.564517
v 1.796413 0.207190 -1.538465
v 1.796413 0.259898 -1.704739
v 1.796413 0.291063 -1.730790
v 1.796413 0.322228 -1.704739
v 1.796413 0.291063 -1.678687
v 1.796413 0.165254 -1.503410
v 1.796413 0.134089 -1.529461
v 1.796413 0.165254 -1.555513
v 1.796413 0.196419 -1.529461
v 1.796413 0.184289 -1.767941
v 1.796413 0.230091 -1.767941
v 1.796413 0.207190 -1.748797
v 1.796413 0.165254 -1.573520
v 1.796413 0.134089 -1.599572
v 1.796413 0.165254 -1.625624
v 1.796413 0.196419 -1.599572
v 1.796413 0.268162 -1.767941
v 1.796413 0.313964 -1.767941
v 1.796413 0.291063 -1.748797
v 1.796413 0.176025 -1.704739
v 1.796413 0.207190 -1.730790
v 1.796413 0.238355 -1.704739
v 1.796413 0.207190 -1.678687
v 1.796413 0.259898 -1.424295
v 1.796413 0.291063 -1.450346
v 1.796413 0.322228 -1.424295
v 1.796413 0.291063 -1.398244
v 1.796413 0.230091 -1.361092
v 1.796413 0.184289 -1.361092
v 1.796413 0.207190 -1.380235
v 1.796413 0.332999 -1.363188
v 1.796413 0.301834 -1.389239
v 1.796413 0.332999 -1.415290
v 1.796413 0.364164 -1.389239
v 1.796413 0.008281 -1.634628
v 1.796413 0.039445 -1.660679
v 1.796413 0.070610 -1.634628
v 1.796413 0.039445 -1.608576
v 1.796413 0.332999 -1.433299
v 1.796413 0.301834 -1.459350
v 1.796413 0.332999 -1.485402
v 1.796413 0.364164 -1.459350
v 1.796413 0.092152 -1.634628
v 1.796413 0.123317 -1.660679
v 1.796413 0.154482 -1.634628
v 1.796413 0.123317 -1.608576
v 1.796413 0.176025 -1.424295
v 1.796413 0.207190 -1.450346
v 1.796413 0.238355 -1.424295
v 1.796413 0.207190 -1.398244
v 1.796413 0.092152 -1.424295
v 1.796413 0.123317 -1.450346
v 1.796413 0.154482 -1.424295
v 1.796413 0.123317 -1.398244
v 1.796413 0.062346 -1.361092
v 1.796413 0.016543 -1.361092
v 1.796413 0.039445 -1.380235
v 1.796413 0.165254 -1.363188
v 1.796413 0.134089 -1.389239
v 1.796413 0.165254 -1.415290
v 1.796413 0.196419 -1.389239
v 1.796413 -0.159465 -1.634628
v 1.796413 -0.128300 -1.660679
v 1.796413 -0.097135 -1.634628
v 1.796413 -0.128300 -1.608576
v 1.796413 0.165254 -1.433299
v 1.796413 0.134089 -1.459350
v 1.796413 0.165254 -1.485402
v 1.796413 0.196419 -1.459350
v 1.796413 -0.075593 -1.634628
v 1.796413 -0.044427 -1.660679
v 1.796413 -0.013263 -1.634628
v 1.796413 -0.044427 -1.608576
v 1.796413 0.008281 -1.424295
v 1.796413 0.039445 -1.450346
v 1.796413 0.070610 -1.424295
v 1.796413 0.039445 -1.398244
v 1.796413 -0.075593 -1.424295
v 1.796413 -0.044427 -1.450346
v 1.796413 -0.013263 -1.424295
v 1.796413 -0.044427 -1.398244
v 1.796413 -0.105400 -1.361092
v 1.796413 -0.151201 -1.361092
v 1.796413 -0.128300 -1.380235
v 1.796413 -0.163329 -1.368963
v 1.796413 -0.163329 -1.409516
v 1.796413 -0.139071 -1.389239
v 1.796413 0.343771 -1.634628
v 1.796413 0.374936 -1.660679
v 1.796413 0.406101 -1.634628
v 1.796413 0.374936 -1.608576
v 1.796413 -0.163329 -1.439073
v 1.796413 -0.163329 -1.479627
v 1.796413 -0.139071 -1.459350
v 1.796413 0.427643 -1.634628
v 1.796413 0.458809 -1.660679
v 1.796413 0.489974 -1.634628
v 1.796413 0.458809 -1.608576
v 1.796413 -0.159465 -1.424295
v 1.796413 -0.128300 -1.450346
v 1.796413 -0.097135 -1.424295
v 1.796413 -0.128300 -1.398244
v 1.796413 0.427643 -1.424295
v 1.796413 0.458809 -1.450346
v 1.796413 0.489974 -1.424295
v 1.796413 0.458809 -1.398244
v 1.796413 0.397837 -1.361092
v 1.796413 0.352035 -1.361092
v 1.796413 0.374936 -1.380235
v 1.796413 -0.002492 -1.643631
v 1.796413 -0.033656 -1.669683
v 1.796413 -0.002492 -1.695734
v 1.796413 0.028674 -1.669683
v 1.796413 -0.002492 -1.433299
v 1.796413 -0.033656 -1.459350
v 1.796413 -0.002492 -1.485402
v 1.796413 0.028674 -1.459350
v 1.796413 -0.002492 -1.713743
v 1.796413 -0.033656 -1.739794
v 1.796413 -0.002492 -1.765845
v 1.796413 0.028674 -1.739794
v 1.796413 0.416872 -1.503410
v 1.796413 0.385707 -1.529461
v 1.796413 0.416872 -1.555513
v 1.796413 0.448037 -1.529461
v 1.796413 0.493836 -1.479627
v 1.796413 0.493836 -1.439073
v 1.796413 0.469580 -1.459350
v 1.796413 0.343771 -1.424295
v 1.796413 0.374936 -1.450346
v 1.796413 0.406101 -1.424295
v 1.796413 0.374936 -1.398244
v 1.796413 -0.002492 -1.363188
v 1.796413 -0.033656 -1.389239
v 1.796413 -0.002492 -1.415290
v 1.796413 0.028674 -1.389239
v 1.366191 -2.650331 -1.262864
v 1.366191 -1.399936 -1.262864
v 1.366191 -2.650332 -1.864188
v 1.366191 -1.399936 -1.864189
v 1.386693 -1.998495 -1.864189
v 1.386693 -2.051773 -1.864189
v 1.386693 -2.364372 -1.262864
v 1.386693 -2.311094 -1.262864
v 1.386693 -2.311094 -1.864189
v 1.386693 -2.364372 -1.864189
v 1.366191 -2.311094 -1.864189
v 1.366191 -2.364372 -1.864189
v 1.366191 -1.998495 -1.864189
v 1.366191 -2.051773 -1.864189
v 1.366191 -1.685896 -1.864189
v 1.366191 -1.739174 -1.864189
v 1.366191 -2.364372 -1.262864
v 1.366191 -2.311094 -1.262864
v 1.366191 -2.051773 -1.262864
v 1.366191 -1.998495 -1.262864
v 1.366191 -1.739174 -1.262864
v 1.366191 -1.685896 -1.262864
v 1.386693 -1.998495 -1.262864
v 1.386693 -2.051773 -1.262864
v 1.386693 -1.739174 -1.864189
v 1.386693 -1.685896 -1.864189
v 1.386693 -1.685896 -1.262864
v 1.386693 -1.739174 -1.262864
v -0.303774 -2.650331 0.504925
v -0.303774 -1.399935 0.504925
v -0.303774 -2.650331 -0.096399
v -0.303774 -1.399936 -0.096399
v -0.283273 -1.998495 -0.096399
v -0.283273 -2.051773 -0.096399
v -0.283273 -2.364372 0.504925
v -0.283273 -2.311094 0.504925
v -0.283273 -2.311094 -0.096399
v -0.283273 -2.364372 -0.096399
v -0.303774 -2.311094 -0.096399
v -0.303774 -2.364372 -0.096399
v -0.303774 -1.998495 -0.096399
v -0.303774 -2.051773 -0.096399
v -0.303774 -1.685896 -0.096399
v -0.303774 -1.739174 -0.096399
v -0.303774 -2.364372 0.504925
v -0.303774 -2.311094 0.504925
v -0.303774 -2.051773 0.504925
v -0.303774 -1.998495 0.504925
v -0.303774 -1.739174 0.504925
v -0.303774 -1.685896 0.504925
v -0.283273 -1.998495 0.504925
v -0.283273 -2.051773 0.504925
v -0.283273 -1.739174 -0.096399
v -0.283273 -1.685896 -0.096399
v -0.283273 -1.685896 0.504925
v -0.283273 -1.739174 0.504925
v 0.786510 1.121366 -2.754183
v 0.786510 1.121367 -0.326133
v 1.954715 1.121367 -0.326133
v 1.954715 1.121366 -2.754183
v -1.564811 1.121367 -0.326133
v -1.564811 1.121366 -2.754183
v -3.134078 0.232500 1.932349
v 0.358165 1.410210 1.932349
v -3.134078 0.232498 -3.148196
v 0.358165 1.410210 -3.148196
v -2.496640 0.877139 -3.148196
v -1.313547 2.603981 -3.148196
v -2.064396 1.385326 -3.148196
v -1.631356 2.017394 -3.148196
v -1.313547 2.603982 1.932349
v -2.496640 0.877139 1.932349
v -1.631355 2.017395 1.932349
v -2.064396 1.385329 1.932349
v 0.045905 1.967793 1.932349
v -0.402143 2.866156 1.932349
v -0.402143 2.866153 -3.148196
v 0.045905 1.967793 -3.148196
v 0.786510 1.036406 -2.682217
v 0.786510 1.036406 -0.398099
v 1.954715 1.036406 -0.398099
v 1.954715 1.036406 -2.682217
v -1.564811 1.036406 -0.398099
v -1.564811 1.036406 -2.682217
v -3.054904 0.154210 1.932349
v 0.261017 1.355805 1.932349
v -3.054904 0.154210 -3.148196
v 0.261017 1.355805 -3.148196
v -2.414531 0.801820 -3.148196
v -1.213660 2.554613 -3.148196
v -1.975824 1.317607 -3.148196
v -1.536222 1.959252 -3.148196
v -1.213660 2.554615 1.932349
v -2.414531 0.801820 1.932349
v -1.536222 1.959254 1.932349
v -1.975822 1.317610 1.932349
v -0.052542 1.915717 1.932349
v -0.502971 2.818846 1.932349
v -0.502971 2.818844 -3.148196
v -0.052542 1.915714 -3.148196
v 1.542542 1.121366 -2.754183
v 1.542542 1.121367 -0.326133
v 1.542542 1.036406 -2.682217
v 1.542542 1.036406 -0.398099
v 0.786510 1.461029 -0.727137
v 1.954715 1.461029 -0.727137
v -1.564811 1.461029 -0.727137
v 0.786510 1.355934 -0.775331
v 1.954715 1.355934 -0.775331
v -1.564811 1.355934 -0.775331
v 1.542542 1.355934 -0.775331
v 1.542542 1.461029 -0.727137
v -3.134078 0.232499 0.940199
v 0.358165 1.410210 0.940199
v -1.313547 2.603982 0.940198
v -1.631355 2.017395 0.940198
v -2.064396 1.385329 0.940199
v -2.496640 0.877139 0.940199
v -0.402143 2.866155 0.940198
v 0.045905 1.967793 0.940198
v -3.054904 0.154210 0.940199
v 0.261017 1.355805 0.940199
v -1.213660 2.554614 0.940198
v -1.536222 1.959254 0.940198
v -1.975822 1.317610 0.940199
v -2.414531 0.801820 0.940199
v -0.502971 2.818846 0.940198
v -0.052542 1.915717 0.940199
v -3.134078 0.232499 0.184702
v 0.358165 1.410210 0.184702
v -1.313547 2.603982 0.184702
v 0.045905 1.967793 0.184702
v -3.054904 0.154210 0.184702
v 0.261017 1.355805 0.184702
v -1.213660 2.554614 0.184702
v -0.052542 1.915716 0.184702
v -1.631355 2.017395 0.184702
v -2.064396 1.385329 0.184702
v -2.496640 0.877139 0.184702
v -0.402143 2.866155 0.184702
v -1.536222 1.959254 0.184702
v -1.975822 1.317610 0.184702
v -2.414531 0.801820 0.184702
v -0.502971 2.818846 0.184702
v -0.528539 2.551126 1.090452
v -0.528539 2.551126 0.034303
v 0.636831 1.674456 -1.560948
v 1.692977 1.674456 -1.560948
v -0.720204 3.588486 1.932349
v -0.871821 3.589000 1.932349
v -0.768053 3.651091 1.932349
v -0.823548 3.651277 1.932349
v -0.871821 3.588997 -3.148196
v -0.720204 3.588484 -3.148196
v -0.823548 3.651276 -3.148196
v -0.768053 3.651088 -3.148196
v -0.872750 3.314815 1.932349
v -0.721134 3.314301 1.932349
v -0.824479 3.377095 1.932349
v -0.768982 3.376905 1.932349
v -0.721134 3.314301 -3.148196
v -0.872750 3.314814 -3.148196
v -0.768983 3.376904 -3.148196
v -0.824479 3.377093 -3.148196
v -0.871401 3.589933 0.940198
v -0.720617 3.589422 0.940198
v -0.823394 3.651870 0.940198
v -0.768203 3.651682 0.940198
v -0.721546 3.315237 0.940198
v -0.872332 3.315750 0.940198
v -0.769132 3.377498 0.940198
v -0.824324 3.377685 0.940198
v -0.871401 3.589933 0.184702
v -0.720617 3.589422 0.184702
v -0.823394 3.651870 0.184702
v -0.768203 3.651682 0.184702
v -0.872332 3.315750 0.184702
v -0.721546 3.315237 0.184702
v -0.824324 3.377685 0.184702
v -0.769132 3.377498 0.184702
v 0.520321 2.551126 1.002198
v 0.438470 2.551126 1.090452
v 0.509356 2.551126 1.046324
v 0.479396 2.551126 1.078627
v 0.438470 2.551126 0.034303
v 0.520321 2.551126 0.122559
v 0.479396 2.551126 0.046128
v 0.509356 2.551126 0.078431
v -0.528539 2.902480 0.812840
v -0.528539 2.960051 0.693980
v -0.528539 2.931267 0.780267
v -0.528539 2.952339 0.736761
v -0.528539 2.960051 0.430775
v -0.528539 2.902480 0.311917
v -0.528539 2.952339 0.387995
v -0.528539 2.931267 0.344490
v 0.189260 2.960051 0.430775
v 0.301749 2.897975 0.396612
v 0.217062 2.902480 0.311917
v 0.230847 2.950938 0.419924
v 0.198089 2.951607 0.388273
v 0.234015 2.945369 0.384034
v 0.282326 2.909669 0.362678
v 0.271868 2.928300 0.407466
v 0.260771 2.931936 0.375870
v 0.208233 2.930593 0.344894
v 0.251539 2.911309 0.331888
v 0.240623 2.932683 0.356025
v 0.189260 2.960051 0.693980
v 0.217062 2.902480 0.812840
v 0.301749 2.897975 0.728144
v 0.198089 2.951607 0.736483
v 0.230847 2.950938 0.704834
v 0.234015 2.945369 0.740721
v 0.251539 2.911305 0.792868
v 0.208233 2.930593 0.779864
v 0.240623 2.932681 0.768729
v 0.271868 2.928300 0.717292
v 0.282326 2.909669 0.762078
v 0.260771 2.931936 0.748886
v 0.725085 1.674456 -0.177209
v 0.636831 1.674456 -0.259060
v 0.680959 1.674456 -0.188174
v 0.648654 1.674456 -0.218134
v 1.692977 1.674456 -0.259060
v 1.604722 1.674456 -0.177209
v 1.681154 1.674456 -0.218134
v 1.648849 1.674456 -0.188174
v 0.914442 2.025811 -1.560948
v 1.033300 2.083381 -1.560948
v 0.947016 2.054596 -1.560948
v 0.990520 2.075670 -1.560948
v 1.296506 2.083381 -1.560948
v 1.415366 2.025811 -1.560948
v 1.339288 2.075670 -1.560948
v 1.382792 2.054596 -1.560948
v 1.296506 2.083381 -0.508269
v 1.330669 2.021306 -0.395778
v 1.415366 2.025811 -0.480469
v 1.307359 2.074267 -0.466681
v 1.339010 2.074935 -0.499440
v 1.343247 2.068696 -0.463515
v 1.364604 2.032999 -0.415202
v 1.319818 2.051629 -0.425661
v 1.351413 2.055265 -0.436758
v 1.382389 2.053924 -0.489295
v 1.395395 2.034636 -0.445990
v 1.371257 2.056012 -0.456906
v 1.033300 2.083381 -0.508269
v 0.914442 2.025811 -0.480469
v 0.999139 2.021306 -0.395778
v 0.990798 2.074935 -0.499440
v 1.022449 2.074267 -0.466681
v 0.986561 2.068696 -0.463515
v 0.934413 2.034636 -0.445990
v 0.947418 2.053924 -0.489295
v 0.958551 2.056012 -0.456906
v 1.009990 2.051630 -0.425661
v 0.965204 2.032999 -0.415202
v 0.978395 2.055265 -0.436758
v 0.786510 2.104441 -1.486744
v 0.786510 2.104441 -1.593571
v 0.786510 2.121001 -1.520607
v 0.786510 2.121001 -1.559710
v 1.954715 2.104271 -1.593771
v 1.954715 2.104271 -1.486547
v 1.954715 2.120893 -1.559782
v 1.954715 2.120893 -1.520535
v -1.564811 2.104271 -1.486547
v -1.564811 2.104271 -1.593771
v -1.564811 2.120894 -1.520535
v -1.564811 2.120894 -1.559782
v 0.786510 1.958523 -1.486744
v 0.786510 1.958523 -1.593571
v 0.786510 1.975082 -1.520607
v 0.786510 1.975082 -1.559710
v 1.954715 1.958353 -1.486547
v 1.954715 1.958353 -1.593771
v 1.954715 1.974976 -1.520535
v 1.954715 1.974976 -1.559782
v -1.564811 1.958353 -1.593771
v -1.564811 1.958353 -1.486547
v -1.564811 1.974976 -1.559782
v -1.564811 1.974976 -1.520535
v 1.542542 2.104441 -1.593571
v 1.542542 2.104441 -1.486744
v 1.542542 2.121001 -1.559710
v 1.542542 2.121001 -1.520607
v 1.542542 1.958523 -1.593571
v 1.542542 1.958523 -1.486744
v 1.542542 1.975082 -1.559710
v 1.542542 1.975082 -1.520607
vn 1.0000 -0.0000 -0.0000
vn -0.0000 -0.0000 1.0000
vn -0.0000 0.7631 0.6463
vn 0.0003 0.7631 0.6463
vn -1.0000 -0.0000 -0.0000
vn -0.0000 -0.0000 -1.0000
vn -0.0000 -1.0000 -0.0000
vn -0.0000 0.7630 0.6463
vn -0.0000 0.7631 -0.6463
vn 0.9053 0.4248 -0.0000
vn 0.9152 0.4030 -0.0000
vn 0.9676 0.2525 -0.0000
vn -0.8965 0.4431 -0.0000
vn -0.9125 0.4092 -0.0000
vn -0.7111 0.7031 -0.0000
vn -0.7369 0.6760 -0.0000
vn -0.8533 0.5215 -0.0000
vn -0.7944 0.6074 -0.0000
vn 0.8839 0.4676 -0.0000
vn 0.8725 0.4886 -0.0000
vn -0.9986 0.0522 -0.0000
vn -0.9986 0.0521 -0.0000
vn -0.0000 0.0521 -0.9986
vn 0.9986 0.0522 -0.0000
vn -0.0000 0.0522 0.9986
vn -0.0000 1.0000 -0.0000
vn -0.0000 0.9211 -0.3894
vn -0.0000 -0.0013 1.0000
vn -0.0014 -0.0012 1.0000
vn 0.7611 0.6486 -0.0000
vn 0.0014 0.0012 -1.0000
vn -0.0000 0.0013 -1.0000
vn -1.0000 0.0071 -0.0000
vn -1.0000 0.0066 -0.0000
vn 0.5546 -0.8321 -0.0000
vn 0.6899 -0.7239 -0.0000
vn 0.9016 -0.4327 -0.0000
vn 0.8568 -0.5156 -0.0000
vn -1.0000 0.0073 -0.0000
vn -1.0000 0.0086 -0.0000
vn -0.0000 -0.0017 1.0000
vn -0.0000 0.0017 -1.0000
vn -1.0000 0.0060 -0.0000
vn -1.0000 0.0056 -0.0000
vn 0.7950 -0.6066 -0.0000
vn 0.8224 -0.5689 -0.0000
vn 0.8906 -0.4548 -0.0000
vn 0.9265 -0.3763 -0.0000
vn -1.0000 0.0062 -0.0000
vn -0.0000 -0.0014 1.0000
vn -0.0000 0.0014 -1.0000
vn -0.0000 -0.0011 1.0000
vn -0.0000 0.8015 -0.5980
vn -0.0000 0.0011 -1.0000
vn -0.0000 0.8015 0.5980
vn 0.0002 -0.0039 1.0000
vn 0.0018 -0.0037 1.0000
vn -0.0000 -0.0040 1.0000
vn -0.4582 0.8889 -0.0000
vn -0.0018 0.0037 -1.0000
vn -0.0002 0.0039 -1.0000
vn -0.0000 0.0040 -1.0000
vn 0.0003 -0.0040 1.0000
vn 0.0018 -0.0038 1.0000
vn -0.0018 0.0038 -1.0000
vn -0.0002 0.0040 -1.0000
vn -0.0000 -0.0012 1.0000
vn 0.0006 -0.0012 1.0000
vn -0.0006 0.0012 -1.0000
vn -0.0000 0.0012 -1.0000
vn -0.7467 0.6652 -0.0000
vn -0.6997 0.7145 -0.0000
vn -0.7228 0.6910 -0.0000
vn -0.7307 0.6827 -0.0000
vn -0.0000 -0.0007 1.0000
vn 0.0008 -0.0007 1.0000
vn -0.7591 0.6510 -0.0000
vn -0.0008 0.0007 -1.0000
vn -0.0000 0.0007 -1.0000
vn -0.0000 -0.0006 1.0000
vn -0.0000 0.0006 -1.0000
vn 0.6536 -0.7569 -0.0000
vn 0.6536 0.4854 -0.5807
vn 0.6536 0.4854 0.5807
vn 0.6536 0.4854 0.5806
vn 0.6536 -0.0000 -0.7569
vn 0.6535 0.4854 0.5807
vn 0.6535 -0.4855 0.5808
vn 0.6535 -0.4854 0.5807
vn 0.6535 0.4854 -0.5807
vn 0.6535 0.4855 0.5807
vn 0.6536 -0.4854 0.5807
vn 0.6535 -0.4855 0.5807
vn 0.6535 -0.4855 -0.5807
vn 0.6535 -0.4854 -0.5807
vn 0.6536 -0.4854 -0.5807
vn 0.6537 0.4854 0.5807
vn 0.6536 0.4854 -0.5806
vn 0.6535 0.4855 -0.5808
vn 0.6537 -0.4854 0.5807
vn 0.6535 0.4854 -0.5808
vn 0.6535 -0.4854 -0.5808
vn 0.6535 0.4855 -0.5807
vn 0.6536 -0.4854 0.5806
vn 0.6537 -0.4854 0.5806
vn 0.6537 -0.4853 0.5807
vn 0.6535 0.4854 0.5808
vn 0.6535 -0.4854 0.5808
vn 0.6535 -0.0000 0.7569
vn 0.6537 -0.4854 -0.5806
vn 0.6536 -0.4854 -0.5806
vn 0.6536 0.7569 -0.0000
vn 0.6537 0.4854 0.5806
vn 0.6537 0.4854 -0.5806
vn 0.6536 0.4855 -0.5807
vn 0.6536 -0.4855 0.5807
vn -0.0000 -0.7569 0.6535
vn 0.5807 0.4854 0.6536
vn -0.5807 0.4854 0.6535
vn -0.5807 0.4854 0.6536
vn -0.5808 0.4854 0.6535
vn 0.7569 -0.0000 0.6535
vn -0.5807 0.4855 0.6535
vn -0.5807 -0.4854 0.6536
vn 0.5807 -0.4854 0.6536
vn 0.5807 0.4855 0.6535
vn 0.5807 -0.4854 0.6535
vn -0.5807 -0.4854 0.6535
vn 0.5807 0.4854 0.6535
vn 0.5808 0.4855 0.6535
vn -0.5807 -0.4855 0.6535
vn -0.5804 0.4855 0.6538
vn -0.5806 0.4854 0.6536
vn -0.7569 -0.0000 0.6535
vn 0.5806 -0.4854 0.6537
vn -0.5807 -0.4853 0.6536
vn -0.0000 -0.7570 0.6535
vn -0.0000 0.7569 0.6535
vn -0.5809 0.4855 0.6534
vn 0.5803 -0.4854 0.6539
vn 0.5808 -0.4854 0.6535
vn 0.5806 -0.4854 0.6536
vn 0.5806 0.4854 0.6536
vn 0.5807 0.4855 0.6536
vn 0.7569 -0.0000 0.6536
vn 0.5807 -0.4854 0.6537
vn -0.7568 -0.0000 0.6536
vn -0.0000 0.7569 0.6536
vn 0.5807 -0.4855 0.6535
vn 0.5807 -0.4853 0.6537
vn -0.5807 -0.4854 0.6537
vn -0.5976 -0.0000 0.8018
vn -0.0000 -0.5976 0.8018
vn 0.5976 -0.0000 0.8018
vn -0.0000 0.5976 0.8018
vn -0.0000 0.5975 0.8018
vn -0.5975 -0.0000 0.8019
vn 0.7835 -0.0000 0.6213
vn 0.7835 -0.0000 0.6214
vn -0.7835 -0.0000 0.6214
vn 0.6535 -0.0000 -0.7569
vn 0.6536 -0.4853 0.5807
vn 0.6535 -0.0000 -0.7570
vn 0.6534 -0.0000 -0.7570
vn 0.6536 -0.0000 0.7569
vn 0.6536 -0.0000 0.7568
vn 0.6537 0.4854 -0.5807
vn 0.6537 -0.4853 0.5806
vn 0.6535 -0.4855 -0.5808
vn 0.6536 -0.7568 -0.0000
vn 0.6535 0.7569 -0.0000
vn -0.0000 0.8371 -0.5470
vn -0.8610 -0.5086 -0.0001
vn -0.9053 -0.4248 -0.0000
vn -0.8575 0.5145 -0.0000
vn 0.8876 0.4605 -0.0000
vn -0.0000 -0.7631 -0.6463
vn -0.0001 -0.8371 -0.5471
vn -0.0000 -0.8371 -0.5470
vn 0.8575 -0.5145 -0.0000
vn 0.8965 -0.4431 -0.0000
vn 0.7369 -0.6760 -0.0000
vn 0.7111 -0.7031 -0.0000
vn 0.8533 -0.5215 -0.0000
vn 0.7944 -0.6074 -0.0000
vn -0.8876 -0.4605 -0.0000
vn -0.8725 -0.4886 -0.0000
vn -0.0000 -0.6463 0.7630
vn 0.0001 0.8371 0.5471
vn -0.0000 0.8371 0.5470
vn -0.0000 -0.6463 -0.7630
vn -0.7031 -0.7111 -0.0000
vn 0.4886 -0.8725 -0.0000
vn 0.8609 0.5087 -0.0000
vn 0.8610 0.5086 0.0001
vn -0.0000 -0.7631 0.6463
vn -0.0001 -0.8371 0.5471
vn -0.0000 -0.8371 0.5470
vn 0.0001 0.8371 -0.5471
vn -0.0000 -0.4168 0.9090
vn -0.8839 -0.4676 -0.0000
vn -0.8609 -0.5087 -0.0001
vn 0.8575 -0.5145 -0.0001
vn 0.8609 0.5088 0.0001
vn -0.8575 0.5145 0.0001
vn -0.8575 0.5146 0.0001
vn -0.8609 -0.5087 -0.0000
vn 0.8575 -0.5146 -0.0000
vn 0.4676 -0.8839 -0.0000
vn -0.0000 0.9960 -0.0891
vn 0.0934 0.9922 0.0831
vn 0.0934 0.9922 -0.0831
vn 0.0903 0.7047 0.7037
vn -0.0000 0.6200 0.7846
vn 0.1278 0.6642 0.7366
vn 0.0902 0.7047 -0.7037
vn -0.0000 0.6200 -0.7846
vn 0.0005 0.6876 -0.7261
vn 0.7671 0.6366 0.0795
vn 0.7896 0.6002 -0.1276
vn 0.7671 0.6366 -0.0795
vn 0.0890 0.9960 -0.0000
vn -0.0832 0.9922 0.0933
vn 0.0832 0.9922 0.0933
vn -0.7037 0.7047 0.0903
vn -0.7846 0.6200 -0.0000
vn -0.7366 0.6642 0.1277
vn 0.7037 0.7047 0.0903
vn 0.7846 0.6200 -0.0000
vn 0.7261 0.6875 0.0004
vn -0.0795 0.6366 0.7671
vn 0.1276 0.6002 0.7896
vn 0.0795 0.6366 0.7671
vn -0.7904 0.6126 -0.0001
vn 0.0034 1.0000 -0.0001
vn 0.0034 1.0000 -0.0002
vn 0.7945 0.6073 -0.0001
vn 0.7945 0.6073 0.0001
vn 0.0034 1.0000 0.0003
vn -0.7904 0.6126 -0.0000
vn -0.7904 0.6126 0.0001
vn 0.7904 -0.6126 -0.0001
vn 0.8574 -0.5146 -0.0001
vn -0.0034 -1.0000 0.0001
vn -0.0034 -1.0000 -0.0003
vn -0.7945 -0.6072 -0.0000
vn -0.7945 -0.6072 -0.0001
vn 0.7904 -0.6126 -0.0002
vn -0.0034 -1.0000 -0.0006
vn -0.7945 -0.6072 -0.0002
vn -0.7945 -0.6073 0.0001
vn -0.0034 -1.0000 0.0002
vn 0.7904 -0.6126 0.0001
vn 0.7945 0.6072 0.0002
vn 0.0034 1.0000 0.0006
vn -0.7904 0.6126 0.0002
vn 0.3272 0.9427 -0.0649
vn 0.0721 0.9531 -0.2940
vn 0.5985 0.7991 -0.0562
vn 0.2649 0.9350 -0.2359
vn 0.6240 0.7149 -0.3155
vn 0.2719 0.8422 -0.4655
vn 0.5063 0.8258 -0.2485
vn 0.0652 0.8377 -0.5423
vn 0.3432 0.7442 -0.5731
vn 0.0721 0.9531 0.2940
vn 0.3272 0.9427 0.0649
vn 0.0652 0.8377 0.5423
vn 0.2649 0.9350 0.2360
vn 0.3432 0.7442 0.5731
vn 0.6240 0.7149 0.3155
vn 0.2720 0.8422 0.4655
vn 0.5985 0.7991 0.0562
vn 0.5063 0.8258 0.2485
vn 0.0649 0.9427 0.3272
vn 0.2940 0.9531 0.0719
vn 0.0562 0.7991 0.5985
vn 0.2359 0.9350 0.2649
vn 0.3155 0.7149 0.6240
vn 0.4655 0.8422 0.2719
vn 0.2485 0.8258 0.5063
vn 0.5422 0.8377 0.0651
vn 0.5730 0.7442 0.3432
vn -0.2940 0.9531 0.0719
vn -0.0649 0.9427 0.3272
vn -0.5422 0.8377 0.0651
vn -0.2359 0.9350 0.2649
vn -0.5731 0.7442 0.3432
vn -0.3155 0.7149 0.6240
vn -0.4655 0.8422 0.2719
vn -0.0562 0.7991 0.5985
vn -0.2485 0.8258 0.5063
vn 0.7366 0.6642 0.1277
vn 0.5948 0.7102 0.3767
vn 0.3695 0.6882 0.6244
vn 0.7896 0.6002 0.1276
vn 0.6244 0.6882 0.3695
vn 0.3767 0.7102 0.5947
vn -0.1276 0.6002 0.7896
vn -0.3695 0.6882 0.6244
vn -0.5948 0.7102 0.3767
vn 0.1278 0.6642 -0.7366
vn 0.3767 0.7102 -0.5948
vn 0.6244 0.6882 -0.3695
vn 0.3098 0.9508 0.0004
vn 0.5542 0.8324 0.0007
vn 0.0005 0.6876 0.7261
vn 0.0011 0.8324 0.5542
vn 0.0006 0.9508 0.3099
vn -0.0000 0.9960 0.0891
vn -0.7261 0.6875 0.0004
vn -0.5542 0.8324 0.0007
vn -0.3098 0.9508 0.0004
vn -0.0890 0.9960 -0.0000
vn 0.0006 0.9508 -0.3099
vn 0.0011 0.8324 -0.5542
vn -0.0000 0.9742 -0.2255
vn -0.0000 0.9743 -0.2255
vn -0.0000 0.9743 0.2255
vn -0.0000 0.9742 0.2255
vn -0.0000 -0.9743 0.2255
vn -0.0001 -0.9743 0.2254
vn -0.0000 -0.9743 -0.2254
vn -0.0001 -0.9743 -0.2254
vn 0.0002 0.9742 -0.2255
vn 0.0001 0.9743 -0.2255
vn 0.0002 0.9742 0.2255
vn -0.0000 -0.9742 -0.2255
vn -0.0000 -0.9742 0.2255
vn -0.0002 -0.9742 -0.2255
vn -0.0002 -0.9742 0.2255
vn 0.0001 0.9743 0.2254
vn -0.0000 0.7630 0.6464
vn 0.0019 -0.0037 1.0000
vn -0.0019 0.0037 -1.0000
vn 0.0002 -0.0040 1.0000
vn 0.0019 -0.0038 1.0000
vn -0.0019 0.0038 -1.0000
vn 0.6535 0.4855 0.5808
vn 0.6536 0.4855 0.5807
vn 0.6536 -0.4855 -0.5807
vn 0.6539 -0.4852 -0.5805
vn 0.6537 0.4853 -0.5806
vn -0.5811 0.4854 0.6533
vn 0.5810 -0.4854 0.6534
vn 0.5808 0.4854 0.6535
vn 0.5811 -0.4852 0.6533
vn -0.5806 0.4854 0.6537
vn 0.5807 -0.4855 0.6536
vn 0.5809 -0.4854 0.6534
vn 0.5808 -0.4855 0.6535
vn -0.5810 0.4854 0.6534
vn 0.5811 -0.4854 0.6533
vn -0.5807 -0.4853 0.6537
vn 0.5811 -0.4853 0.6533
vn 0.6536 0.4853 0.5807
vn 0.6537 -0.0000 -0.7567
vn 0.6537 -0.4854 -0.5807
vn 0.6534 0.4855 0.5808
vn 0.6539 -0.0000 0.7566
vn 0.6534 0.4857 0.5807
vn 0.7945 0.6073 -0.0000
vn 0.7904 -0.6126 -0.0000
vt 0.502609 0.947873
vt 0.496951 0.915852
vt 0.502609 0.915852
vt 0.404688 0.633829
vt 0.264649 0.633829
vt 0.290186 0.603742
vt 0.785262 0.898375
vt 0.832145 0.872984
vt 0.832145 0.898394
vt 0.531618 0.915849
vt 0.537277 0.947871
vt 0.531618 0.947871
vt 0.404688 0.689694
vt 0.544728 0.717702
vt 0.404688 0.717702
vt 0.404688 0.801726
vt 0.264649 0.717702
vt 0.127703 0.902763
vt 0.183760 0.762742
vt 0.183719 0.902779
vt 0.544728 0.591693
vt 0.567082 0.633829
vt 0.544728 0.633829
vt 0.592757 0.816891
vt 0.615094 0.872914
vt 0.592741 0.872907
vt 0.544728 0.801726
vt 0.308624 0.801726
vt 0.336631 0.857742
vt 0.308624 0.857742
vt 0.336631 0.801726
vt 0.420653 0.801726
vt 0.339609 0.843791
vt 0.264649 0.689694
vt 0.567082 0.689694
vt 0.544728 0.689694
vt 0.841711 0.898551
vt 0.785262 0.920728
vt 0.850606 0.322699
vt 0.794590 0.266835
vt 0.836725 0.293497
vt 0.794590 0.224700
vt 0.850606 0.256208
vt 0.836725 0.256208
vt 0.242295 0.633829
vt 0.242295 0.591693
vt 0.264649 0.591693
vt 0.850606 0.177254
vt 0.906622 0.266835
vt 0.862136 0.256208
vt 0.862136 0.293497
vt 0.729684 0.920908
vt 0.729684 0.898555
vt 0.420653 0.913758
vt 0.336631 0.913758
vt 0.402514 0.874043
vt 0.308624 0.913758
vt 0.615078 0.928930
vt 0.592725 0.928923
vt 0.239775 0.762758
vt 0.239735 0.902795
vt 0.785262 0.758336
vt 0.729684 0.758516
vt 0.268804 0.224063
vt 0.408843 0.252071
vt 0.268804 0.252071
vt 0.324733 0.157571
vt 0.297073 0.112032
vt 0.350143 0.157571
vt 0.350143 0.257403
vt 0.324733 0.257403
vt 0.408843 0.336095
vt 0.268804 0.336095
vt 0.350143 0.294693
vt 0.408843 0.224063
vt 0.350143 0.194860
vt 0.242295 0.168198
vt 0.297073 0.168198
vt 0.242295 0.112032
vt 0.548883 0.224063
vt 0.548883 0.252071
vt 0.408843 0.168198
vt 0.520614 0.112032
vt 0.520614 0.168198
vt 0.548883 0.336095
vt 0.575391 0.168198
vt 0.575391 0.112032
vt 0.000000 0.224167
vt 0.242295 0.252175
vt 0.000000 0.252175
vt 0.605048 0.242295
vt 0.745156 0.000041
vt 0.745085 0.242336
vt 0.635187 0.332301
vt 0.592725 0.574596
vt 0.592725 0.332301
vt 0.378443 0.137454
vt 0.242295 0.336199
vt 0.000000 0.336199
vt 0.704754 0.816891
vt 0.620732 0.816891
vt 0.686615 0.670015
vt 0.620732 0.574596
vt 0.686615 0.639763
vt 0.623710 0.639763
vt 0.592725 0.816891
vt 0.000000 0.168302
vt 0.242295 0.224167
vt 0.704363 0.574596
vt 0.749901 0.374550
vt 0.749901 0.400981
vt 0.816392 0.332301
vt 0.787190 0.374550
vt 0.787190 0.349140
vt 0.214023 0.578494
vt 0.240601 0.336207
vt 0.240530 0.578502
vt 0.278555 0.042597
vt 0.297311 0.000000
vt 0.281123 0.085142
vt 0.536563 0.085142
vt 0.560499 0.085440
vt 0.000000 0.055123
vt 0.242295 0.000000
vt 0.242295 0.055123
vt 0.242295 0.137530
vt 0.242295 0.168302
vt 0.322021 0.055100
vt 0.439243 0.137454
vt 0.459857 0.113218
vt 0.480509 0.083075
vt 0.495666 0.055100
vt 0.337177 0.083075
vt 0.357829 0.113218
vt 0.000000 0.083112
vt 0.242295 0.083112
vt 0.000000 0.113275
vt 0.242295 0.113275
vt 0.000000 0.137530
vt 0.520375 0.000000
vt 0.539131 0.042597
vt 0.257187 0.085440
vt 0.635187 0.574596
vt 0.677878 0.332301
vt 0.677878 0.574596
vt 0.690384 0.407080
vt 0.693185 0.407080
vt 0.704363 0.332301
vt 0.690384 0.381670
vt 0.894469 0.509653
vt 0.918469 0.569944
vt 0.891320 0.569944
vt 0.918469 0.569942
vt 0.942469 0.509653
vt 0.945617 0.569942
vt 0.925165 0.936684
vt 0.949165 0.876420
vt 0.952314 0.936684
vt 0.919887 0.114126
vt 0.943887 0.174415
vt 0.916738 0.174415
vt 0.207639 0.955096
vt 0.180483 0.982236
vt 0.180491 0.955088
vt 0.936576 0.677145
vt 0.944766 0.690297
vt 0.936576 0.690297
vt 0.508531 0.959229
vt 0.525533 0.955379
vt 0.521683 0.959229
vt 0.508531 0.972381
vt 0.504682 0.955380
vt 0.525533 0.976231
vt 0.504682 0.976231
vt 0.521683 0.972381
vt 0.213294 0.749431
vt 0.226446 0.762583
vt 0.213294 0.762583
vt 0.939893 0.611886
vt 0.948084 0.625038
vt 0.939893 0.625038
vt 0.691564 0.932094
vt 0.699755 0.945246
vt 0.691564 0.945246
vt 0.226446 0.749432
vt 0.234637 0.762584
vt 0.226446 0.762584
vt 0.703736 0.242336
vt 0.741732 0.319895
vt 0.703736 0.319895
vt 0.931600 0.191593
vt 0.963110 0.177254
vt 0.957010 0.191593
vt 0.963110 0.254811
vt 0.925107 0.254811
vt 0.957010 0.228881
vt 0.745156 0.243116
vt 0.783152 0.320675
vt 0.745156 0.320675
vt 0.805686 0.920908
vt 0.767692 0.958909
vt 0.767690 0.920908
vt 0.646202 0.963251
vt 0.688152 0.912978
vt 0.688152 0.963251
vt 0.346626 0.913758
vt 0.315048 0.923687
vt 0.900109 0.954444
vt 0.894458 0.929032
vt 0.900116 0.929034
vt 0.085752 0.953067
vt 0.127703 0.902795
vt 0.127703 0.953067
vt 0.925401 0.694738
vt 0.963403 0.745009
vt 0.925401 0.745008
vt 0.956837 0.677143
vt 0.931430 0.667440
vt 0.956840 0.667448
vt 0.925274 0.626862
vt 0.963276 0.626873
vt 0.767679 0.958922
vt 0.729695 0.920908
vt 0.767690 0.920920
vt 0.012361 0.939364
vt 0.012361 0.942176
vt 0.010786 0.942176
vt 0.012361 0.904887
vt 0.004492 0.942176
vt 0.106761 0.953067
vt 0.114623 0.978480
vt 0.106754 0.978477
vt 0.300985 0.979540
vt 0.299410 0.954131
vt 0.300985 0.954131
vt 0.293116 0.979540
vt 0.293116 0.954131
vt 0.936274 0.366778
vt 0.937849 0.369590
vt 0.936274 0.369590
vt 0.944142 0.332301
vt 0.944142 0.369590
vt 0.693197 0.381670
vt 0.655908 0.381670
vt 0.939893 0.585223
vt 0.947753 0.574596
vt 0.114630 0.978478
vt 0.122497 0.953070
vt 0.122490 0.978480
vt 0.215499 0.955088
vt 0.207639 0.980497
vt 0.207639 0.955088
vt 0.943183 0.846154
vt 0.951043 0.808864
vt 0.951043 0.819491
vt 0.933873 0.782298
vt 0.959283 0.745009
vt 0.959283 0.782298
vt 0.942177 0.010627
vt 0.950037 0.000000
vt 0.942177 0.037290
vt 0.395662 0.979015
vt 0.403529 0.953607
vt 0.403522 0.979017
vt 0.838958 0.954936
vt 0.831098 0.980345
vt 0.831098 0.954936
vt 0.943242 0.254811
vt 0.951102 0.265438
vt 0.951102 0.292101
vt 0.242295 0.961168
vt 0.267706 0.923879
vt 0.267706 0.961168
vt 0.240925 0.902795
vt 0.232425 0.940085
vt 0.232425 0.913422
vt 0.783152 0.331432
vt 0.791659 0.306024
vt 0.791655 0.319905
vt 0.953575 0.782298
vt 0.945076 0.807707
vt 0.945076 0.796178
vt 0.018523 0.942176
vt 0.027022 0.904886
vt 0.027022 0.915513
vt 0.293116 0.923879
vt 0.293116 0.961168
vt 0.884108 0.509653
vt 0.876896 0.572559
vt 0.876896 0.509653
vt 0.637145 0.928301
vt 0.644352 0.944605
vt 0.644348 0.958555
vt 0.239637 0.940085
vt 0.232425 0.970336
vt 0.232425 0.956386
vt 0.884108 0.572559
vt 0.891320 0.509653
vt 0.891320 0.572559
vt 0.816392 0.572558
vt 0.846644 0.509653
vt 0.846644 0.572558
vt 0.793624 0.243116
vt 0.783152 0.306022
vt 0.783152 0.243116
vt 0.001880 0.972428
vt 0.012361 0.942179
vt 0.012352 0.972431
vt 0.975778 0.332301
vt 0.965306 0.362551
vt 0.965306 0.332301
vt 0.691564 0.879798
vt 0.702037 0.816891
vt 0.702037 0.879798
vt 0.876896 0.572558
vt 0.943242 0.329389
vt 0.949869 0.292101
vt 0.949869 0.302728
vt 0.722827 0.959522
vt 0.729462 0.934114
vt 0.729455 0.959523
vt 0.950514 0.176825
vt 0.943887 0.151415
vt 0.950514 0.151415
vt 0.591836 0.932939
vt 0.585208 0.906276
vt 0.585208 0.895649
vt 0.805687 0.920908
vt 0.831098 0.958198
vt 0.805687 0.958198
vt 0.950514 0.114126
vt 0.972871 0.871563
vt 0.979506 0.846155
vt 0.979499 0.871565
vt 0.307612 0.979541
vt 0.307612 0.954131
vt 0.729455 0.934112
vt 0.722827 0.896822
vt 0.729455 0.896822
vt 0.933705 0.051546
vt 0.959115 0.088835
vt 0.933705 0.088835
vt 0.936576 0.689194
vt 0.930918 0.677145
vt 0.438646 0.944303
vt 0.433010 0.918902
vt 0.438646 0.918893
vt 0.925260 0.689194
vt 0.930918 0.691587
vt 0.751389 0.243114
vt 0.757550 0.000000
vt 0.757550 0.243114
vt 0.998904 0.160616
vt 0.992742 0.154454
vt 0.998904 0.154454
vt 0.763712 0.000000
vt 0.763712 0.243114
vt 0.998904 0.148293
vt 0.992742 0.142131
vt 0.998904 0.142131
vt 0.751389 0.000002
vt 0.745156 0.243114
vt 0.745227 0.000000
vt 0.769874 0.000000
vt 0.763712 0.243103
vt 0.918946 0.297395
vt 0.912784 0.184485
vt 0.918946 0.177254
vt 0.919239 0.701925
vt 0.913078 0.694738
vt 0.919239 0.694738
vt 0.906622 0.297395
vt 0.906622 0.177254
vt 0.992744 0.037374
vt 0.998904 0.043538
vt 0.992742 0.043536
vt 0.710915 0.776686
vt 0.704895 0.896828
vt 0.704754 0.776686
vt 0.913078 0.701925
vt 0.919098 0.814833
vt 0.912936 0.814833
vt 0.968917 0.604317
vt 0.976173 0.574596
vt 0.976173 0.604317
vt 0.573245 0.730721
vt 0.577548 0.737979
vt 0.573243 0.737978
vt 0.980790 0.280438
vt 0.970894 0.284673
vt 0.970894 0.275689
vt 0.970306 0.114197
vt 0.980203 0.118431
vt 0.970306 0.123180
vt 0.978457 0.029689
vt 0.971201 0.019792
vt 0.978457 0.019792
vt 0.718260 0.319895
vt 0.725513 0.332281
vt 0.718257 0.332279
vt 0.940962 0.110395
vt 0.948218 0.100465
vt 0.948218 0.110395
vt 0.940962 0.088835
vt 0.940962 0.100465
vt 0.978457 0.008223
vt 0.971201 0.000000
vt 0.978457 0.000000
vt 0.971201 0.008223
vt 0.950514 0.114337
vt 0.958737 0.131723
vt 0.950514 0.144058
vt 0.958737 0.114267
vt 0.959324 0.267147
vt 0.951102 0.284532
vt 0.951102 0.254811
vt 0.959324 0.284602
vt 0.232607 0.749432
vt 0.238769 0.578502
vt 0.238769 0.749432
vt 0.992742 0.148293
vt 0.232608 0.578502
vt 0.232608 0.749432
vt 0.998904 0.234556
vt 0.992742 0.228394
vt 0.998904 0.228394
vt 0.214023 0.749429
vt 0.220234 0.578504
vt 0.220184 0.749431
vt 0.573243 0.591693
vt 0.567082 0.762621
vt 0.567082 0.591693
vt 0.882127 0.896754
vt 0.888289 0.735675
vt 0.888289 0.896754
vt 0.998904 0.166778
vt 0.992742 0.160616
vt 0.875966 0.735675
vt 0.882128 0.574596
vt 0.882128 0.735675
vt 0.998904 0.172940
vt 0.992742 0.166778
vt 0.198131 0.752875
vt 0.204339 0.591798
vt 0.204292 0.752877
vt 0.894451 0.735668
vt 0.900613 0.574596
vt 0.900613 0.735668
vt 0.869804 0.896754
vt 0.875966 0.896754
vt 0.992742 0.105160
vt 0.998904 0.098999
vt 0.998904 0.105160
vt 0.869804 0.735675
vt 0.875966 0.574596
vt 0.992742 0.111322
vt 0.998904 0.111322
vt 0.204339 0.752875
vt 0.210548 0.591798
vt 0.210501 0.752877
vt 0.894451 0.896747
vt 0.900612 0.735675
vt 0.900612 0.896747
vt 0.882127 0.735675
vt 0.992742 0.117484
vt 0.998904 0.117484
vt 0.888289 0.574596
vt 0.992742 0.123646
vt 0.998904 0.123646
vt 0.857387 0.735675
vt 0.863595 0.574598
vt 0.863548 0.735677
vt 0.857387 0.896749
vt 0.863548 0.896749
vt 0.894451 0.735675
vt 0.894451 0.896754
vt 0.998904 0.197586
vt 0.992742 0.191425
vt 0.998904 0.191425
vt 0.894451 0.574596
vt 0.998904 0.203748
vt 0.992742 0.197586
vt 0.863595 0.735675
vt 0.869804 0.574598
vt 0.869757 0.735677
vt 0.863595 0.896749
vt 0.869757 0.896749
vt 0.531618 0.977591
vt 0.538875 0.947870
vt 0.538875 0.977591
vt 0.992742 0.004305
vt 1.000000 0.000002
vt 0.999999 0.004307
vt 0.950514 0.148363
vt 0.960410 0.144129
vt 0.960410 0.153112
vt 0.965409 0.543480
vt 0.975305 0.547714
vt 0.965409 0.552463
vt 0.978666 0.460599
vt 0.971409 0.450703
vt 0.978666 0.450703
vt 0.711000 0.319895
vt 0.718253 0.332281
vt 0.710996 0.332279
vt 0.933705 0.100465
vt 0.933705 0.110395
vt 0.978666 0.430910
vt 0.971409 0.439133
vt 0.971409 0.430910
vt 0.978666 0.439133
vt 0.945617 0.543621
vt 0.953840 0.561006
vt 0.945617 0.573341
vt 0.953840 0.543550
vt 0.971980 0.161655
vt 0.980203 0.144270
vt 0.980202 0.173990
vt 0.971980 0.144199
vt 0.916738 0.114126
vt 0.922900 0.000000
vt 0.922900 0.114126
vt 0.460481 0.989862
vt 0.466643 0.981391
vt 0.466643 0.989863
vt 0.551673 0.801726
vt 0.545511 0.915852
vt 0.545511 0.801726
vt 0.818016 0.981170
vt 0.811852 0.989640
vt 0.811854 0.981168
vt 0.495820 0.801726
vt 0.487543 0.915852
vt 0.487348 0.801726
vt 0.522210 0.801726
vt 0.530488 0.915849
vt 0.522016 0.915849
vt 0.496951 0.977593
vt 0.504207 0.947873
vt 0.504207 0.977593
vt 0.573245 0.745237
vt 0.577548 0.752495
vt 0.573243 0.752494
vt 0.980731 0.834491
vt 0.970835 0.838725
vt 0.970835 0.829742
vt 0.962975 0.846224
vt 0.972871 0.850458
vt 0.962975 0.855208
vt 0.978666 0.494354
vt 0.971409 0.484458
vt 0.978666 0.484458
vt 0.725520 0.319895
vt 0.732773 0.332281
vt 0.725517 0.332279
vt 0.948219 0.100465
vt 0.955475 0.110395
vt 0.948219 0.110395
vt 0.955475 0.088835
vt 0.955475 0.100465
vt 0.978666 0.464666
vt 0.971409 0.472888
vt 0.971409 0.464666
vt 0.978666 0.472888
vt 0.943183 0.846365
vt 0.951406 0.863750
vt 0.943183 0.876086
vt 0.951406 0.846295
vt 0.959266 0.821199
vt 0.951043 0.838584
vt 0.959266 0.838655
vt 0.918946 0.291380
vt 0.925107 0.177254
vt 0.925107 0.291380
vt 0.412238 0.989863
vt 0.418399 0.981392
vt 0.418399 0.989863
vt 0.539349 0.915852
vt 0.539349 0.801726
vt 0.824180 0.981170
vt 0.818016 0.989640
vt 0.818018 0.981168
vt 0.504487 0.801726
vt 0.496210 0.915852
vt 0.496015 0.801726
vt 0.530877 0.801726
vt 0.539155 0.915849
vt 0.530682 0.915849
vt 0.215499 0.976076
vt 0.222756 0.955088
vt 0.222756 0.976076
vt 0.999999 0.015244
vt 0.992743 0.011598
vt 1.000000 0.011600
vt 0.378304 0.983390
vt 0.374665 0.973514
vt 0.382268 0.973472
vt 0.984400 0.714647
vt 0.980761 0.724523
vt 0.976797 0.714605
vt 0.979586 0.774698
vt 0.972329 0.764802
vt 0.979586 0.764802
vt 0.931356 0.479604
vt 0.938612 0.487871
vt 0.931356 0.487871
vt 0.931356 0.499491
vt 0.938613 0.509416
vt 0.931356 0.509416
vt 0.938613 0.499491
vt 0.979586 0.753232
vt 0.972329 0.745009
vt 0.979586 0.745009
vt 0.972329 0.753232
vt 0.984391 0.694854
vt 0.969631 0.702995
vt 0.963403 0.694738
vt 0.984405 0.703077
vt 0.389434 0.961862
vt 0.374674 0.953721
vt 0.395662 0.953605
vt 0.374660 0.961944
vt 0.477271 0.976369
vt 0.484527 0.955381
vt 0.484527 0.976369
vt 0.999999 0.018889
vt 0.992743 0.015244
vt 1.000000 0.015246
vt 0.350270 0.984683
vt 0.346631 0.974807
vt 0.354234 0.974765
vt 0.984107 0.227415
vt 0.980468 0.237291
vt 0.976503 0.227373
vt 0.979586 0.795053
vt 0.972329 0.804950
vt 0.972329 0.795053
vt 0.938613 0.479604
vt 0.945869 0.487871
vt 0.945869 0.509416
vt 0.945869 0.499491
vt 0.979586 0.783484
vt 0.972329 0.775261
vt 0.979586 0.775261
vt 0.972329 0.783484
vt 0.984098 0.207622
vt 0.969337 0.215763
vt 0.963110 0.207506
vt 0.984111 0.215845
vt 0.361400 0.963155
vt 0.346640 0.955014
vt 0.367628 0.954898
vt 0.346626 0.963237
vt 0.230012 0.955088
vt 0.230012 0.976076
vt 0.999999 0.011598
vt 0.992743 0.007952
vt 1.000000 0.007955
vt 0.570725 0.976143
vt 0.567086 0.966267
vt 0.574690 0.966224
vt 0.984273 0.676576
vt 0.980634 0.686453
vt 0.976669 0.676534
vt 0.978756 0.411905
vt 0.971500 0.402009
vt 0.978756 0.402009
vt 0.966700 0.906352
vt 0.973956 0.914619
vt 0.966700 0.914619
vt 0.966700 0.926239
vt 0.973956 0.936164
vt 0.966700 0.936164
vt 0.973956 0.926239
vt 0.978756 0.390439
vt 0.971500 0.382216
vt 0.978756 0.382216
vt 0.971500 0.390439
vt 0.984264 0.656784
vt 0.969503 0.664925
vt 0.963276 0.656667
vt 0.984278 0.665007
vt 0.581856 0.954615
vt 0.567096 0.946474
vt 0.588084 0.946357
vt 0.567082 0.954697
vt 0.919098 0.688722
vt 0.925260 0.574596
vt 0.925260 0.688722
vt 0.637136 0.989996
vt 0.643297 0.981525
vt 0.643297 0.989997
vt 0.557835 0.801726
vt 0.551673 0.915852
vt 0.811852 0.981170
vt 0.805687 0.989640
vt 0.805690 0.981168
vt 0.478487 0.801726
vt 0.470209 0.915852
vt 0.470014 0.801726
vt 0.504877 0.801726
vt 0.513154 0.915849
vt 0.504682 0.915849
vt 0.451529 0.918749
vt 0.457691 0.801726
vt 0.457691 0.918749
vt 0.998904 0.068190
vt 0.992742 0.062028
vt 0.998904 0.062028
vt 0.463853 0.801726
vt 0.463853 0.918749
vt 0.998904 0.135969
vt 0.992742 0.129807
vt 0.998904 0.129807
vt 0.451529 0.801728
vt 0.445334 0.918750
vt 0.445368 0.801726
vt 0.470015 0.801726
vt 0.463853 0.918745
vt 0.672928 0.328758
vt 0.679090 0.242336
vt 0.679090 0.328758
vt 0.992742 0.092837
vt 0.998904 0.086675
vt 0.998904 0.092837
vt 0.642120 0.328758
vt 0.648281 0.242336
vt 0.648281 0.328758
vt 0.998904 0.240718
vt 0.992742 0.234556
vt 0.617422 0.328756
vt 0.623609 0.242338
vt 0.623584 0.328758
vt 0.691413 0.242336
vt 0.685252 0.328757
vt 0.685252 0.242336
vt 0.666767 0.328758
vt 0.672928 0.242336
vt 0.992742 0.074352
vt 0.998904 0.074352
vt 0.629796 0.328758
vt 0.635958 0.242336
vt 0.635958 0.328758
vt 0.998904 0.209910
vt 0.992742 0.203748
vt 0.605048 0.328756
vt 0.611235 0.242338
vt 0.611210 0.328758
vt 0.697575 0.242336
vt 0.691413 0.328757
vt 0.680630 0.912978
vt 0.686097 0.816891
vt 0.686097 0.912978
vt 0.998483 0.312926
vt 0.992742 0.307459
vt 0.998484 0.307459
vt 0.675163 0.816891
vt 0.669696 0.912979
vt 0.669696 0.816891
vt 0.992744 0.296524
vt 0.998484 0.301992
vt 0.992742 0.301991
vt 0.657817 0.816891
vt 0.652208 0.912979
vt 0.652076 0.816891
vt 0.663955 0.816891
vt 0.669564 0.912976
vt 0.663823 0.912976
vt 0.691564 0.816891
vt 0.691564 0.912978
vt 0.998483 0.307459
vt 0.992742 0.301992
vt 0.680630 0.816891
vt 0.675163 0.912978
vt 0.992744 0.285586
vt 0.998484 0.291055
vt 0.992742 0.291053
vt 0.651944 0.816891
vt 0.646334 0.912979
vt 0.646202 0.816891
vt 0.658081 0.816891
vt 0.663691 0.912976
vt 0.657949 0.912976
vt 0.717360 0.898472
vt 0.722827 0.776680
vt 0.722827 0.898472
vt 0.998444 0.318393
vt 0.992758 0.312926
vt 0.998460 0.312926
vt 0.912936 0.694738
vt 0.907469 0.812245
vt 0.907469 0.694738
vt 0.992744 0.280118
vt 0.998484 0.285586
vt 0.992742 0.285585
vt 0.109722 0.779821
vt 0.104112 0.897328
vt 0.103980 0.775537
vt 0.115859 0.779821
vt 0.121469 0.897325
vt 0.115727 0.897325
vt 0.303157 0.919233
vt 0.308624 0.919233
vt 0.998538 0.280118
vt 0.992742 0.274651
vt 0.998523 0.274651
vt 0.716524 0.776675
vt 0.711057 0.898467
vt 0.711057 0.776675
vt 0.992744 0.291055
vt 0.998484 0.296524
vt 0.992742 0.296522
vt 0.109854 0.779821
vt 0.115727 0.897328
vt 0.109986 0.897328
vt 0.127474 0.779821
vt 0.121601 0.897325
vt 0.121733 0.775537
vt 0.640040 0.926805
vt 0.646202 0.926805
vt 0.998904 0.259203
vt 0.992742 0.265364
vt 0.992742 0.259202
vt 0.640040 0.816891
vt 0.633879 0.926805
vt 0.633879 0.816891
vt 0.992744 0.043538
vt 0.998904 0.049701
vt 0.992742 0.049700
vt 0.627434 0.816891
vt 0.621414 0.926805
vt 0.621272 0.816891
vt 0.627717 0.816891
vt 0.633737 0.926802
vt 0.627575 0.926802
vt 0.919098 0.694738
vt 0.912936 0.581827
vt 0.919098 0.574596
vt 0.303157 0.808913
vt 0.296995 0.801726
vt 0.303157 0.801726
vt 0.906774 0.694738
vt 0.906774 0.574596
vt 0.992744 0.049701
vt 0.998904 0.055865
vt 0.992742 0.055863
vt 0.728989 0.776680
vt 0.722969 0.896822
vt 0.296995 0.808913
vt 0.303015 0.921821
vt 0.296854 0.921821
vt 0.567082 0.895649
vt 0.573243 0.762621
vt 0.573243 0.895649
vt 0.900613 0.707624
vt 0.906774 0.707624
vt 0.998904 0.179101
vt 0.992742 0.172940
vt 0.584058 0.758830
vt 0.577857 0.891856
vt 0.577896 0.758829
vt 0.900613 0.840646
vt 0.654443 0.242336
vt 0.654443 0.328758
vt 0.992742 0.098999
vt 0.660605 0.242336
vt 0.660605 0.328758
vt 0.998904 0.259202
vt 0.992742 0.253041
vt 0.998904 0.253041
vt 0.623609 0.328756
vt 0.629796 0.242338
vt 0.629771 0.328758
vt 0.697575 0.328757
vt 0.912936 0.927377
vt 0.917579 0.814833
vt 0.917579 0.927377
vt 0.998668 0.270008
vt 0.998668 0.265364
vt 0.922900 0.112544
vt 0.927543 -0.000000
vt 0.927543 0.112544
vt 0.998668 0.274651
vt 0.992742 0.270008
vt 0.912936 0.812247
vt 0.906977 0.924790
vt 0.907010 0.812245
vt 0.925165 0.808864
vt 0.919239 0.921404
vt 0.919239 0.808864
vt 0.642120 0.242336
vt 0.992742 0.080513
vt 0.998904 0.080513
vt 0.666767 0.242336
vt 0.992742 0.185263
vt 0.998904 0.185263
vt 0.611235 0.328756
vt 0.617422 0.242338
vt 0.617397 0.328758
vt 0.679090 0.328757
vt 0.967492 0.966404
vt 0.974748 0.936684
vt 0.974748 0.966404
vt 0.573245 0.737979
vt 0.577548 0.745237
vt 0.573243 0.745236
vt 0.982002 0.902047
vt 0.972106 0.906281
vt 0.972106 0.897298
vt 0.712931 0.949251
vt 0.722827 0.953485
vt 0.712931 0.958234
vt 0.978289 0.321789
vt 0.971033 0.311893
vt 0.978289 0.311893
vt 0.703740 0.319895
vt 0.710993 0.332281
vt 0.703736 0.332279
vt 0.968917 0.615947
vt 0.976173 0.625876
vt 0.968917 0.625876
vt 0.976173 0.615947
vt 0.978289 0.300323
vt 0.971033 0.292101
vt 0.978289 0.292101
vt 0.971033 0.300323
vt 0.693139 0.949392
vt 0.701362 0.966777
vt 0.693139 0.979113
vt 0.701362 0.949321
vt 0.960536 0.888755
vt 0.952314 0.906140
vt 0.952314 0.876420
vt 0.960536 0.906211
vt 0.925260 0.626862
vt 0.931421 0.577772
vt 0.931421 0.626862
vt 0.963403 0.744567
vt 0.969553 0.736125
vt 0.969553 0.744596
vt 0.900613 0.843822
vt 0.906774 0.892912
vt 0.900613 0.892912
vt 0.412238 0.981393
vt 0.406074 0.989864
vt 0.406076 0.981391
vt 0.939893 0.574630
vt 0.931421 0.623686
vt 0.931421 0.574596
vt 0.691564 0.879829
vt 0.700036 0.932062
vt 0.927543 0.103091
vt 0.933705 0.054722
vt 0.933705 0.103091
vt 0.919015 0.929876
vt 0.925165 0.921433
vt 0.925165 0.929905
vt 0.927543 0.003176
vt 0.927543 0.051546
vt 0.942177 0.000034
vt 0.933705 0.048370
vt 0.933705 0.000000
vt 0.925401 0.745041
vt 0.933873 0.796554
vt 0.925401 0.796586
vt 0.168474 0.757915
vt 0.174635 0.594973
vt 0.174635 0.757915
vt 0.969553 0.744567
vt 0.975703 0.736125
vt 0.975703 0.744596
vt 0.156150 0.594973
vt 0.162312 0.757916
vt 0.156150 0.757916
vt 0.427382 0.981393
vt 0.421218 0.989863
vt 0.421221 0.981391
vt 0.197936 0.591797
vt 0.189659 0.754739
vt 0.189464 0.591797
vt 0.147678 0.591797
vt 0.155955 0.757911
vt 0.147483 0.757911
vt 0.174635 0.757916
vt 0.180797 0.594973
vt 0.180797 0.757916
vt 0.979005 0.936229
vt 0.985154 0.927786
vt 0.985154 0.936258
vt 0.162312 0.594973
vt 0.168474 0.757916
vt 0.830344 0.981170
vt 0.824180 0.989640
vt 0.824182 0.981168
vt 0.189269 0.591797
vt 0.180992 0.754739
vt 0.180797 0.591797
vt 0.139011 0.591797
vt 0.147289 0.757911
vt 0.138816 0.757911
vt 0.776105 0.240490
vt 0.782267 0.000000
vt 0.782267 0.240490
vt 0.788429 -0.000000
vt 0.788429 0.240490
vt 0.992742 0.135969
vt 0.776105 0.000002
vt 0.769874 0.240490
vt 0.769944 -0.000000
vt 0.794590 0.000000
vt 0.788429 0.240480
vt 0.590220 0.587891
vt 0.584058 0.758821
vt 0.584058 0.587891
vt 0.584058 0.587899
vt 0.584058 0.758829
vt 0.998904 0.216071
vt 0.992742 0.209910
vt 0.220234 0.749429
vt 0.226446 0.578504
vt 0.226396 0.749431
vt 0.133864 0.591797
vt 0.127703 0.762725
vt 0.127703 0.591797
vt 0.847912 0.887686
vt 0.854074 0.758336
vt 0.854074 0.893175
vt 0.998904 0.246879
vt 0.992742 0.240718
vt 0.590220 0.893660
vt 0.584058 0.764310
vt 0.590220 0.758821
vt 0.992742 0.037374
vt 0.998909 0.031213
vt 0.998909 0.037374
vt 0.847912 0.758338
vt 0.841711 0.893173
vt 0.841750 0.758336
vt 0.018523 0.904886
vt 0.024684 0.775537
vt 0.024684 0.904886
vt 0.006199 0.898594
vt 0.012361 0.775537
vt 0.998904 0.222233
vt 0.992742 0.216071
vt 0.018523 0.904887
vt 0.012361 0.781829
vt 0.018523 0.775537
vt 0.030846 0.781806
vt 0.024738 0.775540
vt 0.030900 0.775537
vt 0.006199 0.775539
vt 0.000000 0.904884
vt 0.000038 0.775537
vt 0.024738 0.904865
vt 0.030900 0.904863
vt 0.091657 0.892704
vt 0.097819 0.775537
vt 0.097819 0.898594
vt 0.992742 0.222233
vt 0.103980 0.898594
vt 0.097819 0.781427
vt 0.992742 0.025051
vt 0.998909 0.018889
vt 0.998909 0.025051
vt 0.091657 0.775539
vt 0.085459 0.898592
vt 0.085495 0.775537
vt 0.445334 0.918892
vt 0.439172 0.801726
vt 0.445334 0.801726
vt 0.426849 0.913136
vt 0.433010 0.801726
vt 0.433010 0.918893
vt 0.992742 0.246879
vt 0.439172 0.918893
vt 0.433010 0.807483
vt 0.992742 0.031213
vt 0.426849 0.801728
vt 0.420653 0.918891
vt 0.420687 0.801726
vt 0.615110 0.928301
vt 0.621272 0.928301
vt 0.723522 0.776680
vt 0.729684 0.581781
vt 0.729684 0.776680
vt 0.704754 0.574596
vt 0.710915 0.581787
vt 0.704754 0.581787
vt 0.717360 0.581781
vt 0.717360 0.776680
vt 0.992744 0.055865
vt 0.992742 0.062026
vt 0.704895 0.776686
vt 0.711199 0.574596
vt 0.717219 0.776675
vt 0.598886 0.332301
vt 0.605048 0.000000
vt 0.605048 0.332301
vt 0.445334 0.989863
vt 0.451495 0.981391
vt 0.451495 0.989863
vt 0.598886 0.000000
vt 0.592725 0.000000
vt 0.460481 0.981392
vt 0.454317 0.989863
vt 0.454319 0.981391
vt 0.583863 0.000000
vt 0.575586 0.332301
vt 0.575391 0.000000
vt 0.584253 0.000000
vt 0.592530 0.332292
vt 0.584058 0.332292
vt 0.470014 0.955381
vt 0.477271 0.955381
vt 0.999999 0.007952
vt 0.992743 0.004307
vt 1.000000 0.004309
vt 0.966919 0.656647
vt 0.963280 0.646771
vt 0.970884 0.646729
vt 0.106749 0.972977
vt 0.103110 0.982853
vt 0.099146 0.972934
vt 0.979418 0.101590
vt 0.972161 0.111486
vt 0.972161 0.101590
vt 0.966780 0.509653
vt 0.974037 0.517920
vt 0.966780 0.517920
vt 0.966780 0.529540
vt 0.974037 0.539465
vt 0.966780 0.539465
vt 0.974037 0.529540
vt 0.979418 0.090020
vt 0.972161 0.081798
vt 0.979418 0.081798
vt 0.972161 0.090020
vt 0.106740 0.953184
vt 0.091980 0.961325
vt 0.106754 0.961407
vt 0.978050 0.635119
vt 0.963290 0.626978
vt 0.984278 0.626862
vt 0.963276 0.635201
vt 0.925401 0.808864
vt 0.439172 0.989863
vt 0.445334 0.981391
vt 0.567082 0.801726
vt 0.560920 0.915852
vt 0.560920 0.801726
vt 0.728992 0.981066
vt 0.722827 0.989536
vt 0.722830 0.981064
vt 0.487153 0.801726
vt 0.478876 0.915852
vt 0.478681 0.801726
vt 0.513543 0.801726
vt 0.521821 0.915849
vt 0.513349 0.915849
vt 0.620159 0.984972
vt 0.625207 0.974984
vt 0.625207 0.984972
vt 0.997790 0.676816
vt 0.992742 0.671768
vt 0.997790 0.671768
vt 0.980826 0.352275
vt 0.985874 0.342288
vt 0.985874 0.352275
vt 0.997790 0.681864
vt 0.992742 0.676816
vt 0.966073 0.499429
vt 0.961022 0.509414
vt 0.961025 0.499427
vt 0.475062 0.976369
vt 0.470014 0.986356
vt 0.470014 0.976369
vt 0.983714 0.460023
vt 0.988763 0.450460
vt 0.988763 0.460023
vt 0.358423 0.998053
vt 0.363471 0.993005
vt 0.363471 0.998053
vt 0.984112 0.236195
vt 0.989160 0.226632
vt 0.989160 0.236195
vt 0.676457 0.998053
vt 0.681506 0.993005
vt 0.681506 0.998053
vt 0.862711 0.987117
vt 0.867762 0.977556
vt 0.867759 0.987119
vt 0.121898 0.978480
vt 0.116850 0.988043
vt 0.116850 0.978480
vt 0.722827 0.971075
vt 0.727875 0.959523
vt 0.727875 0.971075
vt 0.997790 0.495080
vt 0.992742 0.490032
vt 0.997790 0.490032
vt 0.968158 0.248863
vt 0.973206 0.237311
vt 0.973206 0.248863
vt 0.997790 0.686912
vt 0.992742 0.681864
vt 0.947229 0.037291
vt 0.942177 0.048842
vt 0.942181 0.037290
vt 0.877844 0.966003
vt 0.872796 0.977554
vt 0.872796 0.966003
vt 0.979586 0.785248
vt 0.984634 0.775261
vt 0.984634 0.785248
vt 0.992742 0.909034
vt 0.997790 0.903985
vt 0.997790 0.909034
vt 0.979796 0.946671
vt 0.984845 0.936683
vt 0.984845 0.946671
vt 0.641121 0.998053
vt 0.646169 0.993005
vt 0.646169 0.998053
vt 0.022738 0.982415
vt 0.027790 0.972429
vt 0.027787 0.982416
vt 0.292946 0.972719
vt 0.287898 0.982706
vt 0.287898 0.972719
vt 0.986252 0.205529
vt 0.991300 0.197228
vt 0.991300 0.205529
vt 0.997790 0.707105
vt 0.992742 0.702057
vt 0.997790 0.702057
vt 0.374660 0.991712
vt 0.379708 0.983410
vt 0.379708 0.991712
vt 0.997790 0.641478
vt 0.992742 0.636430
vt 0.997790 0.636430
vt 0.990301 0.142405
vt 0.985251 0.150705
vt 0.985253 0.142404
vt 0.992098 0.886407
vt 0.987050 0.894708
vt 0.987050 0.886407
vt 0.983714 0.490409
vt 0.988762 0.480846
vt 0.988762 0.490409
vt 0.343278 0.998053
vt 0.348327 0.993005
vt 0.348327 0.998053
vt 0.984112 0.217069
vt 0.989160 0.207506
vt 0.989160 0.217069
vt 0.651217 0.993005
vt 0.651217 0.998053
vt 0.967492 0.987387
vt 0.972543 0.977825
vt 0.972540 0.987388
vt 0.338915 0.978679
vt 0.333867 0.988242
vt 0.333867 0.978679
vt 0.744828 0.970473
vt 0.749876 0.958922
vt 0.749876 0.970473
vt 0.997790 0.444598
vt 0.992742 0.439550
vt 0.997790 0.439550
vt 0.967431 0.048842
vt 0.972479 0.037290
vt 0.972479 0.048842
vt 0.997790 0.646526
vt 0.992742 0.641478
vt 0.952280 0.037291
vt 0.947229 0.048842
vt 0.947232 0.037290
vt 0.920805 0.964949
vt 0.915757 0.976500
vt 0.915757 0.964949
vt 0.805687 0.981168
vt 0.810736 0.969750
vt 0.810736 0.981168
vt 0.992742 0.712153
vt 0.997790 0.712153
vt 0.973956 0.917770
vt 0.979005 0.906352
vt 0.979005 0.917770
vt 0.525014 0.998053
vt 0.530062 0.993005
vt 0.530062 0.998053
vt 0.323768 0.978678
vt 0.328819 0.967262
vt 0.328816 0.978680
vt 0.066236 0.967319
vt 0.061188 0.978737
vt 0.061188 0.967319
vt 0.980636 0.425959
vt 0.985684 0.415972
vt 0.985684 0.425959
vt 0.997790 0.479936
vt 0.992742 0.474887
vt 0.997790 0.474887
vt 0.630255 0.984971
vt 0.635303 0.974984
vt 0.635303 0.984971
vt 0.992742 0.651575
vt 0.997790 0.651575
vt 0.961022 0.499429
vt 0.955971 0.509414
vt 0.955974 0.499427
vt 0.482319 0.976369
vt 0.477271 0.986356
vt 0.984112 0.226632
vt 0.368519 0.993005
vt 0.368519 0.998053
vt 0.983714 0.470435
vt 0.988762 0.460872
vt 0.988762 0.470435
vt 0.535110 0.998053
vt 0.540158 0.993005
vt 0.540158 0.998053
vt 0.930159 0.331930
vt 0.935210 0.322368
vt 0.935207 0.331931
vt 0.328819 0.988242
vt 0.328819 0.978679
vt 0.426266 0.969973
vt 0.431315 0.958422
vt 0.431315 0.969973
vt 0.997790 0.449647
vt 0.992742 0.444598
vt 0.267706 0.972719
vt 0.272754 0.961167
vt 0.272754 0.972719
vt 0.997790 0.717202
vt 0.590260 0.932940
vt 0.585208 0.944491
vt 0.585211 0.932939
vt 0.867748 0.977554
vt 0.867748 0.966003
vt 0.300985 0.989104
vt 0.306033 0.979541
vt 0.306033 0.989104
vt 0.040385 0.993005
vt 0.045433 0.998053
vt 0.040385 0.998053
vt 0.713332 0.988675
vt 0.718380 0.979112
vt 0.718380 0.988675
vt 0.509869 0.998053
vt 0.514917 0.993005
vt 0.514917 0.998053
vt 0.867762 0.987117
vt 0.872813 0.977556
vt 0.872810 0.987119
vt 0.111802 0.988043
vt 0.111802 0.978480
vt 0.262488 0.972719
vt 0.267536 0.961167
vt 0.267536 0.972719
vt 0.997790 0.454695
vt 0.992742 0.449647
vt 0.247343 0.972719
vt 0.252392 0.961167
vt 0.252392 0.972719
vt 0.050482 0.993005
vt 0.050482 0.998053
vt 0.953135 0.611887
vt 0.948084 0.623438
vt 0.948087 0.611886
vt 0.862700 0.966003
vt 0.857652 0.977554
vt 0.857652 0.966003
vt 0.979085 0.531058
vt 0.984134 0.521071
vt 0.984134 0.531058
vt 0.055530 0.998053
vt 0.979507 0.856141
vt 0.984555 0.846153
vt 0.984555 0.856141
vt 0.519966 0.993005
vt 0.519966 0.998053
vt 0.977527 0.047277
vt 0.982579 0.037291
vt 0.982576 0.047278
vt 0.983305 0.237311
vt 0.978257 0.247299
vt 0.978257 0.237312
vt 0.090800 0.991174
vt 0.095848 0.982873
vt 0.095848 0.991174
vt 0.997790 0.722250
vt 0.992742 0.717201
vt 0.997790 0.717201
vt 0.987050 0.884721
vt 0.992098 0.876420
vt 0.992098 0.884721
vt 0.997790 0.500128
vt 0.992742 0.495080
vt 0.990301 0.154076
vt 0.985251 0.162376
vt 0.985253 0.154075
vt 0.992101 0.896394
vt 0.987053 0.904695
vt 0.987053 0.896393
vt 0.061188 0.988300
vt 0.066236 0.978737
vt 0.066236 0.988300
vt 0.992742 0.505177
vt 0.997790 0.505177
vt 0.984137 0.542052
vt 0.989185 0.532489
vt 0.989185 0.542052
vt 0.827901 0.998053
vt 0.832949 0.993005
vt 0.832949 0.998053
vt 0.935210 0.331930
vt 0.940261 0.322368
vt 0.940258 0.331931
vt 0.544397 0.978352
vt 0.539349 0.987915
vt 0.539349 0.978352
vt 0.421218 0.969973
vt 0.426266 0.958422
vt 0.997790 0.727298
vt 0.992742 0.722250
vt 0.592725 0.975613
vt 0.597773 0.964061
vt 0.597773 0.975613
vt 0.997790 0.510225
vt 0.946376 0.369592
vt 0.941325 0.381142
vt 0.941328 0.369590
vt 0.852603 0.977554
vt 0.852603 0.966003
vt 0.076332 0.978737
vt 0.081380 0.967319
vt 0.081380 0.978737
vt 0.997790 0.732346
vt 0.992742 0.727298
vt 0.825880 0.981168
vt 0.830929 0.969750
vt 0.830929 0.981168
vt 0.858190 0.998053
vt 0.863238 0.993005
vt 0.863238 0.998053
vt 0.544401 0.978351
vt 0.549452 0.966934
vt 0.549449 0.978352
vt 0.076332 0.967318
vt 0.071284 0.978737
vt 0.071284 0.967319
vt 0.646202 0.984789
vt 0.651250 0.974802
vt 0.651250 0.984789
vt 0.992742 0.732346
vt 0.997790 0.737394
vt 0.992742 0.737394
vt 0.981135 0.331776
vt 0.986183 0.321789
vt 0.986183 0.331776
vt 0.997790 0.515273
vt 0.992742 0.510225
vt 0.971124 0.499429
vt 0.966073 0.509414
vt 0.966076 0.499427
vt 0.986775 0.369591
vt 0.981727 0.379577
vt 0.981727 0.369590
vt 0.142847 0.988476
vt 0.147896 0.978913
vt 0.147896 0.988476
vt 0.997790 0.742443
vt 0.984278 0.636425
vt 0.989326 0.626862
vt 0.989326 0.636425
vt 0.868286 0.993005
vt 0.868286 0.998053
vt 0.531619 0.987154
vt 0.536669 0.977593
vt 0.536667 0.987155
vt 0.544401 0.987915
vt 0.544401 0.978352
vt 0.979088 0.542476
vt 0.984136 0.532489
vt 0.984136 0.542476
vt 0.992742 0.959516
vt 0.997790 0.954468
vt 0.997790 0.959516
vt 0.686588 0.984789
vt 0.691636 0.974802
vt 0.691636 0.984789
vt 0.636073 0.998053
vt 0.641121 0.993005
vt 0.729684 0.980460
vt 0.734735 0.970475
vt 0.734732 0.980462
vt 0.983337 0.302088
vt 0.978289 0.312075
vt 0.978289 0.302088
vt 0.984845 0.965797
vt 0.989893 0.956234
vt 0.989893 0.965797
vt 0.373568 0.998053
vt 0.984555 0.865704
vt 0.989603 0.856141
vt 0.989603 0.865704
vt 0.494725 0.993005
vt 0.499773 0.998053
vt 0.494725 0.998053
vt 0.855202 0.332262
vt 0.860253 0.322700
vt 0.860250 0.332263
vt 0.744837 0.990024
vt 0.749886 0.980462
vt 0.749886 0.990025
vt 0.444220 0.969973
vt 0.449268 0.958421
vt 0.449268 0.969973
vt 0.434146 0.998053
vt 0.439194 0.993005
vt 0.439194 0.998053
vt 0.257440 0.972719
vt 0.262488 0.961167
vt 0.686554 0.993005
vt 0.686554 0.998053
vt 0.955388 0.427524
vt 0.960439 0.415973
vt 0.960436 0.427525
vt 0.323768 0.955709
vt 0.318720 0.967261
vt 0.318720 0.955709
vt 0.981203 0.187241
vt 0.986252 0.177254
vt 0.986252 0.187241
vt 0.992742 0.914082
vt 0.997790 0.914082
vt 0.509730 0.986218
vt 0.514778 0.976231
vt 0.514778 0.986218
vt 0.373568 0.993005
vt 0.378616 0.998053
vt 0.956430 0.980426
vt 0.961482 0.970441
vt 0.961479 0.980428
vt 0.982002 0.896393
vt 0.987050 0.896393
vt 0.262488 0.991008
vt 0.267536 0.982707
vt 0.267536 0.991008
vt 0.353375 0.993005
vt 0.353375 0.998053
vt 0.986252 0.197228
vt 0.991300 0.188926
vt 0.661313 0.998053
vt 0.666361 0.993005
vt 0.666361 0.998053
vt 0.185534 0.990546
vt 0.190585 0.982245
vt 0.190582 0.990547
vt 0.990828 0.808864
vt 0.985780 0.817166
vt 0.985780 0.808864
vt 0.984845 0.956234
vt 0.989893 0.946671
vt 0.378616 0.993005
vt 0.383664 0.998053
vt 0.989453 0.713864
vt 0.984405 0.704301
vt 0.989453 0.704301
vt 0.992742 0.853503
vt 0.997790 0.848455
vt 0.997790 0.853503
vt 0.870354 0.332262
vt 0.875405 0.322700
vt 0.875403 0.332263
vt 0.729684 0.990024
vt 0.734732 0.990025
vt 0.411122 0.969974
vt 0.416170 0.958422
vt 0.416170 0.969974
vt 0.388712 0.993005
vt 0.388712 0.998053
vt 0.749877 0.970473
vt 0.754925 0.958922
vt 0.754925 0.970473
vt 0.691602 0.993005
vt 0.691602 0.998053
vt 0.894451 0.965995
vt 0.899502 0.954445
vt 0.899499 0.965997
vt 0.132751 0.955943
vt 0.127703 0.967495
vt 0.127703 0.955943
vt 0.444220 0.981391
vt 0.449268 0.981391
vt 0.055530 0.993005
vt 0.060578 0.998053
vt 0.981222 0.614458
vt 0.981222 0.625876
vt 0.393761 0.993005
vt 0.393761 0.998053
vt 0.525533 0.978349
vt 0.530584 0.966932
vt 0.530581 0.978350
vt 0.976458 0.505772
vt 0.981506 0.494354
vt 0.981506 0.505772
vt 0.979507 0.866128
vt 0.984555 0.866128
vt 0.992742 0.747491
vt 0.997790 0.747491
vt 0.979507 0.876115
vt 0.984555 0.876115
vt 0.595688 0.998053
vt 0.600736 0.993005
vt 0.600736 0.998053
vt 0.787895 0.980448
vt 0.792946 0.970462
vt 0.792943 0.980449
vt 0.262488 0.982706
vt 0.836146 0.989908
vt 0.841194 0.980345
vt 0.841194 0.989908
vt 0.444243 0.998053
vt 0.444243 0.993005
vt 0.984634 0.754572
vt 0.989682 0.745009
vt 0.989682 0.754572
vt 0.398809 0.998053
vt 0.208233 0.762440
vt 0.213284 0.752879
vt 0.213281 0.762442
vt 0.734735 0.990024
vt 0.739783 0.980462
vt 0.739783 0.990025
vt 0.739780 0.970473
vt 0.744828 0.958922
vt 0.992742 0.459743
vt 0.997790 0.459743
vt 0.759973 0.958922
vt 0.759973 0.970473
vt 0.696650 0.993005
vt 0.696650 0.998053
vt 0.953135 0.623437
vt 0.958187 0.611887
vt 0.958184 0.623439
vt 0.328816 0.955709
vt 0.323768 0.967260
vt 0.930216 0.989991
vt 0.935264 0.980428
vt 0.935264 0.989991
vt 0.449291 0.998053
vt 0.449291 0.993005
vt 0.984634 0.784824
vt 0.989682 0.775261
vt 0.989682 0.784824
vt 0.398809 0.993005
vt 0.403857 0.998053
vt 0.860253 0.332262
vt 0.865304 0.322700
vt 0.865301 0.332263
vt 0.739786 0.990025
vt 0.744834 0.980462
vt 0.744834 0.990025
vt 0.765021 0.958922
vt 0.765021 0.970473
vt 0.060578 0.993005
vt 0.065626 0.998053
vt 0.965491 0.427524
vt 0.970539 0.415972
vt 0.970539 0.427524
vt 0.701698 0.993005
vt 0.701698 0.998053
vt 0.367628 0.966449
vt 0.372680 0.954899
vt 0.372676 0.966451
vt 0.313672 0.967260
vt 0.313672 0.955709
vt 0.519826 0.986218
vt 0.524874 0.976231
vt 0.524874 0.986218
vt 0.992742 0.520321
vt 0.997790 0.520321
vt 0.519826 0.976231
vt 0.992742 0.585948
vt 0.997790 0.580900
vt 0.997790 0.585948
vt 0.961482 0.980426
vt 0.966533 0.970441
vt 0.966530 0.980428
vt 0.982002 0.886406
vt 0.987050 0.876420
vt 0.985838 0.263113
vt 0.990887 0.254811
vt 0.990887 0.263113
vt 0.992742 0.353731
vt 0.997790 0.348682
vt 0.997790 0.353731
vt 0.986269 0.595747
vt 0.991318 0.587445
vt 0.991318 0.595747
vt 0.570447 0.998053
vt 0.575495 0.993005
vt 0.575495 0.998053
vt 0.195635 0.990546
vt 0.200686 0.982246
vt 0.200684 0.990547
vt 0.980353 0.566245
vt 0.975305 0.574547
vt 0.975305 0.566246
vt 0.984634 0.804798
vt 0.989682 0.795235
vt 0.989682 0.804798
vt 0.992742 0.429454
vt 0.997790 0.424406
vt 0.997790 0.429454
vt 0.984278 0.674676
vt 0.989326 0.665113
vt 0.989326 0.674676
vt 0.992742 0.590996
vt 0.997790 0.590996
vt 0.794590 0.332262
vt 0.799641 0.322700
vt 0.799639 0.332263
vt 0.749888 0.990024
vt 0.754937 0.980462
vt 0.754937 0.990025
vt 0.963239 0.623438
vt 0.968287 0.611886
vt 0.968287 0.623438
vt 0.454339 0.993005
vt 0.454339 0.998053
vt 0.666395 0.974802
vt 0.671443 0.963251
vt 0.671443 0.974802
vt 0.706746 0.993005
vt 0.706746 0.998053
vt 0.953575 0.793850
vt 0.958627 0.782299
vt 0.958624 0.793851
vt 0.564589 0.955381
vt 0.559541 0.966933
vt 0.559541 0.955381
vt 0.411122 0.981391
vt 0.416170 0.969973
vt 0.416170 0.981391
vt 0.997790 0.752539
vt 0.976173 0.614458
vt 0.981222 0.603040
vt 0.459387 0.998053
vt 0.459387 0.993005
vt 0.973206 0.248729
vt 0.978257 0.237313
vt 0.978254 0.248731
vt 0.976679 0.381008
vt 0.981727 0.369591
vt 0.981727 0.381008
vt 0.978756 0.412178
vt 0.983805 0.402191
vt 0.983805 0.412178
vt 0.464435 0.993005
vt 0.464435 0.998053
vt 0.980732 0.818851
vt 0.985780 0.818851
vt 0.711794 0.993005
vt 0.711794 0.998053
vt 0.734735 0.980460
vt 0.739786 0.970475
vt 0.282850 0.972719
vt 0.277802 0.982706
vt 0.277802 0.972719
vt 0.925168 0.989991
vt 0.930216 0.980428
vt 0.403857 0.993005
vt 0.408905 0.998053
vt 0.984405 0.723427
vt 0.989453 0.723427
vt 0.469484 0.998053
vt 0.469484 0.993005
vt 0.865304 0.332262
vt 0.870354 0.322700
vt 0.870352 0.332263
vt 0.754937 0.990024
vt 0.759985 0.980462
vt 0.759985 0.990025
vt 0.252392 0.991008
vt 0.257440 0.982706
vt 0.257440 0.991008
vt 0.997790 0.626334
vt 0.992742 0.621286
vt 0.997790 0.621286
vt 0.985874 0.360577
vt 0.990923 0.352275
vt 0.990923 0.360577
vt 0.997790 0.697009
vt 0.992742 0.691960
vt 0.997790 0.691960
vt 0.990453 0.543411
vt 0.985402 0.551711
vt 0.985404 0.543409
vt 0.985780 0.827153
vt 0.990828 0.818851
vt 0.990828 0.827153
vt 0.976155 0.188672
vt 0.981204 0.177254
vt 0.981204 0.188672
vt 0.328134 0.998053
vt 0.333182 0.993005
vt 0.333182 0.998053
vt 0.820832 0.981168
vt 0.825880 0.969750
vt 0.065626 0.993005
vt 0.070675 0.998053
vt 0.887947 0.966004
vt 0.882896 0.977421
vt 0.882899 0.966003
vt 0.426266 0.969974
vt 0.421218 0.981391
vt 0.979005 0.916339
vt 0.984053 0.906352
vt 0.984053 0.916339
vt 0.992742 0.631382
vt 0.997790 0.631382
vt 0.979085 0.519640
vt 0.984134 0.509653
vt 0.984134 0.519640
vt 0.997791 0.843407
vt 0.992742 0.838359
vt 0.997791 0.838359
vt 0.777793 0.970462
vt 0.772742 0.980448
vt 0.772744 0.970461
vt 0.242295 0.982706
vt 0.247343 0.982706
vt 0.984278 0.645988
vt 0.989326 0.645988
vt 0.070675 0.993005
vt 0.075723 0.998053
vt 0.984134 0.530634
vt 0.989182 0.521071
vt 0.989182 0.530634
vt 0.992742 0.919130
vt 0.997790 0.919130
vt 0.804692 0.322700
vt 0.799641 0.332262
vt 0.799644 0.322699
vt 0.956428 0.980428
vt 0.951380 0.989990
vt 0.951380 0.980428
vt 0.163040 0.967495
vt 0.168088 0.955943
vt 0.168088 0.967495
vt 0.992742 0.626334
vt 0.173137 0.955943
vt 0.173137 0.967495
vt 0.997791 0.757587
vt 0.992742 0.752539
vt 0.955388 0.415973
vt 0.950336 0.427524
vt 0.950340 0.415972
vt 0.484527 0.966933
vt 0.489575 0.955381
vt 0.489575 0.966933
vt 0.984278 0.655550
vt 0.989326 0.655550
vt 0.992742 0.762635
vt 0.997790 0.757587
vt 0.997790 0.762635
vt 0.984133 0.519216
vt 0.989182 0.509653
vt 0.989182 0.519216
vt 0.992742 0.767684
vt 0.997790 0.762636
vt 0.997790 0.767684
vt 0.809743 0.322700
vt 0.804692 0.332262
vt 0.804695 0.322699
vt 0.966533 0.980428
vt 0.961484 0.989990
vt 0.961484 0.980428
vt 0.985874 0.368878
vt 0.990923 0.368878
vt 0.997790 0.464791
vt 0.242295 0.991008
vt 0.247344 0.982707
vt 0.247344 0.991008
vt 0.997791 0.772732
vt 0.997791 0.767684
vt 0.990453 0.554829
vt 0.985402 0.563129
vt 0.985404 0.554827
vt 0.985684 0.424274
vt 0.990732 0.415972
vt 0.990732 0.424274
vt 0.222756 0.986063
vt 0.227804 0.976076
vt 0.227804 0.986063
vt 0.413953 0.993005
vt 0.413953 0.998053
vt 0.681540 0.984789
vt 0.686588 0.974802
vt 0.075723 0.993005
vt 0.080771 0.998053
vt 0.951379 0.970441
vt 0.946328 0.980426
vt 0.946331 0.970439
vt 0.981204 0.197228
vt 0.981204 0.187241
vt 0.178185 0.955943
vt 0.178185 0.967495
vt 0.997790 0.469839
vt 0.992742 0.464791
vt 0.963110 0.248863
vt 0.968158 0.237311
vt 0.992742 0.772732
vt 0.997790 0.777780
vt 0.992742 0.777780
vt 0.438062 0.944313
vt 0.433010 0.955864
vt 0.433014 0.944312
vt 0.554493 0.966933
vt 0.984634 0.764559
vt 0.989682 0.754996
vt 0.989682 0.764559
vt 0.080771 0.993005
vt 0.085819 0.998053
vt 0.984053 0.927333
vt 0.989101 0.917770
vt 0.989101 0.927333
vt 0.085819 0.993005
vt 0.090867 0.998053
vt 0.814794 0.322700
vt 0.809743 0.332262
vt 0.809746 0.322699
vt 0.961482 0.980428
vt 0.956433 0.989990
vt 0.956433 0.980428
vt 0.978666 0.460872
vt 0.983714 0.450884
vt 0.983714 0.460872
vt 0.992742 0.484984
vt 0.997790 0.484984
vt 0.978666 0.490833
vt 0.983714 0.480846
vt 0.983714 0.490833
vt 0.992742 0.656623
vt 0.997790 0.656623
vt 0.782844 0.970462
vt 0.777793 0.980448
vt 0.777796 0.970461
vt 0.252391 0.972719
vt 0.252391 0.982706
vt 0.976173 0.597432
vt 0.981221 0.586014
vt 0.981221 0.597432
vt 0.090867 0.993005
vt 0.095916 0.998053
vt 0.157992 0.978913
vt 0.163040 0.978913
vt 0.095916 0.993005
vt 0.100964 0.998053
vt 0.892999 0.966004
vt 0.887947 0.977421
vt 0.887950 0.966003
vt 0.459365 0.969973
vt 0.454317 0.981390
vt 0.454317 0.969973
vt 0.978666 0.470859
vt 0.983714 0.470859
vt 0.992742 0.469839
vt 0.978666 0.480846
vt 0.106012 0.993005
vt 0.106012 0.998053
vt 0.787895 0.970462
vt 0.782844 0.980448
vt 0.782847 0.970461
vt 0.252392 0.982707
vt 0.984053 0.915915
vt 0.989101 0.906352
vt 0.989101 0.915915
vt 0.992742 0.358779
vt 0.997790 0.358779
vt 0.163040 0.988476
vt 0.168088 0.978913
vt 0.168088 0.988476
vt 0.992742 0.363827
vt 0.997790 0.363827
vt 0.819845 0.322700
vt 0.814794 0.332262
vt 0.814797 0.322699
vt 0.782841 0.980449
vt 0.777793 0.990012
vt 0.777793 0.980449
vt 0.137799 0.967495
vt 0.142847 0.955943
vt 0.142847 0.967495
vt 0.997790 0.969613
vt 0.992742 0.964565
vt 0.997790 0.964565
vt 0.147896 0.955943
vt 0.147896 0.967495
vt 0.956480 0.369592
vt 0.951428 0.381142
vt 0.951431 0.369590
vt 0.549445 0.966933
vt 0.554493 0.955381
vt 0.293116 0.989103
vt 0.298164 0.979540
vt 0.298164 0.989103
vt 0.992742 0.525370
vt 0.997790 0.525370
vt 0.984278 0.665113
vt 0.992742 0.368875
vt 0.997790 0.368875
vt 0.824896 0.322700
vt 0.819845 0.332262
vt 0.819848 0.322699
vt 0.772739 0.980449
vt 0.767690 0.990012
vt 0.767690 0.980449
vt 0.985874 0.340602
vt 0.990923 0.332301
vt 0.990923 0.340602
vt 0.015145 0.998053
vt 0.020193 0.993005
vt 0.020193 0.998053
vt 0.985874 0.350590
vt 0.990923 0.342288
vt 0.990923 0.350590
vt 0.997790 0.606141
vt 0.992742 0.601093
vt 0.997790 0.601093
vt 0.990455 0.564816
vt 0.985405 0.573116
vt 0.985407 0.564815
vt 0.006928 0.990722
vt 0.011976 0.982420
vt 0.011976 0.990721
vt 0.979797 0.958089
vt 0.984845 0.948102
vt 0.984845 0.958089
vt 0.111060 0.998053
vt 0.980826 0.362262
vt 0.985874 0.362262
vt 0.111060 0.993005
vt 0.116109 0.998053
vt 0.956430 0.970441
vt 0.951379 0.980426
vt 0.951382 0.970439
vt 0.986269 0.587446
vt 0.981221 0.587445
vt 0.152944 0.955943
vt 0.152944 0.967495
vt 0.025241 0.993005
vt 0.025241 0.998053
vt 0.157992 0.955943
vt 0.157992 0.967495
vt 0.997790 0.611189
vt 0.992742 0.606141
vt 0.957332 0.037291
vt 0.952280 0.048841
vt 0.952284 0.037290
vt 0.494623 0.955381
vt 0.494623 0.966933
vt 0.815784 0.969750
vt 0.815784 0.981168
vt 0.116109 0.993005
vt 0.121157 0.998053
vt 0.976155 0.200090
vt 0.981203 0.188672
vt 0.981203 0.200090
vt 0.121157 0.993005
vt 0.126205 0.998053
vt 0.972543 0.966406
vt 0.967492 0.977822
vt 0.967495 0.966404
vt 0.464413 0.969973
vt 0.459365 0.981390
vt 0.587274 0.986150
vt 0.592322 0.976163
vt 0.592322 0.986150
vt 0.997790 0.338586
vt 0.992742 0.333538
vt 0.997790 0.333538
vt 0.592725 0.985600
vt 0.597773 0.985600
vt 0.992742 0.868648
vt 0.997790 0.863600
vt 0.997790 0.868648
vt 0.925165 0.980426
vt 0.930216 0.970441
vt 0.930213 0.980428
vt 0.905661 0.986487
vt 0.900613 0.976500
vt 0.905661 0.976500
vt 0.693139 0.988675
vt 0.698187 0.979112
vt 0.698187 0.988675
vt 0.716842 0.993005
vt 0.716842 0.998053
vt 0.703235 0.979112
vt 0.703235 0.988675
vt 0.358423 0.993005
vt 0.887947 0.977424
vt 0.882896 0.986985
vt 0.882899 0.977422
vt 0.982646 0.975967
vt 0.987694 0.966404
vt 0.987694 0.975967
vt 0.734732 0.970474
vt 0.739780 0.958922
vt 0.739780 0.970474
vt 0.992742 0.419357
vt 0.997790 0.419357
vt 0.820832 0.969750
vt 0.825880 0.958198
vt 0.338230 0.998053
vt 0.343278 0.993005
vt 0.732777 0.331447
vt 0.737828 0.319897
vt 0.737825 0.331449
vt 0.976458 0.505906
vt 0.971409 0.494354
vt 0.976458 0.494354
vt 0.980731 0.828838
vt 0.985780 0.828838
vt 0.671409 0.993005
vt 0.671409 0.998053
vt 0.978756 0.402191
vt 0.983804 0.392204
vt 0.983804 0.402191
vt 0.126205 0.993005
vt 0.131253 0.998053
vt 0.006931 0.972433
vt 0.001880 0.982418
vt 0.001883 0.972431
vt 0.978553 0.061533
vt 0.983601 0.051546
vt 0.983601 0.061533
vt 0.277802 0.991008
vt 0.282850 0.982707
vt 0.282850 0.991008
vt 0.992742 0.343634
vt 0.997790 0.343634
vt 0.272584 0.982707
vt 0.272584 0.991008
vt 0.992742 0.924178
vt 0.997790 0.924178
vt 0.427382 0.989693
vt 0.432433 0.981393
vt 0.432431 0.989694
vt 0.992675 0.045591
vt 0.987627 0.037290
vt 0.992675 0.037290
vt 0.983340 0.321638
vt 0.988389 0.312075
vt 0.988389 0.321638
vt 0.605784 0.993005
vt 0.605784 0.998053
vt 0.137799 0.988476
vt 0.142847 0.978913
vt 0.992742 0.929227
vt 0.997790 0.929227
vt 0.892998 0.977424
vt 0.887947 0.986985
vt 0.887949 0.977422
vt 0.554504 0.987915
vt 0.559552 0.978352
vt 0.559552 0.987915
vt 0.772739 0.970461
vt 0.777787 0.958909
vt 0.777787 0.970461
vt 0.997790 0.373923
vt 0.830929 0.958198
vt 0.136301 0.993005
vt 0.136301 0.998053
vt 0.737828 0.331447
vt 0.742880 0.319897
vt 0.742877 0.331449
vt 0.900613 0.964949
vt 0.905661 0.964949
vt 0.975306 0.554827
vt 0.980354 0.543409
vt 0.980354 0.554827
vt 0.721890 0.993005
vt 0.721890 0.998053
vt 0.973956 0.929188
vt 0.979005 0.929188
vt 0.141350 0.998053
vt 0.978553 0.051547
vt 0.973501 0.062964
vt 0.973505 0.051546
vt 0.040996 0.978737
vt 0.046044 0.967318
vt 0.046044 0.978737
vt 0.577178 0.986150
vt 0.582226 0.976163
vt 0.582226 0.986150
vt 0.997790 0.328489
vt 0.992742 0.323441
vt 0.997790 0.323441
vt 0.980354 0.553397
vt 0.985402 0.543409
vt 0.985402 0.553397
vt 0.992742 0.530418
vt 0.997790 0.530418
vt 0.930216 0.980426
vt 0.935267 0.970441
vt 0.910709 0.986487
vt 0.910709 0.976500
vt 0.152944 0.978913
vt 0.152944 0.988476
vt 0.726939 0.993005
vt 0.726939 0.998053
vt 0.157992 0.988476
vt 0.419002 0.993005
vt 0.419002 0.998053
vt 0.987053 0.896395
vt 0.982002 0.905956
vt 0.982005 0.896393
vt 0.564600 0.978352
vt 0.564600 0.987915
vt 0.782835 0.958909
vt 0.782835 0.970461
vt 0.992742 0.328489
vt 0.163040 0.955943
vt 0.992742 0.535466
vt 0.997790 0.535466
vt 0.745156 0.332227
vt 0.750208 0.320676
vt 0.750204 0.332228
vt 0.602821 0.975613
vt 0.602821 0.964061
vt 0.071285 0.978737
vt 0.071285 0.988300
vt 0.731987 0.993005
vt 0.731987 0.998053
vt 0.076332 0.988300
vt 0.081380 0.988300
vt 0.474532 0.993005
vt 0.474532 0.998053
vt 0.899502 0.977550
vt 0.894451 0.987111
vt 0.894454 0.977548
vt 0.106754 0.988043
vt 0.787883 0.958909
vt 0.787883 0.970461
vt 0.997790 0.378972
vt 0.992742 0.373923
vt 0.963403 0.736095
vt 0.968451 0.724543
vt 0.968451 0.736095
vt 0.141350 0.993005
vt 0.146398 0.998053
vt 0.750208 0.332227
vt 0.755259 0.320676
vt 0.755256 0.332228
vt 0.607869 0.975613
vt 0.607869 0.964061
vt 0.979418 0.111759
vt 0.984466 0.101772
vt 0.984466 0.111759
vt 0.610832 0.993005
vt 0.610832 0.998053
vt 0.978666 0.440897
vt 0.983714 0.430910
vt 0.983714 0.440897
vt 0.151446 0.993005
vt 0.151446 0.998053
vt 0.011982 0.972433
vt 0.006931 0.982418
vt 0.006934 0.972431
vt 0.978553 0.072952
vt 0.983601 0.062965
vt 0.983601 0.072952
vt 0.105945 0.991175
vt 0.100897 0.982873
vt 0.105945 0.982873
vt 0.997790 0.318393
vt 0.985838 0.288018
vt 0.990887 0.279716
vt 0.990887 0.288018
vt 0.992742 0.384020
vt 0.997790 0.384020
vt 0.985154 0.936059
vt 0.990205 0.927758
vt 0.990202 0.936060
vt 0.992739 0.984694
vt 0.987691 0.976393
vt 0.992739 0.976393
vt 0.051092 0.988300
vt 0.056140 0.978737
vt 0.056140 0.988300
vt 0.580543 0.993005
vt 0.580543 0.998053
vt 0.035948 0.988300
vt 0.040996 0.988300
vt 0.992742 0.389068
vt 0.997790 0.389068
vt 0.847558 0.977556
vt 0.842507 0.987117
vt 0.842510 0.977554
vt 0.318727 0.988243
vt 0.323775 0.978680
vt 0.323775 0.988243
vt 0.792931 0.958909
vt 0.792931 0.970461
vt 0.997790 0.394116
vt 0.406074 0.969973
vt 0.411122 0.958422
vt 0.411122 0.969973
vt 0.156494 0.998053
vt 0.755259 0.332227
vt 0.760311 0.320676
vt 0.760307 0.332228
vt 0.127700 0.976172
vt 0.122651 0.964620
vt 0.127700 0.964621
vt 0.737035 0.993005
vt 0.737035 0.998053
vt 0.173137 0.978913
vt 0.156494 0.993005
vt 0.161542 0.998053
vt 0.978553 0.062967
vt 0.973501 0.074383
vt 0.973505 0.062965
vt 0.333867 0.967260
vt 0.333867 0.978678
vt 0.504682 0.986218
vt 0.509730 0.976231
vt 0.997790 0.399165
vt 0.992742 0.394116
vt 0.980826 0.342288
vt 0.985874 0.332301
vt 0.161542 0.993005
vt 0.166591 0.998053
vt 0.935267 0.980426
vt 0.940318 0.970441
vt 0.940315 0.980428
vt 0.920805 0.986487
vt 0.920805 0.976500
vt 0.983305 0.246874
vt 0.988354 0.237311
vt 0.988354 0.246874
vt 0.742083 0.993005
vt 0.742083 0.998053
vt 0.983337 0.301664
vt 0.988386 0.292101
vt 0.988386 0.301664
vt 0.166591 0.993005
vt 0.171639 0.998053
vt 0.852609 0.977556
vt 0.847558 0.987117
vt 0.847561 0.977554
vt 0.030900 0.988300
vt 0.035948 0.978737
vt 0.035948 0.988299
vt 0.980354 0.564815
vt 0.985402 0.554827
vt 0.985402 0.564815
vt 0.489677 0.993005
vt 0.489677 0.998053
vt 0.602821 0.985600
vt 0.607869 0.985600
vt 0.656265 0.993005
vt 0.656265 0.998053
vt 0.722827 0.981062
vt 0.727878 0.971077
vt 0.727875 0.981064
vt 0.983505 0.000000
vt 0.978457 0.009987
vt 0.831098 0.989908
vt 0.836146 0.980345
vt 0.171639 0.993005
vt 0.176687 0.998053
vt 0.984555 0.875691
vt 0.989603 0.866128
vt 0.989603 0.875691
vt 0.338230 0.993005
vt 0.824896 0.332262
vt 0.829947 0.322700
vt 0.829944 0.332263
vt 0.759985 0.990024
vt 0.765033 0.980462
vt 0.765033 0.990025
vt 0.975588 0.415972
vt 0.975588 0.427524
vt 0.555303 0.993005
vt 0.560351 0.998053
vt 0.555303 0.998053
vt 0.666395 0.963251
vt 0.661347 0.974802
vt 0.661347 0.963251
vt 0.747131 0.993005
vt 0.747131 0.998053
vt 0.956479 0.381142
vt 0.961531 0.369592
vt 0.961528 0.381144
vt 0.333864 0.955709
vt 0.328816 0.967260
vt 0.122651 0.986159
vt 0.127699 0.976172
vt 0.127699 0.986159
vt 0.992742 0.934275
vt 0.997790 0.934275
vt 0.980732 0.838825
vt 0.985780 0.838825
vt 0.176687 0.993005
vt 0.181735 0.998053
vt 0.974037 0.542476
vt 0.979088 0.532491
vt 0.979085 0.542478
vt 0.915757 0.986487
vt 0.384756 0.983410
vt 0.384756 0.991712
vt 0.389805 0.983410
vt 0.389805 0.991712
vt 0.676457 0.993005
vt 0.200686 0.990546
vt 0.205737 0.982246
vt 0.205734 0.990547
vt 0.985780 0.835455
vt 0.984845 0.946247
vt 0.989893 0.936684
vt 0.989893 0.946247
vt 0.992742 0.782828
vt 0.997790 0.782828
vt 0.984466 0.091361
vt 0.989514 0.081798
vt 0.989514 0.091361
vt 0.992742 0.939323
vt 0.997790 0.939323
vt 0.829947 0.332262
vt 0.834998 0.322700
vt 0.834995 0.332263
vt 0.207639 0.990060
vt 0.212687 0.980497
vt 0.212687 0.990060
vt 0.676491 0.963251
vt 0.676491 0.974802
vt 0.560351 0.993005
vt 0.565399 0.998053
vt 0.681540 0.963251
vt 0.681540 0.974802
vt 0.752179 0.993005
vt 0.752179 0.998053
vt 0.957332 0.048841
vt 0.962383 0.037291
vt 0.962380 0.048843
vt 0.967431 0.037290
vt 0.962383 0.048842
vt 0.962383 0.037290
vt 0.181735 0.993005
vt 0.186784 0.998053
vt 0.439172 0.981391
vt 0.424050 0.993005
vt 0.424050 0.998053
vt 0.972543 0.977822
vt 0.977595 0.966406
vt 0.977591 0.977824
vt 0.637136 0.981525
vt 0.642184 0.970107
vt 0.642184 0.981525
vt 0.980202 0.124113
vt 0.985251 0.114126
vt 0.985251 0.124113
vt 0.992742 0.888841
vt 0.997790 0.883793
vt 0.997790 0.888841
vt 0.980203 0.134100
vt 0.985251 0.134100
vt 0.615880 0.993005
vt 0.615880 0.998053
vt 0.976084 0.331776
vt 0.981135 0.321791
vt 0.981132 0.331778
vt 0.983505 0.009987
vt 0.978457 0.019974
vt 0.935267 0.989991
vt 0.940315 0.989991
vt 0.186784 0.993005
vt 0.191832 0.998053
vt 0.984634 0.774971
vt 0.989682 0.765408
vt 0.989682 0.774971
vt 0.191832 0.993005
vt 0.196880 0.998053
vt 0.834998 0.332262
vt 0.840049 0.322700
vt 0.840046 0.332263
vt 0.985251 0.123689
vt 0.990299 0.114126
vt 0.990299 0.123689
vt 0.287898 0.961167
vt 0.992742 0.893889
vt 0.997790 0.893889
vt 0.292946 0.961167
vt 0.757227 0.993005
vt 0.757227 0.998053
vt 0.958187 0.623437
vt 0.963239 0.611887
vt 0.963235 0.623439
vt 0.338912 0.955709
vt 0.333864 0.967260
vt 0.940318 0.989991
vt 0.945366 0.980428
vt 0.945366 0.989991
vt 0.196880 0.993005
vt 0.201928 0.998053
vt 0.984634 0.794811
vt 0.989682 0.785248
vt 0.989682 0.794811
vt 0.201928 0.993005
vt 0.206976 0.998053
vt 0.840049 0.332262
vt 0.845100 0.322700
vt 0.845097 0.332263
vt 0.787895 0.990012
vt 0.792943 0.990012
vt 0.686588 0.963251
vt 0.504821 0.993005
vt 0.504821 0.998053
vt 0.691636 0.963251
vt 0.762275 0.993005
vt 0.762275 0.998053
vt 0.122651 0.964619
vt 0.127703 0.953069
vt 0.127700 0.964620
vt 0.343960 0.955709
vt 0.338912 0.967260
vt 0.587274 0.976163
vt 0.992742 0.540514
vt 0.997790 0.540514
vt 0.980790 0.264798
vt 0.985838 0.254811
vt 0.985838 0.264798
vt 0.992742 0.545562
vt 0.997790 0.545562
vt 0.232425 0.980323
vt 0.237476 0.970337
vt 0.237473 0.980325
vt 0.981506 0.504341
vt 0.986554 0.494354
vt 0.986554 0.504341
vt 0.986270 0.621329
vt 0.991318 0.613027
vt 0.991318 0.621329
vt 0.997790 0.434502
vt 0.986554 0.502656
vt 0.991602 0.494354
vt 0.991602 0.502656
vt 0.585591 0.998053
vt 0.585591 0.993005
vt 0.012636 0.990718
vt 0.017687 0.982418
vt 0.017684 0.990719
vt 0.978553 0.081254
vt 0.232425 0.989888
vt 0.237473 0.989888
vt 0.992742 0.404213
vt 0.997790 0.404213
vt 0.984278 0.684239
vt 0.989326 0.684239
vt 0.992742 0.550611
vt 0.997790 0.550611
vt 0.845100 0.332262
vt 0.850151 0.322700
vt 0.850148 0.332263
vt 0.792946 0.990012
vt 0.797994 0.980449
vt 0.797994 0.990012
vt 0.615110 0.974985
vt 0.620159 0.963433
vt 0.620159 0.974985
vt 0.802660 0.993005
vt 0.807708 0.998053
vt 0.802660 0.998053
vt 0.620159 0.974984
vt 0.625207 0.963433
vt 0.767323 0.993005
vt 0.767323 0.998053
vt 0.960439 0.427524
vt 0.965491 0.415973
vt 0.965488 0.427525
vt 0.438058 0.955865
vt 0.433010 0.967417
vt 0.433010 0.955865
vt 0.454316 0.969973
vt 0.454316 0.981391
vt 0.206976 0.993005
vt 0.212025 0.998053
vt 0.406074 0.981391
vt 0.212025 0.993005
vt 0.217073 0.998053
vt 0.367628 0.977869
vt 0.372679 0.966452
vt 0.372676 0.977870
vt 0.464413 0.981390
vt 0.469461 0.969973
vt 0.469461 0.981391
vt 0.980790 0.274785
vt 0.985838 0.274785
vt 0.807708 0.993005
vt 0.812757 0.998053
vt 0.980790 0.284772
vt 0.985838 0.284772
vt 0.772372 0.993005
vt 0.772372 0.998053
vt 0.012636 0.982414
vt 0.017687 0.972429
vt 0.017684 0.982416
vt 0.983505 0.019974
vt 0.978457 0.029962
vt 0.978457 0.019975
vt 0.945369 0.989991
vt 0.950418 0.980428
vt 0.950418 0.989991
vt 0.217073 0.993005
vt 0.222121 0.998053
vt 0.984466 0.101348
vt 0.989514 0.091785
vt 0.989514 0.101348
vt 0.222121 0.993005
vt 0.227169 0.998053
vt 0.850151 0.332262
vt 0.855202 0.322700
vt 0.855199 0.332263
vt 0.803043 0.980449
vt 0.803043 0.990012
vt 0.979418 0.091785
vt 0.984466 0.081798
vt 0.984466 0.091785
vt 0.992742 0.873696
vt 0.997790 0.873696
vt 0.671443 0.984789
vt 0.676491 0.984789
vt 0.992742 0.878745
vt 0.997790 0.878745
vt 0.932594 0.103093
vt 0.927543 0.113078
vt 0.927546 0.103091
vt 0.981203 0.207214
vt 0.981203 0.197228
vt 0.997791 0.848455
vt 0.992742 0.843407
vt 0.708284 0.979112
vt 0.708284 0.988675
vt 0.873334 0.998053
vt 0.878382 0.993005
vt 0.878382 0.998053
vt 0.880456 0.332262
vt 0.885507 0.322700
vt 0.885505 0.332263
vt 0.656298 0.974802
vt 0.651250 0.984365
vt 0.421218 0.958422
vt 0.242295 0.972719
vt 0.247343 0.961167
vt 0.227169 0.993005
vt 0.232218 0.998053
vt 0.239688 0.749434
vt 0.234637 0.760984
vt 0.234640 0.749432
vt 0.910709 0.964949
vt 0.992742 0.686912
vt 0.612917 0.975613
vt 0.612917 0.985600
vt 0.848093 0.998053
vt 0.853141 0.993005
vt 0.853141 0.998053
vt 0.744837 0.980460
vt 0.749888 0.970475
vt 0.983599 0.724543
vt 0.978551 0.734531
vt 0.978551 0.724544
vt 0.100897 0.991174
vt 0.992742 0.944372
vt 0.997790 0.944372
vt 0.986270 0.611342
vt 0.991318 0.603040
vt 0.991318 0.611342
vt 0.992742 0.949420
vt 0.997790 0.949420
vt 0.990301 0.124115
vt 0.985251 0.132415
vt 0.985253 0.124113
vt 0.992742 0.966404
vt 0.987694 0.974706
vt 0.433010 0.988398
vt 0.438059 0.978835
vt 0.438059 0.988398
vt 0.992742 0.787877
vt 0.997790 0.787877
vt 0.127703 0.988476
vt 0.132751 0.978913
vt 0.132751 0.988476
vt 0.837997 0.993005
vt 0.837997 0.998053
vt 0.885507 0.332262
vt 0.890558 0.322700
vt 0.890556 0.332263
vt 0.137799 0.977482
vt 0.132751 0.987045
vt 0.132751 0.977482
vt 0.439172 0.969973
vt 0.444220 0.958421
vt 0.232218 0.993005
vt 0.237266 0.998053
vt 0.257440 0.961167
vt 0.237266 0.993005
vt 0.242314 0.998053
vt 0.765362 0.320676
vt 0.760311 0.332227
vt 0.760314 0.320675
vt 0.894451 0.977548
vt 0.894451 0.965997
vt 0.974037 0.521071
vt 0.979085 0.509653
vt 0.979085 0.521071
vt 0.997790 0.555659
vt 0.980354 0.566246
vt 0.883430 0.998053
vt 0.888478 0.993005
vt 0.888478 0.998053
vt 0.484527 0.978351
vt 0.489579 0.966934
vt 0.489575 0.978352
vt 0.040996 0.967319
vt 0.035948 0.967319
vt 0.978756 0.392204
vt 0.983804 0.382216
vt 0.992742 0.560707
vt 0.997790 0.560707
vt 0.625207 0.984971
vt 0.630255 0.974984
vt 0.992742 0.565755
vt 0.997790 0.565755
vt 0.950920 0.499429
vt 0.945869 0.509414
vt 0.945872 0.499427
vt 0.986269 0.574596
vt 0.981221 0.584583
vt 0.981221 0.574596
vt 0.173137 0.988476
vt 0.997790 0.596045
vt 0.178185 0.978913
vt 0.178185 0.988476
vt 0.893526 0.993005
vt 0.893526 0.998053
vt 0.890558 0.332262
vt 0.895609 0.322700
vt 0.895607 0.332263
vt 0.367628 0.987433
vt 0.367628 0.977870
vt 0.805687 0.969750
vt 0.810736 0.958198
vt 0.992742 0.792925
vt 0.997790 0.792925
vt 0.973499 0.724543
vt 0.973499 0.736095
vt 0.992742 0.797973
vt 0.997790 0.797973
vt 0.770414 0.320676
vt 0.765362 0.332227
vt 0.765365 0.320675
vt 0.847555 0.966003
vt 0.842507 0.977554
vt 0.842507 0.966003
vt 0.983505 0.009563
vt 0.988553 -0.000000
vt 0.988553 0.009563
vt 0.997790 0.616237
vt 0.992742 0.611189
vt 0.983505 0.019126
vt 0.988553 0.019126
vt 0.898574 0.993005
vt 0.898574 0.998053
vt 0.895609 0.332262
vt 0.900660 0.322700
vt 0.900658 0.332263
vt 0.982579 0.046853
vt 0.982579 0.037290
vt 0.815784 0.958198
vt 0.242314 0.993005
vt 0.247362 0.998053
vt 0.646202 0.974802
vt 0.651250 0.963251
vt 0.247362 0.993005
vt 0.252410 0.998053
vt 0.775465 0.320676
vt 0.770414 0.332227
vt 0.770417 0.320675
vt 0.847555 0.977554
vt 0.980203 0.144087
vt 0.985251 0.144087
vt 0.997790 0.570803
vt 0.980203 0.154075
vt 0.985251 0.144088
vt 0.985251 0.154075
vt 0.620928 0.993005
vt 0.620928 0.998053
vt 0.754925 0.980460
vt 0.759976 0.970475
vt 0.759973 0.980462
vt 0.983599 0.734531
vt 0.978551 0.744518
vt 0.986252 0.185555
vt 0.991300 0.177254
vt 0.991300 0.185555
vt 0.992742 0.409261
vt 0.997790 0.409261
vt 0.986183 0.330091
vt 0.991231 0.321789
vt 0.991231 0.330091
vt 0.992742 0.414309
vt 0.997790 0.414309
vt 0.990301 0.134102
vt 0.985251 0.142402
vt 0.985253 0.134100
vt 0.351674 0.984703
vt 0.346626 0.993005
vt 0.346626 0.984703
vt 0.983337 0.311651
vt 0.988386 0.302088
vt 0.988386 0.311651
vt 0.590639 0.993005
vt 0.590639 0.998053
vt 0.900660 0.332262
vt 0.905711 0.322700
vt 0.905709 0.332263
vt 0.525533 0.987913
vt 0.525533 0.978351
vt 0.966583 0.381142
vt 0.971631 0.369590
vt 0.971631 0.381142
vt 0.252410 0.993005
vt 0.257459 0.998053
vt 0.797979 0.958909
vt 0.797979 0.970461
vt 0.257459 0.993005
vt 0.262507 0.998053
vt 0.780517 0.320676
vt 0.775465 0.332227
vt 0.775468 0.320675
vt 0.612917 0.964061
vt 0.974037 0.532489
vt 0.979085 0.532489
vt 0.267555 0.993005
vt 0.267555 0.998053
vt 0.974748 0.948102
vt 0.979796 0.936684
vt 0.979796 0.948102
vt 0.777420 0.993005
vt 0.777420 0.998053
vt 0.489579 0.978351
vt 0.494630 0.966934
vt 0.494627 0.978352
vt 0.051092 0.967318
vt 0.046044 0.967319
vt 0.656298 0.984789
vt 0.661347 0.984789
vt 0.272603 0.998053
vt 0.979586 0.774971
vt 0.984634 0.764983
vt 0.272603 0.993005
vt 0.277652 0.998053
vt 0.955971 0.499429
vt 0.950920 0.509414
vt 0.950923 0.499427
vt 0.986270 0.603040
vt 0.981221 0.613027
vt 0.981221 0.603040
vt 0.983505 0.029537
vt 0.988553 0.019974
vt 0.988553 0.029537
vt 0.997790 0.803021
vt 0.992742 0.803021
vt 0.395662 0.988580
vt 0.400710 0.979017
vt 0.400710 0.988580
vt 0.782468 0.993005
vt 0.782468 0.998053
vt 0.925107 0.331930
vt 0.930158 0.322368
vt 0.930156 0.331931
vt 0.982643 0.985956
vt 0.982643 0.976393
vt 0.979418 0.101772
vt 0.992742 0.575852
vt 0.997790 0.570804
vt 0.997790 0.575852
vt 0.666395 0.984789
vt 0.525014 0.993005
vt 0.017687 0.982415
vt 0.022738 0.972429
vt 0.022736 0.982416
vt 0.272584 0.972719
vt 0.267536 0.982706
vt 0.975778 0.366555
vt 0.980826 0.355137
vt 0.980826 0.366555
vt 0.479580 0.998053
vt 0.479580 0.993005
vt 0.127703 0.978913
vt 0.132751 0.967495
vt 0.997790 0.984757
vt 0.992742 0.979709
vt 0.997790 0.979709
vt 0.973499 0.735961
vt 0.978551 0.724545
vt 0.978547 0.735963
vt 0.343963 0.967260
vt 0.338915 0.967261
vt 0.215499 0.986063
vt 0.220547 0.976076
vt 0.220547 0.986063
vt 0.992742 0.616237
vt 0.681539 0.974802
vt 0.681539 0.984789
vt 0.992742 0.661671
vt 0.997790 0.661671
vt 0.976084 0.321791
vt 0.971033 0.331776
vt 0.971036 0.321789
vt 0.986270 0.614458
vt 0.981222 0.624445
vt 0.983805 0.411754
vt 0.988853 0.402191
vt 0.988853 0.411754
vt 0.545206 0.993005
vt 0.550254 0.998053
vt 0.545206 0.998053
vt 0.713332 0.979112
vt 0.429098 0.998053
vt 0.434146 0.993005
vt 0.852609 0.987117
vt 0.857660 0.977556
vt 0.857657 0.987119
vt 0.343963 0.978679
vt 0.338915 0.988242
vt 0.630255 0.963433
vt 0.997790 0.808069
vt 0.803027 0.958909
vt 0.803027 0.970461
vt 0.997790 0.813118
vt 0.992742 0.808069
vt 0.951428 0.369592
vt 0.946376 0.381142
vt 0.946380 0.369590
vt 0.983714 0.440473
vt 0.988763 0.430910
vt 0.988763 0.440473
vt 0.983714 0.450460
vt 0.988762 0.440897
vt 0.988762 0.450460
vt 0.997790 0.974661
vt 0.992742 0.969613
vt 0.496951 0.987156
vt 0.502002 0.977595
vt 0.501999 0.987158
vt 0.313672 0.978680
vt 0.308624 0.988243
vt 0.308624 0.978680
vt 0.635303 0.963433
vt 0.997790 0.818166
vt 0.992742 0.813118
vt 0.729684 0.970474
vt 0.734732 0.958922
vt 0.997790 0.823214
vt 0.992742 0.818166
vt 0.949818 0.677146
vt 0.944766 0.688697
vt 0.944770 0.677145
vt 0.977527 0.037290
vt 0.972479 0.048841
vt 0.979586 0.754996
vt 0.984634 0.745009
vt 0.984634 0.754996
vt 0.282700 0.993005
vt 0.282700 0.998053
vt 0.979586 0.764983
vt 0.992742 0.974661
vt 0.759976 0.980460
vt 0.765027 0.970475
vt 0.765024 0.980462
vt 0.983337 0.292101
vt 0.984466 0.111335
vt 0.989514 0.101772
vt 0.989514 0.111335
vt 0.000000 0.998053
vt 0.005048 0.993005
vt 0.005048 0.998053
vt 0.984278 0.693802
vt 0.989326 0.693802
vt 0.203182 0.752879
vt 0.198131 0.762440
vt 0.198134 0.752877
vt 0.772745 0.990012
vt 0.772745 0.980449
vt 0.985838 0.271414
vt 0.990887 0.271414
vt 0.997790 0.989805
vt 0.992742 0.984757
vt 0.985838 0.279716
vt 0.992742 0.666719
vt 0.997790 0.666719
vt 0.990301 0.162379
vt 0.985251 0.170679
vt 0.985253 0.162378
vt 0.022738 0.990718
vt 0.027786 0.982416
vt 0.027786 0.990718
vt 0.567082 0.986150
vt 0.572130 0.976163
vt 0.572130 0.986150
vt 0.992742 0.828262
vt 0.997790 0.828262
vt 0.577178 0.976163
vt 0.035337 0.998053
vt 0.945369 0.970441
vt 0.940318 0.980426
vt 0.940321 0.970439
vt 0.977595 0.986379
vt 0.977595 0.976393
vt 0.137799 0.955943
vt 0.030289 0.993005
vt 0.030289 0.998053
vt 0.820832 0.958198
vt 0.287748 0.993005
vt 0.287748 0.998053
vt 0.954870 0.677146
vt 0.949818 0.688697
vt 0.949821 0.677145
vt 0.539349 0.966933
vt 0.544397 0.955381
vt 0.544397 0.966933
vt 0.984555 0.855717
vt 0.989603 0.846154
vt 0.989603 0.855717
vt 0.292796 0.998053
vt 0.989453 0.694738
vt 0.010096 0.993005
vt 0.010096 0.998053
vt 0.208233 0.752879
vt 0.203182 0.762440
vt 0.203185 0.752877
vt 0.787892 0.980449
vt 0.782844 0.990012
vt 0.782844 0.980449
vt 0.979005 0.927757
vt 0.984053 0.917770
vt 0.984053 0.927757
vt 0.035337 0.993005
vt 0.978666 0.450884
vt 0.297844 0.993005
vt 0.297844 0.998053
vt 0.772741 0.970462
vt 0.767690 0.980448
vt 0.767693 0.970461
vt 0.302893 0.993005
vt 0.302893 0.998053
vt 0.976173 0.586014
vt 0.015145 0.993005
vt 0.882896 0.966004
vt 0.877844 0.977421
vt 0.877848 0.966003
vt 0.431315 0.969974
vt 0.426267 0.981391
vt 0.426267 0.969973
vt 0.433010 0.978835
vt 0.438059 0.967417
vt 0.992742 0.954468
vt 0.975778 0.343719
vt 0.980826 0.332301
vt 0.980826 0.343719
vt 0.858190 0.993005
vt 0.539349 0.978351
vt 0.544401 0.966934
vt 0.544398 0.978352
vt 0.061188 0.967318
vt 0.056140 0.967319
vt 0.983714 0.479997
vt 0.988762 0.479997
vt 0.983805 0.391779
vt 0.988853 0.382216
vt 0.988853 0.391779
vt 0.873334 0.993005
vt 0.857660 0.987117
vt 0.862711 0.977556
vt 0.862708 0.987119
vt 0.554500 0.978352
vt 0.549452 0.987915
vt 0.549452 0.978352
vt 0.137799 0.978913
vt 0.992742 0.434502
vt 0.817805 0.998053
vt 0.822853 0.993005
vt 0.822853 0.998053
vt 0.313675 0.978678
vt 0.318727 0.967262
vt 0.318724 0.978680
vt 0.056140 0.967318
vt 0.051092 0.978737
vt 0.051092 0.967319
vt 0.405758 0.979017
vt 0.405758 0.988580
vt 0.983805 0.401342
vt 0.988853 0.401342
vt 0.843045 0.993005
vt 0.843045 0.998053
vt 0.978289 0.321638
vt 0.983340 0.312077
vt 0.983338 0.321639
vt 0.484527 0.987915
vt 0.484527 0.978352
vt 0.979586 0.795236
vt 0.984634 0.795236
vt 0.615110 0.984972
vt 0.739786 0.980460
vt 0.744837 0.970475
vt 0.282850 0.982706
vt 0.983601 0.061109
vt 0.988649 0.051546
vt 0.988649 0.061109
vt 0.983601 0.071096
vt 0.988649 0.061533
vt 0.988649 0.071096
vt 0.848093 0.993005
vt 0.877844 0.986985
vt 0.882895 0.977424
vt 0.882892 0.986987
vt 0.318723 0.978680
vt 0.313675 0.988243
vt 0.313675 0.978680
vt 0.975587 0.427390
vt 0.980636 0.415972
vt 0.980636 0.427390
vt 0.997791 0.858552
vt 0.997791 0.853503
vt 0.661313 0.993005
vt 0.559541 0.978351
vt 0.564593 0.966934
vt 0.564590 0.978352
vt 0.071284 0.967318
vt 0.983601 0.080659
vt 0.988649 0.080659
vt 0.997791 0.863600
vt 0.992742 0.858552
vt 0.983599 0.734106
vt 0.988647 0.724543
vt 0.988647 0.734106
vt 0.787516 0.993005
vt 0.787516 0.998053
vt 0.980354 0.574377
vt 0.985405 0.564816
vt 0.985402 0.574379
vt 0.972543 0.987387
vt 0.972543 0.977824
vt 0.454317 0.958421
vt 0.992742 0.833311
vt 0.997790 0.833311
vt 0.656298 0.963250
vt 0.930453 0.796587
vt 0.925401 0.808138
vt 0.925404 0.796586
vt 0.976679 0.369591
vt 0.464413 0.958421
vt 0.307941 0.993005
vt 0.307941 0.998053
vt 0.277802 0.961167
vt 0.312989 0.998053
vt 0.941325 0.369592
vt 0.936273 0.381142
vt 0.936277 0.369590
vt 0.862700 0.977554
vt 0.980203 0.164062
vt 0.985251 0.164062
vt 0.992742 0.898937
vt 0.997790 0.898937
vt 0.980203 0.174049
vt 0.985251 0.174049
vt 0.625976 0.993005
vt 0.625976 0.998053
vt 0.977595 0.976391
vt 0.982646 0.966406
vt 0.132751 0.977483
vt 0.656299 0.974802
vt 0.992742 0.903985
vt 0.282850 0.961167
vt 0.631024 0.993005
vt 0.631024 0.998053
vt 0.961531 0.381142
vt 0.966583 0.369592
vt 0.966579 0.381144
vt 0.530581 0.955379
vt 0.525533 0.966931
vt 0.389804 0.991712
vt 0.394853 0.983410
vt 0.394853 0.991712
vt 0.812757 0.993005
vt 0.986775 0.377892
vt 0.991824 0.369590
vt 0.991824 0.377892
vt 0.792564 0.993005
vt 0.792564 0.998053
vt 0.017687 0.990718
vt 0.022738 0.982417
vt 0.022736 0.990719
vt 0.990828 0.835455
vt 0.985780 0.843756
vt 0.767690 0.970461
vt 0.772739 0.958909
vt 0.997790 0.838359
vt 0.459365 0.958421
vt 0.636073 0.993005
vt 0.953576 0.805403
vt 0.958627 0.793852
vt 0.958624 0.805404
vt 0.308624 0.967260
vt 0.308624 0.955709
vt 0.287898 0.991008
vt 0.992742 0.580900
vt 0.085752 0.991174
vt 0.090800 0.982873
vt 0.590640 0.998053
vt 0.595688 0.993005
vt 0.180483 0.990546
vt 0.185534 0.982245
vt 0.185532 0.990547
vt 0.006928 0.982420
vt 0.001880 0.990721
vt 0.001880 0.982420
vt 0.338915 0.967260
vt 0.338915 0.978678
vt 0.313675 0.967262
vt 0.308624 0.978678
vt 0.308627 0.967261
vt 0.312989 0.993005
vt 0.318037 0.998053
vt 0.974748 0.959520
vt 0.979796 0.959520
vt 0.797612 0.993005
vt 0.797612 0.998053
vt 0.975778 0.355137
vt 0.469461 0.958421
vt 0.637136 0.970107
vt 0.642184 0.958555
vt 0.570447 0.993005
vt 0.954869 0.688697
vt 0.959921 0.677146
vt 0.959918 0.688698
vt 0.549445 0.955381
vt 0.986269 0.582898
vt 0.991318 0.574596
vt 0.991318 0.582898
vt 0.318037 0.993005
vt 0.323085 0.998053
vt 0.272754 0.991008
vt 0.190585 0.990546
vt 0.195635 0.982246
vt 0.195633 0.990547
vt 0.984844 0.958089
vt 0.979796 0.966391
vt 0.979796 0.958089
vt 0.484628 0.993005
vt 0.484628 0.998053
vt 0.827901 0.993005
vt 0.549452 0.978351
vt 0.554504 0.966934
vt 0.554501 0.978352
vt 0.030900 0.978737
vt 0.030900 0.967319
vt 0.983599 0.744094
vt 0.988647 0.734531
vt 0.988647 0.744094
vt 0.046044 0.988300
vt 0.903622 0.993005
vt 0.903622 0.998053
vt 0.875405 0.332262
vt 0.880456 0.322700
vt 0.880454 0.332263
vt 0.489579 0.987915
vt 0.489579 0.978352
vt 0.323085 0.993005
vt 0.979586 0.805223
vt 0.984634 0.795235
vt 0.984634 0.805223
vt 0.883430 0.993005
vt 0.797979 0.980448
vt 0.803030 0.970462
vt 0.803027 0.980449
vt 0.272754 0.982707
vt 0.272754 0.972720
vt 0.946328 0.936684
vt 0.967492 0.970439
vt 0.946328 0.970439
vt 0.241339 0.473141
vt 0.240630 0.439385
vt 0.241339 0.439385
vt 0.577397 0.511487
vt 0.578101 0.532650
vt 0.577391 0.532650
vt 0.430124 0.921779
vt 0.433010 0.958422
vt 0.430124 0.955535
vt 0.408960 0.921779
vt 0.406074 0.958422
vt 0.406074 0.918893
vt 0.408960 0.955535
vt 0.592523 0.572845
vt 0.591813 0.551683
vt 0.592523 0.551683
vt 0.241580 0.439386
vt 0.242290 0.473143
vt 0.241580 0.473143
vt 0.954772 0.996532
vt 0.954368 0.993748
vt 0.954773 0.993005
vt 0.969269 0.294210
vt 0.970289 0.292451
vt 0.968249 0.292451
vt 0.969269 0.293671
vt 0.921881 0.997224
vt 0.921478 0.993962
vt 0.921881 0.993005
vt 0.970685 0.295365
vt 0.971033 0.296320
vt 0.970685 0.293061
vt 0.969722 0.294213
vt 0.967505 0.296320
vt 0.965742 0.297891
vt 0.967052 0.296323
vt 0.963978 0.296320
vt 0.965742 0.298430
vt 0.965742 0.294755
vt 0.964431 0.296323
vt 0.965742 0.294210
vt 0.969269 0.297891
vt 0.970580 0.296323
vt 0.969269 0.298430
vt 0.969269 0.294755
vt 0.967958 0.296323
vt 0.922283 0.997224
vt 0.921881 0.993962
vt 0.922283 0.993005
vt 0.969269 0.319527
vt 0.970685 0.320682
vt 0.971033 0.321637
vt 0.970685 0.318378
vt 0.969722 0.319530
vt 0.967505 0.321637
vt 0.965742 0.323208
vt 0.967052 0.321640
vt 0.963978 0.321637
vt 0.965742 0.323747
vt 0.965742 0.320072
vt 0.964431 0.321640
vt 0.965742 0.319527
vt 0.969269 0.323208
vt 0.970580 0.321640
vt 0.969269 0.323747
vt 0.969269 0.320072
vt 0.967958 0.321640
vt 0.922686 0.993005
vt 0.922283 0.996267
vt 0.922283 0.993962
vt 0.969269 0.311088
vt 0.970685 0.312243
vt 0.971033 0.313198
vt 0.970685 0.309939
vt 0.969722 0.311091
vt 0.967505 0.313198
vt 0.965742 0.314769
vt 0.967052 0.313201
vt 0.963978 0.313198
vt 0.965742 0.315308
vt 0.965742 0.311633
vt 0.964431 0.313201
vt 0.965742 0.311088
vt 0.969269 0.314769
vt 0.970580 0.313201
vt 0.969269 0.315308
vt 0.969269 0.311633
vt 0.967958 0.313201
vt 0.923088 0.997224
vt 0.922686 0.993962
vt 0.923088 0.993005
vt 0.969269 0.302649
vt 0.970685 0.303804
vt 0.971033 0.304759
vt 0.970685 0.301500
vt 0.969722 0.302652
vt 0.967505 0.304759
vt 0.965742 0.306330
vt 0.967052 0.304762
vt 0.963978 0.304759
vt 0.965742 0.306869
vt 0.965742 0.303194
vt 0.964431 0.304762
vt 0.965742 0.302649
vt 0.969269 0.306330
vt 0.970580 0.304762
vt 0.969269 0.306869
vt 0.969269 0.303194
vt 0.967958 0.304762
vt 0.953396 0.304759
vt 0.951633 0.306330
vt 0.952944 0.304762
vt 0.949869 0.304759
vt 0.951633 0.306869
vt 0.951633 0.303194
vt 0.950322 0.304762
vt 0.951633 0.302649
vt 0.956924 0.304759
vt 0.955160 0.306330
vt 0.956471 0.304762
vt 0.955160 0.306869
vt 0.955160 0.303194
vt 0.953849 0.304762
vt 0.955160 0.302649
vt 0.960451 0.304759
vt 0.958687 0.306330
vt 0.959998 0.304762
vt 0.958687 0.306869
vt 0.958687 0.303194
vt 0.957377 0.304762
vt 0.958687 0.302649
vt 0.962215 0.306330
vt 0.963525 0.304762
vt 0.962215 0.306869
vt 0.962215 0.303194
vt 0.960904 0.304762
vt 0.962215 0.302649
vt 0.953396 0.313198
vt 0.951633 0.314769
vt 0.952944 0.313201
vt 0.949869 0.313198
vt 0.951633 0.315308
vt 0.951633 0.311633
vt 0.950322 0.313201
vt 0.951633 0.311088
vt 0.956924 0.313198
vt 0.955160 0.314769
vt 0.956471 0.313201
vt 0.955160 0.315308
vt 0.955160 0.311633
vt 0.953849 0.313201
vt 0.955160 0.311088
vt 0.960451 0.313198
vt 0.958687 0.314769
vt 0.959998 0.313201
vt 0.958687 0.315308
vt 0.958687 0.311633
vt 0.957377 0.313201
vt 0.958687 0.311088
vt 0.962215 0.314769
vt 0.963525 0.313201
vt 0.962215 0.315308
vt 0.962215 0.311633
vt 0.960904 0.313201
vt 0.962215 0.311088
vt 0.953396 0.321637
vt 0.951633 0.323208
vt 0.952944 0.321640
vt 0.949869 0.321637
vt 0.951633 0.323747
vt 0.951633 0.320072
vt 0.950322 0.321640
vt 0.951633 0.319527
vt 0.956924 0.321637
vt 0.955160 0.323208
vt 0.956471 0.321640
vt 0.955160 0.323747
vt 0.955160 0.320072
vt 0.953849 0.321640
vt 0.955160 0.319527
vt 0.960451 0.321637
vt 0.958687 0.323208
vt 0.959998 0.321640
vt 0.958687 0.323747
vt 0.958687 0.320072
vt 0.957377 0.321640
vt 0.958687 0.319527
vt 0.962215 0.323208
vt 0.963525 0.321640
vt 0.962215 0.323747
vt 0.962215 0.320072
vt 0.960904 0.321640
vt 0.962215 0.319527
vt 0.953961 0.996532
vt 0.953558 0.993748
vt 0.953962 0.993005
vt 0.955160 0.294210
vt 0.956180 0.292451
vt 0.956924 0.292101
vt 0.954140 0.292451
vt 0.955160 0.293671
vt 0.953396 0.296320
vt 0.951633 0.297891
vt 0.952944 0.296323
vt 0.949869 0.296320
vt 0.951633 0.298430
vt 0.951633 0.294755
vt 0.950322 0.296323
vt 0.951633 0.294210
vt 0.956924 0.296320
vt 0.955160 0.297891
vt 0.956471 0.296323
vt 0.955160 0.298430
vt 0.955160 0.294755
vt 0.953849 0.296323
vt 0.954367 0.996532
vt 0.953963 0.993748
vt 0.954368 0.993005
vt 0.962215 0.294210
vt 0.963235 0.292451
vt 0.963978 0.292101
vt 0.961194 0.292451
vt 0.962215 0.293671
vt 0.960451 0.296320
vt 0.958687 0.297891
vt 0.959998 0.296323
vt 0.958687 0.298430
vt 0.958687 0.294755
vt 0.957377 0.296323
vt 0.958687 0.294210
vt 0.960451 0.295781
vt 0.960451 0.292645
vt 0.959140 0.294213
vt 0.960451 0.292101
vt 0.961762 0.294213
vt 0.956924 0.308439
vt 0.956924 0.308978
vt 0.956924 0.305304
vt 0.955613 0.306872
vt 0.958234 0.306872
vt 0.962215 0.298430
vt 0.963978 0.300001
vt 0.963978 0.300540
vt 0.963978 0.296865
vt 0.962668 0.298433
vt 0.965289 0.298433
vt 0.956924 0.304220
vt 0.956924 0.301084
vt 0.955613 0.302652
vt 0.956924 0.300540
vt 0.958234 0.302652
vt 0.963978 0.295781
vt 0.963978 0.292645
vt 0.962668 0.294213
vt 0.965289 0.294213
vt 0.946262 0.993005
vt 0.945856 0.995788
vt 0.945857 0.993748
vt 0.959707 0.292451
vt 0.957667 0.292451
vt 0.958687 0.293671
vt 0.960451 0.300001
vt 0.960451 0.300540
vt 0.960451 0.296865
vt 0.959140 0.298433
vt 0.961762 0.298433
vt 0.953396 0.295781
vt 0.953396 0.292645
vt 0.952086 0.294213
vt 0.953396 0.292101
vt 0.954707 0.294213
vt 0.962215 0.302110
vt 0.963525 0.300542
vt 0.962215 0.298975
vt 0.960904 0.300542
vt 0.923491 0.996267
vt 0.950217 0.297281
vt 0.950217 0.299585
vt 0.951180 0.298433
vt 0.958687 0.302110
vt 0.959998 0.300542
vt 0.958687 0.298975
vt 0.957377 0.300542
vt 0.923491 0.993005
vt 0.923893 0.996267
vt 0.923491 0.997224
vt 0.950217 0.293061
vt 0.950217 0.295365
vt 0.951180 0.294213
vt 0.947477 0.993005
vt 0.947072 0.995788
vt 0.947073 0.993748
vt 0.952653 0.292451
vt 0.950613 0.292451
vt 0.951633 0.293671
vt 0.953396 0.300001
vt 0.953396 0.300540
vt 0.953396 0.296865
vt 0.952086 0.298433
vt 0.954707 0.298433
vt 0.960451 0.321098
vt 0.960451 0.317962
vt 0.959140 0.319530
vt 0.960451 0.317417
vt 0.961762 0.319530
vt 0.967698 0.996532
vt 0.968102 0.993745
vt 0.968102 0.995785
vt 0.961194 0.325512
vt 0.960451 0.325856
vt 0.963235 0.325512
vt 0.962215 0.324291
vt 0.963978 0.325317
vt 0.963978 0.325856
vt 0.963978 0.322182
vt 0.962668 0.323749
vt 0.965289 0.323749
vt 0.963257 0.993005
vt 0.963661 0.995785
vt 0.963257 0.996532
vt 0.957667 0.325512
vt 0.956924 0.325856
vt 0.959707 0.325512
vt 0.958687 0.324291
vt 0.963978 0.321098
vt 0.963978 0.317962
vt 0.962668 0.319530
vt 0.963978 0.317417
vt 0.965289 0.319530
vt 0.960451 0.325317
vt 0.960451 0.322182
vt 0.959140 0.323749
vt 0.961762 0.323749
vt 0.953396 0.321098
vt 0.953396 0.317962
vt 0.952086 0.319530
vt 0.953396 0.317417
vt 0.954707 0.319530
vt 0.966487 0.996532
vt 0.966891 0.993745
vt 0.966891 0.995785
vt 0.954140 0.325512
vt 0.953396 0.325856
vt 0.956180 0.325512
vt 0.955160 0.324291
vt 0.923893 0.997224
vt 0.924296 0.993962
vt 0.924296 0.996267
vt 0.950217 0.322597
vt 0.950217 0.324901
vt 0.951180 0.323749
vt 0.962449 0.993005
vt 0.962853 0.995785
vt 0.962449 0.996532
vt 0.950613 0.325512
vt 0.949869 0.325856
vt 0.952653 0.325512
vt 0.951633 0.324291
vt 0.924296 0.997224
vt 0.924698 0.993962
vt 0.924698 0.996267
vt 0.950217 0.318378
vt 0.949869 0.317417
vt 0.950217 0.320682
vt 0.951180 0.319530
vt 0.953396 0.325317
vt 0.953396 0.322182
vt 0.952086 0.323749
vt 0.954707 0.323749
vt 0.960451 0.312659
vt 0.960451 0.309523
vt 0.959140 0.311091
vt 0.960451 0.308978
vt 0.961762 0.311091
vt 0.955160 0.310549
vt 0.956471 0.308981
vt 0.953396 0.308978
vt 0.955160 0.307413
vt 0.953849 0.308981
vt 0.963978 0.316878
vt 0.963978 0.313743
vt 0.962668 0.315311
vt 0.965289 0.315311
vt 0.951633 0.310549
vt 0.952944 0.308981
vt 0.949869 0.308978
vt 0.951633 0.307413
vt 0.950322 0.308981
vt 0.963978 0.312659
vt 0.963978 0.309523
vt 0.962668 0.311091
vt 0.963978 0.308978
vt 0.965289 0.311091
vt 0.960451 0.316878
vt 0.960451 0.313743
vt 0.959140 0.315311
vt 0.961762 0.315311
vt 0.953396 0.312659
vt 0.953396 0.309523
vt 0.952086 0.311091
vt 0.954707 0.311091
vt 0.962215 0.318988
vt 0.963525 0.317420
vt 0.962215 0.315852
vt 0.960904 0.317420
vt 0.924698 0.993005
vt 0.925101 0.996267
vt 0.924698 0.997224
vt 0.950217 0.314158
vt 0.950217 0.316463
vt 0.951180 0.315311
vt 0.958687 0.318988
vt 0.959998 0.317420
vt 0.956924 0.317417
vt 0.958687 0.315852
vt 0.957377 0.317420
vt 0.925101 0.993005
vt 0.925503 0.996267
vt 0.925101 0.997224
vt 0.950217 0.309939
vt 0.950217 0.312243
vt 0.951180 0.311091
vt 0.953396 0.316878
vt 0.953396 0.313743
vt 0.952086 0.315311
vt 0.954707 0.315311
vt 0.960451 0.304220
vt 0.960451 0.301084
vt 0.959140 0.302652
vt 0.961762 0.302652
vt 0.955160 0.302110
vt 0.956471 0.300542
vt 0.955160 0.298975
vt 0.953849 0.300542
vt 0.963978 0.308439
vt 0.963978 0.305304
vt 0.962668 0.306872
vt 0.965289 0.306872
vt 0.951633 0.302110
vt 0.952944 0.300542
vt 0.949869 0.300540
vt 0.951633 0.298975
vt 0.950322 0.300542
vt 0.963978 0.304220
vt 0.963978 0.301084
vt 0.962668 0.302652
vt 0.965289 0.302652
vt 0.960451 0.308439
vt 0.960451 0.305304
vt 0.959140 0.306872
vt 0.961762 0.306872
vt 0.953396 0.304220
vt 0.953396 0.301084
vt 0.952086 0.302652
vt 0.954707 0.302652
vt 0.962215 0.310549
vt 0.963525 0.308981
vt 0.962215 0.307413
vt 0.960904 0.308981
vt 0.925503 0.993005
vt 0.925906 0.996267
vt 0.925503 0.997224
vt 0.950217 0.305720
vt 0.950217 0.308024
vt 0.951180 0.306872
vt 0.958687 0.310549
vt 0.959998 0.308981
vt 0.958687 0.307413
vt 0.957377 0.308981
vt 0.925906 0.993005
vt 0.926308 0.996267
vt 0.925906 0.997224
vt 0.950217 0.301500
vt 0.950217 0.303804
vt 0.951180 0.302652
vt 0.953396 0.308439
vt 0.953396 0.305304
vt 0.952086 0.306872
vt 0.954707 0.306872
vt 0.967505 0.304220
vt 0.967505 0.301084
vt 0.966195 0.302652
vt 0.967505 0.300540
vt 0.968816 0.302652
vt 0.926710 0.993005
vt 0.926308 0.993962
vt 0.970685 0.308024
vt 0.971033 0.308978
vt 0.970685 0.305720
vt 0.969722 0.306872
vt 0.971033 0.300540
vt 0.969269 0.302110
vt 0.970580 0.300542
vt 0.969269 0.298975
vt 0.967958 0.300542
vt 0.956924 0.316878
vt 0.956924 0.313743
vt 0.955613 0.315311
vt 0.958234 0.315311
vt 0.965742 0.302110
vt 0.967052 0.300542
vt 0.965742 0.298975
vt 0.964431 0.300542
vt 0.956924 0.312659
vt 0.956924 0.309523
vt 0.955613 0.311091
vt 0.958234 0.311091
vt 0.967505 0.308439
vt 0.967505 0.308978
vt 0.967505 0.305304
vt 0.966195 0.306872
vt 0.968816 0.306872
vt 0.967505 0.312659
vt 0.967505 0.309523
vt 0.966195 0.311091
vt 0.968816 0.311091
vt 0.927113 0.997224
vt 0.926710 0.993962
vt 0.927113 0.993005
vt 0.970685 0.316463
vt 0.971033 0.317417
vt 0.970685 0.314158
vt 0.969722 0.315311
vt 0.969269 0.310549
vt 0.970580 0.308981
vt 0.969269 0.307413
vt 0.967958 0.308981
vt 0.956924 0.325317
vt 0.956924 0.322182
vt 0.955613 0.323749
vt 0.958234 0.323749
vt 0.965742 0.310549
vt 0.967052 0.308981
vt 0.965742 0.307413
vt 0.964431 0.308981
vt 0.956924 0.321098
vt 0.956924 0.317962
vt 0.955613 0.319530
vt 0.958234 0.319530
vt 0.967505 0.316878
vt 0.967505 0.317417
vt 0.967505 0.313743
vt 0.966195 0.315311
vt 0.968816 0.315311
vt 0.967505 0.321098
vt 0.967505 0.317962
vt 0.966195 0.319530
vt 0.968816 0.319530
vt 0.927515 0.997224
vt 0.927113 0.993962
vt 0.927515 0.993005
vt 0.970685 0.324901
vt 0.971033 0.325856
vt 0.970685 0.322597
vt 0.969722 0.323749
vt 0.965275 0.993005
vt 0.965679 0.995785
vt 0.965275 0.996532
vt 0.968249 0.325512
vt 0.967505 0.325856
vt 0.970289 0.325512
vt 0.969269 0.324291
vt 0.956924 0.300001
vt 0.956924 0.296865
vt 0.955613 0.298433
vt 0.958234 0.298433
vt 0.960431 0.993005
vt 0.960834 0.995785
vt 0.960431 0.996532
vt 0.964722 0.325512
vt 0.966762 0.325512
vt 0.965742 0.324291
vt 0.956924 0.295781
vt 0.956924 0.292645
vt 0.955613 0.294213
vt 0.958234 0.294213
vt 0.967505 0.325317
vt 0.967505 0.322182
vt 0.966195 0.323749
vt 0.968816 0.323749
vt 0.967505 0.295781
vt 0.967505 0.292645
vt 0.966195 0.294213
vt 0.967505 0.292101
vt 0.968816 0.294213
vt 0.927918 0.993005
vt 0.927515 0.996267
vt 0.927515 0.993962
vt 0.970685 0.299585
vt 0.970685 0.297281
vt 0.969722 0.298433
vt 0.955160 0.318988
vt 0.956471 0.317420
vt 0.955160 0.315852
vt 0.953849 0.317420
vt 0.965742 0.318988
vt 0.967052 0.317420
vt 0.965742 0.315852
vt 0.964431 0.317420
vt 0.951633 0.318988
vt 0.952944 0.317420
vt 0.951633 0.315852
vt 0.950322 0.317420
vt 0.962215 0.297891
vt 0.963525 0.296323
vt 0.962215 0.294755
vt 0.960904 0.296323
vt 0.946666 0.996532
vt 0.946262 0.993748
vt 0.946667 0.993005
vt 0.966762 0.292451
vt 0.964722 0.292451
vt 0.965742 0.293671
vt 0.967505 0.300001
vt 0.967505 0.296865
vt 0.966195 0.298433
vt 0.968816 0.298433
vt 0.969269 0.318988
vt 0.970580 0.317420
vt 0.969269 0.315852
vt 0.967958 0.317420
vt 0.637136 0.963433
vt 0.615110 0.963433
vt 0.241339 0.371331
vt 0.240601 0.336199
vt 0.241339 0.336199
vt 0.577391 0.425632
vt 0.578136 0.403607
vt 0.578130 0.425632
vt 0.371656 0.916762
vt 0.374660 0.954898
vt 0.371656 0.951893
vt 0.349630 0.916762
vt 0.346626 0.954898
vt 0.349630 0.951893
vt 0.374660 0.913758
vt 0.578129 0.447657
vt 0.577391 0.447657
vt 0.241557 0.336199
vt 0.242295 0.371330
vt 0.241557 0.371330
vt 0.944220 0.996675
vt 0.943802 0.993780
vt 0.944221 0.993005
vt 0.612915 0.931125
vt 0.613976 0.929291
vt 0.614750 0.928930
vt 0.611853 0.929291
vt 0.612915 0.930561
vt 0.904879 0.997396
vt 0.904460 0.993999
vt 0.904879 0.993005
vt 0.614388 0.932324
vt 0.614750 0.933321
vt 0.614388 0.929926
vt 0.613386 0.931125
vt 0.611079 0.933321
vt 0.609244 0.934953
vt 0.610608 0.933321
vt 0.607408 0.933321
vt 0.609244 0.935517
vt 0.609244 0.931689
vt 0.607880 0.933321
vt 0.609244 0.931125
vt 0.612915 0.934953
vt 0.614279 0.933321
vt 0.612915 0.935517
vt 0.612915 0.931689
vt 0.611551 0.933321
vt 0.906973 0.993005
vt 0.906554 0.996397
vt 0.906554 0.993999
vt 0.612915 0.957474
vt 0.614388 0.958673
vt 0.614750 0.959670
vt 0.614388 0.956275
vt 0.613386 0.957474
vt 0.611079 0.959670
vt 0.609244 0.961301
vt 0.610608 0.959670
vt 0.607408 0.959670
vt 0.609244 0.961865
vt 0.609244 0.958038
vt 0.607880 0.959670
vt 0.609244 0.957474
vt 0.612915 0.961301
vt 0.614279 0.959670
vt 0.612915 0.961865
vt 0.612915 0.958038
vt 0.611551 0.959670
vt 0.905298 0.997396
vt 0.904879 0.993999
vt 0.905298 0.993005
vt 0.612915 0.948691
vt 0.614388 0.949890
vt 0.614750 0.950887
vt 0.614388 0.947492
vt 0.613386 0.948691
vt 0.611079 0.950887
vt 0.609244 0.952518
vt 0.610608 0.950887
vt 0.607408 0.950887
vt 0.609244 0.953083
vt 0.609244 0.949255
vt 0.607880 0.950887
vt 0.609244 0.948691
vt 0.612915 0.952518
vt 0.614279 0.950887
vt 0.612915 0.953083
vt 0.612915 0.949255
vt 0.611551 0.950887
vt 0.905717 0.993005
vt 0.905298 0.996397
vt 0.905298 0.993999
vt 0.612915 0.939908
vt 0.614388 0.941107
vt 0.614750 0.942104
vt 0.614388 0.938709
vt 0.613386 0.939908
vt 0.611079 0.942104
vt 0.609244 0.943736
vt 0.610608 0.942104
vt 0.607408 0.942104
vt 0.609244 0.944300
vt 0.609244 0.940472
vt 0.607880 0.942104
vt 0.609244 0.939908
vt 0.612915 0.943736
vt 0.614279 0.942104
vt 0.612915 0.944300
vt 0.612915 0.940472
vt 0.611551 0.942104
vt 0.596396 0.942104
vt 0.594560 0.943736
vt 0.595924 0.942104
vt 0.592725 0.942104
vt 0.594560 0.944300
vt 0.594560 0.940472
vt 0.593196 0.942104
vt 0.594560 0.939908
vt 0.600066 0.942104
vt 0.598231 0.943736
vt 0.599595 0.942104
vt 0.598231 0.944300
vt 0.598231 0.940472
vt 0.596867 0.942104
vt 0.598231 0.939908
vt 0.603737 0.942104
vt 0.601902 0.943736
vt 0.603266 0.942104
vt 0.601902 0.944300
vt 0.601902 0.940472
vt 0.600538 0.942104
vt 0.601902 0.939908
vt 0.605573 0.943736
vt 0.606937 0.942104
vt 0.605573 0.944300
vt 0.605573 0.940472
vt 0.604209 0.942104
vt 0.605573 0.939908
vt 0.596396 0.950887
vt 0.594560 0.952518
vt 0.595924 0.950887
vt 0.592725 0.950887
vt 0.594560 0.953083
vt 0.594560 0.949255
vt 0.593196 0.950887
vt 0.594560 0.948691
vt 0.600066 0.950887
vt 0.598231 0.952518
vt 0.599595 0.950887
vt 0.598231 0.953083
vt 0.598231 0.949255
vt 0.596867 0.950887
vt 0.598231 0.948691
vt 0.603737 0.950887
vt 0.601902 0.952518
vt 0.603266 0.950887
vt 0.601902 0.953083
vt 0.601902 0.949255
vt 0.600538 0.950887
vt 0.601902 0.948691
vt 0.605573 0.952518
vt 0.606937 0.950887
vt 0.605573 0.953083
vt 0.605573 0.949255
vt 0.604209 0.950887
vt 0.605573 0.948691
vt 0.596396 0.959670
vt 0.594560 0.961301
vt 0.595924 0.959670
vt 0.592725 0.959670
vt 0.594560 0.961865
vt 0.594560 0.958038
vt 0.593196 0.959670
vt 0.594560 0.957474
vt 0.600066 0.959670
vt 0.598231 0.961301
vt 0.599595 0.959670
vt 0.598231 0.961865
vt 0.598231 0.958038
vt 0.596867 0.959670
vt 0.598231 0.957474
vt 0.603737 0.959670
vt 0.601902 0.961301
vt 0.603266 0.959670
vt 0.601902 0.961865
vt 0.601902 0.958038
vt 0.600538 0.959670
vt 0.601902 0.957474
vt 0.605573 0.961301
vt 0.606937 0.959670
vt 0.605573 0.961865
vt 0.605573 0.958038
vt 0.604209 0.959670
vt 0.605573 0.957474
vt 0.944639 0.996675
vt 0.944221 0.993780
vt 0.944640 0.993005
vt 0.598231 0.931125
vt 0.599293 0.929291
vt 0.600066 0.928930
vt 0.597169 0.929291
vt 0.598231 0.930561
vt 0.596396 0.933321
vt 0.594560 0.934953
vt 0.595924 0.933321
vt 0.592725 0.933321
vt 0.594560 0.935517
vt 0.594560 0.931689
vt 0.593196 0.933321
vt 0.594560 0.931125
vt 0.600066 0.933321
vt 0.598231 0.934953
vt 0.599595 0.933321
vt 0.598231 0.935517
vt 0.598231 0.931689
vt 0.596867 0.933321
vt 0.943800 0.996676
vt 0.943382 0.993780
vt 0.943801 0.993005
vt 0.605573 0.931125
vt 0.606634 0.929291
vt 0.607408 0.928930
vt 0.604511 0.929291
vt 0.605573 0.930561
vt 0.603737 0.933321
vt 0.601902 0.934953
vt 0.603266 0.933321
vt 0.601902 0.935517
vt 0.601902 0.931689
vt 0.600538 0.933321
vt 0.601902 0.931125
vt 0.603737 0.932757
vt 0.603737 0.929493
vt 0.602373 0.931125
vt 0.603737 0.928930
vt 0.605101 0.931125
vt 0.600066 0.945931
vt 0.600066 0.946495
vt 0.600066 0.942668
vt 0.598702 0.944300
vt 0.601431 0.944300
vt 0.605573 0.935517
vt 0.607408 0.937148
vt 0.607408 0.937713
vt 0.607408 0.933885
vt 0.606044 0.935517
vt 0.608772 0.935517
vt 0.600066 0.941540
vt 0.600066 0.938276
vt 0.598702 0.939908
vt 0.600066 0.937713
vt 0.601431 0.939908
vt 0.607408 0.932757
vt 0.607408 0.929493
vt 0.606044 0.931125
vt 0.608772 0.931125
vt 0.942961 0.996675
vt 0.942543 0.993780
vt 0.942962 0.993005
vt 0.602964 0.929291
vt 0.600840 0.929291
vt 0.601902 0.930561
vt 0.603737 0.937148
vt 0.603737 0.937713
vt 0.603737 0.933885
vt 0.602373 0.935517
vt 0.605101 0.935517
vt 0.596396 0.932757
vt 0.596396 0.929493
vt 0.595032 0.931125
vt 0.596396 0.928930
vt 0.597760 0.931125
vt 0.605573 0.939344
vt 0.606937 0.937712
vt 0.605573 0.936081
vt 0.604209 0.937712
vt 0.992742 0.992737
vt 0.996137 0.992318
vt 0.997134 0.992737
vt 0.593086 0.934318
vt 0.593086 0.936716
vt 0.594089 0.935517
vt 0.601902 0.939344
vt 0.603266 0.937712
vt 0.601902 0.936081
vt 0.600538 0.937712
vt 0.997134 0.991061
vt 0.993739 0.990643
vt 0.996137 0.990643
vt 0.593086 0.929926
vt 0.592725 0.928930
vt 0.593086 0.932324
vt 0.594089 0.931125
vt 0.942541 0.996676
vt 0.942123 0.993780
vt 0.942542 0.993005
vt 0.595622 0.929291
vt 0.593498 0.929291
vt 0.594560 0.930561
vt 0.596396 0.937148
vt 0.596396 0.937713
vt 0.596396 0.933885
vt 0.595032 0.935517
vt 0.597760 0.935517
vt 0.603737 0.959106
vt 0.603737 0.955842
vt 0.602373 0.957474
vt 0.603737 0.955278
vt 0.605101 0.957474
vt 0.942122 0.996675
vt 0.941700 0.993777
vt 0.942122 0.993005
vt 0.604511 0.963699
vt 0.603737 0.964061
vt 0.606634 0.963699
vt 0.605573 0.962429
vt 0.607408 0.963497
vt 0.607408 0.964061
vt 0.607408 0.960234
vt 0.606044 0.961865
vt 0.608772 0.961865
vt 0.940012 0.993005
vt 0.939590 0.995900
vt 0.939590 0.993777
vt 0.600840 0.963699
vt 0.600066 0.964061
vt 0.602964 0.963699
vt 0.601902 0.962429
vt 0.607408 0.959106
vt 0.607408 0.955842
vt 0.606044 0.957474
vt 0.607408 0.955278
vt 0.608772 0.957474
vt 0.603737 0.963497
vt 0.603737 0.960234
vt 0.602373 0.961865
vt 0.605101 0.961865
vt 0.596396 0.959106
vt 0.596396 0.955842
vt 0.595032 0.957474
vt 0.596396 0.955278
vt 0.597760 0.957474
vt 0.941700 0.993005
vt 0.941278 0.995900
vt 0.941278 0.993777
vt 0.597169 0.963699
vt 0.596396 0.964061
vt 0.599293 0.963699
vt 0.598231 0.962429
vt 0.992742 0.991480
vt 0.996137 0.991061
vt 0.997134 0.991480
vt 0.593086 0.960666
vt 0.593086 0.963064
vt 0.594089 0.961865
vt 0.940856 0.993005
vt 0.940434 0.995900
vt 0.940434 0.993777
vt 0.593498 0.963699
vt 0.592725 0.964061
vt 0.595622 0.963699
vt 0.594560 0.962429
vt 0.992742 0.991899
vt 0.996137 0.991480
vt 0.997134 0.991899
vt 0.593086 0.956275
vt 0.592725 0.955278
vt 0.593086 0.958673
vt 0.594089 0.957474
vt 0.596396 0.963497
vt 0.596396 0.960234
vt 0.595032 0.961865
vt 0.597760 0.961865
vt 0.603737 0.950323
vt 0.603737 0.947059
vt 0.602373 0.948691
vt 0.603737 0.946495
vt 0.605101 0.948691
vt 0.598231 0.948127
vt 0.599595 0.946495
vt 0.596396 0.946495
vt 0.598231 0.944863
vt 0.596867 0.946495
vt 0.607408 0.954714
vt 0.607408 0.951451
vt 0.606044 0.953082
vt 0.608772 0.953082
vt 0.594560 0.948127
vt 0.595924 0.946495
vt 0.592725 0.946495
vt 0.594560 0.944863
vt 0.593196 0.946495
vt 0.607408 0.950323
vt 0.607408 0.947059
vt 0.606044 0.948691
vt 0.607408 0.946495
vt 0.608772 0.948691
vt 0.603737 0.954714
vt 0.603737 0.951451
vt 0.602373 0.953082
vt 0.605101 0.953082
vt 0.596396 0.950323
vt 0.596396 0.947059
vt 0.595032 0.948691
vt 0.597760 0.948691
vt 0.605573 0.956910
vt 0.606937 0.955278
vt 0.605573 0.953646
vt 0.604209 0.955278
vt 0.992742 0.990224
vt 0.996137 0.989805
vt 0.997134 0.990224
vt 0.593086 0.951883
vt 0.593086 0.954281
vt 0.594089 0.953082
vt 0.601902 0.956910
vt 0.603266 0.955278
vt 0.600066 0.955278
vt 0.601902 0.953646
vt 0.600538 0.955278
vt 0.903622 0.997396
vt 0.904041 0.994002
vt 0.904041 0.996400
vt 0.593086 0.947492
vt 0.593086 0.949890
vt 0.594089 0.948691
vt 0.596396 0.954714
vt 0.596396 0.951451
vt 0.595032 0.953082
vt 0.597760 0.953082
vt 0.603737 0.941540
vt 0.603737 0.938276
vt 0.602373 0.939908
vt 0.605101 0.939908
vt 0.598231 0.939344
vt 0.599595 0.937712
vt 0.598231 0.936081
vt 0.596867 0.937712
vt 0.607408 0.945931
vt 0.607408 0.942668
vt 0.606044 0.944300
vt 0.608772 0.944300
vt 0.594560 0.939344
vt 0.595924 0.937712
vt 0.592725 0.937713
vt 0.594560 0.936081
vt 0.593196 0.937712
vt 0.607408 0.941540
vt 0.607408 0.938276
vt 0.606044 0.939908
vt 0.608772 0.939908
vt 0.603737 0.945931
vt 0.603737 0.942668
vt 0.602373 0.944300
vt 0.605101 0.944300
vt 0.596396 0.941540
vt 0.596396 0.938276
vt 0.595032 0.939908
vt 0.597760 0.939908
vt 0.605573 0.948127
vt 0.606937 0.946495
vt 0.605573 0.944863
vt 0.604209 0.946495
vt 0.997134 0.990643
vt 0.993739 0.990224
vt 0.996137 0.990224
vt 0.593086 0.943100
vt 0.593086 0.945499
vt 0.594089 0.944300
vt 0.601902 0.948127
vt 0.603266 0.946495
vt 0.601902 0.944863
vt 0.600538 0.946495
vt 0.992742 0.992318
vt 0.996137 0.991899
vt 0.997134 0.992318
vt 0.593086 0.938709
vt 0.593086 0.941107
vt 0.594089 0.939908
vt 0.596396 0.945931
vt 0.596396 0.942668
vt 0.595032 0.944300
vt 0.597760 0.944300
vt 0.611079 0.941540
vt 0.611079 0.938276
vt 0.609715 0.939908
vt 0.611079 0.937713
vt 0.612443 0.939908
vt 0.906135 0.997396
vt 0.905717 0.993999
vt 0.906135 0.993005
vt 0.614388 0.945499
vt 0.614750 0.946495
vt 0.614388 0.943100
vt 0.613386 0.944300
vt 0.614750 0.937713
vt 0.612915 0.939344
vt 0.614279 0.937712
vt 0.612915 0.936081
vt 0.611551 0.937712
vt 0.600066 0.954714
vt 0.600066 0.951451
vt 0.598702 0.953082
vt 0.601431 0.953082
vt 0.609244 0.939344
vt 0.610608 0.937712
vt 0.609244 0.936081
vt 0.607880 0.937712
vt 0.600066 0.950323
vt 0.600066 0.947059
vt 0.598702 0.948691
vt 0.601431 0.948691
vt 0.611079 0.945931
vt 0.611079 0.946495
vt 0.611079 0.942668
vt 0.609715 0.944300
vt 0.612443 0.944300
vt 0.611079 0.950323
vt 0.611079 0.947059
vt 0.609715 0.948691
vt 0.612443 0.948691
vt 0.904460 0.993005
vt 0.904041 0.996397
vt 0.904041 0.993999
vt 0.614388 0.954281
vt 0.614750 0.955278
vt 0.614388 0.951883
vt 0.613386 0.953082
vt 0.612915 0.948127
vt 0.614279 0.946495
vt 0.612915 0.944863
vt 0.611551 0.946495
vt 0.600066 0.963497
vt 0.600066 0.960234
vt 0.598702 0.961865
vt 0.601431 0.961865
vt 0.609244 0.948127
vt 0.610608 0.946495
vt 0.609244 0.944863
vt 0.607880 0.946495
vt 0.600066 0.959106
vt 0.600066 0.955842
vt 0.598702 0.957474
vt 0.601431 0.957474
vt 0.611079 0.954714
vt 0.611079 0.955278
vt 0.611079 0.951451
vt 0.609715 0.953082
vt 0.612443 0.953082
vt 0.611079 0.959106
vt 0.611079 0.955842
vt 0.609715 0.957474
vt 0.612443 0.957474
vt 0.906554 0.993005
vt 0.906135 0.996397
vt 0.906135 0.993999
vt 0.614388 0.963064
vt 0.614750 0.964061
vt 0.614388 0.960666
vt 0.613386 0.961865
vt 0.941278 0.993005
vt 0.940856 0.995900
vt 0.940856 0.993777
vt 0.611853 0.963699
vt 0.611079 0.964061
vt 0.613976 0.963699
vt 0.612915 0.962429
vt 0.600066 0.937148
vt 0.600066 0.933885
vt 0.598702 0.935517
vt 0.601431 0.935517
vt 0.940434 0.993005
vt 0.940012 0.995900
vt 0.940012 0.993777
vt 0.608182 0.963699
vt 0.610305 0.963699
vt 0.609244 0.962429
vt 0.600066 0.932757
vt 0.600066 0.929493
vt 0.598702 0.931125
vt 0.601431 0.931125
vt 0.611079 0.963497
vt 0.611079 0.960234
vt 0.609715 0.961865
vt 0.612443 0.961865
vt 0.611079 0.932757
vt 0.611079 0.929493
vt 0.609715 0.931125
vt 0.611079 0.928930
vt 0.612443 0.931125
vt 0.907392 0.997396
vt 0.906973 0.993999
vt 0.907392 0.993005
vt 0.614388 0.936716
vt 0.614388 0.934318
vt 0.613386 0.935517
vt 0.598231 0.956910
vt 0.599595 0.955278
vt 0.598231 0.953646
vt 0.596867 0.955278
vt 0.609244 0.956910
vt 0.610608 0.955278
vt 0.609244 0.953646
vt 0.607880 0.955278
vt 0.594560 0.956910
vt 0.595924 0.955278
vt 0.594560 0.953646
vt 0.593196 0.955278
vt 0.605573 0.934953
vt 0.606937 0.933321
vt 0.605573 0.931689
vt 0.604209 0.933321
vt 0.943380 0.996675
vt 0.942962 0.993780
vt 0.943381 0.993005
vt 0.610305 0.929291
vt 0.608182 0.929291
vt 0.609244 0.930561
vt 0.611079 0.937148
vt 0.611079 0.933885
vt 0.609715 0.935517
vt 0.612443 0.935517
vt 0.612915 0.956910
vt 0.614279 0.955278
vt 0.612915 0.953646
vt 0.611551 0.955278
vt 0.965306 0.366057
vt 0.944142 0.366057
vt 0.578101 0.369851
vt 0.577391 0.336095
vt 0.578101 0.336095
vt 0.591819 0.509356
vt 0.592523 0.530520
vt 0.591813 0.530519
vt 0.528732 0.952492
vt 0.531618 0.955379
vt 0.507568 0.952492
vt 0.507568 0.918736
vt 0.504682 0.955379
vt 0.528732 0.918736
vt 0.591813 0.530520
vt 0.577391 0.369851
vt 0.578101 0.403607
vt 0.577391 0.403607
vt 0.958413 0.993005
vt 0.958010 0.995790
vt 0.958010 0.993750
vt 0.965017 0.511763
vt 0.966037 0.510000
vt 0.963997 0.510000
vt 0.965017 0.511221
vt 0.937175 0.993005
vt 0.936772 0.996264
vt 0.936772 0.993960
vt 0.966433 0.512915
vt 0.966780 0.513873
vt 0.966433 0.510610
vt 0.965470 0.511763
vt 0.963253 0.513873
vt 0.961490 0.515440
vt 0.962800 0.513872
vt 0.959726 0.513873
vt 0.961490 0.515982
vt 0.961490 0.512304
vt 0.960179 0.513872
vt 0.961490 0.511763
vt 0.965017 0.515440
vt 0.966327 0.513872
vt 0.965017 0.515982
vt 0.965017 0.512304
vt 0.963706 0.513872
vt 0.937577 0.993005
vt 0.937175 0.996264
vt 0.937175 0.993960
vt 0.965017 0.537080
vt 0.966433 0.538232
vt 0.966780 0.539190
vt 0.966433 0.535928
vt 0.965470 0.537080
vt 0.963253 0.539190
vt 0.961490 0.540758
vt 0.962800 0.539190
vt 0.959726 0.539190
vt 0.961490 0.541300
vt 0.961490 0.537622
vt 0.960179 0.539190
vt 0.961490 0.537080
vt 0.965017 0.540758
vt 0.966327 0.539190
vt 0.965017 0.541300
vt 0.965017 0.537622
vt 0.963706 0.539190
vt 0.937980 0.993005
vt 0.937577 0.996264
vt 0.937577 0.993960
vt 0.965017 0.528641
vt 0.966433 0.529793
vt 0.966780 0.530751
vt 0.966433 0.527489
vt 0.965470 0.528641
vt 0.963253 0.530751
vt 0.961490 0.532318
vt 0.962800 0.530751
vt 0.959726 0.530751
vt 0.961490 0.532861
vt 0.961490 0.529183
vt 0.960179 0.530751
vt 0.961490 0.528641
vt 0.965017 0.532318
vt 0.966327 0.530751
vt 0.965017 0.532861
vt 0.965017 0.529183
vt 0.963706 0.530751
vt 0.938382 0.997224
vt 0.937980 0.993960
vt 0.938382 0.993005
vt 0.965017 0.520202
vt 0.966433 0.521354
vt 0.966780 0.522312
vt 0.966433 0.519050
vt 0.965470 0.520202
vt 0.963253 0.522312
vt 0.961490 0.523879
vt 0.962800 0.522311
vt 0.959726 0.522312
vt 0.961490 0.524421
vt 0.961490 0.520744
vt 0.960179 0.522311
vt 0.961490 0.520202
vt 0.965017 0.523879
vt 0.966327 0.522311
vt 0.965017 0.524421
vt 0.965017 0.520744
vt 0.963706 0.522311
vt 0.949144 0.522312
vt 0.947381 0.523879
vt 0.948691 0.522311
vt 0.945617 0.522312
vt 0.947381 0.524421
vt 0.947381 0.520744
vt 0.946070 0.522311
vt 0.947381 0.520202
vt 0.952672 0.522312
vt 0.950908 0.523879
vt 0.952219 0.522311
vt 0.950908 0.524421
vt 0.950908 0.520744
vt 0.949597 0.522311
vt 0.950908 0.520202
vt 0.956199 0.522312
vt 0.954435 0.523879
vt 0.955746 0.522311
vt 0.954435 0.524421
vt 0.954435 0.520744
vt 0.953125 0.522311
vt 0.954435 0.520202
vt 0.957962 0.523879
vt 0.959273 0.522311
vt 0.957962 0.524421
vt 0.957962 0.520744
vt 0.956652 0.522311
vt 0.957962 0.520202
vt 0.949144 0.530751
vt 0.947381 0.532318
vt 0.948691 0.530751
vt 0.945617 0.530751
vt 0.947381 0.532861
vt 0.947381 0.529183
vt 0.946070 0.530751
vt 0.947381 0.528641
vt 0.952672 0.530751
vt 0.950908 0.532318
vt 0.952219 0.530751
vt 0.950908 0.532861
vt 0.950908 0.529183
vt 0.949597 0.530751
vt 0.950908 0.528641
vt 0.956199 0.530751
vt 0.954435 0.532318
vt 0.955746 0.530751
vt 0.954435 0.532861
vt 0.954435 0.529183
vt 0.953125 0.530751
vt 0.954435 0.528641
vt 0.957962 0.532318
vt 0.959273 0.530751
vt 0.957962 0.532861
vt 0.957962 0.529183
vt 0.956652 0.530751
vt 0.957962 0.528641
vt 0.949144 0.539190
vt 0.947381 0.540758
vt 0.948691 0.539190
vt 0.945617 0.539190
vt 0.947381 0.541300
vt 0.947381 0.537622
vt 0.946070 0.539190
vt 0.947381 0.537080
vt 0.952672 0.539190
vt 0.950908 0.540758
vt 0.952219 0.539190
vt 0.950908 0.541300
vt 0.950908 0.537622
vt 0.949597 0.539190
vt 0.950908 0.537080
vt 0.956199 0.539190
vt 0.954435 0.540758
vt 0.955746 0.539190
vt 0.954435 0.541300
vt 0.954435 0.537622
vt 0.953125 0.539190
vt 0.954435 0.537080
vt 0.957962 0.540758
vt 0.959273 0.539190
vt 0.957962 0.541300
vt 0.957962 0.537622
vt 0.956652 0.539190
vt 0.957962 0.537080
vt 0.959218 0.996532
vt 0.958817 0.993750
vt 0.959219 0.993005
vt 0.950908 0.511763
vt 0.951928 0.510000
vt 0.952672 0.509653
vt 0.949888 0.510000
vt 0.950908 0.511221
vt 0.949144 0.513873
vt 0.947381 0.515440
vt 0.948691 0.513872
vt 0.945617 0.513873
vt 0.947381 0.515982
vt 0.947381 0.512304
vt 0.946070 0.513872
vt 0.947381 0.511763
vt 0.952672 0.513873
vt 0.950908 0.515440
vt 0.952219 0.513872
vt 0.950908 0.515982
vt 0.950908 0.512304
vt 0.949597 0.513872
vt 0.958815 0.996532
vt 0.958413 0.993750
vt 0.958816 0.993005
vt 0.957962 0.511763
vt 0.958982 0.510000
vt 0.959726 0.509653
vt 0.956942 0.510000
vt 0.957962 0.511221
vt 0.956199 0.513873
vt 0.954435 0.515440
vt 0.955746 0.513872
vt 0.954435 0.515982
vt 0.954435 0.512304
vt 0.953125 0.513872
vt 0.954435 0.511763
vt 0.956199 0.513330
vt 0.956199 0.510195
vt 0.954888 0.511763
vt 0.956199 0.509653
vt 0.957509 0.511763
vt 0.952672 0.525989
vt 0.952672 0.526531
vt 0.952672 0.522853
vt 0.951361 0.524421
vt 0.953982 0.524421
vt 0.957962 0.515982
vt 0.959726 0.517550
vt 0.959726 0.518092
vt 0.959726 0.514414
vt 0.958415 0.515982
vt 0.961037 0.515982
vt 0.952672 0.521770
vt 0.952672 0.518634
vt 0.951361 0.520202
vt 0.952672 0.518092
vt 0.953982 0.520202
vt 0.959726 0.513330
vt 0.959726 0.510195
vt 0.958415 0.511763
vt 0.961037 0.511763
vt 0.957605 0.996532
vt 0.957204 0.993750
vt 0.957606 0.993005
vt 0.955455 0.510000
vt 0.953415 0.510000
vt 0.954435 0.511221
vt 0.956199 0.517550
vt 0.956199 0.518092
vt 0.956199 0.514414
vt 0.954888 0.515982
vt 0.957509 0.515982
vt 0.949144 0.513330
vt 0.949144 0.510195
vt 0.947834 0.511763
vt 0.949144 0.509653
vt 0.950455 0.511763
vt 0.957962 0.519660
vt 0.959273 0.518092
vt 0.957962 0.516524
vt 0.956652 0.518092
vt 0.933955 0.993005
vt 0.934357 0.996267
vt 0.933955 0.997224
vt 0.945965 0.514830
vt 0.945965 0.517134
vt 0.946928 0.515982
vt 0.954435 0.519660
vt 0.955746 0.518092
vt 0.954435 0.516524
vt 0.953125 0.518092
vt 0.907794 0.993005
vt 0.908197 0.996267
vt 0.907794 0.997224
vt 0.945965 0.510610
vt 0.945617 0.509653
vt 0.945965 0.512915
vt 0.946928 0.511763
vt 0.958009 0.996532
vt 0.957607 0.993750
vt 0.958010 0.993005
vt 0.948401 0.510000
vt 0.946361 0.510000
vt 0.947381 0.511221
vt 0.949144 0.517550
vt 0.949144 0.518092
vt 0.949144 0.514414
vt 0.947834 0.515982
vt 0.950455 0.515982
vt 0.956199 0.538648
vt 0.956199 0.535512
vt 0.954888 0.537080
vt 0.956199 0.534970
vt 0.957509 0.537080
vt 0.955989 0.996532
vt 0.955583 0.993747
vt 0.955989 0.993005
vt 0.956942 0.543062
vt 0.956199 0.543409
vt 0.958982 0.543062
vt 0.957962 0.541841
vt 0.959726 0.542867
vt 0.959726 0.543409
vt 0.959726 0.539732
vt 0.958415 0.541299
vt 0.961037 0.541299
vt 0.949099 0.993005
vt 0.948693 0.995787
vt 0.948693 0.993747
vt 0.953415 0.543062
vt 0.952672 0.543409
vt 0.955455 0.543062
vt 0.954435 0.541841
vt 0.959726 0.538648
vt 0.959726 0.535512
vt 0.958415 0.537080
vt 0.959726 0.534970
vt 0.961037 0.537080
vt 0.956199 0.542867
vt 0.956199 0.539732
vt 0.954888 0.541299
vt 0.957509 0.541299
vt 0.949144 0.538648
vt 0.949144 0.535512
vt 0.947834 0.537080
vt 0.949144 0.534970
vt 0.950455 0.537080
vt 0.956800 0.996532
vt 0.956394 0.993747
vt 0.956800 0.993005
vt 0.949888 0.543062
vt 0.949144 0.543409
vt 0.951928 0.543062
vt 0.950908 0.541841
vt 0.935967 0.997224
vt 0.936370 0.993963
vt 0.936370 0.996267
vt 0.945965 0.540147
vt 0.945965 0.542452
vt 0.946928 0.541299
vt 0.950315 0.996532
vt 0.949909 0.993747
vt 0.950315 0.993005
vt 0.946361 0.543062
vt 0.945617 0.543409
vt 0.948401 0.543062
vt 0.947381 0.541841
vt 0.908197 0.993005
vt 0.908599 0.996267
vt 0.908197 0.997224
vt 0.945965 0.535928
vt 0.945617 0.534970
vt 0.945965 0.538232
vt 0.946928 0.537080
vt 0.949144 0.542867
vt 0.949144 0.539732
vt 0.947834 0.541299
vt 0.950455 0.541299
vt 0.956199 0.530209
vt 0.956199 0.527073
vt 0.954888 0.528641
vt 0.956199 0.526531
vt 0.957509 0.528641
vt 0.950908 0.528099
vt 0.952219 0.526531
vt 0.949144 0.526531
vt 0.950908 0.524963
vt 0.949597 0.526531
vt 0.959726 0.534428
vt 0.959726 0.531292
vt 0.958415 0.532860
vt 0.961037 0.532860
vt 0.947381 0.528099
vt 0.948691 0.526531
vt 0.945617 0.526531
vt 0.947381 0.524963
vt 0.946070 0.526531
vt 0.959726 0.530209
vt 0.959726 0.527073
vt 0.958415 0.528641
vt 0.959726 0.526531
vt 0.961037 0.528641
vt 0.956199 0.534428
vt 0.956199 0.531292
vt 0.954888 0.532860
vt 0.957509 0.532860
vt 0.949144 0.530209
vt 0.949144 0.527073
vt 0.947834 0.528641
vt 0.950455 0.528641
vt 0.957962 0.536538
vt 0.959273 0.534970
vt 0.957962 0.533402
vt 0.956652 0.534970
vt 0.934357 0.993005
vt 0.934760 0.996267
vt 0.934357 0.997224
vt 0.945965 0.531708
vt 0.945965 0.534012
vt 0.946928 0.532860
vt 0.954435 0.536538
vt 0.955746 0.534970
vt 0.952672 0.534970
vt 0.954435 0.533402
vt 0.953125 0.534970
vt 0.908599 0.993005
vt 0.909002 0.996267
vt 0.908599 0.997224
vt 0.945965 0.527489
vt 0.945965 0.529793
vt 0.946928 0.528641
vt 0.949144 0.534428
vt 0.949144 0.531292
vt 0.947834 0.532860
vt 0.950455 0.532860
vt 0.956199 0.521770
vt 0.956199 0.518634
vt 0.954888 0.520202
vt 0.957509 0.520202
vt 0.950908 0.519660
vt 0.952219 0.518092
vt 0.950908 0.516524
vt 0.949597 0.518092
vt 0.959726 0.525989
vt 0.959726 0.522853
vt 0.958415 0.524421
vt 0.961037 0.524421
vt 0.947381 0.519660
vt 0.948691 0.518092
vt 0.945617 0.518092
vt 0.947381 0.516524
vt 0.946070 0.518092
vt 0.959726 0.521770
vt 0.959726 0.518634
vt 0.958415 0.520202
vt 0.961037 0.520202
vt 0.956199 0.525989
vt 0.956199 0.522853
vt 0.954888 0.524421
vt 0.957509 0.524421
vt 0.949144 0.521770
vt 0.949144 0.518634
vt 0.947834 0.520202
vt 0.950455 0.520202
vt 0.957962 0.528099
vt 0.959273 0.526531
vt 0.957962 0.524963
vt 0.956652 0.526531
vt 0.907392 0.997224
vt 0.907794 0.993963
vt 0.907794 0.996267
vt 0.945965 0.523269
vt 0.945965 0.525573
vt 0.946928 0.524421
vt 0.954435 0.528099
vt 0.955746 0.526531
vt 0.954435 0.524963
vt 0.953125 0.526531
vt 0.909002 0.993005
vt 0.909404 0.996267
vt 0.909002 0.997224
vt 0.945965 0.519050
vt 0.945965 0.521354
vt 0.946928 0.520202
vt 0.949144 0.525989
vt 0.949144 0.522853
vt 0.947834 0.524421
vt 0.950455 0.524421
vt 0.963253 0.521770
vt 0.963253 0.518634
vt 0.961943 0.520202
vt 0.963253 0.518092
vt 0.964564 0.520202
vt 0.936772 0.997224
vt 0.936370 0.993960
vt 0.936772 0.993005
vt 0.966433 0.525573
vt 0.966780 0.526531
vt 0.966433 0.523269
vt 0.965470 0.524421
vt 0.966780 0.518092
vt 0.965017 0.519660
vt 0.966327 0.518092
vt 0.965017 0.516524
vt 0.963706 0.518092
vt 0.952672 0.534428
vt 0.952672 0.531292
vt 0.951361 0.532860
vt 0.953982 0.532860
vt 0.961490 0.519660
vt 0.962800 0.518092
vt 0.961490 0.516524
vt 0.960179 0.518092
vt 0.952672 0.530209
vt 0.952672 0.527073
vt 0.951361 0.528641
vt 0.953982 0.528641
vt 0.963253 0.525989
vt 0.963253 0.526531
vt 0.963253 0.522853
vt 0.961943 0.524421
vt 0.964564 0.524421
vt 0.963253 0.530209
vt 0.963253 0.527073
vt 0.961943 0.528641
vt 0.964564 0.528641
vt 0.938785 0.993005
vt 0.938382 0.996264
vt 0.938382 0.993960
vt 0.966433 0.534012
vt 0.966780 0.534970
vt 0.966433 0.531708
vt 0.965470 0.532860
vt 0.965017 0.528099
vt 0.966327 0.526531
vt 0.965017 0.524963
vt 0.963706 0.526531
vt 0.952672 0.542867
vt 0.952672 0.539732
vt 0.951361 0.541299
vt 0.953982 0.541299
vt 0.961490 0.528099
vt 0.962800 0.526531
vt 0.961490 0.524963
vt 0.960179 0.526531
vt 0.952672 0.538648
vt 0.952672 0.535512
vt 0.951361 0.537080
vt 0.953982 0.537080
vt 0.963253 0.534428
vt 0.963253 0.534970
vt 0.963253 0.531292
vt 0.961943 0.532860
vt 0.964564 0.532860
vt 0.963253 0.538648
vt 0.963253 0.535512
vt 0.961943 0.537080
vt 0.964564 0.537080
vt 0.939590 0.997224
vt 0.939187 0.993960
vt 0.939590 0.993005
vt 0.966433 0.542452
vt 0.966780 0.543409
vt 0.966433 0.540147
vt 0.965470 0.541299
vt 0.956394 0.996532
vt 0.955989 0.993747
vt 0.956394 0.993005
vt 0.963997 0.543062
vt 0.963253 0.543409
vt 0.966037 0.543062
vt 0.965017 0.541841
vt 0.952672 0.517550
vt 0.952672 0.514414
vt 0.951361 0.515982
vt 0.953982 0.515982
vt 0.950720 0.996532
vt 0.950315 0.993747
vt 0.950720 0.993005
vt 0.960469 0.543062
vt 0.962510 0.543062
vt 0.961490 0.541841
vt 0.952672 0.513330
vt 0.952672 0.510195
vt 0.951361 0.511763
vt 0.953982 0.511763
vt 0.963253 0.542867
vt 0.963253 0.539732
vt 0.961943 0.541299
vt 0.964564 0.541299
vt 0.963253 0.513330
vt 0.963253 0.510195
vt 0.961943 0.511763
vt 0.963253 0.509653
vt 0.964564 0.511763
vt 0.939187 0.993005
vt 0.938785 0.996264
vt 0.938785 0.993960
vt 0.966433 0.517134
vt 0.966433 0.514830
vt 0.965470 0.515982
vt 0.950908 0.536538
vt 0.952219 0.534970
vt 0.950908 0.533402
vt 0.949597 0.534970
vt 0.961490 0.536538
vt 0.962800 0.534970
vt 0.961490 0.533402
vt 0.960179 0.534970
vt 0.947381 0.536538
vt 0.948691 0.534970
vt 0.947381 0.533402
vt 0.946070 0.534970
vt 0.957962 0.515440
vt 0.959273 0.513872
vt 0.957962 0.512304
vt 0.956652 0.513872
vt 0.957202 0.996532
vt 0.956801 0.993750
vt 0.957203 0.993005
vt 0.962510 0.510000
vt 0.960469 0.510000
vt 0.961490 0.511221
vt 0.963253 0.517550
vt 0.963253 0.514414
vt 0.961943 0.515982
vt 0.964564 0.515982
vt 0.965017 0.536538
vt 0.966327 0.534970
vt 0.965017 0.533402
vt 0.963706 0.534970
vt 0.242295 0.405357
vt 0.241580 0.371330
vt 0.577397 0.447657
vt 0.578106 0.468990
vt 0.577391 0.468990
vt 0.398903 0.916667
vt 0.401813 0.953605
vt 0.398903 0.950695
vt 0.377570 0.916667
vt 0.374660 0.953605
vt 0.377570 0.950695
vt 0.401813 0.913758
vt 0.578106 0.490323
vt 0.577391 0.490323
vt 0.240624 0.371331
vt 0.241339 0.405357
vt 0.240624 0.405357
vt 0.908595 0.298685
vt 0.914515 0.304612
vt 0.908595 0.304612
vt 0.840813 0.929415
vt 0.841393 0.937922
vt 0.840813 0.937922
vt 0.840813 0.946429
vt 0.841393 0.954936
vt 0.840813 0.954936
vt 0.906622 0.322916
vt 0.907305 0.331423
vt 0.906622 0.331423
vt 0.841393 0.946429
vt 0.840813 0.920908
vt 0.841393 0.929415
vt 0.908595 0.315699
vt 0.914515 0.321626
vt 0.908595 0.321626
vt 0.908595 0.307192
vt 0.914515 0.313119
vt 0.908595 0.313119
vt 0.832211 0.954936
vt 0.831098 0.946429
vt 0.832211 0.946429
vt 0.916918 0.331423
vt 0.915805 0.322916
vt 0.916918 0.322916
vt 0.916918 0.305902
vt 0.915805 0.297395
vt 0.916918 0.297395
vt 0.916918 0.314409
vt 0.915805 0.305902
vt 0.908595 0.324206
vt 0.914515 0.330133
vt 0.908595 0.330133
vt 0.906622 0.305902
vt 0.907305 0.314409
vt 0.906622 0.314409
vt 0.907305 0.322916
vt 0.907305 0.305902
vt 0.833501 0.922198
vt 0.839523 0.928125
vt 0.833501 0.928125
vt 0.833501 0.939212
vt 0.839523 0.945139
vt 0.833501 0.945139
vt 0.833501 0.947719
vt 0.839523 0.953646
vt 0.833501 0.953646
vt 0.833501 0.930705
vt 0.839523 0.936632
vt 0.833501 0.936632
vt 0.907305 0.297395
vt 0.908185 0.305022
vt 0.908185 0.298275
vt 0.914925 0.298275
vt 0.914925 0.305022
vt 0.908185 0.322036
vt 0.915805 0.314409
vt 0.908185 0.315289
vt 0.914925 0.322036
vt 0.914925 0.315289
vt 0.908185 0.313529
vt 0.908185 0.306782
vt 0.914925 0.306782
vt 0.914925 0.313529
vt 0.908185 0.330543
vt 0.908185 0.323795
vt 0.914925 0.330543
vt 0.914925 0.323795
vt 0.915805 0.331423
vt 0.832211 0.920908
vt 0.833090 0.928535
vt 0.832211 0.929415
vt 0.833090 0.921788
vt 0.839933 0.921788
vt 0.839933 0.928535
vt 0.832211 0.937922
vt 0.833090 0.945549
vt 0.833090 0.938801
vt 0.839933 0.945549
vt 0.839933 0.938801
vt 0.833090 0.954056
vt 0.833090 0.947308
vt 0.839933 0.954056
vt 0.839933 0.947308
vt 0.833090 0.937042
vt 0.833090 0.930295
vt 0.839933 0.930295
vt 0.839933 0.937042
vt 0.242048 0.430879
vt 0.241580 0.422370
vt 0.242048 0.422373
vt 0.241580 0.413864
vt 0.242048 0.413866
vt 0.241580 0.405357
vt 0.242048 0.405360
vt 0.242048 0.439386
vt 0.241580 0.430877
vt 0.831098 0.920908
vt 0.831098 0.929415
vt 0.831098 0.937922
vt 0.240872 0.430878
vt 0.241339 0.430878
vt 0.241339 0.413864
vt 0.240872 0.405357
vt 0.241339 0.422371
vt 0.240872 0.413864
vt 0.240872 0.422371
vt 0.914515 0.298685
vt 0.914515 0.315699
vt 0.914515 0.307192
vt 0.914515 0.324206
vt 0.839523 0.922198
vt 0.839523 0.939212
vt 0.839523 0.947719
vt 0.839523 0.930705
vt 0.900613 0.930921
vt 0.901263 0.964299
vt 0.921946 0.930921
vt 0.901263 0.931572
vt 0.921296 0.964299
vt 0.921296 0.931572
vt 0.921946 0.964949
vt 0.968917 0.608352
vt 0.947753 0.608352
vt 0.241339 0.540654
vt 0.240630 0.506898
vt 0.241339 0.506898
vt 0.577397 0.490324
vt 0.578101 0.511487
vt 0.577391 0.511487
vt 0.563399 0.952494
vt 0.566286 0.915852
vt 0.566286 0.955381
vt 0.542236 0.952494
vt 0.542236 0.918739
vt 0.539349 0.955381
vt 0.563399 0.918739
vt 0.242290 0.595574
vt 0.241580 0.574412
vt 0.242290 0.574412
vt 0.241580 0.540655
vt 0.951530 0.996532
vt 0.951126 0.993748
vt 0.951531 0.993005
vt 0.944565 0.938793
vt 0.945585 0.937034
vt 0.943545 0.937034
vt 0.944565 0.938254
vt 0.909807 0.993005
vt 0.909404 0.993962
vt 0.945981 0.939948
vt 0.946328 0.940903
vt 0.945981 0.937644
vt 0.945018 0.938796
vt 0.942801 0.940903
vt 0.941038 0.942474
vt 0.942348 0.940906
vt 0.939274 0.940903
vt 0.941038 0.943013
vt 0.941038 0.939338
vt 0.939727 0.940906
vt 0.941038 0.938793
vt 0.944565 0.942474
vt 0.945875 0.940906
vt 0.944565 0.943013
vt 0.944565 0.939338
vt 0.943254 0.940906
vt 0.910209 0.997224
vt 0.909807 0.993962
vt 0.910209 0.993005
vt 0.944565 0.964110
vt 0.945981 0.965265
vt 0.946328 0.966220
vt 0.945981 0.962961
vt 0.945018 0.964113
vt 0.942801 0.966220
vt 0.941038 0.967790
vt 0.942348 0.966223
vt 0.939274 0.966220
vt 0.941038 0.968329
vt 0.941038 0.964655
vt 0.939727 0.966223
vt 0.941038 0.964110
vt 0.944565 0.967790
vt 0.945875 0.966223
vt 0.944565 0.968329
vt 0.944565 0.964655
vt 0.943254 0.966223
vt 0.910612 0.993005
vt 0.910209 0.996267
vt 0.910209 0.993962
vt 0.944565 0.955671
vt 0.945981 0.956826
vt 0.946328 0.957781
vt 0.945981 0.954522
vt 0.945018 0.955674
vt 0.942801 0.957781
vt 0.941038 0.959352
vt 0.942348 0.957784
vt 0.939274 0.957781
vt 0.941038 0.959891
vt 0.941038 0.956216
vt 0.939727 0.957784
vt 0.941038 0.955671
vt 0.944565 0.959352
vt 0.945875 0.957784
vt 0.944565 0.959891
vt 0.944565 0.956216
vt 0.943254 0.957784
vt 0.935162 0.997224
vt 0.934760 0.993962
vt 0.935162 0.993005
vt 0.944565 0.947232
vt 0.945981 0.948387
vt 0.946328 0.949342
vt 0.945981 0.946083
vt 0.945018 0.947235
vt 0.942801 0.949342
vt 0.941038 0.950913
vt 0.942348 0.949345
vt 0.939274 0.949342
vt 0.941038 0.951452
vt 0.941038 0.947777
vt 0.939727 0.949345
vt 0.941038 0.947232
vt 0.944565 0.950913
vt 0.945875 0.949345
vt 0.944565 0.951452
vt 0.944565 0.947777
vt 0.943254 0.949345
vt 0.928692 0.949342
vt 0.926929 0.950913
vt 0.928239 0.949345
vt 0.925165 0.949342
vt 0.926929 0.951452
vt 0.926929 0.947777
vt 0.925618 0.949345
vt 0.926929 0.947232
vt 0.932220 0.949342
vt 0.930456 0.950913
vt 0.931767 0.949345
vt 0.930456 0.951452
vt 0.930456 0.947777
vt 0.929145 0.949345
vt 0.930456 0.947232
vt 0.935747 0.949342
vt 0.933983 0.950913
vt 0.935294 0.949345
vt 0.933983 0.951452
vt 0.933983 0.947777
vt 0.932673 0.949345
vt 0.933983 0.947232
vt 0.937510 0.950913
vt 0.938821 0.949345
vt 0.937510 0.951452
vt 0.937510 0.947777
vt 0.936200 0.949345
vt 0.937510 0.947232
vt 0.928692 0.957781
vt 0.926929 0.959352
vt 0.928239 0.957784
vt 0.925165 0.957781
vt 0.926929 0.959891
vt 0.926929 0.956216
vt 0.925618 0.957784
vt 0.926929 0.955671
vt 0.932220 0.957781
vt 0.930456 0.959352
vt 0.931767 0.957784
vt 0.930456 0.959891
vt 0.930456 0.956216
vt 0.929145 0.957784
vt 0.930456 0.955671
vt 0.935747 0.957781
vt 0.933983 0.959352
vt 0.935294 0.957784
vt 0.933983 0.959891
vt 0.933983 0.956216
vt 0.932673 0.957784
vt 0.933983 0.955671
vt 0.937510 0.959352
vt 0.938821 0.957784
vt 0.937510 0.959891
vt 0.937510 0.956216
vt 0.936200 0.957784
vt 0.937510 0.955671
vt 0.928692 0.966220
vt 0.926929 0.967790
vt 0.928239 0.966223
vt 0.925165 0.966220
vt 0.926929 0.968329
vt 0.926929 0.964655
vt 0.925618 0.966223
vt 0.926929 0.964110
vt 0.932220 0.966220
vt 0.930456 0.967790
vt 0.931767 0.966223
vt 0.930456 0.968329
vt 0.930456 0.964655
vt 0.929145 0.966223
vt 0.930456 0.964110
vt 0.935747 0.966220
vt 0.933983 0.967790
vt 0.935294 0.966223
vt 0.933983 0.968329
vt 0.933983 0.964655
vt 0.932673 0.966223
vt 0.933983 0.964110
vt 0.937510 0.967790
vt 0.938821 0.966223
vt 0.937510 0.968329
vt 0.937510 0.964655
vt 0.936200 0.966223
vt 0.937510 0.964110
vt 0.952340 0.996532
vt 0.951937 0.993748
vt 0.952341 0.993005
vt 0.930456 0.938793
vt 0.931476 0.937034
vt 0.932220 0.936684
vt 0.929436 0.937034
vt 0.930456 0.938254
vt 0.928692 0.940903
vt 0.926929 0.942474
vt 0.928239 0.940906
vt 0.925165 0.940903
vt 0.926929 0.943013
vt 0.926929 0.939338
vt 0.925618 0.940906
vt 0.926929 0.938793
vt 0.932220 0.940903
vt 0.930456 0.942474
vt 0.931767 0.940906
vt 0.930456 0.943013
vt 0.930456 0.939338
vt 0.929145 0.940906
vt 0.951935 0.996532
vt 0.951531 0.993748
vt 0.951936 0.993005
vt 0.937510 0.938793
vt 0.938531 0.937034
vt 0.939274 0.936684
vt 0.936490 0.937034
vt 0.937510 0.938254
vt 0.935747 0.940903
vt 0.933983 0.942474
vt 0.935294 0.940906
vt 0.933983 0.943013
vt 0.933983 0.939338
vt 0.932673 0.940906
vt 0.933983 0.938793
vt 0.935747 0.940364
vt 0.935747 0.937228
vt 0.934436 0.938796
vt 0.935747 0.936684
vt 0.937057 0.938796
vt 0.932220 0.953022
vt 0.932220 0.953561
vt 0.932220 0.949887
vt 0.930909 0.951455
vt 0.933530 0.951455
vt 0.937510 0.943013
vt 0.939274 0.944583
vt 0.939274 0.945122
vt 0.939274 0.941448
vt 0.937963 0.943016
vt 0.940585 0.943016
vt 0.932220 0.948803
vt 0.932220 0.945667
vt 0.930909 0.947235
vt 0.932220 0.945122
vt 0.933530 0.947235
vt 0.939274 0.940364
vt 0.939274 0.937228
vt 0.937963 0.938796
vt 0.940585 0.938796
vt 0.945450 0.996532
vt 0.945046 0.993748
vt 0.945451 0.993005
vt 0.935003 0.937034
vt 0.932963 0.937034
vt 0.933983 0.938254
vt 0.935747 0.944583
vt 0.935747 0.945122
vt 0.935747 0.941448
vt 0.934436 0.943016
vt 0.937057 0.943016
vt 0.928692 0.940364
vt 0.928692 0.937228
vt 0.927382 0.938796
vt 0.928692 0.936684
vt 0.930003 0.938796
vt 0.937510 0.946693
vt 0.938821 0.945125
vt 0.937510 0.943558
vt 0.936200 0.945125
vt 0.928320 0.996267
vt 0.927918 0.997224
vt 0.925513 0.941864
vt 0.925513 0.944168
vt 0.926476 0.943016
vt 0.933983 0.946693
vt 0.935294 0.945125
vt 0.933983 0.943558
vt 0.932673 0.945125
vt 0.928320 0.993005
vt 0.928723 0.996267
vt 0.928320 0.997224
vt 0.925513 0.937644
vt 0.925513 0.939948
vt 0.926476 0.938796
vt 0.945855 0.996532
vt 0.945452 0.993748
vt 0.945856 0.993005
vt 0.927949 0.937034
vt 0.925909 0.937034
vt 0.926929 0.938254
vt 0.928692 0.944583
vt 0.928692 0.945122
vt 0.928692 0.941448
vt 0.927382 0.943016
vt 0.930003 0.943016
vt 0.935747 0.965681
vt 0.935747 0.962545
vt 0.934436 0.964113
vt 0.935747 0.962000
vt 0.937057 0.964113
vt 0.966083 0.996532
vt 0.966487 0.993745
vt 0.966487 0.995785
vt 0.936490 0.970095
vt 0.935747 0.970439
vt 0.938531 0.970095
vt 0.937510 0.968874
vt 0.939274 0.969900
vt 0.939274 0.970439
vt 0.939274 0.966764
vt 0.937963 0.968332
vt 0.940585 0.968332
vt 0.961642 0.996532
vt 0.962046 0.993745
vt 0.962046 0.995785
vt 0.932963 0.970095
vt 0.932220 0.970439
vt 0.935003 0.970095
vt 0.933983 0.968874
vt 0.939274 0.965681
vt 0.939274 0.962545
vt 0.937963 0.964113
vt 0.939274 0.962000
vt 0.940585 0.964113
vt 0.935747 0.969900
vt 0.935747 0.966764
vt 0.934436 0.968332
vt 0.937057 0.968332
vt 0.928692 0.965681
vt 0.928692 0.962545
vt 0.927382 0.964113
vt 0.928692 0.962000
vt 0.930003 0.964113
vt 0.965679 0.993005
vt 0.966083 0.995785
vt 0.965679 0.996532
vt 0.929436 0.970095
vt 0.928692 0.970439
vt 0.931476 0.970095
vt 0.930456 0.968874
vt 0.928723 0.997224
vt 0.929125 0.993962
vt 0.929125 0.996267
vt 0.925513 0.967180
vt 0.925513 0.969484
vt 0.926476 0.968332
vt 0.961238 0.996532
vt 0.961642 0.993745
vt 0.961642 0.995785
vt 0.925909 0.970095
vt 0.925165 0.970439
vt 0.927949 0.970095
vt 0.926929 0.968874
vt 0.929125 0.993005
vt 0.929528 0.996267
vt 0.929125 0.997224
vt 0.925513 0.962961
vt 0.925165 0.962000
vt 0.925513 0.965265
vt 0.926476 0.964113
vt 0.928692 0.969900
vt 0.928692 0.966764
vt 0.927382 0.968332
vt 0.930003 0.968332
vt 0.935747 0.957242
vt 0.935747 0.954106
vt 0.934436 0.955674
vt 0.935747 0.953561
vt 0.937057 0.955674
vt 0.930456 0.955132
vt 0.931767 0.953564
vt 0.928692 0.953561
vt 0.930456 0.951996
vt 0.929145 0.953564
vt 0.939274 0.961461
vt 0.939274 0.958326
vt 0.937963 0.959893
vt 0.940585 0.959893
vt 0.926929 0.955132
vt 0.928239 0.953564
vt 0.925165 0.953561
vt 0.926929 0.951996
vt 0.925618 0.953564
vt 0.939274 0.957242
vt 0.939274 0.954106
vt 0.937963 0.955674
vt 0.939274 0.953561
vt 0.940585 0.955674
vt 0.935747 0.961461
vt 0.935747 0.958326
vt 0.934436 0.959893
vt 0.937057 0.959893
vt 0.928692 0.957242
vt 0.928692 0.954106
vt 0.927382 0.955674
vt 0.930003 0.955674
vt 0.937510 0.963571
vt 0.938821 0.962003
vt 0.937510 0.960435
vt 0.936200 0.962003
vt 0.929528 0.993005
vt 0.929930 0.996267
vt 0.929528 0.997224
vt 0.925513 0.958741
vt 0.925513 0.961046
vt 0.926476 0.959893
vt 0.933983 0.963571
vt 0.935294 0.962003
vt 0.932220 0.962000
vt 0.933983 0.960435
vt 0.932673 0.962003
vt 0.929930 0.993005
vt 0.930333 0.996267
vt 0.929930 0.997224
vt 0.925513 0.954522
vt 0.925513 0.956826
vt 0.926476 0.955674
vt 0.928692 0.961461
vt 0.928692 0.958326
vt 0.927382 0.959893
vt 0.930003 0.959893
vt 0.935747 0.948803
vt 0.935747 0.945667
vt 0.934436 0.947235
vt 0.937057 0.947235
vt 0.930456 0.946693
vt 0.931767 0.945125
vt 0.930456 0.943558
vt 0.929145 0.945125
vt 0.939274 0.953022
vt 0.939274 0.949887
vt 0.937963 0.951455
vt 0.940585 0.951455
vt 0.926929 0.946693
vt 0.928239 0.945125
vt 0.925165 0.945122
vt 0.926929 0.943558
vt 0.925618 0.945125
vt 0.939274 0.948803
vt 0.939274 0.945667
vt 0.937963 0.947235
vt 0.940585 0.947235
vt 0.935747 0.953022
vt 0.935747 0.949887
vt 0.934436 0.951455
vt 0.937057 0.951455
vt 0.928692 0.948803
vt 0.928692 0.945667
vt 0.927382 0.947235
vt 0.930003 0.947235
vt 0.937510 0.955132
vt 0.938821 0.953564
vt 0.937510 0.951996
vt 0.936200 0.953564
vt 0.930333 0.993005
vt 0.930735 0.996267
vt 0.930333 0.997224
vt 0.925513 0.950302
vt 0.925513 0.952607
vt 0.926476 0.951455
vt 0.933983 0.955132
vt 0.935294 0.953564
vt 0.933983 0.951996
vt 0.932673 0.953564
vt 0.930735 0.997224
vt 0.931138 0.993962
vt 0.931138 0.996267
vt 0.925513 0.946083
vt 0.925513 0.948387
vt 0.926476 0.947235
vt 0.928692 0.953022
vt 0.928692 0.949887
vt 0.927382 0.951455
vt 0.930003 0.951455
vt 0.942801 0.948803
vt 0.942801 0.945667
vt 0.941491 0.947235
vt 0.942801 0.945122
vt 0.944112 0.947235
vt 0.911014 0.997224
vt 0.910612 0.993962
vt 0.911014 0.993005
vt 0.945981 0.952607
vt 0.946328 0.953561
vt 0.945981 0.950302
vt 0.945018 0.951455
vt 0.946328 0.945122
vt 0.944565 0.946693
vt 0.945875 0.945125
vt 0.944565 0.943558
vt 0.943254 0.945125
vt 0.932220 0.961461
vt 0.932220 0.958326
vt 0.930909 0.959893
vt 0.933530 0.959893
vt 0.941038 0.946693
vt 0.942348 0.945125
vt 0.941038 0.943558
vt 0.939727 0.945125
vt 0.932220 0.957242
vt 0.932220 0.954106
vt 0.930909 0.955674
vt 0.933530 0.955674
vt 0.942801 0.953022
vt 0.942801 0.953561
vt 0.942801 0.949887
vt 0.941491 0.951455
vt 0.944112 0.951455
vt 0.942801 0.957242
vt 0.942801 0.954106
vt 0.941491 0.955674
vt 0.944112 0.955674
vt 0.911416 0.993005
vt 0.911014 0.996267
vt 0.911014 0.993962
vt 0.945981 0.961046
vt 0.946328 0.962000
vt 0.945981 0.958741
vt 0.945018 0.959893
vt 0.944565 0.955132
vt 0.945875 0.953564
vt 0.944565 0.951996
vt 0.943254 0.953564
vt 0.932220 0.969900
vt 0.932220 0.966764
vt 0.930909 0.968332
vt 0.933530 0.968332
vt 0.941038 0.955132
vt 0.942348 0.953564
vt 0.941038 0.951996
vt 0.939727 0.953564
vt 0.932220 0.965681
vt 0.932220 0.962545
vt 0.930909 0.964113
vt 0.933530 0.964113
vt 0.942801 0.961461
vt 0.942801 0.962000
vt 0.942801 0.958326
vt 0.941491 0.959893
vt 0.944112 0.959893
vt 0.942801 0.965681
vt 0.942801 0.962545
vt 0.941491 0.964113
vt 0.944112 0.964113
vt 0.911819 0.997224
vt 0.911417 0.993962
vt 0.911819 0.993005
vt 0.945981 0.969484
vt 0.945981 0.967180
vt 0.945018 0.968332
vt 0.968506 0.996532
vt 0.968909 0.993745
vt 0.968909 0.995785
vt 0.943545 0.970095
vt 0.942801 0.970439
vt 0.945585 0.970095
vt 0.944565 0.968874
vt 0.932220 0.944583
vt 0.932220 0.941448
vt 0.930909 0.943016
vt 0.933530 0.943016
vt 0.960027 0.993005
vt 0.960430 0.995785
vt 0.960027 0.996532
vt 0.940018 0.970095
vt 0.942058 0.970095
vt 0.941038 0.968874
vt 0.932220 0.940364
vt 0.932220 0.937228
vt 0.930909 0.938796
vt 0.933530 0.938796
vt 0.942801 0.969900
vt 0.942801 0.966764
vt 0.941491 0.968332
vt 0.944112 0.968332
vt 0.942801 0.940364
vt 0.942801 0.937228
vt 0.941491 0.938796
vt 0.942801 0.936684
vt 0.944112 0.938796
vt 0.912221 0.993005
vt 0.911819 0.996267
vt 0.911819 0.993962
vt 0.945981 0.944168
vt 0.945981 0.941864
vt 0.945018 0.943016
vt 0.930456 0.963571
vt 0.931767 0.962003
vt 0.930456 0.960435
vt 0.929145 0.962003
vt 0.941038 0.963571
vt 0.942348 0.962003
vt 0.941038 0.960435
vt 0.939727 0.962003
vt 0.926929 0.963571
vt 0.928239 0.962003
vt 0.926929 0.960435
vt 0.925618 0.962003
vt 0.937510 0.942474
vt 0.938821 0.940906
vt 0.937510 0.939338
vt 0.936200 0.940906
vt 0.947882 0.996532
vt 0.947478 0.993748
vt 0.947883 0.993005
vt 0.942058 0.937034
vt 0.940018 0.937034
vt 0.941038 0.938254
vt 0.942801 0.944583
vt 0.942801 0.941448
vt 0.941491 0.943016
vt 0.944112 0.943016
vt 0.944565 0.963571
vt 0.945875 0.962003
vt 0.944565 0.960435
vt 0.943254 0.962003
vt 0.971200 0.033756
vt 0.950037 0.033756
vt 0.240630 0.473141
vt 0.577397 0.532650
vt 0.578101 0.553814
vt 0.577391 0.553814
vt 0.463222 0.955534
vt 0.466109 0.918892
vt 0.466109 0.958421
vt 0.442059 0.955534
vt 0.439172 0.918892
vt 0.442059 0.921779
vt 0.439172 0.958421
vt 0.463222 0.921779
vt 0.592523 0.594008
vt 0.591813 0.572845
vt 0.241580 0.506899
vt 0.242290 0.540655
vt 0.953556 0.996532
vt 0.953152 0.993748
vt 0.953557 0.993005
vt 0.969646 0.433020
vt 0.970666 0.431260
vt 0.968626 0.431260
vt 0.969646 0.432481
vt 0.931540 0.993005
vt 0.971062 0.434175
vt 0.971409 0.435130
vt 0.971062 0.431871
vt 0.970099 0.433023
vt 0.967882 0.435130
vt 0.966118 0.436700
vt 0.967429 0.435132
vt 0.964355 0.435130
vt 0.966118 0.437239
vt 0.966118 0.433565
vt 0.964808 0.435132
vt 0.966118 0.433020
vt 0.969646 0.436700
vt 0.970956 0.435132
vt 0.969646 0.437239
vt 0.969646 0.433565
vt 0.968335 0.435132
vt 0.931943 0.997224
vt 0.931540 0.993962
vt 0.931943 0.993005
vt 0.969646 0.458337
vt 0.971062 0.459491
vt 0.971409 0.460446
vt 0.971062 0.457187
vt 0.970099 0.458339
vt 0.967882 0.460446
vt 0.966118 0.462017
vt 0.967429 0.460449
vt 0.964355 0.460446
vt 0.966118 0.462556
vt 0.966118 0.458881
vt 0.964808 0.460449
vt 0.966118 0.458337
vt 0.969646 0.462017
vt 0.970956 0.460449
vt 0.969646 0.462556
vt 0.969646 0.458881
vt 0.968335 0.460449
vt 0.932345 0.993005
vt 0.931943 0.996267
vt 0.931943 0.993962
vt 0.969646 0.449898
vt 0.971062 0.451053
vt 0.971409 0.452007
vt 0.971062 0.448748
vt 0.970099 0.449901
vt 0.967882 0.452007
vt 0.966118 0.453578
vt 0.967429 0.452010
vt 0.964355 0.452007
vt 0.966118 0.454117
vt 0.966118 0.450442
vt 0.964808 0.452010
vt 0.966118 0.449898
vt 0.969646 0.453578
vt 0.970956 0.452010
vt 0.969646 0.454117
vt 0.969646 0.450442
vt 0.968335 0.452010
vt 0.935565 0.993962
vt 0.935967 0.993005
vt 0.969646 0.441459
vt 0.971062 0.442614
vt 0.971409 0.443568
vt 0.971062 0.440310
vt 0.970099 0.441462
vt 0.967882 0.443568
vt 0.966118 0.445139
vt 0.967429 0.443571
vt 0.964355 0.443568
vt 0.966118 0.445678
vt 0.966118 0.442003
vt 0.964808 0.443571
vt 0.966118 0.441459
vt 0.969646 0.445139
vt 0.970956 0.443571
vt 0.969646 0.445678
vt 0.969646 0.442003
vt 0.968335 0.443571
vt 0.953773 0.443568
vt 0.952010 0.445139
vt 0.953320 0.443571
vt 0.950246 0.443568
vt 0.952010 0.445678
vt 0.952010 0.442003
vt 0.950699 0.443571
vt 0.952010 0.441459
vt 0.957300 0.443568
vt 0.955537 0.445139
vt 0.956847 0.443571
vt 0.955537 0.445678
vt 0.955537 0.442003
vt 0.954226 0.443571
vt 0.955537 0.441459
vt 0.960828 0.443568
vt 0.959064 0.445139
vt 0.960375 0.443571
vt 0.959064 0.445678
vt 0.959064 0.442003
vt 0.957753 0.443571
vt 0.959064 0.441459
vt 0.962591 0.445139
vt 0.963902 0.443571
vt 0.962591 0.445678
vt 0.962591 0.442003
vt 0.961281 0.443571
vt 0.962591 0.441459
vt 0.953773 0.452007
vt 0.952010 0.453578
vt 0.953320 0.452010
vt 0.950246 0.452007
vt 0.952010 0.454117
vt 0.952010 0.450442
vt 0.950699 0.452010
vt 0.952010 0.449898
vt 0.957300 0.452007
vt 0.955537 0.453578
vt 0.956847 0.452010
vt 0.955537 0.454117
vt 0.955537 0.450442
vt 0.954226 0.452010
vt 0.955537 0.449898
vt 0.960828 0.452007
vt 0.959064 0.453578
vt 0.960375 0.452010
vt 0.959064 0.454117
vt 0.959064 0.450442
vt 0.957753 0.452010
vt 0.959064 0.449898
vt 0.962591 0.453578
vt 0.963902 0.452010
vt 0.962591 0.454117
vt 0.962591 0.450442
vt 0.961281 0.452010
vt 0.962591 0.449898
vt 0.953773 0.460446
vt 0.952010 0.462017
vt 0.953320 0.460449
vt 0.950246 0.460446
vt 0.952010 0.462556
vt 0.952010 0.458881
vt 0.950699 0.460449
vt 0.952010 0.458337
vt 0.957300 0.460446
vt 0.955537 0.462017
vt 0.956847 0.460449
vt 0.955537 0.462556
vt 0.955537 0.458881
vt 0.954226 0.460449
vt 0.955537 0.458337
vt 0.960828 0.460446
vt 0.959064 0.462017
vt 0.960375 0.460449
vt 0.959064 0.462556
vt 0.959064 0.458881
vt 0.957753 0.460449
vt 0.959064 0.458337
vt 0.962591 0.462017
vt 0.963902 0.460449
vt 0.962591 0.462556
vt 0.962591 0.458881
vt 0.961281 0.460449
vt 0.962591 0.458337
vt 0.952746 0.996532
vt 0.952342 0.993748
vt 0.952747 0.993005
vt 0.955537 0.433020
vt 0.956557 0.431260
vt 0.957300 0.430910
vt 0.954517 0.431260
vt 0.955537 0.432481
vt 0.953773 0.435130
vt 0.952010 0.436700
vt 0.953320 0.435132
vt 0.950246 0.435130
vt 0.952010 0.437239
vt 0.952010 0.433565
vt 0.950699 0.435132
vt 0.952010 0.433020
vt 0.957300 0.435130
vt 0.955537 0.436700
vt 0.956847 0.435132
vt 0.955537 0.437239
vt 0.955537 0.433565
vt 0.954226 0.435132
vt 0.953151 0.996532
vt 0.952747 0.993748
vt 0.953152 0.993005
vt 0.962591 0.433020
vt 0.963611 0.431260
vt 0.964355 0.430910
vt 0.961571 0.431260
vt 0.962591 0.432481
vt 0.960828 0.435130
vt 0.959064 0.436700
vt 0.960375 0.435132
vt 0.959064 0.437239
vt 0.959064 0.433565
vt 0.957753 0.435132
vt 0.959064 0.433020
vt 0.960828 0.434591
vt 0.960828 0.431455
vt 0.959517 0.433023
vt 0.960828 0.430910
vt 0.962138 0.433023
vt 0.957300 0.447249
vt 0.957300 0.447788
vt 0.957300 0.444113
vt 0.955990 0.445681
vt 0.958611 0.445681
vt 0.962591 0.437239
vt 0.964355 0.438810
vt 0.964355 0.439349
vt 0.964355 0.435674
vt 0.963044 0.437242
vt 0.965665 0.437242
vt 0.957300 0.443029
vt 0.957300 0.439894
vt 0.955990 0.441462
vt 0.957300 0.439349
vt 0.958611 0.441462
vt 0.964355 0.434591
vt 0.964355 0.431455
vt 0.963044 0.433023
vt 0.965665 0.433023
vt 0.948288 0.993005
vt 0.947883 0.995788
vt 0.947883 0.993748
vt 0.960084 0.431260
vt 0.958044 0.431260
vt 0.959064 0.432481
vt 0.960828 0.438810
vt 0.960828 0.439349
vt 0.960828 0.435674
vt 0.959517 0.437242
vt 0.962138 0.437242
vt 0.953773 0.434591
vt 0.953773 0.431455
vt 0.952463 0.433023
vt 0.953773 0.430910
vt 0.955084 0.433023
vt 0.962591 0.440920
vt 0.963902 0.439352
vt 0.962591 0.437784
vt 0.961281 0.439352
vt 0.912624 0.996267
vt 0.912221 0.997224
vt 0.950594 0.436090
vt 0.950594 0.438394
vt 0.951557 0.437242
vt 0.959064 0.440920
vt 0.960375 0.439352
vt 0.959064 0.437784
vt 0.957753 0.439352
vt 0.912624 0.993005
vt 0.913026 0.996267
vt 0.912624 0.997224
vt 0.950594 0.431871
vt 0.950246 0.430910
vt 0.950594 0.434175
vt 0.951557 0.433023
vt 0.948693 0.993005
vt 0.948288 0.995788
vt 0.948288 0.993748
vt 0.953030 0.431260
vt 0.950989 0.431260
vt 0.952010 0.432481
vt 0.953773 0.438810
vt 0.953773 0.439349
vt 0.953773 0.435674
vt 0.952463 0.437242
vt 0.955084 0.437242
vt 0.960828 0.459907
vt 0.960828 0.456772
vt 0.959517 0.458339
vt 0.960828 0.456227
vt 0.962138 0.458339
vt 0.966891 0.996532
vt 0.967294 0.993745
vt 0.967294 0.995785
vt 0.961571 0.464321
vt 0.960828 0.464666
vt 0.963611 0.464321
vt 0.962591 0.463101
vt 0.964355 0.464127
vt 0.964355 0.464666
vt 0.964355 0.460991
vt 0.963044 0.462559
vt 0.965665 0.462559
vt 0.960834 0.993005
vt 0.961238 0.995785
vt 0.960834 0.996532
vt 0.958044 0.464321
vt 0.957300 0.464666
vt 0.960084 0.464321
vt 0.959064 0.463101
vt 0.964355 0.459907
vt 0.964355 0.456772
vt 0.963044 0.458339
vt 0.964355 0.456227
vt 0.965665 0.458339
vt 0.960828 0.464127
vt 0.960828 0.460991
vt 0.959517 0.462559
vt 0.962138 0.462559
vt 0.953773 0.459907
vt 0.953773 0.456772
vt 0.952463 0.458339
vt 0.953773 0.456227
vt 0.955084 0.458339
vt 0.968102 0.996532
vt 0.968506 0.993745
vt 0.968506 0.995785
vt 0.954517 0.464321
vt 0.953773 0.464666
vt 0.956557 0.464321
vt 0.955537 0.463101
vt 0.913026 0.997224
vt 0.913429 0.993962
vt 0.913429 0.996267
vt 0.950594 0.461407
vt 0.950594 0.463711
vt 0.951557 0.462559
vt 0.962045 0.993005
vt 0.962449 0.995785
vt 0.962045 0.996532
vt 0.950989 0.464321
vt 0.950246 0.464666
vt 0.953030 0.464321
vt 0.952010 0.463101
vt 0.913429 0.993005
vt 0.913831 0.996267
vt 0.913429 0.997224
vt 0.950594 0.457187
vt 0.950246 0.456227
vt 0.950594 0.459491
vt 0.951557 0.458339
vt 0.953773 0.464127
vt 0.953773 0.460991
vt 0.952463 0.462559
vt 0.955084 0.462559
vt 0.960828 0.451468
vt 0.960828 0.448333
vt 0.959517 0.449901
vt 0.960828 0.447788
vt 0.962138 0.449901
vt 0.955537 0.449359
vt 0.956847 0.447791
vt 0.953773 0.447788
vt 0.955537 0.446223
vt 0.954226 0.447791
vt 0.964355 0.455688
vt 0.964355 0.452552
vt 0.963044 0.454120
vt 0.965665 0.454120
vt 0.952010 0.449359
vt 0.953320 0.447791
vt 0.950246 0.447788
vt 0.952010 0.446223
vt 0.950699 0.447791
vt 0.964355 0.451468
vt 0.964355 0.448333
vt 0.963044 0.449901
vt 0.964355 0.447788
vt 0.965665 0.449901
vt 0.960828 0.455688
vt 0.960828 0.452552
vt 0.959517 0.454120
vt 0.962138 0.454120
vt 0.953773 0.451468
vt 0.953773 0.448333
vt 0.952463 0.449901
vt 0.955084 0.449901
vt 0.962591 0.457797
vt 0.963902 0.456230
vt 0.962591 0.454662
vt 0.961281 0.456230
vt 0.913831 0.993005
vt 0.914234 0.996267
vt 0.913831 0.997224
vt 0.950594 0.452968
vt 0.950594 0.455272
vt 0.951557 0.454120
vt 0.959064 0.457797
vt 0.960375 0.456230
vt 0.957300 0.456227
vt 0.959064 0.454662
vt 0.957753 0.456230
vt 0.914234 0.993005
vt 0.914636 0.996267
vt 0.914234 0.997224
vt 0.950594 0.448748
vt 0.950594 0.451053
vt 0.951557 0.449901
vt 0.953773 0.455688
vt 0.953773 0.452552
vt 0.952463 0.454120
vt 0.955084 0.454120
vt 0.960828 0.443029
vt 0.960828 0.439894
vt 0.959517 0.441462
vt 0.962138 0.441462
vt 0.955537 0.440920
vt 0.956847 0.439352
vt 0.955537 0.437784
vt 0.954226 0.439352
vt 0.964355 0.447249
vt 0.964355 0.444113
vt 0.963044 0.445681
vt 0.965665 0.445681
vt 0.952010 0.440920
vt 0.953320 0.439352
vt 0.950246 0.439349
vt 0.952010 0.437784
vt 0.950699 0.439352
vt 0.964355 0.443029
vt 0.964355 0.439894
vt 0.963044 0.441462
vt 0.965665 0.441462
vt 0.960828 0.447249
vt 0.960828 0.444113
vt 0.959517 0.445681
vt 0.962138 0.445681
vt 0.953773 0.443029
vt 0.953773 0.439894
vt 0.952463 0.441462
vt 0.955084 0.441462
vt 0.962591 0.449359
vt 0.963902 0.447791
vt 0.962591 0.446223
vt 0.961281 0.447791
vt 0.914636 0.993005
vt 0.915039 0.996267
vt 0.914636 0.997224
vt 0.950594 0.444529
vt 0.950594 0.446833
vt 0.951557 0.445681
vt 0.959064 0.449359
vt 0.960375 0.447791
vt 0.959064 0.446223
vt 0.957753 0.447791
vt 0.915039 0.997224
vt 0.915441 0.993962
vt 0.915441 0.996267
vt 0.950594 0.440309
vt 0.950594 0.442614
vt 0.951557 0.441462
vt 0.953773 0.447249
vt 0.953773 0.444113
vt 0.952463 0.445681
vt 0.955084 0.445681
vt 0.967882 0.443029
vt 0.967882 0.439894
vt 0.966571 0.441462
vt 0.967882 0.439349
vt 0.969193 0.441462
vt 0.932748 0.997224
vt 0.932345 0.993962
vt 0.932748 0.993005
vt 0.971062 0.446833
vt 0.971409 0.447788
vt 0.971062 0.444529
vt 0.970099 0.445681
vt 0.971409 0.439349
vt 0.969646 0.440920
vt 0.970956 0.439352
vt 0.969646 0.437784
vt 0.968335 0.439352
vt 0.957300 0.455688
vt 0.957300 0.452552
vt 0.955990 0.454120
vt 0.958611 0.454120
vt 0.966118 0.440920
vt 0.967429 0.439352
vt 0.966118 0.437784
vt 0.964808 0.439352
vt 0.957300 0.451468
vt 0.957300 0.448333
vt 0.955990 0.449901
vt 0.958611 0.449901
vt 0.967882 0.447249
vt 0.967882 0.447788
vt 0.967882 0.444113
vt 0.966571 0.445681
vt 0.969193 0.445681
vt 0.967882 0.451468
vt 0.967882 0.448333
vt 0.966571 0.449901
vt 0.969193 0.449901
vt 0.933150 0.993005
vt 0.932748 0.996267
vt 0.932748 0.993962
vt 0.971062 0.455272
vt 0.971409 0.456227
vt 0.971062 0.452968
vt 0.970099 0.454120
vt 0.969646 0.449359
vt 0.970956 0.447791
vt 0.969646 0.446223
vt 0.968335 0.447791
vt 0.957300 0.464127
vt 0.957300 0.460991
vt 0.955990 0.462559
vt 0.958611 0.462559
vt 0.966118 0.449359
vt 0.967429 0.447791
vt 0.966118 0.446223
vt 0.964808 0.447791
vt 0.957300 0.459907
vt 0.957300 0.456772
vt 0.955990 0.458339
vt 0.958611 0.458339
vt 0.967882 0.455688
vt 0.967882 0.456227
vt 0.967882 0.452552
vt 0.966571 0.454120
vt 0.969193 0.454120
vt 0.967882 0.459907
vt 0.967882 0.456772
vt 0.966571 0.458339
vt 0.969193 0.458339
vt 0.933553 0.997224
vt 0.933150 0.993962
vt 0.933553 0.993005
vt 0.971062 0.463711
vt 0.971062 0.461407
vt 0.970099 0.462559
vt 0.967294 0.996532
vt 0.967698 0.993745
vt 0.967698 0.995785
vt 0.968626 0.464321
vt 0.967882 0.464666
vt 0.970666 0.464321
vt 0.969646 0.463101
vt 0.957300 0.438810
vt 0.957300 0.435674
vt 0.955990 0.437242
vt 0.958611 0.437242
vt 0.962853 0.993005
vt 0.963257 0.995785
vt 0.962853 0.996532
vt 0.965098 0.464321
vt 0.967139 0.464321
vt 0.966118 0.463101
vt 0.957300 0.434591
vt 0.957300 0.431455
vt 0.955990 0.433023
vt 0.958611 0.433023
vt 0.967882 0.464127
vt 0.967882 0.460991
vt 0.966571 0.462559
vt 0.969193 0.462559
vt 0.967882 0.434591
vt 0.967882 0.431455
vt 0.966571 0.433023
vt 0.967882 0.430910
vt 0.969193 0.433023
vt 0.933553 0.993962
vt 0.971062 0.438394
vt 0.971062 0.436090
vt 0.970099 0.437242
vt 0.955537 0.457797
vt 0.956847 0.456230
vt 0.955537 0.454662
vt 0.954226 0.456230
vt 0.966118 0.457797
vt 0.967429 0.456230
vt 0.966118 0.454662
vt 0.964808 0.456230
vt 0.952010 0.457797
vt 0.953320 0.456230
vt 0.952010 0.454662
vt 0.950699 0.456230
vt 0.962591 0.436700
vt 0.963902 0.435132
vt 0.962591 0.433565
vt 0.961281 0.435132
vt 0.947072 0.993005
vt 0.946667 0.995788
vt 0.946667 0.993748
vt 0.967139 0.431260
vt 0.965098 0.431260
vt 0.966118 0.432481
vt 0.967882 0.438810
vt 0.967882 0.435674
vt 0.966571 0.437242
vt 0.969193 0.437242
vt 0.969646 0.457797
vt 0.970956 0.456230
vt 0.969646 0.454662
vt 0.968335 0.456230
vt 0.971409 0.498421
vt 0.950246 0.498421
vt 0.242290 0.506899
vt 0.577397 0.553814
vt 0.578101 0.574977
vt 0.577391 0.574977
vt 0.494064 0.952494
vt 0.496951 0.955381
vt 0.472901 0.952494
vt 0.470014 0.915852
vt 0.472901 0.918739
vt 0.494064 0.918739
vt 0.214023 0.612959
vt 0.213313 0.591797
vt 0.214023 0.591797
vt 0.240630 0.540654
vt 0.241339 0.574410
vt 0.240630 0.574410
vt 0.955178 0.993005
vt 0.954773 0.995788
vt 0.954773 0.993748
vt 0.969736 0.384326
vt 0.970756 0.382567
vt 0.971499 0.382216
vt 0.968716 0.382567
vt 0.969736 0.383787
vt 0.915844 0.997224
vt 0.915844 0.993005
vt 0.971152 0.385481
vt 0.971499 0.386436
vt 0.971152 0.383177
vt 0.970189 0.384329
vt 0.967972 0.386436
vt 0.966209 0.388007
vt 0.967519 0.386439
vt 0.964445 0.386436
vt 0.966209 0.388546
vt 0.966209 0.384871
vt 0.964898 0.386439
vt 0.966209 0.384326
vt 0.969736 0.388007
vt 0.971047 0.386439
vt 0.969736 0.388546
vt 0.969736 0.384871
vt 0.968425 0.386439
vt 0.916246 0.997224
vt 0.915844 0.993962
vt 0.916246 0.993005
vt 0.969736 0.409643
vt 0.971152 0.410798
vt 0.971499 0.411752
vt 0.971152 0.408494
vt 0.970189 0.409646
vt 0.967972 0.411752
vt 0.966209 0.413323
vt 0.967519 0.411755
vt 0.964445 0.411752
vt 0.966209 0.413862
vt 0.966209 0.410188
vt 0.964898 0.411755
vt 0.966209 0.409643
vt 0.969736 0.413323
vt 0.971047 0.411755
vt 0.969736 0.413862
vt 0.969736 0.410188
vt 0.968425 0.411755
vt 0.916649 0.997224
vt 0.916246 0.993962
vt 0.916649 0.993005
vt 0.969736 0.401204
vt 0.971152 0.402359
vt 0.971499 0.403314
vt 0.971152 0.400055
vt 0.970189 0.401207
vt 0.967972 0.403314
vt 0.966209 0.404884
vt 0.967519 0.403316
vt 0.964445 0.403314
vt 0.966209 0.405423
vt 0.966209 0.401749
vt 0.964898 0.403316
vt 0.966209 0.401204
vt 0.969736 0.404884
vt 0.971047 0.403316
vt 0.969736 0.405423
vt 0.969736 0.401749
vt 0.968425 0.403316
vt 0.935565 0.997224
vt 0.935162 0.993962
vt 0.935565 0.993005
vt 0.969736 0.392765
vt 0.971152 0.393920
vt 0.971499 0.394875
vt 0.971152 0.391616
vt 0.970189 0.392768
vt 0.967972 0.394875
vt 0.966209 0.396445
vt 0.967519 0.394878
vt 0.964445 0.394875
vt 0.966209 0.396984
vt 0.966209 0.393310
vt 0.964898 0.394878
vt 0.966209 0.392765
vt 0.969736 0.396445
vt 0.971047 0.394878
vt 0.969736 0.396984
vt 0.969736 0.393310
vt 0.968425 0.394878
vt 0.953863 0.394875
vt 0.952100 0.396445
vt 0.953410 0.394878
vt 0.950336 0.394875
vt 0.952100 0.396984
vt 0.952100 0.393310
vt 0.950789 0.394878
vt 0.952100 0.392765
vt 0.957391 0.394875
vt 0.955627 0.396445
vt 0.956938 0.394878
vt 0.955627 0.396984
vt 0.955627 0.393310
vt 0.954316 0.394878
vt 0.955627 0.392765
vt 0.960918 0.394875
vt 0.959154 0.396445
vt 0.960465 0.394878
vt 0.959154 0.396984
vt 0.959154 0.393310
vt 0.957844 0.394878
vt 0.959154 0.392765
vt 0.962681 0.396445
vt 0.963992 0.394878
vt 0.962681 0.396984
vt 0.962681 0.393310
vt 0.961371 0.394878
vt 0.962681 0.392765
vt 0.953863 0.403314
vt 0.952100 0.404884
vt 0.953410 0.403316
vt 0.950336 0.403314
vt 0.952100 0.405423
vt 0.952100 0.401749
vt 0.950789 0.403316
vt 0.952100 0.401204
vt 0.957391 0.403314
vt 0.955627 0.404884
vt 0.956938 0.403316
vt 0.955627 0.405423
vt 0.955627 0.401749
vt 0.954316 0.403316
vt 0.955627 0.401204
vt 0.960918 0.403314
vt 0.959154 0.404884
vt 0.960465 0.403316
vt 0.959154 0.405423
vt 0.959154 0.401749
vt 0.957844 0.403316
vt 0.959154 0.401204
vt 0.962681 0.404884
vt 0.963992 0.403316
vt 0.962681 0.405423
vt 0.962681 0.401749
vt 0.961371 0.403316
vt 0.962681 0.401204
vt 0.953863 0.411752
vt 0.952100 0.413323
vt 0.953410 0.411755
vt 0.950336 0.411752
vt 0.952100 0.413862
vt 0.952100 0.410188
vt 0.950789 0.411755
vt 0.952100 0.409643
vt 0.957391 0.411752
vt 0.955627 0.413323
vt 0.956938 0.411755
vt 0.955627 0.413862
vt 0.955627 0.410188
vt 0.954316 0.411755
vt 0.955627 0.409643
vt 0.960918 0.411752
vt 0.959154 0.413323
vt 0.960465 0.411755
vt 0.959154 0.413862
vt 0.959154 0.410188
vt 0.957844 0.411755
vt 0.959154 0.409643
vt 0.962681 0.413323
vt 0.963992 0.411755
vt 0.962681 0.413862
vt 0.962681 0.410188
vt 0.961371 0.411755
vt 0.962681 0.409643
vt 0.951124 0.996532
vt 0.950721 0.993748
vt 0.951126 0.993005
vt 0.955627 0.384326
vt 0.956647 0.382567
vt 0.957391 0.382216
vt 0.954607 0.382567
vt 0.955627 0.383787
vt 0.953863 0.386436
vt 0.952100 0.388007
vt 0.953410 0.386439
vt 0.950336 0.386436
vt 0.952100 0.388546
vt 0.952100 0.384871
vt 0.950789 0.386439
vt 0.952100 0.384326
vt 0.957391 0.386436
vt 0.955627 0.388007
vt 0.956938 0.386439
vt 0.955627 0.388546
vt 0.955627 0.384871
vt 0.954316 0.386439
vt 0.955583 0.993005
vt 0.955178 0.995788
vt 0.955179 0.993748
vt 0.962681 0.384326
vt 0.963702 0.382567
vt 0.964445 0.382216
vt 0.961661 0.382567
vt 0.962681 0.383787
vt 0.960918 0.386436
vt 0.959154 0.388007
vt 0.960465 0.386439
vt 0.959154 0.388546
vt 0.959154 0.384871
vt 0.957844 0.386439
vt 0.959154 0.384326
vt 0.960918 0.385897
vt 0.960918 0.382761
vt 0.959607 0.384329
vt 0.960918 0.382216
vt 0.962228 0.384329
vt 0.957391 0.398555
vt 0.957391 0.399094
vt 0.957391 0.395419
vt 0.956080 0.396987
vt 0.958701 0.396987
vt 0.962681 0.388546
vt 0.964445 0.390116
vt 0.964445 0.390655
vt 0.964445 0.386981
vt 0.963134 0.388548
vt 0.965756 0.388548
vt 0.957391 0.394336
vt 0.957391 0.391200
vt 0.956080 0.392768
vt 0.957391 0.390655
vt 0.958701 0.392768
vt 0.964445 0.385897
vt 0.964445 0.382761
vt 0.963134 0.384329
vt 0.965756 0.384329
vt 0.949503 0.996532
vt 0.949099 0.993748
vt 0.949504 0.993005
vt 0.960174 0.382567
vt 0.958134 0.382567
vt 0.959154 0.383787
vt 0.960918 0.390116
vt 0.960918 0.390655
vt 0.960918 0.386981
vt 0.959607 0.388548
vt 0.962228 0.388548
vt 0.953863 0.385897
vt 0.953863 0.382761
vt 0.952553 0.384329
vt 0.953863 0.382216
vt 0.955174 0.384329
vt 0.962681 0.392226
vt 0.963992 0.390658
vt 0.962681 0.389090
vt 0.961371 0.390658
vt 0.917051 0.996267
vt 0.950684 0.387396
vt 0.950684 0.389700
vt 0.951647 0.388548
vt 0.959154 0.392226
vt 0.960465 0.390658
vt 0.959154 0.389090
vt 0.957844 0.390658
vt 0.917051 0.997224
vt 0.917454 0.993962
vt 0.917454 0.996267
vt 0.950684 0.383177
vt 0.950336 0.382216
vt 0.950684 0.385481
vt 0.951647 0.384329
vt 0.949908 0.996532
vt 0.949504 0.993748
vt 0.949909 0.993005
vt 0.953120 0.382567
vt 0.951080 0.382567
vt 0.952100 0.383787
vt 0.953863 0.390116
vt 0.953863 0.390655
vt 0.953863 0.386981
vt 0.952553 0.388548
vt 0.955174 0.388548
vt 0.960918 0.411213
vt 0.960918 0.408078
vt 0.959607 0.409646
vt 0.960918 0.407533
vt 0.962228 0.409646
vt 0.964468 0.993005
vt 0.964872 0.995785
vt 0.964468 0.996532
vt 0.961661 0.415627
vt 0.960918 0.415972
vt 0.963702 0.415627
vt 0.962681 0.414407
vt 0.964445 0.415433
vt 0.964445 0.415972
vt 0.964445 0.412297
vt 0.963134 0.413865
vt 0.965756 0.413865
vt 0.963661 0.993005
vt 0.964064 0.995785
vt 0.963661 0.996532
vt 0.958134 0.415627
vt 0.957391 0.415972
vt 0.960174 0.415627
vt 0.959154 0.414407
vt 0.964445 0.411213
vt 0.964445 0.408078
vt 0.963134 0.409646
vt 0.964445 0.407533
vt 0.965756 0.409646
vt 0.960918 0.415433
vt 0.960918 0.412297
vt 0.959607 0.413865
vt 0.962228 0.413865
vt 0.953863 0.411213
vt 0.953863 0.408078
vt 0.952553 0.409646
vt 0.953863 0.407533
vt 0.955174 0.409646
vt 0.964872 0.996532
vt 0.965275 0.993745
vt 0.965275 0.995785
vt 0.954607 0.415627
vt 0.953863 0.415972
vt 0.956647 0.415627
vt 0.955627 0.414407
vt 0.917454 0.997224
vt 0.917856 0.993962
vt 0.917856 0.996267
vt 0.950684 0.412713
vt 0.950684 0.415017
vt 0.951647 0.413865
vt 0.959623 0.996532
vt 0.960027 0.993745
vt 0.960027 0.995785
vt 0.951080 0.415627
vt 0.950336 0.415972
vt 0.953120 0.415627
vt 0.952100 0.414407
vt 0.917856 0.993005
vt 0.918258 0.996267
vt 0.917856 0.997224
vt 0.950684 0.408494
vt 0.950336 0.407533
vt 0.950684 0.410798
vt 0.951647 0.409646
vt 0.953863 0.415433
vt 0.953863 0.412297
vt 0.952553 0.413865
vt 0.955174 0.413865
vt 0.960918 0.402775
vt 0.960918 0.399639
vt 0.959607 0.401207
vt 0.960918 0.399094
vt 0.962228 0.401207
vt 0.955627 0.400665
vt 0.956938 0.399097
vt 0.953863 0.399094
vt 0.955627 0.397529
vt 0.954316 0.399097
vt 0.964445 0.406994
vt 0.964445 0.403858
vt 0.963134 0.405426
vt 0.965756 0.405426
vt 0.952100 0.400665
vt 0.953410 0.399097
vt 0.950336 0.399094
vt 0.952100 0.397529
vt 0.950789 0.399097
vt 0.964445 0.402775
vt 0.964445 0.399639
vt 0.963134 0.401207
vt 0.964445 0.399094
vt 0.965756 0.401207
vt 0.960918 0.406994
vt 0.960918 0.403858
vt 0.959607 0.405426
vt 0.962228 0.405426
vt 0.953863 0.402775
vt 0.953863 0.399639
vt 0.952553 0.401207
vt 0.955174 0.401207
vt 0.962681 0.409104
vt 0.963992 0.407536
vt 0.962681 0.405968
vt 0.961371 0.407536
vt 0.918258 0.993005
vt 0.918661 0.996267
vt 0.918258 0.997224
vt 0.950684 0.404274
vt 0.950684 0.406578
vt 0.951647 0.405426
vt 0.959154 0.409104
vt 0.960465 0.407536
vt 0.957391 0.407533
vt 0.959154 0.405968
vt 0.957844 0.407536
vt 0.918661 0.993005
vt 0.919063 0.996267
vt 0.918661 0.997224
vt 0.950684 0.400055
vt 0.950684 0.402359
vt 0.951647 0.401207
vt 0.953863 0.406994
vt 0.953863 0.403858
vt 0.952553 0.405426
vt 0.955174 0.405426
vt 0.960918 0.394336
vt 0.960918 0.391200
vt 0.959607 0.392768
vt 0.962228 0.392768
vt 0.955627 0.392226
vt 0.956938 0.390658
vt 0.955627 0.389090
vt 0.954316 0.390658
vt 0.964445 0.398555
vt 0.964445 0.395419
vt 0.963134 0.396987
vt 0.965756 0.396987
vt 0.952100 0.392226
vt 0.953410 0.390658
vt 0.950336 0.390655
vt 0.952100 0.389090
vt 0.950789 0.390658
vt 0.964445 0.394336
vt 0.964445 0.391200
vt 0.963134 0.392768
vt 0.965756 0.392768
vt 0.960918 0.398555
vt 0.960918 0.395419
vt 0.959607 0.396987
vt 0.962228 0.396987
vt 0.953863 0.394336
vt 0.953863 0.391200
vt 0.952553 0.392768
vt 0.955174 0.392768
vt 0.962681 0.400665
vt 0.963992 0.399097
vt 0.962681 0.397529
vt 0.961371 0.399097
vt 0.919063 0.997224
vt 0.919466 0.993962
vt 0.919466 0.996267
vt 0.950684 0.395835
vt 0.950684 0.398139
vt 0.951647 0.396987
vt 0.959154 0.400665
vt 0.960465 0.399097
vt 0.959154 0.397529
vt 0.957844 0.399097
vt 0.919466 0.993005
vt 0.919868 0.996267
vt 0.919466 0.997224
vt 0.950684 0.391616
vt 0.950684 0.393920
vt 0.951647 0.392768
vt 0.953863 0.398555
vt 0.953863 0.395419
vt 0.952553 0.396987
vt 0.955174 0.396987
vt 0.967972 0.394336
vt 0.967972 0.391200
vt 0.966662 0.392768
vt 0.967972 0.390655
vt 0.969283 0.392768
vt 0.920271 0.997224
vt 0.919868 0.993962
vt 0.920271 0.993005
vt 0.971152 0.398139
vt 0.971499 0.399094
vt 0.971152 0.395835
vt 0.970189 0.396987
vt 0.971499 0.390655
vt 0.969736 0.392226
vt 0.971047 0.390658
vt 0.969736 0.389090
vt 0.968425 0.390658
vt 0.957391 0.406994
vt 0.957391 0.403858
vt 0.956080 0.405426
vt 0.958701 0.405426
vt 0.966209 0.392226
vt 0.967519 0.390658
vt 0.966209 0.389090
vt 0.964898 0.390658
vt 0.957391 0.402775
vt 0.957391 0.399639
vt 0.956080 0.401207
vt 0.958701 0.401207
vt 0.967972 0.398555
vt 0.967972 0.399094
vt 0.967972 0.395419
vt 0.966662 0.396987
vt 0.969283 0.396987
vt 0.967972 0.402775
vt 0.967972 0.399639
vt 0.966662 0.401207
vt 0.969283 0.401207
vt 0.920673 0.993005
vt 0.920271 0.996267
vt 0.920271 0.993962
vt 0.971152 0.406578
vt 0.971499 0.407533
vt 0.971152 0.404274
vt 0.970189 0.405426
vt 0.969736 0.400665
vt 0.971047 0.399097
vt 0.969736 0.397529
vt 0.968425 0.399097
vt 0.957391 0.415433
vt 0.957391 0.412297
vt 0.956080 0.413865
vt 0.958701 0.413865
vt 0.966209 0.400665
vt 0.967519 0.399097
vt 0.966209 0.397529
vt 0.964898 0.399097
vt 0.957391 0.411213
vt 0.957391 0.408078
vt 0.956080 0.409646
vt 0.958701 0.409646
vt 0.967972 0.406994
vt 0.967972 0.407533
vt 0.967972 0.403858
vt 0.966662 0.405426
vt 0.969283 0.405426
vt 0.967972 0.411213
vt 0.967972 0.408078
vt 0.966662 0.409646
vt 0.969283 0.409646
vt 0.921076 0.997224
vt 0.920673 0.993962
vt 0.921076 0.993005
vt 0.971152 0.415017
vt 0.971499 0.415972
vt 0.971152 0.412713
vt 0.970189 0.413865
vt 0.964064 0.993005
vt 0.964468 0.995785
vt 0.964064 0.996532
vt 0.968716 0.415627
vt 0.967972 0.415972
vt 0.970756 0.415627
vt 0.969736 0.414407
vt 0.957391 0.390116
vt 0.957391 0.386981
vt 0.956080 0.388548
vt 0.958701 0.388548
vt 0.959219 0.996532
vt 0.959623 0.993745
vt 0.959623 0.995785
vt 0.965189 0.415627
vt 0.967229 0.415627
vt 0.966209 0.414407
vt 0.957391 0.385897
vt 0.957391 0.382761
vt 0.956080 0.384329
vt 0.958701 0.384329
vt 0.967972 0.415433
vt 0.967972 0.412297
vt 0.966662 0.413865
vt 0.969283 0.413865
vt 0.967972 0.385897
vt 0.967972 0.382761
vt 0.966662 0.384329
vt 0.967972 0.382216
vt 0.969283 0.384329
vt 0.921478 0.993005
vt 0.921076 0.996267
vt 0.921076 0.993962
vt 0.971152 0.389700
vt 0.971152 0.387396
vt 0.970189 0.388548
vt 0.955627 0.409104
vt 0.956938 0.407536
vt 0.955627 0.405968
vt 0.954316 0.407536
vt 0.966209 0.409104
vt 0.967519 0.407536
vt 0.966209 0.405968
vt 0.964898 0.407536
vt 0.952100 0.409104
vt 0.953410 0.407536
vt 0.952100 0.405968
vt 0.950789 0.407536
vt 0.962681 0.388007
vt 0.963992 0.386439
vt 0.962681 0.384871
vt 0.961371 0.386439
vt 0.945045 0.996532
vt 0.944641 0.993748
vt 0.945046 0.993005
vt 0.967229 0.382567
vt 0.965189 0.382567
vt 0.966209 0.383787
vt 0.967972 0.390116
vt 0.967972 0.386981
vt 0.966662 0.388548
vt 0.969283 0.388548
vt 0.969736 0.409104
vt 0.971047 0.407536
vt 0.969736 0.405968
vt 0.968425 0.407536
vt 0.588093 0.509356
vt 0.590773 0.539608
vt 0.588093 0.539608
vt 0.972161 0.112050
vt 0.959115 0.081798
vt 0.307502 0.954131
vt 0.307502 0.923879
vt 0.240841 0.669257
vt 0.239809 0.639006
vt 0.240841 0.639006
vt 0.590782 0.600114
vt 0.591804 0.630366
vt 0.590773 0.630366
vt 0.966700 0.936604
vt 0.952314 0.906352
vt 0.588093 0.539609
vt 0.590773 0.569861
vt 0.588093 0.569861
vt 0.241450 0.608754
vt 0.238769 0.608754
vt 0.241872 0.669257
vt 0.241872 0.639006
vt 0.241872 0.699508
vt 0.590782 0.630366
vt 0.591804 0.660618
vt 0.590773 0.660618
vt 0.238778 0.639006
vt 0.239801 0.669259
vt 0.238769 0.669258
vt 0.210548 0.591796
vt 0.213228 0.622048
vt 0.210548 0.622048
vt 0.976155 0.207506
vt 0.963109 0.177254
vt 0.976155 0.177254
vt 0.972329 0.805513
vt 0.959283 0.775261
vt 0.027022 0.972428
vt 0.012636 0.942176
vt 0.027022 0.942176
vt 0.211579 0.682551
vt 0.210548 0.652301
vt 0.211579 0.652301
vt 0.590782 0.509356
vt 0.591804 0.539609
vt 0.590773 0.539609
vt 0.973501 0.081798
vt 0.959115 0.051546
vt 0.973501 0.051546
vt 0.241450 0.639006
vt 0.238769 0.639006
vt 0.213228 0.652301
vt 0.213228 0.682551
vt 0.212197 0.652301
vt 0.591804 0.690869
vt 0.590782 0.539609
vt 0.591804 0.569861
vt 0.590782 0.569861
vt 0.591804 0.600114
vt 0.590773 0.600113
vt 0.916738 0.000187
vt 0.896408 0.118415
vt 0.896408 0.000123
vt 0.916738 0.156514
vt 0.896408 0.177186
vt 0.896408 0.156450
vt 0.292579 0.923879
vt 0.250472 0.865499
vt 0.296853 0.920258
vt 0.852523 0.118295
vt 0.794590 0.156518
vt 0.794590 0.118483
vt 0.115539 0.591796
vt 0.140454 0.541882
vt 0.140454 0.591796
vt 0.295037 0.503770
vt 0.245461 0.336095
vt 0.295037 0.336095
vt 0.414429 0.591692
vt 0.381968 0.541778
vt 0.414429 0.541778
vt 0.324562 0.503770
vt 0.324562 0.336095
vt 0.356381 0.503770
vt 0.356381 0.336095
vt 0.381968 0.503770
vt 0.039388 0.336199
vt 0.084422 0.386113
vt 0.039388 0.386113
vt 0.112362 0.591796
vt 0.084422 0.424122
vt 0.112362 0.424122
vt 0.912360 0.391263
vt 0.931304 0.509653
vt 0.912326 0.509554
vt 0.912378 0.332493
vt 0.931350 0.353328
vt 0.912371 0.353229
vt 0.876597 0.332307
vt 0.876581 0.353042
vt 0.876545 0.509368
vt 0.295037 0.541778
vt 0.245414 0.503770
vt 0.417609 0.591692
vt 0.455975 0.424018
vt 0.455975 0.591692
vt 0.544583 0.386009
vt 0.577391 0.386009
vt 0.486041 0.591692
vt 0.518478 0.424018
vt 0.486041 0.424018
vt 0.544583 0.424018
vt 0.518478 0.591692
vt 0.185869 0.541882
vt 0.185869 0.503874
vt 0.214023 0.336199
vt 0.214023 0.503874
vt 0.577516 0.709985
vt 0.573243 0.709985
vt 0.857907 0.177066
vt 0.857897 0.156330
vt 0.588093 0.332292
vt 0.592366 0.353028
vt 0.588093 0.353028
vt 0.588093 0.391064
vt 0.592366 0.509356
vt 0.876570 0.391077
vt 0.292579 0.801726
vt 0.280779 0.824325
vt 0.275492 0.821900
vt 0.081185 0.775537
vt 0.039077 0.833916
vt 0.031736 0.833916
vt 0.584132 0.332292
vt 0.588044 0.499968
vt 0.584083 0.499967
vt 0.936259 0.382216
vt 0.931370 0.332301
vt 0.936274 0.332302
vt 0.804152 0.684377
vt 0.822645 0.713187
vt 0.817416 0.715208
vt 0.790064 0.647753
vt 0.809182 0.681895
vt 0.785320 0.650744
vt 0.770421 0.619921
vt 0.072067 0.667944
vt 0.086966 0.637121
vt 0.091421 0.640523
vt 0.053235 0.701577
vt 0.067322 0.664953
vt 0.034742 0.730387
vt 0.048205 0.699095
vt 0.039388 0.424122
vt 0.003162 0.591796
vt 0.003115 0.424122
vt 0.837550 0.756514
vt 0.832253 0.758336
vt 0.003162 0.336199
vt 0.039971 0.732408
vt 0.019837 0.773714
vt 0.032394 0.593430
vt 0.083016 0.599181
vt 0.032243 0.599031
vt 0.824993 0.576229
vt 0.774371 0.581981
vt 0.774488 0.576379
vt 0.000000 0.597391
vt 0.000285 0.591796
vt 0.857387 0.580190
vt 0.825144 0.581830
vt 0.113631 0.604783
vt 0.125972 0.598621
vt 0.765966 0.623322
vt 0.743756 0.587582
vt 0.577516 0.730721
vt 0.573243 0.730721
vt 0.592366 0.391064
vt 0.816438 0.353294
vt 0.871203 0.332305
vt 0.871207 0.353041
vt 0.250472 0.860105
vt 0.243132 0.860105
vt 0.852513 0.000003
vt 0.794590 0.000191
vt 0.816427 0.391329
vt 0.871151 0.509366
vt 0.816392 0.509619
vt 0.081185 0.897690
vt 0.069384 0.875091
vt 0.085459 0.894069
vt 0.852513 0.177066
vt 0.794590 0.177254
vt 0.871195 0.391075
vt 0.064097 0.877515
vt 0.039077 0.839310
vt 0.857897 0.118295
vt 0.933873 0.808736
vt 0.939475 0.783865
vt 0.939475 0.808736
vt 0.924232 0.329415
vt 0.918946 0.329415
vt 0.945076 0.808736
vt 0.945076 0.782298
vt 0.584072 0.537975
vt 0.588018 0.587891
vt 0.584058 0.587890
vt 0.185869 0.591796
vt 0.214023 0.541882
vt 0.214023 0.591796
vt 0.140454 0.503874
vt 0.544583 0.336095
vt 0.518478 0.386009
vt 0.518478 0.336095
vt 0.486041 0.336095
vt 0.486041 0.386009
vt 0.455975 0.386009
vt 0.455975 0.336095
vt 0.577391 0.424018
vt 0.115492 0.541882
vt 0.417609 0.336095
vt 0.112362 0.386113
vt 0.084422 0.336199
vt 0.112362 0.336199
vt 0.356381 0.541778
vt 0.381968 0.591692
vt 0.356381 0.591692
vt 0.324562 0.591692
vt 0.295037 0.591692
vt 0.414429 0.503770
vt 0.003115 0.386113
vt 0.245461 0.591692
vt 0.245414 0.541778
vt 0.747163 0.580758
vt 0.734822 0.574596
vt 0.381968 0.336095
vt 0.414429 0.336095
vt 0.084422 0.591796
vt 0.039388 0.591796
vt 0.115539 0.336199
vt 0.140454 0.336199
vt 0.544583 0.591692
vt 0.577391 0.591692
vt 0.185869 0.336199
vt 0.138768 0.759473
vt 0.133913 0.591797
vt 0.138816 0.591798
vt 0.588033 0.537977
vt 0.324562 0.541778
vt 0.417562 0.424018
vt 0.894451 0.896881
vt 0.900052 0.929032
vt 0.894451 0.929032
vt 0.905581 0.930921
vt 0.900624 0.892912
vt 0.905592 0.892913
vt 0.017963 0.905021
vt 0.012361 0.937171
vt 0.012361 0.904886
vt 0.081812 0.966767
vt 0.031494 0.965245
vt 0.030919 0.897690
vt 0.199647 0.902795
vt 0.212886 0.938907
vt 0.199645 0.938907
vt 0.584764 0.908847
vt 0.567082 0.946357
vt 0.567082 0.897708
vt 0.722383 0.935983
vt 0.704702 0.898472
vt 0.722383 0.898472
vt 0.948731 0.463597
vt 0.931360 0.433130
vt 0.948731 0.446917
vt 0.861933 0.896754
vt 0.875176 0.949711
vt 0.861935 0.949711
vt 0.942797 0.268009
vt 0.925107 0.322367
vt 0.925107 0.256870
vt 0.942746 0.863222
vt 0.925169 0.808864
vt 0.942746 0.808864
vt 0.948810 0.414903
vt 0.931356 0.384436
vt 0.948810 0.398224
vt 0.743272 0.581518
vt 0.730931 0.575356
vt 0.742025 0.584016
vt 0.729684 0.577854
vt 0.731414 0.581420
vt 0.242325 0.336095
vt 0.581184 0.499968
vt 0.578400 0.332301
vt 0.581192 0.332301
vt 0.000030 0.591796
vt -0.000000 0.386113
vt 0.578407 0.499968
vt 0.581184 0.537975
vt 0.578407 0.537975
vt 0.242295 0.503770
vt 0.242295 0.541778
vt 0.115362 0.601216
vt 0.127703 0.595054
vt 0.114115 0.598718
vt 0.126456 0.592556
vt 0.122565 0.591796
vt 0.414429 0.386009
vt 0.417562 0.386009
vt 0.581225 0.499975
vt 0.583990 0.537985
vt 0.581214 0.537984
vt 0.112362 0.503874
vt 0.112362 0.541882
vt 0.414459 0.336095
vt 0.583983 0.587899
vt 0.581191 0.587898
vt 0.112391 0.591796
vt 0.115492 0.503874
vt 0.112391 0.336199
vt 0.584002 0.499976
vt 0.581266 0.332301
vt 0.584058 0.332301
vt 0.414459 0.591692
vt 0.000030 0.336199
vt 0.581192 0.587887
vt 0.578400 0.587887
vt 0.242325 0.591692
vt 0.082898 0.593579
vt 0.110224 0.597958
vt 0.199104 0.941001
vt 0.197511 0.939353
vt 0.198487 0.943069
vt 0.197301 0.941161
vt 0.196243 0.943598
vt 0.197955 0.944578
vt 0.195897 0.941496
vt 0.196896 0.942510
vt 0.195338 0.939867
vt 0.194693 0.942049
vt 0.193692 0.940316
vt 0.215028 0.939353
vt 0.213436 0.941001
vt 0.217220 0.939867
vt 0.215244 0.941161
vt 0.217884 0.942049
vt 0.218892 0.940316
vt 0.216335 0.943598
vt 0.216659 0.941496
vt 0.214074 0.943069
vt 0.214634 0.944578
vt 0.215661 0.942510
vt 0.861387 0.951807
vt 0.859795 0.950159
vt 0.860756 0.953881
vt 0.859581 0.951969
vt 0.858500 0.954416
vt 0.860205 0.955399
vt 0.858169 0.952308
vt 0.859167 0.953321
vt 0.857609 0.950679
vt 0.856951 0.952866
vt 0.855944 0.951136
vt 0.877313 0.950159
vt 0.875721 0.951807
vt 0.879491 0.950679
vt 0.877525 0.951969
vt 0.880142 0.952866
vt 0.881145 0.951136
vt 0.878593 0.954416
vt 0.878932 0.952308
vt 0.876343 0.953881
vt 0.876884 0.955399
vt 0.877933 0.953321
vt 0.950246 0.463051
vt 0.950246 0.447463
vt 0.950336 0.398770
vt 0.925169 0.874361
vt 0.943183 0.864956
vt 0.925165 0.876420
vt 0.844132 0.966003
vt 0.842507 0.964496
vt 0.949399 0.396516
vt 0.931356 0.382216
vt 0.931360 0.477384
vt 0.949312 0.465304
vt 0.230800 0.955088
vt 0.232425 0.953580
vt 0.585208 0.907112
vt 0.931356 0.428690
vt 0.949399 0.416610
vt 0.931356 0.430910
vt 0.892826 0.966003
vt 0.894451 0.964496
vt 0.943242 0.266274
vt 0.925108 0.254811
vt 0.704702 0.947122
vt 0.722827 0.937717
vt 0.704703 0.949180
vt 0.182108 0.955088
vt 0.180483 0.953580
vt 0.949312 0.445210
vt 0.859779 0.896757
vt 0.857587 0.896767
vt 0.855942 0.896780
vt 0.218894 0.902806
vt 0.217242 0.902801
vt 0.215043 0.902797
vt 0.212888 0.902795
vt 0.881143 0.896780
vt 0.879510 0.896767
vt 0.877325 0.896757
vt 0.875175 0.896754
vt 0.197498 0.902797
vt 0.195319 0.902801
vt 0.193694 0.902806
vt 0.179932 0.905031
vt 0.178410 0.955349
vt 0.127703 0.955929
vt 0.038241 0.835626
vt 0.030900 0.835626
vt 0.030900 0.837600
vt 0.038241 0.837600
vt 0.031736 0.839310
vt 0.854215 0.000000
vt 0.854219 0.118292
vt 0.856186 0.118292
vt 0.856190 0.000000
vt 0.872899 0.391071
vt 0.872910 0.353036
vt 0.874866 0.391072
vt 0.874877 0.353037
vt 0.249636 0.861815
vt 0.242295 0.861815
vt 0.242295 0.863789
vt 0.249636 0.863789
vt 0.243131 0.865499
vt 0.852523 0.156330
vt 0.854215 0.177063
vt 0.854219 0.156327
vt 0.856190 0.177063
vt 0.874835 0.509362
vt 0.872861 0.509362
vt 0.874887 0.332301
vt 0.872913 0.332301
vt 0.856186 0.156327
vt 0.857907 0.000003
vt 0.496951 0.947873
vt 0.290186 0.591693
vt 0.404688 0.591693
vt 0.264776 0.591693
vt 0.264776 0.603742
vt 0.841711 0.898424
vt 0.841711 0.758513
vt 0.841711 0.873014
vt 0.537277 0.915849
vt 0.264649 0.801726
vt 0.127744 0.762725
vt 0.615110 0.816898
vt 0.339609 0.857742
vt 0.420653 0.857742
vt 0.402514 0.857742
vt 0.402514 0.843791
vt 0.841711 0.920904
vt 0.850606 0.293497
vt 0.794590 0.322699
vt 0.836725 0.266835
vt 0.242295 0.689694
vt 0.906622 0.224700
vt 0.862136 0.266835
vt 0.906622 0.322699
vt 0.339609 0.874043
vt 0.324733 0.168198
vt 0.350143 0.168198
vt 0.324733 0.294693
vt 0.324733 0.194860
vt 0.242295 0.224063
vt 0.575391 0.224063
vt 0.605119 -0.000000
vt 0.623710 0.670015
vt 0.760528 0.426391
vt 0.760528 0.574596
vt 0.760528 0.332301
vt 0.760528 0.349140
vt 0.749901 0.349140
vt 0.749901 0.426391
vt 0.760528 0.374550
vt 0.760528 0.400981
vt 0.816392 0.574596
vt 0.787190 0.426391
vt 0.787190 0.400981
vt 0.214093 0.336199
vt 0.000000 0.000000
vt 0.693185 0.381670
vt 0.915320 0.509653
vt 0.921617 0.509653
vt 0.928313 0.876420
vt 0.940738 0.114126
vt 0.207631 0.982244
vt 0.944766 0.677145
vt 0.226446 0.749431
vt 0.948084 0.611886
vt 0.699755 0.932094
vt 0.234637 0.749432
vt 0.741732 0.242336
vt 0.931600 0.228881
vt 0.805687 0.958909
vt 0.646202 0.912978
vt 0.315048 0.955709
vt 0.346626 0.955709
vt 0.340459 0.955709
vt 0.340459 0.923687
vt 0.894451 0.954442
vt 0.085752 0.902795
vt 0.963403 0.694739
vt 0.931427 0.677136
vt 0.925260 0.677134
vt 0.963261 0.677145
vt 0.729684 0.958911
vt 0.004492 0.904887
vt 0.114630 0.953070
vt 0.299410 0.979540
vt 0.936274 0.332301
vt 0.693197 0.407080
vt 0.655908 0.407080
vt 0.939893 0.574596
vt 0.947753 0.611886
vt 0.114637 0.953067
vt 0.215499 0.980497
vt 0.951043 0.846154
vt 0.943183 0.808864
vt 0.933873 0.745009
vt 0.942177 0.000000
vt 0.950037 0.037290
vt 0.395669 0.953605
vt 0.838958 0.980345
vt 0.943242 0.292101
vt 0.242295 0.923879
vt 0.232425 0.902795
vt 0.240925 0.940085
vt 0.791651 0.331434
vt 0.783159 0.306022
vt 0.953575 0.807707
vt 0.637136 0.958553
vt 0.644357 0.928303
vt 0.239637 0.970336
vt 0.816392 0.509653
vt 0.793624 0.306022
vt 0.001889 0.942176
vt 0.975778 0.362552
vt 0.949869 0.329389
vt 0.722835 0.934112
vt 0.943887 0.176825
vt 0.591836 0.895649
vt 0.585208 0.932939
vt 0.943887 0.114126
vt 0.972879 0.846154
vt 0.300985 0.979541
vt 0.722827 0.934112
vt 0.930918 0.691586
vt 0.433010 0.944312
vt 0.925260 0.677145
vt 0.751389 0.000000
vt 0.751318 0.243116
vt 0.769874 0.243104
vt 0.912784 0.297395
vt 0.998906 0.037376
vt 0.711057 0.896828
vt 0.968917 0.574596
vt 0.577550 0.730723
vt 0.980790 0.284743
vt 0.980203 0.114126
vt 0.971201 0.029689
vt 0.725517 0.319898
vt 0.948218 0.088835
vt 0.232607 0.578502
vt 0.226446 0.578502
vt 0.214072 0.578502
vt 0.198178 0.591797
vt 0.869804 0.574596
vt 0.204386 0.591797
vt 0.882127 0.574596
vt 0.857434 0.574596
vt 0.857387 0.735677
vt 0.863642 0.574596
vt 0.863595 0.735677
vt 0.992743 0.000000
vt 0.975305 0.543409
vt 0.971409 0.460599
vt 0.718257 0.319898
vt 0.916738 0.000000
vt 0.460481 0.981391
vt 0.818013 0.989642
vt 0.496015 0.915852
vt 0.530683 0.801726
vt 0.577550 0.745238
vt 0.980731 0.838796
vt 0.972871 0.846154
vt 0.732777 0.319898
vt 0.948219 0.088835
vt 0.412238 0.981391
vt 0.824177 0.989642
vt 0.504682 0.915852
vt 0.992742 0.015242
vt 0.374660 0.983410
vt 0.984405 0.724543
vt 0.972329 0.774698
vt 0.938612 0.479604
vt 0.992742 0.018887
vt 0.984111 0.237311
vt 0.979586 0.804950
vt 0.945869 0.479604
vt 0.992742 0.011596
vt 0.567082 0.976163
vt 0.984278 0.686473
vt 0.971500 0.411905
vt 0.973956 0.906352
vt 0.557835 0.915852
vt 0.811849 0.989642
vt 0.478681 0.915852
vt 0.513349 0.801726
vt 0.451529 0.801726
vt 0.992742 0.068190
vt 0.451495 0.918751
vt 0.470015 0.918745
vt 0.992742 0.086675
vt 0.617447 0.242336
vt 0.629796 0.242336
vt 0.605073 0.242336
vt 0.992742 0.312926
vt 0.675163 0.912979
vt 0.998485 0.296525
vt 0.657949 0.912979
vt 0.998485 0.285588
vt 0.652076 0.912979
vt 0.663823 0.816891
vt 0.992742 0.318393
vt 0.912936 0.812245
vt 0.998485 0.280120
vt 0.109854 0.897328
vt 0.121601 0.775537
vt 0.992757 0.280118
vt 0.716524 0.898467
vt 0.998485 0.291057
vt 0.115595 0.775537
vt 0.127342 0.897325
vt 0.998904 0.265364
vt 0.998906 0.043540
vt 0.627575 0.926805
vt 0.998906 0.049703
vt 0.729131 0.896822
vt 0.992742 0.179101
vt 0.584019 0.891858
vt 0.906774 0.840646
vt 0.623634 0.242336
vt 0.703736 0.328757
vt 0.912903 0.924792
vt 0.925165 0.921404
vt 0.611260 0.242336
vt 0.967492 0.936684
vt 0.577550 0.737981
vt 0.982002 0.906352
vt 0.722827 0.949180
vt 0.971033 0.321789
vt 0.710996 0.319898
vt 0.412235 0.989865
vt 0.939893 0.623720
vt 0.700036 0.879798
vt 0.919015 0.921404
vt 0.942177 0.048404
vt 0.168474 0.591796
vt 0.969553 0.736095
vt 0.162312 0.591797
vt 0.427380 0.989865
vt 0.198131 0.754739
vt 0.156150 0.591797
vt 0.174635 0.591797
vt 0.830341 0.989642
vt 0.189464 0.754739
vt 0.147483 0.591797
vt 0.776105 0.000000
vt 0.776035 0.240492
vt 0.794590 0.240480
vt 0.577896 0.587899
vt 0.220284 0.578502
vt 0.133864 0.762725
vt 0.847912 0.758336
vt 0.584058 0.893660
vt 0.847873 0.893175
vt 0.006199 0.775537
vt 0.024684 0.781809
vt 0.006162 0.904886
vt 0.091657 0.775537
vt 0.992742 0.018889
vt 0.091621 0.898594
vt 0.426849 0.801726
vt 0.426814 0.918893
vt 0.615110 0.816892
vt 0.723522 0.574596
vt 0.710915 0.574596
vt 0.998906 0.055867
vt 0.711057 0.776686
vt 0.717360 0.574596
vt 0.460478 0.989865
vt 0.992742 0.007950
vt 0.106754 0.982873
vt 0.979418 0.111486
vt 0.974037 0.509653
vt 0.567082 0.915852
vt 0.728989 0.989538
vt 0.487348 0.915852
vt 0.522016 0.801726
vt 0.966070 0.509416
vt 0.475062 0.986356
vt 0.862714 0.977554
vt 0.121898 0.988043
vt 0.722827 0.959523
vt 0.947225 0.048843
vt 0.877844 0.977554
vt 0.979796 0.936683
vt 0.022741 0.972428
vt 0.292946 0.982706
vt 0.992742 0.707105
vt 0.990299 0.150707
vt 0.992098 0.894708
vt 0.984112 0.207506
vt 0.967495 0.977824
vt 0.338915 0.988241
vt 0.992742 0.646526
vt 0.952277 0.048843
vt 0.323771 0.967261
vt 0.992742 0.479936
vt 0.961019 0.509416
vt 0.482319 0.986356
vt 0.535110 0.993005
vt 0.930161 0.322367
vt 0.333867 0.988241
vt 0.267706 0.961167
vt 0.992742 0.717202
vt 0.590256 0.944492
vt 0.872796 0.977555
vt 0.045433 0.993005
vt 0.509869 0.993005
vt 0.867765 0.977554
vt 0.992742 0.454695
vt 0.953132 0.623439
vt 0.979507 0.846153
vt 0.977530 0.037290
vt 0.983305 0.247298
vt 0.992742 0.500128
vt 0.990299 0.162378
vt 0.992101 0.904695
vt 0.984137 0.532489
vt 0.935212 0.322367
vt 0.544397 0.987915
vt 0.946373 0.381144
vt 0.076332 0.967319
vt 0.544404 0.966933
vt 0.076332 0.978736
vt 0.981135 0.321789
vt 0.992742 0.515273
vt 0.971121 0.509416
vt 0.986775 0.379577
vt 0.992742 0.742443
vt 0.531621 0.977591
vt 0.549449 0.987915
vt 0.979088 0.532489
vt 0.729687 0.970473
vt 0.983337 0.312075
vt 0.499773 0.993005
vt 0.855205 0.322699
vt 0.744837 0.980462
vt 0.955391 0.415972
vt 0.981203 0.177254
vt 0.956433 0.970439
vt 0.982002 0.886407
vt 0.262488 0.982707
vt 0.986252 0.188926
vt 0.185536 0.982244
vt 0.990828 0.817165
vt 0.383664 0.993005
vt 0.984405 0.713864
vt 0.992742 0.848455
vt 0.870357 0.322699
vt 0.729684 0.980462
vt 0.749877 0.958922
vt 0.894454 0.954444
vt 0.525536 0.966931
vt 0.787898 0.970461
vt 0.208235 0.752877
vt 0.734735 0.980462
vt 0.953139 0.611886
vt 0.860255 0.322699
vt 0.739786 0.980462
vt 0.965491 0.415972
vt 0.367631 0.954898
vt 0.318720 0.967260
vt 0.961484 0.970439
vt 0.982002 0.876420
vt 0.992742 0.348682
vt 0.986269 0.587445
vt 0.195638 0.982244
vt 0.980353 0.574547
vt 0.992742 0.424406
vt 0.794593 0.322699
vt 0.749888 0.980462
vt 0.963239 0.611886
vt 0.953579 0.782298
vt 0.564589 0.966933
vt 0.976173 0.603040
vt 0.973209 0.237311
vt 0.976679 0.369590
vt 0.980732 0.808864
vt 0.734738 0.970473
vt 0.925168 0.980428
vt 0.408905 0.993005
vt 0.865306 0.322699
vt 0.252392 0.982706
vt 0.992742 0.697009
vt 0.990450 0.551712
vt 0.328134 0.993005
vt 0.887944 0.977422
vt 0.426266 0.981391
vt 0.777790 0.980449
vt 0.804690 0.332263
vt 0.956428 0.989991
vt 0.992742 0.757587
vt 0.955384 0.427525
vt 0.984133 0.509653
vt 0.992742 0.762636
vt 0.809740 0.332263
vt 0.966533 0.989990
vt 0.242295 0.982707
vt 0.990450 0.563130
vt 0.951377 0.980428
vt 0.963110 0.237311
vt 0.997790 0.772732
vt 0.438059 0.955865
vt 0.814791 0.332263
vt 0.961482 0.989990
vt 0.100964 0.993005
vt 0.892995 0.977422
vt 0.459365 0.981391
vt 0.819842 0.332263
vt 0.782841 0.990012
vt 0.956476 0.381144
vt 0.824893 0.332263
vt 0.772739 0.990012
vt 0.990453 0.573118
vt 0.979797 0.948102
vt 0.986269 0.597432
vt 0.957328 0.048843
vt 0.972540 0.977824
vt 0.464413 0.981391
vt 0.992742 0.338586
vt 0.992742 0.863600
vt 0.925168 0.970439
vt 0.900613 0.986487
vt 0.693139 0.979112
vt 0.887944 0.986987
vt 0.982646 0.966404
vt 0.732780 0.319895
vt 0.971409 0.505906
vt 0.980731 0.818851
vt 0.131253 0.993005
vt 0.978553 0.051546
vt 0.277802 0.982707
vt 0.427385 0.981391
vt 0.987627 0.045591
vt 0.983340 0.312075
vt 0.892995 0.986987
vt 0.554504 0.978352
vt 0.737832 0.319895
vt 0.975306 0.543409
vt 0.978549 0.062965
vt 0.992742 0.328490
vt 0.930219 0.970439
vt 0.987050 0.905958
vt 0.745159 0.320675
vt 0.597773 0.975612
vt 0.899499 0.987113
vt 0.106754 0.978480
vt 0.992742 0.378972
vt 0.963403 0.724543
vt 0.146398 0.993005
vt 0.750211 0.320675
vt 0.011980 0.982420
vt 0.978553 0.062965
vt 0.100897 0.991175
vt 0.985157 0.927757
vt 0.987691 0.984694
vt 0.847555 0.987119
vt 0.318727 0.978680
vt 0.755262 0.320675
vt 0.122651 0.976172
vt 0.978549 0.074384
vt 0.328819 0.967261
vt 0.992742 0.399165
vt 0.935270 0.970439
vt 0.852606 0.987119
vt 0.722830 0.971075
vt 0.824899 0.322699
vt 0.956483 0.369590
vt 0.980732 0.828838
vt 0.974040 0.532489
vt 0.200688 0.982244
vt 0.990828 0.835454
vt 0.984845 0.936684
vt 0.829950 0.322699
vt 0.565399 0.993005
vt 0.957335 0.037290
vt 0.972547 0.966404
vt 0.980202 0.114126
vt 0.992742 0.883793
vt 0.980203 0.124113
vt 0.976086 0.321789
vt 0.935267 0.980428
vt 0.984634 0.765408
vt 0.835001 0.322699
vt 0.958190 0.611886
vt 0.940318 0.980428
vt 0.840052 0.322699
vt 0.787895 0.980449
vt 0.122655 0.953067
vt 0.343960 0.967260
vt 0.980790 0.254811
vt 0.232428 0.970336
vt 0.986270 0.613027
vt 0.012639 0.982416
vt 0.983601 0.081254
vt 0.232425 0.980325
vt 0.845103 0.322699
vt 0.792946 0.980449
vt 0.960443 0.415972
vt 0.438058 0.967417
vt 0.367631 0.966451
vt 0.012639 0.972427
vt 0.983505 0.029962
vt 0.945369 0.980428
vt 0.850154 0.322699
vt 0.932591 0.113080
vt 0.986252 0.207215
vt 0.880459 0.322699
vt 0.656298 0.984365
vt 0.242295 0.961167
vt 0.239685 0.760985
vt 0.744840 0.970473
vt 0.983599 0.734530
vt 0.990299 0.132416
vt 0.992742 0.974706
vt 0.885510 0.322699
vt 0.137799 0.987045
vt 0.765359 0.332228
vt 0.899499 0.977548
vt 0.992742 0.555659
vt 0.975305 0.554827
vt 0.484530 0.966933
vt 0.950917 0.509416
vt 0.986269 0.584583
vt 0.992742 0.596045
vt 0.890561 0.322699
vt 0.372676 0.987433
vt 0.770410 0.332228
vt 0.847555 0.977555
vt 0.895612 0.322699
vt 0.987627 0.046853
vt 0.775462 0.332228
vt 0.992742 0.570803
vt 0.980203 0.144088
vt 0.754928 0.970473
vt 0.983599 0.744518
vt 0.990299 0.142404
vt 0.351674 0.993005
vt 0.900663 0.322699
vt 0.530581 0.987913
vt 0.966583 0.369590
vt 0.262507 0.993005
vt 0.780513 0.332228
vt 0.489582 0.966933
vt 0.051092 0.978736
vt 0.277652 0.993005
vt 0.955968 0.509416
vt 0.395662 0.979017
vt 0.925110 0.322367
vt 0.987691 0.985955
vt 0.992742 0.570804
vt 0.017690 0.972428
vt 0.272584 0.982706
vt 0.973503 0.724543
vt 0.976081 0.331778
vt 0.986270 0.624445
vt 0.550254 0.993005
vt 0.429098 0.993005
vt 0.852612 0.977554
vt 0.343963 0.988241
vt 0.951425 0.381144
vt 0.496954 0.977593
vt 0.313672 0.988243
vt 0.729684 0.958922
vt 0.992742 0.823214
vt 0.949814 0.688698
vt 0.977527 0.048841
vt 0.759979 0.970473
vt 0.000000 0.993005
vt 0.203179 0.762442
vt 0.992742 0.989805
vt 0.990299 0.170681
vt 0.022738 0.982416
vt 0.982643 0.986380
vt 0.954866 0.688698
vt 0.984555 0.846154
vt 0.292796 0.993005
vt 0.984405 0.694738
vt 0.208230 0.762442
vt 0.787892 0.990012
vt 0.882892 0.977422
vt 0.431315 0.981391
vt 0.539353 0.966933
vt 0.061188 0.978736
vt 0.983805 0.382216
vt 0.857663 0.977554
vt 0.554500 0.987915
vt 0.817805 0.993005
vt 0.313679 0.967261
vt 0.978292 0.312075
vt 0.489575 0.987915
vt 0.615110 0.974984
vt 0.739789 0.970473
vt 0.877847 0.977422
vt 0.318723 0.988243
vt 0.975587 0.415972
vt 0.559545 0.966933
vt 0.980356 0.564815
vt 0.977591 0.987387
vt 0.651250 0.963250
vt 0.930449 0.808139
vt 0.976679 0.381142
vt 0.941322 0.381144
vt 0.977598 0.966404
vt 0.656299 0.963251
vt 0.961534 0.369590
vt 0.530581 0.966931
vt 0.389804 0.983410
vt 0.986775 0.369590
vt 0.017690 0.982416
vt 0.990828 0.843756
vt 0.767690 0.958909
vt 0.953579 0.793851
vt 0.085752 0.982873
vt 0.590640 0.993005
vt 0.180486 0.982244
vt 0.006928 0.990721
vt 0.637136 0.958555
vt 0.954873 0.677145
vt 0.272754 0.982706
vt 0.190587 0.982244
vt 0.984845 0.966390
vt 0.549456 0.966933
vt 0.875408 0.322699
vt 0.494627 0.987915
vt 0.979586 0.795235
vt 0.797982 0.970461
vt 0.578107 0.511487
vt 0.242290 0.439386
vt 0.954368 0.995788
vt 0.921478 0.996267
vt 0.921881 0.996267
vt 0.922686 0.997224
vt 0.922686 0.996267
vt 0.953557 0.995788
vt 0.953962 0.995788
vt 0.946261 0.996532
vt 0.923491 0.993963
vt 0.923893 0.993962
vt 0.947476 0.996532
vt 0.967698 0.993005
vt 0.963661 0.993745
vt 0.966487 0.993005
vt 0.923893 0.993005
vt 0.962853 0.993745
vt 0.924296 0.993005
vt 0.925101 0.993963
vt 0.925503 0.993962
vt 0.925906 0.993962
vt 0.926710 0.997224
vt 0.926710 0.996267
vt 0.927113 0.996267
vt 0.965679 0.993745
vt 0.960834 0.993745
vt 0.946262 0.995788
vt 0.637136 0.928301
vt 0.240601 0.371331
vt 0.577397 0.403607
vt 0.578129 0.425632
vt 0.943801 0.995904
vt 0.904460 0.996397
vt 0.906973 0.997396
vt 0.904879 0.996397
vt 0.905717 0.997396
vt 0.944221 0.995904
vt 0.943381 0.995904
vt 0.942542 0.995904
vt 0.993739 0.992318
vt 0.992742 0.991061
vt 0.942122 0.995904
vt 0.941700 0.995900
vt 0.940012 0.996675
vt 0.941700 0.996676
vt 0.993739 0.991061
vt 0.940856 0.996675
vt 0.993739 0.991480
vt 0.993739 0.989805
vt 0.992742 0.990643
vt 0.993739 0.991899
vt 0.905717 0.996397
vt 0.904460 0.997396
vt 0.906554 0.997396
vt 0.941278 0.996675
vt 0.940434 0.996676
vt 0.906973 0.996397
vt 0.942962 0.995904
vt 0.592529 0.509357
vt 0.958412 0.996532
vt 0.937175 0.997224
vt 0.937577 0.997224
vt 0.937980 0.997224
vt 0.937980 0.996264
vt 0.958816 0.995790
vt 0.958413 0.995790
vt 0.957203 0.995790
vt 0.934357 0.993963
vt 0.908197 0.993963
vt 0.957606 0.995790
vt 0.955583 0.995787
vt 0.949099 0.996532
vt 0.956394 0.995787
vt 0.949909 0.995787
vt 0.908599 0.993963
vt 0.934760 0.993963
vt 0.909002 0.993963
vt 0.909404 0.993963
vt 0.936370 0.996264
vt 0.938785 0.997224
vt 0.939187 0.996264
vt 0.955989 0.995787
vt 0.950315 0.995787
vt 0.939187 0.997224
vt 0.956800 0.995790
vt 0.578112 0.447658
vt 0.841393 0.920908
vt 0.241580 0.439383
vt 0.240872 0.439384
vt 0.578107 0.490324
vt 0.241580 0.595574
vt 0.951126 0.995788
vt 0.909807 0.997224
vt 0.909807 0.996267
vt 0.910612 0.997224
vt 0.951936 0.995788
vt 0.951531 0.995788
vt 0.945046 0.995788
vt 0.928320 0.993962
vt 0.928723 0.993962
vt 0.945451 0.995788
vt 0.966083 0.993005
vt 0.961642 0.993005
vt 0.966083 0.993745
vt 0.928723 0.993005
vt 0.961238 0.993005
vt 0.929528 0.993962
vt 0.929930 0.993962
vt 0.930333 0.993962
vt 0.930735 0.993962
vt 0.930735 0.993005
vt 0.910612 0.996267
vt 0.911416 0.997224
vt 0.911417 0.996267
vt 0.968506 0.993005
vt 0.960430 0.993745
vt 0.947477 0.995788
vt 0.971200 0.000000
vt 0.578107 0.532651
vt 0.591813 0.594008
vt 0.953152 0.995788
vt 0.931540 0.997224
vt 0.931540 0.996267
vt 0.932345 0.997224
vt 0.935565 0.996267
vt 0.952341 0.995788
vt 0.952747 0.995788
vt 0.948287 0.996532
vt 0.912624 0.993962
vt 0.913026 0.993963
vt 0.948692 0.996532
vt 0.966891 0.993005
vt 0.961238 0.993745
vt 0.968102 0.993005
vt 0.913026 0.993005
vt 0.962449 0.993745
vt 0.913831 0.993963
vt 0.914234 0.993962
vt 0.914636 0.993962
vt 0.915039 0.993962
vt 0.915039 0.993005
vt 0.932345 0.996267
vt 0.933150 0.997224
vt 0.933150 0.996267
vt 0.967294 0.993005
vt 0.963257 0.993745
vt 0.933553 0.996267
vt 0.947071 0.996532
vt 0.578107 0.553814
vt 0.213313 0.612959
vt 0.955177 0.996532
vt 0.915844 0.996267
vt 0.916246 0.996267
vt 0.935162 0.996267
vt 0.950720 0.995788
vt 0.955582 0.996532
vt 0.949099 0.995788
vt 0.917051 0.993962
vt 0.917051 0.993005
vt 0.949504 0.995788
vt 0.964872 0.993745
vt 0.964064 0.993745
vt 0.964872 0.993005
vt 0.917454 0.993005
vt 0.959623 0.993005
vt 0.918258 0.993962
vt 0.918661 0.993962
vt 0.919063 0.993962
vt 0.919063 0.993005
vt 0.920673 0.997224
vt 0.920673 0.996267
vt 0.964468 0.993745
vt 0.921478 0.997224
vt 0.944641 0.995788
vt 0.590773 0.509356
vt 0.959115 0.112050
vt 0.239809 0.669257
vt 0.591813 0.600114
vt 0.952314 0.936604
vt 0.241450 0.578502
vt 0.240841 0.699508
vt 0.591813 0.630366
vt 0.239810 0.639006
vt 0.213228 0.591796
vt 0.963109 0.207506
vt 0.959283 0.805513
vt 0.012636 0.972428
vt 0.210548 0.682551
vt 0.591813 0.509357
vt 0.212197 0.682551
vt 0.590773 0.690869
vt 0.591813 0.539609
vt 0.591813 0.569861
vt 0.916738 0.118479
vt 0.916738 0.177250
vt 0.931339 0.391362
vt 0.931356 0.332592
vt 0.577516 0.591693
vt 0.592366 0.332292
vt 0.296853 0.805346
vt 0.085459 0.779157
vt 0.588093 0.332293
vt 0.931356 0.382215
vt 0.025134 0.775537
vt 0.857102 0.574596
vt 0.816444 0.332558
vt 0.924232 0.291380
vt 0.133864 0.759471
vt 0.900052 0.896747
vt 0.900613 0.930920
vt 0.017963 0.937171
vt 0.084052 0.897705
vt 0.084033 0.963202
vt 0.083437 0.965261
vt 0.079591 0.967318
vt 0.035338 0.967306
vt 0.033119 0.966753
vt 0.030900 0.963186
vt 0.584764 0.946357
vt 0.942797 0.322367
vt -0.000000 0.424122
vt 0.414429 0.424018
vt 0.950336 0.414357
vt 0.127718 0.902795
vt 0.176367 0.902810
vt 0.178426 0.903405
vt 0.180483 0.907251
vt 0.180470 0.951504
vt 0.179918 0.953724
vt 0.176351 0.955943
s 1
usemtl House_03
f 194/1/1 206/2/1 196/3/1
f 39/4/2 11/5/2 139/6/2
f 41/7/3 143/8/3 144/9/4
f 193/10/5 205/11/5 195/12/5
f 36/13/6 15/14/6 31/15/6
f 37/16/2 18/17/2 34/15/2
f 30/18/7 43/19/7 50/20/7
f 5/21/6 22/22/6 12/23/6
f 4/24/7 46/25/7 45/26/7
f 31/15/6 9/27/6 30/16/6
f 2/28/1 47/29/1 45/30/1
f 18/31/1 10/32/1 145/33/1
f 2/34/2 39/4/2 27/13/2
f 34/15/2 2/34/2 27/13/2
f 12/23/6 23/35/6 4/36/6
f 7/37/8 48/38/3 41/7/3
f 46/39/1 22/40/1 150/41/1
f 21/42/1 153/43/1 152/44/1
f 2/34/2 24/45/2 11/5/2
f 11/5/2 19/46/2 7/47/2
f 33/4/6 5/21/6 12/23/6
f 36/13/6 12/23/6 4/36/6
f 48/48/1 24/49/1 155/50/1
f 24/49/1 46/39/1 156/51/1
f 41/7/9 21/52/9 5/53/9
f 9/54/1 15/55/1 158/56/1
f 45/30/1 15/55/1 4/57/1
f 45/26/7 13/58/7 2/59/7
f 50/20/7 10/60/7 37/61/7
f 52/62/9 5/53/9 35/63/9
f 58/64/2 66/65/2 63/66/2
f 161/67/2 59/68/2 159/69/2
f 63/66/2 163/70/2 165/71/2
f 54/72/2 57/73/2 166/74/2
f 56/75/2 58/64/2 167/76/2
f 58/64/2 70/77/2 65/78/2
f 65/78/2 69/79/2 59/68/2
f 83/65/6 74/80/6 79/81/6
f 76/82/6 75/83/6 81/84/6
f 71/72/6 79/81/6 73/85/6
f 72/75/6 81/84/6 74/80/6
f 86/86/6 74/80/6 81/84/6
f 85/87/6 81/84/6 75/83/6
f 56/88/5 83/89/5 66/90/5
f 54/91/7 73/92/7 57/93/7
f 102/94/10 88/95/11 87/96/11
f 98/97/2 60/82/2 59/68/2
f 66/90/5 71/98/5 54/99/5
f 73/100/1 79/101/1 170/102/1
f 63/103/1 169/104/1 171/105/1
f 63/103/1 74/106/1 58/95/1
f 60/107/5 72/108/5 56/88/5
f 85/109/12 176/110/1 178/111/1
f 68/112/1 182/113/1 181/114/1
f 58/115/7 84/116/7 68/117/7
f 59/68/2 102/118/2 87/119/2
f 69/79/2 103/120/2 59/68/2
f 85/87/6 106/121/6 105/122/6
f 97/123/13 88/124/14 93/125/13
f 60/107/15 90/126/16 76/127/15
f 59/68/2 87/119/2 97/128/2
f 75/83/6 76/82/6 90/129/6
f 90/129/6 95/130/6 75/83/6
f 95/130/6 96/131/6 75/83/6
f 96/131/6 93/132/6 75/83/6
f 97/128/2 99/133/2 59/68/2
f 99/133/2 100/134/2 59/68/2
f 100/134/2 98/97/2 59/68/2
f 93/125/13 99/135/17 97/123/13
f 96/136/17 100/137/18 99/135/17
f 95/138/18 98/139/16 100/137/18
f 88/140/6 75/83/6 93/132/6
f 75/83/6 104/141/6 106/121/6
f 101/142/2 102/118/2 103/120/2
f 104/141/6 105/122/6 106/121/6
f 104/143/10 101/144/19 105/145/19
f 105/145/19 188/146/20 187/147/20
f 69/148/12 185/149/20 101/144/19
f 115/150/21 109/151/22 107/152/22
f 109/153/23 117/154/23 113/155/23
f 113/156/24 118/157/24 111/158/24
f 118/159/25 107/160/25 111/161/25
f 113/162/7 107/163/7 109/164/7
f 114/165/5 122/166/5 112/167/5
f 110/168/26 115/169/26 108/170/26
f 114/171/26 116/172/26 110/168/26
f 114/171/26 118/173/26 117/174/26
f 108/170/26 118/173/26 112/175/26
f 120/176/26 122/177/26 121/178/26
f 108/179/1 120/180/1 110/181/1
f 112/182/6 119/183/6 108/184/6
f 110/185/2 121/186/2 114/187/2
f 126/188/6 129/189/6 125/190/6
f 190/191/1 128/192/1 192/193/1
f 127/194/1 129/195/1 191/196/1
f 128/197/2 123/198/2 127/199/2
f 126/200/26 128/201/26 130/202/26
f 134/203/1 137/204/1 133/205/1
f 138/57/2 136/206/2 193/207/2
f 196/208/7 203/209/7 193/210/7
f 136/211/5 131/212/5 135/213/5
f 134/214/26 136/215/26 138/216/26
f 195/217/7 197/218/7 198/219/7
f 131/220/7 133/221/7 197/218/7
f 127/222/7 125/223/7 129/224/7
f 188/225/2 6/226/2 187/227/2
f 8/228/2 187/227/2 189/229/2
f 8/230/7 192/231/7 3/232/7
f 1/233/26 187/234/26 6/235/26
f 187/234/26 191/236/26 189/237/26
f 185/238/6 186/239/6 1/240/6
f 185/238/6 192/241/6 191/242/6
f 1/243/1 188/146/1 185/149/1
f 188/146/1 3/244/1 185/149/1
f 173/245/2 20/246/2 182/179/2
f 16/247/7 176/248/7 175/249/7
f 17/250/26 181/251/26 182/252/26
f 14/253/6 175/254/6 174/255/6
f 17/256/1 16/257/1 14/258/1
f 180/259/2 32/260/2 183/261/2
f 28/262/7 179/263/7 178/264/7
f 29/265/26 184/266/26 183/267/26
f 28/268/6 177/269/6 184/270/6
f 29/271/1 28/272/1 25/273/1
f 44/274/2 150/275/2 151/276/2
f 40/277/7 152/278/7 153/279/7
f 42/280/26 156/281/26 149/282/26
f 38/283/6 155/284/6 154/285/6
f 42/273/1 40/286/1 38/287/1
f 55/288/2 158/289/2 157/290/2
f 55/291/7 147/292/7 145/293/7
f 53/294/26 146/295/26 148/296/26
f 49/297/6 145/298/6 146/299/6
f 53/300/1 51/301/1 49/302/1
f 67/303/2 170/304/2 172/305/2
f 62/306/7 172/307/7 171/308/7
f 64/309/26 169/310/26 170/311/26
f 61/312/6 171/313/6 169/314/6
f 64/302/1 62/290/1 61/315/1
f 82/316/1 159/317/1 160/318/1
f 80/319/7 161/320/7 159/321/7
f 168/322/26 82/323/26 167/324/26
f 77/325/5 162/326/5 161/327/5
f 78/328/2 82/329/2 77/330/2
f 94/323/1 163/331/1 166/324/1
f 92/332/7 165/333/7 163/334/7
f 164/335/26 94/235/26 166/336/26
f 89/337/5 165/338/5 91/339/5
f 91/340/2 94/341/2 89/342/2
f 139/343/1 202/344/1 142/165/1
f 140/345/27 199/346/27 139/347/27
f 140/348/5 201/344/5 200/349/5
f 208/350/5 209/351/5 207/352/5
f 210/353/6 213/354/6 209/355/6
f 214/352/1 211/356/1 213/357/1
f 212/358/2 207/359/2 211/360/2
f 213/361/7 207/362/7 209/363/7
f 210/364/26 212/365/26 214/356/26
f 215/366/28 218/367/29 217/368/29
f 218/369/30 221/370/30 217/371/30
f 222/367/31 219/372/32 221/373/31
f 220/374/7 215/375/7 219/376/7
f 221/377/5 215/378/5 217/379/5
f 222/380/1 216/381/1 220/382/1
f 226/383/26 229/384/26 225/385/26
f 228/386/7 223/387/7 227/388/7
f 224/389/6 238/390/6 233/391/6
f 235/392/2 223/393/2 232/394/2
f 228/395/33 235/396/34 238/397/34
f 226/398/35 231/399/36 234/400/36
f 224/401/37 232/402/38 223/403/37
f 234/404/36 232/402/38 233/405/38
f 237/406/39 229/407/40 230/408/40
f 238/397/34 236/409/39 237/406/39
f 229/410/2 231/411/2 225/412/2
f 236/413/2 232/394/2 231/411/2
f 234/414/6 230/415/6 226/416/6
f 233/391/6 237/417/6 234/414/6
f 240/418/2 241/419/2 239/420/2
f 242/355/5 245/421/5 241/358/5
f 246/185/6 243/422/6 245/423/6
f 244/424/1 239/425/1 243/426/1
f 245/427/7 239/428/7 241/429/7
f 242/430/26 244/431/26 246/432/26
f 248/433/1 249/434/1 247/435/1
f 250/436/2 253/437/2 249/353/2
f 254/438/5 251/439/5 253/440/5
f 252/441/6 247/442/6 251/436/6
f 253/443/7 247/444/7 249/445/7
f 250/446/26 252/447/26 254/448/26
f 256/449/1 257/438/1 255/450/1
f 258/451/2 261/452/2 257/453/2
f 262/454/5 259/455/5 261/438/5
f 260/456/6 255/453/6 259/457/6
f 261/458/7 255/459/7 257/460/7
f 258/461/26 260/462/26 262/463/26
f 264/450/1 265/464/1 263/433/1
f 266/465/2 269/457/2 265/466/2
f 270/464/5 267/467/5 269/434/5
f 268/468/6 263/466/6 267/469/6
f 269/470/7 263/471/7 265/472/7
f 266/473/26 268/472/26 270/474/26
f 272/435/1 273/475/1 271/476/1
f 274/477/2 277/478/2 273/479/2
f 278/434/5 275/480/5 277/475/5
f 276/481/6 271/482/6 275/477/6
f 277/483/7 271/484/7 273/485/7
f 274/486/26 276/485/26 278/487/26
f 282/488/26 285/489/26 281/490/26
f 284/491/7 279/492/7 283/493/7
f 280/494/6 294/495/6 289/496/6
f 291/497/2 279/498/2 288/499/2
f 284/500/33 291/501/34 294/502/34
f 282/503/35 287/504/36 290/505/36
f 289/506/38 279/401/37 280/507/37
f 290/342/36 288/405/38 289/506/38
f 286/508/40 292/509/39 285/510/40
f 294/502/34 292/509/39 293/511/39
f 285/512/2 287/513/2 281/514/2
f 292/515/2 288/499/2 287/513/2
f 290/516/6 286/517/6 282/518/6
f 289/496/6 293/519/6 290/516/6
f 296/520/41 297/521/41 295/522/41
f 298/523/26 301/524/26 297/525/26
f 302/526/42 299/527/42 301/528/42
f 300/529/7 295/530/7 299/531/7
f 301/532/5 295/533/5 297/534/5
f 302/535/1 296/536/1 300/537/1
f 306/538/26 309/539/26 305/540/26
f 308/541/7 303/542/7 307/543/7
f 304/544/6 318/545/6 313/546/6
f 315/547/2 303/548/2 312/549/2
f 308/550/33 315/551/34 318/552/34
f 306/553/35 311/554/36 314/555/36
f 313/556/38 303/557/37 304/558/37
f 313/556/38 311/559/36 312/560/38
f 310/561/40 316/562/39 309/563/40
f 318/552/34 316/562/39 317/564/39
f 309/565/2 311/566/2 305/567/2
f 316/568/2 312/549/2 311/566/2
f 314/569/6 310/570/6 306/254/6
f 313/546/6 317/571/6 314/569/6
f 320/572/41 321/573/41 319/574/41
f 322/575/26 325/576/26 321/577/26
f 326/528/42 323/578/42 325/579/42
f 324/580/7 319/581/7 323/582/7
f 325/583/5 319/584/5 321/585/5
f 326/586/1 320/587/1 324/588/1
f 330/589/26 333/590/26 329/591/26
f 331/592/7 328/593/7 327/594/7
f 328/595/6 342/596/6 337/597/6
f 339/598/2 327/599/2 336/600/2
f 332/601/43 339/602/44 342/603/44
f 330/604/45 335/605/46 338/606/46
f 337/607/47 327/608/48 328/609/48
f 338/606/46 336/610/47 337/607/47
f 341/611/49 333/612/39 334/613/39
f 342/603/44 340/614/49 341/611/49
f 333/615/2 335/616/2 329/617/2
f 340/618/2 336/600/2 335/616/2
f 338/619/6 334/620/6 330/621/6
f 337/597/6 341/622/6 338/619/6
f 346/623/26 349/624/26 345/625/26
f 347/626/7 344/627/7 343/628/7
f 344/629/6 358/630/6 353/631/6
f 355/632/2 343/633/2 352/634/2
f 358/635/44 347/636/43 355/637/44
f 346/638/45 351/639/46 354/605/46
f 353/610/47 343/640/48 344/608/48
f 354/605/46 352/641/47 353/610/47
f 357/642/49 349/643/39 350/644/39
f 358/635/44 356/645/49 357/642/49
f 349/646/2 351/647/2 345/648/2
f 356/649/2 352/634/2 351/647/2
f 354/650/6 350/651/6 346/652/6
f 353/631/6 357/653/6 354/650/6
f 362/591/26 365/654/26 361/655/26
f 363/656/7 360/657/7 359/658/7
f 360/659/6 374/660/6 369/661/6
f 371/662/2 359/663/2 368/664/2
f 364/665/43 371/666/44 374/667/44
f 362/668/45 367/669/46 370/670/46
f 369/671/47 359/672/48 360/673/48
f 370/670/46 368/674/47 369/671/47
f 373/675/49 365/676/39 366/677/39
f 374/667/44 372/678/49 373/675/49
f 365/679/2 367/680/2 361/681/2
f 372/682/2 368/664/2 367/680/2
f 370/683/6 366/684/6 362/685/6
f 369/661/6 373/686/6 370/683/6
f 376/687/41 377/688/41 375/689/41
f 378/690/26 381/691/26 377/692/26
f 382/693/42 379/694/42 381/526/42
f 380/695/7 375/696/7 379/697/7
f 381/698/5 375/699/5 377/700/5
f 382/701/1 376/702/1 380/703/1
f 384/704/5 385/705/5 383/706/5
f 386/707/6 389/708/6 385/709/6
f 390/706/1 387/710/1 389/711/1
f 388/712/2 383/713/2 387/714/2
f 389/715/7 383/716/7 385/717/7
f 386/718/26 388/719/26 390/710/26
f 392/720/2 393/721/2 391/722/2
f 394/723/5 397/724/5 393/725/5
f 398/726/6 395/727/6 397/728/6
f 396/729/1 391/730/1 395/424/1
f 397/731/7 391/732/7 393/733/7
f 394/734/26 396/735/26 398/736/26
f 400/737/2 401/738/2 399/720/2
f 402/739/5 405/707/5 401/740/5
f 406/741/6 403/742/6 405/743/6
f 404/744/1 399/745/1 403/481/1
f 405/746/7 399/747/7 401/748/7
f 402/749/26 404/750/26 406/734/26
f 408/751/50 409/752/50 407/753/50
f 410/754/26 413/755/26 409/756/26
f 414/757/51 411/758/51 413/759/51
f 412/760/7 407/761/7 411/762/7
f 413/763/5 407/764/5 409/765/5
f 414/766/1 408/767/1 412/768/1
f 416/753/50 417/769/50 415/770/50
f 418/771/26 421/772/26 417/761/26
f 422/773/51 419/774/51 421/757/51
f 420/775/7 415/776/7 419/777/7
f 421/778/5 415/779/5 417/780/5
f 422/781/1 416/782/1 420/783/1
f 424/784/52 425/785/52 423/786/52
f 426/787/53 429/788/53 425/789/53
f 430/790/54 427/791/54 429/792/54
f 428/793/7 423/794/7 427/795/7
f 429/796/5 423/797/5 425/798/5
f 430/799/1 424/800/1 428/801/1
f 432/802/52 433/28/52 431/803/52
f 434/804/55 437/805/55 433/806/55
f 438/807/54 435/808/54 437/809/54
f 436/810/7 431/811/7 435/812/7
f 433/813/5 435/814/5 431/815/5
f 434/816/1 436/817/1 438/818/1
f 440/819/28 441/780/28 439/820/28
f 442/821/26 445/822/26 441/823/26
f 446/824/32 443/825/32 445/826/32
f 444/827/7 439/828/7 443/829/7
f 445/830/5 439/831/5 441/832/5
f 446/833/1 440/834/1 444/835/1
f 447/836/28 450/837/29 449/838/29
f 450/839/30 453/840/30 449/841/30
f 454/837/31 451/842/32 453/843/31
f 452/844/7 447/845/7 451/846/7
f 453/847/5 447/848/5 449/785/5
f 454/849/1 448/850/1 452/851/1
f 456/852/5 457/853/5 455/854/5
f 458/713/6 461/469/6 457/714/6
f 462/855/1 459/843/1 461/856/1
f 460/857/2 455/858/2 459/441/2
f 461/859/7 455/860/7 457/861/7
f 458/856/26 460/862/26 462/855/26
f 464/728/2 465/863/2 463/864/2
f 466/865/5 469/725/5 465/452/5
f 470/864/6 467/866/6 469/867/6
f 468/868/1 463/869/1 467/870/1
f 469/871/7 463/872/7 465/873/7
f 466/188/26 468/874/26 470/749/26
f 472/875/5 473/876/5 471/877/5
f 474/878/6 477/822/6 473/879/6
f 478/880/1 475/881/1 477/882/1
f 476/883/2 471/884/2 475/878/2
f 477/885/7 471/886/7 473/887/7
f 474/888/26 476/889/26 478/890/26
f 480/743/2 481/891/2 479/726/2
f 482/892/5 485/740/5 481/893/5
f 486/867/6 483/894/6 485/737/6
f 484/479/1 479/895/1 483/896/1
f 485/897/7 479/898/7 481/899/7
f 482/736/26 484/900/26 486/721/26
f 490/901/26 493/902/26 489/903/26
f 492/904/7 487/905/7 491/906/7
f 488/907/6 502/908/6 497/909/6
f 499/910/2 487/911/2 496/912/2
f 492/913/33 499/914/34 502/915/34
f 490/916/35 495/917/36 498/918/36
f 497/919/38 487/920/37 488/921/37
f 498/383/36 496/922/38 497/919/38
f 501/923/39 493/924/40 494/925/40
f 502/915/34 500/926/39 501/923/39
f 493/927/2 495/928/2 489/929/2
f 500/930/2 496/912/2 495/928/2
f 498/931/6 494/932/6 490/933/6
f 497/909/6 501/934/6 498/931/6
f 504/935/56 505/936/57 503/937/58
f 506/938/59 509/939/59 505/940/59
f 509/941/60 508/942/61 507/943/62
f 508/944/7 503/945/7 507/946/7
f 509/947/5 503/948/5 505/949/5
f 510/950/1 504/951/1 508/182/1
f 512/952/63 513/953/64 511/954/58
f 514/955/59 517/956/59 513/957/59
f 517/958/65 516/340/66 515/959/62
f 517/960/5 511/961/5 513/962/5
f 518/963/1 512/964/1 516/965/1
f 520/966/67 521/967/68 519/968/67
f 522/969/59 525/970/59 521/971/59
f 525/972/69 524/973/70 523/974/70
f 524/975/7 519/976/7 523/977/7
f 525/978/5 519/979/5 521/980/5
f 526/981/1 520/982/1 524/983/1
f 528/984/67 529/985/68 527/986/67
f 530/987/59 533/988/59 529/989/59
f 533/990/69 532/991/70 531/973/70
f 532/992/7 527/993/7 531/994/7
f 533/995/5 527/996/5 529/997/5
f 534/998/1 528/999/1 532/1000/1
f 536/1001/5 537/1002/5 535/1003/5
f 538/724/6 541/892/6 537/893/6
f 542/1003/1 539/1004/1 541/1005/1
f 540/360/2 535/1006/2 539/712/2
f 541/1007/7 535/1008/7 537/1009/7
f 538/1010/26 540/1011/26 542/1004/26
f 544/1012/2 545/1013/2 543/1014/2
f 546/895/5 549/857/5 545/896/5
f 550/861/6 547/1015/6 549/1016/6
f 548/1017/1 543/1018/1 547/744/1
f 549/1019/7 543/1020/7 545/1021/7
f 546/1022/26 548/1023/26 550/1024/26
f 552/1025/6 553/1026/6 551/1027/6
f 554/1028/1 557/1029/1 553/729/1
f 557/1030/2 556/1031/2 555/1032/2
f 556/1033/71 551/1034/71 555/1035/71
f 557/1036/7 551/1037/7 553/1038/7
f 554/1039/26 556/1040/26 558/1041/26
f 560/1042/6 561/1043/6 559/228/6
f 562/1044/1 565/1045/1 561/1017/1
f 565/1046/2 564/1047/2 563/1048/2
f 564/1049/72 559/1050/72 563/1051/72
f 565/1052/7 559/1053/7 561/1054/7
f 562/1055/26 564/1049/26 566/1056/26
f 568/1057/6 569/1058/6 567/1059/6
f 570/426/1 573/1060/1 569/1044/1
f 573/1061/2 572/1062/2 571/798/2
f 572/1063/73 567/1064/73 571/1065/73
f 573/1066/7 567/1067/7 569/1068/7
f 574/1069/26 568/1070/26 572/1071/26
f 576/1072/6 577/1073/6 575/1074/6
f 578/870/1 581/1075/1 577/1028/1
f 581/1076/2 580/1077/2 579/1070/2
f 580/1078/74 575/1065/74 579/1034/74
f 581/1079/7 575/1080/7 577/1081/7
f 578/1082/26 580/832/26 582/1083/26
f 584/1084/75 585/1085/76 583/1086/75
f 586/1087/77 589/1088/77 585/1089/77
f 589/1090/78 588/1084/79 587/1091/79
f 588/1092/7 583/709/7 587/1093/7
f 589/1088/5 583/1094/5 585/1089/5
f 590/1095/1 584/1096/1 588/809/1
f 592/1097/80 593/1098/80 591/1099/80
f 594/1100/26 597/1101/26 593/1102/26
f 598/1103/81 595/96/81 597/1104/81
f 596/1105/7 591/1106/7 595/1107/7
f 597/1108/5 591/1109/5 593/1110/5
f 598/1111/1 592/1112/1 596/1113/1
f 601/623/26 606/1114/26 605/1115/26
f 603/1116/7 600/1117/7 599/1118/7
f 600/1119/6 614/1120/6 609/1121/6
f 611/1122/2 599/1123/2 608/1124/2
f 614/1125/44 603/1126/43 611/1127/44
f 602/1128/45 607/1129/46 610/1130/46
f 609/1131/47 599/1132/48 600/1133/48
f 609/1131/47 607/1129/46 608/1134/47
f 613/1135/49 605/1136/39 606/1137/39
f 614/1125/44 612/1138/49 613/1135/49
f 605/1139/2 607/1140/2 601/211/2
f 612/1141/2 608/1124/2 607/1140/2
f 610/1142/6 606/1143/6 602/1144/6
f 609/1121/6 613/1145/6 610/1142/6
f 616/890/41 617/214/41 615/1146/41
f 618/1147/26 621/1148/26 617/1100/26
f 622/1149/42 619/1150/42 621/1151/42
f 620/1152/7 615/1153/7 619/1154/7
f 621/1155/5 615/1156/5 617/1157/5
f 622/1158/1 616/1159/1 620/1160/1
f 624/1161/5 625/1162/5 623/1163/5
f 626/1164/6 629/1165/6 625/1166/6
f 630/1167/1 627/1168/1 629/1169/1
f 628/1170/2 623/1171/2 627/1164/2
f 629/1172/7 623/1173/7 625/1174/7
f 626/1175/26 628/1176/26 630/1177/26
f 632/1178/2 633/1179/2 631/1180/2
f 634/1181/5 637/1182/5 633/1183/5
f 638/1184/6 635/1185/6 637/1186/6
f 636/1187/1 631/1188/1 635/1189/1
f 637/1190/7 631/1191/7 633/1192/7
f 634/1193/26 636/1194/26 638/1195/26
f 640/1196/5 641/1197/5 639/1198/5
f 642/1199/6 645/1200/6 641/1201/6
f 646/1202/1 643/1203/1 645/1204/1
f 644/1205/2 639/1206/2 643/1170/2
f 645/1207/7 639/1208/7 641/1209/7
f 642/1210/26 644/1211/26 646/1212/26
f 648/1213/2 649/1214/2 647/1215/2
f 650/1216/5 653/1217/5 649/1218/5
f 654/1219/6 651/1220/6 653/1221/6
f 652/1222/1 647/1223/1 651/1224/1
f 653/1225/7 647/1226/7 649/1227/7
f 650/1228/26 652/1229/26 654/1230/26
f 656/1231/5 657/1232/5 655/1233/5
f 658/1234/6 661/1235/6 657/1236/6
f 662/1237/1 659/1238/1 661/1239/1
f 660/1240/2 655/1241/2 659/1242/2
f 661/1243/7 655/1244/7 657/1245/7
f 658/1246/26 660/1247/26 662/1248/26
f 664/1249/2 665/1250/2 663/1251/2
f 666/1252/5 669/1253/5 665/1254/5
f 670/1255/6 667/1256/6 669/1257/6
f 668/1224/1 663/1258/1 667/1259/1
f 669/1260/7 663/1261/7 665/1262/7
f 666/1263/26 668/1264/26 670/1265/26
f 672/1266/5 673/1267/5 671/1268/5
f 674/1269/6 677/1270/6 673/1271/6
f 678/1272/1 675/1273/1 677/1274/1
f 676/1275/2 671/1276/2 675/1240/2
f 677/1277/7 671/1278/7 673/1279/7
f 674/1280/26 676/1281/26 678/1282/26
f 680/1283/2 681/1284/2 679/1285/2
f 682/1286/5 685/1234/5 681/1287/5
f 686/1288/6 683/1289/6 685/1290/6
f 684/1291/1 679/1292/1 683/1293/1
f 685/1294/7 679/1295/7 681/1296/7
f 682/1297/26 684/1298/26 686/1299/26
f 688/1300/5 689/1301/5 687/1302/5
f 690/1303/6 693/1304/6 689/1305/6
f 694/1306/1 691/1307/1 693/1308/1
f 692/1309/2 687/1275/2 691/1310/2
f 693/1311/7 687/1312/7 689/1313/7
f 690/1314/26 692/1315/26 694/623/26
f 696/1316/2 697/1257/2 695/1185/2
f 698/1183/5 701/1317/5 697/1318/5
f 702/1319/6 699/1320/6 701/1321/6
f 700/1322/1 695/1323/1 699/1324/1
f 701/1325/7 695/1326/7 697/1327/7
f 698/1265/26 700/1328/26 702/1329/26
f 704/1330/5 705/1331/5 703/1332/5
f 706/1333/6 709/1334/6 705/1269/6
f 710/1335/1 707/1336/1 709/1337/1
f 708/1338/2 703/1286/2 707/1287/2
f 709/1339/7 703/1340/7 705/1341/7
f 706/1212/26 708/1342/26 710/1343/26
f 712/1344/2 713/1345/2 711/1346/2
f 714/1347/5 717/1348/5 713/1349/5
f 718/1350/6 715/1351/6 717/1352/6
f 716/1353/1 711/1354/1 715/1355/1
f 717/1356/7 711/1357/7 713/1358/7
f 714/1195/26 716/1359/26 718/1360/26
f 720/1361/5 721/1362/5 719/1363/5
f 722/1364/6 725/1365/6 721/1333/6
f 726/1366/1 723/1367/1 725/1368/1
f 724/1348/2 719/1369/2 723/1370/2
f 725/1371/7 719/1372/7 721/1373/7
f 722/1374/26 724/1375/26 726/1376/26
f 728/1377/2 729/1378/2 727/1379/2
f 730/1369/5 733/1380/5 729/1370/5
f 734/1381/6 731/1382/6 733/1383/6
f 732/1355/1 727/1384/1 731/1385/1
f 733/1386/7 727/1387/7 729/1388/7
f 730/1389/26 732/1390/26 734/1391/26
f 736/1392/5 737/1393/5 735/1394/5
f 738/1395/6 741/1396/6 737/1397/6
f 742/1398/1 739/1399/1 741/1400/1
f 740/1401/2 735/1402/2 739/1199/2
f 741/1403/7 735/1404/7 737/1405/7
f 738/1406/26 740/1407/26 742/1408/26
f 744/1409/2 745/1410/2 743/1411/2
f 746/1412/5 749/1401/5 745/1413/5
f 750/1414/6 747/1415/6 749/1416/6
f 748/1417/1 743/1418/1 747/1419/1
f 749/1420/7 743/1421/7 745/1422/7
f 746/1423/26 748/1424/26 750/1425/26
f 752/1426/5 753/1427/5 751/1330/5
f 754/1428/6 757/1429/6 753/1395/6
f 758/1430/1 755/1431/1 757/1432/1
f 756/1433/2 751/1412/2 755/1413/2
f 757/1434/7 751/1435/7 753/1436/7
f 754/1376/26 756/1437/26 758/1438/26
f 760/1439/2 761/1440/2 759/1441/2
f 762/1442/5 765/1443/5 761/1428/5
f 766/1444/6 763/1445/6 765/1446/6
f 764/1447/1 759/1448/1 763/1449/1
f 765/1450/7 759/1451/7 761/1452/7
f 762/1453/26 764/1454/26 766/1455/26
f 768/1456/5 769/1457/5 767/1458/5
f 770/1459/6 773/1460/6 769/1461/6
f 774/1462/1 771/1463/1 773/1464/1
f 772/1465/2 767/1466/2 771/1433/2
f 773/1467/7 767/1468/7 769/1469/7
f 770/1470/26 772/1471/26 774/1472/26
f 776/1473/2 777/1474/2 775/1475/2
f 778/1476/5 781/1461/5 777/1460/5
f 782/1477/6 779/1478/6 781/1479/6
f 780/1449/1 775/1480/1 779/1481/1
f 781/1482/7 775/1483/7 777/1484/7
f 778/1452/26 780/1485/26 782/1486/26
f 784/1487/2 785/1488/2 783/1489/2
f 786/1490/5 789/1491/5 785/1492/5
f 790/1493/6 787/1494/6 789/1495/6
f 788/1496/1 783/1497/1 787/1222/1
f 789/1498/7 783/1499/7 785/1500/7
f 786/1501/26 788/1502/26 790/1503/26
f 792/1504/1 793/1505/1 791/1506/1
f 794/1317/2 797/1507/2 793/1318/2
f 798/1508/5 795/1509/5 797/1510/5
f 796/1511/6 791/1512/6 795/1513/6
f 797/1514/7 791/1515/7 793/1516/7
f 794/1517/26 796/1518/26 798/1519/26
f 800/1520/2 801/1521/2 799/1522/2
f 802/1523/5 805/1524/5 801/1525/5
f 806/1526/6 803/1527/6 805/1361/6
f 804/1189/1 799/1528/1 803/1529/1
f 805/1530/7 799/1531/7 801/1532/7
f 802/1533/26 804/1534/26 806/1535/26
f 808/1536/1 809/1537/1 807/1538/1
f 810/1539/2 813/1218/2 809/1540/2
f 814/1541/5 811/1542/5 813/1543/5
f 812/1544/6 807/1545/6 811/1507/6
f 813/1546/7 807/1547/7 809/1548/7
f 810/1549/26 812/1248/26 814/1550/26
f 816/1551/2 817/1552/2 815/1553/2
f 818/1254/5 821/1554/5 817/1555/5
f 822/1556/6 819/1557/6 821/1232/6
f 820/1558/1 815/1559/1 819/1560/1
f 821/1561/7 815/1562/7 817/1563/7
f 818/1564/26 820/1565/26 822/1566/26
f 824/1567/1 825/1568/1 823/1505/1
f 826/1569/2 829/1570/2 825/1545/2
f 829/1571/5 828/1572/5 827/1573/5
f 828/1574/6 823/1575/6 827/1576/6
f 829/1577/7 823/1578/7 825/1579/7
f 826/1580/26 828/1500/26 830/1581/26
f 832/1582/2 833/1583/2 831/1584/2
f 834/1570/5 837/1585/5 833/1586/5
f 838/1587/6 835/1588/6 837/1589/6
f 836/1529/1 831/1590/1 835/1591/1
f 837/1592/7 831/1593/7 833/1594/7
f 834/1595/26 836/1596/26 838/1597/26
f 840/1598/1 841/1522/1 839/1599/1
f 842/1600/2 845/1601/2 841/1380/2
f 846/920/5 843/1602/5 845/1603/5
f 844/1586/6 839/1604/6 843/1605/6
f 845/1606/7 839/1607/7 841/1608/7
f 842/1609/26 844/1610/26 846/1611/26
f 848/1612/2 849/1383/2 847/1613/2
f 850/1614/5 853/1476/5 849/1615/5
f 854/1616/6 851/1613/6 853/1617/6
f 852/1618/1 847/1619/1 851/1620/1
f 853/1621/7 847/1622/7 849/1623/7
f 850/1363/26 852/1624/26 854/1361/26
f 856/1625/1 857/1626/1 855/1627/1
f 858/1628/2 861/1524/2 857/1629/2
f 862/1630/5 859/1631/5 861/1632/5
f 860/1604/6 855/1633/6 859/1605/6
f 861/1634/7 855/1635/7 857/1636/7
f 858/1637/26 860/1638/26 862/1639/26
f 864/1640/2 865/1641/2 863/1266/2
f 866/1642/5 869/1364/5 865/1643/5
f 870/1589/6 867/1644/6 869/1645/6
f 868/1591/1 863/1646/1 867/1647/1
f 869/1648/7 863/1649/7 865/1650/7
f 866/1651/26 868/1652/26 870/1533/26
f 872/1653/1 873/1654/1 871/1655/1
f 874/1656/2 877/1629/2 873/1657/2
f 878/1658/5 875/1659/5 877/1660/5
f 876/1661/6 871/1662/6 875/1633/6
f 877/1663/7 871/1664/7 873/1665/7
f 874/1666/26 876/1667/26 878/1668/26
f 880/1645/2 881/1669/2 879/1670/2
f 882/1671/5 885/1672/5 881/1601/5
f 886/1673/6 883/1674/6 885/1675/6
f 884/1647/1 879/1676/1 883/1677/1
f 885/1678/7 879/1679/7 881/1680/7
f 882/1535/26 884/1681/26 886/1682/26
f 888/1683/1 889/1684/1 887/1685/1
f 890/1686/2 893/1465/2 889/1687/2
f 894/1543/5 891/1688/5 893/1683/5
f 892/1689/6 887/1690/6 891/1691/6
f 893/1692/7 887/1693/7 889/1694/7
f 890/1695/26 892/1696/26 894/1248/26
f 896/1697/2 897/1698/2 895/1699/2
f 898/1700/5 901/1701/5 897/1702/5
f 902/1703/6 899/1704/6 901/1705/6
f 900/1706/1 895/1707/1 899/1708/1
f 901/1709/7 895/1710/7 897/1711/7
f 898/1712/26 900/1713/26 902/1714/26
f 904/1715/1 905/1716/1 903/1717/1
f 906/1718/2 909/1719/2 905/1720/2
f 910/1721/5 907/1722/5 909/1723/5
f 908/1724/6 903/1691/6 907/1725/6
f 909/1726/7 903/1727/7 905/1728/7
f 906/1729/26 908/1730/26 910/1731/26
f 912/1732/2 913/1733/2 911/1734/2
f 914/1656/5 917/1735/5 913/1736/5
f 918/1737/6 915/1738/6 917/1739/6
f 916/1677/1 911/1740/1 915/1741/1
f 917/1742/7 911/1743/7 913/1744/7
f 914/1745/26 916/1746/26 918/1747/26
f 920/1748/1 921/1749/1 919/1750/1
f 922/1751/2 925/1614/2 921/1615/2
f 926/1752/5 923/1753/5 925/1602/5
f 924/1754/6 919/1735/6 923/1755/6
f 925/1756/7 919/1757/7 921/1758/7
f 922/1759/26 924/1760/26 926/1761/26
f 928/1762/2 929/1763/2 927/1764/2
f 930/1754/5 933/1765/5 929/1766/5
f 934/1767/6 931/1566/6 933/1768/6
f 932/1741/1 927/1769/1 931/1770/1
f 933/1771/7 927/1772/7 929/1638/7
f 930/1773/26 932/1774/26 934/1775/26
f 936/1776/1 937/1777/1 935/1653/1
f 938/1778/2 941/1779/2 937/1662/2
f 942/1780/5 939/1571/5 941/1781/5
f 940/1782/6 935/1765/6 939/1783/6
f 941/1784/7 935/1785/7 937/1786/7
f 938/1787/26 940/1788/26 942/1789/26
f 944/1790/6 945/1791/6 943/1792/6
f 946/1793/1 949/1794/1 945/1795/1
f 950/1796/2 947/1797/2 949/1798/2
f 948/1799/5 943/1800/5 947/1801/5
f 949/1802/7 943/1803/7 945/1804/7
f 946/1805/26 948/1806/26 950/1807/26
f 952/1808/5 953/1809/5 951/1810/5
f 954/1811/6 957/1812/6 953/1813/6
f 958/1814/1 955/1815/1 957/1444/1
f 956/1816/2 951/1817/2 955/1672/2
f 957/1818/7 951/1819/7 953/1820/7
f 954/1821/26 956/1822/26 958/1426/26
f 960/1823/6 961/1824/6 959/1825/6
f 962/1242/1 965/1826/1 961/1827/1
f 966/1828/2 963/1829/2 965/1830/2
f 964/1831/5 959/1832/5 963/1833/5
f 965/1834/7 959/1835/7 961/1836/7
f 962/1837/26 964/1366/26 966/1838/26
f 968/1839/5 969/1479/5 967/1840/5
f 970/1841/6 973/1842/6 969/1817/6
f 974/1843/1 971/1844/1 973/1845/1
f 972/1846/2 967/1540/2 971/1847/2
f 973/1848/7 967/1849/7 969/1850/7
f 970/1851/26 972/1852/26 974/1853/26
f 976/1854/6 977/1855/6 975/1856/6
f 978/1827/1 981/1857/1 977/1793/1
f 982/1856/2 979/1858/2 981/1859/2
f 980/1860/5 975/1861/5 979/1751/5
f 981/1862/7 975/1863/7 977/1864/7
f 978/1865/26 980/1866/26 982/1867/26
f 984/1868/5 985/1840/5 983/1869/5
f 986/1870/6 989/1871/6 985/1872/6
f 990/1873/1 987/1874/1 989/1875/1
f 988/1876/2 983/1877/2 987/1878/2
f 989/1879/7 983/1880/7 985/1881/7
f 986/1882/26 988/1883/26 990/1884/26
f 992/1885/6 993/1798/6 991/1886/6
f 994/1887/1 997/1642/1 993/1643/1
f 998/1888/2 995/1889/2 997/1890/2
f 996/1891/5 991/1876/5 995/1892/5
f 997/1893/7 991/1894/7 993/1895/7
f 994/1896/26 996/1897/26 998/1898/26
f 1000/1899/5 1001/1900/5 999/1901/5
f 1002/1779/6 1005/1902/6 1001/1903/6
f 1006/1904/1 1003/1905/1 1005/1493/1
f 1004/1906/2 999/1907/2 1003/1842/2
f 1005/1908/7 999/1909/7 1001/1910/7
f 1002/1538/26 1004/1911/26 1006/1912/26
f 1008/1859/6 1009/1913/6 1007/1914/6
f 1010/1915/1 1013/1916/1 1009/1887/1
f 1014/1917/2 1011/1918/2 1013/1202/2
f 1012/1919/5 1007/1920/5 1011/1921/5
f 1013/1922/7 1007/1923/7 1009/1924/7
f 1010/1925/26 1012/1747/26 1014/1746/26
f 1016/1926/5 1017/1927/5 1015/1928/5
f 1018/1929/6 1021/1930/6 1017/1907/6
f 1022/1931/1 1019/1932/1 1021/1933/1
f 1020/1934/2 1015/1935/2 1019/1930/2
f 1021/1936/7 1015/1937/7 1017/1938/7
f 1018/1939/26 1020/1940/26 1022/1941/26
f 1024/1942/6 1025/1943/6 1023/1944/6
f 1026/1201/1 1029/1945/1 1025/1946/1
f 1030/1947/2 1027/1948/2 1029/1949/2
f 1028/1950/5 1023/1310/5 1027/1951/5
f 1029/1952/7 1023/1953/7 1025/1954/7
f 1026/1838/26 1028/1955/26 1030/1956/26
f 1032/1957/5 1033/1958/5 1031/1959/5
f 1034/1960/6 1037/1961/6 1033/1935/6
f 1038/1962/1 1035/1854/1 1037/1963/1
f 1036/1964/2 1031/1965/2 1035/1961/2
f 1037/1966/7 1031/1967/7 1033/1968/7
f 1034/1969/26 1036/1970/26 1038/1971/26
f 1040/1972/6 1041/1944/6 1039/1973/6
f 1042/1305/1 1045/1974/1 1041/1915/1
f 1046/1975/2 1043/1973/2 1045/1948/2
f 1044/1965/5 1039/1976/5 1043/1977/5
f 1045/1978/7 1039/1979/7 1041/1980/7
f 1042/1981/26 1044/1526/26 1046/1791/26
f 1048/1982/5 1049/1983/5 1047/1984/5
f 1050/1985/6 1053/1702/6 1049/1986/6
f 1054/1987/1 1051/1988/1 1053/1989/1
f 1052/1990/2 1047/1986/2 1051/1991/2
f 1053/1992/7 1047/1993/7 1049/1994/7
f 1050/1995/26 1052/1996/26 1054/1997/26
f 1056/1998/6 1057/1999/6 1055/2000/6
f 1058/2001/1 1061/2002/1 1057/2003/1
f 1062/2000/2 1059/2004/2 1061/2005/2
f 1060/1945/5 1055/1303/5 1059/1946/5
f 1061/2006/7 1055/2007/7 1057/2008/7
f 1058/2009/26 1060/2010/26 1062/1925/26
f 1064/2011/5 1065/2012/5 1063/2013/5
f 1066/2014/6 1069/1687/6 1065/2015/6
f 1070/2016/1 1067/1869/1 1069/1722/1
f 1068/2017/2 1063/1991/2 1067/2018/2
f 1069/2019/7 1063/2020/7 1065/2021/7
f 1066/2022/26 1068/2023/26 1070/2024/26
f 1072/2025/6 1073/2026/6 1071/2027/6
f 1074/2028/1 1077/2029/1 1073/2030/1
f 1078/2031/2 1075/2032/2 1077/2033/2
f 1076/2034/5 1071/2035/5 1075/2036/5
f 1077/2037/7 1071/2038/7 1073/2039/7
f 1074/2040/26 1076/2041/26 1078/2042/26
f 1080/2043/5 1081/2044/5 1079/2045/5
f 1082/1976/6 1085/2046/6 1081/1977/6
f 1086/2047/1 1083/1169/1 1085/2048/1
f 1084/2049/2 1079/2050/2 1083/2046/2
f 1085/2051/7 1079/2052/7 1081/2053/7
f 1082/2054/26 1084/1959/26 1086/2055/26
f 1088/2005/6 1089/2056/6 1087/2057/6
f 1090/2030/1 1093/2058/1 1089/2059/1
f 1094/2057/2 1091/2060/2 1093/2061/2
f 1092/2062/5 1087/2063/5 1091/2034/5
f 1093/2064/7 1087/2065/7 1089/2066/7
f 1090/1867/26 1092/2067/26 1094/2068/26
f 1096/1285/5 1097/2069/5 1095/2070/5
f 1098/2071/6 1101/2072/6 1097/2050/6
f 1102/2073/1 1099/2074/1 1101/2075/1
f 1100/2076/2 1095/2077/2 1099/2072/2
f 1101/2078/7 1095/2079/7 1097/2080/7
f 1098/2081/26 1100/2082/26 1102/1969/26
f 1104/2083/1 1105/2084/1 1103/2085/1
f 1106/2086/2 1109/2087/2 1105/2088/2
f 1110/2089/5 1107/1432/5 1109/2090/5
f 1108/2091/6 1103/2092/6 1107/2093/6
f 1109/2094/7 1103/2095/7 1105/2096/7
f 1110/2097/26 1104/2098/26 1108/2099/26
f 1112/2100/6 1113/2101/6 1111/2102/6
f 1114/1770/1 1117/2103/1 1113/2104/1
f 1118/2102/2 1115/2105/2 1117/2106/2
f 1116/1555/5 1111/2107/5 1115/1181/5
f 1117/2108/7 1111/2109/7 1113/2110/7
f 1114/2111/26 1116/2112/26 1118/2113/26
f 1120/2114/1 1121/2115/1 1119/2116/1
f 1122/1719/2 1125/2117/2 1121/2118/2
f 1126/2119/5 1123/2120/5 1125/1815/5
f 1124/2121/6 1119/2122/6 1123/1252/6
f 1125/2123/7 1119/2124/7 1121/2125/7
f 1126/2126/26 1120/2127/26 1124/2128/26
f 1128/2129/6 1129/1768/6 1127/2130/6
f 1130/1560/1 1133/2131/1 1129/2132/1
f 1134/2133/2 1131/2134/2 1133/2135/2
f 1132/2136/5 1127/2137/5 1131/2077/5
f 1133/2138/7 1127/2139/7 1129/2140/7
f 1130/2141/26 1132/2142/26 1134/2143/26
f 1136/2144/1 1137/2145/1 1135/2146/1
f 1138/1701/2 1141/2147/2 1137/2148/2
f 1142/1553/5 1139/2149/5 1141/2150/5
f 1140/2151/6 1135/1847/6 1139/2152/6
f 1141/2153/7 1135/2154/7 1137/2155/7
f 1142/2156/26 1136/2157/26 1140/2158/26
f 1144/2159/6 1145/2160/6 1143/2161/6
f 1146/1620/1 1149/2162/1 1145/2163/1
f 1150/2164/2 1147/2165/2 1149/1473/2
f 1148/2166/5 1143/2152/5 1147/2167/5
f 1149/2168/7 1143/2169/7 1145/2170/7
f 1146/2171/26 1148/2172/26 1150/2173/26
f 1152/2174/1 1153/2175/1 1151/2176/1
f 1154/2177/2 1157/2017/2 1153/2018/2
f 1158/1815/5 1155/2178/5 1157/1445/5
f 1156/2137/6 1151/2179/6 1155/2180/6
f 1157/2181/7 1151/2182/7 1153/2183/7
f 1158/2099/26 1152/2184/26 1156/2185/26
f 1160/2186/6 1161/2187/6 1159/2188/6
f 1162/2104/1 1165/2189/1 1161/2190/1
f 1166/2191/2 1163/1290/2 1165/2192/2
f 1164/2179/5 1159/2193/5 1163/2180/5
f 1165/2194/7 1159/2195/7 1161/2196/7
f 1162/2197/26 1164/2198/26 1166/2199/26
f 1168/2200/1 1169/2201/1 1167/2202/1
f 1170/2203/2 1173/2204/2 1169/2205/2
f 1174/2206/5 1171/2207/5 1173/2208/5
f 1172/2209/6 1167/2015/6 1171/2210/6
f 1173/2211/7 1167/2212/7 1169/1654/7
f 1174/2213/26 1168/2099/26 1172/2214/26
f 1176/1475/6 1177/2215/6 1175/2216/6
f 1178/2190/1 1181/2217/1 1177/2218/1
f 1182/2216/2 1179/1962/2 1181/2219/2
f 1180/1903/5 1175/2220/5 1179/2221/5
f 1181/2222/7 1175/2223/7 1177/2224/7
f 1178/2173/26 1180/2225/26 1182/2226/26
f 1184/2176/1 1185/2227/1 1183/2228/1
f 1186/2088/2 1189/2229/2 1185/2203/2
f 1190/2061/5 1187/2230/5 1189/1854/5
f 1188/2231/6 1183/2210/6 1187/2232/6
f 1189/2233/7 1183/2234/7 1185/2235/7
f 1190/2236/26 1184/1431/26 1188/2237/26
f 1192/1411/6 1193/2238/6 1191/2239/6
f 1194/2218/1 1197/2240/1 1193/2241/1
f 1198/2242/2 1195/1441/2 1197/2243/2
f 1196/1782/5 1191/2244/5 1195/2245/5
f 1197/2246/7 1191/2247/7 1193/2248/7
f 1194/2249/26 1196/1360/26 1198/1359/26
f 1200/2228/1 1201/2250/1 1199/2251/1
f 1202/2252/2 1205/2253/2 1201/2177/2
f 1206/2254/5 1203/2255/5 1205/2256/5
f 1204/2257/6 1199/2258/6 1203/2193/6
f 1205/2259/7 1199/2260/7 1201/2261/7
f 1206/2262/26 1200/2237/26 1204/2263/26
f 1208/2264/6 1209/2265/6 1207/2266/6
f 1210/2163/1 1213/2267/1 1209/2268/1
f 1214/2269/2 1211/2270/2 1213/2271/2
f 1212/2258/5 1207/2272/5 1211/2273/5
f 1213/2274/7 1207/2275/7 1209/2276/7
f 1210/2277/26 1212/2278/26 1214/2279/26
f 1215/2280/1 1218/2281/1 1217/2282/1
f 1218/2204/2 1221/2283/2 1217/2205/2
f 1222/2284/5 1219/2285/5 1221/2286/5
f 1220/2287/6 1215/2252/6 1219/2288/6
f 1221/2289/7 1215/2290/7 1217/2291/7
f 1222/2292/26 1216/2293/26 1220/2294/26
f 1224/2295/6 1225/2296/6 1223/2297/6
f 1226/1708/1 1229/2298/1 1225/2299/1
f 1230/2300/2 1227/2197/2 1229/2301/2
f 1228/2302/5 1223/2288/5 1227/2303/5
f 1229/2304/7 1223/2305/7 1225/2306/7
f 1226/2307/26 1228/2308/26 1230/2309/26
f 1232/2251/1 1233/2310/1 1231/2311/1
f 1234/2312/2 1237/2302/2 1233/2303/2
f 1238/2313/5 1235/2314/5 1237/2315/5
f 1236/2272/6 1231/2316/6 1235/2273/6
f 1237/2317/7 1231/2318/7 1233/2319/7
f 1238/2320/26 1232/2321/26 1236/2322/26
f 1240/1963/6 1241/1856/6 1239/1988/6
f 1242/2241/1 1245/2323/1 1241/2324/1
f 1246/1988/2 1243/1859/2 1245/2325/2
f 1244/2326/5 1239/2327/5 1243/2316/5
f 1245/2328/7 1239/2329/7 1241/2330/7
f 1242/1329/26 1244/2331/26 1246/2332/26
f 1248/2333/1 1249/2334/1 1247/1541/1
f 1250/2335/2 1253/2336/2 1249/2312/2
f 1254/2337/5 1251/2338/5 1253/1168/5
f 1252/2339/6 1247/2340/6 1251/2327/6
f 1253/2341/7 1247/2342/7 1249/2343/7
f 1254/2344/26 1248/1281/26 1252/2345/26
f 1256/2346/6 1257/2347/6 1255/2348/6
f 1258/2324/1 1261/2349/1 1257/2350/1
f 1262/2351/2 1259/2352/2 1261/2353/2
f 1260/2354/5 1255/2355/5 1259/2340/5
f 1261/2356/7 1255/2357/7 1257/2358/7
f 1258/2359/26 1260/2360/26 1262/2361/26
f 1264/2362/2 1265/2363/2 1263/2364/2
f 1266/2365/5 1269/1513/5 1265/2366/5
f 1270/2367/6 1267/2262/6 1269/2368/6
f 1268/1259/1 1263/2369/1 1267/2370/1
f 1269/2371/7 1263/2372/7 1265/2373/7
f 1266/2374/26 1268/2375/26 1270/408/26
f 1272/2376/1 1273/2377/1 1271/1625/1
f 1274/2378/2 1277/2379/2 1273/2355/2
f 1278/2380/5 1275/2381/5 1277/2382/5
f 1276/1813/6 1271/2383/6 1275/2121/6
f 1277/2384/7 1271/2385/7 1273/2386/7
f 1274/2387/26 1276/2388/26 1278/2389/26
f 1280/1675/2 1281/2390/2 1279/2391/2
f 1282/2392/5 1285/2393/5 1281/2394/5
f 1286/2395/6 1283/2396/6 1285/2397/6
f 1284/2350/1 1279/2398/1 1283/2399/1
f 1285/2400/7 1279/2401/7 1281/2402/7
f 1282/2403/26 1284/2404/26 1286/1651/26
f 1288/2405/1 1289/2406/1 1287/2407/1
f 1290/2408/2 1293/2167/2 1289/2409/2
f 1294/2410/5 1291/2130/5 1293/2411/5
f 1292/2412/6 1287/2413/6 1291/2379/6
f 1293/2414/7 1287/2415/7 1289/2416/7
f 1290/2213/26 1292/1281/26 1294/2417/26
f 1296/1239/2 1297/2418/2 1295/2419/2
f 1298/1292/5 1301/1322/5 1297/1293/5
f 1302/2419/6 1299/2420/6 1301/2421/6
f 1300/2132/1 1295/2422/1 1299/1187/1
f 1301/2423/7 1295/2424/7 1297/2425/7
f 1298/1807/26 1300/2426/26 1302/1805/26
f 1304/2427/1 1305/2428/1 1303/2429/1
f 1306/2430/2 1309/1920/2 1305/2431/2
f 1310/2432/5 1307/2433/5 1309/2434/5
f 1308/2435/6 1303/2409/6 1307/2436/6
f 1309/2437/7 1303/2438/7 1305/2439/7
f 1306/2440/26 1308/2441/26 1310/2442/26
f 1312/1739/2 1313/2443/2 1311/2444/2
f 1314/2445/5 1317/2446/5 1313/2393/5
f 1318/2444/6 1315/2447/6 1317/2448/6
f 1316/2399/1 1311/2449/1 1315/2450/1
f 1317/2451/7 1311/2452/7 1313/2453/7
f 1314/2454/26 1316/2455/26 1318/2456/26
f 1320/1750/1 1321/1426/1 1319/1822/1
f 1322/2457/2 1325/2458/2 1321/2413/2
f 1326/2459/5 1323/1520/5 1325/1598/5
f 1324/2221/6 1319/2460/6 1323/2461/6
f 1325/2462/7 1319/2463/7 1321/2464/7
f 1322/2465/26 1324/2466/26 1326/2467/26
f 1328/2468/2 1329/2469/2 1327/2470/2
f 1330/2471/5 1333/2472/5 1329/2473/5
f 1334/2474/6 1331/2470/6 1333/2475/6
f 1332/2268/1 1327/2476/1 1331/2477/1
f 1333/2478/7 1327/2479/7 1329/2480/7
f 1330/2481/26 1332/2482/26 1334/2375/26
f 1336/2483/1 1337/2343/1 1335/2484/1
f 1338/2485/2 1341/2486/2 1337/2458/2
f 1342/2487/5 1339/2488/5 1341/2489/5
f 1340/2490/6 1335/2491/6 1339/2486/6
f 1341/2492/7 1335/2493/7 1337/2494/7
f 1338/2495/26 1340/2496/26 1342/2497/26
f 1344/1773/2 1345/2498/2 1343/1230/2
f 1346/2499/5 1349/2473/5 1345/2500/5
f 1350/1230/6 1347/2501/6 1349/1228/6
f 1348/2450/1 1343/2502/1 1347/2503/1
f 1349/2504/7 1343/2505/7 1345/2506/7
f 1346/2507/26 1348/2508/26 1350/2403/26
f 1352/2509/1 1353/2510/1 1351/2511/1
f 1354/2512/2 1357/2513/2 1353/2491/2
f 1358/2514/5 1355/2515/5 1357/2516/5
f 1356/2517/6 1351/2518/6 1355/2513/6
f 1357/2519/7 1351/2520/7 1353/2521/7
f 1354/2522/26 1356/1623/26 1358/2523/26
f 1360/2448/2 1361/2524/2 1359/1905/2
f 1362/2525/5 1365/1353/5 1361/2526/5
f 1366/1905/6 1363/2527/6 1365/1494/6
f 1364/2503/1 1359/2528/1 1363/2529/1
f 1365/2530/7 1359/2531/7 1361/2532/7
f 1362/2533/26 1364/2534/26 1366/2507/26
f 1368/2202/1 1369/2535/1 1367/2083/1
f 1370/2536/2 1373/2232/2 1369/2537/2
f 1374/2538/5 1371/2539/5 1373/2540/5
f 1372/2541/6 1367/2537/6 1371/2542/6
f 1373/2543/7 1367/2544/7 1369/2545/7
f 1370/2546/26 1372/2547/26 1374/2548/26
f 1376/2549/2 1377/2550/2 1375/2551/2
f 1378/1270/5 1381/2552/5 1377/1271/5
f 1382/2553/6 1379/2554/6 1381/2555/6
f 1379/2556/1 1376/2298/1 1375/2557/1
f 1381/2558/7 1375/2559/7 1377/2560/7
f 1378/2279/26 1380/2561/26 1382/2277/26
f 1384/2562/1 1385/2545/1 1383/2563/1
f 1386/2564/2 1389/2335/2 1385/2565/2
f 1390/2566/5 1387/1723/5 1389/2567/5
f 1388/2568/6 1383/2542/6 1387/2569/6
f 1389/2570/7 1383/2571/7 1385/2572/7
f 1386/2573/26 1388/2574/26 1390/2575/26
f 1392/2576/2 1393/2577/2 1391/2578/2
f 1394/2579/5 1397/2580/5 1393/2581/5
f 1398/2582/6 1395/2583/6 1397/1162/6
f 1396/2529/1 1391/2584/1 1395/2585/1
f 1397/2586/7 1391/2587/7 1393/2588/7
f 1394/2589/26 1396/2590/26 1398/2591/26
f 1400/1599/1 1401/2592/1 1399/2593/1
f 1402/2594/2 1405/2595/2 1401/2518/2
f 1406/2596/5 1403/2315/5 1405/1748/5
f 1404/2597/6 1399/2598/6 1403/2595/6
f 1405/2599/7 1399/2600/7 1401/2601/7
f 1402/2602/26 1404/2603/26 1406/2604/26
f 1408/2605/2 1409/2540/2 1407/2606/2
f 1410/2607/5 1413/2608/5 1409/2580/5
f 1414/2609/6 1411/2606/6 1413/2610/6
f 1412/2585/1 1407/2611/1 1411/2612/1
f 1413/2613/7 1407/2614/7 1409/2615/7
f 1410/2616/26 1412/2617/26 1414/2618/26
f 1416/2619/1 1417/2620/1 1415/2621/1
f 1418/2622/2 1421/2623/2 1417/2598/2
f 1422/2624/5 1419/2625/5 1421/2626/5
f 1420/2627/6 1415/2628/6 1419/2623/6
f 1421/2629/7 1415/2630/7 1417/2631/7
f 1418/2575/26 1420/2632/26 1422/2633/26
f 1424/2634/5 1425/2635/5 1423/2636/5
f 1426/2637/6 1429/2093/6 1425/2638/6
f 1430/2639/1 1427/2444/1 1429/2640/1
f 1428/2641/2 1423/2638/2 1427/2642/2
f 1429/2643/7 1423/2644/7 1425/2645/7
f 1426/1556/26 1428/2646/26 1430/2647/26
f 1432/2219/2 1433/1963/2 1431/1987/2
f 1434/2648/5 1437/2649/5 1433/1831/5
f 1438/2106/6 1435/2650/6 1437/2651/6
f 1436/2652/1 1431/2653/1 1435/2654/1
f 1437/2655/7 1431/2656/7 1433/2657/7
f 1434/2658/26 1436/2659/26 1438/1457/26
f 1440/1749/5 1441/2660/5 1439/1426/5
f 1442/2002/6 1445/1492/6 1441/2003/6
f 1446/2661/1 1443/2662/1 1445/1366/1
f 1444/2663/2 1439/2664/2 1443/2628/2
f 1445/2665/7 1439/2666/7 1441/2667/7
f 1442/2668/26 1444/2099/26 1446/2185/26
f 1448/2090/2 1449/2236/2 1447/2367/2
f 1450/1801/5 1453/2669/5 1449/1205/5
f 1454/2368/6 1451/2670/6 1453/2671/6
f 1452/2672/1 1447/2673/1 1451/2674/1
f 1453/2675/7 1447/2676/7 1449/1518/7
f 1450/2677/26 1452/2678/26 1454/2679/26
f 1456/1394/5 1457/2281/5 1455/2680/5
f 1458/2681/6 1461/2436/6 1457/2682/6
f 1462/2683/1 1459/2684/1 1461/2685/1
f 1460/2686/2 1455/2682/2 1459/2687/2
f 1461/2688/7 1455/2689/7 1457/2690/7
f 1458/2691/26 1460/2692/26 1462/2112/26
f 1464/2693/2 1465/2694/2 1463/2695/2
f 1465/2696/5 1470/2431/5 1469/2697/5
f 1470/2698/6 1467/2699/6 1469/2700/6
f 1468/1419/1 1463/2701/1 1467/2702/1
f 1469/2703/7 1463/2704/7 1465/2705/7
f 1466/2706/26 1468/2707/26 1470/2708/26
f 1472/2709/5 1473/2710/5 1471/1520/5
f 1474/2711/6 1477/2712/6 1473/2664/6
f 1478/1368/1 1475/2713/1 1477/1526/1
f 1476/2714/2 1471/2715/2 1475/2712/2
f 1477/2716/7 1471/2717/7 1473/2718/7
f 1474/1594/26 1476/2719/26 1478/2720/26
f 1480/2721/2 1481/2722/2 1479/2723/2
f 1482/2724/5 1485/2568/5 1481/2569/5
f 1486/1714/6 1483/2188/6 1485/2725/6
f 1484/2726/1 1479/2727/1 1483/2728/1
f 1485/2729/7 1479/2730/7 1481/2731/7
f 1482/2732/26 1484/2360/26 1486/2733/26
f 1488/2734/5 1489/2735/5 1487/2134/5
f 1490/2736/6 1493/2724/6 1489/2737/6
f 1494/2738/1 1491/2739/1 1493/1306/1
f 1492/2740/2 1487/2737/2 1491/2741/2
f 1493/2742/7 1487/2743/7 1489/2744/7
f 1490/2745/26 1492/2746/26 1494/2747/26
f 1496/1989/2 1497/2325/2 1495/2748/2
f 1498/2749/5 1501/1724/5 1497/1725/5
f 1502/2748/6 1499/2750/6 1501/2751/6
f 1500/2728/1 1495/2752/1 1499/2753/1
f 1501/2754/7 1495/2755/7 1497/2756/7
f 1498/2601/26 1500/2757/26 1502/2758/26
f 1504/2759/5 1505/2760/5 1503/1284/5
f 1506/2761/6 1509/2697/6 1505/2762/6
f 1510/2256/1 1507/2763/1 1509/2764/1
f 1508/2765/2 1503/2762/2 1507/2766/2
f 1509/2767/7 1503/2768/7 1505/2769/7
f 1506/2770/26 1508/2771/26 1510/2772/26
f 1512/2773/2 1513/2774/2 1511/2775/2
f 1514/2776/5 1517/2777/5 1513/2062/5
f 1518/2778/6 1515/2775/6 1517/2779/6
f 1516/2753/1 1511/2780/1 1515/2781/1
f 1517/2782/7 1511/2783/7 1513/2784/7
f 1514/2157/26 1516/2785/26 1518/2786/26
f 1520/1284/5 1521/2787/5 1519/2069/5
f 1522/2788/6 1525/2789/6 1521/2715/6
f 1526/2790/1 1523/2791/1 1525/1457/1
f 1524/2792/2 1519/2793/2 1523/2789/2
f 1525/2794/7 1519/2795/7 1521/2796/7
f 1522/1438/26 1524/2797/26 1526/2770/26
f 1528/2798/2 1529/2475/2 1527/2799/2
f 1530/2800/5 1533/2740/5 1529/2741/5
f 1534/2801/6 1531/2802/6 1533/2803/6
f 1532/2477/1 1527/2804/1 1531/2805/1
f 1533/2806/7 1527/2807/7 1529/2808/7
f 1530/2809/26 1532/2810/26 1534/2678/26
f 1536/2811/5 1537/2812/5 1535/2813/5
f 1538/2814/6 1541/2565/6 1537/2815/6
f 1542/2816/1 1539/2817/1 1541/2818/1
f 1540/2819/2 1535/2815/2 1539/2820/2
f 1541/2821/7 1535/2822/7 1537/2823/7
f 1538/2824/26 1540/2825/26 1542/2826/26
f 1544/2297/2 1545/1298/2 1543/1409/2
f 1546/2147/5 1549/2086/5 1545/2148/5
f 1550/2827/6 1547/2828/6 1549/2829/6
f 1548/2556/1 1543/2830/1 1547/2831/1
f 1549/2832/7 1543/2833/7 1545/2834/7
f 1546/1608/26 1548/2835/26 1550/2836/26
f 1552/2837/5 1553/2838/5 1551/2839/5
f 1554/2840/6 1557/2841/6 1553/2793/6
f 1558/2311/1 1555/2842/1 1557/2843/1
f 1556/2844/2 1551/2845/2 1555/2841/2
f 1557/2846/7 1551/2847/7 1553/2848/7
f 1554/2849/26 1556/2262/26 1558/2263/26
f 1560/2850/2 1561/2723/2 1559/2851/2
f 1562/2845/5 1565/2852/5 1561/2853/5
f 1566/2854/6 1563/2855/6 1565/2856/6
f 1564/2612/1 1559/2857/1 1563/2858/1
f 1565/2859/7 1559/2860/7 1561/2861/7
f 1562/2862/26 1564/2199/26 1566/2863/26
f 1568/2864/5 1569/2396/5 1567/2865/5
f 1570/2852/6 1573/2866/6 1569/2853/6
f 1574/2867/1 1571/2868/1 1573/2487/1
f 1572/2869/2 1567/2870/2 1571/2866/2
f 1573/2871/7 1567/2872/7 1569/2873/7
f 1570/2874/26 1572/2875/26 1574/2876/26
f 1576/2877/2 1577/2878/2 1575/2879/2
f 1578/2765/5 1581/2880/5 1577/2881/5
f 1582/2882/6 1579/2883/6 1581/2884/6
f 1580/2858/1 1575/2885/1 1579/2886/1
f 1581/2887/7 1575/2888/7 1577/2889/7
f 1578/2293/26 1580/2890/26 1582/2891/26
f 1584/2892/2 1585/2636/2 1583/2265/2
f 1586/2893/5 1589/2894/5 1585/2895/5
f 1590/2896/6 1587/1739/6 1589/2639/6
f 1588/1385/1 1583/2897/1 1587/1291/1
f 1589/2898/7 1583/2899/7 1585/2900/7
f 1586/2901/26 1588/2902/26 1590/1363/26
f 1592/2903/2 1593/2904/2 1591/2905/2
f 1594/2906/5 1597/2244/5 1593/2907/5
f 1598/2908/6 1595/2909/6 1597/2699/6
f 1596/2910/1 1591/2911/1 1595/2912/1
f 1597/2913/7 1591/2914/7 1593/2915/7
f 1594/2916/26 1596/1263/26 1598/2917/26
f 1600/2918/5 1601/2919/5 1599/2920/5
f 1602/1795/6 1605/2921/6 1601/2776/6
f 1606/2640/1 1603/2922/1 1605/2923/1
f 1604/2924/2 1599/1951/2 1603/2925/2
f 1605/2926/7 1599/2927/7 1601/2928/7
f 1602/2929/26 1604/2930/26 1606/1602/26
f 1608/2931/2 1609/2932/2 1607/2933/2
f 1610/2934/5 1613/2935/5 1609/2936/5
f 1614/2651/6 1611/2937/6 1613/1350/6
f 1612/2938/1 1607/2939/1 1611/1523/1
f 1613/2940/7 1607/2941/7 1609/2942/7
f 1610/2943/26 1612/2944/26 1614/1263/26
f 1616/1162/5 1617/2945/5 1615/2739/5
f 1618/2946/6 1621/2881/6 1617/2880/6
f 1622/2843/1 1619/2947/1 1621/2948/1
f 1620/2949/2 1615/2950/2 1619/2946/2
f 1621/2951/7 1615/2952/7 1617/2953/7
f 1618/1282/26 1620/2214/26 1622/2668/26
f 1624/2954/2 1625/2955/2 1623/2956/2
f 1626/2035/5 1629/2749/5 1625/2036/5
f 1630/2957/6 1627/2958/6 1629/2959/6
f 1628/2960/1 1623/2961/1 1627/2001/1
f 1629/2962/7 1623/2963/7 1625/2964/7
f 1626/2965/26 1628/2966/26 1630/2967/26
f 1632/2739/5 1633/2968/5 1631/1307/5
f 1634/2969/6 1637/2970/6 1633/2949/6
f 1638/2971/1 1635/2972/1 1637/2114/1
f 1636/2973/2 1631/2974/2 1635/2969/2
f 1637/2975/7 1631/2976/7 1633/2977/7
f 1634/2978/26 1636/2979/26 1638/1273/26
f 1640/2980/2 1641/2981/2 1639/2982/2
f 1642/2870/5 1645/2983/5 1641/2984/5
f 1646/2985/6 1643/2982/6 1645/2868/6
f 1644/2912/1 1639/2986/1 1643/2960/1
f 1645/2987/7 1639/2988/7 1641/2989/7
f 1642/2990/26 1644/1503/26 1646/925/26
f 1648/2991/5 1649/2992/5 1647/2993/5
f 1650/2994/6 1653/2995/6 1649/2996/6
f 1654/2997/1 1651/2567/1 1653/2998/1
f 1652/1235/2 1647/1799/2 1651/1236/2
f 1653/2999/7 1647/3000/7 1649/3001/7
f 1650/1997/26 1652/3002/26 1654/3003/26
f 1656/3004/6 1657/1699/6 1655/3005/6
f 1658/3006/1 1661/3007/1 1657/2910/1
f 1662/3008/2 1659/3005/2 1661/2285/2
f 1660/3009/5 1655/2925/5 1659/3010/5
f 1661/3011/7 1655/3012/7 1657/3013/7
f 1658/3014/26 1660/3015/26 1662/3016/26
f 1664/3017/5 1665/3018/5 1663/3019/5
f 1666/3020/6 1669/2973/6 1665/3021/6
f 1670/3019/1 1667/3022/1 1669/2200/1
f 1668/3023/2 1663/1347/2 1667/1349/2
f 1669/3024/7 1663/3025/7 1665/3026/7
f 1666/2891/26 1668/3027/26 1670/3028/26
f 1672/2909/6 1673/3029/6 1671/1998/6
f 1674/2059/1 1677/3030/1 1673/3031/1
f 1678/2069/2 1675/3032/2 1677/2119/2
f 1676/2984/5 1671/3033/5 1675/3034/5
f 1677/3035/7 1671/3036/7 1673/3037/7
f 1674/3038/26 1676/3039/26 1678/3040/26
f 1680/3041/5 1681/3042/5 1679/3043/5
f 1682/3033/6 1685/3044/6 1681/3034/6
f 1686/1572/1 1683/3045/1 1685/1573/1
f 1684/2996/2 1679/3046/2 1683/3047/2
f 1685/3048/7 1679/3049/7 1681/3050/7
f 1682/3051/26 1684/3052/26 1686/3053/26
f 1688/3054/6 1689/3055/6 1687/3056/6
f 1690/3031/1 1693/3057/1 1689/3023/1
f 1694/3058/2 1691/2271/2 1693/1943/2
f 1692/3044/5 1687/3059/5 1691/3060/5
f 1693/3061/7 1687/3062/7 1689/3063/7
f 1690/1791/26 1692/1361/26 1694/1624/26
f 1696/2070/5 1697/2119/5 1695/1814/5
f 1698/3060/6 1701/3064/6 1697/3065/6
f 1702/3066/1 1699/2747/1 1701/1958/1
f 1700/3047/2 1695/3067/2 1699/2028/2
f 1701/3068/7 1695/3069/7 1697/3070/7
f 1698/3071/26 1700/3072/26 1702/3073/26
f 1704/3074/2 1705/3075/2 1703/2694/2
f 1706/3076/5 1709/2687/5 1705/1491/5
f 1710/3077/6 1707/3078/6 1709/3079/6
f 1708/2674/1 1703/3080/1 1707/1447/1
f 1709/3081/7 1703/3082/7 1705/3083/7
f 1706/3084/26 1708/2296/26 1710/3085/26
f 1712/3086/2 1713/1321/2 1711/3087/2
f 1714/2935/5 1717/2392/5 1713/2394/5
f 1718/3088/6 1715/3089/6 1717/3090/6
f 1716/1481/1 1711/3091/1 1715/2652/1
f 1717/3092/7 1711/3093/7 1713/3094/7
f 1714/3095/26 1716/3096/26 1718/3097/26
f 1720/3098/2 1721/2000/2 1719/2165/2
f 1722/3099/5 1725/1720/5 1721/2552/5
f 1726/2165/6 1723/2005/6 1725/1474/6
f 1724/3100/1 1719/3101/1 1723/3102/1
f 1725/3103/7 1719/3104/7 1721/3105/7
f 1722/3106/26 1724/3107/26 1726/3108/26
f 1728/2884/2 1729/3109/2 1727/3110/2
f 1730/2460/5 1733/2938/5 1729/2461/5
f 1734/3111/6 1731/3090/6 1733/3112/6
f 1732/2702/1 1727/3113/1 1731/3114/1
f 1733/3115/7 1727/3116/7 1729/3117/7
f 1730/2731/26 1732/3118/26 1734/3119/26
f 1736/3120/2 1737/1215/2 1735/3121/2
f 1738/2472/5 1741/2641/5 1737/2642/5
f 1742/3122/6 1739/2582/6 1741/1161/6
f 1740/1324/1 1735/2934/1 1739/2936/1
f 1741/3123/7 1735/3124/7 1737/1667/7
f 1738/1230/26 1740/3125/26 1742/1773/26
f 1744/3126/2 1745/3127/2 1743/3128/2
f 1746/1512/5 1749/2525/5 1745/2526/5
f 1750/3129/6 1747/3130/6 1749/3131/6
f 1748/3114/1 1743/3132/1 1747/2672/1
f 1749/3133/7 1743/3134/7 1745/3135/7
f 1746/3136/26 1748/3137/26 1750/3138/26
f 1752/3139/2 1753/3140/2 1751/3141/2
f 1754/3142/5 1757/1574/5 1753/3143/5
f 1758/2325/6 1755/1914/6 1757/2750/6
f 1756/2370/1 1751/3144/1 1755/1558/1
f 1757/3145/7 1751/3146/7 1753/3147/7
f 1754/3148/26 1756/1410/26 1758/1297/26
f 1760/3149/2 1761/3131/2 1759/3150/2
f 1762/3151/5 1765/3152/5 1761/3142/5
f 1766/3153/6 1763/3154/6 1765/3155/6
f 1764/2886/1 1759/3156/1 1763/3157/1
f 1765/3158/7 1759/3159/7 1761/3160/7
f 1762/2464/26 1764/3161/26 1766/3162/26
f 1768/1522/5 1769/3163/5 1767/1971/5
f 1770/3164/6 1773/3021/6 1769/3165/6
f 1774/1457/1 1771/3166/1 1773/2658/1
f 1772/1165/2 1767/3010/2 1771/1166/2
f 1773/3167/7 1767/3168/7 1769/3169/7
f 1770/3170/26 1772/2839/26 1774/2838/26
f 1776/1969/5 1777/3171/5 1775/2081/5
f 1778/3065/6 1781/3172/6 1777/3173/6
f 1782/1337/1 1779/3174/1 1781/1775/1
f 1780/3172/2 1775/3175/2 1779/3173/2
f 1781/3176/7 1775/3177/7 1777/3178/7
f 1778/1343/26 1780/3179/26 1782/1374/26
f 1784/3180/2 1785/2803/2 1783/3181/2
f 1786/3182/5 1789/2500/5 1785/3183/5
f 1790/3184/6 1787/3181/6 1789/3185/6
f 1788/2805/1 1783/3186/1 1787/3187/1
f 1789/3188/7 1783/3189/7 1785/2891/7
f 1786/1998/26 1788/3190/26 1790/2909/26
f 1792/3191/2 1793/2397/2 1791/2396/2
f 1794/3192/5 1797/3183/5 1793/1217/5
f 1798/1775/6 1795/3193/6 1797/1773/6
f 1796/3187/1 1791/3194/1 1795/3195/1
f 1797/3196/7 1791/3197/7 1793/3198/7
f 1794/3199/26 1796/3200/26 1798/169/26
f 1800/3201/2 1801/3202/2 1799/3203/2
f 1802/3204/5 1805/3100/5 1801/2608/5
f 1806/3205/6 1803/3206/6 1805/3207/6
f 1804/3157/1 1799/3208/1 1803/3209/1
f 1805/3210/7 1799/3211/7 1801/3212/7
f 1802/3213/26 1804/3214/26 1806/2426/26
f 1808/3215/2 1809/3216/2 1807/2174/2
f 1810/1832/5 1813/3165/5 1809/3217/5
f 1814/1971/6 1811/3218/6 1813/1969/6
f 1812/3195/1 1807/3219/1 1811/1496/1
f 1813/3220/7 1807/3221/7 1809/3222/7
f 1810/1682/26 1812/3223/26 1814/3224/26
f 1816/2146/2 1817/1229/2 1815/3225/2
f 1818/3226/5 1821/2895/5 1817/1690/5
f 1822/3227/6 1819/3228/6 1821/1392/6
f 1820/3229/1 1815/3230/1 1819/1618/1
f 1821/3231/7 1815/3232/7 1817/3233/7
f 1818/3234/26 1820/3235/26 1822/3236/26
f 1827/1265/26 1825/3237/26 1823/3238/26
f 1824/3239/7 1830/3240/7 1828/3241/7
f 1825/3242/5 1830/3243/5 1826/3175/5
f 1823/3244/2 1826/2856/2 1824/3245/2
f 1827/3209/1 1824/3246/1 1828/3247/1
f 1829/3248/6 1828/3079/6 1830/2904/6
f 1832/2081/2 1833/3249/2 1831/2603/2
f 1834/2117/5 1837/2820/5 1833/2118/5
f 1838/3250/6 1835/3251/6 1837/2466/6
f 1836/2446/1 1831/3252/1 1835/1706/1
f 1837/3253/7 1831/3254/7 1833/3255/7
f 1834/3256/26 1836/3040/26 1838/3039/26
f 1840/3257/2 1841/3258/2 1839/3259/2
f 1842/3260/5 1845/3261/5 1841/3243/5
f 1846/3262/6 1843/1774/6 1845/2144/6
f 1844/3247/1 1839/2579/1 1843/2581/1
f 1845/3263/7 1839/3264/7 1841/3265/7
f 1842/3266/26 1844/3267/26 1846/3268/26
f 1848/1474/2 1849/2057/2 1847/2215/2
f 1850/3269/5 1853/2366/5 1849/3270/5
f 1854/2215/6 1851/2061/6 1853/1962/6
f 1852/3102/1 1847/3271/1 1851/1417/1
f 1853/3272/7 1847/3273/7 1849/3274/7
f 1850/2733/26 1852/3275/26 1854/3276/26
f 1856/3277/2 1857/3278/2 1855/3279/2
f 1858/2907/5 1861/3270/5 1857/2906/5
f 1862/2301/6 1859/2199/6 1861/3280/6
f 1860/2781/1 1855/3281/1 1859/3282/1
f 1861/3283/7 1855/3284/7 1857/3285/7
f 1858/2861/26 1860/3286/26 1862/3287/26
f 1864/2865/2 1865/1737/2 1863/2896/2
f 1866/3288/5 1869/1811/5 1865/3261/5
f 1870/3289/6 1867/3290/6 1869/3291/6
f 1868/2654/1 1863/3292/1 1867/2726/1
f 1869/3293/7 1863/3294/7 1865/3295/7
f 1866/1775/26 1868/3296/26 1870/3297/26
f 1873/3298/1 1871/3299/1 1874/3300/1
f 1874/3301/2 1877/3302/2 1873/3303/2
f 1873/3304/7 1876/3305/7 1872/3306/7
f 1876/3307/1 1879/3308/1 1875/3309/1
f 1877/3310/1 1882/3311/1 1881/3312/1
f 1875/3309/1 1882/3311/1 1878/3313/1
f 1877/3310/1 1880/1074/1 1876/3307/1
f 1871/3314/26 1878/3315/26 1874/3316/26
f 1872/3317/6 1875/3318/6 1871/3319/6
f 1884/3320/82 1994/3321/82 1906/3322/82
f 1946/3323/83 1995/3324/83 1884/924/83
f 1946/3323/84 1994/3325/84 1996/3326/85
f 1903/3327/86 1997/3328/86 1884/3329/86
f 1946/3323/87 1998/3330/87 1903/3331/87
f 1946/3323/88 1997/3332/89 1999/3333/88
f 1945/3334/83 2001/3335/90 2000/3336/83
f 1933/3337/91 2001/3335/91 1992/3338/91
f 1933/3337/92 2003/3339/93 2002/3340/92
f 1945/3334/94 2003/3339/94 1993/3341/94
f 1903/3331/83 2005/3342/90 2004/3343/83
f 1945/3334/87 2005/3342/87 1991/3344/87
f 1945/3334/92 2007/3345/89 2006/3346/92
f 1903/3331/95 2007/3345/95 1946/3323/95
f 1907/3347/86 2008/3348/86 1887/3349/86
f 1947/3350/87 2009/3351/87 1907/3352/87
f 1947/3350/88 2008/3353/89 2010/3354/88
f 1944/3355/83 2012/3356/83 2011/3357/83
f 1931/3358/84 2012/3356/84 1989/3359/84
f 1931/3358/92 2014/3360/92 2013/3361/92
f 1944/3355/96 2014/3360/96 1990/3362/96
f 1907/3352/83 2016/3363/83 2015/3364/83
f 1944/3355/84 2016/3363/84 1988/3365/84
f 1944/3355/92 2018/3366/92 2017/3367/92
f 1907/3352/96 2018/3366/96 1947/3350/96
f 1888/3368/86 2020/3369/86 2019/3370/86
f 1948/3371/97 2020/3372/97 1908/3373/97
f 1948/3371/93 2019/3374/92 2021/3375/93
f 1943/3376/83 2023/3377/98 2022/3378/83
f 1929/3379/85 2023/3377/85 1986/3380/85
f 1929/3379/92 2025/3381/89 2024/3382/92
f 1943/3376/94 2025/3381/94 1987/3383/94
f 1908/3373/83 2027/3384/83 2026/3385/83
f 1943/3376/84 2027/3384/84 1985/3386/84
f 1943/3376/92 2029/3387/89 2028/3388/92
f 1908/3373/95 2029/3387/95 1948/3371/95
f 1909/3389/86 2030/3390/86 1889/3391/86
f 1949/3392/84 2031/3393/84 1909/3394/84
f 1949/3392/93 2030/3395/92 2032/3396/88
f 1942/3397/83 2034/3398/90 2033/3399/83
f 1927/3400/91 2034/3398/91 1983/3401/91
f 1927/3400/92 2036/3402/89 2035/3403/92
f 1942/3397/94 2036/3402/94 1984/3404/94
f 1909/3394/83 2038/3405/90 2037/3406/83
f 1942/3397/87 2038/3405/87 1982/3407/87
f 1942/3397/92 2040/3408/89 2039/3409/92
f 1909/3394/95 2040/3408/95 1949/3392/95
f 1941/3410/83 2042/3411/90 2041/3412/83
f 1911/3413/87 2042/3411/87 1980/3414/87
f 1911/3413/92 2044/3415/89 2043/3416/92
f 1941/3410/95 2044/3415/95 1981/3417/95
f 1926/3418/99 2046/3419/90 2045/3420/99
f 1941/3410/91 2046/3419/91 1979/3421/91
f 1941/3410/92 2048/3422/89 2047/3423/100
f 1926/3418/95 2048/3422/95 1950/3424/95
f 1940/3425/83 2050/3426/90 2049/3427/83
f 1926/3418/87 2050/3426/87 1977/3428/87
f 1926/3418/92 2052/3429/89 2051/3430/92
f 1940/3425/94 2052/3429/94 1978/3431/94
f 1927/3400/101 2054/3432/101 2053/3433/99
f 1940/3425/91 2054/3432/91 1976/3434/91
f 1940/3425/92 2056/3435/89 2055/3436/92
f 1927/3400/102 2056/3435/102 1951/3437/102
f 1939/3438/83 2058/3439/83 2057/3440/83
f 1912/3441/84 2058/3439/84 1974/3442/84
f 1912/3441/92 2060/3443/89 2059/3444/92
f 1939/3438/95 2060/3443/95 1975/3445/95
f 1928/3446/103 2062/3447/83 2061/3448/103
f 1939/3438/85 2062/3447/85 1973/3449/85
f 1939/3438/92 2064/3450/89 2063/3451/100
f 1928/3446/95 2064/3450/95 1952/3452/95
f 1938/3453/83 2066/3454/98 2065/3455/83
f 1928/3446/84 2066/3454/84 1971/3456/84
f 1928/3446/92 2068/3457/89 2067/3458/92
f 1938/3453/94 2068/3457/94 1972/3459/94
f 1929/3379/103 2070/3460/83 2069/3461/99
f 1938/3453/84 2070/3460/84 1970/3462/84
f 1938/3453/92 2072/3463/89 2071/3464/92
f 1929/3379/102 2072/3463/102 1953/3465/102
f 1937/3466/83 2074/3467/83 2073/3468/83
f 1904/3469/84 2074/3467/84 1968/3470/84
f 1904/3469/92 2076/3471/92 2075/3472/92
f 1937/3466/96 2076/3471/96 1969/3473/96
f 1930/3474/103 2078/3475/83 2077/3476/99
f 1937/3466/84 2078/3475/84 1967/3477/84
f 1937/3466/104 2080/3478/92 2079/3479/105
f 1930/3474/96 2080/3478/96 1954/3480/96
f 1936/3481/83 2082/3482/83 2081/3483/83
f 1930/3474/84 2082/3482/84 1965/3484/84
f 1930/3474/92 2084/3485/92 2083/3486/92
f 1936/3481/96 2084/3485/96 1966/3487/96
f 1931/3358/101 2086/3488/83 2085/3489/99
f 1936/3481/84 2086/3488/84 1964/3490/84
f 1936/3481/92 2088/3491/92 2087/3492/92
f 1931/3358/96 2088/3491/96 1955/3493/96
f 1895/3494/82 2089/3495/82 1918/3496/82
f 1956/3497/90 2090/3498/90 1895/3499/90
f 1956/3497/85 2089/3500/85 2091/3501/85
f 1935/3502/83 2093/3503/90 2092/3504/83
f 1910/3505/87 2093/3503/87 1962/3506/87
f 1910/3505/92 2095/3507/89 2094/3508/92
f 1935/3502/94 2095/3507/94 1963/3509/94
f 1932/3510/99 2097/3511/90 2096/3512/99
f 1935/3502/91 2097/3511/91 1961/3513/91
f 1935/3502/92 2099/3514/92 2098/3515/105
f 1932/3510/95 2099/3514/95 1956/3497/95
f 1896/3516/82 2100/3517/82 1919/3518/82
f 1957/3519/90 2101/3520/90 1896/3521/90
f 1957/3519/84 2100/3522/84 2102/3523/84
f 1934/3524/83 2104/3525/90 2103/3526/83
f 1932/3510/87 2104/3525/87 1959/3527/87
f 1932/3510/92 2106/3528/89 2105/3529/92
f 1934/3524/94 2106/3528/94 1960/3530/94
f 1960/3530/84 2107/3531/84 1934/3524/84
f 1960/3530/92 2109/3532/89 2108/3533/106
f 1957/3519/95 2109/3532/95 1919/3534/95
f 1957/3519/83 2107/3531/83 2110/3535/83
f 1979/3421/87 2111/3536/87 1899/3537/87
f 1979/3421/92 2113/3538/89 2112/3539/92
f 1977/3428/95 2113/3538/95 1926/3418/95
f 1977/3428/103 2111/3536/103 2114/3540/99
f 1958/3541/107 2115/3542/107 1902/3543/107
f 1958/3541/93 2117/3544/92 2116/3545/88
f 1992/3338/96 2117/3544/96 1933/3337/96
f 1992/3338/83 2115/3542/103 2118/3546/83
f 1950/3424/84 2119/3547/84 1926/3418/84
f 1950/3424/92 2121/3548/92 2120/3549/92
f 1978/3431/96 2121/3548/96 1901/3550/96
f 1978/3431/103 2119/3547/83 2122/3551/103
f 1957/3519/87 2123/3552/87 1933/3337/87
f 1957/3519/108 2125/3553/108 2124/3554/108
f 1993/3341/94 2125/3553/94 1896/3521/94
f 1993/3341/83 2123/3552/83 2126/3555/83
f 1895/3556/82 2128/3557/82 2127/3558/82
f 1960/3530/83 2128/3559/83 1919/3534/83
f 1960/3530/84 2127/3560/84 2129/3561/84
f 1959/3527/91 2130/3562/91 1925/3563/91
f 1959/3527/104 2132/3564/92 2131/3565/105
f 1958/3541/96 2132/3564/96 1934/3524/96
f 1958/3541/83 2130/3562/90 2133/3566/83
f 1963/3509/84 2134/3567/84 1935/3502/84
f 1963/3509/92 2136/3568/89 2135/3569/92
f 1956/3497/94 2136/3568/94 1918/3570/94
f 1956/3497/83 2134/3567/83 2137/3571/83
f 1902/3543/101 2139/3572/83 2138/3573/99
f 1925/3563/84 2139/3572/84 1951/3437/84
f 1925/3563/92 2141/3574/92 2140/3575/92
f 1902/3543/96 2141/3574/96 1958/3541/96
f 1910/3391/109 2142/3576/109 1890/3389/109
f 1962/3506/96 2143/3577/96 1910/3505/96
f 1962/3506/90 2142/3578/83 2144/3579/103
f 1925/3563/83 2146/3580/83 2145/3581/83
f 1901/3550/84 2146/3580/84 1978/3431/84
f 1901/3550/92 2148/3582/92 2147/3583/92
f 1925/3563/110 2148/3582/110 1959/3527/110
f 1885/3584/109 2149/3585/109 1910/3586/109
f 1963/3509/96 2150/3587/96 1885/317/96
f 1963/3509/90 2149/3588/83 2151/3589/103
f 1885/3590/82 2153/3591/82 2152/3592/82
f 1963/3509/83 2153/3593/83 1918/3570/83
f 1963/3509/84 2152/3594/87 2154/3595/85
f 1962/3506/87 2155/3596/87 1924/3597/87
f 1962/3506/92 2157/3598/92 2156/3599/92
f 1961/3513/96 2157/3598/96 1935/3502/96
f 1961/3513/83 2155/3596/90 2158/3600/83
f 1966/3487/91 2159/3601/91 1936/3481/91
f 1966/3487/104 2161/3602/105 2160/3603/104
f 1955/3493/111 2161/3602/111 1921/3604/111
f 1955/3493/83 2159/3601/90 2162/3605/83
f 1893/3606/112 2164/3607/112 2163/3608/112
f 1964/3490/92 2164/3609/92 1917/3610/92
f 1964/3490/102 2163/3611/96 2165/3612/102
f 1964/3490/84 2166/3613/84 1893/3614/84
f 1964/3490/89 2168/3615/92 2167/3616/89
f 1989/3359/96 2168/3615/96 1931/3358/96
f 1989/3359/83 2166/3613/83 2169/3617/83
f 1894/3618/112 2170/3619/112 1917/3620/112
f 1965/3484/92 2171/3621/92 1894/3622/92
f 1965/3484/95 2170/3623/96 2172/3624/102
f 1955/3493/107 2173/3625/107 1931/3358/107
f 1955/3493/89 2175/3626/92 2174/3627/93
f 1990/3362/111 2175/3626/111 1898/3628/111
f 1990/3362/83 2173/3625/103 2176/3629/83
f 1965/3484/85 2177/3630/85 1917/3610/85
f 1965/3484/105 2179/3631/92 2178/3632/105
f 1964/3490/96 2179/3631/96 1936/3481/96
f 1964/3490/83 2177/3630/83 2180/3633/83
f 1969/3473/87 2181/3634/87 1937/3466/87
f 1969/3473/92 2183/3635/92 2182/3636/92
f 1954/3480/110 2183/3635/110 1920/3637/110
f 1954/3480/83 2181/3634/90 2184/3638/83
f 1894/3639/112 2186/3640/112 2185/3641/112
f 1967/3477/92 2186/3642/92 1905/3643/92
f 1967/3477/102 2185/3644/95 2187/3645/102
f 1886/3646/109 2189/3647/109 2188/3648/109
f 1968/3470/96 2189/3649/96 1904/3469/96
f 1968/3470/90 2188/3650/83 2190/3651/103
f 1886/3652/112 2191/3653/112 1905/3654/112
f 1968/3470/89 2192/3655/89 1886/3656/89
f 1968/3470/95 2191/3657/96 2193/3658/102
f 1904/3659/109 2195/3660/109 2194/3661/109
f 1969/3473/96 2195/3662/96 1892/3663/96
f 1969/3473/90 2194/3664/83 2196/3665/103
f 1968/3470/84 2197/3666/84 1905/3643/84
f 1968/3470/92 2199/3667/92 2198/3668/92
f 1967/3477/96 2199/3667/96 1937/3466/96
f 1967/3477/83 2197/3666/98 2200/3669/83
f 1972/3459/113 2201/3670/113 1938/3453/113
f 1972/3459/105 2203/3671/92 2202/3672/105
f 1953/3465/96 2203/3671/96 1923/3673/96
f 1953/3465/83 2201/3670/114 2204/3674/115
f 1899/3537/101 2206/3675/83 2205/3676/99
f 1922/3677/84 2206/3675/84 1952/3452/84
f 1922/3677/104 2208/3678/92 2207/3679/105
f 1899/3537/96 2208/3678/96 1979/3421/96
f 1970/3462/87 2209/3680/87 1898/3628/87
f 1970/3462/89 2211/3681/89 2210/3682/89
f 1986/3380/94 2211/3681/94 1929/3379/94
f 1986/3380/83 2209/3680/83 2212/3683/83
f 1922/3677/83 2214/3684/83 2213/3685/83
f 1891/3686/84 2214/3684/84 1975/3445/84
f 1891/3686/92 2216/3687/92 2215/3688/92
f 1922/3677/96 2216/3687/96 1980/3414/96
f 1953/3465/97 2217/3689/97 1929/3379/97
f 1953/3465/89 2219/3690/92 2218/3691/88
f 1987/3383/96 2219/3690/96 1900/3692/96
f 1987/3383/115 2217/3689/114 2220/3693/115
f 1971/3456/84 2221/3694/84 1921/3604/84
f 1971/3456/92 2223/3695/93 2222/3696/105
f 1970/3462/94 2223/3695/94 1938/3453/94
f 1970/3462/83 2221/3694/83 2224/3697/83
f 1975/3445/113 2225/3698/113 1939/3438/113
f 1975/3445/92 2227/3699/92 2226/3700/92
f 1952/3452/96 2227/3699/96 1922/3677/96
f 1952/3452/98 2225/3698/114 2228/3701/83
f 1898/3628/101 2230/3702/101 2229/3703/99
f 1921/3604/91 2230/3702/91 1955/3493/91
f 1921/3604/92 2232/3704/92 2231/3705/92
f 1898/3628/96 2232/3704/96 1970/3462/96
f 1912/3706/109 2233/3707/109 1892/3708/109
f 1974/3442/96 2234/3709/96 1912/3441/96
f 1974/3442/90 2233/3710/83 2235/3711/103
f 1921/3604/83 2237/3712/90 2236/3713/83
f 1897/3714/87 2237/3712/87 1966/3487/87
f 1897/3714/92 2239/3715/92 2238/3716/92
f 1921/3604/96 2239/3715/96 1971/3456/96
f 1891/3717/109 2240/3718/109 1912/3719/109
f 1975/3445/96 2241/3720/96 1891/3686/96
f 1975/3445/103 2240/3721/114 2242/3722/103
f 1974/3442/84 2243/3723/84 1920/3637/84
f 1974/3442/92 2245/3724/89 2244/3725/92
f 1973/3449/94 2245/3724/94 1939/3438/94
f 1973/3449/83 2243/3723/83 2246/3726/83
f 1978/3431/84 2247/3727/84 1940/3425/84
f 1978/3431/105 2249/3728/92 2248/3729/105
f 1951/3437/96 2249/3728/96 1925/3563/96
f 1951/3437/83 2247/3727/83 2250/3730/83
f 1901/3550/103 2252/3731/83 2251/3732/99
f 1924/3597/84 2252/3731/84 1950/3424/84
f 1924/3597/104 2254/3733/105 2253/3734/104
f 1901/3550/96 2254/3733/96 1961/3513/96
f 1976/3434/107 2255/3735/107 1900/3692/107
f 1976/3434/108 2257/3736/108 2256/3737/88
f 1983/3401/94 2257/3736/94 1927/3400/94
f 1983/3401/83 2255/3735/103 2258/3738/83
f 1924/3597/83 2260/3739/83 2259/3740/83
f 1890/3741/84 2260/3739/84 1981/3417/84
f 1890/3741/92 2262/3742/92 2261/3743/92
f 1924/3597/96 2262/3742/96 1962/3506/96
f 1951/3437/84 2263/3744/84 1927/3400/84
f 1951/3437/108 2265/3745/92 2264/3746/88
f 1984/3404/96 2265/3745/96 1902/3543/96
f 1984/3404/83 2263/3744/83 2266/3747/115
f 1977/3428/91 2267/3748/91 1923/3673/91
f 1977/3428/92 2269/3749/89 2268/3750/105
f 1976/3434/94 2269/3749/94 1940/3425/94
f 1976/3434/83 2267/3748/90 2270/3751/83
f 1981/3417/84 2271/3752/84 1941/3410/84
f 1981/3417/92 2273/3753/92 2272/3754/92
f 1950/3424/96 2273/3753/96 1924/3597/96
f 1950/3424/83 2271/3752/83 2274/3755/83
f 1900/3692/101 2276/3756/83 2275/3757/99
f 1923/3673/84 2276/3756/84 1953/3465/84
f 1923/3673/92 2278/3758/92 2277/3759/92
f 1900/3692/96 2278/3758/96 1976/3434/96
f 1911/3760/109 2279/3761/109 1891/3762/109
f 1980/3414/95 2280/3763/95 1911/3413/95
f 1980/3414/90 2279/3764/83 2281/3765/103
f 1923/3673/83 2283/3766/83 2282/3767/83
f 1899/3537/84 2283/3766/84 1972/3459/84
f 1899/3537/92 2285/3768/92 2284/3769/92
f 1923/3673/96 2285/3768/96 1977/3428/96
f 1890/3770/109 2286/3771/109 1911/3772/109
f 1981/3417/96 2287/3773/96 1890/3741/96
f 1981/3417/103 2286/3774/83 2288/3775/103
f 1980/3414/87 2289/3776/87 1922/3677/87
f 1980/3414/92 2291/3777/89 2290/3778/92
f 1979/3421/94 2291/3777/94 1941/3410/94
f 1979/3421/83 2289/3776/90 2292/3779/83
f 1984/3404/84 2293/3780/84 1942/3397/84
f 1984/3404/92 2295/3781/92 2294/3782/92
f 1949/3392/96 2295/3781/96 1915/3783/96
f 1949/3392/83 2293/3780/83 2296/3784/83
f 1909/3785/86 2298/3771/86 2297/3786/86
f 1982/3407/87 2298/3787/87 1888/3788/87
f 1982/3407/88 2297/3789/108 2299/3790/88
f 1889/3791/83 2301/3792/83 2300/3793/83
f 1915/3783/84 2301/3792/84 1949/3392/84
f 1915/3783/92 2303/3794/92 2302/3795/92
f 1889/3791/96 2303/3794/96 1991/3344/96
f 1973/3449/87 2304/3796/87 1897/3714/87
f 1973/3449/92 2306/3797/89 2305/3798/92
f 1971/3456/94 2306/3797/94 1928/3446/94
f 1971/3456/103 2304/3796/90 2307/3799/99
f 1915/3783/83 2309/3800/83 2308/3801/83
f 1902/3543/84 2309/3800/84 1984/3404/84
f 1902/3543/92 2311/3802/104 2310/3803/92
f 1915/3783/110 2311/3802/110 1992/3338/110
f 1952/3452/97 2312/3804/97 1928/3446/97
f 1952/3452/92 2314/3805/92 2313/3806/92
f 1972/3459/96 2314/3805/96 1899/3537/96
f 1972/3459/103 2312/3804/98 2315/3807/103
f 1983/3401/91 2316/3808/91 1914/3809/91
f 1983/3401/92 2318/3810/93 2317/3811/92
f 1982/3407/95 2318/3810/95 1942/3397/95
f 1982/3407/83 2316/3808/90 2319/3812/83
f 1987/3383/113 2320/3813/113 1943/3376/113
f 1987/3383/92 2322/3814/92 2321/3815/92
f 1948/3371/96 2322/3814/96 1914/3809/96
f 1948/3371/83 2320/3813/114 2323/3816/83
f 1887/3817/86 2324/3818/86 1908/3819/86
f 1985/3386/87 2325/3820/87 1887/3821/87
f 1985/3386/93 2324/3822/89 2326/3823/88
f 1888/3788/83 2328/3824/83 2327/3825/83
f 1914/3809/84 2328/3824/84 1948/3371/84
f 1914/3809/92 2330/3826/92 2329/3827/92
f 1888/3788/96 2330/3826/96 1982/3407/96
f 1967/3477/84 2331/3828/84 1894/3622/84
f 1967/3477/92 2333/3829/92 2332/3830/92
f 1965/3484/96 2333/3829/96 1930/3474/96
f 1965/3484/103 2331/3828/83 2334/3831/103
f 1914/3809/83 2336/3832/83 2335/3833/83
f 1900/3692/84 2336/3832/84 1987/3383/84
f 1900/3692/92 2338/3834/92 2337/3835/92
f 1914/3809/96 2338/3834/96 1983/3401/96
f 1954/3480/87 2339/3836/87 1930/3474/87
f 1954/3480/92 2341/3837/92 2340/3838/92
f 1966/3487/96 2341/3837/96 1897/3714/96
f 1966/3487/103 2339/3836/103 2342/3839/99
f 1986/3380/84 2343/3840/84 1913/3841/84
f 1986/3380/92 2345/3842/93 2344/3843/92
f 1985/3386/94 2345/3842/94 1943/3376/94
f 1985/3386/83 2343/3840/83 2346/3844/83
f 1990/3362/91 2347/3845/91 1944/3355/91
f 1990/3362/92 2349/3846/104 2348/3847/116
f 1947/3350/96 2349/3846/96 1913/3841/96
f 1947/3350/83 2347/3845/90 2350/3848/83
f 1883/3849/86 2351/3850/86 1907/3851/86
f 1988/3365/84 2352/3852/84 1883/3853/84
f 1988/3365/93 2351/3854/92 2353/3855/88
f 1916/3856/112 2354/3857/112 1883/3858/112
f 1988/3365/92 2355/3859/92 1916/3860/92
f 1988/3365/102 2354/3861/96 2356/3862/102
f 1961/3513/87 2357/3863/87 1901/3550/87
f 1961/3513/92 2359/3864/92 2358/3865/92
f 1959/3527/96 2359/3864/96 1932/3510/96
f 1959/3527/103 2357/3863/103 2360/3866/99
f 1893/3867/112 2361/3868/112 1916/3869/112
f 1989/3359/92 2362/3870/92 1893/3614/92
f 1989/3359/95 2361/3871/96 2363/3872/102
f 1956/3497/84 2364/3873/84 1932/3510/84
f 1956/3497/92 2366/3874/108 2365/3875/92
f 1960/3530/95 2366/3874/95 1895/3499/95
f 1960/3530/103 2364/3873/83 2367/3876/103
f 1989/3359/85 2368/3877/85 1916/3860/85
f 1989/3359/92 2370/3878/92 2369/3879/92
f 1988/3365/96 2370/3878/96 1944/3355/96
f 1988/3365/83 2368/3877/83 2371/3880/83
f 1993/3341/84 2372/3881/84 1945/3334/84
f 1993/3341/92 2374/3882/89 2373/3883/92
f 1946/3323/95 2374/3882/95 1906/3884/95
f 1946/3323/83 2372/3881/83 2375/3885/83
f 1903/3886/86 2377/3887/86 2376/3888/86
f 1991/3344/87 2377/3889/87 1889/3791/87
f 1991/3344/93 2376/3890/89 2378/3891/88
f 1897/3714/99 2380/3892/90 2379/3893/99
f 1920/3637/91 2380/3892/91 1954/3480/91
f 1920/3637/104 2382/3894/92 2381/3895/105
f 1897/3714/96 2382/3894/96 1973/3449/96
f 1913/3841/83 2384/3896/90 2383/3897/83
f 1898/3628/91 2384/3896/91 1990/3362/91
f 1898/3628/92 2386/3898/92 2385/3899/92
f 1913/3841/96 2386/3898/96 1986/3380/96
f 1920/3637/83 2388/3900/90 2387/3901/83
f 1892/3663/87 2388/3900/87 1969/3473/87
f 1892/3663/92 2390/3902/92 2389/3903/92
f 1920/3637/96 2390/3902/96 1974/3442/96
f 1933/3337/101 2392/3904/101 2391/3905/99
f 1934/3524/91 2392/3904/91 1958/3541/91
f 1934/3524/92 2394/3906/93 2393/3907/92
f 1933/3337/102 2394/3906/102 1957/3519/102
f 1906/3908/82 2395/3909/82 1896/3910/82
f 1993/3341/83 2396/3911/83 1906/3884/83
f 1993/3341/85 2395/3912/84 2397/3913/85
f 1992/3338/91 2398/3914/91 1915/3783/91
f 1992/3338/92 2400/3915/92 2399/3916/116
f 1991/3344/96 2400/3915/96 1945/3334/96
f 1991/3344/83 2398/3914/90 2401/3917/83
f 1887/3821/83 2403/3918/90 2402/3919/83
f 1913/3841/87 2403/3918/87 1947/3350/87
f 1913/3841/92 2405/3920/92 2404/3921/92
f 1887/3821/96 2405/3920/96 1985/3386/96
f 2408/1082/2 2406/3922/2 2409/3923/2
f 2409/3924/5 2412/3925/5 2408/3926/5
f 2407/3927/7 2412/3928/7 2411/3929/7
f 2411/3930/2 2414/3931/2 2410/3932/2
f 2412/3933/2 2417/3934/2 2416/206/2
f 2410/3932/2 2417/3934/2 2413/3935/2
f 2411/3930/2 2416/206/2 2415/3936/2
f 2406/3927/26 2413/3937/26 2409/3938/26
f 2407/3939/1 2410/3940/1 2406/3941/1
f 2419/3942/117 2529/3943/117 2441/3944/117
f 2481/3945/118 2530/3946/118 2419/3947/118
f 2481/3945/119 2529/3948/120 2531/3949/121
f 2438/3950/122 2532/3951/122 2419/3952/122
f 2481/3945/123 2533/3953/123 2438/3954/123
f 2481/3945/124 2532/3955/124 2534/3956/124
f 2480/3957/118 2536/3958/118 2535/3959/118
f 2468/3960/120 2536/3958/120 2527/3961/120
f 2468/3960/124 2538/3962/124 2537/3963/124
f 2480/3957/125 2538/3962/125 2528/3964/125
f 2438/3954/126 2540/3965/118 2539/3966/126
f 2480/3957/120 2540/3965/120 2526/3967/120
f 2480/3957/124 2542/3968/124 2541/3969/124
f 2438/3954/125 2542/3968/125 2481/3945/125
f 2422/3970/122 2544/3971/122 2543/3972/122
f 2482/3973/120 2544/3974/120 2442/3975/120
f 2482/3973/124 2543/3976/124 2545/3977/124
f 2479/3978/118 2547/3979/118 2546/3980/118
f 2466/3981/120 2547/3979/120 2524/3982/120
f 2466/3981/124 2549/3983/124 2548/3984/124
f 2479/3978/125 2549/3983/125 2525/3985/125
f 2442/3975/126 2551/3986/118 2550/3987/126
f 2479/3978/120 2551/3986/120 2523/3988/120
f 2479/3978/124 2553/3989/124 2552/3990/124
f 2442/3975/127 2553/3989/127 2482/3973/127
f 2443/3991/122 2554/3992/122 2423/3993/122
f 2483/3994/120 2555/3995/120 2443/3996/120
f 2483/3994/124 2554/3997/124 2556/3998/124
f 2478/3999/118 2558/4000/118 2557/4001/118
f 2464/4002/120 2558/4000/120 2521/4003/120
f 2464/4002/124 2560/4004/124 2559/4005/124
f 2478/3999/125 2560/4004/125 2522/4006/125
f 2443/3996/126 2562/4007/118 2561/4008/126
f 2478/3999/120 2562/4007/120 2520/4009/120
f 2478/3999/124 2564/4010/124 2563/4011/124
f 2443/3996/125 2564/4010/125 2483/3994/125
f 2424/4012/122 2566/4013/122 2565/4014/122
f 2484/4015/120 2566/4016/120 2444/4017/120
f 2484/4015/124 2565/4018/128 2567/4019/124
f 2477/4020/118 2569/4021/129 2568/4022/118
f 2462/4023/119 2569/4021/119 2518/4024/119
f 2462/4023/124 2571/4025/124 2570/4026/124
f 2477/4020/125 2571/4025/125 2519/4027/125
f 2444/4017/126 2573/4028/129 2572/4029/126
f 2477/4020/119 2573/4028/119 2517/4030/119
f 2477/4020/124 2575/4031/124 2574/4032/124
f 2444/4017/125 2575/4031/125 2484/4015/125
f 2476/4033/118 2577/4034/129 2576/4035/118
f 2446/4036/119 2577/4034/119 2515/4037/119
f 2446/4036/124 2579/4038/124 2578/4039/124
f 2476/4033/125 2579/4038/125 2516/4040/125
f 2461/4041/130 2581/4042/129 2580/4043/130
f 2476/4033/119 2581/4042/119 2514/4044/119
f 2476/4033/131 2583/4045/124 2582/4046/131
f 2461/4041/125 2583/4045/125 2485/4047/125
f 2475/4048/126 2585/4049/129 2584/4050/126
f 2461/4041/119 2585/4049/119 2512/4051/119
f 2461/4041/124 2587/4052/124 2586/4053/124
f 2475/4048/125 2587/4052/125 2513/4054/125
f 2462/4023/118 2589/4055/129 2588/4056/118
f 2475/4048/119 2589/4055/119 2511/4057/119
f 2475/4048/124 2591/4058/124 2590/4059/124
f 2462/4023/125 2591/4058/125 2486/4060/125
f 2474/4061/118 2593/4062/118 2592/4063/118
f 2447/4064/120 2593/4062/120 2509/4065/120
f 2447/4064/124 2595/4066/124 2594/4067/124
f 2474/4061/125 2595/4066/125 2510/4068/125
f 2463/4069/126 2597/4070/129 2596/4071/126
f 2474/4061/120 2597/4070/120 2508/4072/120
f 2474/4061/131 2599/4073/124 2598/4074/131
f 2463/4069/125 2599/4073/125 2487/4075/125
f 2473/4076/126 2601/4077/118 2600/4078/126
f 2463/4069/120 2601/4077/120 2506/4079/120
f 2463/4069/124 2603/4080/124 2602/4081/124
f 2473/4076/125 2603/4080/125 2507/4082/125
f 2464/4002/118 2605/4083/118 2604/4084/118
f 2473/4076/120 2605/4083/120 2505/4085/120
f 2473/4076/124 2607/4086/124 2606/4087/124
f 2464/4002/125 2607/4086/125 2488/4088/125
f 2472/4089/118 2609/4090/118 2608/4091/118
f 2439/4092/120 2609/4090/120 2503/4093/120
f 2439/4092/124 2611/4094/124 2610/4095/124
f 2472/4089/125 2611/4094/125 2504/4096/125
f 2465/4097/126 2613/4098/129 2612/4099/130
f 2472/4089/120 2613/4098/120 2502/4100/120
f 2472/4089/128 2615/4101/124 2614/4102/128
f 2465/4097/127 2615/4101/127 2489/4103/127
f 2471/4104/126 2617/4105/118 2616/4106/126
f 2465/4097/132 2617/4105/120 2500/4107/120
f 2465/4097/124 2619/4108/124 2618/4109/124
f 2471/4104/125 2619/4108/125 2501/4110/125
f 2466/3981/118 2621/4111/118 2620/4112/118
f 2471/4104/120 2621/4111/120 2499/4113/120
f 2471/4104/124 2623/4114/124 2622/4115/124
f 2466/3981/125 2623/4114/125 2490/4116/125
f 2430/4117/117 2624/4118/117 2453/4119/117
f 2491/4120/118 2625/4121/118 2430/4122/118
f 2491/4120/119 2624/4123/120 2626/4124/119
f 2470/4125/118 2628/4126/118 2627/4127/118
f 2445/4128/120 2628/4126/120 2497/4129/120
f 2445/4128/124 2630/4130/124 2629/4131/124
f 2470/4125/125 2630/4130/125 2498/4132/125
f 2467/4133/126 2632/4134/129 2631/4135/130
f 2470/4125/120 2632/4134/120 2496/4136/120
f 2470/4125/131 2634/4137/124 2633/4138/131
f 2467/4133/125 2634/4137/125 2491/4120/125
f 2431/4139/117 2635/4140/117 2454/4141/117
f 2492/4142/118 2636/4143/118 2431/4144/118
f 2492/4142/120 2635/4145/120 2637/4146/119
f 2469/4147/129 2639/4148/118 2638/4149/126
f 2467/4133/120 2639/4148/120 2494/4150/120
f 2467/4133/124 2641/4151/124 2640/4152/124
f 2469/4147/125 2641/4151/125 2495/4153/125
f 2495/4153/120 2642/4154/120 2469/4147/120
f 2495/4153/124 2644/4155/124 2643/4156/124
f 2492/4142/125 2644/4155/125 2454/4157/125
f 2492/4142/118 2642/4154/118 2645/4158/118
f 2514/4044/119 2646/4159/119 2434/4160/119
f 2514/4044/128 2648/4161/124 2647/4162/128
f 2512/4051/125 2648/4161/125 2461/4041/125
f 2512/4051/126 2646/4159/129 2649/4163/126
f 2493/4164/119 2650/4165/119 2437/4166/119
f 2493/4164/124 2652/4167/124 2651/4168/124
f 2527/3961/125 2652/4167/125 2468/3960/125
f 2527/3961/118 2650/4165/118 2653/4169/118
f 2485/4047/119 2654/4170/119 2461/4041/119
f 2485/4047/128 2656/4171/124 2655/4172/128
f 2513/4054/125 2656/4171/125 2436/4173/125
f 2513/4054/126 2654/4170/118 2657/4174/126
f 2492/4142/120 2658/4175/120 2468/3960/120
f 2492/4142/124 2660/4176/124 2659/4177/124
f 2528/3964/125 2660/4176/125 2431/4144/125
f 2528/3964/118 2658/4175/118 2661/4178/118
f 2454/4179/117 2662/4180/117 2430/4181/117
f 2495/4153/118 2663/4182/118 2454/4157/118
f 2495/4153/120 2662/4183/133 2664/4184/121
f 2494/4150/120 2665/4185/120 2460/4186/120
f 2494/4150/124 2667/4187/124 2666/4188/124
f 2493/4164/125 2667/4187/125 2469/4147/125
f 2493/4164/118 2665/4185/118 2668/4189/118
f 2498/4132/120 2669/4190/120 2470/4125/120
f 2498/4132/124 2671/4191/124 2670/4192/124
f 2491/4120/125 2671/4191/125 2453/4193/125
f 2491/4120/118 2669/4190/118 2672/4194/118
f 2437/4166/118 2674/4195/118 2673/4196/118
f 2460/4186/120 2674/4195/120 2486/4060/120
f 2460/4186/124 2676/4197/124 2675/4198/124
f 2437/4166/127 2676/4197/127 2493/4164/127
f 2445/4199/134 2677/4200/134 2425/4201/134
f 2497/4129/135 2678/4202/135 2445/4128/135
f 2497/4129/118 2677/4203/118 2679/4204/118
f 2460/4186/126 2681/4205/118 2680/4206/126
f 2436/4173/132 2681/4205/120 2513/4054/120
f 2436/4173/124 2683/4207/124 2682/4208/136
f 2460/4186/125 2683/4207/125 2494/4150/125
f 2445/4209/134 2685/4210/134 2684/4211/134
f 2498/4132/125 2685/4212/125 2420/4213/125
f 2498/4132/118 2684/4214/129 2686/4215/118
f 2453/4216/137 2687/4217/137 2420/4218/137
f 2498/4132/118 2688/4219/118 2453/4193/118
f 2498/4132/119 2687/4220/120 2689/4221/119
f 2497/4129/119 2690/4222/119 2459/4223/119
f 2497/4129/124 2692/4224/124 2691/4225/124
f 2496/4136/125 2692/4224/125 2470/4125/125
f 2496/4136/118 2690/4222/118 2693/4226/118
f 2501/4110/120 2694/4227/120 2471/4104/120
f 2501/4110/124 2696/4228/124 2695/4229/124
f 2490/4116/125 2696/4228/125 2456/4230/125
f 2490/4116/118 2694/4227/118 2697/4231/118
f 2452/4232/138 2698/4233/138 2428/4234/138
f 2499/4113/124 2699/4235/124 2452/4236/124
f 2499/4113/125 2698/4237/125 2700/4238/125
f 2499/4113/119 2701/4239/119 2428/4240/119
f 2499/4113/124 2703/4241/124 2702/4242/124
f 2524/3982/125 2703/4241/125 2466/3981/125
f 2524/3982/118 2701/4239/129 2704/4243/118
f 2452/4244/138 2706/4245/138 2705/4246/138
f 2500/4107/124 2706/4247/124 2429/4248/124
f 2500/4107/125 2705/4249/125 2707/4250/125
f 2490/4116/120 2708/4251/120 2466/3981/120
f 2490/4116/124 2710/4252/124 2709/4253/124
f 2525/3985/125 2710/4252/125 2433/4254/125
f 2525/3985/118 2708/4251/118 2711/4255/118
f 2500/4107/119 2712/4256/119 2452/4236/119
f 2500/4107/124 2714/4257/124 2713/4258/124
f 2499/4113/125 2714/4257/125 2471/4104/125
f 2499/4113/118 2712/4256/129 2715/4259/118
f 2504/4096/120 2716/4260/120 2472/4089/120
f 2504/4096/124 2718/4261/124 2717/4262/124
f 2489/4103/125 2718/4261/125 2455/4263/125
f 2489/4103/118 2716/4260/118 2719/4264/118
f 2429/4265/138 2721/4266/138 2720/4267/138
f 2502/4100/128 2721/4268/128 2440/4269/128
f 2502/4100/125 2720/4270/127 2722/4271/125
f 2439/4272/134 2723/4273/134 2421/4274/134
f 2503/4093/125 2724/4275/125 2439/4092/125
f 2503/4093/118 2723/4276/118 2725/4277/118
f 2440/4278/138 2727/4279/138 2726/4280/138
f 2503/4093/124 2727/4281/124 2421/4282/124
f 2503/4093/125 2726/4283/125 2728/4284/125
f 2427/4285/134 2729/4286/134 2439/4287/134
f 2504/4096/125 2730/4288/125 2427/4289/125
f 2504/4096/118 2729/4290/118 2731/4291/118
f 2503/4093/119 2732/4292/119 2440/4269/119
f 2503/4093/124 2734/4293/124 2733/4294/124
f 2502/4100/125 2734/4293/125 2472/4089/125
f 2502/4100/118 2732/4292/129 2735/4295/118
f 2507/4082/120 2736/4296/120 2473/4076/120
f 2507/4082/124 2738/4297/124 2737/4298/124
f 2488/4088/125 2738/4297/125 2458/4299/125
f 2488/4088/118 2736/4296/118 2739/4300/118
f 2434/4160/129 2741/4301/118 2740/4302/130
f 2457/4303/120 2741/4301/120 2487/4075/120
f 2457/4303/131 2743/4304/124 2742/4305/131
f 2434/4160/125 2743/4304/125 2514/4044/125
f 2505/4085/120 2744/4306/120 2433/4254/120
f 2505/4085/124 2746/4307/124 2745/4308/124
f 2521/4003/125 2746/4307/125 2464/4002/125
f 2521/4003/118 2744/4306/118 2747/4309/118
f 2457/4303/118 2749/4310/118 2748/4311/118
f 2426/4312/120 2749/4310/120 2510/4068/120
f 2426/4312/124 2751/4313/124 2750/4314/124
f 2457/4303/125 2751/4313/125 2515/4037/125
f 2488/4088/120 2752/4315/120 2464/4002/120
f 2488/4088/124 2754/4316/124 2753/4317/124
f 2522/4006/125 2754/4316/125 2435/4318/125
f 2522/4006/118 2752/4315/118 2755/4319/118
f 2506/4079/120 2756/4320/120 2456/4230/120
f 2506/4079/124 2758/4321/124 2757/4322/124
f 2505/4085/125 2758/4321/125 2473/4076/125
f 2505/4085/118 2756/4320/118 2759/4323/118
f 2510/4068/120 2760/4324/139 2474/4061/139
f 2510/4068/124 2762/4325/124 2761/4326/124
f 2487/4075/125 2762/4325/125 2457/4303/125
f 2487/4075/118 2760/4324/118 2763/4327/118
f 2433/4254/118 2765/4328/118 2764/4329/118
f 2456/4230/120 2765/4328/120 2490/4116/120
f 2456/4230/124 2767/4330/124 2766/4331/124
f 2433/4254/125 2767/4330/125 2505/4085/125
f 2447/4332/134 2768/4333/134 2427/4334/134
f 2509/4065/127 2769/4335/127 2447/4064/127
f 2509/4065/118 2768/4336/118 2770/4337/118
f 2456/4230/126 2772/4338/118 2771/4339/126
f 2432/4340/120 2772/4338/120 2501/4110/120
f 2432/4340/124 2774/4341/124 2773/4342/124
f 2456/4230/125 2774/4341/125 2506/4079/125
f 2447/4343/134 2776/4344/134 2775/4345/134
f 2510/4068/135 2776/4346/135 2426/4312/135
f 2510/4068/118 2775/4347/118 2777/4348/118
f 2509/4065/120 2778/4349/120 2455/4263/120
f 2509/4065/124 2780/4350/124 2779/4351/124
f 2508/4072/125 2780/4350/125 2474/4061/125
f 2508/4072/118 2778/4349/118 2781/4352/118
f 2513/4054/120 2782/4353/120 2475/4048/120
f 2513/4054/124 2784/4354/124 2783/4355/124
f 2486/4060/140 2784/4354/125 2460/4186/125
f 2486/4060/118 2782/4353/118 2785/4356/118
f 2436/4173/126 2787/4357/129 2786/4358/130
f 2459/4223/120 2787/4357/120 2485/4047/120
f 2459/4223/128 2789/4359/124 2788/4360/128
f 2436/4173/141 2789/4359/141 2496/4136/141
f 2511/4057/119 2790/4361/119 2435/4318/119
f 2511/4057/124 2792/4362/124 2791/4363/124
f 2518/4024/125 2792/4362/125 2462/4023/125
f 2518/4024/118 2790/4361/129 2793/4364/118
f 2459/4223/118 2795/4365/118 2794/4366/118
f 2425/4367/120 2795/4365/120 2516/4040/120
f 2425/4367/124 2797/4368/124 2796/4369/124
f 2459/4223/127 2797/4368/127 2497/4129/127
f 2486/4060/120 2798/4370/120 2462/4023/120
f 2486/4060/124 2800/4371/124 2799/4372/124
f 2519/4027/125 2800/4371/125 2437/4166/125
f 2519/4027/118 2798/4370/118 2801/4373/118
f 2512/4051/119 2802/4374/119 2458/4299/119
f 2512/4051/124 2804/4375/124 2803/4376/124
f 2511/4057/125 2804/4375/125 2475/4048/125
f 2511/4057/118 2802/4374/129 2805/4377/118
f 2516/4040/120 2806/4378/120 2476/4033/120
f 2516/4040/124 2808/4379/124 2807/4380/124
f 2485/4047/125 2808/4379/125 2459/4223/125
f 2485/4047/118 2806/4378/118 2809/4381/118
f 2435/4318/118 2811/4382/118 2810/4383/118
f 2458/4299/120 2811/4382/120 2488/4088/120
f 2458/4299/124 2813/4384/124 2812/4385/124
f 2435/4318/125 2813/4384/125 2511/4057/125
f 2426/4386/134 2815/4387/134 2814/4388/134
f 2515/4037/142 2815/4389/142 2446/4036/142
f 2515/4037/118 2814/4390/129 2816/4391/118
f 2458/4299/129 2818/4392/118 2817/4393/126
f 2434/4160/120 2818/4392/120 2507/4082/120
f 2434/4160/124 2820/4394/124 2819/4395/124
f 2458/4299/125 2820/4394/125 2512/4051/125
f 2425/4396/134 2821/4397/134 2446/4398/134
f 2516/4040/127 2822/4399/127 2425/4367/127
f 2516/4040/118 2821/4400/143 2823/4401/144
f 2515/4037/119 2824/4402/119 2457/4303/119
f 2515/4037/124 2826/4403/124 2825/4404/124
f 2514/4044/125 2826/4403/125 2476/4033/125
f 2514/4044/118 2824/4402/129 2827/4405/118
f 2519/4027/120 2828/4406/120 2477/4020/120
f 2519/4027/128 2830/4407/124 2829/4408/128
f 2484/4015/125 2830/4407/125 2450/4409/125
f 2484/4015/129 2828/4406/118 2831/4410/129
f 2423/4411/122 2832/4412/122 2444/4413/122
f 2517/4030/123 2833/4414/123 2423/4415/123
f 2517/4030/124 2832/4416/124 2834/4417/124
f 2424/4418/126 2836/4419/118 2835/4420/126
f 2450/4409/120 2836/4419/120 2484/4015/120
f 2450/4409/124 2838/4421/128 2837/4422/124
f 2424/4418/127 2838/4421/127 2526/3967/127
f 2508/4072/119 2839/4423/119 2432/4340/119
f 2508/4072/128 2841/4424/124 2840/4425/128
f 2506/4079/125 2841/4424/125 2463/4069/125
f 2506/4079/126 2839/4423/118 2842/4426/126
f 2450/4409/118 2844/4427/118 2843/4428/118
f 2437/4166/120 2844/4427/120 2519/4027/120
f 2437/4166/124 2846/4429/124 2845/4430/124
f 2450/4409/127 2846/4429/127 2527/3961/127
f 2487/4075/120 2847/4431/120 2463/4069/120
f 2487/4075/128 2849/4432/124 2848/4433/128
f 2507/4082/125 2849/4432/125 2434/4160/125
f 2507/4082/126 2847/4431/118 2850/4434/126
f 2518/4024/119 2851/4435/119 2449/4436/119
f 2518/4024/128 2853/4437/124 2852/4438/131
f 2517/4030/125 2853/4437/125 2477/4020/125
f 2517/4030/129 2851/4435/129 2854/4439/129
f 2522/4006/120 2855/4440/120 2478/3999/120
f 2522/4006/128 2857/4441/124 2856/4442/128
f 2483/3994/125 2857/4441/125 2449/4436/125
f 2483/3994/129 2855/4440/118 2858/4443/129
f 2443/4444/122 2860/4445/122 2859/4446/122
f 2520/4009/120 2860/4447/120 2422/4448/120
f 2520/4009/124 2859/4449/128 2861/4450/124
f 2423/4415/126 2863/4451/118 2862/4452/126
f 2449/4436/120 2863/4451/120 2483/3994/120
f 2449/4436/124 2865/4453/124 2864/4454/124
f 2423/4415/125 2865/4453/125 2517/4030/125
f 2502/4100/119 2866/4455/119 2429/4248/119
f 2502/4100/128 2868/4456/124 2867/4457/128
f 2500/4107/125 2868/4456/125 2465/4097/125
f 2500/4107/126 2866/4455/129 2869/4458/126
f 2449/4436/118 2871/4459/118 2870/4460/118
f 2435/4318/120 2871/4459/120 2522/4006/120
f 2435/4318/124 2873/4461/124 2872/4462/124
f 2449/4436/125 2873/4461/125 2518/4024/125
f 2489/4103/120 2874/4463/120 2465/4097/120
f 2489/4103/128 2876/4464/124 2875/4465/128
f 2501/4110/125 2876/4464/125 2432/4340/125
f 2501/4110/129 2874/4463/118 2877/4466/126
f 2521/4003/120 2878/4467/120 2448/4468/120
f 2521/4003/128 2880/4469/124 2879/4470/128
f 2520/4009/125 2880/4469/125 2478/3999/125
f 2520/4009/129 2878/4467/118 2881/4471/129
f 2525/3985/120 2882/4472/120 2479/3978/120
f 2525/3985/128 2884/4473/124 2883/4474/128
f 2482/3973/125 2884/4473/125 2448/4468/125
f 2482/3973/118 2882/4472/118 2885/4475/129
f 2442/4476/122 2887/4477/122 2886/4478/122
f 2523/3988/120 2887/4479/120 2418/4480/120
f 2523/3988/124 2886/4481/124 2888/4482/124
f 2418/4483/138 2890/4484/138 2889/4485/138
f 2523/3988/124 2890/4486/124 2451/4487/124
f 2523/3988/125 2889/4488/125 2891/4489/125
f 2496/4136/119 2892/4490/119 2436/4173/119
f 2496/4136/128 2894/4491/124 2893/4492/128
f 2494/4150/125 2894/4491/125 2467/4133/125
f 2494/4150/129 2892/4490/129 2895/4493/129
f 2451/4494/138 2897/4495/138 2896/4496/138
f 2524/3982/124 2897/4497/124 2428/4240/124
f 2524/3982/125 2896/4498/125 2898/4499/125
f 2491/4120/119 2899/4500/119 2467/4133/119
f 2491/4120/128 2901/4501/124 2900/4502/128
f 2495/4153/125 2901/4501/125 2430/4122/125
f 2495/4153/126 2899/4500/118 2902/4503/126
f 2524/3982/119 2903/4504/119 2451/4487/119
f 2524/3982/128 2905/4505/124 2904/4506/128
f 2523/3988/125 2905/4505/125 2479/3978/125
f 2523/3988/129 2903/4504/129 2906/4507/129
f 2528/3964/120 2907/4508/120 2480/3957/120
f 2528/3964/131 2909/4509/124 2908/4510/131
f 2481/3945/125 2909/4509/125 2441/4511/125
f 2481/3945/129 2907/4508/118 2910/4512/129
f 2424/4513/122 2911/4514/122 2438/4515/122
f 2526/3967/120 2912/4516/120 2424/4418/120
f 2526/3967/124 2911/4517/124 2913/4518/124
f 2432/4340/126 2915/4519/129 2914/4520/126
f 2455/4263/120 2915/4519/120 2489/4103/120
f 2455/4263/131 2917/4521/124 2916/4522/131
f 2432/4340/125 2917/4521/125 2508/4072/125
f 2448/4468/118 2919/4523/118 2918/4524/118
f 2433/4254/120 2919/4523/120 2525/3985/120
f 2433/4254/124 2921/4525/124 2920/4526/124
f 2448/4468/125 2921/4525/125 2521/4003/125
f 2455/4263/118 2923/4527/118 2922/4528/118
f 2427/4289/120 2923/4527/120 2504/4096/120
f 2427/4289/124 2925/4529/124 2924/4530/124
f 2455/4263/125 2925/4529/125 2509/4065/125
f 2468/3960/118 2927/4531/118 2926/4532/118
f 2469/4147/120 2927/4531/120 2493/4164/120
f 2469/4147/124 2929/4533/124 2928/4534/124
f 2468/3960/125 2929/4533/125 2492/4142/125
f 2441/4535/117 2930/4536/117 2431/4537/117
f 2528/3964/118 2931/4538/118 2441/4511/118
f 2528/3964/120 2930/4539/120 2932/4540/119
f 2527/3961/119 2933/4541/119 2450/4409/119
f 2527/3961/128 2935/4542/124 2934/4543/128
f 2526/3967/125 2935/4542/125 2480/3957/125
f 2526/3967/129 2933/4541/129 2936/4544/129
f 2422/4448/126 2938/4545/118 2937/4546/126
f 2448/4468/120 2938/4545/120 2482/3973/120
f 2448/4468/124 2940/4547/124 2939/4548/124
f 2422/4448/125 2940/4547/125 2520/4009/125
f 2943/241/2 2941/4549/2 2944/4550/2
f 2944/4551/5 2947/4552/5 2943/4553/5
f 2943/4554/7 2946/4555/7 2942/4556/7
f 2945/4557/2 2950/10/2 2949/4558/2
f 2948/4559/2 2951/703/2 2947/4560/2
f 2948/4559/2 2949/4558/2 2952/4561/2
f 2947/4560/2 2950/10/2 2946/4562/2
f 2941/4563/26 2948/3316/26 2944/3315/26
f 2942/4564/1 2945/4565/1 2941/4566/1
f 2976/4567/117 3065/4568/117 3064/4569/117
f 3016/4570/118 3065/4571/118 2954/1128/118
f 3016/4570/119 3064/4572/120 3066/4573/121
f 2954/4574/145 3068/4575/145 3067/4576/145
f 3016/4570/120 3068/4577/120 2973/4578/120
f 3016/4570/124 3067/4579/124 3069/4580/124
f 3015/4581/118 3071/4582/118 3070/4583/118
f 3003/4584/120 3071/4582/120 3062/4585/120
f 3003/4584/124 3073/4586/124 3072/4587/124
f 3015/4581/125 3073/4586/125 3063/4588/125
f 2973/4578/118 3075/4589/118 3074/4590/118
f 3015/4581/120 3075/4589/120 3061/4591/120
f 3015/4581/124 3077/4592/124 3076/4593/124
f 2973/4578/125 3077/4592/125 3016/4570/125
f 2957/4594/145 3079/4595/145 3078/4596/145
f 3017/4597/120 3079/4598/120 2977/4599/120
f 3017/4597/124 3078/4600/124 3080/4601/124
f 3014/4602/118 3082/4603/118 3081/4604/118
f 3001/4605/120 3082/4603/120 3059/4606/120
f 3001/4605/124 3084/4607/124 3083/4608/124
f 3014/4602/125 3084/4607/125 3060/4609/125
f 2977/4599/118 3086/4610/118 3085/4611/118
f 3014/4602/120 3086/4610/120 3058/4612/120
f 3014/4602/124 3088/4613/124 3087/4614/124
f 2977/4599/125 3088/4613/125 3017/4597/125
f 2958/4615/145 3090/4616/145 3089/4617/122
f 3018/4618/120 3090/4619/120 2978/4620/120
f 3018/4618/124 3089/4621/124 3091/4622/124
f 3013/4623/118 3093/4624/129 3092/4625/118
f 2999/4626/119 3093/4624/119 3056/4627/119
f 2999/4626/124 3095/4628/124 3094/4629/124
f 3013/4623/125 3095/4628/125 3057/4630/125
f 2978/4620/118 3097/4631/129 3096/4632/118
f 3013/4623/119 3097/4631/119 3055/4633/119
f 3013/4623/124 3099/4634/124 3098/4635/124
f 2978/4620/125 3099/4634/125 3018/4618/125
f 2979/4636/145 3100/4637/145 2959/4638/145
f 3019/4639/120 3101/4640/120 2979/4641/120
f 3019/4639/124 3100/4642/124 3102/4643/124
f 3012/4644/118 3104/4645/118 3103/4646/118
f 2997/4647/120 3104/4645/120 3053/4648/120
f 2997/4647/124 3106/4649/124 3105/4650/124
f 3012/4644/125 3106/4649/125 3054/4651/125
f 2979/4641/118 3108/4652/118 3107/4653/118
f 3012/4644/120 3108/4652/120 3052/4654/120
f 3012/4644/124 3110/4655/124 3109/4656/124
f 2979/4641/125 3110/4655/125 3019/4639/125
f 3011/4657/118 3112/4658/118 3111/4659/118
f 2981/4660/120 3112/4658/120 3050/4661/120
f 2981/4660/124 3114/4662/124 3113/4663/124
f 3011/4657/125 3114/4662/125 3051/4664/125
f 2996/4665/118 3116/4666/118 3115/4667/129
f 3011/4657/120 3116/4666/120 3049/4668/120
f 3011/4657/124 3118/4669/124 3117/4670/124
f 2996/4665/125 3118/4669/125 3020/4671/125
f 3010/4672/118 3120/4673/118 3119/4674/118
f 2996/4665/120 3120/4673/120 3047/4675/120
f 2996/4665/124 3122/4676/124 3121/4677/124
f 3010/4672/125 3122/4676/125 3048/4678/125
f 2997/4647/118 3124/4679/118 3123/4680/118
f 3010/4672/120 3124/4679/120 3046/4681/120
f 3010/4672/124 3126/4682/124 3125/4683/124
f 2997/4647/125 3126/4682/125 3021/4684/125
f 3009/4685/118 3128/4686/129 3127/4687/118
f 2982/4688/119 3128/4686/119 3044/4689/119
f 2982/4688/124 3130/4690/124 3129/4691/124
f 3009/4685/125 3130/4690/125 3045/4692/125
f 2998/4693/129 3132/4694/129 3131/4695/129
f 3009/4685/119 3132/4694/119 3043/4696/119
f 3009/4685/124 3134/4697/124 3133/4698/124
f 2998/4693/125 3134/4697/125 3022/4699/125
f 3008/4700/118 3136/4701/129 3135/4702/118
f 2998/4693/119 3136/4701/119 3041/4703/119
f 2998/4693/124 3138/4704/124 3137/4705/124
f 3008/4700/125 3138/4704/125 3042/4706/125
f 2999/4626/118 3140/4707/129 3139/4708/118
f 3008/4700/119 3140/4707/119 3040/4709/119
f 3008/4700/124 3142/4710/124 3141/4711/124
f 2999/4626/125 3142/4710/125 3023/4712/125
f 3007/4713/118 3144/4714/118 3143/4715/118
f 2974/4716/120 3144/4714/120 3038/4717/120
f 2974/4716/124 3146/4718/124 3145/4719/124
f 3007/4713/125 3146/4718/125 3039/4720/125
f 3000/4721/118 3148/4722/118 3147/4723/129
f 3007/4713/120 3148/4722/120 3037/4724/120
f 3007/4713/124 3150/4725/124 3149/4726/124
f 3000/4721/125 3150/4725/125 3024/4727/125
f 3006/4728/118 3152/4729/118 3151/4730/118
f 3000/4721/120 3152/4729/120 3035/4731/120
f 3000/4721/124 3154/4732/124 3153/4733/124
f 3006/4728/125 3154/4732/125 3036/4734/125
f 3001/4605/118 3156/4735/118 3155/4736/118
f 3006/4728/120 3156/4735/120 3034/4737/120
f 3006/4728/124 3158/4738/124 3157/4739/124
f 3001/4605/125 3158/4738/125 3025/4740/125
f 2965/4741/117 3159/4742/117 2988/4743/117
f 3026/4744/118 3160/4745/118 2965/4746/118
f 3026/4744/119 3159/4747/120 3161/4748/121
f 3005/4749/118 3163/4750/118 3162/4751/118
f 2980/4752/120 3163/4750/120 3032/4753/120
f 2980/4752/124 3165/4754/124 3164/4755/124
f 3005/4749/125 3165/4754/125 3033/4756/125
f 3002/4757/129 3167/4758/118 3166/4759/126
f 3005/4749/120 3167/4758/120 3031/4760/120
f 3005/4749/124 3169/4761/124 3168/4762/124
f 3002/4757/125 3169/4761/125 3026/4744/125
f 2966/4763/117 3170/4764/117 2989/4765/117
f 3027/4766/118 3171/4767/118 2966/4768/118
f 3027/4766/119 3170/4769/120 3172/4770/121
f 3004/4771/118 3174/4772/118 3173/4773/118
f 3002/4757/120 3174/4772/120 3029/4774/120
f 3002/4757/124 3176/4775/124 3175/4776/124
f 3004/4771/125 3176/4775/125 3030/4777/125
f 3030/4777/120 3177/4778/120 3004/4771/120
f 3030/4777/124 3179/4779/124 3178/4780/124
f 3027/4766/125 3179/4779/125 2989/4781/125
f 3027/4766/118 3177/4778/118 3180/4782/118
f 3049/4668/120 3181/4783/120 2969/4784/120
f 3049/4668/124 3183/4785/124 3182/4786/124
f 3047/4675/146 3183/4785/146 2996/4665/146
f 3047/4675/126 3181/4783/118 3184/4787/126
f 3028/4788/120 3185/4789/120 2972/4790/120
f 3028/4788/128 3187/4791/124 3186/4792/131
f 3062/4585/125 3187/4791/125 3003/4584/125
f 3062/4585/118 3185/4789/118 3188/4793/118
f 3020/4671/123 3189/4794/123 2996/4665/123
f 3020/4671/124 3191/4795/124 3190/4796/124
f 3048/4678/125 3191/4795/125 2971/4797/125
f 3048/4678/126 3189/4794/126 3192/4798/129
f 3027/4766/120 3193/4799/120 3003/4584/120
f 3027/4766/128 3195/4800/124 3194/4801/131
f 3063/4588/125 3195/4800/125 2966/4768/125
f 3063/4588/118 3193/4799/118 3196/4802/118
f 2989/4803/117 3197/4804/117 2965/4805/117
f 3030/4777/118 3198/4806/118 2989/4781/118
f 3030/4777/119 3197/4807/120 3199/4808/121
f 3029/4774/120 3200/4809/120 2995/4810/120
f 3029/4774/124 3202/4811/124 3201/4812/124
f 3028/4788/125 3202/4811/125 3004/4771/125
f 3028/4788/118 3200/4809/118 3203/4813/118
f 3033/4756/120 3204/4814/120 3005/4749/120
f 3033/4756/124 3206/4815/124 3205/4816/124
f 3026/4744/125 3206/4815/125 2988/4817/125
f 3026/4744/118 3204/4814/118 3207/4818/129
f 2972/4790/118 3209/4819/118 3208/4820/118
f 2995/4810/120 3209/4819/120 3021/4684/120
f 2995/4810/124 3211/4821/124 3210/4822/124
f 2972/4790/125 3211/4821/125 3028/4788/125
f 2980/4823/147 3212/4824/147 2960/4825/147
f 3032/4753/127 3213/4826/127 2980/4752/127
f 3032/4753/118 3212/4827/118 3214/4828/129
f 2995/4810/118 3216/4829/118 3215/4830/118
f 2971/4797/120 3216/4829/120 3048/4678/120
f 2971/4797/124 3218/4831/124 3217/4832/124
f 2995/4810/125 3218/4831/125 3029/4774/125
f 2955/4833/147 3219/4834/147 2980/4835/147
f 3033/4756/125 3220/4836/125 2955/4837/125
f 3033/4756/118 3219/4838/118 3221/4839/129
f 2988/4840/117 3222/4841/117 2955/4842/117
f 3033/4756/118 3223/4843/118 2988/4817/118
f 3033/4756/119 3222/4844/120 3224/4845/121
f 3032/4753/120 3225/4846/120 2994/4847/120
f 3032/4753/124 3227/4848/124 3226/4849/124
f 3031/4760/125 3227/4848/125 3005/4749/125
f 3031/4760/118 3225/4846/118 3228/4850/129
f 3036/4734/120 3229/4851/120 3006/4728/120
f 3036/4734/124 3231/4852/124 3230/4853/124
f 3025/4740/125 3231/4852/125 2991/4854/125
f 3025/4740/118 3229/4851/118 3232/4855/118
f 2987/4856/148 3233/4857/148 2963/4858/148
f 3034/4737/124 3234/4859/124 2987/4860/124
f 3034/4737/125 3233/4861/125 3235/4862/125
f 3034/4737/119 3236/4863/119 2963/4864/119
f 3034/4737/124 3238/4865/124 3237/4866/128
f 3059/4606/125 3238/4865/125 3001/4605/125
f 3059/4606/118 3236/4863/129 3239/4867/118
f 2987/4868/148 3241/4869/148 3240/4870/148
f 3035/4731/124 3241/4871/124 2964/4872/124
f 3035/4731/125 3240/4873/127 3242/4874/125
f 3025/4740/120 3243/4875/120 3001/4605/120
f 3025/4740/128 3245/4876/124 3244/4877/131
f 3060/4609/125 3245/4876/125 2968/4878/125
f 3060/4609/118 3243/4875/118 3246/4879/118
f 3035/4731/119 3247/4880/119 2987/4860/119
f 3035/4731/124 3249/4881/124 3248/4882/124
f 3034/4737/125 3249/4881/125 3006/4728/125
f 3034/4737/118 3247/4880/129 3250/4883/118
f 3039/4720/120 3251/4884/120 3007/4713/120
f 3039/4720/124 3253/4885/124 3252/4886/124
f 3024/4727/125 3253/4885/125 2990/4887/125
f 3024/4727/129 3251/4884/118 3254/4888/129
f 2975/4889/148 3255/4890/148 2964/4891/148
f 3037/4724/124 3256/4892/124 2975/4893/124
f 3037/4724/125 3255/4894/125 3257/4895/125
f 2956/4896/147 3259/4897/147 3258/4898/147
f 3038/4717/141 3259/4899/141 2974/4716/141
f 3038/4717/129 3258/4900/126 3260/4901/129
f 2956/4902/148 3261/4903/148 2975/4904/148
f 3038/4717/124 3262/4905/124 2956/4906/124
f 3038/4717/125 3261/4907/125 3263/4908/125
f 2962/4909/147 3264/4910/147 2974/4911/147
f 3039/4720/149 3265/4912/149 2962/4913/149
f 3039/4720/129 3264/4914/129 3266/4915/129
f 3038/4717/123 3267/4916/123 2975/4893/123
f 3038/4717/124 3269/4917/124 3268/4918/124
f 3037/4724/125 3269/4917/125 3007/4713/125
f 3037/4724/129 3267/4916/129 3270/4919/129
f 3042/4706/120 3271/4920/120 3008/4700/120
f 3042/4706/124 3273/4921/124 3272/4922/124
f 3023/4712/125 3273/4921/125 2993/4923/125
f 3023/4712/118 3271/4920/118 3274/4924/118
f 2969/4784/126 3276/4925/118 3275/4926/126
f 2992/4927/120 3276/4925/120 3022/4699/120
f 2992/4927/124 3278/4928/128 3277/4929/124
f 2969/4784/127 3278/4928/127 3049/4668/127
f 3040/4709/120 3279/4930/120 2968/4878/120
f 3040/4709/128 3281/4931/124 3280/4932/131
f 3056/4627/125 3281/4931/125 2999/4626/125
f 3056/4627/118 3279/4930/118 3282/4933/118
f 2992/4927/118 3284/4934/118 3283/4935/118
f 2961/4936/120 3284/4934/120 3045/4692/120
f 2961/4936/124 3286/4937/128 3285/4938/124
f 2992/4927/127 3286/4937/127 3050/4661/127
f 3023/4712/120 3287/4939/120 2999/4626/120
f 3023/4712/124 3289/4940/124 3288/4941/128
f 3057/4630/125 3289/4940/125 2970/4942/125
f 3057/4630/118 3287/4939/118 3290/4943/118
f 3041/4703/120 3291/4944/120 2991/4854/120
f 3041/4703/124 3293/4945/124 3292/4946/124
f 3040/4709/125 3293/4945/125 3008/4700/125
f 3040/4709/118 3291/4944/118 3294/4947/118
f 3045/4692/120 3295/4948/120 3009/4685/120
f 3045/4692/124 3297/4949/124 3296/4950/124
f 3022/4699/125 3297/4949/125 2992/4927/125
f 3022/4699/118 3295/4948/118 3298/4951/129
f 2968/4878/118 3300/4952/118 3299/4953/118
f 2991/4854/120 3300/4952/120 3025/4740/120
f 2991/4854/124 3302/4954/124 3301/4955/124
f 2968/4878/125 3302/4954/125 3040/4709/125
f 2982/4956/147 3303/4957/147 2962/4958/147
f 3044/4689/127 3304/4959/127 2982/4688/127
f 3044/4689/129 3303/4960/118 3305/4961/129
f 2991/4854/118 3307/4962/118 3306/4963/118
f 2967/4964/120 3307/4962/120 3036/4734/120
f 2967/4964/124 3309/4965/124 3308/4966/124
f 2991/4854/125 3309/4965/125 3041/4703/125
f 2961/4967/147 3310/4968/147 2982/4969/147
f 3045/4692/127 3311/4970/127 2961/4936/127
f 3045/4692/129 3310/4971/118 3312/4972/126
f 3044/4689/120 3313/4973/120 2990/4887/120
f 3044/4689/124 3315/4974/124 3314/4975/124
f 3043/4696/125 3315/4974/125 3009/4685/125
f 3043/4696/118 3313/4973/118 3316/4976/129
f 3048/4678/123 3317/4977/123 3010/4672/123
f 3048/4678/124 3319/4978/124 3318/4979/124
f 3021/4684/125 3319/4978/125 2995/4810/125
f 3021/4684/118 3317/4977/126 3320/4980/118
f 2971/4797/126 3322/4981/118 3321/4982/126
f 2994/4847/120 3322/4981/120 3020/4671/120
f 2994/4847/124 3324/4983/124 3323/4984/124
f 2971/4797/125 3324/4983/125 3031/4760/125
f 3046/4681/120 3325/4985/120 2970/4942/120
f 3046/4681/124 3327/4986/124 3326/4987/128
f 3053/4648/150 3327/4986/150 2997/4647/150
f 3053/4648/118 3325/4985/118 3328/4988/118
f 2994/4847/118 3330/4989/118 3329/4990/118
f 2960/4991/120 3330/4989/120 3051/4664/120
f 2960/4991/124 3332/4992/124 3331/4993/124
f 2994/4847/125 3332/4992/125 3032/4753/125
f 3021/4684/123 3333/4994/123 2997/4647/123
f 3021/4684/128 3335/4995/124 3334/4996/131
f 3054/4651/125 3335/4995/125 2972/4790/125
f 3054/4651/118 3333/4994/126 3336/4997/118
f 3047/4675/120 3337/4998/120 2993/4923/120
f 3047/4675/124 3339/4999/151 3338/5000/124
f 3046/4681/146 3339/4999/146 3010/4672/146
f 3046/4681/118 3337/4998/118 3340/5001/118
f 3051/4664/123 3341/5002/123 3011/4657/123
f 3051/4664/124 3343/5003/124 3342/5004/124
f 3020/4671/125 3343/5003/125 2994/4847/125
f 3020/4671/129 3341/5002/126 3344/5005/129
f 2970/4942/118 3346/5006/118 3345/5007/118
f 2993/4923/120 3346/5006/120 3023/4712/120
f 2993/4923/124 3348/5008/124 3347/5009/124
f 2970/4942/127 3348/5008/127 3046/4681/127
f 2961/5010/147 3350/5011/147 3349/5012/147
f 3050/4661/125 3350/5013/125 2981/4660/125
f 3050/4661/126 3349/5014/129 3351/5015/126
f 2993/4923/118 3353/5016/118 3352/5017/118
f 2969/4784/120 3353/5016/120 3042/4706/120
f 2969/4784/124 3355/5018/124 3354/5019/124
f 2993/4923/127 3355/5018/127 3047/4675/127
f 2960/5020/147 3356/5021/147 2981/5022/147
f 3051/4664/149 3357/5023/149 2960/4991/149
f 3051/4664/129 3356/5024/126 3358/5025/129
f 3050/4661/133 3359/5026/133 2992/4927/133
f 3050/4661/124 3361/5027/151 3360/5028/124
f 3049/4668/150 3361/5027/150 3011/4657/150
f 3049/4668/126 3359/5026/118 3362/5029/126
f 3054/4651/123 3363/5030/123 3012/4644/123
f 3054/4651/124 3365/5031/124 3364/5032/124
f 3019/4639/125 3365/5031/125 2985/5033/125
f 3019/4639/118 3363/5030/126 3366/5034/118
f 2958/5035/145 3367/5036/145 2979/5037/145
f 3052/4654/120 3368/5038/120 2958/5039/120
f 3052/4654/124 3367/5040/124 3369/5041/124
f 2959/5042/118 3371/5043/118 3370/5044/118
f 2985/5033/120 3371/5043/120 3019/4639/120
f 2985/5033/124 3373/5045/124 3372/5046/124
f 2959/5042/125 3373/5045/125 3061/4591/125
f 3043/4696/120 3374/5047/120 2967/4964/120
f 3043/4696/124 3376/5048/124 3375/5049/124
f 3041/4703/125 3376/5048/125 2998/4693/125
f 3041/4703/129 3374/5047/118 3377/5050/129
f 2985/5033/118 3379/5051/118 3378/5052/118
f 2972/4790/120 3379/5051/120 3054/4651/120
f 2972/4790/124 3381/5053/124 3380/5054/124
f 2985/5033/125 3381/5053/125 3062/4585/125
f 3022/4699/120 3382/5055/120 2998/4693/120
f 3022/4699/124 3384/5056/124 3383/5057/124
f 3042/4706/125 3384/5056/125 2969/4784/125
f 3042/4706/129 3382/5055/118 3385/5058/126
f 3053/4648/120 3386/5059/120 2984/5060/120
f 3053/4648/124 3388/5061/151 3387/5062/124
f 3052/4654/150 3388/5061/150 3012/4644/150
f 3052/4654/118 3386/5059/118 3389/5063/118
f 3057/4630/120 3390/5064/120 3013/4623/120
f 3057/4630/124 3392/5065/124 3391/5066/124
f 3018/4618/125 3392/5065/125 2984/5060/125
f 3018/4618/118 3390/5064/118 3393/5067/118
f 2978/5068/145 3395/5069/145 3394/5070/145
f 3055/4633/120 3395/5071/120 2957/5072/120
f 3055/4633/124 3394/5073/124 3396/5074/124
f 2958/5039/118 3398/5075/118 3397/5076/118
f 2984/5060/120 3398/5075/120 3018/4618/120
f 2984/5060/124 3400/5077/128 3399/5078/124
f 2958/5039/149 3400/5077/149 3052/4654/149
f 3037/4724/119 3401/5079/119 2964/4872/119
f 3037/4724/124 3403/5080/124 3402/5081/124
f 3035/4731/125 3403/5080/125 3000/4721/125
f 3035/4731/126 3401/5079/126 3404/5082/126
f 2984/5060/118 3406/5083/118 3405/5084/118
f 2970/4942/120 3406/5083/120 3057/4630/120
f 2970/4942/124 3408/5085/128 3407/5086/124
f 2984/5060/127 3408/5085/127 3053/4648/127
f 3024/4727/120 3409/5087/120 3000/4721/120
f 3024/4727/124 3411/5088/124 3410/5089/124
f 3036/4734/125 3411/5088/125 2967/4964/125
f 3036/4734/129 3409/5087/118 3412/5090/129
f 3056/4627/120 3413/5091/120 2983/5092/120
f 3056/4627/124 3415/5093/124 3414/5094/124
f 3055/4633/125 3415/5093/125 3013/4623/125
f 3055/4633/118 3413/5091/118 3416/5095/118
f 3060/4609/120 3417/5096/120 3014/4602/120
f 3060/4609/124 3419/5097/124 3418/5098/124
f 3017/4597/125 3419/5097/125 2983/5092/125
f 3017/4597/118 3417/5096/118 3420/5099/118
f 2953/5100/145 3421/5101/145 2977/5102/145
f 3058/4612/120 3422/5103/120 2953/5104/120
f 3058/4612/124 3421/5105/124 3423/5106/124
f 2986/5107/148 3424/5108/148 2953/5109/148
f 3058/4612/128 3425/5110/128 2986/5111/128
f 3058/4612/125 3424/5112/125 3426/5113/125
f 3031/4760/120 3427/5114/120 2971/4797/120
f 3031/4760/124 3429/5115/124 3428/5116/124
f 3029/4774/125 3429/5115/125 3002/4757/125
f 3029/4774/129 3427/5114/118 3430/5117/129
f 2963/5118/148 3431/5119/148 2986/5120/148
f 3059/4606/124 3432/5121/124 2963/4864/124
f 3059/4606/125 3431/5122/125 3433/5123/125
f 3026/4744/120 3434/5124/120 3002/4757/120
f 3026/4744/124 3436/5125/124 3435/5126/124
f 3030/4777/125 3436/5125/125 2965/4746/125
f 3030/4777/129 3434/5124/118 3437/5127/129
f 3059/4606/119 3438/5128/119 2986/5111/119
f 3059/4606/124 3440/5129/124 3439/5130/124
f 3058/4612/125 3440/5129/125 3014/4602/125
f 3058/4612/118 3438/5128/129 3441/5131/118
f 3063/4588/120 3442/5132/120 3015/4581/120
f 3063/4588/124 3444/5133/124 3443/5134/124
f 3016/4570/125 3444/5133/125 2976/5135/125
f 3016/4570/118 3442/5132/118 3445/5136/118
f 2973/5137/145 3447/5138/145 3446/5139/145
f 3061/4591/120 3447/5140/120 2959/5042/120
f 3061/4591/124 3446/5141/124 3448/5142/124
f 2967/4964/126 3450/5143/118 3449/5144/126
f 2990/4887/120 3450/5143/120 3024/4727/120
f 2990/4887/124 3452/5145/124 3451/5146/124
f 2967/4964/125 3452/5145/125 3043/4696/125
f 2983/5092/118 3454/5147/118 3453/5148/118
f 2968/4878/120 3454/5147/120 3060/4609/120
f 2968/4878/124 3456/5149/124 3455/5150/124
f 2983/5092/125 3456/5149/125 3056/4627/125
f 2990/4887/118 3458/5151/118 3457/5152/118
f 2962/4913/120 3458/5151/120 3039/4720/120
f 2962/4913/124 3460/5153/124 3459/5154/124
f 2990/4887/125 3460/5153/125 3044/4689/125
f 3003/4584/118 3462/5155/118 3461/5156/118
f 3004/4771/120 3462/5155/120 3028/4788/120
f 3004/4771/124 3464/5157/124 3463/5158/124
f 3003/4584/125 3464/5157/125 3027/4766/125
f 2976/5159/117 3465/5160/117 2966/5161/117
f 3063/4588/118 3466/5162/118 2976/5135/118
f 3063/4588/119 3465/5163/120 3467/5164/121
f 3062/4585/120 3468/5165/120 2985/5033/120
f 3062/4585/124 3470/5166/124 3469/5167/124
f 3061/4591/125 3470/5166/125 3015/4581/125
f 3061/4591/118 3468/5165/118 3471/5168/118
f 2957/5072/118 3473/5169/118 3472/5170/118
f 2983/5092/120 3473/5169/120 3017/4597/120
f 2983/5092/124 3475/5171/124 3474/5172/124
f 2957/5072/125 3475/5171/125 3055/4633/125
f 3479/5173/5 3482/5174/5 3478/3940/5
f 3478/5175/7 3481/5176/7 3477/5177/7
f 3481/5178/2 3484/5179/2 3480/5180/2
f 3482/5181/2 3487/5182/2 3486/3936/2
f 3480/5180/2 3487/5182/2 3483/5183/2
f 3481/5178/2 3486/3936/2 3485/5184/2
f 3476/5177/26 3483/5185/26 3479/5186/26
f 3477/5187/1 3480/5188/1 3476/5189/1
f 3566/5190/2 3568/5191/2 3565/5192/2
f 3515/5193/2 3495/5194/2 3517/5195/2
f 3514/5196/2 3488/5197/2 3513/5198/2
f 3499/5199/2 3502/5200/2 3491/5201/2
f 3517/5195/2 3494/5202/2 3514/5196/2
f 3516/5203/2 3496/5204/2 3515/5193/2
f 3570/5205/2 3572/5206/2 3569/5207/2
f 3574/5208/2 3576/5209/2 3573/5210/2
f 3504/5211/2 3558/5212/2 3512/5213/2
f 3562/5214/2 3511/5215/2 3560/5216/2
f 3563/5217/2 3506/5218/2 3561/5219/2
f 3564/5220/2 3508/5221/2 3563/5217/2
f 3578/5222/2 3580/5223/2 3577/5224/2
f 3497/5225/2 3492/5226/2 3498/5227/2
f 3498/5227/2 3501/5228/2 3499/5199/2
f 3490/372/2 3500/5229/2 3497/5225/2
f 3582/5230/2 3584/5231/2 3581/5232/2
f 3586/5233/2 3588/5234/2 3585/5235/2
f 3590/5236/2 3592/5237/2 3589/5238/2
f 3594/5239/2 3596/5240/2 3593/5241/2
f 3493/5242/152 3518/5243/152 3500/5229/152
f 3506/5218/153 3519/5244/153 3493/5242/153
f 3508/5221/154 3520/5245/154 3506/5218/154
f 3500/5229/155 3521/5246/155 3508/5221/155
f 3492/5226/152 3522/5247/152 3501/5228/152
f 3510/5248/153 3523/5249/153 3492/5226/153
f 3510/5248/154 3525/5250/154 3524/5251/154
f 3501/5228/155 3525/5250/155 3511/5215/155
f 3500/5229/152 3526/5252/152 3492/5226/152
f 3508/5221/153 3527/5253/153 3500/5229/153
f 3510/5248/154 3528/5254/154 3508/5221/154
f 3492/5226/155 3529/5255/155 3510/5248/155
f 3501/5228/152 3530/5256/152 3502/5200/152
f 3511/5215/153 3531/5257/153 3501/5228/153
f 3511/5215/154 3533/5258/154 3532/5259/154
f 3502/5200/156 3533/5258/156 3503/5260/156
f 3505/5261/157 3534/5262/157 3507/5263/157
f 3516/5203/153 3535/5264/153 3505/5261/153
f 3515/5193/154 3536/5265/154 3516/5203/154
f 3515/5193/155 3534/5262/155 3537/5266/155
f 3509/5267/157 3538/5268/157 3512/5213/157
f 3517/5195/153 3539/5269/153 3509/5267/153
f 3517/5195/154 3541/5270/154 3540/5271/154
f 3514/5196/155 3538/5268/155 3541/5270/155
f 3512/5213/157 3542/5272/157 3504/5211/157
f 3514/5196/153 3543/5273/153 3512/5213/153
f 3514/5196/154 3545/5274/154 3544/5275/154
f 3513/5198/156 3542/5272/156 3545/5274/156
f 3507/5263/157 3546/5276/157 3509/5267/157
f 3515/5193/153 3547/5277/153 3507/5263/153
f 3517/5195/154 3548/5278/154 3515/5193/154
f 3517/5195/155 3546/5276/155 3549/5279/155
f 3558/5280/158 3554/5281/158 3557/5282/158
f 3557/5282/158 3553/5283/158 3556/5284/158
f 3556/5284/158 3552/5285/159 3559/5286/159
f 3555/5287/158 3550/5288/158 3558/5280/158
f 3507/5263/2 3559/5289/2 3505/5261/2
f 3509/5267/2 3556/5290/2 3507/5263/2
f 3512/5213/2 3557/5291/2 3509/5267/2
f 3551/3303/160 3560/5292/160 3550/5293/160
f 3553/5294/160 3561/5295/160 3552/5188/160
f 3554/5296/160 3563/5297/160 3553/5294/160
f 3550/5293/160 3564/5298/160 3554/5296/160
f 3560/5216/2 3510/5248/2 3564/5220/2
f 3519/5244/2 3565/5192/2 3518/5243/2
f 3519/5244/2 3567/5299/2 3566/5190/2
f 3520/5245/2 3568/5191/2 3567/5299/2
f 3518/5243/2 3568/5191/2 3521/5246/2
f 3522/5247/2 3570/5205/2 3569/5207/2
f 3523/5249/2 3571/5300/2 3570/5205/2
f 3525/5250/2 3571/5300/2 3524/5251/2
f 3522/5247/2 3572/5206/2 3525/5250/2
f 3527/5253/2 3573/5210/2 3526/5252/2
f 3527/5253/2 3575/5301/2 3574/5208/2
f 3529/5255/2 3575/5301/2 3528/5254/2
f 3526/5252/2 3576/5209/2 3529/5255/2
f 3531/5257/2 3577/5224/2 3530/5256/2
f 3531/5257/2 3579/5302/2 3578/5222/2
f 3533/5258/2 3579/5302/2 3532/5259/2
f 3530/5256/2 3580/5223/2 3533/5258/2
f 3535/5264/2 3581/5232/2 3534/5262/2
f 3535/5264/2 3583/5303/2 3582/5230/2
f 3536/5265/2 3584/5231/2 3583/5303/2
f 3534/5262/2 3584/5231/2 3537/5266/2
f 3538/5268/2 3586/5233/2 3585/5235/2
f 3539/5269/2 3587/5304/2 3586/5233/2
f 3541/5270/2 3587/5304/2 3540/5271/2
f 3538/5268/2 3588/5234/2 3541/5270/2
f 3543/5273/2 3589/5238/2 3542/5272/2
f 3543/5273/2 3591/5305/2 3590/5236/2
f 3545/5274/2 3591/5305/2 3544/5275/2
f 3542/5272/2 3592/5237/2 3545/5274/2
f 3547/5277/2 3593/5241/2 3546/5276/2
f 3547/5277/2 3595/5306/2 3594/5239/2
f 3549/5279/2 3595/5306/2 3548/5278/2
f 3546/5276/2 3596/5240/2 3549/5279/2
f 3478/5307/2 3597/5308/2 3479/2184/2
f 3477/5309/2 3598/5310/2 3478/5307/2
f 3477/5309/2 3600/5311/2 3599/5312/2
f 3479/2184/2 3600/5311/2 3476/5313/2
f 3603/246/1 3601/5314/1 3604/5315/1
f 3604/5316/2 3607/5317/2 3603/5318/2
f 3603/5319/7 3606/5320/7 3602/5321/7
f 3605/5322/1 3610/5323/1 3609/5324/1
f 3608/5325/1 3611/578/1 3607/5326/1
f 3605/5322/1 3612/5327/1 3608/5325/1
f 3606/5328/1 3611/578/1 3610/5323/1
f 3601/5329/26 3608/5330/26 3604/5331/26
f 3602/5332/6 3605/5331/6 3601/5330/6
f 3614/5333/82 3724/5334/82 3636/5335/82
f 3676/5336/90 3725/5337/90 3614/3298/90
f 3676/5336/84 3724/5338/84 3726/5339/84
f 3614/5340/161 3728/5021/161 3727/5341/161
f 3676/5336/84 3728/5342/84 3633/5343/84
f 3676/5336/92 3727/5344/92 3729/5345/162
f 3675/5346/83 3731/5347/83 3730/5348/83
f 3663/5349/84 3731/5347/84 3722/5350/84
f 3663/5349/89 3733/5351/92 3732/5352/89
f 3675/5346/96 3733/5351/96 3723/5353/96
f 3633/5343/99 3735/5354/90 3734/5355/99
f 3675/5346/84 3735/5354/84 3721/5356/84
f 3675/5346/92 3737/5357/92 3736/5358/92
f 3633/5343/96 3737/5357/96 3676/5336/96
f 3637/5359/161 3738/5360/161 3617/5361/161
f 3677/5362/84 3739/5363/84 3637/5364/84
f 3677/5362/92 3738/5365/92 3740/5366/92
f 3674/5367/83 3742/5368/83 3741/5369/83
f 3661/5370/84 3742/5368/84 3719/5371/84
f 3661/5370/92 3744/5372/92 3743/5373/116
f 3674/5367/111 3744/5372/111 3720/5374/111
f 3637/5364/90 3746/5375/83 3745/5376/90
f 3674/5367/84 3746/5375/84 3718/5377/84
f 3674/5367/92 3748/5378/92 3747/5379/92
f 3637/5364/96 3748/5378/96 3677/5362/96
f 3618/5380/163 3750/5381/161 3749/5382/164
f 3678/5383/84 3750/5384/84 3638/5385/84
f 3678/5383/92 3749/5386/92 3751/5387/92
f 3673/5388/83 3753/5389/83 3752/5390/83
f 3659/5391/84 3753/5389/84 3716/5392/84
f 3659/5391/92 3755/5393/92 3754/5394/92
f 3673/5388/96 3755/5393/96 3717/5395/96
f 3638/5385/103 3757/5396/83 3756/5397/103
f 3673/5388/84 3757/5396/84 3715/5398/84
f 3673/5388/92 3759/5399/92 3758/5400/92
f 3638/5385/96 3759/5399/96 3678/5383/96
f 3639/5401/161 3760/5402/161 3619/5403/161
f 3679/5404/84 3761/5405/84 3639/5406/84
f 3679/5404/92 3760/5407/92 3762/5408/162
f 3672/5409/83 3764/5410/83 3763/5411/83
f 3657/5412/84 3764/5410/84 3713/5413/84
f 3657/5412/89 3766/5414/92 3765/5415/89
f 3672/5409/96 3766/5414/96 3714/5416/96
f 3639/5406/103 3768/5417/83 3767/5418/99
f 3672/5409/84 3768/5417/84 3712/5419/84
f 3672/5409/92 3770/5420/92 3769/5421/92
f 3639/5406/96 3770/5420/96 3679/5404/96
f 3671/5422/90 3772/5423/83 3771/5424/103
f 3641/5425/84 3772/5423/84 3710/5426/84
f 3641/5425/92 3774/5427/92 3773/5428/92
f 3671/5422/96 3774/5427/96 3711/5429/96
f 3656/5430/83 3776/5431/83 3775/5432/83
f 3671/5422/84 3776/5431/84 3709/5433/84
f 3671/5422/92 3778/5434/92 3777/5435/92
f 3656/5430/96 3778/5434/96 3680/5436/96
f 3670/5437/90 3780/5438/83 3779/5439/90
f 3656/5430/84 3780/5438/84 3707/5440/84
f 3656/5430/92 3782/5441/92 3781/5442/92
f 3670/5437/95 3782/5441/95 3708/5443/95
f 3657/5412/83 3784/5444/83 3783/5445/83
f 3670/5437/84 3784/5444/84 3706/5446/84
f 3670/5437/92 3786/5447/92 3785/5448/92
f 3657/5412/96 3786/5447/96 3681/5449/96
f 3669/5450/83 3788/5451/83 3787/5452/83
f 3642/5453/84 3788/5451/84 3704/5454/84
f 3642/5453/92 3790/5455/92 3789/5456/92
f 3669/5450/96 3790/5455/96 3705/5457/96
f 3658/5458/90 3792/5459/83 3791/5460/90
f 3669/5450/84 3792/5459/84 3703/5461/84
f 3669/5450/92 3794/5462/92 3793/5463/92
f 3658/5458/96 3794/5462/96 3682/5464/96
f 3668/5465/83 3796/5466/83 3795/5467/83
f 3658/5458/84 3796/5466/84 3701/5468/84
f 3658/5458/92 3798/5469/92 3797/5470/92
f 3668/5465/96 3798/5469/96 3702/5471/96
f 3659/5391/83 3800/5472/83 3799/5473/83
f 3668/5465/84 3800/5472/84 3700/5474/84
f 3668/5465/92 3802/5475/92 3801/5476/92
f 3659/5391/96 3802/5475/96 3683/5477/96
f 3667/5478/83 3804/5479/83 3803/5480/83
f 3634/5481/84 3804/5479/84 3698/5482/84
f 3634/5481/92 3806/5483/92 3805/5484/92
f 3667/5478/111 3806/5483/111 3699/5485/111
f 3660/5486/83 3808/5487/83 3807/5488/83
f 3667/5478/84 3808/5487/84 3697/5489/84
f 3667/5478/92 3810/5490/104 3809/5491/116
f 3660/5486/96 3810/5490/96 3684/5492/96
f 3666/5493/83 3812/5494/83 3811/5495/83
f 3660/5486/84 3812/5494/84 3695/5496/84
f 3660/5486/92 3814/5497/104 3813/5498/116
f 3666/5493/96 3814/5497/96 3696/5499/96
f 3661/5370/83 3816/5500/83 3815/5501/83
f 3666/5493/84 3816/5500/84 3694/5502/84
f 3666/5493/92 3818/5503/104 3817/5504/116
f 3661/5370/111 3818/5503/111 3685/5505/111
f 3625/5506/82 3819/5507/82 3648/5508/82
f 3686/5509/83 3820/5510/83 3625/5511/83
f 3686/5509/84 3819/5512/84 3821/5513/85
f 3665/5514/103 3823/5515/83 3822/5516/103
f 3640/5517/84 3823/5515/84 3692/5518/84
f 3640/5517/92 3825/5519/92 3824/5520/92
f 3665/5514/96 3825/5519/96 3693/5521/96
f 3662/5522/83 3827/5523/83 3826/5524/83
f 3665/5514/84 3827/5523/84 3691/5525/84
f 3665/5514/92 3829/5526/92 3828/5527/92
f 3662/5522/96 3829/5526/96 3686/5509/96
f 3626/5528/82 3830/5529/82 3649/5530/82
f 3687/5531/83 3831/5532/83 3626/5533/83
f 3687/5531/84 3830/5534/84 3832/5535/85
f 3664/5536/90 3834/5537/90 3833/5538/90
f 3662/5522/84 3834/5537/84 3689/5539/84
f 3662/5522/92 3836/5540/92 3835/5541/92
f 3664/5536/96 3836/5540/96 3690/5542/96
f 3690/5542/84 3837/5543/84 3664/5536/84
f 3690/5542/93 3839/5544/92 3838/5545/88
f 3687/5531/96 3839/5544/96 3649/5546/96
f 3687/5531/83 3837/5543/83 3840/5547/114
f 3709/5433/84 3841/5548/84 3629/5549/84
f 3709/5433/92 3843/5550/92 3842/5551/92
f 3707/5440/96 3843/5550/96 3656/5430/96
f 3707/5440/83 3841/5548/83 3844/5552/83
f 3688/5553/84 3845/5554/84 3632/5555/84
f 3688/5553/89 3847/5556/89 3846/5557/89
f 3722/5350/95 3847/5556/95 3663/5349/95
f 3722/5350/90 3845/5554/83 3848/5558/103
f 3680/5436/84 3849/5559/84 3656/5430/84
f 3680/5436/92 3851/5560/92 3850/5561/92
f 3708/5443/96 3851/5560/96 3631/5562/96
f 3708/5443/83 3849/5559/83 3852/5563/115
f 3687/5531/84 3853/5564/84 3663/5349/84
f 3687/5531/89 3855/5565/92 3854/5566/89
f 3723/5353/96 3855/5565/96 3626/5533/96
f 3723/5353/90 3853/5564/83 3856/5567/90
f 3649/5568/82 3857/5569/82 3625/5570/82
f 3690/5542/90 3858/5571/90 3649/5546/90
f 3690/5542/84 3857/5572/84 3859/5573/85
f 3689/5539/84 3860/5574/84 3655/5575/84
f 3689/5539/88 3862/5576/89 3861/5577/88
f 3688/5553/94 3862/5576/94 3664/5536/94
f 3688/5553/98 3860/5574/83 3863/5578/114
f 3693/5521/84 3864/5579/84 3665/5514/84
f 3693/5521/92 3866/5580/92 3865/5581/92
f 3686/5509/96 3866/5580/96 3648/5582/96
f 3686/5509/83 3864/5579/83 3867/5583/83
f 3632/5555/83 3869/5584/83 3868/5585/83
f 3655/5575/84 3869/5584/84 3681/5449/84
f 3655/5575/92 3871/5586/92 3870/5587/92
f 3632/5555/96 3871/5586/96 3688/5553/96
f 3640/3886/165 3872/5588/165 3620/5589/165
f 3692/5518/95 3873/5590/95 3640/5517/95
f 3692/5518/90 3872/5591/90 3874/5592/90
f 3655/5575/90 3876/5593/83 3875/5594/90
f 3631/5562/84 3876/5593/84 3708/5443/84
f 3631/5562/92 3878/5595/92 3877/5596/92
f 3655/5575/96 3878/5595/96 3689/5539/96
f 3615/5597/165 3879/5598/165 3640/5599/165
f 3693/5521/96 3880/5600/96 3615/156/96
f 3693/5521/83 3879/5601/83 3881/5602/90
f 3648/5603/82 3882/5604/82 3615/5605/82
f 3693/5521/90 3883/5606/90 3648/5582/90
f 3693/5521/84 3882/5607/84 3884/5608/84
f 3692/5518/84 3885/5609/84 3654/5610/84
f 3692/5518/92 3887/5611/89 3886/5612/92
f 3691/5525/94 3887/5611/94 3665/5514/94
f 3691/5525/83 3885/5609/83 3888/5613/83
f 3696/5499/87 3889/5614/87 3666/5493/87
f 3696/5499/93 3891/5615/92 3890/5616/93
f 3685/5505/96 3891/5615/96 3651/5617/96
f 3685/5505/83 3889/5614/90 3892/5618/83
f 3623/5619/112 3894/5620/112 3893/5621/112
f 3694/5502/92 3894/5622/92 3647/5623/92
f 3694/5502/95 3893/5624/96 3895/5625/95
f 3694/5502/84 3896/5626/84 3623/5627/84
f 3694/5502/89 3898/5628/92 3897/5629/89
f 3719/5371/96 3898/5628/96 3661/5370/96
f 3719/5371/83 3896/5626/83 3899/5630/83
f 3647/5631/112 3901/5632/112 3900/5633/112
f 3695/5496/89 3901/5634/89 3624/5635/89
f 3695/5496/95 3900/5636/95 3902/5637/102
f 3685/5505/87 3903/5638/87 3661/5370/87
f 3685/5505/93 3905/5639/92 3904/5640/93
f 3720/5374/96 3905/5639/96 3628/5641/96
f 3720/5374/83 3903/5638/90 3906/5642/83
f 3695/5496/84 3907/5643/84 3647/5623/84
f 3695/5496/89 3909/5644/92 3908/5645/89
f 3694/5502/96 3909/5644/96 3666/5493/96
f 3694/5502/83 3907/5643/83 3910/5646/83
f 3699/5485/87 3911/5647/87 3667/5478/87
f 3699/5485/92 3913/5648/92 3912/5649/92
f 3684/5492/96 3913/5648/96 3650/5650/96
f 3684/5492/83 3911/5647/90 3914/5651/83
f 3635/5652/112 3915/5653/112 3624/5654/112
f 3697/5489/89 3916/5655/89 3635/5656/89
f 3697/5489/95 3915/5657/96 3917/5658/102
f 3616/5659/166 3919/5660/166 3918/5661/166
f 3698/5482/96 3919/5662/96 3634/5481/96
f 3698/5482/90 3918/5663/83 3920/5664/90
f 3635/5665/112 3922/5666/112 3921/5667/112
f 3698/5482/92 3922/5668/92 3616/5669/92
f 3698/5482/95 3921/5670/96 3923/5671/95
f 3622/5672/166 3924/5673/166 3634/5674/166
f 3699/5485/94 3925/5675/94 3622/5676/94
f 3699/5485/90 3924/5677/103 3926/5678/90
f 3698/5482/84 3927/5679/84 3635/5656/84
f 3698/5482/92 3929/5680/92 3928/5681/92
f 3697/5489/96 3929/5680/96 3667/5478/96
f 3697/5489/83 3927/5679/83 3930/5682/83
f 3702/5471/84 3931/5683/84 3668/5465/84
f 3702/5471/93 3933/5684/92 3932/5685/93
f 3683/5477/96 3933/5684/96 3653/5686/96
f 3683/5477/83 3931/5683/83 3934/5687/83
f 3629/5549/83 3936/5688/83 3935/5689/83
f 3652/5690/84 3936/5688/84 3682/5464/84
f 3652/5690/92 3938/5691/89 3937/5692/92
f 3629/5549/95 3938/5691/95 3709/5433/95
f 3700/5474/97 3939/5693/97 3628/5641/97
f 3700/5474/93 3941/5694/92 3940/5695/93
f 3716/5392/96 3941/5694/96 3659/5391/96
f 3716/5392/83 3939/5693/83 3942/5696/83
f 3652/5690/103 3944/5697/83 3943/5698/103
f 3621/5699/84 3944/5697/84 3705/5457/84
f 3621/5699/92 3946/5700/89 3945/5701/92
f 3652/5690/95 3946/5700/95 3710/5426/95
f 3683/5477/84 3947/5702/84 3659/5391/84
f 3683/5477/93 3949/5703/92 3948/5704/93
f 3717/5395/96 3949/5703/96 3630/5705/96
f 3717/5395/83 3947/5702/90 3950/5706/83
f 3701/5468/97 3951/5707/97 3651/5617/97
f 3701/5468/93 3953/5708/92 3952/5709/93
f 3700/5474/96 3953/5708/96 3668/5465/96
f 3700/5474/83 3951/5707/114 3954/5710/83
f 3705/5457/84 3955/5711/84 3669/5450/84
f 3705/5457/92 3957/5712/92 3956/5713/92
f 3682/5464/96 3957/5712/96 3652/5690/96
f 3682/5464/83 3955/5711/83 3958/5714/83
f 3628/5641/83 3960/5715/83 3959/5716/83
f 3651/5617/84 3960/5715/84 3685/5505/84
f 3651/5617/92 3962/5717/92 3961/5718/92
f 3628/5641/96 3962/5717/96 3700/5474/96
f 3642/5719/166 3963/5720/166 3622/5721/166
f 3704/5454/94 3964/5722/94 3642/5453/94
f 3704/5454/90 3963/5723/90 3965/5724/90
f 3651/5617/83 3967/5725/83 3966/5726/83
f 3627/5727/84 3967/5725/84 3696/5499/84
f 3627/5727/92 3969/5728/92 3968/5729/92
f 3651/5617/96 3969/5728/96 3701/5468/96
f 3621/5730/166 3970/5731/166 3642/5732/166
f 3705/5457/95 3971/5733/95 3621/5699/95
f 3705/5457/83 3970/5734/83 3972/5735/90
f 3704/5454/113 3973/5736/113 3650/5650/113
f 3704/5454/92 3975/5737/92 3974/5738/92
f 3703/5461/96 3975/5737/96 3669/5450/96
f 3703/5461/83 3973/5736/114 3976/5739/83
f 3708/5443/84 3977/5740/84 3670/5437/84
f 3708/5443/108 3979/5741/92 3978/5742/88
f 3681/5449/96 3979/5741/96 3655/5575/96
f 3681/5449/98 3977/5740/83 3980/5743/114
f 3631/5562/83 3982/5744/83 3981/5745/83
f 3654/5610/84 3982/5744/84 3680/5436/84
f 3654/5610/92 3984/5746/92 3983/5747/92
f 3631/5562/96 3984/5746/96 3691/5525/96
f 3706/5446/84 3985/5748/84 3630/5705/84
f 3706/5446/89 3987/5749/92 3986/5750/89
f 3713/5413/95 3987/5749/95 3657/5412/95
f 3713/5413/90 3985/5748/83 3988/5751/90
f 3654/5610/90 3990/5752/83 3989/5753/90
f 3620/5754/84 3990/5752/84 3711/5429/84
f 3620/5754/92 3992/5755/92 3991/5756/92
f 3654/5610/96 3992/5755/96 3692/5518/96
f 3681/5449/84 3993/5757/84 3657/5412/84
f 3681/5449/89 3995/5758/92 3994/5759/89
f 3714/5416/96 3995/5758/96 3632/5555/96
f 3714/5416/90 3993/5757/83 3996/5760/103
f 3707/5440/84 3997/5761/84 3653/5686/84
f 3707/5440/88 3999/5762/89 3998/5763/88
f 3706/5446/96 3999/5762/96 3670/5437/96
f 3706/5446/98 3997/5761/83 4000/5764/114
f 3711/5429/84 4001/5765/84 3671/5422/84
f 3711/5429/92 4003/5766/92 4002/5767/92
f 3680/5436/96 4003/5766/96 3654/5610/96
f 3680/5436/83 4001/5765/83 4004/5768/83
f 3630/5705/83 4006/5769/83 4005/5770/83
f 3653/5686/84 4006/5769/84 3683/5477/84
f 3653/5686/92 4008/5771/89 4007/5772/92
f 3630/5705/95 4008/5771/95 3706/5446/95
f 3641/5773/165 4009/5774/165 3621/5775/165
f 3710/5426/96 4010/5776/96 3641/5425/96
f 3710/5426/90 4009/5777/83 4011/5778/103
f 3653/5686/90 4013/5779/83 4012/5780/103
f 3629/5549/84 4013/5779/84 3702/5471/84
f 3629/5549/92 4015/5781/89 4014/5782/92
f 3653/5686/95 4015/5781/95 3707/5440/95
f 3641/5783/109 4017/5784/165 4016/5785/109
f 3711/5429/96 4017/5786/96 3620/5754/96
f 3711/5429/90 4016/5787/83 4018/5788/103
f 3710/5426/84 4019/5789/84 3652/5690/84
f 3710/5426/92 4021/5790/92 4020/5791/92
f 3709/5433/96 4021/5790/96 3671/5422/96
f 3709/5433/83 4019/5789/83 4022/5792/83
f 3714/5416/84 4023/5793/84 3672/5409/84
f 3714/5416/92 4025/5794/92 4024/5795/92
f 3679/5404/96 4025/5794/96 3645/5796/96
f 3679/5404/83 4023/5793/83 4026/5797/83
f 3618/5798/161 4027/5799/161 3639/5800/161
f 3712/5419/84 4028/5801/84 3618/5802/84
f 3712/5419/92 4027/5803/92 4029/5804/162
f 3619/5805/101 4031/5806/83 4030/5807/99
f 3645/5796/84 4031/5806/84 3679/5404/84
f 3645/5796/92 4033/5808/92 4032/5809/92
f 3619/5805/96 4033/5808/96 3721/5356/96
f 3703/5461/97 4034/5810/97 3627/5727/97
f 3703/5461/92 4036/5811/92 4035/5812/92
f 3701/5468/96 4036/5811/96 3658/5458/96
f 3701/5468/83 4034/5810/114 4037/5813/115
f 3645/5796/83 4039/5814/83 4038/5815/83
f 3632/5555/84 4039/5814/84 3714/5416/84
f 3632/5555/89 4041/5816/92 4040/5817/93
f 3645/5796/96 4041/5816/96 3722/5350/96
f 3682/5464/84 4042/5818/84 3658/5458/84
f 3682/5464/92 4044/5819/92 4043/5820/92
f 3702/5471/96 4044/5819/96 3629/5549/96
f 3702/5471/83 4042/5818/83 4045/5821/83
f 3713/5413/84 4046/5822/84 3644/5823/84
f 3713/5413/92 4048/5824/92 4047/5825/92
f 3712/5419/96 4048/5824/96 3672/5409/96
f 3712/5419/83 4046/5822/83 4049/5826/83
f 3717/5395/84 4050/5827/84 3673/5388/84
f 3717/5395/92 4052/5828/92 4051/5829/92
f 3678/5383/96 4052/5828/96 3644/5823/96
f 3678/5383/83 4050/5827/83 4053/5830/83
f 3638/5831/161 4055/5832/161 4054/5833/161
f 3715/5398/84 4055/5834/84 3617/5835/84
f 3715/5398/92 4054/5836/92 4056/5837/92
f 3618/5802/103 4058/5838/90 4057/5839/99
f 3644/5823/84 4058/5838/84 3678/5383/84
f 3644/5823/92 4060/5840/89 4059/5841/92
f 3618/5802/102 4060/5840/102 3712/5419/102
f 3697/5489/84 4061/5842/84 3624/5635/84
f 3697/5489/92 4063/5843/92 4062/5844/92
f 3695/5496/96 4063/5843/96 3660/5486/96
f 3695/5496/83 4061/5842/83 4064/5845/83
f 3644/5823/83 4066/5846/83 4065/5847/83
f 3630/5705/84 4066/5846/84 3717/5395/84
f 3630/5705/89 4068/5848/89 4067/5849/89
f 3644/5823/94 4068/5848/94 3713/5413/94
f 3684/5492/87 4069/5850/87 3660/5486/87
f 3684/5492/92 4071/5851/92 4070/5852/92
f 3696/5499/96 4071/5851/96 3627/5727/96
f 3696/5499/83 4069/5850/90 4072/5853/83
f 3716/5392/113 4073/5854/113 3643/5855/113
f 3716/5392/92 4075/5856/92 4074/5857/92
f 3715/5398/96 4075/5856/96 3673/5388/96
f 3715/5398/83 4073/5854/167 4076/5858/83
f 3720/5374/87 4077/5859/87 3674/5367/87
f 3720/5374/92 4079/5860/92 4078/5861/92
f 3677/5362/96 4079/5860/96 3643/5855/96
f 3677/5362/83 4077/5859/90 4080/5862/83
f 3613/5863/161 4081/5864/161 3637/5865/161
f 3718/5377/84 4082/5866/84 3613/3300/84
f 3718/5377/92 4081/5867/168 4083/5868/92
f 3613/5869/112 4085/5870/112 4084/5871/112
f 3718/5377/92 4085/5872/92 3646/5873/92
f 3718/5377/95 4084/5874/95 4086/5875/102
f 3691/5525/84 4087/5876/84 3631/5562/84
f 3691/5525/92 4089/5877/89 4088/5878/92
f 3689/5539/94 4089/5877/94 3662/5522/94
f 3689/5539/83 4087/5876/83 4090/5879/115
f 3623/5880/112 4091/5881/112 3646/5882/112
f 3719/5371/92 4092/5883/92 3623/5627/92
f 3719/5371/95 4091/5884/96 4093/5885/102
f 3686/5509/84 4094/5886/84 3662/5522/84
f 3686/5509/92 4096/5887/92 4095/5888/92
f 3690/5542/96 4096/5887/96 3625/5511/96
f 3690/5542/83 4094/5886/83 4097/5889/83
f 3719/5371/84 4098/5890/84 3646/5873/84
f 3719/5371/92 4100/5891/92 4099/5892/92
f 3718/5377/96 4100/5891/96 3674/5367/96
f 3718/5377/83 4098/5890/83 4101/5893/83
f 3723/5353/84 4102/5894/84 3675/5346/84
f 3723/5353/92 4104/5895/92 4103/5896/92
f 3676/5336/96 4104/5895/96 3636/5897/96
f 3676/5336/83 4102/5894/83 4105/5898/83
f 3633/5899/161 4107/5900/161 4106/5901/161
f 3721/5356/84 4107/5902/84 3619/5805/84
f 3721/5356/92 4106/5903/92 4108/5904/162
f 3627/5727/90 4110/5905/83 4109/5906/90
f 3650/5650/84 4110/5905/84 3684/5492/84
f 3650/5650/92 4112/5907/92 4111/5908/92
f 3627/5727/96 4112/5907/96 3703/5461/96
f 3643/5855/83 4114/5909/83 4113/5910/83
f 3628/5641/84 4114/5909/84 3720/5374/84
f 3628/5641/92 4116/5911/92 4115/5912/92
f 3643/5855/96 4116/5911/96 3716/5392/96
f 3650/5650/83 4118/5913/83 4117/5914/83
f 3622/5676/84 4118/5913/84 3699/5485/84
f 3622/5676/92 4120/5915/92 4119/5916/92
f 3650/5650/96 4120/5915/96 3704/5454/96
f 3663/5349/83 4122/5917/83 4121/5918/83
f 3664/5536/84 4122/5917/84 3688/5553/84
f 3664/5536/92 4124/5919/92 4123/5920/92
f 3663/5349/96 4124/5919/96 3687/5531/96
f 3636/5921/82 4125/5922/82 3626/5923/82
f 3723/5353/83 4126/5924/83 3636/5897/83
f 3723/5353/84 4125/5925/84 4127/5926/84
f 3722/5350/84 4128/5927/84 3645/5796/84
f 3722/5350/92 4130/5928/89 4129/5929/92
f 3721/5356/95 4130/5928/95 3675/5346/95
f 3721/5356/83 4128/5927/83 4131/5930/83
f 3617/5835/103 4133/5931/83 4132/5932/103
f 3643/5855/84 4133/5931/84 3677/5362/84
f 3643/5855/92 4135/5933/92 4134/5934/92
f 3617/5835/96 4135/5933/96 3715/5398/96
f 4138/260/1 4136/5935/1 4139/5936/1
f 4139/5318/2 4142/5937/2 4138/3301/2
f 4138/5938/7 4141/5939/7 4137/5940/7
f 4140/5941/1 4145/5942/1 4144/5943/1
f 4143/5944/1 4146/5945/1 4142/5946/1
f 4140/5941/1 4147/5947/1 4143/5944/1
f 4142/5946/1 4145/5942/1 4141/5948/1
f 4136/5949/26 4143/5950/26 4139/3314/26
f 4137/5951/6 4140/5952/6 4136/5332/6
f 4149/5953/82 4259/5954/82 4171/5955/82
f 4211/5956/90 4260/5957/90 4149/510/90
f 4211/5956/84 4259/5958/84 4261/5959/84
f 4149/5960/86 4263/5785/86 4262/5784/86
f 4211/5956/84 4263/5961/84 4168/5962/84
f 4211/5956/89 4262/5963/89 4264/5964/89
f 4210/5965/83 4266/5966/83 4265/5967/83
f 4198/5968/84 4266/5966/84 4257/5969/84
f 4198/5968/89 4268/5970/92 4267/5971/89
f 4210/5965/96 4268/5970/96 4258/5972/96
f 4168/5962/83 4270/5973/83 4269/5974/83
f 4210/5965/84 4270/5973/84 4256/5975/84
f 4210/5965/92 4272/5976/92 4271/5977/92
f 4168/5962/96 4272/5976/96 4211/5956/96
f 4172/5978/86 4273/5979/86 4152/5980/86
f 4212/5981/87 4274/5982/87 4172/5983/87
f 4212/5981/92 4273/5984/89 4275/5985/92
f 4209/5986/83 4277/5987/83 4276/5988/83
f 4196/5989/84 4277/5987/84 4254/5990/84
f 4196/5989/93 4279/5991/92 4278/5992/93
f 4209/5986/111 4279/5991/111 4255/5993/111
f 4172/5983/83 4281/5994/83 4280/5995/83
f 4209/5986/84 4281/5994/84 4253/5996/84
f 4209/5986/92 4283/5997/92 4282/5998/92
f 4172/5983/96 4283/5997/96 4212/5981/96
f 4153/5999/161 4285/6000/161 4284/6001/161
f 4213/6002/84 4285/6003/84 4173/6004/84
f 4213/6002/92 4284/6005/92 4286/6006/92
f 4208/6007/83 4288/6008/83 4287/6009/83
f 4194/6010/84 4288/6008/84 4251/6011/84
f 4194/6010/92 4290/6012/92 4289/6013/89
f 4208/6007/96 4290/6012/96 4252/6014/96
f 4173/6004/83 4292/6015/83 4291/6016/83
f 4208/6007/84 4292/6015/84 4250/6017/84
f 4208/6007/92 4294/6018/92 4293/6019/92
f 4173/6004/96 4294/6018/96 4213/6002/96
f 4174/4896/86 4295/6020/86 4154/6021/86
f 4214/6022/84 4296/6023/84 4174/6024/84
f 4214/6022/89 4295/6025/92 4297/6026/89
f 4207/6027/83 4299/6028/83 4298/6029/83
f 4192/6030/84 4299/6028/84 4248/6031/84
f 4192/6030/89 4301/6032/92 4300/6033/89
f 4207/6027/96 4301/6032/96 4249/6034/96
f 4174/6024/83 4303/6035/83 4302/6036/83
f 4207/6027/84 4303/6035/84 4247/6037/84
f 4207/6027/92 4305/6038/92 4304/6039/92
f 4174/6024/96 4305/6038/96 4214/6022/96
f 4206/6040/83 4307/6041/83 4306/6042/83
f 4176/6043/84 4307/6041/84 4245/6044/84
f 4176/6043/92 4309/6045/92 4308/6046/92
f 4206/6040/96 4309/6045/96 4246/6047/96
f 4191/6048/90 4311/6049/83 4310/6050/90
f 4206/6040/84 4311/6049/84 4244/6051/84
f 4206/6040/92 4313/6052/92 4312/6053/105
f 4191/6048/96 4313/6052/96 4215/6054/96
f 4205/6055/83 4315/6056/83 4314/6057/83
f 4191/6048/84 4315/6056/84 4242/6058/84
f 4191/6048/89 4317/6059/92 4316/6060/89
f 4205/6055/96 4317/6059/96 4243/6061/96
f 4192/6030/83 4319/6062/83 4318/6063/83
f 4205/6055/84 4319/6062/84 4241/6064/84
f 4205/6055/89 4321/6065/92 4320/6066/89
f 4192/6030/96 4321/6065/96 4216/6067/96
f 4204/6068/83 4323/6069/83 4322/6070/83
f 4177/6071/84 4323/6069/84 4239/6072/84
f 4177/6071/92 4325/6073/92 4324/6074/92
f 4204/6068/96 4325/6073/96 4240/6075/96
f 4193/6076/103 4327/6077/83 4326/6078/103
f 4204/6068/84 4327/6077/84 4238/6079/84
f 4204/6068/92 4329/6080/92 4328/6081/92
f 4193/6076/96 4329/6080/96 4217/6082/96
f 4203/6083/83 4331/6084/83 4330/6085/115
f 4193/6076/84 4331/6084/84 4236/6086/84
f 4193/6076/92 4333/6087/92 4332/6088/92
f 4203/6083/96 4333/6087/96 4237/6089/96
f 4194/6010/83 4335/6090/83 4334/6091/83
f 4203/6083/84 4335/6090/84 4235/6092/84
f 4203/6083/92 4337/6093/92 4336/6094/89
f 4194/6010/96 4337/6093/96 4218/6095/96
f 4202/6096/83 4339/6097/83 4338/6098/83
f 4169/6099/84 4339/6097/84 4233/6100/84
f 4169/6099/92 4341/6101/92 4340/6102/92
f 4202/6096/96 4341/6101/96 4234/6103/96
f 4195/6104/83 4343/6105/83 4342/6106/90
f 4202/6096/84 4343/6105/84 4232/6107/84
f 4202/6096/92 4345/6108/104 4344/6109/92
f 4195/6104/96 4345/6108/96 4219/6110/96
f 4201/6111/83 4347/6112/83 4346/6113/83
f 4195/6104/84 4347/6112/84 4230/6114/84
f 4195/6104/92 4349/6115/92 4348/6116/93
f 4201/6111/111 4349/6115/111 4231/6117/111
f 4196/5989/83 4351/6118/83 4350/6119/83
f 4201/6111/84 4351/6118/84 4229/6120/84
f 4201/6111/93 4353/6121/92 4352/6122/93
f 4196/5989/111 4353/6121/111 4220/6123/111
f 4160/6124/82 4354/6125/82 4183/6126/82
f 4221/6127/83 4355/6128/83 4160/6129/83
f 4221/6127/84 4354/6130/84 4356/6131/84
f 4200/6132/83 4358/6133/83 4357/6134/83
f 4175/6135/84 4358/6133/84 4227/6136/84
f 4175/6135/92 4360/6137/92 4359/6138/92
f 4200/6132/96 4360/6137/96 4228/6139/96
f 4197/6140/90 4362/6141/83 4361/6142/90
f 4200/6132/84 4362/6141/84 4226/6143/84
f 4200/6132/92 4364/6144/92 4363/6145/105
f 4197/6140/96 4364/6144/96 4221/6127/96
f 4161/6146/82 4365/6147/82 4184/6148/82
f 4222/6149/90 4366/6150/90 4161/6151/90
f 4222/6149/84 4365/6152/84 4367/6153/84
f 4199/6154/83 4369/6155/83 4368/6156/83
f 4197/6140/84 4369/6155/84 4224/6157/84
f 4197/6140/89 4371/6158/92 4370/6159/89
f 4199/6154/96 4371/6158/96 4225/6160/96
f 4225/6160/84 4372/6161/84 4199/6154/84
f 4225/6160/104 4374/6162/92 4373/6163/105
f 4222/6149/96 4374/6162/96 4184/6164/96
f 4222/6149/83 4372/6161/83 4375/6165/83
f 4244/6051/84 4376/6166/84 4164/6167/84
f 4244/6051/92 4378/6168/92 4377/6169/92
f 4242/6058/95 4378/6168/95 4191/6048/95
f 4242/6058/103 4376/6166/90 4379/6170/99
f 4223/6171/84 4380/6172/84 4167/6173/84
f 4223/6171/89 4382/6174/89 4381/6175/89
f 4257/5969/95 4382/6174/95 4198/5968/95
f 4257/5969/83 4380/6172/83 4383/6176/83
f 4215/6054/84 4384/6177/84 4191/6048/84
f 4215/6054/92 4386/6178/92 4385/6179/92
f 4243/6061/96 4386/6178/96 4166/6180/96
f 4243/6061/103 4384/6177/83 4387/6181/99
f 4222/6149/84 4388/6182/84 4198/5968/84
f 4222/6149/93 4390/6183/92 4389/6184/93
f 4258/5972/96 4390/6183/96 4161/6151/96
f 4258/5972/83 4388/6182/83 4391/6185/83
f 4160/6186/82 4393/6187/82 4392/6188/82
f 4225/6160/83 4393/6189/83 4184/6164/83
f 4225/6160/84 4392/6190/84 4394/6191/84
f 4224/6157/84 4395/6192/84 4190/6193/84
f 4224/6157/92 4397/6194/116 4396/6195/105
f 4223/6171/95 4397/6194/95 4199/6154/95
f 4223/6171/83 4395/6192/83 4398/6196/83
f 4228/6139/84 4399/6197/84 4200/6132/84
f 4228/6139/92 4401/6198/92 4400/6199/92
f 4221/6127/96 4401/6198/96 4183/6200/96
f 4221/6127/83 4399/6197/83 4402/6201/83
f 4167/6173/83 4404/6202/83 4403/6203/83
f 4190/6193/84 4404/6202/84 4216/6067/84
f 4190/6193/93 4406/6204/92 4405/6205/93
f 4167/6173/96 4406/6204/96 4223/6171/96
f 4175/5899/166 4407/6206/166 4155/6207/166
f 4227/6136/169 4408/6208/169 4175/6135/169
f 4227/6136/99 4407/6209/99 4409/6210/99
f 4190/6193/83 4411/6211/83 4410/6212/83
f 4166/6180/84 4411/6211/84 4243/6061/84
f 4166/6180/89 4413/6213/92 4412/6214/93
f 4190/6193/96 4413/6213/96 4224/6157/96
f 4150/6215/166 4414/6216/166 4175/6217/166
f 4228/6139/102 4415/6218/102 4150/6219/102
f 4228/6139/99 4414/6220/90 4416/6221/99
f 4150/6222/82 4418/6223/82 4417/6224/82
f 4228/6139/83 4418/6225/83 4183/6200/83
f 4228/6139/84 4417/6226/87 4419/6227/84
f 4227/6136/84 4420/6228/84 4189/6229/84
f 4227/6136/92 4422/6230/89 4421/6231/92
f 4226/6143/94 4422/6230/94 4200/6132/94
f 4226/6143/83 4420/6228/83 4423/6232/83
f 4231/6117/91 4424/6233/91 4201/6111/91
f 4231/6117/92 4426/6234/92 4425/6235/92
f 4220/6123/96 4426/6234/96 4186/6236/96
f 4220/6123/83 4424/6233/90 4427/6237/83
f 4158/6238/112 4429/6239/112 4428/6240/112
f 4229/6120/92 4429/6241/92 4182/6242/92
f 4229/6120/95 4428/6243/96 4430/6244/102
f 4229/6120/84 4431/6245/84 4158/6246/84
f 4229/6120/92 4433/6247/92 4432/6248/92
f 4254/5990/96 4433/6247/96 4196/5989/96
f 4254/5990/83 4431/6245/83 4434/6249/83
f 4159/6250/112 4435/6251/112 4182/6252/112
f 4230/6114/92 4436/6253/92 4159/6254/92
f 4230/6114/95 4435/6255/96 4437/6256/95
f 4220/6123/87 4438/6257/87 4196/5989/87
f 4220/6123/92 4440/6258/92 4439/6259/92
f 4255/5993/96 4440/6258/96 4163/6260/96
f 4255/5993/83 4438/6257/90 4441/6261/83
f 4230/6114/84 4442/6262/84 4182/6242/84
f 4230/6114/92 4444/6263/92 4443/6264/92
f 4229/6120/96 4444/6263/96 4201/6111/96
f 4229/6120/83 4442/6262/83 4445/6265/83
f 4234/6103/87 4446/6266/87 4202/6096/87
f 4234/6103/92 4448/6267/92 4447/6268/92
f 4219/6110/96 4448/6267/96 4185/6269/96
f 4219/6110/83 4446/6266/90 4449/6270/83
f 4159/6271/112 4451/6272/112 4450/6273/112
f 4232/6107/92 4451/6274/92 4170/6275/92
f 4232/6107/95 4450/6276/96 4452/6277/95
f 4151/6278/166 4454/6279/166 4453/6280/166
f 4233/6100/96 4454/6281/96 4169/6099/96
f 4233/6100/90 4453/6282/83 4455/6283/103
f 4151/6284/112 4456/6285/112 4170/6286/112
f 4233/6100/89 4457/6287/89 4151/6288/89
f 4233/6100/95 4456/6289/96 4458/6290/95
f 4157/6291/166 4459/6292/166 4169/6293/166
f 4234/6103/94 4460/6294/94 4157/6295/94
f 4234/6103/90 4459/6296/103 4461/6297/90
f 4233/6100/84 4462/6298/84 4170/6275/84
f 4233/6100/92 4464/6299/92 4463/6300/92
f 4232/6107/96 4464/6299/96 4202/6096/96
f 4232/6107/83 4462/6298/83 4465/6301/83
f 4237/6089/84 4466/6302/84 4203/6083/84
f 4237/6089/92 4468/6303/92 4467/6304/92
f 4218/6095/96 4468/6303/96 4188/6305/96
f 4218/6095/83 4466/6302/83 4469/6306/83
f 4164/6167/103 4471/6307/83 4470/6308/103
f 4187/6309/84 4471/6307/84 4217/6082/84
f 4187/6309/92 4473/6310/89 4472/6311/105
f 4164/6167/95 4473/6310/95 4244/6051/95
f 4235/6092/113 4474/6312/113 4163/6260/113
f 4235/6092/92 4476/6313/92 4475/6314/92
f 4251/6011/96 4476/6313/96 4194/6010/96
f 4251/6011/83 4474/6312/167 4477/6315/83
f 4187/6309/83 4479/6316/83 4478/6317/83
f 4156/6318/84 4479/6316/84 4240/6075/84
f 4156/6318/92 4481/6319/89 4480/6320/92
f 4187/6309/95 4481/6319/95 4245/6044/95
f 4218/6095/84 4482/6321/84 4194/6010/84
f 4218/6095/92 4484/6322/92 4483/6323/92
f 4252/6014/96 4484/6322/96 4165/6324/96
f 4252/6014/83 4482/6321/83 4485/6325/83
f 4236/6086/113 4486/6326/113 4186/6236/113
f 4236/6086/92 4488/6327/92 4487/6328/92
f 4235/6092/96 4488/6327/96 4203/6083/96
f 4235/6092/83 4486/6326/167 4489/6329/83
f 4240/6075/84 4490/6330/84 4204/6068/84
f 4240/6075/92 4492/6331/92 4491/6332/92
f 4217/6082/96 4492/6331/96 4187/6309/96
f 4217/6082/83 4490/6330/83 4493/6333/83
f 4163/6260/83 4495/6334/83 4494/6335/83
f 4186/6236/84 4495/6334/84 4220/6123/84
f 4186/6236/92 4497/6336/92 4496/6337/89
f 4163/6260/96 4497/6336/96 4235/6092/96
f 4177/6338/166 4498/6339/166 4157/6340/166
f 4239/6072/94 4499/6341/94 4177/6071/94
f 4239/6072/90 4498/6342/90 4500/6343/90
f 4186/6236/83 4502/6344/83 4501/6345/115
f 4162/6346/84 4502/6344/84 4231/6117/84
f 4162/6346/92 4504/6347/92 4503/6348/92
f 4186/6236/96 4504/6347/96 4236/6086/96
f 4156/6349/166 4505/6350/166 4177/6351/166
f 4240/6075/95 4506/6352/95 4156/6318/95
f 4240/6075/90 4505/6353/83 4507/6354/90
f 4239/6072/97 4508/6355/97 4185/6269/97
f 4239/6072/92 4510/6356/92 4509/6357/92
f 4238/6079/96 4510/6356/96 4204/6068/96
f 4238/6079/83 4508/6355/114 4511/6358/83
f 4243/6061/84 4512/6359/84 4205/6055/84
f 4243/6061/92 4514/6360/92 4513/6361/105
f 4216/6067/96 4514/6360/96 4190/6193/96
f 4216/6067/83 4512/6359/83 4515/6362/83
f 4166/6180/83 4517/6363/83 4516/6364/90
f 4189/6229/84 4517/6363/84 4215/6054/84
f 4189/6229/104 4519/6365/92 4518/6366/105
f 4166/6180/96 4519/6365/96 4226/6143/96
f 4241/6064/84 4520/6367/84 4165/6324/84
f 4241/6064/89 4522/6368/92 4521/6369/89
f 4248/6031/96 4522/6368/96 4192/6030/96
f 4248/6031/83 4520/6367/83 4523/6370/83
f 4189/6229/83 4525/6371/83 4524/6372/83
f 4155/6373/84 4525/6371/84 4246/6047/84
f 4155/6373/92 4527/6374/92 4526/6375/92
f 4189/6229/96 4527/6374/96 4227/6136/96
f 4216/6067/84 4528/6376/84 4192/6030/84
f 4216/6067/89 4530/6377/92 4529/6378/89
f 4249/6034/96 4530/6377/96 4167/6173/96
f 4249/6034/83 4528/6376/83 4531/6379/83
f 4242/6058/84 4532/6380/84 4188/6305/84
f 4242/6058/92 4534/6381/92 4533/6382/105
f 4241/6064/96 4534/6381/96 4205/6055/96
f 4241/6064/83 4532/6380/83 4535/6383/83
f 4246/6047/84 4536/6384/84 4206/6040/84
f 4246/6047/92 4538/6385/92 4537/6386/92
f 4215/6054/96 4538/6385/96 4189/6229/96
f 4215/6054/83 4536/6384/83 4539/6387/83
f 4165/6324/83 4541/6388/83 4540/6389/83
f 4188/6305/84 4541/6388/84 4218/6095/84
f 4188/6305/89 4543/6390/89 4542/6391/89
f 4165/6324/95 4543/6390/95 4241/6064/95
f 4176/6392/166 4544/6393/166 4156/6394/166
f 4245/6044/102 4545/6395/102 4176/6043/102
f 4245/6044/103 4544/6396/90 4546/6397/99
f 4188/6305/83 4548/6398/83 4547/6399/83
f 4164/6167/84 4548/6398/84 4237/6089/84
f 4164/6167/89 4550/6400/89 4549/6401/89
f 4188/6305/94 4550/6400/94 4242/6058/94
f 4176/6402/166 4552/6403/166 4551/6404/166
f 4246/6047/96 4552/6405/96 4155/6373/96
f 4246/6047/103 4551/6406/90 4553/6407/99
f 4245/6044/84 4554/6408/84 4187/6309/84
f 4245/6044/92 4556/6409/92 4555/6410/92
f 4244/6051/96 4556/6409/96 4206/6040/96
f 4244/6051/83 4554/6408/83 4557/6411/83
f 4249/6034/84 4558/6412/84 4207/6027/84
f 4249/6034/100 4560/6413/92 4559/6414/105
f 4214/6022/96 4560/6413/96 4180/6415/96
f 4214/6022/83 4558/6412/83 4561/6416/83
f 4153/6417/86 4562/6418/86 4174/6419/86
f 4247/6037/84 4563/6420/84 4153/6421/84
f 4247/6037/89 4562/6422/89 4564/6423/89
f 4154/6424/83 4566/6425/83 4565/6426/83
f 4180/6415/84 4566/6425/84 4214/6022/84
f 4180/6415/92 4568/6427/92 4567/6428/92
f 4154/6424/96 4568/6427/96 4256/5975/96
f 4238/6079/97 4569/6429/97 4162/6346/97
f 4238/6079/92 4571/6430/92 4570/6431/92
f 4236/6086/96 4571/6430/96 4193/6076/96
f 4236/6086/90 4569/6429/83 4572/6432/103
f 4180/6415/83 4574/6433/83 4573/6434/83
f 4167/6173/84 4574/6433/84 4249/6034/84
f 4167/6173/93 4576/6435/92 4575/6436/93
f 4180/6415/96 4576/6435/96 4257/5969/96
f 4217/6082/84 4577/6437/84 4193/6076/84
f 4217/6082/92 4579/6438/92 4578/6439/92
f 4237/6089/96 4579/6438/96 4164/6167/96
f 4237/6089/90 4577/6437/90 4580/6440/90
f 4248/6031/84 4581/6441/84 4179/6442/84
f 4248/6031/92 4583/6443/92 4582/6444/105
f 4247/6037/96 4583/6443/96 4207/6027/96
f 4247/6037/83 4581/6441/83 4584/6445/83
f 4252/6014/84 4585/6446/84 4208/6007/84
f 4252/6014/92 4587/6447/92 4586/6448/92
f 4213/6002/96 4587/6447/96 4179/6442/96
f 4213/6002/83 4585/6446/83 4588/6449/83
f 4173/6450/86 4590/6451/86 4589/6452/86
f 4250/6017/84 4590/6453/84 4152/6454/84
f 4250/6017/92 4589/6455/89 4591/6456/92
f 4153/6421/83 4593/6457/83 4592/6458/83
f 4179/6442/84 4593/6457/84 4213/6002/84
f 4179/6442/92 4595/6459/89 4594/6460/92
f 4153/6421/95 4595/6459/95 4247/6037/95
f 4232/6107/84 4596/6461/84 4159/6254/84
f 4232/6107/92 4598/6462/92 4597/6463/92
f 4230/6114/96 4598/6462/96 4195/6104/96
f 4230/6114/103 4596/6461/83 4599/6464/103
f 4179/6442/83 4601/6465/83 4600/6466/83
f 4165/6324/84 4601/6465/84 4252/6014/84
f 4165/6324/89 4603/6467/89 4602/6468/89
f 4179/6442/94 4603/6467/94 4248/6031/94
f 4219/6110/87 4604/6469/87 4195/6104/87
f 4219/6110/92 4606/6470/92 4605/6471/92
f 4231/6117/96 4606/6470/96 4162/6346/96
f 4231/6117/103 4604/6469/90 4607/6472/103
f 4251/6011/113 4608/6473/113 4178/6474/113
f 4251/6011/92 4610/6475/92 4609/6476/92
f 4250/6017/96 4610/6475/96 4208/6007/96
f 4250/6017/83 4608/6473/167 4611/6477/83
f 4255/5993/91 4612/6478/91 4209/5986/91
f 4255/5993/92 4614/6479/92 4613/6480/92
f 4212/5981/96 4614/6479/96 4178/6474/96
f 4212/5981/83 4612/6478/90 4615/6481/83
f 4148/6482/86 4616/6483/86 4172/6484/86
f 4253/5996/84 4617/6485/84 4148/563/84
f 4253/5996/92 4616/6486/92 4618/6487/92
f 4148/6488/112 4620/6489/112 4619/6490/112
f 4253/5996/92 4620/6491/92 4181/6492/92
f 4253/5996/95 4619/6493/95 4621/6494/95
f 4226/6143/84 4622/6495/84 4166/6180/84
f 4226/6143/92 4624/6496/89 4623/6497/92
f 4224/6157/95 4624/6496/95 4197/6140/95
f 4224/6157/103 4622/6495/83 4625/6498/99
f 4158/6499/112 4626/6500/112 4181/6501/112
f 4254/5990/92 4627/6502/92 4158/6246/92
f 4254/5990/95 4626/6503/96 4628/6504/102
f 4221/6127/84 4629/6505/84 4197/6140/84
f 4221/6127/92 4631/6506/92 4630/6507/92
f 4225/6160/96 4631/6506/96 4160/6129/96
f 4225/6160/103 4629/6505/83 4632/6508/99
f 4254/5990/84 4633/6509/84 4181/6492/84
f 4254/5990/92 4635/6510/92 4634/6511/92
f 4253/5996/96 4635/6510/96 4209/5986/96
f 4253/5996/83 4633/6509/83 4636/6512/83
f 4258/5972/84 4637/6513/84 4210/5965/84
f 4258/5972/92 4639/6514/92 4638/6515/105
f 4211/5956/96 4639/6514/96 4171/6516/96
f 4211/5956/83 4637/6513/83 4640/6517/83
f 4154/4825/86 4641/6518/86 4168/4823/86
f 4256/5975/87 4642/6519/87 4154/6424/87
f 4256/5975/89 4641/6520/89 4643/6521/89
f 4162/6346/103 4645/6522/83 4644/6523/103
f 4185/6269/84 4645/6522/84 4219/6110/84
f 4185/6269/92 4647/6524/92 4646/6525/92
f 4162/6346/96 4647/6524/96 4238/6079/96
f 4178/6474/83 4649/6526/83 4648/6527/83
f 4163/6260/84 4649/6526/84 4255/5993/84
f 4163/6260/92 4651/6528/92 4650/6529/89
f 4178/6474/96 4651/6528/96 4251/6011/96
f 4185/6269/83 4653/6530/83 4652/6531/83
f 4157/6295/84 4653/6530/84 4234/6103/84
f 4157/6295/92 4655/6532/92 4654/6533/92
f 4185/6269/96 4655/6532/96 4239/6072/96
f 4198/5968/83 4657/6534/83 4656/6535/83
f 4199/6154/84 4657/6534/84 4223/6171/84
f 4199/6154/89 4659/6536/92 4658/6537/89
f 4198/5968/96 4659/6536/96 4222/6149/96
f 4161/6538/82 4661/6539/82 4660/6540/82
f 4258/5972/83 4661/6541/83 4171/6516/83
f 4258/5972/84 4660/6542/84 4662/6543/84
f 4257/5969/84 4663/6544/84 4180/6415/84
f 4257/5969/92 4665/6545/89 4664/6546/105
f 4256/5975/95 4665/6545/95 4210/5965/95
f 4256/5975/83 4663/6544/83 4666/6547/83
f 4152/6454/83 4668/6548/83 4667/6549/83
f 4178/6474/84 4668/6548/84 4212/5981/84
f 4178/6474/92 4670/6550/92 4669/6551/92
f 4152/6454/96 4670/6550/96 4250/6017/96
f 4673/6288/1 4671/6552/1 4674/6553/1
f 4674/6554/2 4677/3319/2 4673/3318/2
f 4673/6555/7 4676/6556/7 4672/6557/7
f 4675/6558/1 4680/2/1 4679/6559/1
f 4678/6560/1 4681/6561/1 4677/6562/1
f 4675/6558/1 4682/1114/1 4678/6560/1
f 4676/6563/1 4681/6561/1 4680/2/1
f 4671/6564/26 4678/6565/26 4674/6566/26
f 4672/6567/6 4675/6568/6 4671/6569/6
f 4706/6570/170 4795/6571/170 4794/6572/170
f 4746/6573/83 4795/6574/83 4684/6575/83
f 4746/6573/84 4794/6576/87 4796/6577/84
f 4703/6578/86 4797/6403/86 4684/6579/86
f 4746/6573/87 4798/6580/87 4703/6581/87
f 4746/6573/92 4797/6582/92 4799/6583/92
f 4745/6584/83 4801/6585/83 4800/6586/83
f 4733/6587/84 4801/6585/84 4792/6588/84
f 4733/6587/92 4803/6589/92 4802/6590/92
f 4745/6584/96 4803/6589/96 4793/6591/96
f 4703/6581/83 4805/6592/83 4804/6593/83
f 4745/6584/84 4805/6592/84 4791/6594/84
f 4745/6584/92 4807/6595/92 4806/6596/92
f 4703/6581/96 4807/6595/96 4746/6573/96
f 4707/6597/86 4808/6598/86 4687/6599/86
f 4747/6600/87 4809/6601/87 4707/6602/87
f 4747/6600/92 4808/6603/92 4810/6604/92
f 4744/6605/83 4812/6606/83 4811/6607/83
f 4731/6608/84 4812/6606/84 4789/6609/84
f 4731/6608/92 4814/6610/92 4813/6611/116
f 4744/6605/96 4814/6610/96 4790/6612/96
f 4707/6602/83 4816/6613/83 4815/6614/83
f 4744/6605/84 4816/6613/84 4788/6615/84
f 4744/6605/92 4818/6616/92 4817/6617/92
f 4707/6602/96 4818/6616/96 4747/6600/96
f 4708/6618/86 4819/6619/86 4688/6620/86
f 4748/6621/84 4820/6622/84 4708/6623/84
f 4748/6621/92 4819/6624/92 4821/6625/92
f 4743/6626/83 4823/6627/83 4822/6628/83
f 4729/6629/84 4823/6627/84 4786/6630/84
f 4729/6629/92 4825/6631/92 4824/6632/92
f 4743/6626/96 4825/6631/96 4787/6633/96
f 4708/6623/83 4827/6634/83 4826/6635/83
f 4743/6626/84 4827/6634/84 4785/6636/84
f 4743/6626/92 4829/6637/92 4828/6638/92
f 4708/6623/96 4829/6637/96 4748/6621/96
f 4709/6639/86 4830/6640/86 4689/6641/86
f 4749/6642/84 4831/6643/84 4709/6644/84
f 4749/6642/92 4830/6645/92 4832/6646/92
f 4742/6647/83 4834/6648/83 4833/6649/83
f 4727/6650/84 4834/6648/84 4783/6651/84
f 4727/6650/92 4836/6652/92 4835/6653/92
f 4742/6647/96 4836/6652/96 4784/6654/96
f 4709/6644/83 4838/6655/83 4837/6656/83
f 4742/6647/84 4838/6655/84 4782/6657/84
f 4742/6647/92 4840/6658/92 4839/6659/92
f 4709/6644/96 4840/6658/96 4749/6642/96
f 4741/6660/83 4842/6661/83 4841/6662/83
f 4711/6663/84 4842/6661/84 4780/6664/84
f 4711/6663/92 4844/6665/92 4843/6666/92
f 4741/6660/96 4844/6665/96 4781/6667/96
f 4726/6668/90 4846/6669/90 4845/6670/90
f 4741/6660/84 4846/6669/84 4779/6671/84
f 4741/6660/92 4848/6672/92 4847/6673/92
f 4726/6668/96 4848/6672/96 4750/6674/96
f 4740/6675/90 4850/6676/90 4849/6677/90
f 4726/6668/84 4850/6676/84 4777/6678/84
f 4726/6668/92 4852/6679/92 4851/6680/92
f 4740/6675/96 4852/6679/96 4778/6681/96
f 4727/6650/83 4854/6682/83 4853/6683/83
f 4740/6675/84 4854/6682/84 4776/6684/84
f 4740/6675/92 4856/6685/92 4855/6686/92
f 4727/6650/96 4856/6685/96 4751/6687/96
f 4739/6688/83 4858/6689/83 4857/6690/83
f 4712/6691/84 4858/6689/84 4774/6692/84
f 4712/6691/92 4860/6693/92 4859/6694/92
f 4739/6688/96 4860/6693/96 4775/6695/96
f 4728/6696/103 4862/6697/83 4861/6698/103
f 4739/6688/84 4862/6697/84 4773/6699/84
f 4739/6688/92 4864/6700/92 4863/6701/92
f 4728/6696/95 4864/6700/95 4752/6702/95
f 4738/6703/90 4866/6704/90 4865/6705/103
f 4728/6696/84 4866/6704/84 4771/6706/84
f 4728/6696/92 4868/6707/92 4867/6708/92
f 4738/6703/96 4868/6707/96 4772/6709/96
f 4729/6629/83 4870/6710/83 4869/6711/83
f 4738/6703/84 4870/6710/84 4770/6712/84
f 4738/6703/92 4872/6713/92 4871/6714/92
f 4729/6629/96 4872/6713/96 4753/6715/96
f 4737/6716/83 4874/6717/83 4873/6718/83
f 4704/6719/84 4874/6717/84 4768/6720/84
f 4704/6719/92 4876/6721/92 4875/6722/92
f 4737/6716/96 4876/6721/96 4769/6723/96
f 4730/6724/90 4878/6725/90 4877/6726/90
f 4737/6716/84 4878/6725/84 4767/6727/84
f 4737/6716/92 4880/6728/92 4879/6729/92
f 4730/6724/96 4880/6728/96 4754/6730/96
f 4736/6731/90 4882/6732/90 4881/6733/90
f 4730/6724/84 4882/6732/84 4765/6734/84
f 4730/6724/92 4884/6735/92 4883/6736/116
f 4736/6731/96 4884/6735/96 4766/6737/96
f 4731/6608/83 4886/6738/83 4885/6739/83
f 4736/6731/84 4886/6738/84 4764/6740/84
f 4736/6731/92 4888/6741/92 4887/6742/116
f 4731/6608/96 4888/6741/96 4755/6743/96
f 4695/6744/170 4889/6745/170 4718/6746/170
f 4756/6747/90 4890/6748/90 4695/6749/90
f 4756/6747/84 4889/6750/87 4891/6751/84
f 4735/6752/83 4893/6753/83 4892/6754/83
f 4710/6755/84 4893/6753/84 4762/6756/84
f 4710/6755/92 4895/6757/92 4894/6758/92
f 4735/6752/96 4895/6757/96 4763/6759/96
f 4732/6760/103 4897/6761/83 4896/6762/103
f 4735/6752/84 4897/6761/84 4761/6763/84
f 4735/6752/92 4899/6764/92 4898/6765/92
f 4732/6760/96 4899/6764/96 4756/6747/96
f 4719/6766/170 4901/6767/170 4900/6768/170
f 4757/6769/83 4901/6770/83 4696/6771/83
f 4757/6769/84 4900/6772/91 4902/6773/84
f 4734/6774/90 4904/6775/90 4903/6776/103
f 4732/6760/84 4904/6775/84 4759/6777/84
f 4732/6760/92 4906/6778/92 4905/6779/92
f 4734/6774/96 4906/6778/96 4760/6780/96
f 4760/6780/84 4907/6781/84 4734/6774/84
f 4760/6780/92 4909/6782/92 4908/6783/92
f 4757/6769/96 4909/6782/96 4719/6784/96
f 4757/6769/83 4907/6781/90 4910/6785/83
f 4779/6671/84 4911/6786/84 4699/6787/84
f 4779/6671/92 4913/6788/92 4912/6789/92
f 4777/6678/96 4913/6788/96 4726/6668/96
f 4777/6678/83 4911/6786/83 4914/6790/83
f 4758/6791/84 4915/6792/84 4702/6793/84
f 4758/6791/93 4917/6794/92 4916/6795/93
f 4792/6588/96 4917/6794/96 4733/6587/96
f 4792/6588/83 4915/6792/83 4918/6796/83
f 4750/6674/84 4919/6797/84 4726/6668/84
f 4750/6674/92 4921/6798/92 4920/6799/92
f 4778/6681/96 4921/6798/96 4701/6800/96
f 4778/6681/83 4919/6797/83 4922/6801/83
f 4757/6769/87 4923/6802/87 4733/6587/87
f 4757/6769/93 4925/6803/92 4924/6804/93
f 4793/6591/96 4925/6803/96 4696/6771/96
f 4793/6591/83 4923/6802/83 4926/6805/83
f 4719/6806/170 4927/6807/170 4695/6808/170
f 4760/6780/83 4928/6809/83 4719/6784/83
f 4760/6780/84 4927/6810/87 4929/6811/84
f 4759/6777/84 4930/6812/84 4725/6813/84
f 4759/6777/92 4932/6814/92 4931/6815/92
f 4758/6791/96 4932/6814/96 4734/6774/96
f 4758/6791/83 4930/6812/83 4933/6816/83
f 4763/6759/87 4934/6817/87 4735/6752/87
f 4763/6759/92 4936/6818/92 4935/6819/92
f 4756/6747/96 4936/6818/96 4718/6820/96
f 4756/6747/83 4934/6817/83 4937/6821/83
f 4702/6793/83 4939/6822/83 4938/6823/83
f 4725/6813/84 4939/6822/84 4751/6687/84
f 4725/6813/92 4941/6824/92 4940/6825/92
f 4702/6793/96 4941/6824/96 4758/6791/96
f 4710/6620/166 4942/6826/166 4690/6618/166
f 4762/6756/95 4943/6827/95 4710/6755/95
f 4762/6756/90 4942/6828/90 4944/6829/103
f 4725/6813/103 4946/6830/83 4945/6831/103
f 4701/6800/84 4946/6830/84 4778/6681/84
f 4701/6800/92 4948/6832/92 4947/6833/92
f 4725/6813/96 4948/6832/96 4759/6777/96
f 4710/6834/166 4950/6835/166 4949/6836/166
f 4763/6759/96 4950/6837/96 4685/6838/96
f 4763/6759/90 4949/6839/90 4951/6840/90
f 4718/6841/170 4952/6842/170 4685/6843/170
f 4763/6759/90 4953/6844/90 4718/6820/90
f 4763/6759/84 4952/6845/84 4954/6846/84
f 4762/6756/84 4955/6847/84 4724/6848/84
f 4762/6756/92 4957/6849/92 4956/6850/92
f 4761/6763/96 4957/6849/96 4735/6752/96
f 4761/6763/83 4955/6847/83 4958/6851/83
f 4766/6737/87 4959/6852/87 4736/6731/87
f 4766/6737/92 4961/6853/92 4960/6854/92
f 4755/6743/96 4961/6853/96 4721/6855/96
f 4755/6743/83 4959/6852/90 4962/6856/83
f 4717/6857/171 4963/6858/171 4693/6859/171
f 4764/6740/92 4964/6860/92 4717/6861/92
f 4764/6740/96 4963/6862/96 4965/6863/102
f 4764/6740/84 4966/6864/84 4693/6865/84
f 4764/6740/89 4968/6866/92 4967/6867/93
f 4789/6609/96 4968/6866/96 4731/6608/96
f 4789/6609/83 4966/6864/83 4969/6868/83
f 4694/6869/171 4970/6870/171 4717/6871/171
f 4765/6734/92 4971/6872/92 4694/6873/92
f 4765/6734/96 4970/6874/96 4972/6875/102
f 4755/6743/87 4973/6876/87 4731/6608/87
f 4755/6743/93 4975/6877/92 4974/6878/93
f 4790/6612/96 4975/6877/96 4698/6879/96
f 4790/6612/83 4973/6876/90 4976/6880/83
f 4765/6734/84 4977/6881/84 4717/6861/84
f 4765/6734/92 4979/6882/92 4978/6883/92
f 4764/6740/96 4979/6882/96 4736/6731/96
f 4764/6740/83 4977/6881/83 4980/6884/83
f 4769/6723/87 4981/6885/87 4737/6716/87
f 4769/6723/92 4983/6886/92 4982/6887/92
f 4754/6730/96 4983/6886/96 4720/6888/96
f 4754/6730/83 4981/6885/90 4984/6889/83
f 4694/6890/171 4986/6891/171 4985/6892/171
f 4767/6727/92 4986/6893/92 4705/6894/92
f 4767/6727/96 4985/6895/96 4987/6896/102
f 4686/6897/166 4989/6898/166 4988/6899/166
f 4768/6720/96 4989/6900/96 4704/6719/96
f 4768/6720/103 4988/6901/90 4990/6902/103
f 4705/6903/171 4992/6904/171 4991/6905/171
f 4768/6720/92 4992/6906/92 4686/6907/92
f 4768/6720/96 4991/6908/96 4993/6909/95
f 4692/6910/166 4994/6911/166 4704/6912/166
f 4769/6723/95 4995/6913/95 4692/6914/95
f 4769/6723/103 4994/6915/90 4996/6916/103
f 4768/6720/84 4997/6917/84 4705/6894/84
f 4768/6720/92 4999/6918/92 4998/6919/92
f 4767/6727/96 4999/6918/96 4737/6716/96
f 4767/6727/83 4997/6917/83 5000/6920/83
f 4772/6709/84 5001/6921/84 4738/6703/84
f 4772/6709/92 5003/6922/92 5002/6923/92
f 4753/6715/96 5003/6922/96 4723/6924/96
f 4753/6715/83 5001/6921/83 5004/6925/83
f 4699/6787/90 5006/6926/83 5005/6927/103
f 4722/6928/84 5006/6926/84 4752/6702/84
f 4722/6928/92 5008/6929/92 5007/6930/92
f 4699/6787/95 5008/6929/95 4779/6671/95
f 4770/6712/84 5009/6931/84 4698/6879/84
f 4770/6712/93 5011/6932/92 5010/6933/93
f 4786/6630/96 5011/6932/96 4729/6629/96
f 4786/6630/83 5009/6931/83 5012/6934/83
f 4722/6928/83 5014/6935/83 5013/6936/83
f 4691/6937/84 5014/6935/84 4775/6695/84
f 4691/6937/92 5016/6938/92 5015/6939/92
f 4722/6928/95 5016/6938/95 4780/6664/95
f 4753/6715/84 5017/6940/84 4729/6629/84
f 4753/6715/89 5019/6941/92 5018/6942/93
f 4787/6633/96 5019/6941/96 4700/6943/96
f 4787/6633/83 5017/6940/83 5020/6944/83
f 4771/6706/84 5021/6945/84 4721/6855/84
f 4771/6706/92 5023/6946/92 5022/6947/92
f 4770/6712/96 5023/6946/96 4738/6703/96
f 4770/6712/83 5021/6945/83 5024/6948/83
f 4775/6695/84 5025/6949/84 4739/6688/84
f 4775/6695/92 5027/6950/92 5026/6951/92
f 4752/6702/96 5027/6950/96 4722/6928/96
f 4752/6702/83 5025/6949/83 5028/6952/83
f 4698/6879/83 5030/6953/83 5029/6954/83
f 4721/6855/84 5030/6953/84 4755/6743/84
f 4721/6855/92 5032/6955/92 5031/6956/92
f 4698/6879/96 5032/6955/96 4770/6712/96
f 4712/6957/166 5033/6958/166 4692/6959/166
f 4774/6692/95 5034/6960/95 4712/6691/95
f 4774/6692/90 5033/6961/90 5035/6962/90
f 4721/6855/103 5037/6963/83 5036/6964/103
f 4697/6965/84 5037/6963/84 4766/6737/84
f 4697/6965/92 5039/6966/92 5038/6967/92
f 4721/6855/96 5039/6966/96 4771/6706/96
f 4691/6968/166 5040/6969/166 4712/6970/166
f 4775/6695/96 5041/6971/96 4691/6937/96
f 4775/6695/103 5040/6972/83 5042/6973/103
f 4774/6692/84 5043/6974/84 4720/6888/84
f 4774/6692/92 5045/6975/92 5044/6976/92
f 4773/6699/96 5045/6975/96 4739/6688/96
f 4773/6699/83 5043/6974/83 5046/6977/83
f 4778/6681/84 5047/6978/84 4740/6675/84
f 4778/6681/92 5049/6979/92 5048/6980/92
f 4751/6687/96 5049/6979/96 4725/6813/96
f 4751/6687/83 5047/6978/83 5050/6981/83
f 4701/6800/90 5052/6982/90 5051/6983/103
f 4724/6848/84 5052/6982/84 4750/6674/84
f 4724/6848/92 5054/6984/92 5053/6985/92
f 4701/6800/96 5054/6984/96 4761/6763/96
f 4776/6684/84 5055/6986/84 4700/6943/84
f 4776/6684/89 5057/6987/92 5056/6988/93
f 4783/6651/96 5057/6987/96 4727/6650/96
f 4783/6651/83 5055/6986/83 5058/6989/83
f 4724/6848/83 5060/6990/83 5059/6991/83
f 4690/6992/84 5060/6990/84 4781/6667/84
f 4690/6992/92 5062/6993/92 5061/6994/92
f 4724/6848/96 5062/6993/96 4762/6756/96
f 4751/6687/84 5063/6995/84 4727/6650/84
f 4751/6687/93 5065/6996/92 5064/6997/93
f 4784/6654/96 5065/6996/96 4702/6793/96
f 4784/6654/83 5063/6995/83 5066/6998/83
f 4777/6678/84 5067/6999/84 4723/6924/84
f 4777/6678/92 5069/7000/92 5068/7001/92
f 4776/6684/96 5069/7000/96 4740/6675/96
f 4776/6684/83 5067/6999/83 5070/7002/83
f 4781/6667/84 5071/7003/84 4741/6660/84
f 4781/6667/92 5073/7004/92 5072/7005/92
f 4750/6674/96 5073/7004/96 4724/6848/96
f 4750/6674/83 5071/7003/83 5074/7006/83
f 4700/6943/83 5076/7007/83 5075/7008/83
f 4723/6924/84 5076/7007/84 4753/6715/84
f 4723/6924/92 5078/7009/92 5077/7010/92
f 4700/6943/95 5078/7009/95 4776/6684/95
f 4691/7011/166 5080/7012/166 5079/7013/166
f 4780/6664/96 5080/7014/96 4711/6663/96
f 4780/6664/103 5079/7015/90 5081/7016/103
f 4723/6924/90 5083/7017/83 5082/7018/103
f 4699/6787/84 5083/7017/84 4772/6709/84
f 4699/6787/92 5085/7019/92 5084/7020/92
f 4723/6924/95 5085/7019/95 4777/6678/95
f 4690/7021/166 5086/7022/166 4711/7023/166
f 4781/6667/95 5087/7024/95 4690/6992/95
f 4781/6667/103 5086/7025/90 5088/7026/103
f 4780/6664/84 5089/7027/84 4722/6928/84
f 4780/6664/92 5091/7028/92 5090/7029/92
f 4779/6671/96 5091/7028/96 4741/6660/96
f 4779/6671/83 5089/7027/83 5092/7030/83
f 4784/6654/84 5093/7031/84 4742/6647/84
f 4784/6654/92 5095/7032/92 5094/7033/92
f 4749/6642/96 5095/7032/96 4715/7034/96
f 4749/6642/83 5093/7031/83 5096/7035/83
f 4688/7036/86 5097/7037/86 4709/7038/86
f 4782/6657/84 5098/7039/84 4688/7040/84
f 4782/6657/92 5097/7041/92 5099/7042/92
f 4689/7043/83 5101/7044/83 5100/7045/83
f 4715/7034/84 5101/7044/84 4749/6642/84
f 4715/7034/92 5103/7046/92 5102/7047/92
f 4689/7043/96 5103/7046/96 4791/6594/96
f 4773/6699/84 5104/7048/84 4697/6965/84
f 4773/6699/92 5106/7049/92 5105/7050/92
f 4771/6706/96 5106/7049/96 4728/6696/96
f 4771/6706/83 5104/7048/83 5107/7051/83
f 4715/7034/83 5109/7052/83 5108/7053/83
f 4702/6793/84 5109/7052/84 4784/6654/84
f 4702/6793/92 5111/7054/92 5110/7055/92
f 4715/7034/96 5111/7054/96 4792/6588/96
f 4752/6702/84 5112/7056/84 4728/6696/84
f 4752/6702/92 5114/7057/92 5113/7058/92
f 4772/6709/96 5114/7057/96 4699/6787/96
f 4772/6709/83 5112/7056/83 5115/7059/83
f 4783/6651/84 5116/7060/84 4714/7061/84
f 4783/6651/92 5118/7062/92 5117/7063/92
f 4782/6657/96 5118/7062/96 4742/6647/96
f 4782/6657/83 5116/7060/83 5119/7064/83
f 4787/6633/84 5120/7065/84 4743/6626/84
f 4787/6633/92 5122/7066/92 5121/7067/92
f 4748/6621/96 5122/7066/96 4714/7061/96
f 4748/6621/83 5120/7065/83 5123/7068/83
f 4708/7069/86 5125/7070/86 5124/7071/86
f 4785/6636/87 5125/7072/87 4687/7073/87
f 4785/6636/92 5124/7074/92 5126/7075/92
f 4688/7040/83 5128/7076/83 5127/7077/83
f 4714/7061/84 5128/7076/84 4748/6621/84
f 4714/7061/92 5130/7078/92 5129/7079/92
f 4688/7040/96 5130/7078/96 4782/6657/96
f 4767/6727/84 5131/7080/84 4694/6873/84
f 4767/6727/92 5133/7081/92 5132/7082/92
f 4765/6734/96 5133/7081/96 4730/6724/96
f 4765/6734/83 5131/7080/83 5134/7083/83
f 4714/7061/83 5136/7084/83 5135/7085/83
f 4700/6943/84 5136/7084/84 4787/6633/84
f 4700/6943/92 5138/7086/92 5137/7087/92
f 4714/7061/96 5138/7086/96 4783/6651/96
f 4754/6730/87 5139/7088/87 4730/6724/87
f 4754/6730/92 5141/7089/92 5140/7090/92
f 4766/6737/96 5141/7089/96 4697/6965/96
f 4766/6737/83 5139/7088/90 5142/7091/83
f 4786/6630/84 5143/7092/84 4713/7093/84
f 4786/6630/92 5145/7094/92 5144/7095/92
f 4785/6636/96 5145/7094/96 4743/6626/96
f 4785/6636/83 5143/7092/83 5146/7096/83
f 4790/6612/87 5147/7097/87 4744/6605/87
f 4790/6612/92 5149/7098/92 5148/7099/92
f 4747/6600/96 5149/7098/96 4713/7093/96
f 4747/6600/83 5147/7097/90 5150/7100/83
f 4683/7101/86 5151/7102/86 4707/7103/86
f 4788/6615/84 5152/7104/84 4683/7105/84
f 4788/6615/92 5151/7106/92 5153/7107/92
f 4716/7108/171 5154/7109/171 4683/7110/171
f 4788/6615/92 5155/7111/92 4716/7112/92
f 4788/6615/96 5154/7113/96 5156/7114/102
f 4761/6763/84 5157/7115/84 4701/6800/84
f 4761/6763/92 5159/7116/92 5158/7117/92
f 4759/6777/96 5159/7116/96 4732/6760/96
f 4759/6777/83 5157/7115/83 5160/7118/83
f 4716/7119/171 5162/7120/171 5161/7121/171
f 4789/6609/92 5162/7122/92 4693/6865/92
f 4789/6609/96 5161/7123/96 5163/7124/95
f 4756/6747/84 5164/7125/84 4732/6760/84
f 4756/6747/92 5166/7126/92 5165/7127/92
f 4760/6780/96 5166/7126/96 4695/6749/96
f 4760/6780/83 5164/7125/83 5167/7128/83
f 4789/6609/84 5168/7129/84 4716/7112/84
f 4789/6609/92 5170/7130/92 5169/7131/92
f 4788/6615/96 5170/7130/96 4744/6605/96
f 4788/6615/83 5168/7129/83 5171/7132/83
f 4793/6591/84 5172/7133/84 4745/6584/84
f 4793/6591/92 5174/7134/92 5173/7135/92
f 4746/6573/96 5174/7134/96 4706/7136/96
f 4746/6573/83 5172/7133/83 5175/7137/83
f 4703/7138/86 5177/7139/86 5176/7140/86
f 4791/6594/84 5177/7141/84 4689/7043/84
f 4791/6594/92 5176/7142/92 5178/7143/92
f 4697/6965/103 5180/7144/83 5179/7145/103
f 4720/6888/84 5180/7144/84 4754/6730/84
f 4720/6888/92 5182/7146/92 5181/7147/92
f 4697/6965/96 5182/7146/96 4773/6699/96
f 4713/7093/83 5184/7148/83 5183/7149/83
f 4698/6879/84 5184/7148/84 4790/6612/84
f 4698/6879/92 5186/7150/92 5185/7151/92
f 4713/7093/96 5186/7150/96 4786/6630/96
f 4720/6888/83 5188/7152/83 5187/7153/83
f 4692/6914/84 5188/7152/84 4769/6723/84
f 4692/6914/92 5190/7154/92 5189/7155/92
f 4720/6888/96 5190/7154/96 4774/6692/96
f 4733/6587/83 5192/7156/83 5191/7157/83
f 4734/6774/84 5192/7156/84 4758/6791/84
f 4734/6774/92 5194/7158/92 5193/7159/92
f 4733/6587/96 5194/7158/96 4757/6769/96
f 4706/7160/170 5195/7161/170 4696/7162/170
f 4793/6591/90 5196/7163/90 4706/7136/90
f 4793/6591/84 5195/7164/84 5197/7165/84
f 4792/6588/84 5198/7166/84 4715/7034/84
f 4792/6588/92 5200/7167/89 5199/7168/92
f 4791/6594/96 5200/7167/96 4745/6584/96
f 4791/6594/83 5198/7166/83 5201/7169/83
f 4687/7073/83 5203/7170/83 5202/7171/83
f 4713/7093/84 5203/7170/84 4747/6600/84
f 4713/7093/92 5205/7172/92 5204/7173/92
f 4687/7073/96 5205/7172/96 4785/6636/96
f 5213/7174/1 5215/7175/1 5214/7176/1
f 5216/643/1 5224/257/1 5223/612/1
f 5218/7177/1 5226/7178/1 5225/1136/1
f 5220/7179/1 5207/286/1 5227/7180/1
f 5223/7181/26 5214/7182/26 5216/7183/26
f 5221/7184/7 5233/7185/7 5226/7186/7
f 5208/7187/1 5222/7188/1 5206/668/1
f 5228/7189/1 5211/7190/1 5210/7191/1
f 5232/419/1 5230/7192/1 5231/7193/1
f 5225/7194/26 5210/7183/26 5218/7195/26
f 5227/7196/26 5231/7181/26 5220/7194/26
f 5217/7197/7 5212/7198/7 5222/7199/7
f 5219/7200/7 5229/7201/7 5224/7202/7
f 5241/7203/1 5243/7204/1 5242/7205/1
f 5244/7206/1 5252/7207/1 5251/7208/1
f 5246/7209/1 5254/7210/1 5253/643/1
f 5248/7211/1 5235/7212/1 5255/7213/1
f 5251/7214/26 5242/7215/26 5244/7216/26
f 5249/7217/7 5261/7218/7 5254/7219/7
f 5236/7220/1 5250/7221/1 5234/7222/1
f 5256/7193/1 5239/7223/1 5238/7224/1
f 5260/7205/1 5258/7225/1 5259/7215/1
f 5253/7226/26 5238/7227/26 5246/7225/26
f 5255/7228/26 5259/7199/26 5248/7198/26
f 5245/7229/7 5240/7230/7 5250/7190/7
f 5247/7231/7 5257/7232/7 5252/7233/7
f 5266/7234/3 5310/7235/3 5312/7236/3
f 5307/7237/3 5311/7238/3 5317/7239/3
f 5265/7240/1 5483/7241/1 5287/7242/1
f 5467/7243/172 5306/7244/9 5262/7245/9
f 5363/7246/173 5332/7247/174 5303/7248/174
f 5336/7249/13 5358/7250/175 5273/7251/13
f 5268/7252/15 5323/7253/16 5318/7254/15
f 5273/7251/13 5342/7255/17 5336/7249/13
f 5275/7256/17 5343/7257/18 5342/7255/17
f 5274/7258/18 5344/7259/16 5343/7257/18
f 5281/7260/10 5325/7261/176 5324/7262/10
f 5271/7263/20 5337/7264/176 5335/7265/20
f 5313/7266/177 5288/7267/177 5315/7268/177
f 5314/7269/177 5309/7270/177 5316/7271/177
f 5482/7272/178 5316/7271/177 5495/7273/179
f 5487/7274/179 5313/7266/177 5315/7268/177
f 5320/7275/13 5378/7276/175 5336/7249/13
f 5367/7277/180 5340/7278/181 5295/7279/181
f 5331/7280/182 5290/4552/183 5326/7281/183
f 5340/7278/181 5297/7282/184 5295/7279/181
f 5347/7283/185 5297/7282/184 5346/7284/184
f 5348/7285/182 5296/7286/185 5347/7283/185
f 5333/7287/186 5303/7248/174 5332/7247/174
f 5341/7288/186 5293/7289/187 5339/7290/187
f 5266/430/188 5285/7291/188 5263/7292/188
f 5317/7239/3 5471/7293/189 5491/7294/190
f 5265/7295/191 5308/7296/191 5306/7297/191
f 5262/7298/191 5289/7299/191 5267/7174/191
f 5495/7273/179 5313/7266/177 5478/7300/179
f 5264/7301/1 5314/7302/1 5311/7303/1
f 5267/7304/5 5486/7305/5 5475/7306/5
f 5270/7307/192 5338/7308/192 5334/7309/192
f 5269/7310/193 5327/7311/193 5319/7312/193
f 5274/7313/6 5294/7314/6 5272/7315/6
f 5274/7313/6 5297/7316/6 5296/7317/6
f 5275/7318/6 5295/7319/6 5297/7316/6
f 5278/7320/2 5298/7321/2 5276/7322/2
f 5279/7323/2 5300/7324/2 5278/7320/2
f 5279/7323/2 5299/7325/2 5301/7326/2
f 5345/7327/10 5359/7328/194 5379/7329/194
f 5272/7315/6 5292/7330/6 5270/7331/6
f 5324/7262/10 5354/7332/195 5281/7260/10
f 5277/7333/2 5290/7334/2 5299/7325/2
f 5280/7335/2 5303/7336/2 5302/7337/2
f 5283/7338/6 5304/7339/6 5282/7340/6
f 5280/7335/2 5291/7341/2 5269/7342/2
f 5283/7338/6 5293/7343/6 5305/7344/6
f 5276/7322/2 5362/7345/2 5355/7346/2
f 5273/7347/6 5367/7348/6 5295/7319/6
f 5307/7292/188 5286/7349/188 5264/7350/188
f 5306/7297/191 5284/7351/191 5262/7298/191
f 5308/7352/196 5483/7353/197 5494/7354/198
f 5311/7303/1 5482/7355/1 5471/7356/1
f 5475/7357/172 5262/7245/9 5267/7358/9
f 5284/7359/196 5486/7360/198 5289/7361/196
f 5266/7362/5 5315/7363/5 5288/7364/5
f 5306/7244/9 5470/7365/199 5265/7366/9
f 5308/7352/196 5479/7367/198 5284/7359/196
f 5312/7368/5 5487/7369/5 5315/7363/5
f 5310/7235/3 5491/7294/190 5466/7370/190
f 5307/7371/5 5316/7372/5 5309/7373/5
f 5310/572/200 5316/7374/200 5317/7375/200
f 5263/7376/1 5313/7372/1 5310/7377/1
f 5318/7378/192 5290/7379/192 5268/7380/192
f 5302/7381/201 5327/7382/187 5291/7383/187
f 5341/7288/186 5332/7247/174 5349/7384/174
f 5299/7385/182 5330/7386/185 5301/7387/185
f 5300/7388/184 5330/7386/185 5329/7389/184
f 5300/7388/184 5328/7390/181 5298/7391/181
f 5348/7285/182 5326/7281/183 5338/7392/183
f 5374/7393/202 5349/7384/174 5332/7247/174
f 5328/7390/181 5362/7394/203 5298/7391/181
f 5319/7395/20 5280/7396/19 5269/7397/20
f 5324/7262/10 5337/7264/176 5345/7327/10
f 5322/7398/18 5277/7399/16 5279/7400/18
f 5278/7401/17 5322/7398/18 5279/7400/18
f 5320/7275/13 5278/7401/17 5276/7402/13
f 5318/7254/15 5344/7259/16 5334/7403/15
f 5345/7327/10 5371/7404/204 5324/7262/10
f 5320/7275/13 5355/7405/205 5370/7406/206
f 5282/7340/6 5366/7407/6 5359/7408/6
f 5334/7403/15 5272/7409/16 5270/7410/15
f 5345/7327/10 5283/7411/19 5282/7412/10
f 5349/7384/174 5366/7413/207 5304/7414/174
f 5294/7415/182 5338/7392/183 5292/7416/183
f 5305/7417/201 5349/7384/174 5304/7414/174
f 5335/7418/193 5293/7419/193 5271/7420/193
f 5334/7309/192 5326/7421/192 5318/7378/192
f 5331/7280/182 5347/7283/185 5330/7386/185
f 5329/7389/184 5347/7283/185 5346/7284/184
f 5329/7389/184 5340/7278/181 5328/7390/181
f 5343/7257/18 5323/7253/16 5322/7398/18
f 5321/7422/17 5343/7257/18 5322/7398/18
f 5336/7249/13 5321/7422/17 5320/7275/13
f 5382/7423/208 5328/7390/181 5340/7278/181
f 5337/7424/2 5339/7425/2 5335/7426/2
f 5325/7427/209 5341/7428/209 5337/7429/209
f 5325/7430/6 5327/7431/6 5333/7432/6
f 5433/7433/7 5429/7434/7 5352/7435/7
f 5398/7436/210 5414/7437/211 5402/7438/212
f 5415/7439/213 5350/7440/214 5387/7441/215
f 5404/7442/216 5351/7443/217 5399/7444/218
f 5416/7445/219 5391/7446/220 5403/7447/221
f 5438/7448/222 5454/7449/223 5442/7450/224
f 5455/7451/225 5352/7452/226 5427/7453/227
f 5444/7454/228 5353/7455/229 5439/7456/230
f 5456/7457/231 5431/7458/232 5443/7459/233
f 5359/7408/6 5368/7460/6 5361/7461/6
f 5361/7461/6 5369/7462/6 5360/7463/6
f 5369/7462/6 5358/7464/6 5360/7463/6
f 5378/7276/175 5360/7465/234 5358/7250/175
f 5380/7466/235 5361/7467/236 5360/7468/236
f 5361/7469/237 5379/7329/194 5359/7328/194
f 5379/7329/194 5373/7470/238 5371/7404/204
f 5381/7471/235 5372/7472/239 5373/7473/239
f 5380/7474/240 5370/7406/206 5372/7475/241
f 5355/7346/2 5364/7476/2 5357/7477/2
f 5357/7477/2 5365/7478/2 5356/7479/2
f 5365/7478/2 5354/7480/2 5356/7479/2
f 5382/7423/208 5377/7481/242 5375/7482/243
f 5384/7483/244 5376/7484/245 5377/7485/245
f 5385/7486/246 5374/7393/202 5376/7487/247
f 5375/7482/243 5364/7488/248 5362/7394/203
f 5377/7485/245 5365/7489/249 5364/7490/249
f 5365/7491/250 5374/7393/202 5363/7246/173
f 5383/7492/207 5368/7493/251 5366/7413/207
f 5385/7494/244 5369/7495/252 5368/7496/252
f 5369/7497/253 5382/7423/208 5367/7277/180
f 5371/7404/204 5356/7498/254 5354/7332/195
f 5373/7473/239 5357/7499/255 5356/7500/255
f 5357/7501/256 5370/7406/206 5355/7405/205
f 5281/7502/2 5363/7503/2 5303/7336/2
f 5405/7504/257 5406/7505/258 5402/7438/212
f 5409/7506/259 5407/7507/260 5405/7504/257
f 5408/7508/261 5409/7506/259 5403/7509/221
f 5408/7508/261 5413/7510/262 5410/7511/263
f 5411/7512/264 5412/7513/265 5404/7514/216
f 5411/7512/264 5407/7507/260 5413/7510/262
f 5407/7507/260 5410/7511/263 5413/7510/262
f 5417/7515/266 5418/7516/267 5414/7437/211
f 5421/7517/268 5419/7518/269 5417/7515/266
f 5420/7519/270 5421/7517/268 5415/7520/213
f 5424/7521/271 5422/7522/272 5420/7519/270
f 5423/7523/273 5424/7521/271 5416/7524/219
f 5423/7523/273 5419/7518/269 5425/7525/274
f 5419/7518/269 5422/7522/272 5425/7525/274
f 5445/7526/275 5446/7527/276 5442/7450/224
f 5449/7528/277 5447/7529/278 5445/7526/275
f 5448/7530/279 5449/7528/277 5443/7531/233
f 5448/7530/279 5453/7532/280 5450/7533/281
f 5451/7534/282 5452/7535/283 5444/7536/228
f 5451/7534/282 5447/7529/278 5453/7532/280
f 5447/7529/278 5450/7533/281 5453/7532/280
f 5457/7537/284 5458/7538/285 5454/7449/223
f 5461/7539/286 5459/7540/287 5457/7537/284
f 5460/7541/288 5461/7539/286 5455/7542/225
f 5464/7543/289 5462/7544/290 5460/7541/288
f 5463/7545/291 5464/7543/289 5456/7546/231
f 5463/7545/291 5459/7540/287 5465/7547/292
f 5459/7540/287 5462/7544/290 5465/7547/292
f 5414/7437/211 5405/7504/257 5402/7438/212
f 5418/7516/267 5409/7506/259 5405/7504/257
f 5423/7548/273 5403/7447/221 5409/7549/259
f 5442/7450/224 5458/7538/285 5445/7526/275
f 5458/7538/285 5449/7528/277 5445/7526/275
f 5449/7550/277 5456/7457/231 5443/7459/233
f 5430/7551/293 5452/7552/283 5432/7553/294
f 5452/7535/283 5433/7554/295 5432/7555/294
f 5448/7556/279 5431/7458/232 5433/7557/295
f 5386/7558/296 5424/7559/271 5388/604/297
f 5388/7560/297 5420/7519/270 5389/7561/298
f 5420/7562/270 5387/7441/215 5389/852/298
f 5426/7563/299 5464/7564/289 5428/7565/300
f 5428/7566/300 5460/7541/288 5429/7567/301
f 5460/7568/288 5427/7453/227 5429/7569/301
f 5390/7570/302 5412/7571/265 5392/7572/303
f 5412/7513/265 5393/7573/304 5392/7574/303
f 5408/7575/261 5391/7446/220 5393/7565/304
f 5442/7450/224 5440/7576/305 5438/7448/222
f 5446/7527/276 5441/7577/306 5440/7576/305
f 5451/7534/282 5439/7578/230 5441/7577/306
f 5394/7579/307 5421/7517/268 5396/7580/308
f 5396/7580/308 5417/7515/266 5397/7581/309
f 5397/7581/309 5414/7437/211 5395/7582/310
f 5434/7583/311 5461/7539/286 5436/7584/312
f 5436/7584/312 5457/7537/284 5437/7585/313
f 5437/7585/313 5454/7449/223 5435/7586/314
f 5402/7438/212 5400/7587/315 5398/7436/210
f 5406/7505/258 5401/7588/316 5400/7587/315
f 5411/7512/264 5399/7589/218 5401/7588/316
f 5393/7590/7 5389/7591/7 5350/7592/7
f 5475/7306/5 5488/7593/5 5477/7594/5
f 5488/7593/5 5476/7595/5 5477/7594/5
f 5489/7596/5 5474/7597/5 5476/7595/5
f 5467/7243/172 5477/7598/317 5469/7599/318
f 5477/7598/317 5468/7600/319 5469/7599/318
f 5476/7601/320 5466/7370/190 5468/7600/319
f 5494/7354/198 5481/7602/321 5479/7367/198
f 5496/7603/322 5480/7604/323 5481/7602/321
f 5497/7605/324 5478/7300/179 5480/7604/323
f 5471/7356/1 5484/7606/1 5473/7607/1
f 5484/7606/1 5472/7608/1 5473/7607/1
f 5485/7609/1 5470/7610/1 5472/7608/1
f 5490/7611/172 5472/7612/325 5470/7365/199
f 5492/7613/326 5473/7614/327 5472/7612/325
f 5473/7614/327 5491/7294/190 5471/7293/189
f 5478/7300/179 5489/7615/328 5480/7604/323
f 5489/7615/328 5481/7602/321 5480/7604/323
f 5488/7616/329 5479/7367/198 5481/7602/321
f 5495/7273/179 5484/7617/330 5482/7272/178
f 5497/7605/324 5485/7618/331 5484/7617/330
f 5485/7618/331 5494/7354/198 5483/7353/197
f 5491/7294/190 5468/7600/319 5466/7370/190
f 5493/7619/332 5469/7599/318 5468/7600/319
f 5492/7613/326 5467/7243/172 5469/7599/318
f 5474/7620/190 5310/7235/3 5466/7370/190
f 194/1/1 204/7621/1 206/2/1
f 142/7622/2 26/7623/2 39/4/2
f 11/5/2 7/47/2 141/7624/2
f 11/5/2 141/7624/2 140/7625/2
f 139/6/2 142/7622/2 39/4/2
f 11/5/2 140/7625/2 139/6/2
f 144/9/4 141/7626/333 7/37/8
f 41/7/3 52/62/3 26/7627/3
f 26/7627/3 142/7628/3 143/8/3
f 144/9/4 7/37/8 41/7/3
f 41/7/3 26/7627/3 143/8/3
f 193/10/5 203/7629/5 205/11/5
f 36/13/6 4/36/6 15/14/6
f 37/16/2 10/7630/2 18/17/2
f 30/18/7 9/7631/7 43/19/7
f 5/21/6 21/432/6 22/22/6
f 4/24/7 23/7632/7 46/25/7
f 31/15/6 15/14/6 9/27/6
f 2/28/1 18/31/1 47/29/1
f 145/33/1 147/7633/1 47/29/1
f 10/32/1 43/7634/1 148/7635/1
f 10/32/1 148/7635/1 146/7636/1
f 145/33/1 47/29/1 18/31/1
f 10/32/1 146/7636/1 145/33/1
f 2/34/2 11/5/2 39/4/2
f 34/15/2 18/17/2 2/34/2
f 12/23/6 22/22/6 23/35/6
f 7/37/8 19/7637/3 48/38/3
f 150/41/1 149/7638/1 46/39/1
f 46/39/1 23/7639/1 22/40/1
f 22/40/1 151/7640/1 150/41/1
f 151/7640/1 22/40/1 21/42/1
f 21/42/1 48/48/1 153/43/1
f 152/44/1 151/7640/1 21/42/1
f 2/34/2 13/7641/2 24/45/2
f 11/5/2 24/45/2 19/46/2
f 33/4/6 35/7623/6 5/21/6
f 36/13/6 33/4/6 12/23/6
f 155/50/1 153/43/1 48/48/1
f 48/48/1 19/7642/1 24/49/1
f 24/49/1 154/7643/1 155/50/1
f 156/51/1 154/7643/1 24/49/1
f 24/49/1 13/7644/1 46/39/1
f 46/39/1 149/7638/1 156/51/1
f 41/7/9 48/38/9 21/52/9
f 158/56/1 148/7635/1 43/7634/1
f 15/55/1 47/29/1 147/7633/1
f 15/55/1 147/7633/1 157/7645/1
f 158/56/1 43/7634/1 9/54/1
f 15/55/1 157/7645/1 158/56/1
f 45/30/1 47/29/1 15/55/1
f 45/26/7 46/25/7 13/58/7
f 50/20/7 43/19/7 10/60/7
f 52/62/9 41/7/9 5/53/9
f 58/64/2 56/75/2 66/65/2
f 161/67/2 162/7646/2 65/78/2
f 60/82/2 160/7647/2 159/69/2
f 161/67/2 65/78/2 59/68/2
f 59/68/2 60/82/2 159/69/2
f 63/66/2 66/65/2 163/70/2
f 163/70/2 66/65/2 54/72/2
f 57/73/2 63/66/2 165/71/2
f 57/73/2 165/71/2 164/7648/2
f 166/74/2 163/70/2 54/72/2
f 57/73/2 164/7648/2 166/74/2
f 160/7647/2 60/82/2 56/75/2
f 58/64/2 65/78/2 162/7646/2
f 58/64/2 162/7646/2 168/7649/2
f 167/76/2 160/7647/2 56/75/2
f 58/64/2 168/7649/2 167/76/2
f 58/64/2 68/7650/2 70/77/2
f 65/78/2 70/77/2 69/79/2
f 83/65/6 72/75/6 74/80/6
f 71/72/6 83/65/6 79/81/6
f 72/75/6 76/82/6 81/84/6
f 86/86/6 84/7651/6 74/80/6
f 85/87/6 86/86/6 81/84/6
f 56/88/5 72/108/5 83/89/5
f 54/91/7 71/7652/7 73/92/7
f 102/94/10 104/143/10 88/95/11
f 66/90/5 83/89/5 71/98/5
f 170/102/1 169/104/1 57/1087/1
f 79/101/1 63/103/1 171/105/1
f 79/101/1 171/105/1 172/7653/1
f 170/102/1 57/1087/1 73/100/1
f 79/101/1 172/7653/1 170/102/1
f 63/103/1 57/1087/1 169/104/1
f 63/103/1 79/101/1 74/106/1
f 60/107/5 76/127/5 72/108/5
f 180/7654/1 86/7655/1 85/109/12
f 69/148/12 70/7656/1 174/7657/1
f 69/148/12 174/7657/1 175/7658/1
f 179/7659/1 180/7654/1 85/109/12
f 173/7660/1 177/7661/1 178/111/1
f 178/111/1 179/7659/1 85/109/12
f 85/109/12 69/148/12 175/7658/1
f 176/110/1 173/7660/1 178/111/1
f 85/109/12 175/7658/1 176/110/1
f 174/7657/1 70/7656/1 68/112/1
f 68/112/1 84/7662/1 86/7655/1
f 86/7655/1 180/7654/1 183/7663/1
f 184/7664/1 177/7661/1 173/7660/1
f 68/112/1 86/7655/1 183/7663/1
f 184/7664/1 173/7660/1 182/113/1
f 68/112/1 183/7663/1 184/7664/1
f 181/114/1 174/7657/1 68/112/1
f 68/112/1 184/7664/1 182/113/1
f 58/115/7 74/7665/7 84/116/7
f 59/68/2 103/120/2 102/118/2
f 69/79/2 101/142/2 103/120/2
f 85/87/6 75/83/6 106/121/6
f 97/123/13 87/7666/14 88/124/14
f 60/107/15 98/139/16 90/126/16
f 93/125/13 96/136/17 99/135/17
f 96/136/17 95/138/18 100/137/18
f 95/138/18 90/126/16 98/139/16
f 75/83/6 88/140/6 104/141/6
f 104/143/10 102/94/10 101/144/19
f 187/147/20 186/7667/20 69/148/12
f 69/148/12 85/109/12 105/145/19
f 105/145/19 101/144/19 185/149/20
f 105/145/19 185/149/20 188/146/20
f 187/147/20 69/148/12 105/145/19
f 69/148/12 186/7667/20 185/149/20
f 115/150/21 116/7668/21 109/151/22
f 109/153/23 116/7669/23 117/154/23
f 113/156/24 117/7670/24 118/157/24
f 118/159/25 115/7671/25 107/160/25
f 113/162/7 111/7672/7 107/163/7
f 114/165/5 121/7673/5 122/166/5
f 110/168/26 116/172/26 115/169/26
f 114/171/26 117/174/26 116/172/26
f 114/171/26 112/175/26 118/173/26
f 108/170/26 115/169/26 118/173/26
f 120/176/26 119/7674/26 122/177/26
f 108/179/1 119/7675/1 120/180/1
f 112/182/6 122/7676/6 119/183/6
f 110/185/2 120/7677/2 121/186/2
f 126/188/6 130/7678/6 129/189/6
f 190/191/1 130/573/1 128/192/1
f 192/193/1 128/192/1 127/194/1
f 129/195/1 130/573/1 190/191/1
f 129/195/1 190/191/1 189/7679/1
f 191/196/1 192/193/1 127/194/1
f 129/195/1 189/7679/1 191/196/1
f 128/197/2 124/305/2 123/198/2
f 126/200/26 124/7680/26 128/201/26
f 134/203/1 138/7681/1 137/204/1
f 193/207/2 195/7682/2 137/3224/2
f 136/206/2 135/7683/2 194/7684/2
f 136/206/2 194/7684/2 196/7685/2
f 193/207/2 137/3224/2 138/57/2
f 136/206/2 196/7685/2 193/207/2
f 196/208/7 206/7686/7 203/209/7
f 136/211/5 132/7687/5 131/212/5
f 134/214/26 132/7688/26 136/215/26
f 195/217/7 194/7689/7 197/218/7
f 197/218/7 194/7689/7 135/7690/7
f 133/221/7 137/7691/7 195/217/7
f 133/221/7 195/217/7 198/219/7
f 197/218/7 135/7690/7 131/220/7
f 133/221/7 198/219/7 197/218/7
f 127/222/7 123/7692/7 125/223/7
f 189/229/2 190/7693/2 8/228/2
f 8/228/2 188/225/2 187/227/2
f 8/230/7 190/7694/7 192/231/7
f 1/233/26 186/7695/26 187/234/26
f 187/234/26 186/7695/26 191/236/26
f 191/242/6 186/239/6 185/238/6
f 185/238/6 3/7696/6 192/241/6
f 1/243/1 6/7697/1 188/146/1
f 188/146/1 8/7698/1 3/244/1
f 173/245/2 176/7699/2 20/246/2
f 20/246/2 17/7700/2 182/179/2
f 16/247/7 20/7701/7 176/248/7
f 17/250/26 14/7702/26 181/251/26
f 174/255/6 181/7703/6 14/253/6
f 14/253/6 16/7704/6 175/254/6
f 17/256/1 20/7705/1 16/257/1
f 180/259/2 179/7706/2 32/260/2
f 32/260/2 29/7707/2 183/261/2
f 28/262/7 32/7708/7 179/263/7
f 29/265/26 25/7709/26 184/266/26
f 184/270/6 25/7710/6 28/268/6
f 28/268/6 178/416/6 177/269/6
f 29/271/1 32/7711/1 28/272/1
f 151/276/2 152/7712/2 44/274/2
f 44/274/2 42/7713/2 150/275/2
f 153/279/7 155/7714/7 40/277/7
f 40/277/7 44/7715/7 152/278/7
f 149/282/26 150/7377/26 42/280/26
f 42/280/26 38/7716/26 156/281/26
f 154/285/6 156/7213/6 38/283/6
f 38/283/6 40/1039/6 155/284/6
f 42/273/1 44/272/1 40/286/1
f 55/288/2 53/297/2 158/289/2
f 145/293/7 51/7717/7 55/291/7
f 55/291/7 157/7718/7 147/292/7
f 148/296/26 158/275/26 53/294/26
f 53/294/26 49/7719/26 146/295/26
f 49/297/6 51/288/6 145/298/6
f 53/300/1 55/7720/1 51/301/1
f 67/303/2 64/7721/2 170/304/2
f 62/306/7 67/7722/7 172/307/7
f 64/309/26 61/7723/26 169/310/26
f 61/312/6 62/769/6 171/313/6
f 64/302/1 67/301/1 62/290/1
f 160/318/1 167/7724/1 82/316/1
f 82/316/1 80/7710/1 159/317/1
f 80/319/7 78/7725/7 161/320/7
f 168/322/26 77/7726/26 82/323/26
f 161/327/5 78/7727/5 77/325/5
f 77/325/5 168/7728/5 162/326/5
f 78/328/2 80/5289/2 82/329/2
f 94/323/1 92/7729/1 163/331/1
f 92/332/7 91/7730/7 165/333/7
f 164/335/26 89/7731/26 94/235/26
f 89/337/5 164/7732/5 165/338/5
f 91/340/2 92/7221/2 94/341/2
f 139/343/1 199/7733/1 202/344/1
f 140/345/27 200/7734/27 199/346/27
f 140/348/5 141/7735/5 201/344/5
f 208/350/5 210/7736/5 209/351/5
f 210/353/6 214/437/6 213/354/6
f 214/352/1 212/351/1 211/356/1
f 212/358/2 208/421/2 207/359/2
f 213/361/7 211/7737/7 207/362/7
f 210/364/26 208/7738/26 212/365/26
f 215/366/28 216/7739/28 218/367/29
f 218/369/30 222/380/30 221/370/30
f 222/367/31 220/7739/32 219/372/32
f 220/374/7 216/7740/7 215/375/7
f 221/377/5 219/7741/5 215/378/5
f 222/380/1 218/369/1 216/381/1
f 226/383/26 230/7742/26 229/384/26
f 228/386/7 224/7743/7 223/387/7
f 224/389/6 228/7744/6 238/390/6
f 235/392/2 227/7745/2 223/393/2
f 228/395/33 227/7746/33 235/396/34
f 226/398/35 225/7747/35 231/399/36
f 224/401/37 233/405/38 232/402/38
f 234/404/36 231/7748/36 232/402/38
f 237/406/39 236/409/39 229/407/40
f 238/397/34 235/396/34 236/409/39
f 229/410/2 236/413/2 231/411/2
f 236/413/2 235/392/2 232/394/2
f 234/414/6 237/417/6 230/415/6
f 233/391/6 238/390/6 237/417/6
f 240/418/2 242/7749/2 241/419/2
f 242/355/5 246/354/5 245/421/5
f 246/185/6 244/7750/6 243/422/6
f 244/424/1 240/730/1 239/425/1
f 245/427/7 243/7751/7 239/428/7
f 242/430/26 240/853/26 244/431/26
f 248/433/1 250/464/1 249/434/1
f 250/436/2 254/442/2 253/437/2
f 254/438/5 252/455/5 251/439/5
f 252/441/6 248/858/6 247/442/6
f 253/443/7 251/7752/7 247/444/7
f 250/446/26 248/480/26 252/447/26
f 256/449/1 258/454/1 257/438/1
f 258/451/2 262/865/2 261/452/2
f 262/454/5 260/7753/5 259/455/5
f 260/456/6 256/451/6 255/453/6
f 261/458/7 259/7754/7 255/459/7
f 258/461/26 256/475/26 260/462/26
f 264/450/1 266/438/1 265/464/1
f 266/465/2 270/456/2 269/457/2
f 270/464/5 268/7755/5 267/467/5
f 268/468/6 264/465/6 263/466/6
f 269/470/7 267/7756/7 263/471/7
f 266/473/26 264/7757/26 268/472/26
f 272/435/1 274/434/1 273/475/1
f 274/477/2 278/482/2 277/478/2
f 278/434/5 276/467/5 275/480/5
f 276/481/6 272/745/6 271/482/6
f 277/483/7 275/7758/7 271/484/7
f 274/486/26 272/7759/26 276/485/26
f 282/488/26 286/12/26 285/489/26
f 284/491/7 280/7760/7 279/492/7
f 280/494/6 284/412/6 294/495/6
f 291/497/2 283/7761/2 279/498/2
f 284/500/33 283/7762/33 291/501/34
f 282/503/35 281/7763/35 287/504/36
f 289/506/38 288/405/38 279/401/37
f 290/342/36 287/404/36 288/405/38
f 286/508/40 293/511/39 292/509/39
f 294/502/34 291/501/34 292/509/39
f 285/512/2 292/515/2 287/513/2
f 292/515/2 291/497/2 288/499/2
f 290/516/6 293/519/6 286/517/6
f 289/496/6 294/495/6 293/519/6
f 296/520/41 298/7764/41 297/521/41
f 298/523/26 302/7765/26 301/524/26
f 302/526/42 300/694/42 299/527/42
f 300/529/7 296/7766/7 295/530/7
f 301/532/5 299/7767/5 295/533/5
f 302/535/1 298/7768/1 296/536/1
f 306/538/26 310/7621/26 309/539/26
f 308/541/7 304/7769/7 303/542/7
f 304/544/6 308/7770/6 318/545/6
f 315/547/2 307/7771/2 303/548/2
f 308/550/33 307/2127/33 315/551/34
f 306/553/35 305/7772/35 311/554/36
f 313/556/38 312/560/38 303/557/37
f 313/556/38 314/7773/36 311/559/36
f 310/561/40 317/564/39 316/562/39
f 318/552/34 315/551/34 316/562/39
f 309/565/2 316/568/2 311/566/2
f 316/568/2 315/547/2 312/549/2
f 314/569/6 317/571/6 310/570/6
f 313/546/6 318/545/6 317/571/6
f 320/572/41 322/368/41 321/573/41
f 322/575/26 326/7774/26 325/576/26
f 326/528/42 324/527/42 323/578/42
f 324/580/7 320/7775/7 319/581/7
f 325/583/5 323/7776/5 319/584/5
f 326/586/1 322/579/1 320/587/1
f 330/589/26 334/250/26 333/590/26
f 331/592/7 332/7777/7 328/593/7
f 328/595/6 332/7778/6 342/596/6
f 339/598/2 331/7779/2 327/599/2
f 332/601/43 331/7780/43 339/602/44
f 330/604/45 329/7781/45 335/605/46
f 337/607/47 336/610/47 327/608/48
f 338/606/46 335/605/46 336/610/47
f 341/611/49 340/614/49 333/612/39
f 342/603/44 339/602/44 340/614/49
f 333/615/2 340/618/2 335/616/2
f 340/618/2 339/598/2 336/600/2
f 338/619/6 341/622/6 334/620/6
f 337/597/6 342/596/6 341/622/6
f 346/623/26 350/1115/26 349/624/26
f 347/626/7 348/7782/7 344/627/7
f 344/629/6 348/2826/6 358/630/6
f 355/632/2 347/7783/2 343/633/2
f 358/635/44 348/7784/43 347/636/43
f 346/638/45 345/7785/45 351/639/46
f 353/610/47 352/641/47 343/640/48
f 354/605/46 351/639/46 352/641/47
f 357/642/49 356/645/49 349/643/39
f 358/635/44 355/637/44 356/645/49
f 349/646/2 356/649/2 351/647/2
f 356/649/2 355/632/2 352/634/2
f 354/650/6 357/653/6 350/651/6
f 353/631/6 358/630/6 357/653/6
f 362/591/26 366/590/26 365/654/26
f 363/656/7 364/7786/7 360/657/7
f 360/659/6 364/7787/6 374/660/6
f 371/662/2 363/7788/2 359/663/2
f 364/665/43 363/7789/43 371/666/44
f 362/668/45 361/7790/45 367/669/46
f 369/671/47 368/674/47 359/672/48
f 370/670/46 367/669/46 368/674/47
f 373/675/49 372/678/49 365/676/39
f 374/667/44 371/666/44 372/678/49
f 365/679/2 372/682/2 367/680/2
f 372/682/2 371/662/2 368/664/2
f 370/683/6 373/686/6 366/684/6
f 369/661/6 374/660/6 373/686/6
f 376/687/41 378/838/41 377/688/41
f 378/690/26 382/2465/26 381/691/26
f 382/693/42 380/7791/42 379/694/42
f 380/695/7 376/7792/7 375/696/7
f 381/698/5 379/7793/5 375/699/5
f 382/701/1 378/7794/1 376/702/1
f 384/704/5 386/7795/5 385/705/5
f 386/707/6 390/7796/6 389/708/6
f 390/706/1 388/705/1 387/710/1
f 388/712/2 384/1006/2 383/713/2
f 389/715/7 387/7797/7 383/716/7
f 386/718/26 384/7798/26 388/719/26
f 392/720/2 394/738/2 393/721/2
f 394/723/5 398/7799/5 397/724/5
f 398/726/6 396/891/6 395/727/6
f 396/729/1 392/1029/1 391/730/1
f 397/731/7 395/7800/7 391/732/7
f 394/734/26 392/750/26 396/735/26
f 400/737/2 402/894/2 401/738/2
f 402/739/5 406/7796/5 405/707/5
f 406/741/6 404/7801/6 403/742/6
f 404/744/1 400/1018/1 399/745/1
f 405/746/7 403/7802/7 399/747/7
f 402/749/26 400/874/26 404/750/26
f 408/751/50 410/773/50 409/752/50
f 410/754/26 414/7803/26 413/755/26
f 414/757/51 412/7804/51 411/758/51
f 412/760/7 408/7805/7 407/761/7
f 413/763/5 411/7806/5 407/764/5
f 414/766/1 410/759/1 408/767/1
f 416/753/50 418/752/50 417/769/50
f 418/771/26 422/755/26 421/772/26
f 422/773/51 420/751/51 419/774/51
f 420/775/7 416/7807/7 415/776/7
f 421/778/5 419/7808/5 415/779/5
f 422/781/1 418/7809/1 416/782/1
f 424/784/52 426/1091/52 425/785/52
f 426/787/53 430/7810/53 429/788/53
f 430/790/54 428/7811/54 427/791/54
f 428/793/7 424/7812/7 423/794/7
f 429/796/5 427/7813/5 423/797/5
f 430/799/1 426/7814/1 424/800/1
f 432/802/52 434/841/52 433/28/52
f 434/804/55 438/7815/55 437/805/55
f 438/807/54 436/7816/54 435/808/54
f 436/810/7 432/7817/7 431/811/7
f 433/813/5 437/7818/5 435/814/5
f 434/816/1 432/7819/1 436/817/1
f 440/819/28 442/824/28 441/780/28
f 442/821/26 446/7820/26 445/822/26
f 446/824/32 444/819/32 443/825/32
f 444/827/7 440/7821/7 439/828/7
f 445/830/5 443/7822/5 439/831/5
f 446/833/1 442/826/1 440/834/1
f 447/836/28 448/790/28 450/837/29
f 450/839/30 454/849/30 453/840/30
f 454/837/31 452/790/32 451/842/32
f 452/844/7 448/7823/7 447/845/7
f 453/847/5 451/7824/5 447/848/5
f 454/849/1 450/839/1 448/850/1
f 456/852/5 458/431/5 457/853/5
f 458/713/6 462/468/6 461/469/6
f 462/855/1 460/447/1 459/843/1
f 460/857/2 456/7825/2 455/858/2
f 461/859/7 459/7826/7 455/860/7
f 458/856/26 456/7827/26 460/862/26
f 464/728/2 466/727/2 465/863/2
f 466/865/5 470/723/5 469/725/5
f 470/864/6 468/863/6 467/866/6
f 468/868/1 464/823/1 463/869/1
f 469/871/7 467/7828/7 463/872/7
f 466/188/26 464/7829/26 468/874/26
f 472/875/5 474/382/5 473/876/5
f 474/878/6 478/884/6 477/822/6
f 478/880/1 476/521/1 475/881/1
f 476/883/2 472/805/2 471/884/2
f 477/885/7 475/7830/7 471/886/7
f 474/888/26 472/7831/26 476/889/26
f 480/743/2 482/742/2 481/891/2
f 482/892/5 486/739/5 485/740/5
f 486/867/6 484/866/6 483/894/6
f 484/479/1 480/478/1 479/895/1
f 485/897/7 483/7832/7 479/898/7
f 482/736/26 480/735/26 484/900/26
f 490/901/26 494/7833/26 493/902/26
f 492/904/7 488/7834/7 487/905/7
f 488/907/6 492/7835/6 502/908/6
f 499/910/2 491/7836/2 487/911/2
f 492/913/33 491/7837/33 499/914/34
f 490/916/35 489/7838/35 495/917/36
f 497/919/38 496/922/38 487/920/37
f 498/383/36 495/385/36 496/922/38
f 501/923/39 500/926/39 493/924/40
f 502/915/34 499/914/34 500/926/39
f 493/927/2 500/930/2 495/928/2
f 500/930/2 499/910/2 496/912/2
f 498/931/6 501/934/6 494/932/6
f 497/909/6 502/908/6 501/934/6
f 504/935/56 506/688/334 505/936/57
f 506/938/59 510/2254/59 509/939/59
f 509/941/60 510/7827/335 508/942/61
f 508/944/7 504/7839/7 503/945/7
f 509/947/5 507/7840/5 503/948/5
f 510/950/1 506/7841/1 504/951/1
f 512/952/336 514/959/337 513/953/337
f 514/955/59 518/7842/59 517/956/59
f 517/958/65 518/962/338 516/340/66
f 517/960/5 515/7843/5 511/961/5
f 518/963/1 514/7705/1 512/964/1
f 520/966/67 522/7844/68 521/967/68
f 522/969/59 526/7845/59 525/970/59
f 525/972/69 526/7846/69 524/973/70
f 524/975/7 520/7847/7 519/976/7
f 525/978/5 523/7848/5 519/979/5
f 526/981/1 522/7849/1 520/982/1
f 528/984/67 530/7850/68 529/985/68
f 530/987/59 534/3054/59 533/988/59
f 533/990/69 534/7844/69 532/991/70
f 532/992/7 528/7851/7 527/993/7
f 533/995/5 531/7852/5 527/996/5
f 534/998/1 530/7853/1 528/999/1
f 536/1001/5 538/7854/5 537/1002/5
f 538/724/6 542/7799/6 541/892/6
f 542/1003/1 540/1002/1 539/1004/1
f 540/360/2 536/359/2 535/1006/2
f 541/1007/7 539/7855/7 535/1008/7
f 538/1010/26 536/7856/26 540/1011/26
f 544/1012/2 546/1032/2 545/1013/2
f 546/895/5 550/7825/5 549/857/5
f 550/861/6 548/7857/6 547/1015/6
f 548/1017/1 544/1045/1 543/1018/1
f 549/1019/7 547/7858/7 543/1020/7
f 546/1022/26 544/7859/26 548/1023/26
f 552/1025/6 554/7860/6 553/1026/6
f 554/1028/1 558/1075/1 557/1029/1
f 557/1030/2 558/7861/2 556/1031/2
f 556/1033/71 552/1078/71 551/1034/71
f 557/1036/7 555/7862/7 551/1037/7
f 554/1039/26 552/1048/26 556/1040/26
f 560/1042/6 562/7863/6 561/1043/6
f 562/1044/1 566/1060/1 565/1045/1
f 565/1046/2 566/228/2 564/1047/2
f 564/1049/72 560/7864/72 559/1050/72
f 565/1052/7 563/7865/7 559/1053/7
f 562/1055/26 560/7864/26 564/1049/26
f 568/1057/6 570/7866/6 569/1058/6
f 570/426/1 574/425/1 573/1060/1
f 573/1061/2 574/1059/2 572/1062/2
f 572/1063/73 568/7867/73 567/1064/73
f 573/1066/7 571/7868/7 567/1067/7
f 574/1069/26 570/5945/26 568/1070/26
f 576/1072/6 578/7869/6 577/1073/6
f 578/870/1 582/869/1 581/1075/1
f 581/1076/2 582/1074/2 580/1077/2
f 580/1078/74 576/1063/74 575/1065/74
f 581/1079/7 579/7870/7 575/1080/7
f 578/1082/26 576/7871/26 580/832/26
f 584/1084/75 586/7872/76 585/1085/76
f 586/1087/77 590/7873/77 589/1088/77
f 589/1090/78 590/7872/78 588/1084/79
f 588/1092/7 584/7874/7 583/709/7
f 589/1088/5 587/7875/5 583/1094/5
f 590/1095/1 586/7876/1 584/1096/1
f 592/1097/80 594/1103/80 593/1098/80
f 594/1100/26 598/1148/26 597/1101/26
f 598/1103/81 596/1097/81 595/96/81
f 596/1105/7 592/7877/7 591/1106/7
f 597/1108/5 595/7496/5 591/1109/5
f 598/1111/1 594/1104/1 592/1112/1
f 601/623/26 602/1177/26 606/1114/26
f 603/1116/7 604/7878/7 600/1117/7
f 600/1119/6 604/681/6 614/1120/6
f 611/1122/2 603/7879/2 599/1123/2
f 614/1125/44 604/7880/43 603/1126/43
f 602/1128/45 601/7881/45 607/1129/46
f 609/1131/47 608/1134/47 599/1132/48
f 609/1131/47 610/1130/46 607/1129/46
f 613/1135/49 612/1138/49 605/1136/39
f 614/1125/44 611/1127/44 612/1138/49
f 605/1139/2 612/1141/2 607/1140/2
f 612/1141/2 611/1122/2 608/1124/2
f 610/1142/6 613/1145/6 606/1143/6
f 609/1121/6 614/1120/6 613/1145/6
f 616/890/41 618/371/41 617/214/41
f 618/1147/26 622/2459/26 621/1148/26
f 622/1149/42 620/7882/42 619/1150/42
f 620/1152/7 616/7883/7 615/1153/7
f 621/1155/5 619/7884/5 615/1156/5
f 622/1158/1 618/7885/1 616/1159/1
f 624/1161/5 626/2582/5 625/1162/5
f 626/1164/6 630/1171/6 629/1165/6
f 630/1167/1 628/2337/1 627/1168/1
f 628/1170/2 624/1206/2 623/1171/2
f 629/1172/7 627/7886/7 623/1173/7
f 626/1175/26 624/7887/26 628/1176/26
f 632/1178/2 634/2957/2 633/1179/2
f 634/1181/5 638/2107/5 637/1182/5
f 638/1184/6 636/1316/6 635/1185/6
f 636/1187/1 632/2422/1 631/1188/1
f 637/1190/7 635/7888/7 631/1191/7
f 634/1193/26 632/7889/26 636/1194/26
f 640/1196/5 642/7890/5 641/1197/5
f 642/1199/6 646/1402/6 645/1200/6
f 646/1202/1 644/1918/1 643/1203/1
f 644/1205/2 640/2669/2 639/1206/2
f 645/1207/7 643/7891/7 639/1208/7
f 642/1210/26 640/7892/26 644/1211/26
f 648/1213/2 650/644/2 649/1214/2
f 650/1216/5 654/3192/5 653/1217/5
f 654/1219/6 652/7893/6 651/1220/6
f 652/1222/1 648/1497/1 647/1223/1
f 653/1225/7 651/7894/7 647/1226/7
f 650/1228/26 648/7895/26 652/1229/26
f 656/1231/5 658/1556/5 657/1232/5
f 658/1234/6 662/7896/6 661/1235/6
f 662/1237/1 660/7778/1 659/1238/1
f 660/1240/2 656/1276/2 655/1241/2
f 661/1243/7 659/7897/7 655/1244/7
f 658/1246/26 656/7898/26 660/1247/26
f 664/1249/2 666/1948/2 665/1250/2
f 666/1252/5 670/2122/5 669/1253/5
f 670/1255/6 668/7899/6 667/1256/6
f 668/1224/1 664/1223/1 663/1258/1
f 669/1260/7 667/7900/7 663/1261/7
f 666/1263/26 664/7901/26 668/1264/26
f 672/1266/5 674/1641/5 673/1267/5
f 674/1269/6 678/1334/6 677/1270/6
f 678/1272/1 676/2454/1 675/1273/1
f 676/1275/2 672/7902/2 671/1276/2
f 677/1277/7 675/7903/7 671/1278/7
f 674/1280/26 672/2345/26 676/1281/26
f 680/1283/2 682/2759/2 681/1284/2
f 682/1286/5 686/7896/5 685/1234/5
f 686/1288/6 684/7790/6 683/1289/6
f 684/1291/1 680/2897/1 679/1292/1
f 685/1294/7 683/7904/7 679/1295/7
f 682/1297/26 680/1410/26 684/1298/26
f 688/1300/5 690/3140/5 689/1301/5
f 690/1303/6 694/7905/6 693/1304/6
f 694/1306/1 692/2739/1 691/1307/1
f 692/1309/2 688/7902/2 687/1275/2
f 693/1311/7 691/7906/7 687/1312/7
f 690/1314/26 688/7907/26 692/1315/26
f 696/1316/2 698/1255/2 697/1257/2
f 698/1183/5 702/1182/5 701/1317/5
f 702/1319/6 700/1944/6 699/1320/6
f 700/1322/1 696/7908/1 695/1323/1
f 701/1325/7 699/7909/7 695/1326/7
f 698/1265/26 696/7910/26 700/1328/26
f 704/1330/5 706/1427/5 705/1331/5
f 706/1333/6 710/1365/6 709/1334/6
f 710/1335/1 708/7911/1 707/1336/1
f 708/1338/2 704/7912/2 703/1286/2
f 709/1339/7 707/7913/7 703/1340/7
f 706/1212/26 704/7914/26 708/1342/26
f 712/1344/2 714/7731/2 713/1345/2
f 714/1347/5 718/7915/5 717/1348/5
f 718/1350/6 716/2937/6 715/1351/6
f 716/1353/1 712/7916/1 711/1354/1
f 717/1356/7 715/7917/7 711/1357/7
f 714/1195/26 712/1194/26 716/1359/26
f 720/1361/5 722/1527/5 721/1362/5
f 722/1364/6 726/7918/6 725/1365/6
f 726/1366/1 724/2662/1 723/1367/1
f 724/1348/2 720/7915/2 719/1369/2
f 725/1371/7 723/7919/7 719/1372/7
f 722/1374/26 720/3179/26 724/1375/26
f 728/1377/2 730/2723/2 729/1378/2
f 730/1369/5 734/1600/5 733/1380/5
f 734/1381/6 732/7920/6 731/1382/6
f 732/1355/1 728/1354/1 727/1384/1
f 733/1386/7 731/7921/7 727/1387/7
f 730/1389/26 728/7922/26 732/1390/26
f 736/1392/5 738/3228/5 737/1393/5
f 738/1395/6 742/1429/6 741/1396/6
f 742/1398/1 740/1696/1 739/1399/1
f 740/1401/2 736/7923/2 735/1402/2
f 741/1403/7 739/7924/7 735/1404/7
f 738/1406/26 736/7925/26 740/1407/26
f 744/1409/2 746/1298/2 745/1410/2
f 746/1412/5 750/7923/5 749/1401/5
f 750/1414/6 748/7926/6 747/1415/6
f 748/1417/1 744/3271/1 743/1418/1
f 749/1420/7 747/7927/7 743/1421/7
f 746/1423/26 744/7928/26 748/1424/26
f 752/1426/5 754/2660/5 753/1427/5
f 754/1428/6 758/1443/6 757/1429/6
f 758/1430/1 756/4282/1 755/1431/1
f 756/1433/2 752/1466/2 751/1412/2
f 757/1434/7 755/7929/7 751/1435/7
f 754/1376/26 752/1375/26 756/1437/26
f 760/1439/2 762/7930/2 761/1440/2
f 762/1442/5 766/1459/5 765/1443/5
f 766/1444/6 764/1815/6 763/1445/6
f 764/1447/1 760/3080/1 759/1448/1
f 765/1450/7 763/7931/7 759/1451/7
f 762/1453/26 760/7932/26 764/1454/26
f 768/1456/5 770/2790/5 769/1457/5
f 770/1459/6 774/1442/6 773/1460/6
f 774/1462/1 772/7933/1 771/1463/1
f 772/1465/2 768/7934/2 767/1466/2
f 773/1467/7 771/7935/7 767/1468/7
f 770/1470/26 768/7936/26 772/1471/26
f 776/1473/2 778/2165/2 777/1474/2
f 778/1476/5 782/7937/5 781/1461/5
f 782/1477/6 780/1144/6 779/1478/6
f 780/1449/1 776/1448/1 775/1480/1
f 781/1482/7 779/7938/7 775/1483/7
f 778/1452/26 776/7939/26 780/1485/26
f 784/1487/2 786/7940/2 785/1488/2
f 786/1490/5 790/3076/5 789/1491/5
f 790/1493/6 788/1905/6 787/1494/6
f 788/1496/1 784/3219/1 783/1497/1
f 789/1498/7 787/7941/7 783/1499/7
f 786/1501/26 784/7942/26 788/1502/26
f 792/1504/1 794/1567/1 793/1505/1
f 794/1317/2 798/1544/2 797/1507/2
f 798/1508/5 796/1383/5 795/1509/5
f 796/1511/6 792/7943/6 791/1512/6
f 797/1514/7 795/7944/7 791/1515/7
f 794/1517/26 792/7945/26 796/1518/26
f 800/1520/2 802/2710/2 801/1521/2
f 802/1523/5 806/2939/5 805/1524/5
f 806/1526/6 804/2713/6 803/1527/6
f 804/1189/1 800/1188/1 799/1528/1
f 805/1530/7 803/7946/7 799/1531/7
f 802/1533/26 800/1652/26 804/1534/26
f 808/1536/1 810/7947/1 809/1537/1
f 810/1539/2 814/1216/2 813/1218/2
f 814/1541/5 812/2334/5 811/1542/5
f 812/1544/6 808/1569/6 807/1545/6
f 813/1546/7 811/7948/7 807/1547/7
f 810/1549/26 808/7949/26 812/1248/26
f 816/1551/2 818/7950/2 817/1552/2
f 818/1254/5 822/1253/5 821/1554/5
f 822/1556/6 820/7951/6 819/1557/6
f 820/1558/1 816/3144/1 815/1559/1
f 821/1561/7 819/7952/7 815/1562/7
f 818/1564/26 816/7953/26 820/1565/26
f 824/1567/1 826/1221/1 825/1568/1
f 826/1569/2 830/7954/2 829/1570/2
f 829/1571/5 830/7955/5 828/1572/5
f 828/1574/6 824/7956/6 823/1575/6
f 829/1577/7 827/7957/7 823/1578/7
f 826/1580/26 824/7958/26 828/1500/26
f 832/1582/2 834/2314/2 833/1583/2
f 834/1570/5 838/7954/5 837/1585/5
f 838/1587/6 836/7959/6 835/1588/6
f 836/1529/1 832/1528/1 831/1590/1
f 837/1592/7 835/7960/7 831/1593/7
f 834/1595/26 832/2909/26 836/1596/26
f 840/1598/1 842/1520/1 841/1522/1
f 842/1600/2 846/1671/2 845/1601/2
f 846/920/5 844/1752/5 843/1602/5
f 844/1586/6 840/1585/6 839/1604/6
f 845/1606/7 843/7961/7 839/1607/7
f 842/1609/26 840/2128/26 844/1610/26
f 848/1612/2 850/1381/2 849/1383/2
f 850/1614/5 854/7937/5 853/1476/5
f 854/1616/6 852/1612/6 851/1613/6
f 852/1618/1 848/3230/1 847/1619/1
f 853/1621/7 851/7962/7 847/1622/7
f 850/1363/26 848/2902/26 852/1624/26
f 856/1625/1 858/2377/1 857/1626/1
f 858/1628/2 862/1525/2 861/1524/2
f 862/1630/5 860/2981/5 859/1631/5
f 860/1604/6 856/1661/6 855/1633/6
f 861/1634/7 859/7963/7 855/1635/7
f 858/1637/26 856/7964/26 860/1638/26
f 864/1640/2 866/2115/2 865/1641/2
f 866/1642/5 870/7918/5 869/1364/5
f 870/1589/6 868/1588/6 867/1644/6
f 868/1591/1 864/1590/1 863/1646/1
f 869/1648/7 867/7965/7 863/1649/7
f 866/1651/26 864/2404/26 868/1652/26
f 872/1653/1 874/1777/1 873/1654/1
f 874/1656/2 878/1628/2 877/1629/2
f 878/1658/5 876/1214/5 875/1659/5
f 876/1661/6 872/1778/6 871/1662/6
f 877/1663/7 875/7966/7 871/1664/7
f 874/1666/26 872/7967/26 876/1667/26
f 880/1645/2 882/1644/2 881/1669/2
f 882/1671/5 886/1816/5 885/1672/5
f 886/1673/6 884/7968/6 883/1674/6
f 884/1647/1 880/1646/1 879/1676/1
f 885/1678/7 883/7969/7 879/1679/7
f 882/1535/26 880/7970/26 884/1681/26
f 888/1683/1 890/1688/1 889/1684/1
f 890/1686/2 894/7934/2 893/1465/2
f 894/1543/5 892/1542/5 891/1688/5
f 892/1689/6 888/3226/6 887/1690/6
f 893/1692/7 891/7971/7 887/1693/7
f 890/1695/26 888/7972/26 892/1696/26
f 896/1697/2 898/2539/2 897/1698/2
f 898/1700/5 902/7973/5 901/1701/5
f 902/1703/6 900/7974/6 899/1704/6
f 900/1706/1 896/3252/1 895/1707/1
f 901/1709/7 899/7975/7 895/1710/7
f 898/1712/26 896/7976/26 900/1713/26
f 904/1715/1 906/3290/1 905/1716/1
f 906/1718/2 910/7977/2 909/1719/2
f 910/1721/5 908/2016/5 907/1722/5
f 908/1724/6 904/1689/6 903/1691/6
f 909/1726/7 907/7978/7 903/1727/7
f 906/1729/26 904/7979/26 908/1730/26
f 912/1732/2 914/7980/2 913/1733/2
f 914/1656/5 918/1657/5 917/1735/5
f 918/1737/6 916/2395/6 915/1738/6
f 916/1677/1 912/1676/1 911/1740/1
f 917/1742/7 915/7981/7 911/1743/7
f 914/1745/26 912/7982/26 916/1746/26
f 920/1748/1 922/2315/1 921/1749/1
f 922/1751/2 926/1861/2 925/1614/2
f 926/1752/5 924/7983/5 923/1753/5
f 924/1754/6 920/1736/6 919/1735/6
f 925/1756/7 923/7984/7 919/1757/7
f 922/1759/26 920/7985/26 924/1760/26
f 928/1762/2 930/2133/2 929/1763/2
f 930/1754/5 934/1755/5 933/1765/5
f 934/1767/6 932/7986/6 931/1566/6
f 932/1741/1 928/1740/1 927/1769/1
f 933/1771/7 931/7987/7 927/1772/7
f 930/1773/26 928/3125/26 932/1774/26
f 936/1776/1 938/7988/1 937/1777/1
f 938/1778/2 942/7989/2 941/1779/2
f 942/1780/5 940/7955/5 939/1571/5
f 940/1782/6 936/1766/6 935/1765/6
f 941/1784/7 939/7990/7 935/1785/7
f 938/1787/26 936/1730/26 940/1788/26
f 944/1790/6 946/7991/6 945/1791/6
f 946/1793/1 950/1857/1 949/1794/1
f 950/1796/2 948/1169/2 947/1797/2
f 948/1799/5 944/7992/5 943/1800/5
f 949/1802/7 947/7993/7 943/1803/7
f 946/1805/26 944/1768/26 948/1806/26
f 952/1808/5 954/7208/5 953/1809/5
f 954/1811/6 958/7994/6 957/1812/6
f 958/1814/1 956/2119/1 955/1815/1
f 956/1816/2 952/1841/2 951/1817/2
f 957/1818/7 955/7995/7 951/1819/7
f 954/1821/26 952/7996/26 956/1822/26
f 960/1823/6 962/1289/6 961/1824/6
f 962/1242/1 966/1241/1 965/1826/1
f 966/1828/2 964/2722/2 963/1829/2
f 964/1831/5 960/2649/5 959/1832/5
f 965/1834/7 963/7997/7 959/1835/7
f 962/1837/26 960/2661/26 964/1366/26
f 968/1839/5 970/1477/5 969/1479/5
f 970/1841/6 974/1906/6 973/1842/6
f 974/1843/1 972/1378/1 971/1844/1
f 972/1846/2 968/1539/2 967/1540/2
f 973/1848/7 971/7998/7 967/1849/7
f 970/1851/26 968/7999/26 972/1852/26
f 976/1854/6 978/2230/6 977/1855/6
f 978/1827/1 982/1826/1 981/1857/1
f 982/1856/2 980/1855/2 979/1858/2
f 980/1860/5 976/8000/5 975/1861/5
f 981/1862/7 979/8001/7 975/1863/7
f 978/1865/26 976/624/26 980/1866/26
f 984/1868/5 986/1839/5 985/1840/5
f 986/1870/6 990/8000/6 989/1871/6
f 990/1873/1 988/8002/1 987/1874/1
f 988/1876/2 984/8003/2 983/1877/2
f 989/1879/7 987/8004/7 983/1880/7
f 986/1882/26 984/8005/26 988/1883/26
f 992/1885/6 994/1796/6 993/1798/6
f 994/1887/1 998/1916/1 997/1642/1
f 998/1888/2 996/8006/2 995/1889/2
f 996/1891/5 992/1919/5 991/1876/5
f 997/1893/7 995/8007/7 991/1894/7
f 994/1896/26 992/1301/26 996/1897/26
f 1000/1899/5 1002/591/5 1001/1900/5
f 1002/1779/6 1006/7989/6 1005/1902/6
f 1006/1904/1 1004/2448/1 1003/1905/1
f 1004/1906/2 1000/1929/2 999/1907/2
f 1005/1908/7 1003/8008/7 999/1909/7
f 1002/1538/26 1000/1556/26 1004/1911/26
f 1008/1859/6 1010/1858/6 1009/1913/6
f 1010/1915/1 1014/1974/1 1013/1916/1
f 1014/1917/2 1012/8009/2 1011/1918/2
f 1012/1919/5 1008/8010/5 1007/1920/5
f 1013/1922/7 1011/8011/7 1007/1923/7
f 1010/1925/26 1008/2010/26 1012/1747/26
f 1016/1926/5 1018/2982/5 1017/1927/5
f 1018/1929/6 1022/1934/6 1021/1930/6
f 1022/1931/1 1020/3055/1 1019/1932/1
f 1020/1934/2 1016/1960/2 1015/1935/2
f 1021/1936/7 1019/8012/7 1015/1937/7
f 1018/1939/26 1016/8013/26 1020/1940/26
f 1024/1942/6 1026/3058/6 1025/1943/6
f 1026/1201/1 1030/1200/1 1029/1945/1
f 1030/1947/2 1028/1975/2 1027/1948/2
f 1028/1950/5 1024/1309/5 1023/1310/5
f 1029/1952/7 1027/1995/7 1023/1953/7
f 1026/1838/26 1024/1366/26 1028/1955/26
f 1032/1957/5 1034/3066/5 1033/1958/5
f 1034/1960/6 1038/1964/6 1037/1961/6
f 1038/1962/1 1036/2061/1 1035/1854/1
f 1036/1964/2 1032/8014/2 1031/1965/2
f 1037/1966/7 1035/8015/7 1031/1967/7
f 1034/1969/26 1032/8016/26 1036/1970/26
f 1040/1972/6 1042/1942/6 1041/1944/6
f 1042/1305/1 1046/1304/1 1045/1974/1
f 1046/1975/2 1044/1972/2 1043/1973/2
f 1044/1965/5 1040/8014/5 1039/1976/5
f 1045/1978/7 1043/3051/7 1039/1979/7
f 1042/1981/26 1040/1368/26 1044/1526/26
f 1048/1982/5 1050/1824/5 1049/1983/5
f 1050/1985/6 1054/1700/6 1053/1702/6
f 1054/1987/1 1052/1963/1 1051/1988/1
f 1052/1990/2 1048/1985/2 1047/1986/2
f 1053/1992/7 1051/8017/7 1047/1993/7
f 1050/1995/26 1048/8018/26 1052/1996/26
f 1056/1998/6 1058/3029/6 1057/1999/6
f 1058/2001/1 1062/2961/1 1061/2002/1
f 1062/2000/2 1060/1999/2 1059/2004/2
f 1060/1945/5 1056/7905/5 1055/1303/5
f 1061/2006/7 1059/8019/7 1055/2007/7
f 1058/2009/26 1056/3256/26 1060/2010/26
f 1064/2011/5 1066/236/5 1065/2012/5
f 1066/2014/6 1070/1686/6 1069/1687/6
f 1070/2016/1 1068/1868/1 1067/1869/1
f 1068/2017/2 1064/1990/2 1063/1991/2
f 1069/2019/7 1067/8020/7 1063/2020/7
f 1066/2022/26 1064/8021/26 1068/2023/26
f 1072/2025/6 1074/2338/6 1073/2026/6
f 1074/2028/1 1078/3067/1 1077/2029/1
f 1078/2031/2 1076/1168/2 1075/2032/2
f 1076/2034/5 1072/2063/5 1071/2035/5
f 1077/2037/7 1075/8022/7 1071/2038/7
f 1074/2040/26 1072/3234/26 1076/2041/26
f 1080/2043/5 1082/8023/5 1081/2044/5
f 1082/1976/6 1086/2049/6 1085/2046/6
f 1086/2047/1 1084/1167/1 1083/1169/1
f 1084/2049/2 1080/2071/2 1079/2050/2
f 1085/2051/7 1083/1851/7 1079/2052/7
f 1082/2054/26 1080/8024/26 1084/1959/26
f 1088/2005/6 1090/2004/6 1089/2056/6
f 1090/2030/1 1094/2029/1 1093/2058/1
f 1094/2057/2 1092/2056/2 1091/2060/2
f 1092/2062/5 1088/2777/5 1087/2063/5
f 1093/2064/7 1091/8025/7 1087/2065/7
f 1090/1867/26 1088/1866/26 1092/2067/26
f 1096/1285/5 1098/1284/5 1097/2069/5
f 1098/2071/6 1102/2076/6 1101/2072/6
f 1102/2073/1 1100/1808/1 1099/2074/1
f 1100/2076/2 1096/2136/2 1095/2077/2
f 1101/2078/7 1099/8026/7 1095/2079/7
f 1098/2081/26 1096/8027/26 1100/2082/26
f 1104/2083/1 1106/2535/1 1105/2084/1
f 1106/2086/2 1110/8028/2 1109/2087/2
f 1110/2089/5 1108/1430/5 1107/1432/5
f 1108/2091/6 1104/8029/6 1103/2092/6
f 1109/2094/7 1107/8030/7 1103/2095/7
f 1110/2097/26 1106/8031/26 1104/2098/26
f 1112/2100/6 1114/8032/6 1113/2101/6
f 1114/1770/1 1118/1769/1 1117/2103/1
f 1118/2102/2 1116/2101/2 1115/2105/2
f 1116/1555/5 1112/1554/5 1111/2107/5
f 1117/2108/7 1115/8033/7 1111/2109/7
f 1114/2111/26 1112/8034/26 1116/2112/26
f 1120/2114/1 1122/2972/1 1121/2115/1
f 1122/1719/2 1126/7977/2 1125/2117/2
f 1126/2119/5 1124/3032/5 1123/2120/5
f 1124/2121/6 1120/2383/6 1119/2122/6
f 1125/2123/7 1123/8035/7 1119/2124/7
f 1126/2126/26 1122/8036/26 1120/2127/26
f 1128/2129/6 1130/8037/6 1129/1768/6
f 1130/1560/1 1134/1559/1 1133/2131/1
f 1134/2133/2 1132/2734/2 1131/2134/2
f 1132/2136/5 1128/8038/5 1127/2137/5
f 1133/2138/7 1131/3234/7 1127/2139/7
f 1130/2141/26 1128/8039/26 1132/2142/26
f 1136/2144/1 1138/8040/1 1137/2145/1
f 1138/1701/2 1142/7973/2 1141/2147/2
f 1142/1553/5 1140/1552/5 1139/2149/5
f 1140/2151/6 1136/1846/6 1135/1847/6
f 1141/2153/7 1139/8041/7 1135/2154/7
f 1142/2156/26 1138/8042/26 1136/2157/26
f 1144/2159/6 1146/8043/6 1145/2160/6
f 1146/1620/1 1150/1619/1 1149/2162/1
f 1150/2164/2 1148/3098/2 1147/2165/2
f 1148/2166/5 1144/2151/5 1143/2152/5
f 1149/2168/7 1147/8044/7 1143/2169/7
f 1146/2171/26 1144/8045/26 1148/2172/26
f 1152/2174/1 1154/3216/1 1153/2175/1
f 1154/2177/2 1158/2253/2 1157/2017/2
f 1158/1815/5 1156/2120/5 1155/2178/5
f 1156/2137/6 1152/8038/6 1151/2179/6
f 1157/2181/7 1155/8046/7 1151/2182/7
f 1158/2099/26 1154/2098/26 1152/2184/26
f 1160/2186/6 1162/8047/6 1161/2187/6
f 1162/2104/1 1166/2103/1 1165/2189/1
f 1166/2191/2 1164/1288/2 1163/1290/2
f 1164/2179/5 1160/2257/5 1159/2193/5
f 1165/2194/7 1163/8048/7 1159/2195/7
f 1162/2197/26 1160/2732/26 1164/2198/26
f 1168/2200/1 1170/3022/1 1169/2201/1
f 1170/2203/2 1174/8049/2 1173/2204/2
f 1174/2206/5 1172/2187/5 1171/2207/5
f 1172/2209/6 1168/2014/6 1167/2015/6
f 1173/2211/7 1171/8050/7 1167/2212/7
f 1174/2213/26 1170/2097/26 1168/2099/26
f 1176/1475/6 1178/1474/6 1177/2215/6
f 1178/2190/1 1182/2189/1 1181/2217/1
f 1182/2216/2 1180/2215/2 1179/1962/2
f 1180/1903/5 1176/1902/5 1175/2220/5
f 1181/2222/7 1179/8051/7 1175/2223/7
f 1178/2173/26 1176/2172/26 1180/2225/26
f 1184/2176/1 1186/2175/1 1185/2227/1
f 1186/2088/2 1190/2087/2 1189/2229/2
f 1190/2061/5 1188/2060/5 1187/2230/5
f 1188/2231/6 1184/2209/6 1183/2210/6
f 1189/2233/7 1187/8052/7 1183/2234/7
f 1190/2236/26 1186/8053/26 1184/1431/26
f 1192/1411/6 1194/1410/6 1193/2238/6
f 1194/2218/1 1198/2217/1 1197/2240/1
f 1198/2242/2 1196/1439/2 1195/1441/2
f 1196/1782/5 1192/1783/5 1191/2244/5
f 1197/2246/7 1195/8054/7 1191/2247/7
f 1194/2249/26 1192/8055/26 1196/1360/26
f 1200/2228/1 1202/2227/1 1201/2250/1
f 1202/2252/2 1206/8056/2 1205/2253/2
f 1206/2254/5 1204/8057/5 1203/2255/5
f 1204/2257/6 1200/8058/6 1199/2258/6
f 1205/2259/7 1203/8059/7 1199/2260/7
f 1206/2262/26 1202/2236/26 1200/2237/26
f 1208/2264/6 1210/2892/6 1209/2265/6
f 1210/2163/1 1214/2162/1 1213/2267/1
f 1214/2269/2 1212/508/2 1211/2270/2
f 1212/2258/5 1208/8058/5 1207/2272/5
f 1213/2274/7 1211/8060/7 1207/2275/7
f 1210/2277/26 1208/8061/26 1212/2278/26
f 1215/2280/1 1216/8062/1 1218/2281/1
f 1218/2204/2 1222/7810/2 1221/2283/2
f 1222/2284/5 1220/3008/5 1219/2285/5
f 1220/2287/6 1216/8056/6 1215/2252/6
f 1221/2289/7 1219/8063/7 1215/2290/7
f 1222/2292/26 1218/8064/26 1216/2293/26
f 1224/2295/6 1226/3107/6 1225/2296/6
f 1226/1708/1 1230/1707/1 1229/2298/1
f 1230/2300/2 1228/2360/2 1227/2197/2
f 1228/2302/5 1224/2287/5 1223/2288/5
f 1229/2304/7 1227/8065/7 1223/2305/7
f 1226/2307/26 1224/8066/26 1228/2308/26
f 1232/2251/1 1234/2250/1 1233/2310/1
f 1234/2312/2 1238/2336/2 1237/2302/2
f 1238/2313/5 1236/3311/5 1235/2314/5
f 1236/2272/6 1232/2326/6 1231/2316/6
f 1237/2317/7 1235/8067/7 1231/2318/7
f 1238/2320/26 1234/8068/26 1232/2321/26
f 1240/1963/6 1242/1854/6 1241/1856/6
f 1242/2241/1 1246/2240/1 1245/2323/1
f 1246/1988/2 1244/1856/2 1243/1859/2
f 1244/2326/5 1240/2339/5 1239/2327/5
f 1245/2328/7 1243/8069/7 1239/2329/7
f 1242/1329/26 1240/8070/26 1244/2331/26
f 1248/2333/1 1250/174/1 1249/2334/1
f 1250/2335/2 1254/8071/2 1253/2336/2
f 1254/2337/5 1252/3078/5 1251/2338/5
f 1252/2339/6 1248/2354/6 1247/2340/6
f 1253/2341/7 1251/8072/7 1247/2342/7
f 1254/2344/26 1250/2417/26 1248/1281/26
f 1256/2346/6 1258/1389/6 1257/2347/6
f 1258/2324/1 1262/2323/1 1261/2349/1
f 1262/2351/2 1260/2990/2 1259/2352/2
f 1260/2354/5 1256/2378/5 1255/2355/5
f 1261/2356/7 1259/8073/7 1255/2357/7
f 1258/2359/26 1256/3275/26 1260/2360/26
f 1264/2362/2 1266/2188/2 1265/2363/2
f 1266/2365/5 1270/1511/5 1269/1513/5
f 1270/2367/6 1268/2236/6 1267/2262/6
f 1268/1259/1 1264/1258/1 1263/2369/1
f 1269/2371/7 1267/8074/7 1263/2372/7
f 1266/2374/26 1264/2481/26 1268/2375/26
f 1272/2376/1 1274/266/1 1273/2377/1
f 1274/2378/2 1278/2412/2 1277/2379/2
f 1278/2380/5 1276/1613/5 1275/2381/5
f 1276/1813/6 1272/1812/6 1271/2383/6
f 1277/2384/7 1275/8075/7 1271/2385/7
f 1274/2387/26 1272/1788/26 1276/2388/26
f 1280/1675/2 1282/1674/2 1281/2390/2
f 1282/2392/5 1286/2445/5 1285/2393/5
f 1286/2395/6 1284/1737/6 1283/2396/6
f 1284/2350/1 1280/2349/1 1279/2398/1
f 1285/2400/7 1283/8076/7 1279/2401/7
f 1282/2403/26 1280/2508/26 1284/2404/26
f 1288/2405/1 1290/8068/1 1289/2406/1
f 1290/2408/2 1294/2166/2 1293/2167/2
f 1294/2410/5 1292/8077/5 1291/2130/5
f 1292/2412/6 1288/2457/6 1287/2413/6
f 1293/2414/7 1291/8078/7 1287/2415/7
f 1290/2213/26 1288/2214/26 1292/1281/26
f 1296/1239/2 1298/1238/2 1297/2418/2
f 1298/1292/5 1302/7908/5 1301/1322/5
f 1302/2419/6 1300/2418/6 1299/2420/6
f 1300/2132/1 1296/2131/1 1295/2422/1
f 1301/2423/7 1299/8079/7 1295/2424/7
f 1298/1807/26 1296/8080/26 1300/2426/26
f 1304/2427/1 1306/8081/1 1305/2428/1
f 1306/2430/2 1310/1921/2 1309/1920/2
f 1310/2432/5 1308/2635/5 1307/2433/5
f 1308/2435/6 1304/2408/6 1303/2409/6
f 1309/2437/7 1307/8082/7 1303/2438/7
f 1306/2440/26 1304/251/26 1308/2441/26
f 1312/1739/2 1314/1738/2 1313/2443/2
f 1314/2445/5 1318/8083/5 1317/2446/5
f 1318/2444/6 1316/2443/6 1315/2447/6
f 1316/2399/1 1312/2398/1 1311/2449/1
f 1317/2451/7 1315/8084/7 1311/2452/7
f 1314/2454/26 1312/1272/26 1316/2455/26
f 1320/1750/1 1322/1749/1 1321/1426/1
f 1322/2457/2 1326/2485/2 1325/2458/2
f 1326/2459/5 1324/2709/5 1323/1520/5
f 1324/2221/6 1320/2220/6 1319/2460/6
f 1325/2462/7 1323/8085/7 1319/2463/7
f 1322/2465/26 1320/3250/26 1324/2466/26
f 1328/2468/2 1330/8086/2 1329/2469/2
f 1330/2471/5 1334/8087/5 1333/2472/5
f 1334/2474/6 1332/8088/6 1331/2470/6
f 1332/2268/1 1328/2267/1 1327/2476/1
f 1333/2478/7 1331/8089/7 1327/2479/7
f 1330/2481/26 1328/2616/26 1332/2482/26
f 1336/2483/1 1338/8090/1 1337/2343/1
f 1338/2485/2 1342/2490/2 1341/2486/2
f 1342/2487/5 1340/8091/5 1339/2488/5
f 1340/2490/6 1336/2512/6 1335/2491/6
f 1341/2492/7 1339/8092/7 1335/2493/7
f 1338/2495/26 1336/2469/26 1340/2496/26
f 1344/1773/2 1346/3193/2 1345/2498/2
f 1346/2499/5 1350/2471/5 1349/2473/5
f 1350/1230/6 1348/2498/6 1347/2501/6
f 1348/2450/1 1344/2449/1 1343/2502/1
f 1349/2504/7 1347/8093/7 1343/2505/7
f 1346/2507/26 1344/2534/26 1348/2508/26
f 1352/2509/1 1354/8094/1 1353/2510/1
f 1354/2512/2 1358/2517/2 1357/2513/2
f 1358/2514/5 1356/1215/5 1355/2515/5
f 1356/2517/6 1352/2594/6 1351/2518/6
f 1357/2519/7 1355/8095/7 1351/2520/7
f 1354/2522/26 1352/8096/26 1356/1623/26
f 1360/2448/2 1362/2447/2 1361/2524/2
f 1362/2525/5 1366/7916/5 1365/1353/5
f 1366/1905/6 1364/2524/6 1363/2527/6
f 1364/2503/1 1360/2502/1 1359/2528/1
f 1365/2530/7 1363/8097/7 1359/2531/7
f 1362/2533/26 1360/8098/26 1364/2534/26
f 1368/2202/1 1370/2201/1 1369/2535/1
f 1370/2536/2 1374/2231/2 1373/2232/2
f 1374/2538/5 1372/8099/5 1371/2539/5
f 1372/2541/6 1368/2536/6 1367/2537/6
f 1373/2543/7 1371/8100/7 1367/2544/7
f 1370/2546/26 1368/1610/26 1372/2547/26
f 1376/2549/2 1378/8101/2 1377/2550/2
f 1378/1270/5 1382/3099/5 1381/2552/5
f 1382/2553/6 1380/2547/6 1379/2554/6
f 1379/2556/1 1380/2299/1 1376/2298/1
f 1381/2558/7 1379/8102/7 1375/2559/7
f 1378/2279/26 1376/8103/26 1380/2561/26
f 1384/2562/1 1386/8104/1 1385/2545/1
f 1386/2564/2 1390/8071/2 1389/2335/2
f 1390/2566/5 1388/1721/5 1387/1723/5
f 1388/2568/6 1384/2541/6 1383/2542/6
f 1389/2570/7 1387/8105/7 1383/2571/7
f 1386/2573/26 1384/8106/26 1388/2574/26
f 1392/2576/2 1394/3923/2 1393/2577/2
f 1394/2579/5 1398/2607/5 1397/2580/5
f 1398/2582/6 1396/2577/6 1395/2583/6
f 1396/2529/1 1392/2528/1 1391/2584/1
f 1397/2586/7 1395/8107/7 1391/2587/7
f 1394/2589/26 1392/8108/26 1396/2590/26
f 1400/1599/1 1402/1522/1 1401/2592/1
f 1402/2594/2 1406/2597/2 1405/2595/2
f 1406/2596/5 1404/2313/5 1403/2315/5
f 1404/2597/6 1400/2622/6 1399/2598/6
f 1405/2599/7 1403/8109/7 1399/2600/7
f 1402/2602/26 1400/2081/26 1404/2603/26
f 1408/2605/2 1410/2538/2 1409/2540/2
f 1410/2607/5 1414/3204/5 1413/2608/5
f 1414/2609/6 1412/2605/6 1411/2606/6
f 1412/2585/1 1408/2584/1 1407/2611/1
f 1413/2613/7 1411/8110/7 1407/2614/7
f 1410/2616/26 1408/8111/26 1412/2617/26
f 1416/2619/1 1418/8112/1 1417/2620/1
f 1418/2622/2 1422/2627/2 1421/2623/2
f 1422/2624/5 1420/2636/5 1419/2625/5
f 1420/2627/6 1416/2663/6 1415/2628/6
f 1421/2629/7 1419/8113/7 1415/2630/7
f 1418/2575/26 1416/2574/26 1420/2632/26
f 1424/2634/5 1426/1137/5 1425/2635/5
f 1426/2637/6 1430/2091/6 1429/2093/6
f 1430/2639/1 1428/1739/1 1427/2444/1
f 1428/2641/2 1424/2637/2 1423/2638/2
f 1429/2643/7 1427/8114/7 1423/2644/7
f 1426/1556/26 1424/8115/26 1428/2646/26
f 1432/2219/2 1434/1962/2 1433/1963/2
f 1434/2648/5 1438/7956/5 1437/2649/5
f 1438/2106/6 1436/2105/6 1435/2650/6
f 1436/2652/1 1432/3091/1 1431/2653/1
f 1437/2655/7 1435/8116/7 1431/2656/7
f 1434/2658/26 1432/8117/26 1436/2659/26
f 1440/1749/5 1442/1583/5 1441/2660/5
f 1442/2002/6 1446/1490/6 1445/1492/6
f 1446/2661/1 1444/8118/1 1443/2662/1
f 1444/2663/2 1440/2711/2 1439/2664/2
f 1445/2665/7 1443/8119/7 1439/2666/7
f 1442/2668/26 1440/2214/26 1444/2099/26
f 1448/2090/2 1450/1432/2 1449/2236/2
f 1450/1801/5 1454/1800/5 1453/2669/5
f 1454/2368/6 1452/2262/6 1451/2670/6
f 1452/2672/1 1448/3132/1 1447/2673/1
f 1453/2675/7 1451/8120/7 1447/2676/7
f 1450/2677/26 1448/8121/26 1452/2678/26
f 1456/1394/5 1458/1393/5 1457/2281/5
f 1458/2681/6 1462/2435/6 1461/2436/6
f 1462/2683/1 1460/2874/1 1459/2684/1
f 1460/2686/2 1456/2681/2 1455/2682/2
f 1461/2688/7 1459/8122/7 1455/2689/7
f 1458/2691/26 1456/8123/26 1460/2692/26
f 1464/2693/2 1466/3074/2 1465/2694/2
f 1465/2696/5 1466/2430/5 1470/2431/5
f 1470/2698/6 1468/2908/6 1467/2699/6
f 1468/1419/1 1464/1418/1 1463/2701/1
f 1469/2703/7 1467/8124/7 1463/2704/7
f 1466/2706/26 1464/8125/26 1468/2707/26
f 1472/2709/5 1474/5947/5 1473/2710/5
f 1474/2711/6 1478/2714/6 1477/2712/6
f 1478/1368/1 1476/1367/1 1475/2713/1
f 1476/2714/2 1472/2788/2 1471/2715/2
f 1477/2716/7 1475/8126/7 1471/2717/7
f 1474/1594/26 1472/8127/26 1476/2719/26
f 1480/2721/2 1482/7881/2 1481/2722/2
f 1482/2724/5 1486/8128/5 1485/2568/5
f 1486/1714/6 1484/8129/6 1483/2188/6
f 1484/2726/1 1480/3292/1 1479/2727/1
f 1485/2729/7 1483/8130/7 1479/2730/7
f 1482/2732/26 1480/2197/26 1484/2360/26
f 1488/2734/5 1490/677/5 1489/2735/5
f 1490/2736/6 1494/8128/6 1493/2724/6
f 1494/2738/1 1492/1162/1 1491/2739/1
f 1492/2740/2 1488/2736/2 1487/2737/2
f 1493/2742/7 1491/8131/7 1487/2743/7
f 1490/2745/26 1488/8132/26 1492/2746/26
f 1496/1989/2 1498/1988/2 1497/2325/2
f 1498/2749/5 1502/8133/5 1501/1724/5
f 1502/2748/6 1500/2325/6 1499/2750/6
f 1500/2728/1 1496/2727/1 1495/2752/1
f 1501/2754/7 1499/8134/7 1495/2755/7
f 1498/2601/26 1496/8135/26 1500/2757/26
f 1504/2759/5 1506/330/5 1505/2760/5
f 1506/2761/6 1510/2696/6 1509/2697/6
f 1510/2256/1 1508/2255/1 1507/2763/1
f 1508/2765/2 1504/2761/2 1503/2762/2
f 1509/2767/7 1507/8136/7 1503/2768/7
f 1506/2770/26 1504/8137/26 1508/2771/26
f 1512/2773/2 1514/2374/2 1513/2774/2
f 1514/2776/5 1518/2921/5 1517/2777/5
f 1518/2778/6 1516/2773/6 1515/2775/6
f 1516/2753/1 1512/2752/1 1511/2780/1
f 1517/2782/7 1515/8138/7 1511/2783/7
f 1514/2157/26 1512/8139/26 1516/2785/26
f 1520/1284/5 1522/2760/5 1521/2787/5
f 1522/2788/6 1526/2792/6 1525/2789/6
f 1526/2790/1 1524/203/1 1523/2791/1
f 1524/2792/2 1520/2840/2 1519/2793/2
f 1525/2794/7 1523/8140/7 1519/2795/7
f 1522/1438/26 1520/1437/26 1524/2797/26
f 1528/2798/2 1530/2474/2 1529/2475/2
f 1530/2800/5 1534/8141/5 1533/2740/5
f 1534/2801/6 1532/8142/6 1531/2802/6
f 1532/2477/1 1528/2476/1 1527/2804/1
f 1533/2806/7 1531/8143/7 1527/2807/7
f 1530/2809/26 1528/8144/26 1532/2810/26
f 1536/2811/5 1538/1537/5 1537/2812/5
f 1538/2814/6 1542/2564/6 1541/2565/6
f 1542/2816/1 1540/1463/1 1539/2817/1
f 1540/2819/2 1536/2814/2 1535/2815/2
f 1541/2821/7 1539/8145/7 1535/2822/7
f 1538/2824/26 1536/8146/26 1540/2825/26
f 1544/2297/2 1546/2296/2 1545/1298/2
f 1546/2147/5 1550/8028/5 1549/2086/5
f 1550/2827/6 1548/1501/6 1547/2828/6
f 1548/2556/1 1544/2557/1 1543/2830/1
f 1549/2832/7 1547/8147/7 1543/2833/7
f 1546/1608/26 1544/8148/26 1548/2835/26
f 1552/2837/5 1554/8149/5 1553/2838/5
f 1554/2840/6 1558/2844/6 1557/2841/6
f 1558/2311/1 1556/2310/1 1555/2842/1
f 1556/2844/2 1552/8150/2 1551/2845/2
f 1557/2846/7 1555/8151/7 1551/2847/7
f 1554/2849/26 1552/2670/26 1556/2262/26
f 1560/2850/2 1562/2721/2 1561/2723/2
f 1562/2845/5 1566/8150/5 1565/2852/5
f 1566/2854/6 1564/902/6 1563/2855/6
f 1564/2612/1 1560/2611/1 1559/2857/1
f 1565/2859/7 1563/8152/7 1559/2860/7
f 1562/2862/26 1560/8153/26 1564/2199/26
f 1568/2864/5 1570/2658/5 1569/2396/5
f 1570/2852/6 1574/2869/6 1573/2866/6
f 1574/2867/1 1572/2985/1 1571/2868/1
f 1572/2869/2 1568/8154/2 1567/2870/2
f 1573/2871/7 1571/8155/7 1567/2872/7
f 1570/2874/26 1568/8101/26 1572/2875/26
f 1576/2877/2 1578/2616/2 1577/2878/2
f 1578/2765/5 1582/2766/5 1581/2880/5
f 1582/2882/6 1580/8156/6 1579/2883/6
f 1580/2858/1 1576/2857/1 1575/2885/1
f 1581/2887/7 1579/8157/7 1575/2888/7
f 1578/2293/26 1576/8158/26 1580/2890/26
f 1584/2892/2 1586/2634/2 1585/2636/2
f 1586/2893/5 1590/8159/5 1589/2894/5
f 1590/2896/6 1588/1737/6 1587/1739/6
f 1588/1385/1 1584/1384/1 1583/2897/1
f 1589/2898/7 1587/8160/7 1583/2899/7
f 1586/2901/26 1584/8161/26 1588/2902/26
f 1592/2903/2 1594/3248/2 1593/2904/2
f 1594/2906/5 1598/2245/5 1597/2244/5
f 1598/2908/6 1596/1596/6 1595/2909/6
f 1596/2910/1 1592/3007/1 1591/2911/1
f 1597/2913/7 1595/8162/7 1591/2914/7
f 1594/2916/26 1592/2943/26 1596/1263/26
f 1600/2918/5 1602/589/5 1601/2919/5
f 1602/1795/6 1606/1794/6 1605/2921/6
f 1606/2640/1 1604/2444/1 1603/2922/1
f 1604/2924/2 1600/1950/2 1599/1951/2
f 1605/2926/7 1603/8163/7 1599/2927/7
f 1602/2929/26 1600/8164/26 1604/2930/26
f 1608/2931/2 1610/1763/2 1609/2932/2
f 1610/2934/5 1614/8165/5 1613/2935/5
f 1614/2651/6 1612/2650/6 1611/2937/6
f 1612/2938/1 1608/8166/1 1607/2939/1
f 1613/2940/7 1611/8167/7 1607/2941/7
f 1610/2943/26 1608/8168/26 1612/2944/26
f 1616/1162/5 1618/2583/5 1617/2945/5
f 1618/2946/6 1622/2950/6 1621/2881/6
f 1622/2843/1 1620/2842/1 1619/2947/1
f 1620/2949/2 1616/2970/2 1615/2950/2
f 1621/2951/7 1619/8169/7 1615/2952/7
f 1618/1282/26 1616/1281/26 1620/2214/26
f 1624/2954/2 1626/2270/2 1625/2955/2
f 1626/2035/5 1630/8133/5 1629/2749/5
f 1630/2957/6 1628/2271/6 1627/2958/6
f 1628/2960/1 1624/2986/1 1623/2961/1
f 1629/2962/7 1627/8170/7 1623/2963/7
f 1626/2965/26 1624/8171/26 1628/2966/26
f 1632/2739/5 1634/2945/5 1633/2968/5
f 1634/2969/6 1638/2974/6 1637/2970/6
f 1638/2971/1 1636/8172/1 1635/2972/1
f 1636/2973/2 1632/8173/2 1631/2974/2
f 1637/2975/7 1635/8174/7 1631/2976/7
f 1634/2978/26 1632/8175/26 1636/2979/26
f 1640/2980/2 1642/613/2 1641/2981/2
f 1642/2870/5 1646/8154/5 1645/2983/5
f 1646/2985/6 1644/2980/6 1643/2982/6
f 1644/2912/1 1640/2911/1 1639/2986/1
f 1645/2987/7 1643/8176/7 1639/2988/7
f 1642/2990/26 1640/1501/26 1644/1503/26
f 1648/2991/5 1650/2265/5 1649/2992/5
f 1650/2994/6 1654/8177/6 1653/2995/6
f 1654/2997/1 1652/2566/1 1651/2567/1
f 1652/1235/2 1648/7992/2 1647/1799/2
f 1653/2999/7 1651/8178/7 1647/3000/7
f 1650/1997/26 1648/1996/26 1652/3002/26
f 1656/3004/6 1658/1697/6 1657/1699/6
f 1658/3006/1 1662/8179/1 1661/3007/1
f 1662/3008/2 1660/3004/2 1659/3005/2
f 1660/3009/5 1656/2924/5 1655/2925/5
f 1661/3011/7 1659/8180/7 1655/3012/7
f 1658/3014/26 1656/8181/26 1660/3015/26
f 1664/3017/5 1666/7787/5 1665/3018/5
f 1666/3020/6 1670/8173/6 1669/2973/6
f 1670/3019/1 1668/3018/1 1667/3022/1
f 1668/3023/2 1664/3057/2 1663/1347/2
f 1669/3024/7 1667/2510/7 1663/3025/7
f 1666/2891/26 1664/8182/26 1668/3027/26
f 1672/2909/6 1674/1595/6 1673/3029/6
f 1674/2059/1 1678/2058/1 1677/3030/1
f 1678/2069/2 1676/2787/2 1675/3032/2
f 1676/2984/5 1672/2983/5 1671/3033/5
f 1677/3035/7 1675/8183/7 1671/3036/7
f 1674/3038/26 1672/5327/26 1676/3039/26
f 1680/3041/5 1682/8184/5 1681/3042/5
f 1682/3033/6 1686/8185/6 1685/3044/6
f 1686/1572/1 1684/8186/1 1683/3045/1
f 1684/2996/2 1680/2995/2 1679/3046/2
f 1685/3048/7 1683/8187/7 1679/3049/7
f 1682/3051/26 1680/8188/26 1684/3052/26
f 1688/3054/6 1690/1290/6 1689/3055/6
f 1690/3031/1 1694/3030/1 1693/3057/1
f 1694/3058/2 1692/2269/2 1691/2271/2
f 1692/3044/5 1688/8185/5 1687/3059/5
f 1693/3061/7 1691/2022/7 1687/3062/7
f 1690/1791/26 1688/1526/26 1692/1361/26
f 1696/2070/5 1698/2069/5 1697/2119/5
f 1698/3060/6 1702/3059/6 1701/3064/6
f 1702/3066/1 1700/384/1 1699/2747/1
f 1700/3047/2 1696/3046/2 1695/3067/2
f 1701/3068/7 1699/8189/7 1695/3069/7
f 1698/3071/26 1696/8190/26 1700/3072/26
f 1704/3074/2 1706/2590/2 1705/3075/2
f 1706/3076/5 1710/2686/5 1709/2687/5
f 1710/3077/6 1708/309/6 1707/3078/6
f 1708/2674/1 1704/2673/1 1703/3080/1
f 1709/3081/7 1707/8191/7 1703/3082/7
f 1706/3084/26 1704/8192/26 1708/2296/26
f 1712/3086/2 1714/1319/2 1713/1321/2
f 1714/2935/5 1718/8165/5 1717/2392/5
f 1718/3088/6 1716/8193/6 1715/3089/6
f 1716/1481/1 1712/1480/1 1711/3091/1
f 1717/3092/7 1715/8194/7 1711/3093/7
f 1714/3095/26 1712/8195/26 1716/3096/26
f 1720/3098/2 1722/1998/2 1721/2000/2
f 1722/3099/5 1726/1718/5 1725/1720/5
f 1726/2165/6 1724/2000/6 1723/2005/6
f 1724/3100/1 1720/8196/1 1719/3101/1
f 1725/3103/7 1723/8197/7 1719/3104/7
f 1722/3106/26 1720/2296/26 1724/3107/26
f 1728/2884/2 1730/2883/2 1729/3109/2
f 1730/2460/5 1734/8166/5 1733/2938/5
f 1734/3111/6 1732/3088/6 1731/3090/6
f 1732/2702/1 1728/2701/1 1727/3113/1
f 1733/3115/7 1731/8198/7 1727/3116/7
f 1730/2731/26 1728/8199/26 1732/3118/26
f 1736/3120/2 1738/1213/2 1737/1215/2
f 1738/2472/5 1742/8087/5 1741/2641/5
f 1742/3122/6 1740/8200/6 1739/2582/6
f 1740/1324/1 1736/1323/1 1735/2934/1
f 1741/3123/7 1739/8201/7 1735/3124/7
f 1738/1230/26 1736/1229/26 1740/3125/26
f 1744/3126/2 1746/2142/2 1745/3127/2
f 1746/1512/5 1750/7943/5 1749/2525/5
f 1750/3129/6 1748/2143/6 1747/3130/6
f 1748/3114/1 1744/3113/1 1743/3132/1
f 1749/3133/7 1747/8202/7 1743/3134/7
f 1746/3136/26 1744/8203/26 1748/3137/26
f 1752/3139/2 1754/8204/2 1753/3140/2
f 1754/3142/5 1758/3152/5 1757/1574/5
f 1758/2325/6 1756/1859/6 1755/1914/6
f 1756/2370/1 1752/2369/1 1751/3144/1
f 1757/3145/7 1755/8205/7 1751/3146/7
f 1754/3148/26 1752/1454/26 1756/1410/26
f 1760/3149/2 1762/3129/2 1761/3131/2
f 1762/3151/5 1766/8029/5 1765/3152/5
f 1766/3153/6 1764/2677/6 1763/3154/6
f 1764/2886/1 1760/2885/1 1759/3156/1
f 1765/3158/7 1763/8206/7 1759/3159/7
f 1762/2464/26 1760/8207/26 1764/3161/26
f 1768/1522/5 1770/1521/5 1769/3163/5
f 1770/3164/6 1774/3020/6 1773/3021/6
f 1774/1457/1 1772/8208/1 1771/3166/1
f 1772/1165/2 1768/3009/2 1767/3010/2
f 1773/3167/7 1771/8209/7 1767/3168/7
f 1770/3170/26 1768/8210/26 1772/2839/26
f 1776/1969/5 1778/3218/5 1777/3171/5
f 1778/3065/6 1782/3064/6 1781/3172/6
f 1782/1337/1 1780/1336/1 1779/3174/1
f 1780/3172/2 1776/3242/2 1775/3175/2
f 1781/3176/7 1779/8211/7 1775/3177/7
f 1778/1343/26 1776/1342/26 1780/3179/26
f 1784/3180/2 1786/2801/2 1785/2803/2
f 1786/3182/5 1790/2499/5 1789/2500/5
f 1790/3184/6 1788/3180/6 1787/3181/6
f 1788/2805/1 1784/2804/1 1783/3186/1
f 1789/3188/7 1787/8212/7 1783/3189/7
f 1786/1998/26 1784/2706/26 1788/3190/26
f 1792/3191/2 1794/8213/2 1793/2397/2
f 1794/3192/5 1798/3182/5 1797/3183/5
f 1798/1775/6 1796/3174/6 1795/3193/6
f 1796/3187/1 1792/3186/1 1791/3194/1
f 1797/3196/7 1795/8214/7 1791/3197/7
f 1794/3199/26 1792/8215/26 1796/3200/26
f 1800/3201/2 1802/8216/2 1801/3202/2
f 1802/3204/5 1806/8196/5 1805/3100/5
f 1806/3205/6 1804/8217/6 1803/3206/6
f 1804/3157/1 1800/3156/1 1799/3208/1
f 1805/3210/7 1803/8218/7 1799/3211/7
f 1802/3213/26 1800/8219/26 1804/3214/26
f 1808/3215/2 1810/8220/2 1809/3216/2
f 1810/1832/5 1814/3164/5 1813/3165/5
f 1814/1971/6 1812/3163/6 1811/3218/6
f 1812/3195/1 1808/3194/1 1807/3219/1
f 1813/3220/7 1811/8221/7 1807/3221/7
f 1810/1682/26 1808/1681/26 1812/3223/26
f 1816/2146/2 1818/3125/2 1817/1229/2
f 1818/3226/5 1822/2893/5 1821/2895/5
f 1822/3227/6 1820/8222/6 1819/3228/6
f 1820/3229/1 1816/8223/1 1815/3230/1
f 1821/3231/7 1819/8224/7 1815/3232/7
f 1818/3234/26 1816/8225/26 1820/3235/26
f 1827/1265/26 1829/2331/26 1825/3237/26
f 1824/3239/7 1826/2965/7 1830/3240/7
f 1825/3242/5 1829/3260/5 1830/3243/5
f 1823/3244/2 1825/2854/2 1826/2856/2
f 1827/3209/1 1823/3208/1 1824/3246/1
f 1829/3248/6 1827/3077/6 1828/3079/6
f 1832/2081/2 1834/3171/2 1833/3249/2
f 1834/2117/5 1838/2819/5 1837/2820/5
f 1838/3250/6 1836/8226/6 1835/3251/6
f 1836/2446/1 1832/8083/1 1831/3252/1
f 1837/3253/7 1835/8227/7 1831/3254/7
f 1834/3256/26 1832/2009/26 1836/3040/26
f 1840/3257/2 1842/2745/2 1841/3258/2
f 1842/3260/5 1846/3288/5 1845/3261/5
f 1846/3262/6 1844/8228/6 1843/1774/6
f 1844/3247/1 1840/3246/1 1839/2579/1
f 1845/3263/7 1843/8229/7 1839/3264/7
f 1842/3266/26 1840/8230/26 1844/3267/26
f 1848/1474/2 1850/2005/2 1849/2057/2
f 1850/3269/5 1854/2365/5 1853/2366/5
f 1854/2215/6 1852/2057/6 1851/2061/6
f 1852/3102/1 1848/3101/1 1847/3271/1
f 1853/3272/7 1851/8231/7 1847/3273/7
f 1850/2733/26 1848/2360/26 1852/3275/26
f 1856/3277/2 1858/2809/2 1857/3278/2
f 1858/2907/5 1862/3269/5 1861/3270/5
f 1862/2301/6 1860/2197/6 1859/2199/6
f 1860/2781/1 1856/2780/1 1855/3281/1
f 1861/3283/7 1859/8232/7 1855/3284/7
f 1858/2861/26 1856/8233/26 1860/3286/26
f 1864/2865/2 1866/2396/2 1865/1737/2
f 1866/3288/5 1870/7994/5 1869/1811/5
f 1870/3289/6 1868/8234/6 1867/3290/6
f 1868/2654/1 1864/2653/1 1863/3292/1
f 1869/3293/7 1867/8235/7 1863/3294/7
f 1866/1775/26 1864/1774/26 1868/3296/26
f 1873/3298/1 1872/7833/1 1871/3299/1
f 1874/3301/2 1878/5937/2 1877/3302/2
f 1873/3304/7 1877/8236/7 1876/3305/7
f 1876/3307/1 1880/1074/1 1879/3308/1
f 1877/3310/1 1878/3313/1 1882/3311/1
f 1875/3309/1 1879/3308/1 1882/3311/1
f 1877/3310/1 1881/3312/1 1880/1074/1
f 1871/3314/26 1875/5950/26 1878/3315/26
f 1872/3317/6 1876/8237/6 1875/3318/6
f 1884/3320/82 1995/8238/82 1994/3321/82
f 1946/3323/83 1996/3326/83 1995/3324/83
f 1946/3323/84 1906/3884/84 1994/3325/84
f 1903/3327/86 1998/8239/86 1997/3328/86
f 1946/3323/91 1999/3333/91 1998/3330/91
f 1946/3323/88 1884/924/89 1997/3332/89
f 1945/3334/83 1992/3338/103 2001/3335/90
f 1933/3337/84 2002/3340/84 2001/3335/84
f 1933/3337/92 1993/3341/93 2003/3339/93
f 1945/3334/96 2000/3336/96 2003/3339/96
f 1903/3331/83 1991/3344/90 2005/3342/90
f 1945/3334/84 2006/3346/84 2005/3342/84
f 1945/3334/92 1946/3323/93 2007/3345/89
f 1903/3331/96 2004/3343/96 2007/3345/96
f 1907/3347/86 2009/8240/86 2008/3348/86
f 1947/3350/339 2010/3354/339 2009/3351/339
f 1947/3350/88 1887/3821/89 2008/3353/89
f 1944/3355/83 1989/3359/83 2012/3356/83
f 1931/3358/84 2013/3361/84 2012/3356/84
f 1931/3358/92 1990/3362/92 2014/3360/92
f 1944/3355/96 2011/3357/96 2014/3360/96
f 1907/3352/83 1988/3365/83 2016/3363/83
f 1944/3355/84 2017/3367/84 2016/3363/84
f 1944/3355/92 1947/3350/92 2018/3366/92
f 1907/3352/96 2015/3364/96 2018/3366/96
f 1888/3368/86 1908/8241/86 2020/3369/86
f 1948/3371/91 2021/3375/91 2020/3372/91
f 1948/3371/93 1888/3788/92 2019/3374/92
f 1943/3376/83 1986/3380/98 2023/3377/98
f 1929/3379/84 2024/3382/84 2023/3377/84
f 1929/3379/92 1987/3383/93 2025/3381/89
f 1943/3376/96 2022/3378/96 2025/3381/96
f 1908/3373/83 1985/3386/83 2027/3384/83
f 1943/3376/84 2028/3388/84 2027/3384/84
f 1943/3376/92 1948/3371/89 2029/3387/89
f 1908/3373/96 2026/3385/96 2029/3387/96
f 1909/3389/161 2031/8242/161 2030/3390/161
f 1949/3392/91 2032/3396/91 2031/3393/91
f 1949/3392/93 1889/3791/92 2030/3395/92
f 1942/3397/83 1983/3401/103 2034/3398/90
f 1927/3400/84 2035/3403/84 2034/3398/84
f 1927/3400/92 1984/3404/93 2036/3402/89
f 1942/3397/96 2033/3399/96 2036/3402/96
f 1909/3394/83 1982/3407/90 2038/3405/90
f 1942/3397/84 2039/3409/84 2038/3405/84
f 1942/3397/92 1949/3392/89 2040/3408/89
f 1909/3394/96 2037/3406/96 2040/3408/96
f 1941/3410/83 1980/3414/90 2042/3411/90
f 1911/3413/84 2043/3416/84 2042/3411/84
f 1911/3413/92 1981/3417/89 2044/3415/89
f 1941/3410/96 2041/3412/96 2044/3415/96
f 1926/3418/99 1979/3421/90 2046/3419/90
f 1941/3410/113 2047/3423/113 2046/3419/113
f 1941/3410/92 1950/3424/93 2048/3422/89
f 1926/3418/169 2045/3420/169 2048/3422/169
f 1940/3425/83 1977/3428/103 2050/3426/90
f 1926/3418/84 2051/3430/84 2050/3426/84
f 1926/3418/92 1978/3431/89 2052/3429/89
f 1940/3425/96 2049/3427/96 2052/3429/96
f 1927/3400/101 1976/3434/101 2054/3432/101
f 1940/3425/84 2055/3436/84 2054/3432/84
f 1940/3425/92 1951/3437/93 2056/3435/89
f 1927/3400/169 2053/3433/169 2056/3435/169
f 1939/3438/83 1974/3442/83 2058/3439/83
f 1912/3441/84 2059/3444/84 2058/3439/84
f 1912/3441/92 1975/3445/89 2060/3443/89
f 1939/3438/96 2057/3440/96 2060/3443/96
f 1928/3446/103 1973/3449/83 2062/3447/83
f 1939/3438/85 2063/3451/85 2062/3447/85
f 1939/3438/92 1952/3452/93 2064/3450/89
f 1928/3446/169 2061/3448/169 2064/3450/169
f 1938/3453/83 1971/3456/98 2066/3454/98
f 1928/3446/84 2067/3458/84 2066/3454/84
f 1928/3446/92 1972/3459/89 2068/3457/89
f 1938/3453/96 2065/3455/96 2068/3457/96
f 1929/3379/103 1970/3462/83 2070/3460/83
f 1938/3453/340 2071/3464/340 2070/3460/340
f 1938/3453/92 1953/3465/93 2072/3463/89
f 1929/3379/169 2069/3461/169 2072/3463/169
f 1937/3466/83 1968/3470/83 2074/3467/83
f 1904/3469/84 2075/3472/84 2074/3467/84
f 1904/3469/92 1969/3473/92 2076/3471/92
f 1937/3466/96 2073/3468/96 2076/3471/96
f 1930/3474/103 1967/3477/83 2078/3475/83
f 1937/3466/113 2079/3479/113 2078/3475/113
f 1937/3466/104 1954/3480/92 2080/3478/92
f 1930/3474/169 2077/3476/169 2080/3478/169
f 1936/3481/83 1965/3484/83 2082/3482/83
f 1930/3474/84 2083/3486/84 2082/3482/84
f 1930/3474/92 1966/3487/92 2084/3485/92
f 1936/3481/96 2081/3483/96 2084/3485/96
f 1931/3358/101 1964/3490/83 2086/3488/83
f 1936/3481/84 2087/3492/84 2086/3488/84
f 1936/3481/92 1955/3493/92 2088/3491/92
f 1931/3358/169 2085/3489/169 2088/3491/169
f 1895/3494/82 2090/8243/82 2089/3495/82
f 1956/3497/114 2091/3501/114 2090/3498/114
f 1956/3497/85 1918/3570/84 2089/3500/85
f 1935/3502/83 1962/3506/90 2093/3503/90
f 1910/3505/84 2094/3508/84 2093/3503/84
f 1910/3505/92 1963/3509/89 2095/3507/89
f 1935/3502/96 2092/3504/96 2095/3507/96
f 1932/3510/99 1961/3513/90 2097/3511/90
f 1935/3502/97 2098/3515/97 2097/3511/97
f 1935/3502/92 1956/3497/93 2099/3514/92
f 1932/3510/169 2096/3512/169 2099/3514/169
f 1896/3516/82 2101/8244/82 2100/3517/82
f 1957/3519/83 2102/3523/83 2101/3520/83
f 1957/3519/84 1919/3534/84 2100/3522/84
f 1934/3524/83 1959/3527/103 2104/3525/90
f 1932/3510/84 2105/3529/84 2104/3525/84
f 1932/3510/92 1960/3530/89 2106/3528/89
f 1934/3524/96 2103/3526/96 2106/3528/96
f 1960/3530/113 2108/3533/113 2107/3531/113
f 1960/3530/92 1919/3534/93 2109/3532/89
f 1957/3519/96 2110/3535/96 2109/3532/96
f 1957/3519/83 1934/3524/83 2107/3531/83
f 1979/3421/84 2112/3539/84 2111/3536/84
f 1979/3421/92 1926/3418/89 2113/3538/89
f 1977/3428/94 2114/3540/94 2113/3538/94
f 1977/3428/103 1899/3537/90 2111/3536/103
f 1958/3541/339 2116/3545/339 2115/3542/339
f 1958/3541/93 1933/3337/92 2117/3544/92
f 1992/3338/341 2118/3546/341 2117/3544/341
f 1992/3338/83 1902/3543/103 2115/3542/103
f 1950/3424/84 2120/3549/84 2119/3547/84
f 1950/3424/92 1901/3550/92 2121/3548/92
f 1978/3431/169 2122/3551/169 2121/3548/169
f 1978/3431/103 1926/3418/83 2119/3547/83
f 1957/3519/339 2124/3554/339 2123/3552/339
f 1957/3519/108 1896/3521/108 2125/3553/108
f 1993/3341/96 2126/3555/96 2125/3553/96
f 1993/3341/83 1933/3337/83 2123/3552/83
f 1895/3556/82 1919/8245/82 2128/3557/82
f 1960/3530/114 2129/3561/114 2128/3559/114
f 1960/3530/84 1895/3499/84 2127/3560/84
f 1959/3527/97 2131/3565/97 2130/3562/97
f 1959/3527/104 1934/3524/92 2132/3564/92
f 1958/3541/96 2133/3566/96 2132/3564/96
f 1958/3541/83 1925/3563/103 2130/3562/90
f 1963/3509/84 2135/3569/84 2134/3567/84
f 1963/3509/92 1918/3570/89 2136/3568/89
f 1956/3497/96 2137/3571/96 2136/3568/96
f 1956/3497/83 1935/3502/83 2134/3567/83
f 1902/3543/101 1951/3437/83 2139/3572/83
f 1925/3563/84 2140/3575/84 2139/3572/84
f 1925/3563/92 1958/3541/104 2141/3574/92
f 1902/3543/169 2138/3573/169 2141/3574/169
f 1910/3391/109 2143/8246/109 2142/3576/109
f 1962/3506/94 2144/3579/94 2143/3577/94
f 1962/3506/90 1890/3741/83 2142/3578/83
f 1925/3563/83 1978/3431/83 2146/3580/83
f 1901/3550/84 2147/3583/84 2146/3580/84
f 1901/3550/92 1959/3527/92 2148/3582/92
f 1925/3563/96 2145/3581/96 2148/3582/96
f 1885/3584/109 2150/8247/109 2149/3585/109
f 1963/3509/95 2151/3589/95 2150/3587/95
f 1963/3509/90 1910/3505/83 2149/3588/83
f 1885/3590/82 1918/8248/82 2153/3591/82
f 1963/3509/114 2154/3595/114 2153/3593/114
f 1963/3509/84 1885/317/87 2152/3594/87
f 1962/3506/84 2156/3599/84 2155/3596/84
f 1962/3506/92 1935/3502/92 2157/3598/92
f 1961/3513/96 2158/3600/96 2157/3598/96
f 1961/3513/83 1924/3597/103 2155/3596/90
f 1966/3487/113 2160/3603/113 2159/3601/113
f 1966/3487/104 1921/3604/105 2161/3602/105
f 1955/3493/96 2162/3605/96 2161/3602/96
f 1955/3493/83 1936/3481/103 2159/3601/90
f 1893/3606/112 1917/8249/112 2164/3607/112
f 1964/3490/108 2165/3612/108 2164/3609/108
f 1964/3490/102 1893/3614/96 2163/3611/96
f 1964/3490/91 2167/3616/91 2166/3613/91
f 1964/3490/89 1931/3358/92 2168/3615/92
f 1989/3359/96 2169/3617/96 2168/3615/96
f 1989/3359/83 1893/3614/83 2166/3613/83
f 1894/3618/112 2171/8250/112 2170/3619/112
f 1965/3484/108 2172/3624/108 2171/3621/108
f 1965/3484/95 1917/3610/96 2170/3623/96
f 1955/3493/87 2174/3627/87 2173/3625/87
f 1955/3493/89 1898/3628/92 2175/3626/92
f 1990/3362/341 2176/3629/341 2175/3626/341
f 1990/3362/83 1931/3358/103 2173/3625/103
f 1965/3484/113 2178/3632/113 2177/3630/113
f 1965/3484/105 1936/3481/92 2179/3631/92
f 1964/3490/96 2180/3633/96 2179/3631/96
f 1964/3490/83 1917/3610/83 2177/3630/83
f 1969/3473/84 2182/3636/84 2181/3634/84
f 1969/3473/92 1920/3637/92 2183/3635/92
f 1954/3480/96 2184/3638/96 2183/3635/96
f 1954/3480/83 1937/3466/103 2181/3634/90
f 1894/3639/112 1905/8251/112 2186/3640/112
f 1967/3477/108 2187/3645/108 2186/3642/108
f 1967/3477/102 1894/3622/95 2185/3644/95
f 1886/3646/109 1904/8252/109 2189/3647/109
f 1968/3470/94 2190/3651/94 2189/3649/94
f 1968/3470/90 1886/3656/83 2188/3650/83
f 1886/3652/112 2192/8253/112 2191/3653/112
f 1968/3470/108 2193/3658/108 2192/3655/108
f 1968/3470/95 1905/3643/96 2191/3657/96
f 1904/3659/109 1892/8254/109 2195/3660/109
f 1969/3473/94 2196/3665/94 2195/3662/342
f 1969/3473/90 1904/3469/83 2194/3664/83
f 1968/3470/84 2198/3668/84 2197/3666/84
f 1968/3470/92 1937/3466/92 2199/3667/92
f 1967/3477/96 2200/3669/96 2199/3667/96
f 1967/3477/83 1905/3643/98 2197/3666/98
f 1972/3459/85 2202/3672/85 2201/3670/85
f 1972/3459/105 1923/3673/92 2203/3671/92
f 1953/3465/96 2204/3674/96 2203/3671/96
f 1953/3465/83 1938/3453/114 2201/3670/114
f 1899/3537/101 1952/3452/83 2206/3675/83
f 1922/3677/97 2207/3679/97 2206/3675/97
f 1922/3677/104 1979/3421/92 2208/3678/92
f 1899/3537/94 2205/3676/94 2208/3678/94
f 1970/3462/87 2210/3682/87 2209/3680/87
f 1970/3462/89 1929/3379/89 2211/3681/89
f 1986/3380/96 2212/3683/96 2211/3681/96
f 1986/3380/83 1898/3628/83 2209/3680/83
f 1922/3677/83 1975/3445/83 2214/3684/83
f 1891/3686/84 2215/3688/84 2214/3684/84
f 1891/3686/92 1980/3414/92 2216/3687/92
f 1922/3677/96 2213/3685/96 2216/3687/96
f 1953/3465/339 2218/3691/339 2217/3689/339
f 1953/3465/89 1900/3692/92 2219/3690/92
f 1987/3383/96 2220/3693/96 2219/3690/96
f 1987/3383/115 1929/3379/114 2217/3689/114
f 1971/3456/113 2222/3696/113 2221/3694/113
f 1971/3456/92 1938/3453/93 2223/3695/93
f 1970/3462/96 2224/3697/96 2223/3695/96
f 1970/3462/83 1921/3604/83 2221/3694/83
f 1975/3445/84 2226/3700/84 2225/3698/84
f 1975/3445/92 1922/3677/92 2227/3699/92
f 1952/3452/96 2228/3701/96 2227/3699/96
f 1952/3452/98 1939/3438/114 2225/3698/114
f 1898/3628/101 1955/3493/101 2230/3702/101
f 1921/3604/84 2231/3705/84 2230/3702/84
f 1921/3604/92 1970/3462/92 2232/3704/92
f 1898/3628/169 2229/3703/169 2232/3704/169
f 1912/3706/109 2234/8255/109 2233/3707/109
f 1974/3442/94 2235/3711/94 2234/3709/94
f 1974/3442/90 1892/3663/83 2233/3710/83
f 1921/3604/83 1966/3487/103 2237/3712/90
f 1897/3714/84 2238/3716/84 2237/3712/84
f 1897/3714/92 1971/3456/92 2239/3715/92
f 1921/3604/96 2236/3713/96 2239/3715/96
f 1891/3717/109 2241/8256/109 2240/3718/109
f 1975/3445/94 2242/3722/94 2241/3720/94
f 1975/3445/103 1912/3441/343 2240/3721/114
f 1974/3442/84 2244/3725/84 2243/3723/84
f 1974/3442/92 1939/3438/93 2245/3724/89
f 1973/3449/96 2246/3726/96 2245/3724/96
f 1973/3449/83 1920/3637/83 2243/3723/83
f 1978/3431/113 2248/3729/113 2247/3727/113
f 1978/3431/105 1925/3563/92 2249/3728/92
f 1951/3437/96 2250/3730/96 2249/3728/96
f 1951/3437/83 1940/3425/83 2247/3727/83
f 1901/3550/103 1950/3424/83 2252/3731/83
f 1924/3597/113 2253/3734/113 2252/3731/113
f 1924/3597/104 1961/3513/105 2254/3733/105
f 1901/3550/169 2251/3732/169 2254/3733/169
f 1976/3434/339 2256/3737/339 2255/3735/339
f 1976/3434/108 1927/3400/108 2257/3736/108
f 1983/3401/96 2258/3738/96 2257/3736/96
f 1983/3401/83 1900/3692/103 2255/3735/103
f 1924/3597/83 1981/3417/83 2260/3739/83
f 1890/3741/84 2261/3743/84 2260/3739/84
f 1890/3741/92 1962/3506/92 2262/3742/92
f 1924/3597/96 2259/3740/96 2262/3742/96
f 1951/3437/339 2264/3746/339 2263/3744/339
f 1951/3437/108 1902/3543/92 2265/3745/92
f 1984/3404/96 2266/3747/96 2265/3745/96
f 1984/3404/83 1927/3400/83 2263/3744/83
f 1977/3428/97 2268/3750/97 2267/3748/97
f 1977/3428/92 1940/3425/93 2269/3749/89
f 1976/3434/96 2270/3751/96 2269/3749/96
f 1976/3434/83 1923/3673/103 2267/3748/90
f 1981/3417/84 2272/3754/84 2271/3752/84
f 1981/3417/92 1924/3597/92 2273/3753/92
f 1950/3424/96 2274/3755/96 2273/3753/96
f 1950/3424/83 1941/3410/83 2271/3752/83
f 1900/3692/101 1953/3465/83 2276/3756/83
f 1923/3673/84 2277/3759/84 2276/3756/84
f 1923/3673/92 1976/3434/92 2278/3758/92
f 1900/3692/169 2275/3757/169 2278/3758/169
f 1911/3760/109 2280/8257/109 2279/3761/109
f 1980/3414/95 2281/3765/95 2280/3763/95
f 1980/3414/90 1891/3686/83 2279/3764/83
f 1923/3673/83 1972/3459/83 2283/3766/83
f 1899/3537/84 2284/3769/84 2283/3766/84
f 1899/3537/92 1977/3428/92 2285/3768/92
f 1923/3673/96 2282/3767/96 2285/3768/96
f 1890/3770/109 2287/3786/109 2286/3771/109
f 1981/3417/94 2288/3775/94 2287/3773/94
f 1981/3417/103 1911/3413/114 2286/3774/83
f 1980/3414/84 2290/3778/84 2289/3776/84
f 1980/3414/92 1941/3410/89 2291/3777/89
f 1979/3421/96 2292/3779/96 2291/3777/96
f 1979/3421/83 1922/3677/103 2289/3776/90
f 1984/3404/340 2294/3782/340 2293/3780/340
f 1984/3404/92 1915/3783/92 2295/3781/92
f 1949/3392/96 2296/3784/96 2295/3781/96
f 1949/3392/83 1942/3397/83 2293/3780/83
f 1909/3785/86 1888/8258/86 2298/3771/86
f 1982/3407/339 2299/3790/339 2298/3787/339
f 1982/3407/88 1909/3394/108 2297/3789/108
f 1889/3791/83 1949/3392/83 2301/3792/83
f 1915/3783/84 2302/3795/84 2301/3792/84
f 1915/3783/92 1991/3344/92 2303/3794/92
f 1889/3791/96 2300/3793/96 2303/3794/96
f 1973/3449/84 2305/3798/84 2304/3796/84
f 1973/3449/92 1928/3446/89 2306/3797/89
f 1971/3456/94 2307/3799/94 2306/3797/94
f 1971/3456/103 1897/3714/83 2304/3796/90
f 1915/3783/83 1984/3404/83 2309/3800/83
f 1902/3543/84 2310/3803/84 2309/3800/84
f 1902/3543/92 1992/3338/105 2311/3802/104
f 1915/3783/96 2308/3801/96 2311/3802/96
f 1952/3452/84 2313/3806/84 2312/3804/84
f 1952/3452/92 1899/3537/92 2314/3805/92
f 1972/3459/94 2315/3807/94 2314/3805/94
f 1972/3459/103 1928/3446/114 2312/3804/98
f 1983/3401/84 2317/3811/84 2316/3808/84
f 1983/3401/92 1942/3397/93 2318/3810/93
f 1982/3407/96 2319/3812/96 2318/3810/96
f 1982/3407/83 1914/3809/90 2316/3808/90
f 1987/3383/91 2321/3815/91 2320/3813/91
f 1987/3383/92 1914/3809/92 2322/3814/92
f 1948/3371/96 2323/3816/96 2322/3814/96
f 1948/3371/83 1943/3376/114 2320/3813/114
f 1887/3817/86 2325/8259/86 2324/3818/86
f 1985/3386/339 2326/3823/339 2325/3820/339
f 1985/3386/93 1908/3373/92 2324/3822/89
f 1888/3788/83 1948/3371/83 2328/3824/83
f 1914/3809/84 2329/3827/84 2328/3824/84
f 1914/3809/92 1982/3407/92 2330/3826/92
f 1888/3788/96 2327/3825/96 2330/3826/96
f 1967/3477/84 2332/3830/84 2331/3828/84
f 1967/3477/92 1930/3474/92 2333/3829/92
f 1965/3484/94 2334/3831/94 2333/3829/94
f 1965/3484/103 1894/3622/83 2331/3828/83
f 1914/3809/83 1987/3383/83 2336/3832/83
f 1900/3692/84 2337/3835/84 2336/3832/84
f 1900/3692/92 1983/3401/92 2338/3834/92
f 1914/3809/96 2335/3833/96 2338/3834/96
f 1954/3480/84 2340/3838/84 2339/3836/84
f 1954/3480/92 1897/3714/92 2341/3837/92
f 1966/3487/94 2342/3839/94 2341/3837/94
f 1966/3487/103 1930/3474/90 2339/3836/103
f 1986/3380/84 2344/3843/84 2343/3840/84
f 1986/3380/92 1943/3376/93 2345/3842/93
f 1985/3386/96 2346/3844/96 2345/3842/96
f 1985/3386/83 1913/3841/83 2343/3840/83
f 1990/3362/84 2348/3847/84 2347/3845/84
f 1990/3362/92 1913/3841/105 2349/3846/104
f 1947/3350/96 2350/3848/96 2349/3846/96
f 1947/3350/83 1944/3355/90 2347/3845/90
f 1883/3849/86 2352/8260/86 2351/3850/86
f 1988/3365/339 2353/3855/339 2352/3852/339
f 1988/3365/93 1907/3352/92 2351/3854/92
f 1916/3856/112 2355/8261/112 2354/3857/112
f 1988/3365/108 2356/3862/108 2355/3859/108
f 1988/3365/102 1883/3853/96 2354/3861/96
f 1961/3513/84 2358/3865/84 2357/3863/84
f 1961/3513/92 1932/3510/92 2359/3864/92
f 1959/3527/94 2360/3866/94 2359/3864/94
f 1959/3527/103 1901/3550/90 2357/3863/103
f 1893/3867/112 2362/8262/112 2361/3868/112
f 1989/3359/108 2363/3872/108 2362/3870/108
f 1989/3359/95 1916/3860/96 2361/3871/96
f 1956/3497/84 2365/3875/84 2364/3873/84
f 1956/3497/92 1895/3499/108 2366/3874/108
f 1960/3530/169 2367/3876/169 2366/3874/169
f 1960/3530/103 1932/3510/83 2364/3873/83
f 1989/3359/340 2369/3879/340 2368/3877/340
f 1989/3359/92 1944/3355/92 2370/3878/92
f 1988/3365/96 2371/3880/96 2370/3878/96
f 1988/3365/83 1916/3860/83 2368/3877/83
f 1993/3341/84 2373/3883/84 2372/3881/84
f 1993/3341/92 1906/3884/93 2374/3882/89
f 1946/3323/96 2375/3885/96 2374/3882/96
f 1946/3323/83 1945/3334/83 2372/3881/83
f 1903/3886/86 1889/5589/86 2377/3887/86
f 1991/3344/339 2378/3891/339 2377/3889/339
f 1991/3344/93 1903/3331/89 2376/3890/89
f 1897/3714/99 1954/3480/90 2380/3892/90
f 1920/3637/97 2381/3895/97 2380/3892/97
f 1920/3637/104 1973/3449/92 2382/3894/92
f 1897/3714/169 2379/3893/169 2382/3894/169
f 1913/3841/83 1990/3362/103 2384/3896/90
f 1898/3628/84 2385/3899/84 2384/3896/84
f 1898/3628/92 1986/3380/92 2386/3898/92
f 1913/3841/96 2383/3897/96 2386/3898/96
f 1920/3637/83 1969/3473/90 2388/3900/90
f 1892/3663/84 2389/3903/84 2388/3900/84
f 1892/3663/92 1974/3442/92 2390/3902/92
f 1920/3637/96 2387/3901/96 2390/3902/96
f 1933/3337/101 1958/3541/101 2392/3904/101
f 1934/3524/84 2393/3907/84 2392/3904/84
f 1934/3524/92 1957/3519/93 2394/3906/93
f 1933/3337/169 2391/3905/169 2394/3906/169
f 1906/3908/82 2396/8263/82 2395/3909/82
f 1993/3341/98 2397/3913/98 2396/3911/98
f 1993/3341/85 1896/3521/84 2395/3912/84
f 1992/3338/84 2399/3916/84 2398/3914/84
f 1992/3338/92 1945/3334/92 2400/3915/92
f 1991/3344/96 2401/3917/96 2400/3915/96
f 1991/3344/83 1915/3783/90 2398/3914/90
f 1887/3821/83 1947/3350/90 2403/3918/90
f 1913/3841/84 2404/3921/84 2403/3918/84
f 1913/3841/92 1985/3386/92 2405/3920/92
f 1887/3821/96 2402/3919/96 2405/3920/96
f 2408/1082/2 2407/8264/2 2406/3922/2
f 2409/3924/5 2413/8265/5 2412/3925/5
f 2407/3927/7 2408/8266/7 2412/3928/7
f 2411/3930/2 2415/3936/2 2414/3931/2
f 2412/3933/2 2413/3935/2 2417/3934/2
f 2410/3932/2 2414/3931/2 2417/3934/2
f 2411/3930/2 2412/3933/2 2416/206/2
f 2406/3927/26 2410/8267/26 2413/3937/26
f 2407/3939/1 2411/98/1 2410/3940/1
f 2419/3942/137 2530/8268/137 2529/3943/137
f 2481/3945/129 2531/3949/129 2530/3946/129
f 2481/3945/119 2441/4511/120 2529/3948/120
f 2438/3950/122 2533/8269/122 2532/3951/122
f 2481/3945/120 2534/3956/120 2533/3953/120
f 2481/3945/124 2419/3947/124 2532/3955/124
f 2480/3957/118 2527/3961/118 2536/3958/118
f 2468/3960/120 2537/3963/120 2536/3958/120
f 2468/3960/124 2528/3964/124 2538/3962/124
f 2480/3957/125 2535/3959/125 2538/3962/125
f 2438/3954/126 2526/3967/118 2540/3965/118
f 2480/3957/120 2541/3969/120 2540/3965/120
f 2480/3957/124 2481/3945/124 2542/3968/124
f 2438/3954/149 2539/3966/149 2542/3968/149
f 2422/3970/122 2442/8270/122 2544/3971/122
f 2482/3973/120 2545/3977/120 2544/3974/120
f 2482/3973/124 2422/4448/124 2543/3976/124
f 2479/3978/118 2524/3982/118 2547/3979/118
f 2466/3981/120 2548/3984/120 2547/3979/344
f 2466/3981/124 2525/3985/124 2549/3983/124
f 2479/3978/125 2546/3980/125 2549/3983/125
f 2442/3975/126 2523/3988/118 2551/3986/118
f 2479/3978/120 2552/3990/120 2551/3986/120
f 2479/3978/124 2482/3973/124 2553/3989/124
f 2442/3975/149 2550/3987/149 2553/3989/149
f 2443/3991/122 2555/8271/122 2554/3992/122
f 2483/3994/120 2556/3998/120 2555/3995/120
f 2483/3994/124 2423/4415/124 2554/3997/124
f 2478/3999/118 2521/4003/118 2558/4000/118
f 2464/4002/120 2559/4005/120 2558/4000/120
f 2464/4002/124 2522/4006/124 2560/4004/124
f 2478/3999/125 2557/4001/125 2560/4004/125
f 2443/3996/126 2520/4009/118 2562/4007/118
f 2478/3999/120 2563/4011/120 2562/4007/120
f 2478/3999/124 2483/3994/124 2564/4010/124
f 2443/3996/149 2561/4008/149 2564/4010/149
f 2424/4012/122 2444/8272/122 2566/4013/122
f 2484/4015/120 2567/4019/120 2566/4016/120
f 2484/4015/124 2424/4418/128 2565/4018/128
f 2477/4020/118 2518/4024/129 2569/4021/129
f 2462/4023/120 2570/4026/120 2569/4021/120
f 2462/4023/124 2519/4027/124 2571/4025/124
f 2477/4020/125 2568/4022/125 2571/4025/345
f 2444/4017/126 2517/4030/129 2573/4028/129
f 2477/4020/120 2574/4032/120 2573/4028/120
f 2477/4020/124 2484/4015/124 2575/4031/124
f 2444/4017/149 2572/4029/149 2575/4031/149
f 2476/4033/118 2515/4037/129 2577/4034/129
f 2446/4036/120 2578/4039/120 2577/4034/120
f 2446/4036/124 2516/4040/124 2579/4038/124
f 2476/4033/125 2576/4035/125 2579/4038/125
f 2461/4041/130 2514/4044/129 2581/4042/129
f 2476/4033/123 2582/4046/123 2581/4042/123
f 2476/4033/131 2485/4047/124 2583/4045/124
f 2461/4041/149 2580/4043/149 2583/4045/149
f 2475/4048/126 2512/4051/129 2585/4049/129
f 2461/4041/120 2586/4053/120 2585/4049/120
f 2461/4041/124 2513/4054/124 2587/4052/124
f 2475/4048/149 2584/4050/149 2587/4052/149
f 2462/4023/118 2511/4057/129 2589/4055/129
f 2475/4048/120 2590/4059/120 2589/4055/120
f 2475/4048/124 2486/4060/124 2591/4058/124
f 2462/4023/125 2588/4056/125 2591/4058/345
f 2474/4061/118 2509/4065/118 2593/4062/118
f 2447/4064/120 2594/4067/120 2593/4062/120
f 2447/4064/124 2510/4068/124 2595/4066/124
f 2474/4061/125 2592/4063/125 2595/4066/125
f 2463/4069/126 2508/4072/129 2597/4070/129
f 2474/4061/123 2598/4074/123 2597/4070/123
f 2474/4061/131 2487/4075/124 2599/4073/124
f 2463/4069/149 2596/4071/149 2599/4073/149
f 2473/4076/126 2506/4079/118 2601/4077/118
f 2463/4069/120 2602/4081/120 2601/4077/120
f 2463/4069/124 2507/4082/124 2603/4080/124
f 2473/4076/149 2600/4078/149 2603/4080/149
f 2464/4002/118 2505/4085/118 2605/4083/118
f 2473/4076/120 2606/4087/120 2605/4083/120
f 2473/4076/124 2488/4088/124 2607/4086/124
f 2464/4002/125 2604/4084/125 2607/4086/125
f 2472/4089/118 2503/4093/118 2609/4090/118
f 2439/4092/120 2610/4095/120 2609/4090/344
f 2439/4092/124 2504/4096/124 2611/4094/124
f 2472/4089/125 2608/4091/125 2611/4094/125
f 2465/4097/126 2502/4100/118 2613/4098/129
f 2472/4089/123 2614/4102/123 2613/4098/123
f 2472/4089/128 2489/4103/124 2615/4101/124
f 2465/4097/141 2612/4099/141 2615/4101/141
f 2471/4104/126 2500/4107/118 2617/4105/118
f 2465/4097/120 2618/4109/120 2617/4105/120
f 2465/4097/124 2501/4110/124 2619/4108/124
f 2471/4104/127 2616/4106/127 2619/4108/127
f 2466/3981/118 2499/4113/118 2621/4111/118
f 2471/4104/120 2622/4115/120 2621/4111/344
f 2471/4104/124 2490/4116/124 2623/4114/124
f 2466/3981/125 2620/4112/125 2623/4114/125
f 2430/4117/137 2625/8273/137 2624/4118/137
f 2491/4120/129 2626/4124/129 2625/4121/129
f 2491/4120/119 2453/4193/120 2624/4123/120
f 2470/4125/118 2497/4129/118 2628/4126/118
f 2445/4128/120 2629/4131/120 2628/4126/120
f 2445/4128/124 2498/4132/124 2630/4130/124
f 2470/4125/125 2627/4127/125 2630/4130/125
f 2467/4133/126 2496/4136/129 2632/4134/129
f 2470/4125/123 2633/4138/123 2632/4134/123
f 2470/4125/131 2491/4120/124 2634/4137/124
f 2467/4133/149 2631/4135/149 2634/4137/149
f 2431/4139/137 2636/8274/137 2635/4140/137
f 2492/4142/346 2637/4146/346 2636/4143/346
f 2492/4142/120 2454/4157/120 2635/4145/120
f 2469/4147/129 2494/4150/118 2639/4148/118
f 2467/4133/120 2640/4152/120 2639/4148/120
f 2467/4133/124 2495/4153/124 2641/4151/124
f 2469/4147/149 2638/4149/149 2641/4151/149
f 2495/4153/120 2643/4156/120 2642/4154/120
f 2495/4153/124 2454/4157/124 2644/4155/124
f 2492/4142/125 2645/4158/125 2644/4155/125
f 2492/4142/118 2469/4147/118 2642/4154/118
f 2514/4044/119 2647/4162/119 2646/4159/119
f 2514/4044/128 2461/4041/124 2648/4161/124
f 2512/4051/149 2649/4163/149 2648/4161/149
f 2512/4051/126 2434/4160/129 2646/4159/129
f 2493/4164/120 2651/4168/120 2650/4165/120
f 2493/4164/124 2468/3960/124 2652/4167/124
f 2527/3961/125 2653/4169/125 2652/4167/125
f 2527/3961/118 2437/4166/118 2650/4165/118
f 2485/4047/119 2655/4172/119 2654/4170/119
f 2485/4047/128 2436/4173/124 2656/4171/124
f 2513/4054/149 2657/4174/149 2656/4171/347
f 2513/4054/126 2461/4041/118 2654/4170/118
f 2492/4142/120 2659/4177/120 2658/4175/120
f 2492/4142/124 2431/4144/124 2660/4176/124
f 2528/3964/125 2661/4178/125 2660/4176/125
f 2528/3964/118 2468/3960/118 2658/4175/118
f 2454/4179/137 2663/8275/137 2662/4180/137
f 2495/4153/129 2664/4184/129 2663/4182/129
f 2495/4153/120 2430/4122/348 2662/4183/133
f 2494/4150/120 2666/4188/120 2665/4185/120
f 2494/4150/124 2469/4147/124 2667/4187/124
f 2493/4164/125 2668/4189/125 2667/4187/125
f 2493/4164/118 2460/4186/118 2665/4185/118
f 2498/4132/120 2670/4192/120 2669/4190/120
f 2498/4132/124 2453/4193/124 2671/4191/124
f 2491/4120/125 2672/4194/125 2671/4191/125
f 2491/4120/118 2470/4125/118 2669/4190/118
f 2437/4166/118 2486/4060/118 2674/4195/118
f 2460/4186/120 2675/4198/120 2674/4195/120
f 2460/4186/124 2493/4164/124 2676/4197/124
f 2437/4166/125 2673/4196/125 2676/4197/125
f 2445/4199/134 2678/8276/134 2677/4200/134
f 2497/4129/149 2679/4204/149 2678/4202/149
f 2497/4129/118 2425/4367/118 2677/4203/118
f 2460/4186/126 2513/4054/118 2681/4205/118
f 2436/4173/120 2682/4208/120 2681/4205/120
f 2436/4173/124 2494/4150/124 2683/4207/124
f 2460/4186/127 2680/4206/127 2683/4207/127
f 2445/4209/134 2420/8277/134 2685/4210/134
f 2498/4132/349 2686/4215/349 2685/4212/349
f 2498/4132/118 2445/4128/129 2684/4214/129
f 2453/4216/117 2688/8278/117 2687/4217/117
f 2498/4132/129 2689/4221/129 2688/4219/129
f 2498/4132/119 2420/4213/120 2687/4220/120
f 2497/4129/120 2691/4225/120 2690/4222/120
f 2497/4129/124 2470/4125/124 2692/4224/124
f 2496/4136/125 2693/4226/125 2692/4224/125
f 2496/4136/118 2459/4223/118 2690/4222/118
f 2501/4110/120 2695/4229/120 2694/4227/120
f 2501/4110/124 2456/4230/124 2696/4228/124
f 2490/4116/125 2697/4231/125 2696/4228/125
f 2490/4116/118 2471/4104/118 2694/4227/118
f 2452/4232/138 2699/8279/138 2698/4233/138
f 2499/4113/124 2700/4238/124 2699/4235/124
f 2499/4113/125 2428/4240/125 2698/4237/125
f 2499/4113/120 2702/4242/120 2701/4239/120
f 2499/4113/124 2466/3981/124 2703/4241/124
f 2524/3982/125 2704/4243/125 2703/4241/125
f 2524/3982/118 2428/4240/129 2701/4239/129
f 2452/4244/138 2429/8280/138 2706/4245/138
f 2500/4107/124 2707/4250/124 2706/4247/124
f 2500/4107/125 2452/4236/125 2705/4249/125
f 2490/4116/120 2709/4253/120 2708/4251/120
f 2490/4116/124 2433/4254/124 2710/4252/124
f 2525/3985/125 2711/4255/125 2710/4252/125
f 2525/3985/118 2466/3981/118 2708/4251/118
f 2500/4107/120 2713/4258/120 2712/4256/139
f 2500/4107/124 2471/4104/124 2714/4257/124
f 2499/4113/125 2715/4259/125 2714/4257/350
f 2499/4113/118 2452/4236/126 2712/4256/129
f 2504/4096/120 2717/4262/120 2716/4260/120
f 2504/4096/124 2455/4263/124 2718/4261/124
f 2489/4103/125 2719/4264/125 2718/4261/125
f 2489/4103/118 2472/4089/118 2716/4260/118
f 2429/4265/138 2440/8281/138 2721/4266/138
f 2502/4100/124 2722/4271/124 2721/4268/124
f 2502/4100/125 2429/4248/127 2720/4270/127
f 2439/4272/134 2724/8282/134 2723/4273/134
f 2503/4093/125 2725/4277/125 2724/4275/125
f 2503/4093/118 2421/4282/118 2723/4276/118
f 2440/4278/138 2421/8283/138 2727/4279/138
f 2503/4093/124 2728/4284/124 2727/4281/124
f 2503/4093/125 2440/4269/125 2726/4283/125
f 2427/4285/134 2730/8284/134 2729/4286/134
f 2504/4096/349 2731/4291/349 2730/4288/349
f 2504/4096/118 2439/4092/118 2729/4290/118
f 2503/4093/120 2733/4294/120 2732/4292/120
f 2503/4093/124 2472/4089/124 2734/4293/124
f 2502/4100/125 2735/4295/125 2734/4293/125
f 2502/4100/118 2440/4269/129 2732/4292/129
f 2507/4082/120 2737/4298/120 2736/4296/120
f 2507/4082/124 2458/4299/124 2738/4297/124
f 2488/4088/125 2739/4300/125 2738/4297/125
f 2488/4088/118 2473/4076/118 2736/4296/118
f 2434/4160/129 2487/4075/118 2741/4301/118
f 2457/4303/123 2742/4305/123 2741/4301/123
f 2457/4303/131 2514/4044/124 2743/4304/124
f 2434/4160/351 2740/4302/351 2743/4304/351
f 2505/4085/120 2745/4308/120 2744/4306/120
f 2505/4085/124 2464/4002/124 2746/4307/124
f 2521/4003/125 2747/4309/125 2746/4307/125
f 2521/4003/118 2433/4254/118 2744/4306/118
f 2457/4303/118 2510/4068/118 2749/4310/118
f 2426/4312/120 2750/4314/120 2749/4310/120
f 2426/4312/124 2515/4037/124 2751/4313/124
f 2457/4303/125 2748/4311/125 2751/4313/125
f 2488/4088/120 2753/4317/120 2752/4315/120
f 2488/4088/124 2435/4318/124 2754/4316/124
f 2522/4006/125 2755/4319/125 2754/4316/125
f 2522/4006/118 2464/4002/118 2752/4315/118
f 2506/4079/120 2757/4322/120 2756/4320/120
f 2506/4079/124 2473/4076/124 2758/4321/124
f 2505/4085/125 2759/4323/125 2758/4321/125
f 2505/4085/118 2456/4230/118 2756/4320/118
f 2510/4068/120 2761/4326/120 2760/4324/352
f 2510/4068/124 2457/4303/124 2762/4325/124
f 2487/4075/125 2763/4327/125 2762/4325/125
f 2487/4075/118 2474/4061/118 2760/4324/118
f 2433/4254/118 2490/4116/118 2765/4328/118
f 2456/4230/120 2766/4331/120 2765/4328/120
f 2456/4230/124 2505/4085/124 2767/4330/124
f 2433/4254/125 2764/4329/125 2767/4330/125
f 2447/4332/134 2769/8285/134 2768/4333/134
f 2509/4065/125 2770/4337/125 2769/4335/125
f 2509/4065/118 2427/4289/118 2768/4336/118
f 2456/4230/126 2501/4110/118 2772/4338/118
f 2432/4340/120 2773/4342/120 2772/4338/120
f 2432/4340/124 2506/4079/124 2774/4341/124
f 2456/4230/149 2771/4339/149 2774/4341/149
f 2447/4343/134 2426/3281/134 2776/4344/134
f 2510/4068/125 2777/4348/125 2776/4346/125
f 2510/4068/118 2447/4064/118 2775/4347/118
f 2509/4065/120 2779/4351/120 2778/4349/120
f 2509/4065/124 2474/4061/124 2780/4350/124
f 2508/4072/125 2781/4352/125 2780/4350/125
f 2508/4072/118 2455/4263/118 2778/4349/118
f 2513/4054/120 2783/4355/120 2782/4353/120
f 2513/4054/124 2460/4186/124 2784/4354/124
f 2486/4060/125 2785/4356/125 2784/4354/350
f 2486/4060/118 2475/4048/118 2782/4353/118
f 2436/4173/126 2485/4047/118 2787/4357/129
f 2459/4223/123 2788/4360/123 2787/4357/123
f 2459/4223/128 2496/4136/124 2789/4359/124
f 2436/4173/141 2786/4358/141 2789/4359/141
f 2511/4057/120 2791/4363/120 2790/4361/120
f 2511/4057/124 2462/4023/124 2792/4362/124
f 2518/4024/125 2793/4364/125 2792/4362/125
f 2518/4024/118 2435/4318/129 2790/4361/129
f 2459/4223/118 2516/4040/118 2795/4365/118
f 2425/4367/120 2796/4369/120 2795/4365/120
f 2425/4367/124 2497/4129/124 2797/4368/124
f 2459/4223/125 2794/4366/125 2797/4368/345
f 2486/4060/120 2799/4372/120 2798/4370/120
f 2486/4060/124 2437/4166/124 2800/4371/124
f 2519/4027/125 2801/4373/125 2800/4371/125
f 2519/4027/118 2462/4023/118 2798/4370/118
f 2512/4051/120 2803/4376/120 2802/4374/120
f 2512/4051/124 2475/4048/124 2804/4375/124
f 2511/4057/125 2805/4377/125 2804/4375/125
f 2511/4057/118 2458/4299/126 2802/4374/129
f 2516/4040/120 2807/4380/120 2806/4378/120
f 2516/4040/124 2459/4223/124 2808/4379/124
f 2485/4047/125 2809/4381/125 2808/4379/353
f 2485/4047/118 2476/4033/118 2806/4378/118
f 2435/4318/118 2488/4088/118 2811/4382/118
f 2458/4299/120 2812/4385/120 2811/4382/120
f 2458/4299/124 2511/4057/124 2813/4384/124
f 2435/4318/125 2810/4383/125 2813/4384/125
f 2426/4386/134 2446/8286/134 2815/4387/134
f 2515/4037/349 2816/4391/349 2815/4389/349
f 2515/4037/118 2426/4312/126 2814/4390/129
f 2458/4299/129 2507/4082/118 2818/4392/118
f 2434/4160/120 2819/4395/120 2818/4392/120
f 2434/4160/124 2512/4051/124 2820/4394/124
f 2458/4299/149 2817/4393/149 2820/4394/149
f 2425/4396/134 2822/8287/134 2821/4397/134
f 2516/4040/125 2823/4401/125 2822/4399/125
f 2516/4040/118 2446/4036/143 2821/4400/143
f 2515/4037/120 2825/4404/120 2824/4402/120
f 2515/4037/124 2476/4033/124 2826/4403/124
f 2514/4044/125 2827/4405/125 2826/4403/125
f 2514/4044/118 2457/4303/129 2824/4402/129
f 2519/4027/119 2829/4408/119 2828/4406/119
f 2519/4027/128 2450/4409/124 2830/4407/124
f 2484/4015/127 2831/4410/127 2830/4407/127
f 2484/4015/129 2477/4020/118 2828/4406/118
f 2423/4411/122 2833/8288/122 2832/4412/122
f 2517/4030/120 2834/4417/120 2833/4414/120
f 2517/4030/124 2444/4017/124 2832/4416/124
f 2424/4418/126 2484/4015/118 2836/4419/118
f 2450/4409/120 2837/4422/120 2836/4419/120
f 2450/4409/124 2526/3967/128 2838/4421/128
f 2424/4418/141 2835/4420/141 2838/4421/141
f 2508/4072/119 2840/4425/119 2839/4423/119
f 2508/4072/128 2463/4069/124 2841/4424/124
f 2506/4079/149 2842/4426/149 2841/4424/149
f 2506/4079/126 2432/4340/118 2839/4423/118
f 2450/4409/118 2519/4027/118 2844/4427/118
f 2437/4166/120 2845/4430/120 2844/4427/120
f 2437/4166/124 2527/3961/124 2846/4429/124
f 2450/4409/125 2843/4428/125 2846/4429/125
f 2487/4075/119 2848/4433/119 2847/4431/119
f 2487/4075/128 2434/4160/124 2849/4432/124
f 2507/4082/149 2850/4434/149 2849/4432/149
f 2507/4082/126 2463/4069/118 2847/4431/118
f 2518/4024/119 2852/4438/119 2851/4435/119
f 2518/4024/128 2477/4020/124 2853/4437/124
f 2517/4030/149 2854/4439/149 2853/4437/149
f 2517/4030/129 2449/4436/129 2851/4435/129
f 2522/4006/119 2856/4442/119 2855/4440/119
f 2522/4006/128 2449/4436/124 2857/4441/124
f 2483/3994/127 2858/4443/127 2857/4441/127
f 2483/3994/129 2478/3999/118 2855/4440/118
f 2443/4444/122 2422/8289/122 2860/4445/122
f 2520/4009/120 2861/4450/120 2860/4447/120
f 2520/4009/124 2443/3996/128 2859/4449/128
f 2423/4415/126 2483/3994/118 2863/4451/118
f 2449/4436/120 2864/4454/120 2863/4451/120
f 2449/4436/124 2517/4030/124 2865/4453/124
f 2423/4415/149 2862/4452/149 2865/4453/149
f 2502/4100/119 2867/4457/119 2866/4455/119
f 2502/4100/128 2465/4097/124 2868/4456/124
f 2500/4107/149 2869/4458/149 2868/4456/149
f 2500/4107/126 2429/4248/129 2866/4455/129
f 2449/4436/118 2522/4006/118 2871/4459/118
f 2435/4318/120 2872/4462/120 2871/4459/120
f 2435/4318/124 2518/4024/124 2873/4461/124
f 2449/4436/125 2870/4460/125 2873/4461/125
f 2489/4103/119 2875/4465/119 2874/4463/119
f 2489/4103/128 2432/4340/124 2876/4464/124
f 2501/4110/149 2877/4466/149 2876/4464/149
f 2501/4110/129 2465/4097/118 2874/4463/118
f 2521/4003/119 2879/4470/119 2878/4467/119
f 2521/4003/128 2478/3999/124 2880/4469/124
f 2520/4009/127 2881/4471/127 2880/4469/127
f 2520/4009/129 2448/4468/118 2878/4467/118
f 2525/3985/119 2883/4474/119 2882/4472/119
f 2525/3985/128 2448/4468/124 2884/4473/124
f 2482/3973/127 2885/4475/127 2884/4473/127
f 2482/3973/118 2479/3978/118 2882/4472/118
f 2442/4476/122 2418/8290/122 2887/4477/122
f 2523/3988/120 2888/4482/120 2887/4479/120
f 2523/3988/124 2442/3975/124 2886/4481/124
f 2418/4483/138 2451/8291/138 2890/4484/138
f 2523/3988/124 2891/4489/124 2890/4486/124
f 2523/3988/125 2418/4480/125 2889/4488/125
f 2496/4136/119 2893/4492/119 2892/4490/119
f 2496/4136/128 2467/4133/124 2894/4491/124
f 2494/4150/149 2895/4493/149 2894/4491/149
f 2494/4150/129 2436/4173/118 2892/4490/129
f 2451/4494/138 2428/8292/138 2897/4495/138
f 2524/3982/124 2898/4499/124 2897/4497/124
f 2524/3982/125 2451/4487/125 2896/4498/125
f 2491/4120/119 2900/4502/119 2899/4500/119
f 2491/4120/128 2430/4122/124 2901/4501/124
f 2495/4153/149 2902/4503/149 2901/4501/149
f 2495/4153/126 2467/4133/118 2899/4500/118
f 2524/3982/119 2904/4506/119 2903/4504/119
f 2524/3982/128 2479/3978/124 2905/4505/124
f 2523/3988/127 2906/4507/127 2905/4505/127
f 2523/3988/129 2451/4487/129 2903/4504/129
f 2528/3964/119 2908/4510/119 2907/4508/119
f 2528/3964/131 2441/4511/124 2909/4509/124
f 2481/3945/149 2910/4512/149 2909/4509/149
f 2481/3945/129 2480/3957/118 2907/4508/118
f 2424/4513/122 2912/8293/122 2911/4514/122
f 2526/3967/120 2913/4518/120 2912/4516/120
f 2526/3967/124 2438/3954/151 2911/4517/124
f 2432/4340/126 2489/4103/129 2915/4519/129
f 2455/4263/123 2916/4522/123 2915/4519/123
f 2455/4263/131 2508/4072/124 2917/4521/124
f 2432/4340/351 2914/4520/351 2917/4521/351
f 2448/4468/118 2525/3985/118 2919/4523/118
f 2433/4254/120 2920/4526/120 2919/4523/120
f 2433/4254/124 2521/4003/124 2921/4525/124
f 2448/4468/125 2918/4524/125 2921/4525/125
f 2455/4263/118 2504/4096/118 2923/4527/118
f 2427/4289/120 2924/4530/120 2923/4527/120
f 2427/4289/124 2509/4065/124 2925/4529/124
f 2455/4263/125 2922/4528/125 2925/4529/125
f 2468/3960/118 2493/4164/118 2927/4531/118
f 2469/4147/120 2928/4534/120 2927/4531/120
f 2469/4147/124 2492/4142/124 2929/4533/124
f 2468/3960/125 2926/4532/125 2929/4533/125
f 2441/4535/117 2931/8294/117 2930/4536/117
f 2528/3964/129 2932/4540/129 2931/4538/129
f 2528/3964/120 2431/4144/120 2930/4539/120
f 2527/3961/119 2934/4543/119 2933/4541/119
f 2527/3961/128 2480/3957/124 2935/4542/124
f 2526/3967/127 2936/4544/127 2935/4542/127
f 2526/3967/129 2450/4409/129 2933/4541/129
f 2422/4448/126 2482/3973/118 2938/4545/118
f 2448/4468/120 2939/4548/120 2938/4545/120
f 2448/4468/124 2520/4009/124 2940/4547/124
f 2422/4448/149 2937/4546/149 2940/4547/149
f 2943/241/2 2942/311/2 2941/4549/2
f 2944/4551/5 2948/4564/5 2947/4552/5
f 2943/4554/7 2947/8295/7 2946/4555/7
f 2945/4557/2 2946/4562/2 2950/10/2
f 2948/4559/2 2952/4561/2 2951/703/2
f 2948/4559/2 2945/4557/2 2949/4558/2
f 2947/4560/2 2951/703/2 2950/10/2
f 2941/4563/26 2945/4555/26 2948/3316/26
f 2942/4564/1 2946/4551/1 2945/4565/1
f 2976/4567/117 2954/8296/117 3065/4568/117
f 3016/4570/346 3066/4573/346 3065/4571/346
f 3016/4570/119 2976/5135/120 3064/4572/120
f 2954/4574/145 2973/8297/145 3068/4575/145
f 3016/4570/120 3069/4580/120 3068/4577/120
f 3016/4570/124 2954/1128/124 3067/4579/124
f 3015/4581/118 3062/4585/118 3071/4582/118
f 3003/4584/120 3072/4587/120 3071/4582/120
f 3003/4584/124 3063/4588/124 3073/4586/124
f 3015/4581/125 3070/4583/125 3073/4586/125
f 2973/4578/118 3061/4591/118 3075/4589/118
f 3015/4581/120 3076/4593/120 3075/4589/120
f 3015/4581/124 3016/4570/124 3077/4592/124
f 2973/4578/125 3074/4590/125 3077/4592/125
f 2957/4594/145 2977/8298/145 3079/4595/145
f 3017/4597/120 3080/4601/120 3079/4598/120
f 3017/4597/124 2957/5072/124 3078/4600/124
f 3014/4602/118 3059/4606/118 3082/4603/118
f 3001/4605/120 3083/4608/120 3082/4603/120
f 3001/4605/124 3060/4609/124 3084/4607/124
f 3014/4602/125 3081/4604/125 3084/4607/125
f 2977/4599/118 3058/4612/118 3086/4610/118
f 3014/4602/120 3087/4614/120 3086/4610/120
f 3014/4602/124 3017/4597/124 3088/4613/124
f 2977/4599/125 3085/4611/125 3088/4613/125
f 2958/4615/145 2978/8299/145 3090/4616/145
f 3018/4618/120 3091/4622/120 3090/4619/120
f 3018/4618/124 2958/5039/124 3089/4621/124
f 3013/4623/118 3056/4627/129 3093/4624/129
f 2999/4626/120 3094/4629/120 3093/4624/120
f 2999/4626/124 3057/4630/124 3095/4628/124
f 3013/4623/125 3092/4625/125 3095/4628/125
f 2978/4620/118 3055/4633/126 3097/4631/129
f 3013/4623/120 3098/4635/120 3097/4631/120
f 3013/4623/124 3018/4618/124 3099/4634/124
f 2978/4620/125 3096/4632/125 3099/4634/125
f 2979/4636/145 3101/8300/145 3100/4637/145
f 3019/4639/120 3102/4643/120 3101/4640/120
f 3019/4639/124 2959/5042/124 3100/4642/124
f 3012/4644/118 3053/4648/118 3104/4645/118
f 2997/4647/120 3105/4650/120 3104/4645/120
f 2997/4647/124 3054/4651/124 3106/4649/124
f 3012/4644/125 3103/4646/125 3106/4649/125
f 2979/4641/118 3052/4654/118 3108/4652/118
f 3012/4644/120 3109/4656/120 3108/4652/120
f 3012/4644/124 3019/4639/124 3110/4655/124
f 2979/4641/125 3107/4653/125 3110/4655/125
f 3011/4657/118 3050/4661/118 3112/4658/118
f 2981/4660/120 3113/4663/120 3112/4658/120
f 2981/4660/124 3051/4664/124 3114/4662/124
f 3011/4657/125 3111/4659/125 3114/4662/125
f 2996/4665/118 3049/4668/118 3116/4666/118
f 3011/4657/120 3117/4670/120 3116/4666/120
f 3011/4657/124 3020/4671/124 3118/4669/124
f 2996/4665/149 3115/4667/149 3118/4669/149
f 3010/4672/118 3047/4675/118 3120/4673/118
f 2996/4665/120 3121/4677/120 3120/4673/120
f 2996/4665/124 3048/4678/124 3122/4676/124
f 3010/4672/125 3119/4674/125 3122/4676/125
f 2997/4647/118 3046/4681/118 3124/4679/118
f 3010/4672/120 3125/4683/120 3124/4679/120
f 3010/4672/124 3021/4684/124 3126/4682/124
f 2997/4647/125 3123/4680/125 3126/4682/125
f 3009/4685/118 3044/4689/129 3128/4686/129
f 2982/4688/120 3129/4691/120 3128/4686/120
f 2982/4688/124 3045/4692/124 3130/4690/124
f 3009/4685/125 3127/4687/125 3130/4690/125
f 2998/4693/129 3043/4696/129 3132/4694/129
f 3009/4685/120 3133/4698/120 3132/4694/120
f 3009/4685/124 3022/4699/124 3134/4697/124
f 2998/4693/127 3131/4695/127 3134/4697/127
f 3008/4700/118 3041/4703/129 3136/4701/129
f 2998/4693/120 3137/4705/120 3136/4701/120
f 2998/4693/124 3042/4706/124 3138/4704/124
f 3008/4700/125 3135/4702/125 3138/4704/125
f 2999/4626/118 3040/4709/129 3140/4707/129
f 3008/4700/120 3141/4711/120 3140/4707/120
f 3008/4700/124 3023/4712/124 3142/4710/124
f 2999/4626/125 3139/4708/125 3142/4710/125
f 3007/4713/118 3038/4717/118 3144/4714/118
f 2974/4716/120 3145/4719/120 3144/4714/120
f 2974/4716/124 3039/4720/124 3146/4718/124
f 3007/4713/125 3143/4715/125 3146/4718/125
f 3000/4721/118 3037/4724/118 3148/4722/118
f 3007/4713/120 3149/4726/120 3148/4722/120
f 3007/4713/124 3024/4727/124 3150/4725/124
f 3000/4721/127 3147/4723/127 3150/4725/127
f 3006/4728/118 3035/4731/118 3152/4729/118
f 3000/4721/120 3153/4733/120 3152/4729/120
f 3000/4721/124 3036/4734/124 3154/4732/124
f 3006/4728/125 3151/4730/125 3154/4732/125
f 3001/4605/118 3034/4737/118 3156/4735/118
f 3006/4728/120 3157/4739/120 3156/4735/120
f 3006/4728/124 3025/4740/124 3158/4738/124
f 3001/4605/125 3155/4736/125 3158/4738/125
f 2965/4741/117 3160/8301/117 3159/4742/117
f 3026/4744/346 3161/4748/346 3160/4745/346
f 3026/4744/119 2988/4817/120 3159/4747/120
f 3005/4749/118 3032/4753/118 3163/4750/118
f 2980/4752/120 3164/4755/120 3163/4750/120
f 2980/4752/124 3033/4756/124 3165/4754/124
f 3005/4749/125 3162/4751/125 3165/4754/125
f 3002/4757/129 3031/4760/118 3167/4758/118
f 3005/4749/120 3168/4762/120 3167/4758/120
f 3005/4749/124 3026/4744/124 3169/4761/124
f 3002/4757/127 3166/4759/127 3169/4761/127
f 2966/4763/117 3171/8302/117 3170/4764/117
f 3027/4766/346 3172/4770/346 3171/4767/346
f 3027/4766/119 2989/4781/120 3170/4769/120
f 3004/4771/118 3029/4774/118 3174/4772/118
f 3002/4757/120 3175/4776/120 3174/4772/120
f 3002/4757/124 3030/4777/124 3176/4775/124
f 3004/4771/125 3173/4773/125 3176/4775/125
f 3030/4777/120 3178/4780/120 3177/4778/120
f 3030/4777/124 2989/4781/124 3179/4779/124
f 3027/4766/125 3180/4782/125 3179/4779/125
f 3027/4766/118 3004/4771/118 3177/4778/118
f 3049/4668/120 3182/4786/120 3181/4783/120
f 3049/4668/124 2996/4665/354 3183/4785/124
f 3047/4675/149 3184/4787/149 3183/4785/149
f 3047/4675/126 2969/4784/143 3181/4783/118
f 3028/4788/119 3186/4792/119 3185/4789/119
f 3028/4788/128 3003/4584/124 3187/4791/124
f 3062/4585/125 3188/4793/125 3187/4791/125
f 3062/4585/118 2972/4790/118 3185/4789/118
f 3020/4671/120 3190/4796/120 3189/4794/120
f 3020/4671/124 2971/4797/124 3191/4795/124
f 3048/4678/149 3192/4798/149 3191/4795/149
f 3048/4678/126 2996/4665/126 3189/4794/126
f 3027/4766/119 3194/4801/119 3193/4799/119
f 3027/4766/128 2966/4768/124 3195/4800/124
f 3063/4588/125 3196/4802/125 3195/4800/125
f 3063/4588/118 3003/4584/118 3193/4799/118
f 2989/4803/117 3198/8303/117 3197/4804/117
f 3030/4777/129 3199/4808/129 3198/4806/129
f 3030/4777/119 2965/4746/120 3197/4807/120
f 3029/4774/120 3201/4812/120 3200/4809/120
f 3029/4774/124 3004/4771/124 3202/4811/124
f 3028/4788/125 3203/4813/125 3202/4811/125
f 3028/4788/118 2995/4810/118 3200/4809/118
f 3033/4756/120 3205/4816/120 3204/4814/120
f 3033/4756/124 2988/4817/124 3206/4815/124
f 3026/4744/149 3207/4818/149 3206/4815/149
f 3026/4744/118 3005/4749/118 3204/4814/118
f 2972/4790/118 3021/4684/118 3209/4819/118
f 2995/4810/120 3210/4822/120 3209/4819/120
f 2995/4810/124 3028/4788/124 3211/4821/124
f 2972/4790/125 3208/4820/125 3211/4821/125
f 2980/4823/147 3213/8304/147 3212/4824/147
f 3032/4753/149 3214/4828/149 3213/4826/149
f 3032/4753/118 2960/4991/118 3212/4827/118
f 2995/4810/118 3048/4678/118 3216/4829/118
f 2971/4797/120 3217/4832/120 3216/4829/120
f 2971/4797/124 3029/4774/124 3218/4831/124
f 2995/4810/125 3215/4830/125 3218/4831/125
f 2955/4833/147 3220/8305/147 3219/4834/147
f 3033/4756/149 3221/4839/149 3220/4836/149
f 3033/4756/118 2980/4752/118 3219/4838/118
f 2988/4840/117 3223/8306/117 3222/4841/117
f 3033/4756/346 3224/4845/346 3223/4843/346
f 3033/4756/119 2955/4837/120 3222/4844/120
f 3032/4753/120 3226/4849/120 3225/4846/120
f 3032/4753/124 3005/4749/124 3227/4848/124
f 3031/4760/149 3228/4850/149 3227/4848/149
f 3031/4760/118 2994/4847/118 3225/4846/118
f 3036/4734/120 3230/4853/120 3229/4851/120
f 3036/4734/124 2991/4854/124 3231/4852/124
f 3025/4740/125 3232/4855/125 3231/4852/125
f 3025/4740/118 3006/4728/118 3229/4851/118
f 2987/4856/148 3234/8307/148 3233/4857/148
f 3034/4737/124 3235/4862/124 3234/4859/124
f 3034/4737/125 2963/4864/125 3233/4861/125
f 3034/4737/119 3237/4866/119 3236/4863/119
f 3034/4737/124 3001/4605/124 3238/4865/124
f 3059/4606/125 3239/4867/125 3238/4865/125
f 3059/4606/118 2963/4864/129 3236/4863/129
f 2987/4868/148 2964/8308/148 3241/4869/148
f 3035/4731/124 3242/4874/124 3241/4871/124
f 3035/4731/125 2987/4860/127 3240/4873/127
f 3025/4740/119 3244/4877/119 3243/4875/119
f 3025/4740/128 2968/4878/124 3245/4876/124
f 3060/4609/125 3246/4879/125 3245/4876/125
f 3060/4609/118 3001/4605/118 3243/4875/118
f 3035/4731/120 3248/4882/120 3247/4880/120
f 3035/4731/124 3006/4728/124 3249/4881/124
f 3034/4737/125 3250/4883/125 3249/4881/125
f 3034/4737/118 2987/4860/126 3247/4880/129
f 3039/4720/120 3252/4886/120 3251/4884/120
f 3039/4720/124 2990/4887/124 3253/4885/124
f 3024/4727/149 3254/4888/149 3253/4885/149
f 3024/4727/129 3007/4713/118 3251/4884/118
f 2975/4889/148 3256/8309/148 3255/4890/148
f 3037/4724/124 3257/4895/124 3256/4892/124
f 3037/4724/125 2964/4872/125 3255/4894/125
f 2956/4896/147 2974/6021/147 3259/4897/147
f 3038/4717/127 3260/4901/127 3259/4899/127
f 3038/4717/129 2956/4906/126 3258/4900/126
f 2956/4902/148 3262/8310/148 3261/4903/148
f 3038/4717/124 3263/4908/124 3262/4905/124
f 3038/4717/125 2975/4893/125 3261/4907/125
f 2962/4909/147 3265/8311/147 3264/4910/147
f 3039/4720/127 3266/4915/127 3265/4912/127
f 3039/4720/129 2974/4716/129 3264/4914/129
f 3038/4717/120 3268/4918/120 3267/4916/120
f 3038/4717/124 3007/4713/124 3269/4917/124
f 3037/4724/127 3270/4919/127 3269/4917/127
f 3037/4724/129 2975/4893/129 3267/4916/129
f 3042/4706/120 3272/4922/120 3271/4920/120
f 3042/4706/124 2993/4923/124 3273/4921/124
f 3023/4712/125 3274/4924/125 3273/4921/125
f 3023/4712/118 3008/4700/118 3271/4920/118
f 2969/4784/126 3022/4699/118 3276/4925/118
f 2992/4927/120 3277/4929/120 3276/4925/120
f 2992/4927/124 3049/4668/128 3278/4928/128
f 2969/4784/127 3275/4926/127 3278/4928/127
f 3040/4709/119 3280/4932/119 3279/4930/119
f 3040/4709/128 2999/4626/124 3281/4931/124
f 3056/4627/125 3282/4933/125 3281/4931/125
f 3056/4627/118 2968/4878/118 3279/4930/118
f 2992/4927/118 3045/4692/118 3284/4934/118
f 2961/4936/120 3285/4938/120 3284/4934/120
f 2961/4936/124 3050/4661/128 3286/4937/128
f 2992/4927/125 3283/4935/125 3286/4937/125
f 3023/4712/119 3288/4941/119 3287/4939/119
f 3023/4712/124 2970/4942/124 3289/4940/124
f 3057/4630/125 3290/4943/125 3289/4940/125
f 3057/4630/118 2999/4626/118 3287/4939/118
f 3041/4703/120 3292/4946/120 3291/4944/120
f 3041/4703/124 3008/4700/124 3293/4945/124
f 3040/4709/125 3294/4947/125 3293/4945/125
f 3040/4709/118 2991/4854/118 3291/4944/118
f 3045/4692/120 3296/4950/120 3295/4948/120
f 3045/4692/124 2992/4927/124 3297/4949/124
f 3022/4699/127 3298/4951/127 3297/4949/127
f 3022/4699/118 3009/4685/118 3295/4948/118
f 2968/4878/118 3025/4740/118 3300/4952/118
f 2991/4854/120 3301/4955/120 3300/4952/120
f 2991/4854/124 3040/4709/124 3302/4954/124
f 2968/4878/125 3299/4953/125 3302/4954/125
f 2982/4956/147 3304/8312/147 3303/4957/147
f 3044/4689/149 3305/4961/149 3304/4959/149
f 3044/4689/129 2962/4913/118 3303/4960/118
f 2991/4854/118 3036/4734/118 3307/4962/118
f 2967/4964/120 3308/4966/120 3307/4962/120
f 2967/4964/124 3041/4703/124 3309/4965/124
f 2991/4854/125 3306/4963/125 3309/4965/125
f 2961/4967/147 3311/8313/147 3310/4968/147
f 3045/4692/127 3312/4972/127 3311/4970/127
f 3045/4692/129 2982/4688/118 3310/4971/118
f 3044/4689/120 3314/4975/120 3313/4973/120
f 3044/4689/124 3009/4685/124 3315/4974/124
f 3043/4696/149 3316/4976/149 3315/4974/149
f 3043/4696/118 2990/4887/118 3313/4973/118
f 3048/4678/120 3318/4979/120 3317/4977/120
f 3048/4678/124 2995/4810/124 3319/4978/124
f 3021/4684/125 3320/4980/125 3319/4978/125
f 3021/4684/118 3010/4672/126 3317/4977/126
f 2971/4797/126 3020/4671/118 3322/4981/118
f 2994/4847/120 3323/4984/120 3322/4981/120
f 2994/4847/124 3031/4760/124 3324/4983/124
f 2971/4797/127 3321/4982/127 3324/4983/127
f 3046/4681/123 3326/4987/123 3325/4985/123
f 3046/4681/124 2997/4647/354 3327/4986/124
f 3053/4648/125 3328/4988/125 3327/4986/125
f 3053/4648/118 2970/4942/118 3325/4985/118
f 2994/4847/118 3051/4664/118 3330/4989/118
f 2960/4991/120 3331/4993/120 3330/4989/120
f 2960/4991/124 3032/4753/124 3332/4992/124
f 2994/4847/125 3329/4990/125 3332/4992/125
f 3021/4684/119 3334/4996/119 3333/4994/119
f 3021/4684/128 2972/4790/124 3335/4995/124
f 3054/4651/125 3336/4997/125 3335/4995/125
f 3054/4651/118 2997/4647/126 3333/4994/126
f 3047/4675/120 3338/5000/120 3337/4998/120
f 3047/4675/124 3010/4672/354 3339/4999/151
f 3046/4681/125 3340/5001/125 3339/4999/125
f 3046/4681/118 2993/4923/143 3337/4998/118
f 3051/4664/120 3342/5004/120 3341/5002/120
f 3051/4664/124 2994/4847/124 3343/5003/124
f 3020/4671/149 3344/5005/149 3343/5003/149
f 3020/4671/129 3011/4657/126 3341/5002/126
f 2970/4942/118 3023/4712/118 3346/5006/118
f 2993/4923/120 3347/5009/120 3346/5006/120
f 2993/4923/124 3046/4681/128 3348/5008/124
f 2970/4942/125 3345/5007/125 3348/5008/125
f 2961/5010/147 2981/4515/147 3350/5011/147
f 3050/4661/127 3351/5015/127 3350/5013/127
f 3050/4661/126 2961/4936/129 3349/5014/129
f 2993/4923/118 3042/4706/118 3353/5016/118
f 2969/4784/120 3354/5019/120 3353/5016/120
f 2969/4784/124 3047/4675/128 3355/5018/124
f 2993/4923/125 3352/5017/125 3355/5018/125
f 2960/5020/147 3357/8314/147 3356/5021/147
f 3051/4664/127 3358/5025/127 3357/5023/355
f 3051/4664/129 2981/4660/126 3356/5024/126
f 3050/4661/120 3360/5028/120 3359/5026/120
f 3050/4661/124 3011/4657/151 3361/5027/151
f 3049/4668/127 3362/5029/127 3361/5027/127
f 3049/4668/126 2992/4927/118 3359/5026/118
f 3054/4651/120 3364/5032/120 3363/5030/120
f 3054/4651/124 2985/5033/124 3365/5031/124
f 3019/4639/125 3366/5034/125 3365/5031/125
f 3019/4639/118 3012/4644/126 3363/5030/126
f 2958/5035/145 3368/8315/145 3367/5036/145
f 3052/4654/120 3369/5041/120 3368/5038/120
f 3052/4654/124 2979/4641/124 3367/5040/124
f 2959/5042/118 3019/4639/143 3371/5043/118
f 2985/5033/120 3372/5046/120 3371/5043/120
f 2985/5033/124 3061/4591/124 3373/5045/124
f 2959/5042/125 3370/5044/125 3373/5045/125
f 3043/4696/120 3375/5049/120 3374/5047/120
f 3043/4696/124 2998/4693/124 3376/5048/124
f 3041/4703/149 3377/5050/149 3376/5048/149
f 3041/4703/129 2967/4964/118 3374/5047/118
f 2985/5033/118 3054/4651/118 3379/5051/118
f 2972/4790/120 3380/5054/120 3379/5051/120
f 2972/4790/124 3062/4585/124 3381/5053/124
f 2985/5033/125 3378/5052/125 3381/5053/125
f 3022/4699/120 3383/5057/120 3382/5055/120
f 3022/4699/124 2969/4784/124 3384/5056/124
f 3042/4706/127 3385/5058/127 3384/5056/127
f 3042/4706/129 2998/4693/118 3382/5055/118
f 3053/4648/120 3387/5062/120 3386/5059/120
f 3053/4648/124 3012/4644/354 3388/5061/151
f 3052/4654/125 3389/5063/125 3388/5061/125
f 3052/4654/118 2984/5060/118 3386/5059/118
f 3057/4630/120 3391/5066/120 3390/5064/120
f 3057/4630/124 2984/5060/124 3392/5065/124
f 3018/4618/125 3393/5067/125 3392/5065/125
f 3018/4618/118 3013/4623/118 3390/5064/118
f 2978/5068/145 2957/8316/145 3395/5069/145
f 3055/4633/120 3396/5074/120 3395/5071/120
f 3055/4633/124 2978/4620/124 3394/5073/124
f 2958/5039/118 3018/4618/118 3398/5075/118
f 2984/5060/120 3399/5078/120 3398/5075/120
f 2984/5060/124 3052/4654/128 3400/5077/128
f 2958/5039/125 3397/5076/125 3400/5077/125
f 3037/4724/120 3402/5081/120 3401/5079/120
f 3037/4724/124 3000/4721/124 3403/5080/124
f 3035/4731/149 3404/5082/149 3403/5080/149
f 3035/4731/126 2964/4872/126 3401/5079/126
f 2984/5060/118 3057/4630/118 3406/5083/118
f 2970/4942/120 3407/5086/120 3406/5083/120
f 2970/4942/124 3053/4648/128 3408/5085/128
f 2984/5060/125 3405/5084/125 3408/5085/125
f 3024/4727/120 3410/5089/120 3409/5087/120
f 3024/4727/124 2967/4964/124 3411/5088/124
f 3036/4734/149 3412/5090/149 3411/5088/149
f 3036/4734/129 3000/4721/118 3409/5087/118
f 3056/4627/120 3414/5094/120 3413/5091/120
f 3056/4627/124 3013/4623/124 3415/5093/124
f 3055/4633/125 3416/5095/125 3415/5093/125
f 3055/4633/118 2983/5092/118 3413/5091/118
f 3060/4609/120 3418/5098/120 3417/5096/120
f 3060/4609/124 2983/5092/124 3419/5097/124
f 3017/4597/125 3420/5099/125 3419/5097/125
f 3017/4597/118 3014/4602/118 3417/5096/118
f 2953/5100/145 3422/8317/145 3421/5101/145
f 3058/4612/120 3423/5106/120 3422/5103/120
f 3058/4612/124 2977/4599/124 3421/5105/124
f 2986/5107/148 3425/8318/148 3424/5108/148
f 3058/4612/124 3426/5113/124 3425/5110/124
f 3058/4612/125 2953/5104/125 3424/5112/125
f 3031/4760/120 3428/5116/120 3427/5114/120
f 3031/4760/124 3002/4757/124 3429/5115/124
f 3029/4774/149 3430/5117/149 3429/5115/149
f 3029/4774/129 2971/4797/118 3427/5114/118
f 2963/5118/148 3432/8319/148 3431/5119/148
f 3059/4606/124 3433/5123/124 3432/5121/124
f 3059/4606/125 2986/5111/125 3431/5122/125
f 3026/4744/120 3435/5126/120 3434/5124/120
f 3026/4744/124 2965/4746/124 3436/5125/124
f 3030/4777/149 3437/5127/149 3436/5125/149
f 3030/4777/129 3002/4757/118 3434/5124/118
f 3059/4606/120 3439/5130/120 3438/5128/120
f 3059/4606/124 3014/4602/124 3440/5129/124
f 3058/4612/125 3441/5131/125 3440/5129/125
f 3058/4612/118 2986/5111/129 3438/5128/129
f 3063/4588/120 3443/5134/120 3442/5132/120
f 3063/4588/124 2976/5135/124 3444/5133/124
f 3016/4570/125 3445/5136/125 3444/5133/125
f 3016/4570/118 3015/4581/118 3442/5132/118
f 2973/5137/145 2959/8320/145 3447/5138/145
f 3061/4591/120 3448/5142/120 3447/5140/120
f 3061/4591/124 2973/4578/124 3446/5141/124
f 2967/4964/126 3024/4727/118 3450/5143/118
f 2990/4887/120 3451/5146/120 3450/5143/120
f 2990/4887/124 3043/4696/124 3452/5145/124
f 2967/4964/127 3449/5144/127 3452/5145/127
f 2983/5092/118 3060/4609/118 3454/5147/118
f 2968/4878/120 3455/5150/120 3454/5147/120
f 2968/4878/124 3056/4627/124 3456/5149/124
f 2983/5092/125 3453/5148/125 3456/5149/125
f 2990/4887/118 3039/4720/118 3458/5151/118
f 2962/4913/120 3459/5154/120 3458/5151/120
f 2962/4913/124 3044/4689/124 3460/5153/124
f 2990/4887/125 3457/5152/125 3460/5153/125
f 3003/4584/118 3028/4788/118 3462/5155/118
f 3004/4771/120 3463/5158/120 3462/5155/120
f 3004/4771/124 3027/4766/124 3464/5157/124
f 3003/4584/125 3461/5156/125 3464/5157/125
f 2976/5159/117 3466/8321/117 3465/5160/117
f 3063/4588/346 3467/5164/346 3466/5162/346
f 3063/4588/119 2966/4768/120 3465/5163/120
f 3062/4585/120 3469/5167/120 3468/5165/120
f 3062/4585/124 3015/4581/124 3470/5166/124
f 3061/4591/125 3471/5168/125 3470/5166/125
f 3061/4591/118 2985/5033/118 3468/5165/118
f 2957/5072/118 3017/4597/118 3473/5169/118
f 2983/5092/120 3474/5172/120 3473/5169/120
f 2983/5092/124 3055/4633/124 3475/5171/124
f 2957/5072/125 3472/5170/125 3475/5171/125
f 3479/5173/5 3483/5285/5 3482/5174/5
f 3478/5175/7 3482/8322/7 3481/5176/7
f 3481/5178/2 3485/5184/2 3484/5179/2
f 3482/5181/2 3483/5183/2 3487/5182/2
f 3480/5180/2 3484/5179/2 3487/5182/2
f 3481/5178/2 3482/5181/2 3486/3936/2
f 3476/5177/26 3480/5176/26 3483/5185/26
f 3477/5187/1 3481/3924/1 3480/5188/1
f 3566/5190/2 3567/5299/2 3568/5191/2
f 3515/5193/2 3496/5204/2 3495/5194/2
f 3514/5196/2 3494/5202/2 3488/5197/2
f 3499/5199/2 3501/5228/2 3502/5200/2
f 3517/5195/2 3495/5194/2 3494/5202/2
f 3516/5203/2 3489/8323/2 3496/5204/2
f 3570/5205/2 3571/5300/2 3572/5206/2
f 3574/5208/2 3575/5301/2 3576/5209/2
f 3504/5211/2 3555/267/2 3558/5212/2
f 3562/5214/2 3503/5260/2 3511/5215/2
f 3563/5217/2 3508/5221/2 3506/5218/2
f 3564/5220/2 3510/5248/2 3508/5221/2
f 3578/5222/2 3579/5302/2 3580/5223/2
f 3497/5225/2 3500/5229/2 3492/5226/2
f 3498/5227/2 3492/5226/2 3501/5228/2
f 3490/372/2 3493/5242/2 3500/5229/2
f 3582/5230/2 3583/5303/2 3584/5231/2
f 3586/5233/2 3587/5304/2 3588/5234/2
f 3590/5236/2 3591/5305/2 3592/5237/2
f 3594/5239/2 3595/5306/2 3596/5240/2
f 3493/5242/152 3519/5244/152 3518/5243/152
f 3506/5218/153 3520/5245/153 3519/5244/153
f 3508/5221/154 3521/5246/154 3520/5245/154
f 3500/5229/155 3518/5243/155 3521/5246/155
f 3492/5226/152 3523/5249/152 3522/5247/152
f 3510/5248/153 3524/5251/153 3523/5249/153
f 3510/5248/154 3511/5215/154 3525/5250/154
f 3501/5228/155 3522/5247/155 3525/5250/155
f 3500/5229/152 3527/5253/152 3526/5252/152
f 3508/5221/153 3528/5254/153 3527/5253/153
f 3510/5248/154 3529/5255/154 3528/5254/154
f 3492/5226/155 3526/5252/155 3529/5255/155
f 3501/5228/152 3531/5257/152 3530/5256/152
f 3511/5215/153 3532/5259/153 3531/5257/153
f 3511/5215/154 3503/5260/154 3533/5258/154
f 3502/5200/156 3530/5256/156 3533/5258/156
f 3505/5261/157 3535/5264/157 3534/5262/157
f 3516/5203/153 3536/5265/153 3535/5264/153
f 3515/5193/154 3537/5266/154 3536/5265/154
f 3515/5193/155 3507/5263/155 3534/5262/155
f 3509/5267/157 3539/5269/157 3538/5268/157
f 3517/5195/153 3540/5271/153 3539/5269/153
f 3517/5195/154 3514/5196/154 3541/5270/154
f 3514/5196/155 3512/5213/155 3538/5268/155
f 3512/5213/157 3543/5273/157 3542/5272/157
f 3514/5196/153 3544/5275/153 3543/5273/153
f 3514/5196/154 3513/5198/154 3545/5274/154
f 3513/5198/156 3504/5211/156 3542/5272/156
f 3507/5263/157 3547/5277/157 3546/5276/157
f 3515/5193/153 3548/5278/153 3547/5277/153
f 3517/5195/154 3549/5279/154 3548/5278/154
f 3517/5195/155 3509/5267/155 3546/5276/155
f 3558/5280/158 3550/5288/158 3554/5281/158
f 3557/5282/158 3554/5281/158 3553/5283/158
f 3556/5284/158 3553/5283/158 3552/5285/159
f 3555/5287/158 3551/8324/158 3550/5288/158
f 3507/5263/2 3556/5290/2 3559/5289/2
f 3509/5267/2 3557/5291/2 3556/5290/2
f 3512/5213/2 3558/5212/2 3557/5291/2
f 3551/3303/160 3562/8325/160 3560/5292/160
f 3553/5294/160 3563/5297/160 3561/5295/160
f 3554/5296/160 3564/5298/160 3563/5297/160
f 3550/5293/160 3560/5292/160 3564/5298/160
f 3560/5216/2 3511/5215/2 3510/5248/2
f 3519/5244/2 3566/5190/2 3565/5192/2
f 3519/5244/2 3520/5245/2 3567/5299/2
f 3520/5245/2 3521/5246/2 3568/5191/2
f 3518/5243/2 3565/5192/2 3568/5191/2
f 3522/5247/2 3523/5249/2 3570/5205/2
f 3523/5249/2 3524/5251/2 3571/5300/2
f 3525/5250/2 3572/5206/2 3571/5300/2
f 3522/5247/2 3569/5207/2 3572/5206/2
f 3527/5253/2 3574/5208/2 3573/5210/2
f 3527/5253/2 3528/5254/2 3575/5301/2
f 3529/5255/2 3576/5209/2 3575/5301/2
f 3526/5252/2 3573/5210/2 3576/5209/2
f 3531/5257/2 3578/5222/2 3577/5224/2
f 3531/5257/2 3532/5259/2 3579/5302/2
f 3533/5258/2 3580/5223/2 3579/5302/2
f 3530/5256/2 3577/5224/2 3580/5223/2
f 3535/5264/2 3582/5230/2 3581/5232/2
f 3535/5264/2 3536/5265/2 3583/5303/2
f 3536/5265/2 3537/5266/2 3584/5231/2
f 3534/5262/2 3581/5232/2 3584/5231/2
f 3538/5268/2 3539/5269/2 3586/5233/2
f 3539/5269/2 3540/5271/2 3587/5304/2
f 3541/5270/2 3588/5234/2 3587/5304/2
f 3538/5268/2 3585/5235/2 3588/5234/2
f 3543/5273/2 3590/5236/2 3589/5238/2
f 3543/5273/2 3544/5275/2 3591/5305/2
f 3545/5274/2 3592/5237/2 3591/5305/2
f 3542/5272/2 3589/5238/2 3592/5237/2
f 3547/5277/2 3594/5239/2 3593/5241/2
f 3547/5277/2 3548/5278/2 3595/5306/2
f 3549/5279/2 3596/5240/2 3595/5306/2
f 3546/5276/2 3593/5241/2 3596/5240/2
f 3478/5307/2 3598/5310/2 3597/5308/2
f 3477/5309/2 3599/5312/2 3598/5310/2
f 3477/5309/2 3476/5313/2 3600/5311/2
f 3479/2184/2 3597/5308/2 3600/5311/2
f 3603/246/1 3602/7742/1 3601/5314/1
f 3604/5316/2 3608/6567/2 3607/5317/2
f 3603/5319/7 3607/8326/7 3606/5320/7
f 3605/5322/1 3606/5328/1 3610/5323/1
f 3608/5325/1 3612/5327/1 3611/578/1
f 3605/5322/1 3609/5324/1 3612/5327/1
f 3606/5328/1 3607/5326/1 3611/578/1
f 3601/5329/26 3605/8327/26 3608/5330/26
f 3602/5332/6 3606/5952/6 3605/5331/6
f 3614/5333/82 3725/8328/82 3724/5334/82
f 3676/5336/83 3726/5339/83 3725/5337/83
f 3676/5336/84 3636/5897/84 3724/5338/84
f 3614/5340/161 3633/8329/161 3728/5021/161
f 3676/5336/356 3729/5345/356 3728/5342/356
f 3676/5336/92 3614/3298/92 3727/5344/92
f 3675/5346/83 3722/5350/83 3731/5347/83
f 3663/5349/87 3732/5352/87 3731/5347/87
f 3663/5349/89 3723/5353/92 3733/5351/92
f 3675/5346/96 3730/5348/96 3733/5351/96
f 3633/5343/99 3721/5356/83 3735/5354/90
f 3675/5346/84 3736/5358/84 3735/5354/84
f 3675/5346/92 3676/5336/92 3737/5357/92
f 3633/5343/169 3734/5355/169 3737/5357/169
f 3637/5359/161 3739/8330/161 3738/5360/161
f 3677/5362/84 3740/5366/84 3739/5363/84
f 3677/5362/92 3617/5835/92 3738/5365/92
f 3674/5367/83 3719/5371/83 3742/5368/83
f 3661/5370/84 3743/5373/84 3742/5368/84
f 3661/5370/92 3720/5374/92 3744/5372/92
f 3674/5367/96 3741/5369/96 3744/5372/96
f 3637/5364/90 3718/5377/83 3746/5375/83
f 3674/5367/84 3747/5379/84 3746/5375/84
f 3674/5367/92 3677/5362/104 3748/5378/92
f 3637/5364/94 3745/5376/94 3748/5378/94
f 3618/5380/163 3638/8331/161 3750/5381/161
f 3678/5383/84 3751/5387/84 3750/5384/84
f 3678/5383/92 3618/5802/92 3749/5386/92
f 3673/5388/83 3716/5392/83 3753/5389/83
f 3659/5391/84 3754/5394/84 3753/5389/84
f 3659/5391/92 3717/5395/92 3755/5393/92
f 3673/5388/96 3752/5390/96 3755/5393/96
f 3638/5385/103 3715/5398/83 3757/5396/83
f 3673/5388/84 3758/5400/84 3757/5396/84
f 3673/5388/92 3678/5383/92 3759/5399/92
f 3638/5385/95 3756/5397/95 3759/5399/95
f 3639/5401/357 3761/4957/161 3760/5402/357
f 3679/5404/84 3762/5408/84 3761/5405/84
f 3679/5404/92 3619/5805/92 3760/5407/92
f 3672/5409/83 3713/5413/83 3764/5410/83
f 3657/5412/87 3765/5415/87 3764/5410/87
f 3657/5412/89 3714/5416/92 3766/5414/92
f 3672/5409/96 3763/5411/96 3766/5414/96
f 3639/5406/103 3712/5419/83 3768/5417/83
f 3672/5409/84 3769/5421/84 3768/5417/84
f 3672/5409/92 3679/5404/92 3770/5420/92
f 3639/5406/169 3767/5418/169 3770/5420/169
f 3671/5422/90 3710/5426/83 3772/5423/83
f 3641/5425/84 3773/5428/84 3772/5423/84
f 3641/5425/92 3711/5429/92 3774/5427/92
f 3671/5422/94 3771/5424/94 3774/5427/94
f 3656/5430/83 3709/5433/83 3776/5431/83
f 3671/5422/84 3777/5435/84 3776/5431/84
f 3671/5422/92 3680/5436/92 3778/5434/92
f 3656/5430/96 3775/5432/96 3778/5434/96
f 3670/5437/90 3707/5440/83 3780/5438/83
f 3656/5430/84 3781/5442/84 3780/5438/84
f 3656/5430/92 3708/5443/92 3782/5441/92
f 3670/5437/95 3779/5439/95 3782/5441/95
f 3657/5412/83 3706/5446/83 3784/5444/83
f 3670/5437/84 3785/5448/84 3784/5444/84
f 3670/5437/92 3681/5449/92 3786/5447/92
f 3657/5412/96 3783/5445/96 3786/5447/96
f 3669/5450/83 3704/5454/83 3788/5451/83
f 3642/5453/84 3789/5456/84 3788/5451/84
f 3642/5453/92 3705/5457/92 3790/5455/92
f 3669/5450/96 3787/5452/96 3790/5455/96
f 3658/5458/90 3703/5461/83 3792/5459/83
f 3669/5450/84 3793/5463/84 3792/5459/84
f 3669/5450/92 3682/5464/92 3794/5462/92
f 3658/5458/95 3791/5460/95 3794/5462/95
f 3668/5465/83 3701/5468/83 3796/5466/83
f 3658/5458/84 3797/5470/84 3796/5466/84
f 3658/5458/92 3702/5471/92 3798/5469/92
f 3668/5465/96 3795/5467/96 3798/5469/96
f 3659/5391/83 3700/5474/83 3800/5472/83
f 3668/5465/84 3801/5476/84 3800/5472/84
f 3668/5465/92 3683/5477/92 3802/5475/92
f 3659/5391/96 3799/5473/96 3802/5475/96
f 3667/5478/83 3698/5482/83 3804/5479/83
f 3634/5481/84 3805/5484/84 3804/5479/84
f 3634/5481/92 3699/5485/92 3806/5483/92
f 3667/5478/94 3803/5480/94 3806/5483/94
f 3660/5486/83 3697/5489/83 3808/5487/83
f 3667/5478/84 3809/5491/84 3808/5487/84
f 3667/5478/92 3684/5492/104 3810/5490/104
f 3660/5486/96 3807/5488/96 3810/5490/96
f 3666/5493/83 3695/5496/83 3812/5494/83
f 3660/5486/84 3813/5498/84 3812/5494/84
f 3660/5486/92 3696/5499/104 3814/5497/104
f 3666/5493/341 3811/5495/341 3814/5497/341
f 3661/5370/83 3694/5502/83 3816/5500/83
f 3666/5493/84 3817/5504/84 3816/5500/84
f 3666/5493/92 3685/5505/104 3818/5503/104
f 3661/5370/96 3815/5501/96 3818/5503/96
f 3625/5506/82 3820/8332/82 3819/5507/82
f 3686/5509/83 3821/5513/83 3820/5510/83
f 3686/5509/84 3648/5582/87 3819/5512/84
f 3665/5514/103 3692/5518/83 3823/5515/83
f 3640/5517/84 3824/5520/84 3823/5515/84
f 3640/5517/92 3693/5521/92 3825/5519/92
f 3665/5514/94 3822/5516/94 3825/5519/94
f 3662/5522/83 3691/5525/83 3827/5523/83
f 3665/5514/84 3828/5527/84 3827/5523/84
f 3665/5514/92 3686/5509/92 3829/5526/92
f 3662/5522/96 3826/5524/96 3829/5526/96
f 3626/5528/82 3831/8333/82 3830/5529/82
f 3687/5531/83 3832/5535/83 3831/5532/83
f 3687/5531/84 3649/5546/84 3830/5534/84
f 3664/5536/90 3689/5539/90 3834/5537/90
f 3662/5522/84 3835/5541/84 3834/5537/84
f 3662/5522/92 3690/5542/92 3836/5540/92
f 3664/5536/95 3833/5538/95 3836/5540/95
f 3690/5542/339 3838/5545/339 3837/5543/339
f 3690/5542/93 3649/5546/92 3839/5544/92
f 3687/5531/110 3840/5547/110 3839/5544/110
f 3687/5531/83 3664/5536/83 3837/5543/83
f 3709/5433/84 3842/5551/84 3841/5548/84
f 3709/5433/92 3656/5430/92 3843/5550/92
f 3707/5440/96 3844/5552/96 3843/5550/96
f 3707/5440/83 3629/5549/83 3841/5548/83
f 3688/5553/91 3846/5557/91 3845/5554/91
f 3688/5553/89 3663/5349/89 3847/5556/89
f 3722/5350/95 3848/5558/95 3847/5556/95
f 3722/5350/90 3632/5555/83 3845/5554/83
f 3680/5436/84 3850/5561/84 3849/5559/84
f 3680/5436/92 3631/5562/92 3851/5560/92
f 3708/5443/96 3852/5563/96 3851/5560/96
f 3708/5443/83 3656/5430/83 3849/5559/83
f 3687/5531/87 3854/5566/87 3853/5564/87
f 3687/5531/89 3626/5533/92 3855/5565/92
f 3723/5353/95 3856/5567/95 3855/5565/95
f 3723/5353/90 3663/5349/83 3853/5564/83
f 3649/5568/82 3858/8334/82 3857/5569/82
f 3690/5542/83 3859/5573/83 3858/5571/83
f 3690/5542/84 3625/5511/84 3857/5572/84
f 3689/5539/339 3861/5577/339 3860/5574/339
f 3689/5539/88 3664/5536/89 3862/5576/89
f 3688/5553/358 3863/5578/358 3862/5576/358
f 3688/5553/98 3655/5575/83 3860/5574/83
f 3693/5521/84 3865/5581/84 3864/5579/84
f 3693/5521/92 3648/5582/92 3866/5580/92
f 3686/5509/96 3867/5583/96 3866/5580/96
f 3686/5509/83 3665/5514/83 3864/5579/83
f 3632/5555/83 3681/5449/83 3869/5584/83
f 3655/5575/84 3870/5587/84 3869/5584/84
f 3655/5575/92 3688/5553/92 3871/5586/92
f 3632/5555/96 3868/5585/96 3871/5586/96
f 3640/3886/165 3873/8335/165 3872/5588/165
f 3692/5518/95 3874/5592/95 3873/5590/95
f 3692/5518/90 3620/5754/90 3872/5591/90
f 3655/5575/90 3708/5443/83 3876/5593/83
f 3631/5562/84 3877/5596/84 3876/5593/84
f 3631/5562/92 3689/5539/92 3878/5595/92
f 3655/5575/94 3875/5594/94 3878/5595/94
f 3615/5597/165 3880/8336/165 3879/5598/165
f 3693/5521/95 3881/5602/95 3880/5600/95
f 3693/5521/83 3640/5517/83 3879/5601/83
f 3648/5603/82 3883/8337/82 3882/5604/82
f 3693/5521/83 3884/5608/83 3883/5606/83
f 3693/5521/84 3615/156/84 3882/5607/84
f 3692/5518/84 3886/5612/84 3885/5609/84
f 3692/5518/92 3665/5514/89 3887/5611/89
f 3691/5525/96 3888/5613/96 3887/5611/96
f 3691/5525/83 3654/5610/83 3885/5609/83
f 3696/5499/91 3890/5616/91 3889/5614/91
f 3696/5499/93 3651/5617/92 3891/5615/92
f 3685/5505/96 3892/5618/96 3891/5615/96
f 3685/5505/83 3666/5493/103 3889/5614/90
f 3623/5619/112 3647/8338/112 3894/5620/112
f 3694/5502/89 3895/5625/89 3894/5622/89
f 3694/5502/95 3623/5627/96 3893/5624/96
f 3694/5502/91 3897/5629/91 3896/5626/91
f 3694/5502/89 3661/5370/92 3898/5628/92
f 3719/5371/96 3899/5630/96 3898/5628/96
f 3719/5371/83 3623/5627/83 3896/5626/83
f 3647/5631/112 3624/8339/112 3901/5632/112
f 3695/5496/89 3902/5637/89 3901/5634/89
f 3695/5496/95 3647/5623/96 3900/5636/95
f 3685/5505/87 3904/5640/87 3903/5638/87
f 3685/5505/93 3628/5641/92 3905/5639/92
f 3720/5374/96 3906/5642/96 3905/5639/96
f 3720/5374/83 3661/5370/90 3903/5638/90
f 3695/5496/91 3908/5645/91 3907/5643/91
f 3695/5496/89 3666/5493/92 3909/5644/92
f 3694/5502/96 3910/5646/96 3909/5644/96
f 3694/5502/83 3647/5623/83 3907/5643/83
f 3699/5485/84 3912/5649/84 3911/5647/84
f 3699/5485/92 3650/5650/92 3913/5648/92
f 3684/5492/96 3914/5651/96 3913/5648/96
f 3684/5492/83 3667/5478/90 3911/5647/90
f 3635/5652/112 3916/8340/112 3915/5653/112
f 3697/5489/89 3917/5658/89 3916/5655/89
f 3697/5489/95 3624/5635/96 3915/5657/96
f 3616/5659/166 3634/8341/166 3919/5660/166
f 3698/5482/95 3920/5664/95 3919/5662/95
f 3698/5482/90 3616/5669/83 3918/5663/83
f 3635/5665/112 3616/8342/112 3922/5666/112
f 3698/5482/108 3923/5671/108 3922/5668/108
f 3698/5482/95 3635/5656/96 3921/5670/96
f 3622/5672/166 3925/8343/166 3924/5673/166
f 3699/5485/95 3926/5678/95 3925/5675/95
f 3699/5485/90 3634/5481/103 3924/5677/103
f 3698/5482/84 3928/5681/84 3927/5679/84
f 3698/5482/92 3667/5478/92 3929/5680/92
f 3697/5489/96 3930/5682/96 3929/5680/96
f 3697/5489/83 3635/5656/83 3927/5679/83
f 3702/5471/87 3932/5685/87 3931/5683/87
f 3702/5471/93 3653/5686/92 3933/5684/92
f 3683/5477/96 3934/5687/96 3933/5684/96
f 3683/5477/83 3668/5465/83 3931/5683/83
f 3629/5549/83 3682/5464/83 3936/5688/83
f 3652/5690/340 3937/5692/340 3936/5688/340
f 3652/5690/92 3709/5433/89 3938/5691/89
f 3629/5549/96 3935/5689/96 3938/5691/96
f 3700/5474/91 3940/5695/91 3939/5693/91
f 3700/5474/93 3659/5391/92 3941/5694/92
f 3716/5392/96 3942/5696/96 3941/5694/96
f 3716/5392/83 3628/5641/167 3939/5693/83
f 3652/5690/103 3705/5457/83 3944/5697/83
f 3621/5699/84 3945/5701/84 3944/5697/84
f 3621/5699/92 3710/5426/89 3946/5700/89
f 3652/5690/95 3943/5698/95 3946/5700/95
f 3683/5477/87 3948/5704/87 3947/5702/87
f 3683/5477/93 3630/5705/92 3949/5703/92
f 3717/5395/96 3950/5706/96 3949/5703/96
f 3717/5395/83 3659/5391/90 3947/5702/90
f 3701/5468/91 3952/5709/91 3951/5707/91
f 3701/5468/93 3668/5465/92 3953/5708/92
f 3700/5474/96 3954/5710/96 3953/5708/96
f 3700/5474/83 3651/5617/114 3951/5707/114
f 3705/5457/84 3956/5713/84 3955/5711/84
f 3705/5457/92 3652/5690/92 3957/5712/92
f 3682/5464/341 3958/5714/341 3957/5712/341
f 3682/5464/83 3669/5450/83 3955/5711/83
f 3628/5641/83 3685/5505/83 3960/5715/83
f 3651/5617/84 3961/5718/84 3960/5715/84
f 3651/5617/92 3700/5474/92 3962/5717/92
f 3628/5641/96 3959/5716/96 3962/5717/96
f 3642/5719/166 3964/8344/166 3963/5720/166
f 3704/5454/95 3965/5724/95 3964/5722/95
f 3704/5454/90 3622/5676/90 3963/5723/90
f 3651/5617/83 3696/5499/83 3967/5725/83
f 3627/5727/84 3968/5729/84 3967/5725/84
f 3627/5727/92 3701/5468/92 3969/5728/92
f 3651/5617/96 3966/5726/96 3969/5728/96
f 3621/5730/166 3971/8345/166 3970/5731/166
f 3705/5457/95 3972/5735/95 3971/5733/95
f 3705/5457/83 3642/5453/83 3970/5734/83
f 3704/5454/84 3974/5738/84 3973/5736/84
f 3704/5454/92 3669/5450/92 3975/5737/92
f 3703/5461/96 3976/5739/96 3975/5737/96
f 3703/5461/83 3650/5650/114 3973/5736/114
f 3708/5443/339 3978/5742/339 3977/5740/339
f 3708/5443/108 3655/5575/92 3979/5741/92
f 3681/5449/358 3980/5743/358 3979/5741/358
f 3681/5449/98 3670/5437/83 3977/5740/83
f 3631/5562/83 3680/5436/83 3982/5744/83
f 3654/5610/84 3983/5747/84 3982/5744/84
f 3654/5610/92 3691/5525/92 3984/5746/92
f 3631/5562/96 3981/5745/96 3984/5746/96
f 3706/5446/87 3986/5750/87 3985/5748/87
f 3706/5446/89 3657/5412/92 3987/5749/92
f 3713/5413/95 3988/5751/95 3987/5749/95
f 3713/5413/90 3630/5705/83 3985/5748/83
f 3654/5610/90 3711/5429/83 3990/5752/83
f 3620/5754/84 3991/5756/84 3990/5752/84
f 3620/5754/92 3692/5518/92 3992/5755/92
f 3654/5610/94 3989/5753/94 3992/5755/94
f 3681/5449/91 3994/5759/91 3993/5757/91
f 3681/5449/89 3632/5555/92 3995/5758/92
f 3714/5416/95 3996/5760/95 3995/5758/95
f 3714/5416/90 3657/5412/83 3993/5757/83
f 3707/5440/339 3998/5763/339 3997/5761/339
f 3707/5440/88 3670/5437/89 3999/5762/89
f 3706/5446/358 4000/5764/358 3999/5762/358
f 3706/5446/98 3653/5686/83 3997/5761/83
f 3711/5429/84 4002/5767/84 4001/5765/359
f 3711/5429/92 3654/5610/92 4003/5766/92
f 3680/5436/96 4004/5768/96 4003/5766/96
f 3680/5436/83 3671/5422/83 4001/5765/83
f 3630/5705/83 3683/5477/83 4006/5769/83
f 3653/5686/84 4007/5772/84 4006/5769/84
f 3653/5686/92 3706/5446/93 4008/5771/89
f 3630/5705/96 4005/5770/96 4008/5771/96
f 3641/5773/165 4010/8346/165 4009/5774/165
f 3710/5426/95 4011/5778/95 4010/5776/95
f 3710/5426/90 3621/5699/83 4009/5777/83
f 3653/5686/90 3702/5471/83 4013/5779/83
f 3629/5549/84 4014/5782/84 4013/5779/84
f 3629/5549/92 3707/5440/93 4015/5781/89
f 3653/5686/95 4012/5780/95 4015/5781/95
f 3641/5783/109 3620/8347/360 4017/5784/165
f 3711/5429/95 4018/5788/95 4017/5786/95
f 3711/5429/90 3641/5425/83 4016/5787/83
f 3710/5426/84 4020/5791/84 4019/5789/84
f 3710/5426/92 3671/5422/92 4021/5790/92
f 3709/5433/96 4022/5792/96 4021/5790/96
f 3709/5433/83 3652/5690/83 4019/5789/83
f 3714/5416/84 4024/5795/84 4023/5793/84
f 3714/5416/92 3645/5796/92 4025/5794/92
f 3679/5404/96 4026/5797/96 4025/5794/96
f 3679/5404/83 3672/5409/83 4023/5793/83
f 3618/5798/161 4028/8348/161 4027/5799/161
f 3712/5419/84 4029/5804/84 4028/5801/84
f 3712/5419/92 3639/5406/92 4027/5803/92
f 3619/5805/101 3679/5404/83 4031/5806/83
f 3645/5796/84 4032/5809/84 4031/5806/84
f 3645/5796/92 3721/5356/92 4033/5808/92
f 3619/5805/169 4030/5807/169 4033/5808/169
f 3703/5461/84 4035/5812/84 4034/5810/84
f 3703/5461/92 3658/5458/92 4036/5811/92
f 3701/5468/341 4037/5813/341 4036/5811/341
f 3701/5468/83 3627/5727/114 4034/5810/114
f 3645/5796/83 3714/5416/83 4039/5814/83
f 3632/5555/87 4040/5817/87 4039/5814/87
f 3632/5555/89 3722/5350/92 4041/5816/92
f 3645/5796/96 4038/5815/96 4041/5816/96
f 3682/5464/84 4043/5820/84 4042/5818/84
f 3682/5464/92 3629/5549/92 4044/5819/92
f 3702/5471/341 4045/5821/341 4044/5819/341
f 3702/5471/83 3658/5458/83 4042/5818/83
f 3713/5413/84 4047/5825/84 4046/5822/84
f 3713/5413/92 3672/5409/92 4048/5824/92
f 3712/5419/96 4049/5826/96 4048/5824/96
f 3712/5419/83 3644/5823/83 4046/5822/83
f 3717/5395/84 4051/5829/84 4050/5827/84
f 3717/5395/92 3644/5823/92 4052/5828/92
f 3678/5383/96 4053/5830/96 4052/5828/96
f 3678/5383/83 3673/5388/83 4050/5827/83
f 3638/5831/161 3617/8349/161 4055/5832/161
f 3715/5398/84 4056/5837/84 4055/5834/84
f 3715/5398/92 3638/5385/92 4054/5836/92
f 3618/5802/103 3678/5383/83 4058/5838/90
f 3644/5823/84 4059/5841/84 4058/5838/84
f 3644/5823/92 3712/5419/93 4060/5840/89
f 3618/5802/169 4057/5839/169 4060/5840/169
f 3697/5489/84 4062/5844/84 4061/5842/84
f 3697/5489/92 3660/5486/92 4063/5843/92
f 3695/5496/96 4064/5845/96 4063/5843/96
f 3695/5496/83 3624/5635/83 4061/5842/83
f 3644/5823/83 3717/5395/83 4066/5846/83
f 3630/5705/91 4067/5849/91 4066/5846/91
f 3630/5705/89 3713/5413/89 4068/5848/89
f 3644/5823/96 4065/5847/96 4068/5848/96
f 3684/5492/84 4070/5852/84 4069/5850/361
f 3684/5492/92 3627/5727/92 4071/5851/92
f 3696/5499/341 4072/5853/341 4071/5851/341
f 3696/5499/83 3660/5486/90 4069/5850/90
f 3716/5392/84 4074/5857/84 4073/5854/84
f 3716/5392/92 3673/5388/92 4075/5856/92
f 3715/5398/96 4076/5858/96 4075/5856/96
f 3715/5398/83 3643/5855/167 4073/5854/167
f 3720/5374/84 4078/5861/84 4077/5859/84
f 3720/5374/92 3643/5855/92 4079/5860/92
f 3677/5362/96 4080/5862/96 4079/5860/96
f 3677/5362/83 3674/5367/90 4077/5859/90
f 3613/5863/161 4082/8350/161 4081/5864/161
f 3718/5377/84 4083/5868/84 4082/5866/84
f 3718/5377/92 3637/5364/168 4081/5867/168
f 3613/5869/112 3646/8351/112 4085/5870/112
f 3718/5377/108 4086/5875/108 4085/5872/108
f 3718/5377/95 3613/3300/96 4084/5874/95
f 3691/5525/84 4088/5878/84 4087/5876/84
f 3691/5525/92 3662/5522/89 4089/5877/89
f 3689/5539/96 4090/5879/96 4089/5877/96
f 3689/5539/83 3631/5562/83 4087/5876/83
f 3623/5880/112 4092/8352/112 4091/5881/112
f 3719/5371/108 4093/5885/108 4092/5883/108
f 3719/5371/95 3646/5873/96 4091/5884/96
f 3686/5509/84 4095/5888/84 4094/5886/84
f 3686/5509/92 3625/5511/92 4096/5887/92
f 3690/5542/96 4097/5889/96 4096/5887/96
f 3690/5542/83 3662/5522/83 4094/5886/83
f 3719/5371/84 4099/5892/84 4098/5890/84
f 3719/5371/92 3674/5367/92 4100/5891/92
f 3718/5377/96 4101/5893/96 4100/5891/96
f 3718/5377/83 3646/5873/83 4098/5890/83
f 3723/5353/84 4103/5896/84 4102/5894/84
f 3723/5353/92 3636/5897/92 4104/5895/92
f 3676/5336/96 4105/5898/96 4104/5895/96
f 3676/5336/83 3675/5346/83 4102/5894/83
f 3633/5899/161 3619/6207/161 4107/5900/161
f 3721/5356/356 4108/5904/356 4107/5902/356
f 3721/5356/92 3633/5343/92 4106/5903/92
f 3627/5727/90 3684/5492/83 4110/5905/83
f 3650/5650/84 4111/5908/84 4110/5905/84
f 3650/5650/92 3703/5461/92 4112/5907/92
f 3627/5727/95 4109/5906/95 4112/5907/95
f 3643/5855/83 3720/5374/83 4114/5909/83
f 3628/5641/84 4115/5912/84 4114/5909/84
f 3628/5641/92 3716/5392/92 4116/5911/92
f 3643/5855/96 4113/5910/96 4116/5911/96
f 3650/5650/83 3699/5485/83 4118/5913/83
f 3622/5676/84 4119/5916/84 4118/5913/84
f 3622/5676/92 3704/5454/92 4120/5915/92
f 3650/5650/96 4117/5914/96 4120/5915/96
f 3663/5349/83 3688/5553/83 4122/5917/83
f 3664/5536/84 4123/5920/84 4122/5917/84
f 3664/5536/92 3687/5531/92 4124/5919/92
f 3663/5349/96 4121/5918/96 4124/5919/96
f 3636/5921/82 4126/8353/82 4125/5922/82
f 3723/5353/83 4127/5926/83 4126/5924/83
f 3723/5353/84 3626/5533/84 4125/5925/84
f 3722/5350/84 4129/5929/84 4128/5927/84
f 3722/5350/92 3675/5346/93 4130/5928/89
f 3721/5356/96 4131/5930/96 4130/5928/96
f 3721/5356/83 3645/5796/83 4128/5927/83
f 3617/5835/103 3677/5362/83 4133/5931/83
f 3643/5855/84 4134/5934/84 4133/5931/84
f 3643/5855/92 3715/5398/92 4135/5933/92
f 3617/5835/95 4132/5932/95 4135/5933/95
f 4138/260/1 4137/8354/1 4136/5935/1
f 4139/5318/2 4143/5317/2 4142/5937/2
f 4138/5938/7 4142/8355/7 4141/5939/7
f 4140/5941/1 4141/5948/1 4145/5942/1
f 4143/5944/1 4147/5947/1 4146/5945/1
f 4140/5941/1 4144/5943/1 4147/5947/1
f 4142/5946/1 4146/5945/1 4145/5942/1
f 4136/5949/26 4140/8356/26 4143/5950/26
f 4137/5951/6 4141/6554/6 4140/5952/6
f 4149/5953/82 4260/8357/82 4259/5954/82
f 4211/5956/83 4261/5959/83 4260/5957/83
f 4211/5956/84 4171/6516/84 4259/5958/84
f 4149/5960/86 4168/8358/86 4263/5785/86
f 4211/5956/87 4264/5964/87 4263/5961/87
f 4211/5956/89 4149/510/89 4262/5963/89
f 4210/5965/83 4257/5969/83 4266/5966/83
f 4198/5968/87 4267/5971/87 4266/5966/87
f 4198/5968/89 4258/5972/92 4268/5970/92
f 4210/5965/96 4265/5967/96 4268/5970/96
f 4168/5962/83 4256/5975/83 4270/5973/83
f 4210/5965/84 4271/5977/84 4270/5973/84
f 4210/5965/92 4211/5956/92 4272/5976/92
f 4168/5962/96 4269/5974/96 4272/5976/96
f 4172/5978/86 4274/8359/86 4273/5979/86
f 4212/5981/84 4275/5985/84 4274/5982/84
f 4212/5981/92 4152/6454/89 4273/5984/89
f 4209/5986/83 4254/5990/83 4277/5987/83
f 4196/5989/87 4278/5992/87 4277/5987/87
f 4196/5989/93 4255/5993/92 4279/5991/92
f 4209/5986/96 4276/5988/96 4279/5991/96
f 4172/5983/83 4253/5996/83 4281/5994/83
f 4209/5986/84 4282/5998/84 4281/5994/84
f 4209/5986/92 4212/5981/92 4283/5997/92
f 4172/5983/96 4280/5995/96 4283/5997/96
f 4153/5999/161 4173/8360/161 4285/6000/161
f 4213/6002/84 4286/6006/84 4285/6003/84
f 4213/6002/92 4153/6421/92 4284/6005/92
f 4208/6007/83 4251/6011/83 4288/6008/83
f 4194/6010/91 4289/6013/91 4288/6008/91
f 4194/6010/92 4252/6014/92 4290/6012/92
f 4208/6007/96 4287/6009/96 4290/6012/96
f 4173/6004/83 4250/6017/83 4292/6015/83
f 4208/6007/84 4293/6019/84 4292/6015/84
f 4208/6007/92 4213/6002/92 4294/6018/92
f 4173/6004/96 4291/6016/96 4294/6018/96
f 4174/4896/86 4296/8361/86 4295/6020/86
f 4214/6022/91 4297/6026/91 4296/6023/91
f 4214/6022/89 4154/6424/92 4295/6025/92
f 4207/6027/83 4248/6031/83 4299/6028/83
f 4192/6030/87 4300/6033/87 4299/6028/87
f 4192/6030/89 4249/6034/92 4301/6032/92
f 4207/6027/96 4298/6029/96 4301/6032/96
f 4174/6024/83 4247/6037/83 4303/6035/83
f 4207/6027/84 4304/6039/84 4303/6035/84
f 4207/6027/92 4214/6022/92 4305/6038/92
f 4174/6024/96 4302/6036/96 4305/6038/96
f 4206/6040/83 4245/6044/83 4307/6041/83
f 4176/6043/84 4308/6046/84 4307/6041/84
f 4176/6043/92 4246/6047/92 4309/6045/92
f 4206/6040/96 4306/6042/96 4309/6045/96
f 4191/6048/90 4244/6051/83 4311/6049/83
f 4206/6040/113 4312/6053/113 4311/6049/113
f 4206/6040/92 4215/6054/92 4313/6052/92
f 4191/6048/95 4310/6050/95 4313/6052/95
f 4205/6055/83 4242/6058/83 4315/6056/83
f 4191/6048/87 4316/6060/87 4315/6056/87
f 4191/6048/89 4243/6061/92 4317/6059/92
f 4205/6055/96 4314/6057/96 4317/6059/96
f 4192/6030/83 4241/6064/83 4319/6062/83
f 4205/6055/87 4320/6066/87 4319/6062/87
f 4205/6055/89 4216/6067/92 4321/6065/92
f 4192/6030/96 4318/6063/96 4321/6065/96
f 4204/6068/83 4239/6072/83 4323/6069/83
f 4177/6071/84 4324/6074/84 4323/6069/84
f 4177/6071/92 4240/6075/92 4325/6073/92
f 4204/6068/96 4322/6070/96 4325/6073/96
f 4193/6076/103 4238/6079/83 4327/6077/83
f 4204/6068/84 4328/6081/84 4327/6077/84
f 4204/6068/92 4217/6082/92 4329/6080/92
f 4193/6076/95 4326/6078/95 4329/6080/95
f 4203/6083/83 4236/6086/83 4331/6084/83
f 4193/6076/84 4332/6088/84 4331/6084/84
f 4193/6076/92 4237/6089/92 4333/6087/92
f 4203/6083/96 4330/6085/96 4333/6087/96
f 4194/6010/83 4235/6092/83 4335/6090/83
f 4203/6083/91 4336/6094/91 4335/6090/91
f 4203/6083/92 4218/6095/92 4337/6093/92
f 4194/6010/96 4334/6091/96 4337/6093/96
f 4202/6096/83 4233/6100/83 4339/6097/83
f 4169/6099/84 4340/6102/84 4339/6097/84
f 4169/6099/92 4234/6103/92 4341/6101/92
f 4202/6096/96 4338/6098/96 4341/6101/96
f 4195/6104/83 4232/6107/83 4343/6105/83
f 4202/6096/84 4344/6109/84 4343/6105/84
f 4202/6096/92 4219/6110/104 4345/6108/104
f 4195/6104/94 4342/6106/94 4345/6108/94
f 4201/6111/83 4230/6114/83 4347/6112/83
f 4195/6104/84 4348/6116/84 4347/6112/84
f 4195/6104/92 4231/6117/92 4349/6115/92
f 4201/6111/341 4346/6113/341 4349/6115/341
f 4196/5989/83 4229/6120/83 4351/6118/83
f 4201/6111/87 4352/6122/87 4351/6118/87
f 4201/6111/93 4220/6123/92 4353/6121/92
f 4196/5989/96 4350/6119/96 4353/6121/96
f 4160/6124/82 4355/8362/82 4354/6125/82
f 4221/6127/83 4356/6131/83 4355/6128/83
f 4221/6127/84 4183/6200/84 4354/6130/84
f 4200/6132/83 4227/6136/83 4358/6133/83
f 4175/6135/84 4359/6138/84 4358/6133/84
f 4175/6135/92 4228/6139/92 4360/6137/92
f 4200/6132/96 4357/6134/96 4360/6137/96
f 4197/6140/90 4226/6143/83 4362/6141/83
f 4200/6132/113 4363/6145/113 4362/6141/113
f 4200/6132/92 4221/6127/92 4364/6144/92
f 4197/6140/95 4361/6142/95 4364/6144/95
f 4161/6146/82 4366/8363/82 4365/6147/82
f 4222/6149/83 4367/6153/83 4366/6150/83
f 4222/6149/84 4184/6164/84 4365/6152/84
f 4199/6154/83 4224/6157/83 4369/6155/83
f 4197/6140/87 4370/6159/87 4369/6155/87
f 4197/6140/89 4225/6160/92 4371/6158/92
f 4199/6154/96 4368/6156/96 4371/6158/96
f 4225/6160/113 4373/6163/113 4372/6161/113
f 4225/6160/104 4184/6164/92 4374/6162/92
f 4222/6149/96 4375/6165/96 4374/6162/96
f 4222/6149/83 4199/6154/83 4372/6161/83
f 4244/6051/84 4377/6169/84 4376/6166/84
f 4244/6051/92 4191/6048/92 4378/6168/92
f 4242/6058/169 4379/6170/169 4378/6168/169
f 4242/6058/103 4164/6167/83 4376/6166/90
f 4223/6171/91 4381/6175/91 4380/6172/91
f 4223/6171/89 4198/5968/89 4382/6174/89
f 4257/5969/96 4383/6176/96 4382/6174/96
f 4257/5969/83 4167/6173/83 4380/6172/83
f 4215/6054/84 4385/6179/84 4384/6177/84
f 4215/6054/92 4166/6180/92 4386/6178/92
f 4243/6061/169 4387/6181/169 4386/6178/169
f 4243/6061/103 4191/6048/83 4384/6177/83
f 4222/6149/91 4389/6184/91 4388/6182/91
f 4222/6149/93 4161/6151/92 4390/6183/92
f 4258/5972/96 4391/6185/96 4390/6183/96
f 4258/5972/83 4198/5968/83 4388/6182/83
f 4160/6186/82 4184/8364/82 4393/6187/82
f 4225/6160/98 4394/6191/98 4393/6189/98
f 4225/6160/84 4160/6129/84 4392/6190/84
f 4224/6157/85 4396/6195/85 4395/6192/85
f 4224/6157/92 4199/6154/93 4397/6194/116
f 4223/6171/96 4398/6196/96 4397/6194/96
f 4223/6171/83 4190/6193/83 4395/6192/83
f 4228/6139/84 4400/6199/84 4399/6197/84
f 4228/6139/92 4183/6200/92 4401/6198/92
f 4221/6127/96 4402/6201/96 4401/6198/96
f 4221/6127/83 4200/6132/83 4399/6197/83
f 4167/6173/83 4216/6067/83 4404/6202/83
f 4190/6193/87 4405/6205/87 4404/6202/87
f 4190/6193/93 4223/6171/92 4406/6204/92
f 4167/6173/96 4403/6203/96 4406/6204/96
f 4175/5899/166 4408/8365/166 4407/6206/166
f 4227/6136/102 4409/6210/102 4408/6208/102
f 4227/6136/99 4155/6373/99 4407/6209/99
f 4190/6193/83 4243/6061/83 4411/6211/83
f 4166/6180/87 4412/6214/87 4411/6211/87
f 4166/6180/89 4224/6157/92 4413/6213/92
f 4190/6193/96 4410/6212/96 4413/6213/96
f 4150/6215/166 4415/8366/166 4414/6216/166
f 4228/6139/169 4416/6221/169 4415/6218/169
f 4228/6139/99 4175/6135/90 4414/6220/90
f 4150/6222/82 4183/8367/82 4418/6223/82
f 4228/6139/83 4419/6227/83 4418/6225/83
f 4228/6139/84 4150/6219/87 4417/6226/87
f 4227/6136/84 4421/6231/84 4420/6228/84
f 4227/6136/92 4200/6132/89 4422/6230/89
f 4226/6143/96 4423/6232/96 4422/6230/96
f 4226/6143/83 4189/6229/83 4420/6228/83
f 4231/6117/84 4425/6235/84 4424/6233/84
f 4231/6117/92 4186/6236/92 4426/6234/92
f 4220/6123/96 4427/6237/96 4426/6234/96
f 4220/6123/83 4201/6111/90 4424/6233/90
f 4158/6238/112 4182/8368/112 4429/6239/112
f 4229/6120/108 4430/6244/108 4429/6241/108
f 4229/6120/95 4158/6246/96 4428/6243/96
f 4229/6120/84 4432/6248/84 4431/6245/84
f 4229/6120/92 4196/5989/92 4433/6247/92
f 4254/5990/96 4434/6249/96 4433/6247/96
f 4254/5990/83 4158/6246/83 4431/6245/83
f 4159/6250/112 4436/8369/112 4435/6251/112
f 4230/6114/108 4437/6256/108 4436/6253/108
f 4230/6114/95 4182/6242/96 4435/6255/96
f 4220/6123/84 4439/6259/84 4438/6257/84
f 4220/6123/92 4163/6260/92 4440/6258/92
f 4255/5993/96 4441/6261/96 4440/6258/96
f 4255/5993/83 4196/5989/90 4438/6257/90
f 4230/6114/84 4443/6264/84 4442/6262/84
f 4230/6114/92 4201/6111/92 4444/6263/92
f 4229/6120/96 4445/6265/96 4444/6263/96
f 4229/6120/83 4182/6242/83 4442/6262/83
f 4234/6103/84 4447/6268/84 4446/6266/84
f 4234/6103/92 4185/6269/92 4448/6267/92
f 4219/6110/96 4449/6270/96 4448/6267/96
f 4219/6110/83 4202/6096/103 4446/6266/90
f 4159/6271/112 4170/8370/112 4451/6272/112
f 4232/6107/89 4452/6277/89 4451/6274/89
f 4232/6107/95 4159/6254/96 4450/6276/96
f 4151/6278/166 4169/8371/166 4454/6279/166
f 4233/6100/94 4455/6283/94 4454/6281/94
f 4233/6100/90 4151/6288/83 4453/6282/83
f 4151/6284/112 4457/8372/112 4456/6285/112
f 4233/6100/89 4458/6290/89 4457/6287/89
f 4233/6100/95 4170/6275/96 4456/6289/96
f 4157/6291/166 4460/8373/166 4459/6292/166
f 4234/6103/95 4461/6297/95 4460/6294/95
f 4234/6103/90 4169/6099/103 4459/6296/103
f 4233/6100/84 4463/6300/84 4462/6298/84
f 4233/6100/92 4202/6096/92 4464/6299/92
f 4232/6107/96 4465/6301/96 4464/6299/96
f 4232/6107/83 4170/6275/83 4462/6298/83
f 4237/6089/84 4467/6304/84 4466/6302/84
f 4237/6089/92 4188/6305/92 4468/6303/92
f 4218/6095/96 4469/6306/96 4468/6303/96
f 4218/6095/83 4203/6083/83 4466/6302/83
f 4164/6167/103 4217/6082/83 4471/6307/83
f 4187/6309/113 4472/6311/113 4471/6307/113
f 4187/6309/92 4244/6051/93 4473/6310/89
f 4164/6167/95 4470/6308/95 4473/6310/95
f 4235/6092/84 4475/6314/84 4474/6312/84
f 4235/6092/92 4194/6010/92 4476/6313/92
f 4251/6011/96 4477/6315/96 4476/6313/96
f 4251/6011/83 4163/6260/167 4474/6312/167
f 4187/6309/83 4240/6075/83 4479/6316/83
f 4156/6318/84 4480/6320/84 4479/6316/84
f 4156/6318/92 4245/6044/89 4481/6319/89
f 4187/6309/96 4478/6317/96 4481/6319/96
f 4218/6095/84 4483/6323/84 4482/6321/84
f 4218/6095/92 4165/6324/92 4484/6322/92
f 4252/6014/96 4485/6325/96 4484/6322/96
f 4252/6014/83 4194/6010/83 4482/6321/83
f 4236/6086/84 4487/6328/84 4486/6326/84
f 4236/6086/92 4203/6083/92 4488/6327/92
f 4235/6092/96 4489/6329/96 4488/6327/96
f 4235/6092/83 4186/6236/167 4486/6326/167
f 4240/6075/84 4491/6332/84 4490/6330/84
f 4240/6075/92 4187/6309/92 4492/6331/92
f 4217/6082/96 4493/6333/96 4492/6331/96
f 4217/6082/83 4204/6068/83 4490/6330/83
f 4163/6260/83 4220/6123/83 4495/6334/83
f 4186/6236/91 4496/6337/91 4495/6334/91
f 4186/6236/92 4235/6092/92 4497/6336/92
f 4163/6260/96 4494/6335/96 4497/6336/96
f 4177/6338/166 4499/8374/166 4498/6339/166
f 4239/6072/95 4500/6343/95 4499/6341/95
f 4239/6072/90 4157/6295/90 4498/6342/90
f 4186/6236/83 4231/6117/83 4502/6344/83
f 4162/6346/84 4503/6348/84 4502/6344/84
f 4162/6346/92 4236/6086/92 4504/6347/92
f 4186/6236/96 4501/6345/96 4504/6347/96
f 4156/6349/166 4506/8375/166 4505/6350/166
f 4240/6075/94 4507/6354/94 4506/6352/94
f 4240/6075/90 4177/6071/83 4505/6353/83
f 4239/6072/84 4509/6357/84 4508/6355/84
f 4239/6072/92 4204/6068/92 4510/6356/92
f 4238/6079/96 4511/6358/96 4510/6356/96
f 4238/6079/83 4185/6269/114 4508/6355/114
f 4243/6061/113 4513/6361/113 4512/6359/113
f 4243/6061/92 4190/6193/92 4514/6360/92
f 4216/6067/96 4515/6362/96 4514/6360/96
f 4216/6067/83 4205/6055/83 4512/6359/83
f 4166/6180/83 4215/6054/83 4517/6363/83
f 4189/6229/113 4518/6366/113 4517/6363/113
f 4189/6229/104 4226/6143/92 4519/6365/92
f 4166/6180/94 4516/6364/94 4519/6365/94
f 4241/6064/91 4521/6369/91 4520/6367/91
f 4241/6064/89 4192/6030/92 4522/6368/92
f 4248/6031/96 4523/6370/96 4522/6368/96
f 4248/6031/83 4165/6324/83 4520/6367/83
f 4189/6229/83 4246/6047/83 4525/6371/83
f 4155/6373/84 4526/6375/84 4525/6371/84
f 4155/6373/92 4227/6136/92 4527/6374/92
f 4189/6229/96 4524/6372/96 4527/6374/96
f 4216/6067/91 4529/6378/91 4528/6376/91
f 4216/6067/89 4167/6173/92 4530/6377/92
f 4249/6034/96 4531/6379/96 4530/6377/96
f 4249/6034/83 4192/6030/83 4528/6376/83
f 4242/6058/113 4533/6382/113 4532/6380/113
f 4242/6058/92 4205/6055/92 4534/6381/92
f 4241/6064/96 4535/6383/96 4534/6381/96
f 4241/6064/83 4188/6305/83 4532/6380/83
f 4246/6047/84 4537/6386/84 4536/6384/84
f 4246/6047/92 4189/6229/92 4538/6385/92
f 4215/6054/96 4539/6387/96 4538/6385/96
f 4215/6054/83 4206/6040/83 4536/6384/83
f 4165/6324/83 4218/6095/83 4541/6388/83
f 4188/6305/91 4542/6391/91 4541/6388/91
f 4188/6305/89 4241/6064/89 4543/6390/89
f 4165/6324/96 4540/6389/96 4543/6390/96
f 4176/6392/166 4545/8376/166 4544/6393/166
f 4245/6044/102 4546/6397/102 4545/6395/102
f 4245/6044/103 4156/6318/90 4544/6396/90
f 4188/6305/83 4237/6089/83 4548/6398/83
f 4164/6167/91 4549/6401/91 4548/6398/91
f 4164/6167/89 4242/6058/89 4550/6400/89
f 4188/6305/96 4547/6399/96 4550/6400/96
f 4176/6402/166 4155/8377/166 4552/6403/166
f 4246/6047/169 4553/6407/169 4552/6405/169
f 4246/6047/103 4176/6043/90 4551/6406/90
f 4245/6044/84 4555/6410/84 4554/6408/84
f 4245/6044/92 4206/6040/92 4556/6409/92
f 4244/6051/96 4557/6411/96 4556/6409/96
f 4244/6051/83 4187/6309/83 4554/6408/83
f 4249/6034/113 4559/6414/113 4558/6412/113
f 4249/6034/100 4180/6415/92 4560/6413/92
f 4214/6022/96 4561/6416/96 4560/6413/96
f 4214/6022/83 4207/6027/83 4558/6412/83
f 4153/6417/86 4563/8378/86 4562/6418/86
f 4247/6037/91 4564/6423/91 4563/6420/91
f 4247/6037/89 4174/6024/89 4562/6422/89
f 4154/6424/83 4214/6022/83 4566/6425/83
f 4180/6415/84 4567/6428/84 4566/6425/84
f 4180/6415/92 4256/5975/92 4568/6427/92
f 4154/6424/96 4565/6426/96 4568/6427/96
f 4238/6079/84 4570/6431/84 4569/6429/84
f 4238/6079/92 4193/6076/92 4571/6430/92
f 4236/6086/94 4572/6432/94 4571/6430/94
f 4236/6086/90 4162/6346/167 4569/6429/83
f 4180/6415/83 4249/6034/83 4574/6433/83
f 4167/6173/87 4575/6436/87 4574/6433/87
f 4167/6173/93 4257/5969/92 4576/6435/92
f 4180/6415/96 4573/6434/96 4576/6435/96
f 4217/6082/84 4578/6439/84 4577/6437/84
f 4217/6082/92 4164/6167/92 4579/6438/92
f 4237/6089/94 4580/6440/94 4579/6438/94
f 4237/6089/90 4193/6076/90 4577/6437/90
f 4248/6031/113 4582/6444/113 4581/6441/113
f 4248/6031/92 4207/6027/92 4583/6443/92
f 4247/6037/96 4584/6445/96 4583/6443/96
f 4247/6037/83 4179/6442/83 4581/6441/83
f 4252/6014/84 4586/6448/84 4585/6446/84
f 4252/6014/92 4179/6442/92 4587/6447/92
f 4213/6002/96 4588/6449/96 4587/6447/96
f 4213/6002/83 4208/6007/83 4585/6446/83
f 4173/6450/86 4152/8379/86 4590/6451/86
f 4250/6017/84 4591/6456/84 4590/6453/84
f 4250/6017/92 4173/6004/89 4589/6455/89
f 4153/6421/83 4213/6002/83 4593/6457/83
f 4179/6442/84 4594/6460/84 4593/6457/84
f 4179/6442/92 4247/6037/89 4595/6459/89
f 4153/6421/96 4592/6458/96 4595/6459/96
f 4232/6107/84 4597/6463/84 4596/6461/84
f 4232/6107/92 4195/6104/92 4598/6462/92
f 4230/6114/95 4599/6464/95 4598/6462/95
f 4230/6114/103 4159/6254/83 4596/6461/83
f 4179/6442/83 4252/6014/83 4601/6465/83
f 4165/6324/91 4602/6468/91 4601/6465/91
f 4165/6324/89 4248/6031/89 4603/6467/89
f 4179/6442/96 4600/6466/96 4603/6467/96
f 4219/6110/84 4605/6471/84 4604/6469/84
f 4219/6110/92 4162/6346/92 4606/6470/92
f 4231/6117/94 4607/6472/94 4606/6470/94
f 4231/6117/103 4195/6104/90 4604/6469/90
f 4251/6011/84 4609/6476/84 4608/6473/84
f 4251/6011/92 4208/6007/92 4610/6475/92
f 4250/6017/96 4611/6477/96 4610/6475/96
f 4250/6017/83 4178/6474/167 4608/6473/167
f 4255/5993/84 4613/6480/84 4612/6478/84
f 4255/5993/92 4178/6474/92 4614/6479/92
f 4212/5981/96 4615/6481/96 4614/6479/96
f 4212/5981/83 4209/5986/90 4612/6478/90
f 4148/6482/86 4617/8380/86 4616/6483/86
f 4253/5996/84 4618/6487/84 4617/6485/84
f 4253/5996/92 4172/5983/92 4616/6486/92
f 4148/6488/112 4181/8381/112 4620/6489/112
f 4253/5996/89 4621/6494/89 4620/6491/89
f 4253/5996/95 4148/563/95 4619/6493/95
f 4226/6143/84 4623/6497/84 4622/6495/84
f 4226/6143/92 4197/6140/89 4624/6496/89
f 4224/6157/169 4625/6498/169 4624/6496/169
f 4224/6157/103 4166/6180/83 4622/6495/83
f 4158/6499/112 4627/8382/112 4626/6500/112
f 4254/5990/89 4628/6504/89 4627/6502/89
f 4254/5990/95 4181/6492/96 4626/6503/96
f 4221/6127/84 4630/6507/84 4629/6505/84
f 4221/6127/92 4160/6129/92 4631/6506/92
f 4225/6160/169 4632/6508/169 4631/6506/169
f 4225/6160/103 4197/6140/83 4629/6505/83
f 4254/5990/84 4634/6511/84 4633/6509/84
f 4254/5990/92 4209/5986/92 4635/6510/92
f 4253/5996/96 4636/6512/96 4635/6510/96
f 4253/5996/83 4181/6492/83 4633/6509/83
f 4258/5972/113 4638/6515/113 4637/6513/113
f 4258/5972/92 4171/6516/92 4639/6514/92
f 4211/5956/96 4640/6517/96 4639/6514/96
f 4211/5956/83 4210/5965/83 4637/6513/83
f 4154/4825/86 4642/8383/86 4641/6518/86
f 4256/5975/87 4643/6521/87 4642/6519/87
f 4256/5975/89 4168/5962/108 4641/6520/89
f 4162/6346/103 4219/6110/83 4645/6522/83
f 4185/6269/84 4646/6525/84 4645/6522/84
f 4185/6269/92 4238/6079/92 4647/6524/92
f 4162/6346/95 4644/6523/95 4647/6524/95
f 4178/6474/83 4255/5993/83 4649/6526/83
f 4163/6260/91 4650/6529/91 4649/6526/91
f 4163/6260/92 4251/6011/92 4651/6528/92
f 4178/6474/96 4648/6527/96 4651/6528/96
f 4185/6269/83 4234/6103/83 4653/6530/83
f 4157/6295/84 4654/6533/84 4653/6530/84
f 4157/6295/92 4239/6072/92 4655/6532/92
f 4185/6269/96 4652/6531/96 4655/6532/96
f 4198/5968/83 4223/6171/83 4657/6534/83
f 4199/6154/87 4658/6537/87 4657/6534/87
f 4199/6154/89 4222/6149/92 4659/6536/92
f 4198/5968/96 4656/6535/96 4659/6536/96
f 4161/6538/82 4171/8384/82 4661/6539/82
f 4258/5972/83 4662/6543/83 4661/6541/83
f 4258/5972/84 4161/6151/84 4660/6542/84
f 4257/5969/113 4664/6546/113 4663/6544/113
f 4257/5969/92 4210/5965/93 4665/6545/89
f 4256/5975/96 4666/6547/96 4665/6545/96
f 4256/5975/83 4180/6415/83 4663/6544/83
f 4152/6454/83 4212/5981/83 4668/6548/83
f 4178/6474/84 4669/6551/84 4668/6548/84
f 4178/6474/92 4250/6017/92 4670/6550/92
f 4152/6454/96 4667/6549/96 4670/6550/96
f 4673/6288/1 4672/563/1 4671/6552/1
f 4674/6554/2 4678/5951/2 4677/3319/2
f 4673/6555/7 4677/8385/7 4676/6556/7
f 4675/6558/1 4676/6563/1 4680/2/1
f 4678/6560/1 4682/1114/1 4681/6561/1
f 4675/6558/1 4679/6559/1 4682/1114/1
f 4676/6563/1 4677/6562/1 4681/6561/1
f 4671/6564/26 4675/8386/26 4678/6565/26
f 4672/6567/6 4676/5316/6 4675/6568/6
f 4706/6570/170 4684/8387/170 4795/6571/170
f 4746/6573/83 4796/6577/83 4795/6574/83
f 4746/6573/84 4706/7136/87 4794/6576/87
f 4703/6578/86 4798/6404/86 4797/6403/86
f 4746/6573/84 4799/6583/84 4798/6580/84
f 4746/6573/92 4684/6575/92 4797/6582/92
f 4745/6584/83 4792/6588/83 4801/6585/83
f 4733/6587/84 4802/6590/84 4801/6585/84
f 4733/6587/92 4793/6591/92 4803/6589/92
f 4745/6584/96 4800/6586/96 4803/6589/96
f 4703/6581/83 4791/6594/83 4805/6592/83
f 4745/6584/84 4806/6596/84 4805/6592/84
f 4745/6584/92 4746/6573/92 4807/6595/92
f 4703/6581/96 4804/6593/96 4807/6595/96
f 4707/6597/86 4809/8388/86 4808/6598/86
f 4747/6600/84 4810/6604/84 4809/6601/84
f 4747/6600/92 4687/7073/92 4808/6603/92
f 4744/6605/83 4789/6609/83 4812/6606/83
f 4731/6608/84 4813/6611/84 4812/6606/84
f 4731/6608/92 4790/6612/92 4814/6610/92
f 4744/6605/341 4811/6607/341 4814/6610/341
f 4707/6602/83 4788/6615/83 4816/6613/83
f 4744/6605/84 4817/6617/84 4816/6613/84
f 4744/6605/92 4747/6600/92 4818/6616/92
f 4707/6602/341 4815/6614/341 4818/6616/341
f 4708/6618/86 4820/8389/86 4819/6619/86
f 4748/6621/84 4821/6625/84 4820/6622/84
f 4748/6621/92 4688/7040/92 4819/6624/92
f 4743/6626/83 4786/6630/83 4823/6627/83
f 4729/6629/84 4824/6632/84 4823/6627/84
f 4729/6629/92 4787/6633/92 4825/6631/92
f 4743/6626/96 4822/6628/96 4825/6631/96
f 4708/6623/83 4785/6636/83 4827/6634/83
f 4743/6626/84 4828/6638/84 4827/6634/84
f 4743/6626/92 4748/6621/92 4829/6637/92
f 4708/6623/96 4826/6635/96 4829/6637/96
f 4709/6639/86 4831/8390/86 4830/6640/86
f 4749/6642/84 4832/6646/84 4831/6643/84
f 4749/6642/92 4689/7043/92 4830/6645/92
f 4742/6647/83 4783/6651/83 4834/6648/83
f 4727/6650/84 4835/6653/84 4834/6648/84
f 4727/6650/92 4784/6654/92 4836/6652/92
f 4742/6647/96 4833/6649/96 4836/6652/96
f 4709/6644/83 4782/6657/83 4838/6655/83
f 4742/6647/84 4839/6659/84 4838/6655/84
f 4742/6647/92 4749/6642/92 4840/6658/92
f 4709/6644/96 4837/6656/96 4840/6658/96
f 4741/6660/83 4780/6664/83 4842/6661/83
f 4711/6663/84 4843/6666/84 4842/6661/84
f 4711/6663/92 4781/6667/92 4844/6665/92
f 4741/6660/96 4841/6662/96 4844/6665/96
f 4726/6668/90 4779/6671/83 4846/6669/90
f 4741/6660/84 4847/6673/84 4846/6669/84
f 4741/6660/92 4750/6674/92 4848/6672/92
f 4726/6668/94 4845/6670/94 4848/6672/94
f 4740/6675/90 4777/6678/83 4850/6676/90
f 4726/6668/84 4851/6680/84 4850/6676/84
f 4726/6668/92 4778/6681/92 4852/6679/92
f 4740/6675/94 4849/6677/94 4852/6679/94
f 4727/6650/83 4776/6684/83 4854/6682/83
f 4740/6675/84 4855/6686/84 4854/6682/84
f 4740/6675/92 4751/6687/92 4856/6685/92
f 4727/6650/96 4853/6683/96 4856/6685/96
f 4739/6688/83 4774/6692/83 4858/6689/83
f 4712/6691/84 4859/6694/84 4858/6689/84
f 4712/6691/92 4775/6695/92 4860/6693/92
f 4739/6688/96 4857/6690/96 4860/6693/96
f 4728/6696/103 4773/6699/83 4862/6697/83
f 4739/6688/84 4863/6701/84 4862/6697/84
f 4739/6688/92 4752/6702/92 4864/6700/92
f 4728/6696/94 4861/6698/94 4864/6700/94
f 4738/6703/90 4771/6706/83 4866/6704/90
f 4728/6696/84 4867/6708/84 4866/6704/84
f 4728/6696/92 4772/6709/92 4868/6707/92
f 4738/6703/94 4865/6705/94 4868/6707/94
f 4729/6629/83 4770/6712/83 4870/6710/83
f 4738/6703/84 4871/6714/84 4870/6710/84
f 4738/6703/92 4753/6715/92 4872/6713/92
f 4729/6629/96 4869/6711/96 4872/6713/96
f 4737/6716/83 4768/6720/83 4874/6717/83
f 4704/6719/84 4875/6722/84 4874/6717/84
f 4704/6719/92 4769/6723/92 4876/6721/92
f 4737/6716/96 4873/6718/96 4876/6721/96
f 4730/6724/90 4767/6727/83 4878/6725/90
f 4737/6716/84 4879/6729/84 4878/6725/84
f 4737/6716/92 4754/6730/92 4880/6728/92
f 4730/6724/94 4877/6726/94 4880/6728/94
f 4736/6731/90 4765/6734/83 4882/6732/90
f 4730/6724/84 4883/6736/84 4882/6732/84
f 4730/6724/92 4766/6737/92 4884/6735/92
f 4736/6731/94 4881/6733/94 4884/6735/94
f 4731/6608/83 4764/6740/83 4886/6738/83
f 4736/6731/84 4887/6742/84 4886/6738/84
f 4736/6731/92 4755/6743/92 4888/6741/92
f 4731/6608/96 4885/6739/96 4888/6741/96
f 4695/6744/170 4890/8391/170 4889/6745/170
f 4756/6747/83 4891/6751/83 4890/6748/83
f 4756/6747/84 4718/6820/87 4889/6750/87
f 4735/6752/83 4762/6756/83 4893/6753/83
f 4710/6755/84 4894/6758/84 4893/6753/84
f 4710/6755/92 4763/6759/92 4895/6757/92
f 4735/6752/96 4892/6754/96 4895/6757/96
f 4732/6760/103 4761/6763/83 4897/6761/83
f 4735/6752/84 4898/6765/84 4897/6761/84
f 4735/6752/92 4756/6747/92 4899/6764/92
f 4732/6760/94 4896/6762/94 4899/6764/94
f 4719/6766/170 4696/8392/170 4901/6767/170
f 4757/6769/83 4902/6773/83 4901/6770/83
f 4757/6769/84 4719/6784/91 4900/6772/91
f 4734/6774/90 4759/6777/83 4904/6775/90
f 4732/6760/84 4905/6779/84 4904/6775/84
f 4732/6760/92 4760/6780/92 4906/6778/92
f 4734/6774/94 4903/6776/94 4906/6778/94
f 4760/6780/84 4908/6783/84 4907/6781/84
f 4760/6780/92 4719/6784/92 4909/6782/92
f 4757/6769/96 4910/6785/96 4909/6782/96
f 4757/6769/83 4734/6774/90 4907/6781/90
f 4779/6671/84 4912/6789/84 4911/6786/84
f 4779/6671/92 4726/6668/92 4913/6788/92
f 4777/6678/96 4914/6790/96 4913/6788/96
f 4777/6678/83 4699/6787/83 4911/6786/83
f 4758/6791/91 4916/6795/91 4915/6792/91
f 4758/6791/93 4733/6587/92 4917/6794/92
f 4792/6588/96 4918/6796/96 4917/6794/96
f 4792/6588/83 4702/6793/83 4915/6792/83
f 4750/6674/84 4920/6799/84 4919/6797/84
f 4750/6674/92 4701/6800/92 4921/6798/92
f 4778/6681/96 4922/6801/96 4921/6798/96
f 4778/6681/83 4726/6668/83 4919/6797/83
f 4757/6769/87 4924/6804/87 4923/6802/87
f 4757/6769/93 4696/6771/92 4925/6803/92
f 4793/6591/96 4926/6805/96 4925/6803/96
f 4793/6591/83 4733/6587/83 4923/6802/83
f 4719/6806/170 4928/8393/170 4927/6807/170
f 4760/6780/83 4929/6811/83 4928/6809/83
f 4760/6780/84 4695/6749/87 4927/6810/87
f 4759/6777/84 4931/6815/84 4930/6812/84
f 4759/6777/92 4734/6774/92 4932/6814/92
f 4758/6791/96 4933/6816/96 4932/6814/96
f 4758/6791/83 4725/6813/83 4930/6812/83
f 4763/6759/84 4935/6819/84 4934/6817/84
f 4763/6759/92 4718/6820/92 4936/6818/92
f 4756/6747/96 4937/6821/96 4936/6818/96
f 4756/6747/83 4735/6752/83 4934/6817/83
f 4702/6793/83 4751/6687/83 4939/6822/83
f 4725/6813/84 4940/6825/84 4939/6822/84
f 4725/6813/92 4758/6791/92 4941/6824/92
f 4702/6793/96 4938/6823/96 4941/6824/96
f 4710/6620/166 4943/8394/166 4942/6826/166
f 4762/6756/94 4944/6829/94 4943/6827/94
f 4762/6756/90 4690/6992/90 4942/6828/90
f 4725/6813/103 4778/6681/83 4946/6830/83
f 4701/6800/84 4947/6833/84 4946/6830/84
f 4701/6800/92 4759/6777/92 4948/6832/92
f 4725/6813/94 4945/6831/94 4948/6832/94
f 4710/6834/166 4685/8395/166 4950/6835/166
f 4763/6759/94 4951/6840/94 4950/6837/94
f 4763/6759/90 4710/6755/90 4949/6839/90
f 4718/6841/170 4953/8396/170 4952/6842/170
f 4763/6759/83 4954/6846/83 4953/6844/83
f 4763/6759/84 4685/6838/84 4952/6845/84
f 4762/6756/84 4956/6850/84 4955/6847/84
f 4762/6756/92 4735/6752/92 4957/6849/92
f 4761/6763/96 4958/6851/96 4957/6849/96
f 4761/6763/83 4724/6848/83 4955/6847/83
f 4766/6737/84 4960/6854/84 4959/6852/84
f 4766/6737/92 4721/6855/92 4961/6853/92
f 4755/6743/96 4962/6856/96 4961/6853/96
f 4755/6743/83 4736/6731/103 4959/6852/90
f 4717/6857/171 4964/8397/171 4963/6858/171
f 4764/6740/92 4965/6863/92 4964/6860/92
f 4764/6740/96 4693/6865/96 4963/6862/96
f 4764/6740/91 4967/6867/91 4966/6864/91
f 4764/6740/89 4731/6608/92 4968/6866/92
f 4789/6609/96 4969/6868/96 4968/6866/96
f 4789/6609/83 4693/6865/83 4966/6864/83
f 4694/6869/171 4971/8398/171 4970/6870/171
f 4765/6734/89 4972/6875/89 4971/6872/89
f 4765/6734/96 4717/6861/96 4970/6874/96
f 4755/6743/91 4974/6878/91 4973/6876/91
f 4755/6743/93 4698/6879/92 4975/6877/92
f 4790/6612/96 4976/6880/96 4975/6877/96
f 4790/6612/83 4731/6608/90 4973/6876/90
f 4765/6734/84 4978/6883/84 4977/6881/84
f 4765/6734/92 4736/6731/92 4979/6882/92
f 4764/6740/96 4980/6884/96 4979/6882/96
f 4764/6740/83 4717/6861/83 4977/6881/83
f 4769/6723/84 4982/6887/84 4981/6885/84
f 4769/6723/92 4720/6888/92 4983/6886/92
f 4754/6730/96 4984/6889/96 4983/6886/96
f 4754/6730/83 4737/6716/90 4981/6885/90
f 4694/6890/171 4705/8399/171 4986/6891/171
f 4767/6727/92 4987/6896/92 4986/6893/92
f 4767/6727/96 4694/6873/96 4985/6895/96
f 4686/6897/166 4704/8400/166 4989/6898/166
f 4768/6720/94 4990/6902/94 4989/6900/94
f 4768/6720/103 4686/6907/90 4988/6901/90
f 4705/6903/171 4686/8401/171 4992/6904/171
f 4768/6720/89 4993/6909/89 4992/6906/89
f 4768/6720/96 4705/6894/96 4991/6908/96
f 4692/6910/166 4995/8402/166 4994/6911/166
f 4769/6723/94 4996/6916/94 4995/6913/94
f 4769/6723/103 4704/6719/90 4994/6915/90
f 4768/6720/84 4998/6919/84 4997/6917/84
f 4768/6720/92 4737/6716/92 4999/6918/92
f 4767/6727/96 5000/6920/96 4999/6918/96
f 4767/6727/83 4705/6894/83 4997/6917/83
f 4772/6709/84 5002/6923/84 5001/6921/84
f 4772/6709/92 4723/6924/92 5003/6922/92
f 4753/6715/96 5004/6925/96 5003/6922/96
f 4753/6715/83 4738/6703/83 5001/6921/83
f 4699/6787/90 4752/6702/83 5006/6926/83
f 4722/6928/84 5007/6930/84 5006/6926/84
f 4722/6928/92 4779/6671/89 5008/6929/92
f 4699/6787/94 5005/6927/94 5008/6929/94
f 4770/6712/91 5010/6933/91 5009/6931/91
f 4770/6712/93 4729/6629/92 5011/6932/92
f 4786/6630/96 5012/6934/96 5011/6932/96
f 4786/6630/83 4698/6879/83 5009/6931/83
f 4722/6928/83 4775/6695/83 5014/6935/83
f 4691/6937/84 5015/6939/84 5014/6935/84
f 4691/6937/92 4780/6664/92 5016/6938/92
f 4722/6928/96 5013/6936/96 5016/6938/96
f 4753/6715/91 5018/6942/91 5017/6940/91
f 4753/6715/89 4700/6943/92 5019/6941/92
f 4787/6633/96 5020/6944/96 5019/6941/96
f 4787/6633/83 4729/6629/83 5017/6940/83
f 4771/6706/84 5022/6947/84 5021/6945/84
f 4771/6706/92 4738/6703/92 5023/6946/92
f 4770/6712/96 5024/6948/96 5023/6946/96
f 4770/6712/83 4721/6855/83 5021/6945/83
f 4775/6695/84 5026/6951/84 5025/6949/84
f 4775/6695/92 4722/6928/92 5027/6950/92
f 4752/6702/96 5028/6952/96 5027/6950/96
f 4752/6702/83 4739/6688/83 5025/6949/83
f 4698/6879/83 4755/6743/83 5030/6953/83
f 4721/6855/84 5031/6956/84 5030/6953/84
f 4721/6855/92 4770/6712/92 5032/6955/92
f 4698/6879/96 5029/6954/96 5032/6955/96
f 4712/6957/166 5034/8403/166 5033/6958/166
f 4774/6692/94 5035/6962/94 5034/6960/94
f 4774/6692/90 4692/6914/90 5033/6961/90
f 4721/6855/103 4766/6737/83 5037/6963/83
f 4697/6965/84 5038/6967/84 5037/6963/84
f 4697/6965/92 4771/6706/92 5039/6966/92
f 4721/6855/95 5036/6964/95 5039/6966/95
f 4691/6968/166 5041/8404/166 5040/6969/166
f 4775/6695/94 5042/6973/94 5041/6971/94
f 4775/6695/103 4712/6691/83 5040/6972/83
f 4774/6692/84 5044/6976/84 5043/6974/84
f 4774/6692/92 4739/6688/92 5045/6975/92
f 4773/6699/96 5046/6977/96 5045/6975/96
f 4773/6699/83 4720/6888/83 5043/6974/83
f 4778/6681/84 5048/6980/84 5047/6978/84
f 4778/6681/92 4725/6813/92 5049/6979/92
f 4751/6687/96 5050/6981/96 5049/6979/96
f 4751/6687/83 4740/6675/83 5047/6978/83
f 4701/6800/90 4750/6674/90 5052/6982/90
f 4724/6848/84 5053/6985/84 5052/6982/84
f 4724/6848/92 4761/6763/92 5054/6984/92
f 4701/6800/94 5051/6983/94 5054/6984/94
f 4776/6684/91 5056/6988/91 5055/6986/91
f 4776/6684/89 4727/6650/92 5057/6987/92
f 4783/6651/96 5058/6989/96 5057/6987/96
f 4783/6651/83 4700/6943/83 5055/6986/83
f 4724/6848/83 4781/6667/83 5060/6990/83
f 4690/6992/84 5061/6994/84 5060/6990/84
f 4690/6992/92 4762/6756/92 5062/6993/92
f 4724/6848/96 5059/6991/96 5062/6993/96
f 4751/6687/91 5064/6997/91 5063/6995/91
f 4751/6687/93 4702/6793/92 5065/6996/92
f 4784/6654/96 5066/6998/96 5065/6996/96
f 4784/6654/83 4727/6650/83 5063/6995/83
f 4777/6678/84 5068/7001/84 5067/6999/84
f 4777/6678/92 4740/6675/92 5069/7000/92
f 4776/6684/96 5070/7002/96 5069/7000/96
f 4776/6684/83 4723/6924/83 5067/6999/83
f 4781/6667/84 5072/7005/84 5071/7003/84
f 4781/6667/92 4724/6848/92 5073/7004/92
f 4750/6674/96 5074/7006/96 5073/7004/96
f 4750/6674/83 4741/6660/83 5071/7003/83
f 4700/6943/83 4753/6715/83 5076/7007/83
f 4723/6924/84 5077/7010/84 5076/7007/84
f 4723/6924/92 4776/6684/92 5078/7009/92
f 4700/6943/96 5075/7008/96 5078/7009/96
f 4691/7011/166 4711/8405/166 5080/7012/166
f 4780/6664/94 5081/7016/94 5080/7014/94
f 4780/6664/103 4691/6937/90 5079/7015/90
f 4723/6924/90 4772/6709/83 5083/7017/83
f 4699/6787/84 5084/7020/84 5083/7017/84
f 4699/6787/92 4777/6678/92 5085/7019/92
f 4723/6924/94 5082/7018/94 5085/7019/94
f 4690/7021/166 5087/7037/166 5086/7022/166
f 4781/6667/94 5088/7026/94 5087/7024/94
f 4781/6667/103 4711/6663/90 5086/7025/90
f 4780/6664/84 5090/7029/84 5089/7027/84
f 4780/6664/92 4741/6660/92 5091/7028/92
f 4779/6671/96 5092/7030/96 5091/7028/96
f 4779/6671/83 4722/6928/83 5089/7027/83
f 4784/6654/84 5094/7033/84 5093/7031/84
f 4784/6654/92 4715/7034/92 5095/7032/92
f 4749/6642/96 5096/7035/96 5095/7032/96
f 4749/6642/83 4742/6647/83 5093/7031/83
f 4688/7036/86 5098/7022/86 5097/7037/86
f 4782/6657/84 5099/7042/84 5098/7039/84
f 4782/6657/92 4709/6644/92 5097/7041/92
f 4689/7043/83 4749/6642/83 5101/7044/83
f 4715/7034/84 5102/7047/84 5101/7044/84
f 4715/7034/92 4791/6594/92 5103/7046/92
f 4689/7043/96 5100/7045/96 5103/7046/96
f 4773/6699/84 5105/7050/84 5104/7048/84
f 4773/6699/92 4728/6696/92 5106/7049/92
f 4771/6706/96 5107/7051/96 5106/7049/96
f 4771/6706/83 4697/6965/83 5104/7048/83
f 4715/7034/83 4784/6654/83 5109/7052/83
f 4702/6793/84 5110/7055/84 5109/7052/84
f 4702/6793/92 4792/6588/92 5111/7054/92
f 4715/7034/96 5108/7053/96 5111/7054/96
f 4752/6702/84 5113/7058/84 5112/7056/84
f 4752/6702/92 4699/6787/92 5114/7057/92
f 4772/6709/96 5115/7059/96 5114/7057/96
f 4772/6709/83 4728/6696/83 5112/7056/83
f 4783/6651/84 5117/7063/84 5116/7060/84
f 4783/6651/92 4742/6647/92 5118/7062/92
f 4782/6657/96 5119/7064/96 5118/7062/96
f 4782/6657/83 4714/7061/83 5116/7060/83
f 4787/6633/84 5121/7067/84 5120/7065/84
f 4787/6633/92 4714/7061/92 5122/7066/92
f 4748/6621/96 5123/7068/96 5122/7066/96
f 4748/6621/83 4743/6626/83 5120/7065/83
f 4708/7069/86 4687/8406/86 5125/7070/86
f 4785/6636/84 5126/7075/84 5125/7072/84
f 4785/6636/92 4708/6623/89 5124/7074/92
f 4688/7040/83 4748/6621/83 5128/7076/83
f 4714/7061/84 5129/7079/84 5128/7076/84
f 4714/7061/92 4782/6657/92 5130/7078/92
f 4688/7040/96 5127/7077/96 5130/7078/96
f 4767/6727/84 5132/7082/84 5131/7080/84
f 4767/6727/92 4730/6724/92 5133/7081/92
f 4765/6734/96 5134/7083/96 5133/7081/96
f 4765/6734/83 4694/6873/83 5131/7080/83
f 4714/7061/83 4787/6633/83 5136/7084/83
f 4700/6943/84 5137/7087/84 5136/7084/84
f 4700/6943/92 4783/6651/92 5138/7086/92
f 4714/7061/96 5135/7085/96 5138/7086/96
f 4754/6730/84 5140/7090/84 5139/7088/84
f 4754/6730/92 4697/6965/92 5141/7089/92
f 4766/6737/96 5142/7091/96 5141/7089/96
f 4766/6737/83 4730/6724/103 5139/7088/90
f 4786/6630/84 5144/7095/84 5143/7092/84
f 4786/6630/92 4743/6626/92 5145/7094/92
f 4785/6636/96 5146/7096/96 5145/7094/96
f 4785/6636/83 4713/7093/83 5143/7092/83
f 4790/6612/84 5148/7099/84 5147/7097/84
f 4790/6612/92 4713/7093/92 5149/7098/92
f 4747/6600/96 5150/7100/96 5149/7098/96
f 4747/6600/83 4744/6605/90 5147/7097/90
f 4683/7101/86 5152/8407/86 5151/7102/86
f 4788/6615/84 5153/7107/84 5152/7104/84
f 4788/6615/92 4707/6602/92 5151/7106/92
f 4716/7108/171 5155/8408/171 5154/7109/171
f 4788/6615/89 5156/7114/89 5155/7111/89
f 4788/6615/96 4683/7105/96 5154/7113/96
f 4761/6763/84 5158/7117/84 5157/7115/84
f 4761/6763/92 4732/6760/92 5159/7116/92
f 4759/6777/96 5160/7118/96 5159/7116/96
f 4759/6777/83 4701/6800/83 5157/7115/83
f 4716/7119/171 4693/4743/171 5162/7120/171
f 4789/6609/89 5163/7124/89 5162/7122/89
f 4789/6609/96 4716/7112/96 5161/7123/96
f 4756/6747/84 5165/7127/84 5164/7125/84
f 4756/6747/92 4695/6749/92 5166/7126/92
f 4760/6780/96 5167/7128/96 5166/7126/96
f 4760/6780/83 4732/6760/83 5164/7125/83
f 4789/6609/84 5169/7131/84 5168/7129/84
f 4789/6609/92 4744/6605/92 5170/7130/92
f 4788/6615/96 5171/7132/96 5170/7130/96
f 4788/6615/83 4716/7112/83 5168/7129/83
f 4793/6591/84 5173/7135/84 5172/7133/84
f 4793/6591/92 4706/7136/92 5174/7134/92
f 4746/6573/96 5175/7137/96 5174/7134/96
f 4746/6573/83 4745/6584/83 5172/7133/83
f 4703/7138/86 4689/8409/86 5177/7139/86
f 4791/6594/84 5178/7143/84 5177/7141/84
f 4791/6594/92 4703/6581/89 5176/7142/92
f 4697/6965/103 4754/6730/83 5180/7144/83
f 4720/6888/84 5181/7147/84 5180/7144/84
f 4720/6888/92 4773/6699/92 5182/7146/92
f 4697/6965/95 5179/7145/95 5182/7146/95
f 4713/7093/83 4790/6612/83 5184/7148/83
f 4698/6879/84 5185/7151/84 5184/7148/84
f 4698/6879/92 4786/6630/92 5186/7150/92
f 4713/7093/96 5183/7149/96 5186/7150/96
f 4720/6888/83 4769/6723/83 5188/7152/83
f 4692/6914/84 5189/7155/84 5188/7152/84
f 4692/6914/92 4774/6692/92 5190/7154/92
f 4720/6888/96 5187/7153/96 5190/7154/96
f 4733/6587/83 4758/6791/83 5192/7156/83
f 4734/6774/84 5193/7159/84 5192/7156/84
f 4734/6774/92 4757/6769/92 5194/7158/92
f 4733/6587/96 5191/7157/96 5194/7158/96
f 4706/7160/170 5196/8410/170 5195/7161/170
f 4793/6591/83 5197/7165/83 5196/7163/83
f 4793/6591/84 4696/6771/87 5195/7164/84
f 4792/6588/84 5199/7168/84 5198/7166/84
f 4792/6588/92 4745/6584/89 5200/7167/89
f 4791/6594/96 5201/7169/96 5200/7167/96
f 4791/6594/83 4715/7034/83 5198/7166/83
f 4687/7073/83 4747/6600/83 5203/7170/83
f 4713/7093/84 5204/7173/84 5203/7170/84
f 4713/7093/92 4785/6636/92 5205/7172/92
f 4687/7073/96 5202/7171/96 5205/7172/96
f 5213/7174/1 5212/8411/1 5215/7175/1
f 5216/643/1 5219/7210/1 5224/257/1
f 5218/7177/1 5221/8412/1 5226/7178/1
f 5220/7179/1 5209/237/1 5207/286/1
f 5223/7181/26 5213/8413/26 5214/7182/26
f 5221/7184/7 5230/8414/7 5233/7185/7
f 5208/7187/1 5217/8415/1 5222/7188/1
f 5228/7189/1 5229/7219/1 5211/7190/1
f 5232/419/1 5233/8416/1 5230/7192/1
f 5225/7194/26 5228/7181/26 5210/7183/26
f 5227/7196/26 5232/8417/26 5231/7181/26
f 5217/7197/7 5215/8418/7 5212/7198/7
f 5219/7200/7 5211/8419/7 5229/7201/7
f 5241/7203/1 5240/8420/1 5243/7204/1
f 5244/7206/1 5247/8421/1 5252/7207/1
f 5246/7209/1 5249/8422/1 5254/7210/1
f 5248/7211/1 5237/8423/1 5235/7212/1
f 5251/7214/26 5241/8424/26 5242/7215/26
f 5249/7217/7 5258/8425/7 5261/7218/7
f 5236/7220/1 5245/7178/1 5250/7221/1
f 5256/7193/1 5257/7192/1 5239/7223/1
f 5260/7205/1 5261/7204/1 5258/7225/1
f 5253/7226/26 5256/8426/26 5238/7227/26
f 5255/7228/26 5260/8427/26 5259/7199/26
f 5245/7229/7 5243/8428/7 5240/7230/7
f 5247/7231/7 5239/8429/7 5257/7232/7
f 5266/7234/3 5263/8430/3 5310/7235/3
f 5307/7237/3 5264/8431/3 5311/7238/3
f 5265/7240/1 5470/7610/1 5483/7241/1
f 5467/7243/172 5490/7611/172 5306/7244/9
f 5363/7246/173 5374/7393/202 5332/7247/174
f 5336/7249/13 5378/7276/175 5358/7250/175
f 5268/7252/15 5277/7399/16 5323/7253/16
f 5273/7251/13 5275/7256/17 5342/7255/17
f 5275/7256/17 5274/7258/18 5343/7257/18
f 5274/7258/18 5272/7409/16 5344/7259/16
f 5281/7260/10 5280/7396/19 5325/7261/176
f 5271/7263/20 5283/7411/19 5337/7264/176
f 5313/7266/177 5285/8432/177 5288/7267/177
f 5314/7269/177 5286/8433/177 5309/7270/177
f 5482/7272/178 5314/7269/177 5316/7271/177
f 5487/7274/179 5478/7300/179 5313/7266/177
f 5320/7275/13 5370/7406/206 5378/7276/175
f 5367/7277/180 5382/7423/208 5340/7278/181
f 5331/7280/182 5299/7385/182 5290/4552/183
f 5340/7278/181 5346/7284/184 5297/7282/184
f 5347/7283/185 5296/7286/185 5297/7282/184
f 5348/7285/182 5294/7415/182 5296/7286/185
f 5333/7287/186 5302/7381/201 5303/7248/174
f 5341/7288/186 5305/7417/201 5293/7289/187
f 5266/430/188 5288/8434/188 5285/7291/188
f 5317/7239/3 5311/7238/3 5471/7293/189
f 5265/7295/191 5287/8435/191 5308/7296/191
f 5262/7298/191 5284/7351/191 5289/7299/191
f 5495/7273/179 5316/7271/177 5313/7266/177
f 5264/7301/1 5286/8436/1 5314/7302/1
f 5267/7304/5 5289/8437/5 5486/7305/5
f 5270/7307/192 5292/8438/192 5338/7308/192
f 5269/7310/193 5291/8439/193 5327/7311/193
f 5274/7313/6 5296/7317/6 5294/7314/6
f 5274/7313/6 5275/7318/6 5297/7316/6
f 5275/7318/6 5273/7347/6 5295/7319/6
f 5278/7320/2 5300/7324/2 5298/7321/2
f 5279/7323/2 5301/7326/2 5300/7324/2
f 5279/7323/2 5277/7333/2 5299/7325/2
f 5345/7327/10 5282/7412/10 5359/7328/194
f 5272/7315/6 5294/7314/6 5292/7330/6
f 5324/7262/10 5371/7404/204 5354/7332/195
f 5277/7333/2 5268/8440/2 5290/7334/2
f 5280/7335/2 5281/7502/2 5303/7336/2
f 5283/7338/6 5305/7344/6 5304/7339/6
f 5280/7335/2 5302/7337/2 5291/7341/2
f 5283/7338/6 5271/8441/6 5293/7343/6
f 5276/7322/2 5298/7321/2 5362/7345/2
f 5273/7347/6 5358/7464/6 5367/7348/6
f 5307/7292/188 5309/7291/188 5286/7349/188
f 5306/7297/191 5308/7296/191 5284/7351/191
f 5308/7352/196 5287/8442/196 5483/7353/197
f 5311/7303/1 5314/7302/1 5482/7355/1
f 5475/7357/172 5467/7243/172 5262/7245/9
f 5284/7359/196 5479/7367/198 5486/7360/198
f 5266/7362/5 5312/7368/5 5315/7363/5
f 5306/7244/9 5490/7611/172 5470/7365/199
f 5308/7352/196 5494/7354/198 5479/7367/198
f 5312/7368/5 5474/7597/5 5487/7369/5
f 5310/7235/3 5317/7239/3 5491/7294/190
f 5307/7371/5 5317/256/5 5316/7372/5
f 5310/572/200 5313/8443/200 5316/7374/200
f 5263/7376/1 5285/7373/1 5313/7372/1
f 5318/7378/192 5326/7421/192 5290/7379/192
f 5302/7381/201 5333/7287/186 5327/7382/187
f 5341/7288/186 5333/7287/186 5332/7247/174
f 5299/7385/182 5331/7280/182 5330/7386/185
f 5300/7388/184 5301/7387/185 5330/7386/185
f 5300/7388/184 5329/7389/184 5328/7390/181
f 5348/7285/182 5331/7280/182 5326/7281/183
f 5374/7393/202 5383/7492/207 5349/7384/174
f 5328/7390/181 5375/7482/243 5362/7394/203
f 5319/7395/20 5325/7261/176 5280/7396/19
f 5324/7262/10 5325/7261/176 5337/7264/176
f 5322/7398/18 5323/7253/16 5277/7399/16
f 5278/7401/17 5321/7422/17 5322/7398/18
f 5320/7275/13 5321/7422/17 5278/7401/17
f 5318/7254/15 5323/7253/16 5344/7259/16
f 5345/7327/10 5379/7329/194 5371/7404/204
f 5320/7275/13 5276/7402/13 5355/7405/205
f 5282/7340/6 5304/7339/6 5366/7407/6
f 5334/7403/15 5344/7259/16 5272/7409/16
f 5345/7327/10 5337/7264/176 5283/7411/19
f 5349/7384/174 5383/7492/207 5366/7413/207
f 5294/7415/182 5348/7285/182 5338/7392/183
f 5305/7417/201 5341/7288/186 5349/7384/174
f 5335/7418/193 5339/8444/193 5293/7419/193
f 5334/7309/192 5338/7308/192 5326/7421/192
f 5331/7280/182 5348/7285/182 5347/7283/185
f 5329/7389/184 5330/7386/185 5347/7283/185
f 5329/7389/184 5346/7284/184 5340/7278/181
f 5343/7257/18 5344/7259/16 5323/7253/16
f 5321/7422/17 5342/7255/17 5343/7257/18
f 5336/7249/13 5342/7255/17 5321/7422/17
f 5382/7423/208 5375/7482/243 5328/7390/181
f 5337/7424/2 5341/8445/2 5339/7425/2
f 5325/7427/209 5333/8446/209 5341/7428/209
f 5325/7430/6 5319/8447/6 5327/7431/6
f 5352/7435/7 5353/8448/7 5430/8449/7
f 5430/8449/7 5432/8450/7 5433/7433/7
f 5433/7433/7 5431/8451/7 5426/8452/7
f 5426/8452/7 5428/8453/7 5429/7434/7
f 5429/7434/7 5427/8454/7 5352/7435/7
f 5352/7435/7 5430/8449/7 5433/7433/7
f 5433/7433/7 5426/8452/7 5429/7434/7
f 5398/7436/210 5395/7582/310 5414/7437/211
f 5415/7439/213 5394/8455/307 5350/7440/214
f 5404/7442/216 5390/7570/302 5351/7443/217
f 5416/7445/219 5386/7558/296 5391/7446/220
f 5438/7448/222 5435/7586/314 5454/7449/223
f 5455/7451/225 5434/8456/311 5352/7452/226
f 5444/7454/228 5430/7551/293 5353/7455/229
f 5456/7457/231 5426/7563/299 5431/7458/232
f 5359/7408/6 5366/7407/6 5368/7460/6
f 5361/7461/6 5368/7460/6 5369/7462/6
f 5369/7462/6 5367/7348/6 5358/7464/6
f 5378/7276/175 5380/7474/240 5360/7465/234
f 5380/7466/235 5381/7471/235 5361/7467/236
f 5361/7469/237 5381/8457/362 5379/7329/194
f 5379/7329/194 5381/8457/362 5373/7470/238
f 5381/7471/235 5380/7466/235 5372/7472/239
f 5380/7474/240 5378/7276/175 5370/7406/206
f 5355/7346/2 5362/7345/2 5364/7476/2
f 5357/7477/2 5364/7476/2 5365/7478/2
f 5365/7478/2 5363/7503/2 5354/7480/2
f 5382/7423/208 5384/8458/363 5377/7481/242
f 5384/7483/244 5385/7494/244 5376/7484/245
f 5385/7486/246 5383/7492/207 5374/7393/202
f 5375/7482/243 5377/7481/242 5364/7488/248
f 5377/7485/245 5376/7484/245 5365/7489/249
f 5365/7491/250 5376/7487/247 5374/7393/202
f 5383/7492/207 5385/7486/246 5368/7493/251
f 5385/7494/244 5384/7483/244 5369/7495/252
f 5369/7497/253 5384/8458/363 5382/7423/208
f 5371/7404/204 5373/7470/238 5356/7498/254
f 5373/7473/239 5372/7472/239 5357/7499/255
f 5357/7501/256 5372/7475/241 5370/7406/206
f 5281/7502/2 5354/7480/2 5363/7503/2
f 5405/7504/257 5407/7507/260 5406/7505/258
f 5409/7506/259 5410/7511/263 5407/7507/260
f 5408/7508/261 5410/7511/263 5409/7506/259
f 5408/7508/261 5412/7513/265 5413/7510/262
f 5411/7512/264 5413/7510/262 5412/7513/265
f 5411/7512/264 5406/7505/258 5407/7507/260
f 5417/7515/266 5419/7518/269 5418/7516/267
f 5421/7517/268 5422/7522/272 5419/7518/269
f 5420/7519/270 5422/7522/272 5421/7517/268
f 5424/7521/271 5425/7525/274 5422/7522/272
f 5423/7523/273 5425/7525/274 5424/7521/271
f 5423/7523/273 5418/7516/267 5419/7518/269
f 5445/7526/275 5447/7529/278 5446/7527/276
f 5449/7528/277 5450/7533/281 5447/7529/278
f 5448/7530/279 5450/7533/281 5449/7528/277
f 5448/7530/279 5452/7535/283 5453/7532/280
f 5451/7534/282 5453/7532/280 5452/7535/283
f 5451/7534/282 5446/7527/276 5447/7529/278
f 5457/7537/284 5459/7540/287 5458/7538/285
f 5461/7539/286 5462/7544/290 5459/7540/287
f 5460/7541/288 5462/7544/290 5461/7539/286
f 5464/7543/289 5465/7547/292 5462/7544/290
f 5463/7545/291 5465/7547/292 5464/7543/289
f 5463/7545/291 5458/7538/285 5459/7540/287
f 5414/7437/211 5418/7516/267 5405/7504/257
f 5418/7516/267 5423/7523/273 5409/7506/259
f 5423/7548/273 5416/7445/219 5403/7447/221
f 5442/7450/224 5454/7449/223 5458/7538/285
f 5458/7538/285 5463/7545/291 5449/7528/277
f 5449/7550/277 5463/8459/291 5456/7457/231
f 5430/7551/293 5444/7454/228 5452/7552/283
f 5452/7535/283 5448/7530/279 5433/7554/295
f 5448/7556/279 5443/7459/233 5431/7458/232
f 5386/7558/296 5416/7445/219 5424/7559/271
f 5388/7560/297 5424/7521/271 5420/7519/270
f 5420/7562/270 5415/7439/213 5387/7441/215
f 5426/7563/299 5456/7457/231 5464/7564/289
f 5428/7566/300 5464/7543/289 5460/7541/288
f 5460/7568/288 5455/7451/225 5427/7453/227
f 5390/7570/302 5404/7442/216 5412/7571/265
f 5412/7513/265 5408/7508/261 5393/7573/304
f 5408/7575/261 5403/7447/221 5391/7446/220
f 5442/7450/224 5446/7527/276 5440/7576/305
f 5446/7527/276 5451/7534/282 5441/7577/306
f 5451/7534/282 5444/7536/228 5439/7578/230
f 5394/7579/307 5415/7520/213 5421/7517/268
f 5396/7580/308 5421/7517/268 5417/7515/266
f 5397/7581/309 5417/7515/266 5414/7437/211
f 5434/7583/311 5455/7542/225 5461/7539/286
f 5436/7584/312 5461/7539/286 5457/7537/284
f 5437/7585/313 5457/7537/284 5454/7449/223
f 5402/7438/212 5406/7505/258 5400/7587/315
f 5406/7505/258 5411/7512/264 5401/7588/316
f 5411/7512/264 5404/7514/216 5399/7589/218
f 5350/7592/7 5351/8460/7 5390/8461/7
f 5390/8461/7 5392/8462/7 5393/7590/7
f 5393/7590/7 5391/8463/7 5386/8464/7
f 5386/8464/7 5388/8465/7 5389/7591/7
f 5389/7591/7 5387/8466/7 5350/7592/7
f 5350/7592/7 5390/8461/7 5393/7590/7
f 5393/7590/7 5386/8464/7 5389/7591/7
f 5475/7306/5 5486/7305/5 5488/7593/5
f 5488/7593/5 5489/7596/5 5476/7595/5
f 5489/7596/5 5487/7369/5 5474/7597/5
f 5467/7243/172 5475/7357/172 5477/7598/317
f 5477/7598/317 5476/7601/320 5468/7600/319
f 5476/7601/320 5474/7620/190 5466/7370/190
f 5494/7354/198 5496/7603/322 5481/7602/321
f 5496/7603/322 5497/7605/324 5480/7604/323
f 5497/7605/324 5495/7273/179 5478/7300/179
f 5471/7356/1 5482/7355/1 5484/7606/1
f 5484/7606/1 5485/7609/1 5472/7608/1
f 5485/7609/1 5483/7241/1 5470/7610/1
f 5490/7611/172 5492/7613/326 5472/7612/325
f 5492/7613/326 5493/7619/332 5473/7614/327
f 5473/7614/327 5493/7619/332 5491/7294/190
f 5478/7300/179 5487/7274/179 5489/7615/328
f 5489/7615/328 5488/7616/329 5481/7602/321
f 5488/7616/329 5486/7360/198 5479/7367/198
f 5495/7273/179 5497/7605/324 5484/7617/330
f 5497/7605/324 5496/7603/322 5485/7618/331
f 5485/7618/331 5496/7603/322 5494/7354/198
f 5491/7294/190 5493/7619/332 5468/7600/319
f 5493/7619/332 5492/7613/326 5469/7599/318
f 5492/7613/326 5490/7611/172 5467/7243/172
f 5474/7620/190 5312/7236/3 5310/7235/3
