# Blender 5.0.0
# www.blender.org
mtllib Untitled.mtl
o StreetLight
v -0.029913 11.629210 -0.109540
v -0.071375 11.628956 -0.060503
v -0.069345 11.628968 -0.075656
v -0.063456 11.629004 -0.089326
v -0.054284 11.629061 -0.100175
v -0.042726 11.629132 -0.107140
v -0.072261 11.773269 -0.158045
v -0.070231 11.773281 -0.169964
v -0.064342 11.773317 -0.180715
v -0.055170 11.773374 -0.189248
v -0.043611 11.773445 -0.194726
v -0.030799 11.773523 -0.196613
v -0.029913 11.629210 0.040736
v -0.042726 11.629132 0.038336
v -0.054284 11.629061 0.031371
v -0.063456 11.629004 0.020523
v -0.069345 11.628968 0.006853
v -0.071375 11.628956 -0.008300
v -0.072261 11.773269 -0.084905
v -0.070231 11.773281 -0.072987
v -0.064342 11.773317 -0.062235
v -0.055170 11.773374 -0.053703
v -0.043611 11.773445 -0.048225
v -0.030799 11.773523 -0.046337
v -0.073095 11.909207 -0.221333
v -0.071066 11.909220 -0.234067
v -0.065177 11.909256 -0.245554
v -0.056004 11.909312 -0.254670
v -0.044446 11.909383 -0.260524
v -0.031634 11.909461 -0.262540
v -0.073095 11.909206 -0.153472
v -0.071066 11.909219 -0.140738
v -0.065177 11.909255 -0.129251
v -0.056004 11.909311 -0.120134
v -0.044446 11.909383 -0.114281
v -0.031634 11.909461 -0.112264
v -0.074043 12.063633 -0.275333
v -0.072014 12.063645 -0.288319
v -0.066125 12.063682 -0.300034
v -0.056952 12.063738 -0.309331
v -0.045394 12.063808 -0.315300
v -0.032582 12.063888 -0.317357
v -0.074043 12.063633 -0.209105
v -0.072014 12.063645 -0.196119
v -0.066125 12.063682 -0.184404
v -0.056952 12.063738 -0.175107
v -0.045394 12.063808 -0.169138
v -0.032582 12.063888 -0.167081
v -0.075103 12.236359 -0.300607
v -0.073074 12.236371 -0.313552
v -0.067185 12.236406 -0.325230
v -0.058013 12.236463 -0.334498
v -0.046454 12.236534 -0.340448
v -0.033642 12.236612 -0.342499
v -0.075103 12.236358 -0.234114
v -0.073074 12.236370 -0.221169
v -0.067185 12.236406 -0.209491
v -0.058013 12.236463 -0.200223
v -0.046454 12.236534 -0.194273
v -0.033642 12.236612 -0.192222
v -0.075929 12.370861 -0.326823
v -0.073900 12.370873 -0.338773
v -0.068011 12.370909 -0.349554
v -0.058838 12.370965 -0.358109
v -0.047280 12.371036 -0.363602
v -0.034468 12.371115 -0.365495
v -0.075929 12.370859 -0.253890
v -0.073900 12.370872 -0.241940
v -0.068011 12.370908 -0.231160
v -0.058838 12.370965 -0.222604
v -0.047280 12.371036 -0.217111
v -0.034468 12.371115 -0.215218
v -0.035453 12.531643 -0.426859
v -0.048266 12.531565 -0.424565
v -0.059824 12.531494 -0.417910
v -0.068996 12.531437 -0.407543
v -0.074885 12.531402 -0.394481
v -0.076915 12.531389 -0.380001
v -0.035453 12.531643 -0.276582
v -0.076915 12.531389 -0.323440
v -0.074885 12.531402 -0.308960
v -0.068996 12.531437 -0.295898
v -0.059824 12.531494 -0.285531
v -0.048266 12.531565 -0.278876
v 0.069049 12.532285 -0.394481
v 0.063160 12.532248 -0.407543
v 0.053987 12.532192 -0.417910
v 0.042429 12.532122 -0.424565
v 0.029617 12.532043 -0.426859
v 0.071078 12.532297 -0.380001
v 0.072064 12.371770 -0.326823
v 0.070034 12.371757 -0.338773
v 0.064145 12.371720 -0.349554
v 0.054973 12.371664 -0.358109
v 0.043415 12.371593 -0.363602
v 0.030602 12.371514 -0.365495
v 0.042429 12.532122 -0.278876
v 0.053987 12.532192 -0.285531
v 0.063160 12.532248 -0.295898
v 0.069049 12.532285 -0.308960
v 0.071078 12.532297 -0.323440
v 0.029617 12.532043 -0.276582
v 0.072064 12.371767 -0.253890
v 0.070034 12.371756 -0.241940
v 0.064145 12.371719 -0.231160
v 0.054973 12.371663 -0.222604
v 0.043415 12.371593 -0.217111
v 0.030602 12.371514 -0.215218
v 0.072889 12.237267 -0.300607
v 0.070860 12.237254 -0.313552
v 0.064971 12.237218 -0.325230
v 0.055798 12.237162 -0.334498
v 0.044240 12.237090 -0.340448
v 0.031428 12.237012 -0.342499
v 0.072889 12.237266 -0.234114
v 0.070860 12.237253 -0.221169
v 0.064971 12.237218 -0.209491
v 0.055798 12.237162 -0.200223
v 0.044240 12.237090 -0.194273
v 0.031428 12.237012 -0.192222
v 0.073950 12.064542 -0.275333
v 0.071921 12.064529 -0.288319
v 0.066031 12.064493 -0.300034
v 0.056859 12.064437 -0.309331
v 0.045301 12.064365 -0.315300
v 0.032488 12.064287 -0.317357
v 0.073950 12.064541 -0.209105
v 0.071921 12.064528 -0.196119
v 0.066031 12.064493 -0.184404
v 0.056859 12.064437 -0.175107
v 0.045301 12.064365 -0.169138
v 0.032488 12.064287 -0.167081
v 0.074898 11.910115 -0.221333
v 0.072869 11.910103 -0.234067
v 0.066979 11.910067 -0.245554
v 0.057807 11.910010 -0.254670
v 0.046249 11.909940 -0.260524
v 0.033437 11.909861 -0.262540
v 0.074898 11.910115 -0.153472
v 0.072869 11.910103 -0.140738
v 0.066979 11.910067 -0.129251
v 0.057807 11.910010 -0.120134
v 0.046249 11.909940 -0.114281
v 0.033437 11.909861 -0.112264
v 0.075732 11.774178 -0.158045
v 0.073703 11.774165 -0.169964
v 0.067814 11.774129 -0.180715
v 0.058641 11.774073 -0.189248
v 0.047083 11.774001 -0.194726
v 0.034271 11.773923 -0.196613
v 0.075732 11.774178 -0.084905
v 0.073703 11.774165 -0.072987
v 0.067814 11.774129 -0.062235
v 0.058641 11.774073 -0.053703
v 0.047083 11.774001 -0.048225
v 0.034271 11.773923 -0.046337
v 0.035157 11.629610 -0.109540
v 0.047969 11.629689 -0.107140
v 0.059527 11.629760 -0.100175
v 0.068700 11.629816 -0.089326
v 0.074589 11.629852 -0.075656
v 0.076618 11.629865 -0.060503
v 0.035157 11.629610 0.040736
v 0.076618 11.629865 -0.008300
v 0.074589 11.629852 0.006853
v 0.068700 11.629816 0.020523
v 0.059527 11.629760 0.031371
v 0.047969 11.629689 0.038336
v 0.136726 11.629210 -0.002431
v 0.087689 11.628956 -0.043892
v 0.102842 11.628968 -0.041863
v 0.116512 11.629004 -0.035974
v 0.127360 11.629061 -0.026802
v 0.134326 11.629132 -0.015243
v 0.185231 11.773269 -0.044778
v 0.197149 11.773281 -0.042749
v 0.207901 11.773317 -0.036860
v 0.216433 11.773374 -0.027687
v 0.221911 11.773445 -0.016129
v 0.223799 11.773523 -0.003317
v -0.013551 11.629210 -0.002431
v -0.011151 11.629132 -0.015243
v -0.004185 11.629061 -0.026802
v 0.006663 11.629004 -0.035974
v 0.020333 11.628968 -0.041863
v 0.035486 11.628956 -0.043892
v 0.112091 11.773269 -0.044778
v 0.100173 11.773281 -0.042749
v 0.089421 11.773317 -0.036860
v 0.080889 11.773374 -0.027687
v 0.075411 11.773445 -0.016129
v 0.073523 11.773523 -0.003317
v 0.248519 11.909207 -0.045613
v 0.261252 11.909220 -0.043584
v 0.272740 11.909256 -0.037695
v 0.281856 11.909312 -0.028522
v 0.287709 11.909383 -0.016964
v 0.289726 11.909461 -0.004152
v 0.180658 11.909206 -0.045613
v 0.167924 11.909219 -0.043584
v 0.156436 11.909255 -0.037695
v 0.147320 11.909311 -0.028522
v 0.141467 11.909383 -0.016964
v 0.139450 11.909461 -0.004152
v 0.302519 12.063633 -0.046561
v 0.315505 12.063645 -0.044532
v 0.327220 12.063682 -0.038643
v 0.336517 12.063738 -0.029470
v 0.342486 12.063808 -0.017912
v 0.344543 12.063888 -0.005100
v 0.236291 12.063633 -0.046561
v 0.223305 12.063645 -0.044532
v 0.211590 12.063682 -0.038643
v 0.202293 12.063738 -0.029470
v 0.196324 12.063808 -0.017912
v 0.194267 12.063888 -0.005100
v 0.327793 12.236359 -0.047621
v 0.340738 12.236371 -0.045592
v 0.352416 12.236406 -0.039703
v 0.361684 12.236463 -0.030530
v 0.367634 12.236534 -0.018972
v 0.369684 12.236612 -0.006160
v 0.261300 12.236358 -0.047621
v 0.248355 12.236370 -0.045592
v 0.236677 12.236406 -0.039703
v 0.227409 12.236463 -0.030530
v 0.221459 12.236534 -0.018972
v 0.219408 12.236612 -0.006160
v 0.354009 12.370861 -0.048447
v 0.365959 12.370873 -0.046418
v 0.376739 12.370909 -0.040529
v 0.385295 12.370965 -0.031356
v 0.390788 12.371036 -0.019798
v 0.392680 12.371115 -0.006986
v 0.281076 12.370859 -0.048447
v 0.269126 12.370872 -0.046418
v 0.258345 12.370908 -0.040529
v 0.249790 12.370965 -0.031356
v 0.244297 12.371036 -0.019798
v 0.242404 12.371115 -0.006986
v 0.454044 12.531643 -0.007971
v 0.451751 12.531565 -0.020784
v 0.445095 12.531494 -0.032342
v 0.434729 12.531437 -0.041514
v 0.421666 12.531402 -0.047403
v 0.407187 12.531389 -0.049433
v 0.303768 12.531643 -0.007971
v 0.350626 12.531389 -0.049433
v 0.336146 12.531402 -0.047403
v 0.323083 12.531437 -0.041514
v 0.312717 12.531494 -0.032342
v 0.306061 12.531565 -0.020784
v 0.421666 12.532285 0.096531
v 0.434729 12.532248 0.090642
v 0.445095 12.532192 0.081469
v 0.451751 12.532122 0.069911
v 0.454044 12.532043 0.057099
v 0.407187 12.532297 0.098560
v 0.354009 12.371770 0.099546
v 0.365959 12.371757 0.097517
v 0.376739 12.371720 0.091627
v 0.385295 12.371664 0.082455
v 0.390788 12.371593 0.070897
v 0.392680 12.371514 0.058084
v 0.306061 12.532122 0.069911
v 0.312717 12.532192 0.081469
v 0.323083 12.532248 0.090642
v 0.336146 12.532285 0.096531
v 0.350626 12.532297 0.098560
v 0.303768 12.532043 0.057099
v 0.281076 12.371767 0.099546
v 0.269126 12.371756 0.097517
v 0.258345 12.371719 0.091627
v 0.249790 12.371663 0.082455
v 0.244297 12.371593 0.070897
v 0.242404 12.371514 0.058084
v 0.327793 12.237267 0.100372
v 0.340738 12.237254 0.098342
v 0.352416 12.237218 0.092453
v 0.361684 12.237162 0.083281
v 0.367634 12.237090 0.071722
v 0.369684 12.237012 0.058910
v 0.261300 12.237266 0.100372
v 0.248355 12.237253 0.098342
v 0.236677 12.237218 0.092453
v 0.227409 12.237162 0.083281
v 0.221459 12.237090 0.071722
v 0.219408 12.237012 0.058910
v 0.302519 12.064542 0.101432
v 0.315505 12.064529 0.099403
v 0.327220 12.064493 0.093514
v 0.336517 12.064437 0.084341
v 0.342486 12.064365 0.072783
v 0.344543 12.064287 0.059971
v 0.236291 12.064541 0.101432
v 0.223305 12.064528 0.099403
v 0.211590 12.064493 0.093514
v 0.202293 12.064437 0.084341
v 0.196324 12.064365 0.072783
v 0.194267 12.064287 0.059971
v 0.248519 11.910115 0.102380
v 0.261252 11.910103 0.100351
v 0.272740 11.910067 0.094462
v 0.281856 11.910010 0.085289
v 0.287709 11.909940 0.073731
v 0.289726 11.909861 0.060919
v 0.180658 11.910115 0.102380
v 0.167924 11.910103 0.100351
v 0.156436 11.910067 0.094462
v 0.147320 11.910010 0.085289
v 0.141467 11.909940 0.073731
v 0.139450 11.909861 0.060919
v 0.185231 11.774178 0.103215
v 0.197149 11.774165 0.101185
v 0.207901 11.774129 0.095296
v 0.216433 11.774073 0.086124
v 0.221911 11.774001 0.074565
v 0.223799 11.773923 0.061753
v 0.112091 11.774178 0.103215
v 0.100173 11.774165 0.101185
v 0.089421 11.774129 0.095296
v 0.080889 11.774073 0.086124
v 0.075411 11.774001 0.074565
v 0.073523 11.773923 0.061753
v 0.136726 11.629610 0.062639
v 0.134326 11.629689 0.075451
v 0.127360 11.629760 0.087009
v 0.116512 11.629816 0.096182
v 0.102842 11.629852 0.102071
v 0.087689 11.629865 0.104100
v -0.013551 11.629610 0.062639
v 0.035486 11.629865 0.104100
v 0.020333 11.629852 0.102071
v 0.006663 11.629816 0.096182
v -0.004185 11.629760 0.087009
v -0.011151 11.629689 0.075451
v -0.137022 11.629610 0.062639
v -0.087985 11.629865 0.104100
v -0.103138 11.629852 0.102071
v -0.116808 11.629816 0.096182
v -0.127657 11.629760 0.087009
v -0.134622 11.629689 0.075451
v -0.185527 11.774178 0.103215
v -0.197446 11.774165 0.101185
v -0.208197 11.774129 0.095296
v -0.216730 11.774073 0.086124
v -0.222208 11.774001 0.074565
v -0.224095 11.773923 0.061753
v 0.013254 11.629610 0.062639
v 0.010854 11.629689 0.075451
v 0.003889 11.629760 0.087009
v -0.006959 11.629816 0.096182
v -0.020629 11.629852 0.102071
v -0.035782 11.629865 0.104100
v -0.112387 11.774178 0.103215
v -0.100469 11.774165 0.101185
v -0.089718 11.774129 0.095296
v -0.081185 11.774073 0.086124
v -0.075707 11.774001 0.074565
v -0.073819 11.773923 0.061753
v -0.248815 11.910115 0.102380
v -0.261549 11.910103 0.100351
v -0.273036 11.910067 0.094462
v -0.282153 11.910010 0.085289
v -0.288006 11.909940 0.073731
v -0.290023 11.909861 0.060919
v -0.180954 11.910115 0.102380
v -0.168220 11.910103 0.100351
v -0.156733 11.910067 0.094462
v -0.147616 11.910010 0.085289
v -0.141763 11.909940 0.073731
v -0.139746 11.909861 0.060919
v -0.302815 12.064542 0.101432
v -0.315802 12.064529 0.099403
v -0.327516 12.064493 0.093514
v -0.336814 12.064437 0.084341
v -0.342783 12.064365 0.072783
v -0.344839 12.064287 0.059971
v -0.236587 12.064541 0.101432
v -0.223601 12.064528 0.099403
v -0.211886 12.064493 0.093514
v -0.202589 12.064437 0.084341
v -0.196620 12.064365 0.072783
v -0.194563 12.064287 0.059971
v -0.328089 12.237267 0.100372
v -0.341034 12.237254 0.098342
v -0.352712 12.237218 0.092453
v -0.361980 12.237162 0.083281
v -0.367930 12.237090 0.071722
v -0.369981 12.237012 0.058910
v -0.261596 12.237266 0.100372
v -0.248651 12.237253 0.098342
v -0.236973 12.237218 0.092453
v -0.227705 12.237162 0.083281
v -0.221755 12.237090 0.071722
v -0.219705 12.237012 0.058910
v -0.354305 12.371770 0.099546
v -0.366255 12.371757 0.097517
v -0.377036 12.371720 0.091627
v -0.385591 12.371664 0.082455
v -0.391084 12.371593 0.070897
v -0.392977 12.371514 0.058085
v -0.281372 12.371767 0.099546
v -0.269422 12.371756 0.097517
v -0.258642 12.371719 0.091627
v -0.250086 12.371663 0.082455
v -0.244593 12.371593 0.070897
v -0.242701 12.371514 0.058084
v -0.454341 12.532043 0.057099
v -0.452047 12.532122 0.069911
v -0.445392 12.532192 0.081469
v -0.435025 12.532248 0.090642
v -0.421963 12.532285 0.096531
v -0.407483 12.532297 0.098560
v -0.304064 12.532043 0.057099
v -0.350922 12.532297 0.098560
v -0.336442 12.532285 0.096531
v -0.323380 12.532248 0.090642
v -0.313013 12.532192 0.081469
v -0.306358 12.532122 0.069911
v -0.421963 12.531402 -0.047403
v -0.435025 12.531437 -0.041514
v -0.445392 12.531494 -0.032342
v -0.452047 12.531565 -0.020784
v -0.454341 12.531643 -0.007971
v -0.407483 12.531389 -0.049433
v -0.354305 12.370861 -0.048447
v -0.366255 12.370873 -0.046418
v -0.377036 12.370909 -0.040529
v -0.385591 12.370965 -0.031356
v -0.391084 12.371036 -0.019798
v -0.392977 12.371115 -0.006986
v -0.306358 12.531565 -0.020784
v -0.313013 12.531494 -0.032342
v -0.323380 12.531437 -0.041514
v -0.336442 12.531402 -0.047403
v -0.350922 12.531389 -0.049433
v -0.304064 12.531643 -0.007971
v -0.281372 12.370859 -0.048447
v -0.269422 12.370872 -0.046418
v -0.258642 12.370908 -0.040529
v -0.250086 12.370965 -0.031356
v -0.244593 12.371036 -0.019798
v -0.242701 12.371115 -0.006986
v -0.328089 12.236359 -0.047621
v -0.341034 12.236371 -0.045592
v -0.352712 12.236406 -0.039703
v -0.361980 12.236463 -0.030530
v -0.367930 12.236534 -0.018972
v -0.369981 12.236612 -0.006160
v -0.261596 12.236358 -0.047621
v -0.248651 12.236370 -0.045592
v -0.236973 12.236406 -0.039703
v -0.227705 12.236463 -0.030530
v -0.221755 12.236534 -0.018972
v -0.219705 12.236612 -0.006160
v -0.302815 12.063633 -0.046561
v -0.315802 12.063645 -0.044532
v -0.327516 12.063682 -0.038643
v -0.336814 12.063738 -0.029470
v -0.342783 12.063808 -0.017912
v -0.344839 12.063888 -0.005100
v -0.236587 12.063633 -0.046561
v -0.223601 12.063645 -0.044532
v -0.211886 12.063682 -0.038643
v -0.202589 12.063738 -0.029470
v -0.196620 12.063808 -0.017912
v -0.194563 12.063888 -0.005100
v -0.248815 11.909207 -0.045613
v -0.261549 11.909220 -0.043584
v -0.273036 11.909256 -0.037695
v -0.282153 11.909312 -0.028522
v -0.288006 11.909383 -0.016964
v -0.290023 11.909461 -0.004152
v -0.180954 11.909206 -0.045613
v -0.168220 11.909219 -0.043584
v -0.156733 11.909255 -0.037695
v -0.147616 11.909311 -0.028522
v -0.141763 11.909383 -0.016964
v -0.139746 11.909461 -0.004152
v -0.185527 11.773269 -0.044778
v -0.197446 11.773281 -0.042749
v -0.208197 11.773317 -0.036860
v -0.216730 11.773374 -0.027687
v -0.222208 11.773445 -0.016129
v -0.224095 11.773523 -0.003317
v -0.112387 11.773269 -0.044778
v -0.100469 11.773281 -0.042749
v -0.089718 11.773317 -0.036860
v -0.081185 11.773374 -0.027687
v -0.075707 11.773445 -0.016129
v -0.073819 11.773523 -0.003317
v -0.137022 11.629210 -0.002431
v -0.134622 11.629132 -0.015243
v -0.127657 11.629061 -0.026802
v -0.116808 11.629004 -0.035974
v -0.103138 11.628968 -0.041863
v -0.087985 11.628956 -0.043892
v 0.013254 11.629210 -0.002431
v -0.035782 11.628956 -0.043892
v -0.020629 11.628968 -0.041863
v -0.006959 11.629004 -0.035974
v 0.003889 11.629061 -0.026802
v 0.010854 11.629132 -0.015243
v 0.187177 14.900035 -0.057274
v 0.159222 14.900035 -0.112138
v 0.115681 14.900035 -0.155678
v 0.060817 14.900035 -0.183633
v 0.000000 14.900035 -0.193265
v -0.060817 14.900035 -0.183633
v -0.115681 14.900035 -0.155678
v -0.159222 14.900035 -0.112138
v -0.187177 14.900035 -0.057274
v -0.196809 14.900035 0.003544
v -0.187177 14.900035 0.064361
v -0.159222 14.900035 0.119225
v -0.115681 14.900035 0.162766
v -0.060817 14.900035 0.190720
v 0.000000 14.900035 0.200353
v 0.060817 14.900035 0.190720
v 0.115681 14.900035 0.162766
v 0.159222 14.900035 0.119225
v 0.187177 14.900035 0.064361
v 0.196809 14.900035 0.003544
v 0.187177 15.293652 -0.057274
v 0.159222 15.293652 -0.112138
v 0.115681 15.293652 -0.155678
v 0.060817 15.293652 -0.183633
v 0.000000 15.293652 -0.193265
v -0.060817 15.293652 -0.183633
v -0.115681 15.293652 -0.155678
v -0.159222 15.293652 -0.112138
v -0.187177 15.293652 -0.057274
v -0.196809 15.293652 0.003544
v -0.187177 15.293652 0.064361
v -0.159222 15.293652 0.119225
v -0.115681 15.293652 0.162766
v -0.060817 15.293652 0.190720
v 0.000000 15.293652 0.200353
v 0.060817 15.293652 0.190720
v 0.115681 15.293652 0.162766
v 0.159222 15.293652 0.119225
v 0.187177 15.293652 0.064361
v 0.196809 15.293652 0.003544
v 0.000000 14.900034 0.003544
v 0.129206 15.396063 -0.038438
v 0.109910 15.396063 -0.076310
v 0.000000 15.408453 0.003544
v 0.079854 15.396063 -0.106366
v 0.041982 15.396063 -0.125663
v 0.000000 15.396063 -0.132312
v -0.041982 15.396063 -0.125663
v -0.079854 15.396063 -0.106366
v -0.109910 15.396063 -0.076311
v -0.129206 15.396063 -0.038439
v -0.135856 15.396063 0.003544
v -0.129206 15.396063 0.045526
v -0.109910 15.396063 0.083398
v -0.079854 15.396063 0.113453
v -0.041982 15.396063 0.132750
v 0.000000 15.396063 0.139399
v 0.041982 15.396063 0.132750
v 0.079854 15.396063 0.113453
v 0.109910 15.396063 0.083398
v 0.129206 15.396063 0.045526
v 0.135856 15.396063 0.003544
v 0.351456 15.293652 -0.110651
v 0.359640 15.299999 -0.113310
v 0.356238 15.310003 -0.112205
v 0.303035 15.310003 -0.216624
v 0.305928 15.299999 -0.218726
v 0.298966 15.293652 -0.213667
v 0.220168 15.310003 -0.299491
v 0.222270 15.299999 -0.302384
v 0.217212 15.293652 -0.295422
v 0.115749 15.310003 -0.352695
v 0.116854 15.299999 -0.356096
v 0.114195 15.293652 -0.347912
v 0.000000 15.310003 -0.371028
v 0.000000 15.299999 -0.374604
v 0.000000 15.293652 -0.365999
v -0.115749 15.310003 -0.352695
v -0.116855 15.300003 -0.356096
v -0.114195 15.293654 -0.347912
v -0.220168 15.310003 -0.299490
v -0.222270 15.299999 -0.302384
v -0.217211 15.293652 -0.295422
v -0.303034 15.310003 -0.216624
v -0.305927 15.299999 -0.218726
v -0.298966 15.293652 -0.213668
v -0.356238 15.310003 -0.112205
v -0.359639 15.299999 -0.113311
v -0.351455 15.293652 -0.110651
v -0.374571 15.310003 0.003544
v -0.378147 15.299999 0.003544
v -0.369542 15.293652 0.003544
v -0.356238 15.310003 0.119293
v -0.359639 15.299999 0.120398
v -0.351455 15.293652 0.117739
v -0.303034 15.310003 0.223711
v -0.305928 15.299999 0.225813
v -0.298966 15.293652 0.220755
v -0.220168 15.310003 0.306578
v -0.222270 15.299999 0.309471
v -0.217212 15.293652 0.302509
v -0.115749 15.310003 0.359782
v -0.116855 15.300003 0.363183
v -0.114195 15.293654 0.354999
v 0.000000 15.310006 0.378115
v 0.000000 15.300003 0.381691
v 0.000000 15.293654 0.373086
v 0.115749 15.310003 0.359782
v 0.116854 15.300003 0.363183
v 0.114195 15.293654 0.354999
v 0.220166 15.310006 0.306579
v 0.222268 15.300003 0.309472
v 0.217210 15.293654 0.302510
v 0.303034 15.310003 0.223713
v 0.305927 15.299999 0.225815
v 0.298965 15.293652 0.220757
v 0.356238 15.310003 0.119293
v 0.359639 15.299999 0.120398
v 0.351455 15.293652 0.117739
v 0.374571 15.310003 0.003544
v 0.378147 15.299999 0.003544
v 0.369542 15.293652 0.003544
v 0.174840 15.375413 -0.123485
v 0.263010 15.342713 -0.187544
v 0.205536 15.375413 -0.063239
v 0.309186 15.342713 -0.096917
v 0.127029 15.375413 -0.171296
v 0.191088 15.342713 -0.259466
v 0.066783 15.375413 -0.201993
v 0.100461 15.342713 -0.305643
v 0.000000 15.375413 -0.212570
v 0.000000 15.342713 -0.321554
v -0.066783 15.375413 -0.201993
v -0.100462 15.342713 -0.305643
v -0.127028 15.375413 -0.171296
v -0.191088 15.342713 -0.259466
v -0.174840 15.375413 -0.123485
v -0.263009 15.342713 -0.187545
v -0.205536 15.375413 -0.063240
v -0.309186 15.342713 -0.096918
v -0.216114 15.375413 0.003544
v -0.325098 15.342713 0.003544
v -0.205536 15.375413 0.070328
v -0.309186 15.342713 0.104005
v -0.174840 15.375413 0.130573
v -0.263009 15.342713 0.194633
v -0.127029 15.375413 0.178383
v -0.191088 15.342713 0.266553
v -0.066783 15.375413 0.209080
v -0.100461 15.342713 0.312730
v 0.000000 15.375413 0.219657
v 0.000000 15.342713 0.328642
v 0.066783 15.375413 0.209080
v 0.100461 15.342713 0.312730
v 0.127028 15.375413 0.178383
v 0.191087 15.342713 0.266554
v 0.174839 15.375413 0.130573
v 0.263009 15.342713 0.194633
v 0.205536 15.375413 0.070328
v 0.309186 15.342713 0.104006
v 0.216114 15.375413 0.003544
v 0.325098 15.342713 0.003544
v -0.627526 12.408823 0.615892
v 0.627526 12.408823 0.615892
v -1.029149 14.189781 1.017515
v 1.029149 14.189781 1.017515
v -1.029149 14.189781 -1.040782
v 1.029149 14.189781 -1.040782
v -0.627526 12.408823 -0.639160
v 0.627526 12.408823 -0.639160
v -1.029149 14.421181 1.017515
v 1.029149 14.421181 1.017515
v 1.029149 14.421181 -1.040782
v -1.029149 14.421181 -1.040782
v -0.629149 14.421181 0.617515
v 0.629149 14.421181 0.617515
v 0.629149 14.421181 -0.640783
v -0.629149 14.421181 -0.640783
v -0.234963 15.189007 0.223329
v 0.234963 15.189007 0.223329
v 0.234963 15.189007 -0.246597
v -0.234963 15.189007 -0.246597
v -1.429149 14.189781 1.417515
v 1.429149 14.189781 1.417515
v 1.429149 14.421181 1.417515
v -1.429149 14.421181 1.417515
v 1.429149 14.189781 -1.440783
v 1.429149 14.421181 -1.440783
v -1.429149 14.189781 -1.440783
v -1.429149 14.421181 -1.440783
v 0.671523 12.603924 -0.478375
v 0.671523 12.603924 0.455107
v 0.993778 14.032935 -0.840783
v 0.993778 14.032935 0.817515
v -0.671523 12.603924 -0.478375
v -0.671523 12.603924 0.455107
v -0.993778 14.032935 0.817515
v -0.993778 14.032935 -0.840783
v -0.466741 12.603924 0.659889
v 0.466741 12.603924 0.659889
v 0.829149 14.032935 0.982144
v -0.829149 14.032935 0.982144
v -0.829149 14.032935 -1.005412
v 0.829149 14.032935 -1.005412
v 0.466741 12.603924 -0.683157
v -0.466741 12.603924 -0.683157
v 0.469636 12.630238 0.540308
v 0.551942 12.630238 0.458002
v 0.903837 14.054935 0.809896
v 0.821530 14.054935 0.892203
v -0.551942 12.630238 0.458002
v -0.469636 12.630238 0.540308
v -0.821530 14.054935 0.892203
v -0.903837 14.054935 0.809896
v 0.821530 14.054935 -0.915471
v 0.903837 14.054935 -0.833164
v 0.551942 12.630238 -0.481270
v 0.469636 12.630238 -0.563576
v -0.903837 14.054935 -0.833164
v -0.821530 14.054935 -0.915471
v -0.469636 12.630238 -0.563576
v -0.551942 12.630238 -0.481270
v 0.300134 11.199595 -0.097521
v 0.255310 11.199595 -0.185494
v 0.185494 11.199595 -0.255311
v 0.097520 11.199595 -0.300136
v 0.000000 11.199595 -0.315582
v -0.097520 11.199595 -0.300136
v -0.185494 11.199595 -0.255311
v -0.255310 11.199595 -0.185494
v -0.300134 11.199595 -0.097521
v -0.315580 11.199595 -0.000001
v -0.300134 11.199595 0.097519
v -0.255310 11.199595 0.185492
v -0.185493 11.199595 0.255309
v -0.097520 11.199595 0.300134
v 0.000000 11.199595 0.315579
v 0.097520 11.199595 0.300134
v 0.185493 11.199595 0.255309
v 0.255310 11.199595 0.185492
v 0.300134 11.199595 0.097519
v 0.315580 11.199595 -0.000001
v 0.300135 11.510490 -0.097519
v 0.255310 11.510490 -0.185496
v 0.185494 11.510490 -0.255314
v 0.097520 11.510490 -0.300136
v 0.000000 11.510490 -0.315582
v -0.097520 11.510490 -0.300138
v -0.185494 11.510490 -0.255309
v -0.255310 11.510490 -0.185493
v -0.300135 11.510490 -0.097522
v -0.315580 11.510490 0.000000
v -0.300135 11.510490 0.097518
v -0.255310 11.510490 0.185490
v -0.185494 11.510490 0.255308
v -0.097520 11.510490 0.300134
v 0.000000 11.510490 0.315580
v 0.097520 11.510490 0.300133
v 0.185494 11.510490 0.255309
v 0.255310 11.510490 0.185495
v 0.300134 11.510490 0.097519
v 0.315580 11.510490 -0.000001
v 0.300137 11.711287 -0.097519
v 0.255311 11.711287 -0.185497
v 0.185495 11.711287 -0.255316
v 0.097520 11.711287 -0.300137
v 0.000000 11.711287 -0.315583
v -0.097520 11.711287 -0.300139
v -0.185494 11.711287 -0.255309
v -0.255311 11.711287 -0.185492
v -0.300136 11.711287 -0.097523
v -0.315582 11.711287 0.000000
v -0.300136 11.711287 0.097519
v -0.255311 11.711287 0.185492
v -0.185494 11.711287 0.255309
v -0.097520 11.711287 0.300135
v 0.000000 11.711287 0.315582
v 0.097520 11.711287 0.300133
v 0.185494 11.711287 0.255310
v 0.255311 11.711287 0.185498
v 0.300136 11.711287 0.097520
v 0.315582 11.711287 -0.000003
v 0.237595 11.901114 -0.077199
v 0.202111 11.901114 -0.146845
v 0.000000 11.901117 -0.000001
v 0.146842 11.901114 -0.202115
v 0.077199 11.901114 -0.237594
v 0.000000 11.901114 -0.249824
v -0.077200 11.901114 -0.237599
v -0.146842 11.901114 -0.202108
v -0.202111 11.901114 -0.146840
v -0.237595 11.901114 -0.077202
v -0.249823 11.901114 0.000000
v -0.237595 11.901114 0.077199
v -0.202111 11.901114 0.146839
v -0.146841 11.901114 0.202108
v -0.077199 11.901114 0.237594
v 0.000000 11.901114 0.249823
v 0.077199 11.901114 0.237592
v 0.146841 11.901114 0.202110
v 0.202111 11.901114 0.146845
v 0.237595 11.901114 0.077200
v 0.249823 11.901114 -0.000001
v 0.373349 11.199594 -0.121310
v 0.396425 11.223560 -0.128808
v 0.337219 11.223561 -0.245005
v 0.317590 11.199595 -0.230743
v 0.317590 11.297958 -0.230743
v 0.337219 11.271502 -0.245005
v 0.396425 11.271502 -0.128808
v 0.373350 11.297956 -0.121310
v 0.245005 11.223560 -0.337220
v 0.230742 11.199594 -0.317591
v 0.230742 11.297956 -0.317592
v 0.245005 11.271501 -0.337222
v 0.128807 11.223560 -0.396427
v 0.121308 11.199594 -0.373350
v 0.121308 11.297956 -0.373351
v 0.128806 11.271502 -0.396427
v 0.000000 11.223561 -0.416828
v 0.000000 11.199595 -0.392564
v 0.000000 11.297958 -0.392564
v 0.000000 11.271502 -0.416828
v -0.128807 11.223560 -0.396427
v -0.121308 11.199594 -0.373350
v -0.121309 11.297956 -0.373351
v -0.128807 11.271502 -0.396428
v -0.245005 11.223564 -0.337220
v -0.230742 11.199596 -0.317591
v -0.230742 11.297958 -0.317590
v -0.245005 11.271502 -0.337220
v -0.337219 11.223561 -0.245005
v -0.317590 11.199596 -0.230743
v -0.317590 11.297958 -0.230743
v -0.337219 11.271502 -0.245005
v -0.396425 11.223561 -0.128808
v -0.373349 11.199595 -0.121310
v -0.373349 11.297958 -0.121310
v -0.396425 11.271502 -0.128808
v -0.416827 11.223561 -0.000001
v -0.392562 11.199595 -0.000001
v -0.392562 11.297958 -0.000001
v -0.416827 11.271502 -0.000001
v -0.396425 11.223561 0.128805
v -0.373349 11.199595 0.121308
v -0.373349 11.297958 0.121306
v -0.396425 11.271502 0.128804
v -0.337219 11.223564 0.245004
v -0.317590 11.199596 0.230742
v -0.317590 11.297958 0.230740
v -0.337219 11.271502 0.245002
v -0.245005 11.223561 0.337219
v -0.230742 11.199595 0.317589
v -0.230742 11.297958 0.317588
v -0.245005 11.271503 0.337218
v -0.128807 11.223561 0.396425
v -0.121309 11.199595 0.373348
v -0.121309 11.297958 0.373348
v -0.128807 11.271502 0.396425
v 0.000000 11.223560 0.416826
v 0.000000 11.199594 0.392562
v 0.000000 11.297956 0.392562
v 0.000000 11.271502 0.416826
v 0.128807 11.223560 0.396425
v 0.121308 11.199594 0.373348
v 0.121308 11.297956 0.373348
v 0.128807 11.271502 0.396425
v 0.245004 11.223561 0.337219
v 0.230742 11.199595 0.317589
v 0.230742 11.297958 0.317589
v 0.245004 11.271502 0.337219
v 0.337219 11.223561 0.245004
v 0.317590 11.199595 0.230741
v 0.317590 11.297958 0.230742
v 0.337219 11.271502 0.245005
v 0.396425 11.223561 0.128805
v 0.373349 11.199595 0.121307
v 0.373349 11.297958 0.121307
v 0.396425 11.271502 0.128805
v 0.416827 11.223561 -0.000001
v 0.392562 11.199595 -0.000001
v 0.392562 11.297958 -0.000002
v 0.416827 11.271502 -0.000002
v 0.373349 11.402183 -0.121308
v 0.396425 11.431473 -0.128806
v 0.337220 11.431473 -0.245006
v 0.317590 11.402184 -0.230744
v 0.317591 11.510490 -0.230744
v 0.337220 11.486526 -0.245006
v 0.396425 11.486526 -0.128805
v 0.373350 11.510490 -0.121305
v 0.245004 11.431473 -0.337225
v 0.230742 11.402184 -0.317594
v 0.230742 11.510490 -0.317595
v 0.245004 11.486526 -0.337225
v 0.128805 11.431473 -0.396427
v 0.121307 11.402184 -0.373351
v 0.121308 11.510490 -0.373351
v 0.128805 11.486526 -0.396427
v 0.000001 11.431473 -0.416828
v 0.000001 11.402184 -0.392564
v 0.000001 11.510490 -0.392564
v 0.000001 11.486526 -0.416828
v -0.128807 11.431473 -0.396428
v -0.121309 11.402184 -0.373351
v -0.121309 11.510490 -0.373352
v -0.128807 11.486526 -0.396429
v -0.245006 11.431473 -0.337218
v -0.230743 11.402184 -0.317589
v -0.230743 11.510490 -0.317589
v -0.245005 11.486526 -0.337219
v -0.337219 11.431473 -0.245006
v -0.317589 11.402184 -0.230744
v -0.317590 11.510490 -0.230741
v -0.337219 11.486526 -0.245005
v -0.396425 11.431473 -0.128808
v -0.373349 11.402184 -0.121310
v -0.373350 11.510490 -0.121311
v -0.396425 11.486526 -0.128808
v -0.416827 11.431473 0.000000
v -0.392562 11.402184 0.000000
v -0.392562 11.510490 0.000000
v -0.416827 11.486526 0.000000
v -0.396425 11.431473 0.128805
v -0.373349 11.402184 0.121307
v -0.373350 11.510490 0.121307
v -0.396425 11.486526 0.128805
v -0.337219 11.431473 0.245002
v -0.317590 11.402183 0.230740
v -0.317590 11.510490 0.230739
v -0.337219 11.486526 0.245001
v -0.245005 11.431473 0.337217
v -0.230742 11.402184 0.317587
v -0.230743 11.510490 0.317587
v -0.245005 11.486526 0.337217
v -0.128808 11.431473 0.396425
v -0.121309 11.402184 0.373348
v -0.121309 11.510490 0.373348
v -0.128808 11.486526 0.396425
v 0.000000 11.431473 0.416827
v 0.000000 11.402184 0.392563
v 0.000000 11.510490 0.392563
v 0.000000 11.486526 0.416827
v 0.128807 11.431473 0.396424
v 0.121309 11.402184 0.373348
v 0.121309 11.510490 0.373347
v 0.128807 11.486526 0.396424
v 0.245003 11.431473 0.337219
v 0.230742 11.402184 0.317589
v 0.230742 11.510490 0.317590
v 0.245003 11.486526 0.337220
v 0.337219 11.431473 0.245005
v 0.317590 11.402183 0.230743
v 0.317590 11.510490 0.230744
v 0.337219 11.486526 0.245006
v 0.396425 11.431473 0.128805
v 0.373349 11.402183 0.121307
v 0.373350 11.510490 0.121307
v 0.396425 11.486526 0.128805
v 0.416827 11.431473 -0.000001
v 0.392562 11.402183 -0.000001
v 0.392562 11.510490 -0.000001
v 0.416827 11.486526 -0.000001
v 0.300134 11.325965 -0.097521
v 0.327103 11.297958 -0.106283
v 0.255310 11.325965 -0.185494
v 0.278251 11.297958 -0.202161
v 0.185494 11.325965 -0.255312
v 0.202160 11.297958 -0.278253
v 0.097520 11.325965 -0.300136
v 0.106282 11.297958 -0.327104
v 0.000000 11.325965 -0.315582
v 0.000000 11.297958 -0.343937
v -0.097520 11.325965 -0.300137
v -0.106282 11.297958 -0.327104
v -0.185493 11.325965 -0.255310
v -0.202160 11.297958 -0.278251
v -0.255310 11.325965 -0.185494
v -0.278250 11.297958 -0.202161
v -0.300134 11.325965 -0.097521
v -0.327103 11.297958 -0.106283
v -0.315580 11.325965 -0.000001
v -0.343936 11.297958 -0.000001
v -0.300134 11.325965 0.097518
v -0.327103 11.297958 0.106280
v -0.255310 11.325965 0.185491
v -0.278250 11.297958 0.202158
v -0.185493 11.325965 0.255308
v -0.202160 11.297958 0.278248
v -0.097520 11.325965 0.300134
v -0.106282 11.297958 0.327102
v 0.000000 11.325965 0.315580
v 0.000000 11.297958 0.343936
v 0.097520 11.325965 0.300134
v 0.106282 11.297958 0.327101
v 0.185493 11.325965 0.255309
v 0.202160 11.297958 0.278250
v 0.255310 11.325965 0.185494
v 0.278250 11.297958 0.202161
v 0.300134 11.325965 0.097519
v 0.327103 11.297958 0.106281
v 0.315580 11.325965 -0.000002
v 0.343936 11.297958 -0.000002
v 0.300134 11.374175 -0.097519
v 0.327103 11.402184 -0.106281
v 0.255310 11.374178 -0.185495
v 0.278251 11.402184 -0.202162
v 0.185493 11.374178 -0.255313
v 0.202160 11.402184 -0.278254
v 0.097520 11.374178 -0.300136
v 0.106282 11.402184 -0.327104
v 0.000000 11.374178 -0.315582
v 0.000000 11.402184 -0.343937
v -0.097520 11.374178 -0.300137
v -0.106282 11.402184 -0.327105
v -0.185494 11.374178 -0.255309
v -0.202161 11.402184 -0.278250
v -0.255310 11.374178 -0.185494
v -0.278250 11.402184 -0.202161
v -0.300134 11.374178 -0.097521
v -0.327103 11.402184 -0.106283
v -0.315580 11.374178 0.000000
v -0.343936 11.402184 0.000000
v -0.300134 11.374178 0.097518
v -0.327103 11.402184 0.106280
v -0.255310 11.374175 0.185491
v -0.278251 11.402184 0.202159
v -0.185493 11.374178 0.255308
v -0.202160 11.402184 0.278248
v -0.097520 11.374178 0.300134
v -0.106283 11.402184 0.327102
v 0.000000 11.374178 0.315580
v 0.000000 11.402184 0.343936
v 0.097520 11.374178 0.300134
v 0.106282 11.402184 0.327102
v 0.185493 11.374178 0.255309
v 0.202160 11.402184 0.278250
v 0.255310 11.374175 0.185494
v 0.278250 11.402184 0.202161
v 0.300134 11.374175 0.097519
v 0.327103 11.402184 0.106281
v 0.315580 11.374175 -0.000001
v 0.343936 11.402184 -0.000001
v 0.456166 11.711285 -0.148214
v 0.474442 11.716371 -0.154153
v 0.487821 11.730265 -0.158500
v 0.492719 11.749245 -0.160092
v 0.419134 11.749245 -0.304517
v 0.414968 11.730265 -0.301491
v 0.403586 11.716371 -0.293222
v 0.388039 11.711285 -0.281926
v 0.388040 11.901112 -0.281928
v 0.403588 11.896027 -0.293223
v 0.414968 11.882130 -0.301492
v 0.419135 11.863151 -0.304518
v 0.492720 11.863151 -0.160091
v 0.487823 11.882130 -0.158500
v 0.474444 11.896027 -0.154153
v 0.456167 11.901112 -0.148214
v 0.304515 11.749245 -0.419139
v 0.301488 11.730265 -0.414973
v 0.293220 11.716371 -0.403592
v 0.281924 11.711285 -0.388044
v 0.281925 11.901112 -0.388046
v 0.293220 11.896027 -0.403593
v 0.301489 11.882130 -0.414975
v 0.304515 11.863150 -0.419140
v 0.160091 11.749247 -0.492719
v 0.158500 11.730266 -0.487822
v 0.154152 11.716371 -0.474442
v 0.148214 11.711285 -0.456166
v 0.148215 11.901112 -0.456166
v 0.154153 11.896027 -0.474443
v 0.158500 11.882130 -0.487823
v 0.160091 11.863151 -0.492720
v 0.000003 11.749245 -0.518076
v 0.000003 11.730265 -0.512927
v 0.000003 11.716371 -0.498859
v 0.000003 11.711285 -0.479641
v 0.000003 11.901112 -0.479643
v 0.000003 11.896027 -0.498861
v 0.000004 11.882130 -0.512929
v 0.000004 11.863151 -0.518078
v -0.160098 11.749245 -0.492721
v -0.158506 11.730265 -0.487825
v -0.154159 11.716371 -0.474445
v -0.148220 11.711285 -0.456168
v -0.148220 11.901112 -0.456171
v -0.154159 11.896027 -0.474448
v -0.158507 11.882130 -0.487827
v -0.160098 11.863150 -0.492724
v -0.304520 11.749245 -0.419125
v -0.301494 11.730265 -0.414959
v -0.293225 11.716371 -0.403578
v -0.281929 11.711285 -0.388031
v -0.281930 11.901112 -0.388033
v -0.293226 11.896027 -0.403579
v -0.301495 11.882130 -0.414960
v -0.304522 11.863150 -0.419126
v -0.419130 11.749245 -0.304516
v -0.414963 11.730265 -0.301490
v -0.403583 11.716371 -0.293220
v -0.388035 11.711285 -0.281925
v -0.388036 11.901112 -0.281926
v -0.403583 11.896027 -0.293222
v -0.414965 11.882130 -0.301491
v -0.419131 11.863151 -0.304517
v -0.492719 11.749245 -0.160099
v -0.487821 11.730265 -0.158508
v -0.474442 11.716371 -0.154161
v -0.456164 11.711285 -0.148222
v -0.456166 11.901114 -0.148223
v -0.474443 11.896027 -0.154162
v -0.487822 11.882132 -0.158510
v -0.492720 11.863152 -0.160101
v -0.518075 11.749245 0.000001
v -0.512926 11.730265 0.000001
v -0.498858 11.716371 0.000001
v -0.479640 11.711285 0.000001
v -0.479642 11.901112 0.000001
v -0.498859 11.896027 0.000001
v -0.512927 11.882130 0.000001
v -0.518076 11.863151 0.000001
v -0.492719 11.749245 0.160094
v -0.487821 11.730265 0.158503
v -0.474442 11.716371 0.154155
v -0.456164 11.711285 0.148217
v -0.456167 11.901112 0.148218
v -0.474443 11.896027 0.154157
v -0.487822 11.882130 0.158504
v -0.492720 11.863151 0.160096
v -0.419131 11.749245 0.304515
v -0.414965 11.730265 0.301488
v -0.403583 11.716371 0.293219
v -0.388036 11.711285 0.281923
v -0.388038 11.901114 0.281923
v -0.403585 11.896027 0.293219
v -0.414966 11.882132 0.301488
v -0.419131 11.863152 0.304514
v -0.304518 11.749247 0.419128
v -0.301491 11.730266 0.414962
v -0.293222 11.716371 0.403581
v -0.281926 11.711285 0.388034
v -0.281928 11.901114 0.388034
v -0.293223 11.896027 0.403581
v -0.301492 11.882132 0.414962
v -0.304519 11.863153 0.419128
v -0.160097 11.749245 0.492716
v -0.158506 11.730265 0.487819
v -0.154158 11.716371 0.474439
v -0.148219 11.711285 0.456163
v -0.148220 11.901112 0.456165
v -0.154159 11.896027 0.474441
v -0.158506 11.882130 0.487821
v -0.160097 11.863151 0.492718
v 0.000002 11.749245 0.518076
v 0.000002 11.730265 0.512927
v 0.000002 11.716371 0.498858
v 0.000002 11.711285 0.479641
v 0.000002 11.901112 0.479643
v 0.000002 11.896027 0.498860
v 0.000002 11.882130 0.512928
v 0.000002 11.863151 0.518077
v 0.160094 11.749245 0.492714
v 0.158504 11.730265 0.487817
v 0.154156 11.716371 0.474437
v 0.148218 11.711285 0.456161
v 0.148218 11.901112 0.456162
v 0.154157 11.896027 0.474439
v 0.158504 11.882130 0.487818
v 0.160095 11.863151 0.492715
v 0.304512 11.749245 0.419134
v 0.301486 11.730265 0.414968
v 0.293217 11.716371 0.403587
v 0.281920 11.711285 0.388039
v 0.281923 11.901112 0.388041
v 0.293218 11.896027 0.403588
v 0.301486 11.882130 0.414969
v 0.304513 11.863151 0.419135
v 0.419131 11.749245 0.304522
v 0.414965 11.730265 0.301496
v 0.403583 11.716371 0.293226
v 0.388036 11.711285 0.281930
v 0.388038 11.901112 0.281932
v 0.403585 11.896027 0.293228
v 0.414966 11.882130 0.301497
v 0.419131 11.863150 0.304523
v 0.492719 11.749245 0.160092
v 0.487821 11.730265 0.158501
v 0.474442 11.716371 0.154154
v 0.456165 11.711285 0.148215
v 0.456167 11.901112 0.148217
v 0.474444 11.896027 0.154155
v 0.487823 11.882130 0.158502
v 0.492720 11.863150 0.160093
v 0.518075 11.749245 -0.000003
v 0.512924 11.730265 -0.000003
v 0.498858 11.716371 -0.000003
v 0.479640 11.711285 -0.000003
v 0.479642 11.901112 -0.000002
v 0.498859 11.896027 -0.000002
v 0.512927 11.882130 -0.000002
v 0.518076 11.863151 -0.000002
v 0.300134 4.124796 -0.097522
v 0.255310 4.124796 -0.185493
v 0.185494 4.124796 -0.255309
v 0.097520 4.124796 -0.300136
v 0.000000 4.124796 -0.315581
v -0.097520 4.124796 -0.300135
v -0.185494 4.124796 -0.255309
v -0.255310 4.124796 -0.185497
v -0.300134 4.124796 -0.097517
v -0.315580 4.124796 -0.000000
v -0.300134 4.124796 0.097520
v -0.255310 4.124796 0.185493
v -0.185493 4.124796 0.255313
v -0.097520 4.124796 0.300133
v 0.000000 4.124796 0.315581
v 0.097520 4.124796 0.300135
v 0.185493 4.124796 0.255312
v 0.255310 4.124796 0.185491
v 0.300134 4.124796 0.097520
v 0.315580 4.124796 -0.000000
v 0.516032 4.425539 -0.167673
v 0.526431 4.395539 -0.171052
v 0.516032 4.365544 -0.167673
v 0.438963 4.425539 -0.318924
v 0.447810 4.395539 -0.325351
v 0.438963 4.365544 -0.318924
v 0.318925 4.425539 -0.438963
v 0.325353 4.395539 -0.447810
v 0.318925 4.365544 -0.438963
v 0.167669 4.425539 -0.516034
v 0.171048 4.395539 -0.526433
v 0.167669 4.365544 -0.516034
v 0.000000 4.425539 -0.542589
v 0.000000 4.395539 -0.553524
v 0.000000 4.365544 -0.542589
v -0.167669 4.425539 -0.516033
v -0.171048 4.395539 -0.526432
v -0.167669 4.365544 -0.516033
v -0.318926 4.425539 -0.438963
v -0.325353 4.395539 -0.447810
v -0.318926 4.365544 -0.438963
v -0.438963 4.425539 -0.318928
v -0.447809 4.395539 -0.325355
v -0.438963 4.365544 -0.318929
v -0.516032 4.425539 -0.167665
v -0.526431 4.395539 -0.171044
v -0.516032 4.365544 -0.167665
v -0.542588 4.425539 -0.000000
v -0.553522 4.395539 -0.000000
v -0.542588 4.365544 -0.000000
v -0.516032 4.425539 0.167669
v -0.526431 4.395539 0.171048
v -0.516032 4.365544 0.167669
v -0.438963 4.425539 0.318926
v -0.447809 4.395539 0.325353
v -0.438963 4.365544 0.318926
v -0.318924 4.425539 0.438965
v -0.325352 4.395539 0.447812
v -0.318924 4.365544 0.438965
v -0.167669 4.425539 0.516030
v -0.171048 4.395539 0.526430
v -0.167669 4.365544 0.516030
v 0.000000 4.425539 0.542589
v 0.000000 4.395539 0.553524
v 0.000000 4.365544 0.542589
v 0.167669 4.425539 0.516033
v 0.171048 4.395539 0.526433
v 0.167669 4.365544 0.516033
v 0.318924 4.425539 0.438965
v 0.325352 4.395539 0.447812
v 0.318924 4.365544 0.438965
v 0.438963 4.425539 0.318921
v 0.447809 4.395539 0.325348
v 0.438963 4.365544 0.318921
v 0.516032 4.425539 0.167669
v 0.526431 4.395539 0.171048
v 0.516032 4.365544 0.167669
v 0.542588 4.425539 -0.000000
v 0.553522 4.395539 -0.000000
v 0.542588 4.365544 -0.000000
v 0.300134 4.730634 -0.097520
v 0.306223 4.697822 -0.099498
v 0.321722 4.668541 -0.104534
v 0.255310 4.730634 -0.185493
v 0.260489 4.697822 -0.189255
v 0.273674 4.668541 -0.198834
v 0.185494 4.730634 -0.255310
v 0.189256 4.697822 -0.260489
v 0.198835 4.668541 -0.273673
v 0.097520 4.730634 -0.300135
v 0.099498 4.697822 -0.306223
v 0.104534 4.668541 -0.321723
v 0.000000 4.730634 -0.315581
v 0.000000 4.697822 -0.321982
v 0.000000 4.668541 -0.338279
v -0.097520 4.730634 -0.300135
v -0.099498 4.697822 -0.306223
v -0.104534 4.668541 -0.321722
v -0.185494 4.730634 -0.255310
v -0.189256 4.697822 -0.260489
v -0.198835 4.668541 -0.273673
v -0.255310 4.730634 -0.185493
v -0.260489 4.697822 -0.189255
v -0.273673 4.668542 -0.198834
v -0.300134 4.730634 -0.097520
v -0.306221 4.697822 -0.099498
v -0.321721 4.668541 -0.104534
v -0.315580 4.730634 -0.000000
v -0.321981 4.697822 -0.000000
v -0.338278 4.668541 -0.000000
v -0.300134 4.730634 0.097520
v -0.306221 4.697822 0.099498
v -0.321722 4.668541 0.104534
v -0.255310 4.730634 0.185493
v -0.260489 4.697822 0.189256
v -0.273673 4.668541 0.198835
v -0.185493 4.730634 0.255310
v -0.189256 4.697822 0.260489
v -0.198835 4.668542 0.273673
v -0.097520 4.730634 0.300135
v -0.099498 4.697822 0.306223
v -0.104534 4.668541 0.321722
v 0.000000 4.730634 0.315580
v 0.000000 4.697822 0.321982
v 0.000000 4.668541 0.338279
v 0.097520 4.730634 0.300135
v 0.099498 4.697822 0.306223
v 0.104534 4.668541 0.321722
v 0.185493 4.730634 0.255310
v 0.189256 4.697822 0.260489
v 0.198835 4.668541 0.273673
v 0.255310 4.730634 0.185493
v 0.260489 4.697822 0.189256
v 0.273673 4.668541 0.198835
v 0.300134 4.730634 0.097520
v 0.306221 4.697822 0.099498
v 0.321721 4.668541 0.104534
v 0.315580 4.730634 -0.000000
v 0.321981 4.697822 -0.000000
v 0.338278 4.668541 -0.000000
v 0.300134 4.103567 -0.097522
v 0.255310 4.103567 -0.185493
v 0.185494 4.103567 -0.255309
v 0.097520 4.103567 -0.300136
v 0.000000 4.103567 -0.315581
v -0.097520 4.103567 -0.300135
v -0.185494 4.103567 -0.255309
v -0.255310 4.103567 -0.185497
v -0.300134 4.103567 -0.097517
v -0.315580 4.103567 -0.000000
v -0.300134 4.103567 0.097520
v -0.255310 4.103567 0.185493
v -0.185493 4.103567 0.255313
v -0.097520 4.103567 0.300133
v 0.000000 4.103567 0.315581
v 0.097520 4.103567 0.300135
v 0.185493 4.103567 0.255312
v 0.255310 4.103567 0.185491
v 0.300134 4.103567 0.097520
v 0.315580 4.103567 -0.000000
v 0.300134 4.008309 -0.097522
v 0.255310 4.008309 -0.185493
v 0.185494 4.008309 -0.255309
v 0.097520 4.008309 -0.300136
v 0.000000 4.008309 -0.315581
v -0.097520 4.008309 -0.300135
v -0.185494 4.008309 -0.255309
v -0.255310 4.008309 -0.185497
v -0.300134 4.008309 -0.097517
v -0.315580 4.008309 -0.000000
v -0.300134 4.008309 0.097520
v -0.255310 4.008309 0.185493
v -0.185493 4.008309 0.255313
v -0.097520 4.008309 0.300133
v 0.000000 4.008309 0.315581
v 0.097520 4.008309 0.300135
v 0.185493 4.008309 0.255312
v 0.255310 4.008309 0.185491
v 0.300134 4.008309 0.097520
v 0.315580 4.008309 -0.000000
v 0.300134 3.984698 -0.097522
v 0.255310 3.984698 -0.185493
v 0.185494 3.984698 -0.255309
v 0.097520 3.984698 -0.300136
v 0.000000 3.984698 -0.315581
v -0.097520 3.984698 -0.300135
v -0.185494 3.984698 -0.255309
v -0.255310 3.984698 -0.185497
v -0.300134 3.984698 -0.097517
v -0.315580 3.984698 -0.000000
v -0.300134 3.984698 0.097520
v -0.255310 3.984698 0.185493
v -0.185493 3.984698 0.255313
v -0.097520 3.984698 0.300133
v 0.000000 3.984698 0.315581
v 0.097520 3.984698 0.300135
v 0.185493 3.984698 0.255312
v 0.255310 3.984698 0.185491
v 0.300134 3.984698 0.097520
v 0.315580 3.984698 -0.000000
v 0.348279 4.081218 -0.113166
v 0.326759 4.103567 -0.106173
v 0.277959 4.103567 -0.201948
v 0.296265 4.081218 -0.215248
v 0.326759 4.008309 -0.106173
v 0.348279 4.030659 -0.113166
v 0.296265 4.030659 -0.215248
v 0.277959 4.008309 -0.201948
v 0.201949 4.103567 -0.277957
v 0.215249 4.081218 -0.296263
v 0.215249 4.030659 -0.296263
v 0.201949 4.008309 -0.277957
v 0.106171 4.103567 -0.326761
v 0.113163 4.081218 -0.348282
v 0.113163 4.030659 -0.348282
v 0.106171 4.008309 -0.326761
v 0.000000 4.103567 -0.343576
v 0.000000 4.081218 -0.366204
v 0.000000 4.030659 -0.366204
v 0.000000 4.008309 -0.343576
v -0.106171 4.103567 -0.326760
v -0.113164 4.081218 -0.348280
v -0.113163 4.030659 -0.348281
v -0.106171 4.008309 -0.326760
v -0.201948 4.103567 -0.277957
v -0.215248 4.081218 -0.296264
v -0.215248 4.030659 -0.296264
v -0.201948 4.008309 -0.277957
v -0.277959 4.103567 -0.201951
v -0.296265 4.081218 -0.215253
v -0.296265 4.030659 -0.215253
v -0.277959 4.008309 -0.201951
v -0.326759 4.103567 -0.106168
v -0.348279 4.081218 -0.113160
v -0.348279 4.030659 -0.113160
v -0.326759 4.008309 -0.106168
v -0.343575 4.103567 -0.000000
v -0.366202 4.081218 -0.000000
v -0.366202 4.030659 -0.000000
v -0.343575 4.008309 -0.000000
v -0.326759 4.103567 0.106171
v -0.348279 4.081218 0.113164
v -0.348279 4.030659 0.113164
v -0.326759 4.008309 0.106171
v -0.277959 4.103567 0.201948
v -0.296265 4.081218 0.215248
v -0.296265 4.030659 0.215249
v -0.277959 4.008309 0.201948
v -0.201948 4.103567 0.277962
v -0.215248 4.081218 0.296269
v -0.215248 4.030659 0.296269
v -0.201948 4.008309 0.277962
v -0.106170 4.103567 0.326758
v -0.113162 4.081218 0.348279
v -0.113162 4.030659 0.348279
v -0.106170 4.008309 0.326758
v 0.000000 4.103567 0.343576
v -0.000001 4.081218 0.366204
v -0.000001 4.030659 0.366204
v 0.000000 4.008309 0.343576
v 0.106170 4.103567 0.326760
v 0.113163 4.081218 0.348281
v 0.113163 4.030659 0.348281
v 0.106170 4.008309 0.326760
v 0.201948 4.103567 0.277961
v 0.215249 4.081218 0.296267
v 0.215249 4.030659 0.296267
v 0.201948 4.008309 0.277961
v 0.277959 4.103567 0.201946
v 0.296265 4.081218 0.215246
v 0.296265 4.030659 0.215246
v 0.277958 4.008309 0.201946
v 0.326759 4.103567 0.106171
v 0.348279 4.081218 0.113164
v 0.348279 4.030659 0.113164
v 0.326759 4.008309 0.106171
v 0.343574 4.103567 -0.000000
v 0.366202 4.081218 -0.000000
v 0.366202 4.030659 -0.000000
v 0.343574 4.008309 -0.000000
v 0.348279 3.962348 -0.113166
v 0.326759 3.984698 -0.106173
v 0.277958 3.984698 -0.201948
v 0.296265 3.962348 -0.215248
v 0.326759 3.883175 -0.106173
v 0.348279 3.905525 -0.113166
v 0.296265 3.905525 -0.215248
v 0.277959 3.883175 -0.201948
v 0.201949 3.984698 -0.277957
v 0.215249 3.962348 -0.296263
v 0.215250 3.905525 -0.296263
v 0.201949 3.883175 -0.277957
v 0.106171 3.984698 -0.326761
v 0.113164 3.962348 -0.348282
v 0.113164 3.905525 -0.348282
v 0.106171 3.883175 -0.326761
v 0.000000 3.984698 -0.343576
v 0.000000 3.962348 -0.366204
v 0.000000 3.905525 -0.366204
v 0.000000 3.883175 -0.343576
v -0.106171 3.984698 -0.326760
v -0.113163 3.962348 -0.348280
v -0.113163 3.905525 -0.348280
v -0.106171 3.883175 -0.326760
v -0.201948 3.984698 -0.277957
v -0.215248 3.962348 -0.296264
v -0.215248 3.905525 -0.296264
v -0.201948 3.883175 -0.277957
v -0.277959 3.984698 -0.201951
v -0.296265 3.962348 -0.215253
v -0.296265 3.905525 -0.215253
v -0.277959 3.883175 -0.201951
v -0.326759 3.984698 -0.106168
v -0.348279 3.962348 -0.113160
v -0.348279 3.905525 -0.113160
v -0.326759 3.883175 -0.106168
v -0.343575 3.984698 -0.000000
v -0.366202 3.962348 -0.000000
v -0.366202 3.905525 -0.000000
v -0.343575 3.883175 -0.000000
v -0.326759 3.984698 0.106171
v -0.348279 3.962348 0.113164
v -0.348279 3.905525 0.113164
v -0.326759 3.883175 0.106171
v -0.277959 3.984698 0.201948
v -0.296265 3.962348 0.215248
v -0.296265 3.905525 0.215248
v -0.277959 3.883175 0.201948
v -0.201948 3.984698 0.277962
v -0.215248 3.962348 0.296269
v -0.215248 3.905525 0.296269
v -0.201948 3.883175 0.277962
v -0.106170 3.984698 0.326758
v -0.113162 3.962348 0.348279
v -0.113162 3.905525 0.348279
v -0.106170 3.883175 0.326758
v 0.000000 3.984698 0.343576
v -0.000001 3.962348 0.366204
v -0.000001 3.905525 0.366204
v 0.000000 3.883175 0.343576
v 0.106170 3.984698 0.326760
v 0.113163 3.962348 0.348281
v 0.113163 3.905525 0.348281
v 0.106170 3.883175 0.326760
v 0.201948 3.984698 0.277961
v 0.215249 3.962348 0.296267
v 0.215249 3.905525 0.296267
v 0.201948 3.883175 0.277961
v 0.277959 3.984698 0.201946
v 0.296265 3.962348 0.215246
v 0.296265 3.905525 0.215246
v 0.277959 3.883175 0.201946
v 0.326759 3.984698 0.106171
v 0.348279 3.962348 0.113164
v 0.348279 3.905525 0.113164
v 0.326759 3.883175 0.106171
v 0.343574 3.984698 -0.000000
v 0.366202 3.962348 -0.000000
v 0.366202 3.905525 -0.000000
v 0.343574 3.883175 -0.000000
v 0.277959 3.865620 -0.201949
v 0.326759 3.865620 -0.106173
v 0.201949 3.865620 -0.277957
v 0.106171 3.865620 -0.326763
v 0.000000 3.865620 -0.343576
v -0.106171 3.865620 -0.326759
v -0.201948 3.865620 -0.277955
v -0.277959 3.865620 -0.201951
v -0.326759 3.865620 -0.106169
v -0.343575 3.865620 0.000001
v -0.326759 3.865620 0.106171
v -0.277959 3.865620 0.201948
v -0.201948 3.865620 0.277965
v -0.106170 3.865620 0.326759
v 0.000000 3.865620 0.343573
v 0.106170 3.865620 0.326766
v 0.201948 3.865620 0.277962
v 0.277959 3.865620 0.201947
v 0.326759 3.865620 0.106170
v 0.343574 3.865620 -0.000000
v 0.277959 3.365615 -0.201947
v 0.326759 3.365615 -0.106174
v 0.201949 3.365615 -0.277956
v 0.106171 3.365615 -0.326761
v 0.000000 3.365615 -0.343578
v -0.106171 3.365615 -0.326759
v -0.201948 3.365615 -0.277955
v -0.277959 3.365615 -0.201951
v -0.326759 3.365615 -0.106169
v -0.343575 3.365615 -0.000001
v -0.326759 3.365615 0.106170
v -0.277959 3.365615 0.201947
v -0.201948 3.365615 0.277965
v -0.106170 3.365615 0.326759
v 0.000000 3.365615 0.343569
v 0.106170 3.365615 0.326767
v 0.201948 3.365615 0.277964
v 0.277959 3.365615 0.201944
v 0.326759 3.365615 0.106168
v 0.343574 3.365615 -0.000001
v 0.477559 3.705616 -0.346961
v 0.489905 3.691275 -0.355931
v 0.497395 3.672504 -0.361373
v 0.499076 3.651694 -0.362595
v 0.494735 3.631495 -0.359441
v 0.484927 3.614486 -0.352315
v 0.561402 3.705616 -0.182412
v 0.575916 3.691275 -0.187128
v 0.584720 3.672504 -0.189989
v 0.586697 3.651694 -0.190630
v 0.581595 3.631495 -0.188972
v 0.570064 3.614486 -0.185227
v 0.346966 3.705616 -0.477554
v 0.355936 3.691275 -0.489900
v 0.361378 3.672504 -0.497390
v 0.362600 3.651694 -0.499071
v 0.359446 3.631495 -0.494731
v 0.352320 3.614486 -0.484922
v 0.182411 3.705616 -0.561407
v 0.187126 3.691275 -0.575921
v 0.189988 3.672504 -0.584726
v 0.190630 3.651693 -0.586703
v 0.188972 3.631495 -0.581600
v 0.185225 3.614486 -0.570070
v 0.000001 3.705616 -0.590294
v 0.000001 3.691275 -0.605554
v 0.000001 3.672504 -0.614812
v 0.000000 3.651693 -0.616891
v 0.000001 3.631495 -0.611525
v 0.000001 3.614486 -0.599402
v -0.182410 3.705616 -0.561398
v -0.187126 3.691275 -0.575911
v -0.189987 3.672504 -0.584716
v -0.190629 3.651694 -0.586693
v -0.188971 3.631495 -0.581590
v -0.185225 3.614486 -0.570060
v -0.346966 3.705616 -0.477547
v -0.355937 3.691275 -0.489893
v -0.361378 3.672504 -0.497383
v -0.362600 3.651694 -0.499064
v -0.359446 3.631495 -0.494723
v -0.352320 3.614486 -0.484915
v -0.477558 3.705616 -0.346972
v -0.489904 3.691275 -0.355942
v -0.497394 3.672504 -0.361384
v -0.499075 3.651693 -0.362605
v -0.494735 3.631495 -0.359452
v -0.484926 3.614486 -0.352326
v -0.561402 3.705616 -0.182405
v -0.575915 3.691275 -0.187120
v -0.584720 3.672504 -0.189980
v -0.586697 3.651694 -0.190623
v -0.581594 3.631495 -0.188965
v -0.570064 3.614486 -0.185219
v -0.590293 3.705616 0.000004
v -0.605553 3.691275 0.000004
v -0.614812 3.672504 0.000004
v -0.616890 3.651694 0.000004
v -0.611524 3.631495 0.000004
v -0.599401 3.614486 0.000004
v -0.561402 3.705616 0.182413
v -0.575915 3.691275 0.187129
v -0.584720 3.672504 0.189990
v -0.586697 3.651694 0.190632
v -0.581594 3.631495 0.188974
v -0.570064 3.614486 0.185227
v -0.477556 3.705616 0.346969
v -0.489903 3.691275 0.355939
v -0.497393 3.672504 0.361380
v -0.499074 3.651693 0.362602
v -0.494733 3.631495 0.359448
v -0.484925 3.614486 0.352322
v -0.346965 3.705616 0.477572
v -0.355935 3.691275 0.489918
v -0.361377 3.672504 0.497408
v -0.362598 3.651693 0.499090
v -0.359444 3.631495 0.494749
v -0.352318 3.614486 0.484940
v -0.182413 3.705616 0.561403
v -0.187128 3.691275 0.575917
v -0.189988 3.672504 0.584722
v -0.190630 3.651693 0.586699
v -0.188972 3.631495 0.581596
v -0.185227 3.614486 0.570065
v 0.000002 3.705616 0.590287
v 0.000001 3.691275 0.605548
v 0.000001 3.672504 0.614806
v 0.000001 3.651694 0.616884
v 0.000001 3.631495 0.611518
v 0.000001 3.614486 0.599395
v 0.182413 3.705616 0.561417
v 0.187128 3.691275 0.575931
v 0.189988 3.672504 0.584737
v 0.190630 3.651693 0.586713
v 0.188973 3.631495 0.581610
v 0.185227 3.614486 0.570080
v 0.346963 3.705616 0.477572
v 0.355933 3.691275 0.489918
v 0.361375 3.672504 0.497408
v 0.362597 3.651693 0.499090
v 0.359443 3.631495 0.494749
v 0.352316 3.614486 0.484941
v 0.477557 3.705616 0.346965
v 0.489903 3.691275 0.355934
v 0.497394 3.672504 0.361376
v 0.499075 3.651693 0.362597
v 0.494734 3.631495 0.359444
v 0.484926 3.614486 0.352318
v 0.561402 3.705616 0.182410
v 0.575915 3.691275 0.187125
v 0.584720 3.672504 0.189986
v 0.586697 3.651694 0.190628
v 0.581594 3.631495 0.188971
v 0.570064 3.614486 0.185224
v 0.590293 3.705616 0.000002
v 0.605553 3.691275 0.000002
v 0.614811 3.672504 0.000002
v 0.616890 3.651694 0.000002
v 0.611524 3.631495 0.000002
v 0.599401 3.614486 0.000002
v 0.328769 3.172912 -0.238861
v 0.386491 3.172912 -0.125581
v 0.238865 3.172912 -0.328767
v 0.125579 3.172912 -0.386489
v 0.000000 3.172912 -0.406383
v -0.125579 3.172912 -0.386491
v -0.238864 3.172912 -0.328761
v -0.328769 3.172912 -0.238866
v -0.386490 3.172912 -0.125576
v -0.406380 3.172912 -0.000000
v -0.386490 3.172912 0.125579
v -0.328769 3.172912 0.238865
v -0.238864 3.172912 0.328779
v -0.125578 3.172912 0.386493
v 0.000000 3.172912 0.406373
v 0.125578 3.172912 0.386501
v 0.238865 3.172912 0.328776
v 0.328770 3.172912 0.238860
v 0.386490 3.172912 0.125575
v 0.406380 3.172912 0.000001
v 0.328769 3.078503 -0.238861
v 0.386491 3.078503 -0.125581
v 0.238865 3.078503 -0.328767
v 0.125579 3.078503 -0.386489
v 0.000000 3.078503 -0.406383
v -0.125579 3.078503 -0.386491
v -0.238864 3.078503 -0.328761
v -0.328769 3.078503 -0.238866
v -0.386490 3.078503 -0.125576
v -0.406380 3.078503 -0.000000
v -0.386490 3.078503 0.125579
v -0.328769 3.078503 0.238865
v -0.238864 3.078503 0.328779
v -0.125578 3.078503 0.386493
v 0.000000 3.078503 0.406373
v 0.125578 3.078503 0.386501
v 0.238865 3.078503 0.328776
v 0.328770 3.078503 0.238860
v 0.386490 3.078503 0.125575
v 0.406380 3.078503 0.000001
v 0.415920 0.777709 -0.302179
v 0.488943 0.777709 -0.158870
v 0.302184 0.777709 -0.415924
v 0.158868 0.777709 -0.488952
v 0.000000 0.777709 -0.514103
v -0.158867 0.777709 -0.488935
v -0.302183 0.777709 -0.415919
v -0.415920 0.777709 -0.302189
v -0.488942 0.777709 -0.158863
v -0.514104 0.777709 0.000001
v -0.488942 0.777709 0.158873
v -0.415920 0.777709 0.302184
v -0.302183 0.777709 0.415921
v -0.158866 0.777709 0.488922
v 0.000000 0.777709 0.514096
v 0.158867 0.777709 0.488973
v 0.302183 0.777709 0.415929
v 0.415920 0.777709 0.302173
v 0.488942 0.777709 0.158863
v 0.514104 0.777709 0.000002
v 0.437025 0.509888 -0.317512
v 0.513755 0.509888 -0.166931
v 0.317518 0.509888 -0.437031
v 0.166930 0.509888 -0.513766
v 0.000000 0.509888 -0.540194
v -0.166930 0.509888 -0.513748
v -0.317519 0.509888 -0.437028
v -0.437028 0.509888 -0.317525
v -0.513756 0.509888 -0.166925
v -0.540195 0.509888 0.000001
v -0.513756 0.509888 0.166936
v -0.437028 0.509888 0.317521
v -0.317518 0.509888 0.437030
v -0.166929 0.509888 0.513735
v 0.000000 0.509888 0.540186
v 0.166929 0.509888 0.513789
v 0.317518 0.509888 0.437038
v 0.437024 0.509888 0.317506
v 0.513751 0.509888 0.166923
v 0.540193 0.509888 0.000001
v 0.437024 0.252157 -0.317511
v 0.513755 0.252157 -0.166930
v 0.317517 0.252157 -0.437030
v 0.166930 0.252157 -0.513766
v 0.000000 0.252157 -0.540194
v -0.166930 0.252157 -0.513748
v -0.317519 0.252157 -0.437028
v -0.437028 0.252157 -0.317526
v -0.513756 0.252157 -0.166925
v -0.540195 0.252157 0.000001
v -0.513756 0.252157 0.166936
v -0.437028 0.252157 0.317521
v -0.317518 0.252157 0.437030
v -0.166929 0.252157 0.513735
v 0.000000 0.252157 0.540187
v 0.166929 0.252157 0.513789
v 0.317516 0.252157 0.437037
v 0.437021 0.252157 0.317505
v 0.513748 0.252157 0.166922
v 0.540192 0.252157 0.000001
v 0.500384 3.149314 -0.162587
v 0.493729 3.166001 -0.160425
v 0.477660 3.172912 -0.155204
v 0.406322 3.172912 -0.295207
v 0.419990 3.166001 -0.305138
v 0.425652 3.149314 -0.309252
v 0.477660 3.078503 -0.155204
v 0.493729 3.085418 -0.160425
v 0.500384 3.102105 -0.162587
v 0.425652 3.102105 -0.309251
v 0.419991 3.085418 -0.305138
v 0.406322 3.078503 -0.295207
v 0.295211 3.172912 -0.406320
v 0.305142 3.166001 -0.419988
v 0.309256 3.149314 -0.425650
v 0.309255 3.102105 -0.425650
v 0.305142 3.085418 -0.419988
v 0.295211 3.078503 -0.406320
v 0.155203 3.172912 -0.477657
v 0.160424 3.166001 -0.493726
v 0.162587 3.149314 -0.500382
v 0.162587 3.102105 -0.500382
v 0.160424 3.085418 -0.493726
v 0.155203 3.078503 -0.477657
v 0.000000 3.172912 -0.502244
v 0.000000 3.166001 -0.519139
v 0.000000 3.149314 -0.526138
v 0.000000 3.102105 -0.526138
v 0.000000 3.085418 -0.519139
v 0.000000 3.078503 -0.502244
v -0.155205 3.172912 -0.477658
v -0.160426 3.166001 -0.493727
v -0.162589 3.149314 -0.500383
v -0.162589 3.102105 -0.500383
v -0.160426 3.085418 -0.493727
v -0.155205 3.078503 -0.477658
v -0.295209 3.172912 -0.406313
v -0.305140 3.166001 -0.419982
v -0.309254 3.149314 -0.425643
v -0.309254 3.102105 -0.425643
v -0.305140 3.085418 -0.419982
v -0.295209 3.078503 -0.406313
v -0.406322 3.172912 -0.295213
v -0.419990 3.166001 -0.305144
v -0.425652 3.149314 -0.309258
v -0.425652 3.102105 -0.309258
v -0.419990 3.085418 -0.305145
v -0.406321 3.078503 -0.295213
v -0.477659 3.172912 -0.155197
v -0.493728 3.166001 -0.160418
v -0.500384 3.149314 -0.162581
v -0.500384 3.102105 -0.162581
v -0.493728 3.085418 -0.160418
v -0.477659 3.078503 -0.155198
v -0.502241 3.172912 -0.000000
v -0.519136 3.166001 -0.000000
v -0.526135 3.149314 -0.000000
v -0.526135 3.102105 -0.000000
v -0.519136 3.085418 -0.000000
v -0.502241 3.078503 -0.000000
v -0.477659 3.172912 0.155201
v -0.493728 3.166001 0.160422
v -0.500384 3.149314 0.162585
v -0.500384 3.102105 0.162585
v -0.493728 3.085418 0.160422
v -0.477659 3.078503 0.155201
v -0.406323 3.172912 0.295208
v -0.419992 3.166001 0.305139
v -0.425654 3.149314 0.309252
v -0.425654 3.102105 0.309252
v -0.419992 3.085418 0.305139
v -0.406323 3.078503 0.295208
v -0.295210 3.172912 0.406333
v -0.305140 3.166001 0.420002
v -0.309254 3.149314 0.425663
v -0.309254 3.102105 0.425663
v -0.305140 3.085418 0.420002
v -0.295210 3.078503 0.406333
v -0.155195 3.172912 0.477663
v -0.160415 3.166001 0.493732
v -0.162577 3.149314 0.500388
v -0.162577 3.102105 0.500388
v -0.160415 3.085418 0.493732
v -0.155195 3.078503 0.477663
v -0.000003 3.172912 0.502232
v -0.000004 3.166001 0.519128
v -0.000004 3.149314 0.526126
v -0.000004 3.102105 0.526126
v -0.000004 3.085418 0.519128
v -0.000003 3.078503 0.502232
v 0.155196 3.172912 0.477673
v 0.160416 3.166001 0.493742
v 0.162578 3.149314 0.500398
v 0.162578 3.102105 0.500398
v 0.160416 3.085418 0.493742
v 0.155196 3.078503 0.477673
v 0.295213 3.172912 0.406326
v 0.305145 3.166001 0.419995
v 0.309259 3.149314 0.425656
v 0.309259 3.102105 0.425656
v 0.305145 3.085418 0.419995
v 0.295213 3.078503 0.406326
v 0.406324 3.172912 0.295202
v 0.419993 3.166001 0.305133
v 0.425654 3.149314 0.309246
v 0.425654 3.102105 0.309246
v 0.419993 3.085418 0.305133
v 0.406324 3.078503 0.295202
v 0.477659 3.172912 0.155197
v 0.493728 3.166001 0.160418
v 0.500384 3.149314 0.162581
v 0.500384 3.102105 0.162581
v 0.493728 3.085418 0.160419
v 0.477659 3.078503 0.155197
v 0.502240 3.172912 0.000002
v 0.519136 3.166001 0.000002
v 0.526134 3.149314 0.000002
v 0.526134 3.102105 0.000002
v 0.519136 3.085418 0.000002
v 0.502240 3.078503 0.000002
v 0.493494 0.663265 -0.358538
v 0.502704 0.640535 -0.365229
v 0.502666 0.615114 -0.365202
v 0.493388 0.592422 -0.358461
v 0.580136 0.663265 -0.188500
v 0.590964 0.640535 -0.192017
v 0.590919 0.615114 -0.192003
v 0.580013 0.592422 -0.188459
v 0.358544 0.663265 -0.493498
v 0.365236 0.640535 -0.502708
v 0.365209 0.615114 -0.502670
v 0.358468 0.592422 -0.493393
v 0.188499 0.663265 -0.580147
v 0.192017 0.640535 -0.590974
v 0.192003 0.615114 -0.590930
v 0.188459 0.592422 -0.580023
v 0.000001 0.663265 -0.609989
v 0.000001 0.640535 -0.621374
v 0.000001 0.615114 -0.621327
v 0.000001 0.592422 -0.609859
v -0.188499 0.663265 -0.580127
v -0.192016 0.640535 -0.590954
v -0.192002 0.615114 -0.590909
v -0.188458 0.592422 -0.580003
v -0.358545 0.663265 -0.493492
v -0.365236 0.640535 -0.502703
v -0.365208 0.615114 -0.502665
v -0.358468 0.592422 -0.493388
v -0.493495 0.663265 -0.358551
v -0.502705 0.640535 -0.365242
v -0.502667 0.615114 -0.365215
v -0.493389 0.592422 -0.358475
v -0.580136 0.663265 -0.188492
v -0.590963 0.640535 -0.192010
v -0.590919 0.615114 -0.191996
v -0.580013 0.592422 -0.188452
v -0.609991 0.663265 0.000002
v -0.621376 0.640535 0.000002
v -0.621329 0.615114 0.000002
v -0.609862 0.592422 0.000002
v -0.580136 0.663265 0.188506
v -0.590963 0.640535 0.192024
v -0.590919 0.615114 0.192009
v -0.580013 0.592422 0.188466
v -0.493495 0.663265 0.358546
v -0.502705 0.640535 0.365238
v -0.502667 0.615114 0.365211
v -0.493389 0.592422 0.358470
v -0.358545 0.663265 0.493496
v -0.365236 0.640535 0.502706
v -0.365208 0.615114 0.502669
v -0.358468 0.592422 0.493391
v -0.188498 0.663265 0.580113
v -0.192016 0.640535 0.590940
v -0.192001 0.615114 0.590896
v -0.188458 0.592422 0.579989
v 0.000004 0.663265 0.609981
v 0.000003 0.640535 0.621366
v 0.000003 0.615114 0.621319
v 0.000004 0.592422 0.609852
v 0.188499 0.663265 0.580173
v 0.192016 0.640535 0.591001
v 0.192002 0.615114 0.590956
v 0.188459 0.592422 0.580049
v 0.358541 0.663265 0.493508
v 0.365234 0.640535 0.502717
v 0.365206 0.615114 0.502680
v 0.358464 0.592422 0.493403
v 0.493492 0.663265 0.358532
v 0.502703 0.640535 0.365223
v 0.502665 0.615114 0.365196
v 0.493387 0.592422 0.358455
v 0.580135 0.663265 0.188492
v 0.590962 0.640535 0.192010
v 0.590917 0.615114 0.191996
v 0.580010 0.592422 0.188452
v 0.609990 0.663265 0.000002
v 0.621375 0.640535 0.000002
v 0.621328 0.615114 0.000002
v 0.609860 0.592422 0.000002
v 0.610046 0.146386 -0.198218
v 0.518933 0.146386 -0.377021
v 0.610043 0.095055 -0.198217
v 0.518931 0.095055 -0.377020
v 0.377033 0.146386 -0.518937
v 0.377032 0.095055 -0.518936
v 0.198216 0.146386 -0.610058
v 0.198216 0.095055 -0.610056
v -0.000005 0.146386 -0.641440
v -0.000006 0.095055 -0.641438
v -0.198217 0.146387 -0.610039
v -0.198216 0.095055 -0.610037
v -0.377027 0.146386 -0.518940
v -0.377026 0.095055 -0.518939
v -0.518939 0.146387 -0.377037
v -0.518938 0.095055 -0.377037
v -0.610048 0.146387 -0.198211
v -0.610048 0.095055 -0.198210
v -0.641442 0.146387 0.000001
v -0.641442 0.095055 0.000001
v -0.610047 0.146387 0.198223
v -0.610047 0.095055 0.198223
v -0.518938 0.146386 0.377033
v -0.518936 0.095055 0.377031
v -0.377025 0.146385 0.518945
v -0.377023 0.095055 0.518942
v -0.198213 0.146385 0.610026
v -0.198212 0.095055 0.610023
v -0.000017 0.146386 0.641432
v -0.000016 0.095055 0.641429
v 0.198211 0.146387 0.610084
v 0.198211 0.095055 0.610084
v 0.377038 0.146387 0.518940
v 0.377037 0.095055 0.518939
v 0.518933 0.146386 0.377010
v 0.518931 0.095055 0.377009
v 0.610038 0.146386 0.198211
v 0.610036 0.095055 0.198210
v 0.641439 0.146386 0.000003
v 0.641437 0.095055 0.000003
v 0.471892 -0.304945 -0.153326
v 0.401415 -0.304945 -0.291639
v 0.000000 -0.304945 0.000005
v 0.291646 -0.304945 -0.401417
v 0.153328 -0.304945 -0.471898
v 0.000000 -0.304945 -0.496179
v -0.153328 -0.304945 -0.471885
v -0.291647 -0.304945 -0.401412
v -0.401418 -0.304945 -0.291655
v -0.471894 -0.304945 -0.153327
v -0.496179 -0.304945 0.000001
v -0.471894 -0.304945 0.153332
v -0.401417 -0.304945 0.291648
v -0.291646 -0.304945 0.401425
v -0.153328 -0.304945 0.471881
v 0.000000 -0.304945 0.496169
v 0.153328 -0.304945 0.471919
v 0.291645 -0.304945 0.401424
v 0.401413 -0.304945 0.291636
v 0.471888 -0.304945 0.153321
v 0.496177 -0.304945 0.000001
v 0.437021 -0.304945 -0.317510
v 0.513752 -0.304945 -0.166929
v 0.317517 -0.304945 -0.437029
v 0.166930 -0.304945 -0.513763
v -0.000001 -0.304945 -0.540191
v -0.166930 -0.304945 -0.513747
v -0.317518 -0.304945 -0.437028
v -0.437028 -0.304945 -0.317525
v -0.513756 -0.304945 -0.166925
v -0.540195 -0.304945 0.000001
v -0.513756 -0.304945 0.166935
v -0.437027 -0.304945 0.317519
v -0.317517 -0.304945 0.437028
v -0.166929 -0.304945 0.513734
v -0.000001 -0.304945 0.540185
v 0.166930 -0.304945 0.513789
v 0.317517 -0.304945 0.437038
v 0.437019 -0.304945 0.317505
v 0.513746 -0.304945 0.166921
v 0.540190 -0.304945 0.000001
v 0.518931 -0.304945 -0.377020
v 0.610043 -0.304945 -0.198217
v 0.377032 -0.304945 -0.518936
v 0.198216 -0.304945 -0.610056
v -0.000006 -0.304945 -0.641438
v -0.198217 -0.304944 -0.610038
v -0.377026 -0.304945 -0.518940
v -0.518938 -0.304945 -0.377037
v -0.610048 -0.304945 -0.198210
v -0.641442 -0.304945 0.000001
v -0.610047 -0.304945 0.198223
v -0.518936 -0.304945 0.377031
v -0.377023 -0.304944 0.518943
v -0.198213 -0.304944 0.610024
v -0.000017 -0.304945 0.641430
v 0.198212 -0.304944 0.610084
v 0.377038 -0.304944 0.518941
v 0.518931 -0.304945 0.377010
v 0.610036 -0.304945 0.198210
v 0.641437 -0.304945 0.000003
v 0.802625 0.095055 -0.260794
v 0.682752 0.095055 -0.496039
v 0.802625 -0.304945 -0.260794
v 0.682752 -0.304945 -0.496039
v 0.496063 0.095055 -0.682751
v 0.496062 -0.304945 -0.682751
v 0.260788 0.095055 -0.802640
v 0.260788 -0.304945 -0.802640
v -0.000016 0.095056 -0.843930
v -0.000016 -0.304945 -0.843930
v -0.260788 0.095056 -0.802619
v -0.260789 -0.304944 -0.802620
v -0.496042 0.095056 -0.682764
v -0.496042 -0.304944 -0.682765
v -0.682760 0.095056 -0.496060
v -0.682759 -0.304945 -0.496060
v -0.802630 0.095055 -0.260781
v -0.802630 -0.304945 -0.260781
v -0.843935 0.095055 -0.000000
v -0.843935 -0.304945 0.000000
v -0.802629 0.095055 0.260798
v -0.802629 -0.304945 0.260798
v -0.682755 0.095056 0.496054
v -0.682755 -0.304945 0.496055
v -0.496036 0.095056 0.682772
v -0.496036 -0.304944 0.682773
v -0.260780 0.095056 0.802604
v -0.260781 -0.304943 0.802605
v -0.000049 0.095056 0.843920
v -0.000050 -0.304944 0.843920
v 0.260775 0.095056 0.802675
v 0.260776 -0.304944 0.802676
v 0.496080 0.095056 0.682745
v 0.496081 -0.304943 0.682747
v 0.682757 0.095056 0.496021
v 0.682757 -0.304944 0.496022
v 0.802617 0.095056 0.260788
v 0.802617 -0.304945 0.260788
v 0.843930 0.095055 0.000008
v 0.843930 -0.304945 0.000008
v 0.035157 11.629610 0.164208
v 0.076618 11.629865 0.115171
v 0.074589 11.629852 0.130324
v 0.068700 11.629816 0.143994
v 0.059527 11.629760 0.154843
v 0.047969 11.629689 0.161808
v 0.075732 11.774178 0.212713
v 0.073703 11.774165 0.224631
v 0.067814 11.774129 0.235383
v 0.058641 11.774073 0.243915
v 0.047083 11.774001 0.249394
v 0.034271 11.773923 0.251281
v 0.035157 11.629610 0.013931
v 0.047969 11.629689 0.016331
v 0.059527 11.629760 0.023297
v 0.068700 11.629816 0.034145
v 0.074589 11.629852 0.047815
v 0.076618 11.629865 0.062968
v 0.075732 11.774178 0.139573
v 0.073703 11.774165 0.127655
v 0.067814 11.774129 0.116903
v 0.058641 11.774073 0.108371
v 0.047083 11.774001 0.102893
v 0.034271 11.773923 0.101005
v 0.074898 11.910115 0.276001
v 0.072869 11.910103 0.288735
v 0.066979 11.910067 0.300222
v 0.057807 11.910010 0.309338
v 0.046249 11.909940 0.315191
v 0.033437 11.909861 0.317208
v 0.074898 11.910115 0.208140
v 0.072869 11.910103 0.195406
v 0.066979 11.910067 0.183918
v 0.057807 11.910010 0.174802
v 0.046249 11.909940 0.168949
v 0.033437 11.909861 0.166932
v 0.073950 12.064542 0.330001
v 0.071921 12.064529 0.342987
v 0.066031 12.064493 0.354702
v 0.056859 12.064437 0.363999
v 0.045301 12.064365 0.369968
v 0.032488 12.064287 0.372025
v 0.073950 12.064541 0.263773
v 0.071921 12.064528 0.250787
v 0.066031 12.064493 0.239072
v 0.056859 12.064437 0.229775
v 0.045301 12.064365 0.223806
v 0.032488 12.064287 0.221749
v 0.072889 12.237267 0.355275
v 0.070860 12.237254 0.368220
v 0.064971 12.237218 0.379898
v 0.055798 12.237162 0.389166
v 0.044240 12.237090 0.395116
v 0.031428 12.237012 0.397167
v 0.072889 12.237266 0.288782
v 0.070860 12.237253 0.275837
v 0.064971 12.237218 0.264159
v 0.055798 12.237162 0.254891
v 0.044240 12.237090 0.248941
v 0.031428 12.237012 0.246890
v 0.072064 12.371770 0.381491
v 0.070034 12.371757 0.393441
v 0.064145 12.371720 0.404221
v 0.054973 12.371664 0.412777
v 0.043415 12.371593 0.418270
v 0.030602 12.371514 0.420163
v 0.072064 12.371767 0.308558
v 0.070034 12.371756 0.296608
v 0.064145 12.371719 0.285827
v 0.054973 12.371663 0.277272
v 0.043415 12.371593 0.271779
v 0.030602 12.371514 0.269886
v 0.029617 12.532043 0.481526
v 0.042429 12.532122 0.479233
v 0.053987 12.532192 0.472577
v 0.063160 12.532248 0.462211
v 0.069049 12.532285 0.449149
v 0.071078 12.532297 0.434669
v 0.029617 12.532043 0.331250
v 0.071078 12.532297 0.378108
v 0.069049 12.532285 0.363628
v 0.063160 12.532248 0.350566
v 0.053987 12.532192 0.340199
v 0.042429 12.532122 0.333544
v -0.074885 12.531402 0.449149
v -0.068996 12.531437 0.462211
v -0.059824 12.531494 0.472577
v -0.048266 12.531565 0.479233
v -0.035453 12.531643 0.481526
v -0.076915 12.531389 0.434669
v -0.075929 12.370861 0.381491
v -0.073900 12.370873 0.393441
v -0.068011 12.370909 0.404221
v -0.058838 12.370965 0.412777
v -0.047280 12.371036 0.418270
v -0.034468 12.371115 0.420163
v -0.048266 12.531565 0.333544
v -0.059824 12.531494 0.340199
v -0.068996 12.531437 0.350566
v -0.074885 12.531402 0.363628
v -0.076915 12.531389 0.378108
v -0.035453 12.531643 0.331250
v -0.075929 12.370859 0.308558
v -0.073900 12.370872 0.296608
v -0.068011 12.370908 0.285827
v -0.058838 12.370965 0.277272
v -0.047280 12.371036 0.271779
v -0.034468 12.371115 0.269886
v -0.075103 12.236359 0.355275
v -0.073074 12.236371 0.368220
v -0.067185 12.236406 0.379898
v -0.058013 12.236463 0.389166
v -0.046454 12.236534 0.395116
v -0.033642 12.236612 0.397167
v -0.075103 12.236358 0.288782
v -0.073074 12.236370 0.275837
v -0.067185 12.236406 0.264159
v -0.058013 12.236463 0.254891
v -0.046454 12.236534 0.248941
v -0.033642 12.236612 0.246890
v -0.074043 12.063633 0.330001
v -0.072014 12.063645 0.342987
v -0.066125 12.063682 0.354702
v -0.056952 12.063738 0.363999
v -0.045394 12.063808 0.369968
v -0.032582 12.063888 0.372025
v -0.074043 12.063633 0.263773
v -0.072014 12.063645 0.250787
v -0.066125 12.063682 0.239072
v -0.056952 12.063738 0.229775
v -0.045394 12.063808 0.223806
v -0.032582 12.063888 0.221749
v -0.073095 11.909207 0.276001
v -0.071066 11.909220 0.288735
v -0.065177 11.909256 0.300222
v -0.056004 11.909312 0.309338
v -0.044446 11.909383 0.315191
v -0.031634 11.909461 0.317208
v -0.073095 11.909206 0.208140
v -0.071066 11.909219 0.195406
v -0.065177 11.909255 0.183918
v -0.056004 11.909311 0.174802
v -0.044446 11.909383 0.168949
v -0.031634 11.909461 0.166932
v -0.072261 11.773269 0.212713
v -0.070231 11.773281 0.224631
v -0.064342 11.773317 0.235383
v -0.055170 11.773374 0.243915
v -0.043611 11.773445 0.249394
v -0.030799 11.773523 0.251281
v -0.072261 11.773269 0.139573
v -0.070231 11.773281 0.127655
v -0.064342 11.773317 0.116903
v -0.055170 11.773374 0.108371
v -0.043611 11.773445 0.102893
v -0.030799 11.773523 0.101005
v -0.029913 11.629210 0.164208
v -0.042726 11.629132 0.161808
v -0.054284 11.629061 0.154843
v -0.063456 11.629004 0.143994
v -0.069345 11.628968 0.130324
v -0.071375 11.628956 0.115171
v -0.029913 11.629210 0.013931
v -0.071375 11.628956 0.062968
v -0.069345 11.628968 0.047815
v -0.063456 11.629004 0.034145
v -0.054284 11.629061 0.023297
v -0.042726 11.629132 0.016331
vn -0.9989 0.0185 0.0439
vn -0.9336 0.1601 0.3207
vn -0.9996 0.0074 0.0271
vn -0.9380 0.1672 0.3035
vn -0.7556 0.3018 0.5814
vn -0.7885 0.3069 0.5330
vn -0.5187 0.4017 0.7547
vn -0.5661 0.4195 0.7096
vn -0.2625 0.4597 0.8484
vn -0.2961 0.4912 0.8192
vn -0.0215 0.4788 0.8776
vn -0.0782 -0.3128 -0.9466
vn -0.3093 -0.3403 -0.8880
vn -0.0293 -0.3571 -0.9336
vn -0.2823 -0.2643 -0.9222
vn -0.5875 -0.2885 -0.7561
vn -0.5522 -0.2276 -0.8021
vn -0.8057 -0.2093 -0.5541
vn -0.7839 -0.1677 -0.5978
vn -0.9458 -0.1147 -0.3040
vn -0.9440 -0.0895 -0.3175
vn -0.9992 -0.0189 -0.0358
vn 0.9639 0.1088 0.2432
vn 0.9993 0.0162 0.0324
vn 0.9998 0.0131 0.0154
vn 0.8361 0.2125 0.5058
vn 0.9346 0.1007 0.3412
vn 0.6209 0.2929 0.7271
vn 0.7687 0.1725 0.6159
vn 0.3316 0.3433 0.8788
vn 0.5362 0.2231 0.8140
vn 0.0307 0.3580 0.9332
vn 0.2683 0.2527 0.9296
vn 0.2591 -0.4597 -0.8495
vn 0.0362 -0.5172 -0.8551
vn 0.0208 -0.4784 -0.8779
vn 0.5119 -0.4087 -0.7556
vn 0.3288 -0.4916 -0.8064
vn 0.7461 -0.3177 -0.5851
vn 0.6155 -0.4153 -0.6698
vn 0.9266 -0.1805 -0.3299
vn 0.8342 -0.2949 -0.4660
vn 0.9994 -0.0167 -0.0292
vn 0.9663 -0.1381 -0.2174
vn -0.9998 -0.0150 -0.0127
vn -0.9992 -0.0245 -0.0316
vn -0.9997 0.0037 0.0241
vn -0.9995 -0.0168 -0.0252
vn -0.9997 -0.0008 0.0234
vn -0.9995 -0.0133 -0.0278
vn -0.9997 -0.0024 0.0243
vn -0.9996 -0.0103 -0.0247
vn -0.9995 0.0039 0.0325
vn -0.9901 -0.0325 -0.1363
vn -0.9999 0.0008 0.0154
vn 0.9995 -0.0192 -0.0241
vn 0.9997 0.0020 -0.0247
vn 0.9967 -0.0362 0.0732
vn 0.9996 -0.0010 -0.0278
vn 0.9964 -0.0268 0.0802
vn 0.9997 -0.0045 -0.0252
vn 0.9953 -0.0151 0.0955
vn 0.9926 -0.0021 0.1211
vn 0.9999 -0.0027 -0.0127
vn 0.0275 0.5169 0.8556
vn 0.0156 0.4791 0.8776
vn -0.0273 0.3841 0.9229
vn 0.0255 0.2380 0.9709
vn -0.0281 0.2376 0.9710
vn -0.0282 0.1546 0.9876
vn 0.0539 0.2012 0.9781
vn -0.0215 0.2741 0.9615
vn 0.0737 0.2118 0.9745
vn -0.0352 0.3573 0.9333
vn -0.0149 -0.4786 -0.8779
vn -0.0219 -0.3837 -0.9232
vn 0.0268 -0.3834 -0.9232
vn 0.0269 -0.2368 -0.9712
vn -0.0602 -0.1913 -0.9797
vn 0.0281 -0.1548 -0.9876
vn -0.0570 -0.1103 -0.9923
vn 0.0231 -0.2745 -0.9613
vn 0.0335 -0.3570 -0.9335
vn -0.0298 -0.5172 -0.8553
vn -0.2536 -0.4629 -0.8493
vn -0.3228 -0.4956 -0.8064
vn -0.5069 -0.4153 -0.7554
vn -0.6104 -0.4228 -0.6698
vn -0.7423 -0.3273 -0.5847
vn -0.8306 -0.3051 -0.4659
vn -0.9243 -0.1923 -0.3297
vn -0.9645 -0.1500 -0.2174
vn -0.2884 0.3687 0.8837
vn -0.5576 0.3185 0.7666
vn -0.7868 0.2351 0.5707
vn -0.9446 0.1214 0.3049
vn -0.2832 -0.3678 -0.8857
vn -0.5521 -0.3212 -0.7694
vn -0.7816 -0.2424 -0.5748
vn -0.9410 -0.1348 -0.3104
vn -0.3083 0.2263 0.9240
vn -0.5867 0.1902 0.7871
vn -0.8095 0.1347 0.5714
vn -0.9527 0.0652 0.2968
vn -0.3010 -0.2263 -0.9264
vn -0.5767 -0.1965 -0.7930
vn -0.7996 -0.1477 -0.5821
vn -0.9465 -0.0838 -0.3118
vn -0.3101 0.1450 0.9396
vn -0.5888 0.1206 0.7992
vn -0.8100 0.0843 0.5803
vn -0.9517 0.0404 0.3044
vn -0.3075 -0.1505 -0.9396
vn -0.5863 -0.1315 -0.7994
vn -0.8079 -0.0993 -0.5809
vn -0.9506 -0.0560 -0.3052
vn -0.2800 0.2598 0.9242
vn -0.5441 0.2265 0.8079
vn -0.7729 0.1716 0.6109
vn -0.9360 0.0953 0.3388
vn -0.3357 0.3392 0.8788
vn -0.6245 0.2852 0.7271
vn -0.8387 0.2022 0.5057
vn -0.9652 0.0969 0.2430
vn 0.3134 -0.3365 -0.8880
vn 0.5910 -0.2813 -0.7561
vn 0.2772 -0.2522 -0.9271
vn 0.8082 -0.1993 -0.5541
vn 0.5497 -0.2150 -0.8072
vn 0.9471 -0.1031 -0.3041
vn 0.7835 -0.1551 -0.6018
vn 0.9993 -0.0066 -0.0358
vn 0.9443 -0.0777 -0.3199
vn 0.3083 0.1488 0.9396
vn 0.5873 0.1278 0.7992
vn 0.8090 0.0942 0.5803
vn 0.9505 0.0549 0.3057
vn 0.3107 -0.1482 -0.9389
vn 0.5889 -0.1256 -0.7984
vn 0.8099 -0.0899 -0.5796
vn 0.9517 -0.0436 -0.3038
vn 0.3055 0.2300 0.9240
vn 0.5844 0.1974 0.7871
vn 0.8078 0.1446 0.5714
vn 0.9526 0.0766 0.2944
vn 0.3066 -0.2256 -0.9247
vn 0.5811 -0.1925 -0.7907
vn 0.8024 -0.1409 -0.5799
vn 0.9476 -0.0747 -0.3107
vn 0.2838 0.3722 0.8837
vn 0.5537 0.3254 0.7665
vn 0.7838 0.2447 0.5707
vn 0.9441 0.1299 0.3030
vn 0.2899 -0.3658 -0.8844
vn 0.5577 -0.3157 -0.7677
vn 0.7852 -0.2343 -0.5733
vn 0.9425 -0.1256 -0.3098
vn 0.0767 0.3427 0.9363
vn 0.2569 0.4629 0.8484
vn 0.5137 0.4080 0.7547
vn 0.7518 0.3111 0.5814
vn 0.9318 0.1698 0.3208
vn 0.2901 0.4948 0.8192
vn 0.5610 0.4264 0.7096
vn 0.7846 0.3166 0.5331
vn 0.9986 0.0308 0.0439
vn 0.9361 0.1784 0.3031
vn -0.0439 0.0185 -0.9989
vn -0.3207 0.1601 -0.9336
vn -0.0271 0.0074 -0.9996
vn -0.3033 0.1670 -0.9382
vn -0.5814 0.3018 -0.7556
vn -0.5330 0.3068 -0.7885
vn -0.7547 0.4017 -0.5187
vn -0.7095 0.4194 -0.5662
vn -0.8484 0.4597 -0.2625
vn -0.8192 0.4912 -0.2961
vn -0.8776 0.4788 -0.0214
vn 0.9466 -0.3128 -0.0782
vn 0.8880 -0.3403 -0.3094
vn 0.9336 -0.3571 -0.0293
vn 0.9222 -0.2643 -0.2823
vn 0.7560 -0.2885 -0.5875
vn 0.8021 -0.2276 -0.5522
vn 0.5541 -0.2093 -0.8057
vn 0.5978 -0.1677 -0.7839
vn 0.3039 -0.1147 -0.9458
vn 0.3174 -0.0895 -0.9440
vn 0.0358 -0.0189 -0.9992
vn -0.2432 0.1088 0.9639
vn -0.0325 0.0162 0.9993
vn -0.0154 0.0131 0.9998
vn -0.5058 0.2125 0.8361
vn -0.3412 0.1007 0.9346
vn -0.7271 0.2929 0.6209
vn -0.6159 0.1725 0.7687
vn -0.8788 0.3433 0.3314
vn -0.8141 0.2232 0.5362
vn -0.9332 0.3580 0.0307
vn -0.9296 0.2527 0.2683
vn 0.8495 -0.4597 0.2591
vn 0.8551 -0.5172 0.0361
vn 0.8779 -0.4784 0.0208
vn 0.7556 -0.4087 0.5119
vn 0.8064 -0.4916 0.3288
vn 0.5851 -0.3177 0.7461
vn 0.6698 -0.4153 0.6155
vn 0.3300 -0.1805 0.9266
vn 0.4659 -0.2948 0.8343
vn 0.0292 -0.0167 0.9994
vn 0.2174 -0.1381 0.9663
vn 0.0127 -0.0150 -0.9998
vn 0.0315 -0.0245 -0.9992
vn -0.0241 0.0036 -0.9997
vn 0.0252 -0.0168 -0.9995
vn -0.0234 -0.0008 -0.9997
vn 0.0278 -0.0133 -0.9995
vn -0.0243 -0.0024 -0.9997
vn 0.0247 -0.0103 -0.9996
vn -0.0324 0.0039 -0.9995
vn 0.1363 -0.0325 -0.9901
vn -0.0154 0.0008 -0.9999
vn 0.0241 -0.0192 0.9995
vn 0.0248 0.0020 0.9997
vn -0.0732 -0.0362 0.9967
vn 0.0278 -0.0010 0.9996
vn -0.0802 -0.0268 0.9964
vn 0.0252 -0.0045 0.9997
vn -0.0955 -0.0151 0.9953
vn -0.1212 -0.0021 0.9926
vn 0.0126 -0.0027 0.9999
vn -0.8558 0.5162 -0.0338
vn -0.8776 0.4790 0.0157
vn -0.9229 0.3841 -0.0272
vn -0.9034 0.4260 0.0490
vn -0.9709 0.2376 -0.0283
vn -0.9567 0.2860 0.0540
vn -0.9876 0.1546 -0.0281
vn -0.9614 0.2479 0.1194
vn -0.9615 0.2741 -0.0216
vn -0.9333 0.3573 -0.0352
vn 0.8779 -0.4786 -0.0150
vn 0.9232 -0.3837 -0.0220
vn 0.9232 -0.3834 0.0267
vn 0.9712 -0.2371 -0.0240
vn 0.9712 -0.2368 0.0270
vn 0.9876 -0.1551 -0.0262
vn 0.9876 -0.1548 0.0281
vn 0.9613 -0.2745 0.0230
vn 0.9335 -0.3570 0.0335
vn 0.8553 -0.5172 -0.0297
vn 0.8493 -0.4630 -0.2536
vn 0.8064 -0.4956 -0.3228
vn 0.7554 -0.4153 -0.5069
vn 0.6698 -0.4228 -0.6104
vn 0.5847 -0.3273 -0.7423
vn 0.4660 -0.3051 -0.8306
vn 0.3297 -0.1923 -0.9243
vn 0.2177 -0.1501 -0.9644
vn -0.8837 0.3687 -0.2885
vn -0.7666 0.3185 -0.5576
vn -0.5707 0.2351 -0.7868
vn -0.3049 0.1214 -0.9446
vn 0.8858 -0.3677 -0.2832
vn 0.7694 -0.3212 -0.5521
vn 0.5748 -0.2424 -0.7816
vn 0.3104 -0.1348 -0.9410
vn -0.9240 0.2263 -0.3083
vn -0.7871 0.1902 -0.5867
vn -0.5714 0.1347 -0.8095
vn -0.2968 0.0652 -0.9527
vn 0.9264 -0.2263 -0.3010
vn 0.7930 -0.1965 -0.5767
vn 0.5821 -0.1477 -0.7996
vn 0.3118 -0.0837 -0.9465
vn -0.9396 0.1450 -0.3101
vn -0.7992 0.1206 -0.5888
vn -0.5803 0.0843 -0.8100
vn -0.3043 0.0403 -0.9517
vn 0.9396 -0.1505 -0.3075
vn 0.7994 -0.1316 -0.5863
vn 0.5808 -0.0994 -0.8079
vn 0.3053 -0.0560 -0.9506
vn -0.9242 0.2598 -0.2799
vn -0.8079 0.2265 -0.5441
vn -0.6109 0.1716 -0.7729
vn -0.3388 0.0953 -0.9360
vn -0.8788 0.3392 -0.3357
vn -0.7271 0.2852 -0.6245
vn -0.5058 0.2022 -0.8386
vn -0.2431 0.0969 -0.9652
vn 0.8880 -0.3365 0.3133
vn 0.7561 -0.2813 0.5910
vn 0.9271 -0.2522 0.2771
vn 0.5541 -0.1993 0.8083
vn 0.8072 -0.2149 0.5497
vn 0.3041 -0.1031 0.9471
vn 0.6018 -0.1551 0.7835
vn 0.0358 -0.0066 0.9993
vn 0.3198 -0.0777 0.9443
vn -0.9396 0.1488 0.3083
vn -0.7992 0.1278 0.5873
vn -0.5803 0.0942 0.8089
vn -0.3058 0.0549 0.9505
vn 0.9389 -0.1483 0.3106
vn 0.7984 -0.1256 0.5889
vn 0.5795 -0.0898 0.8100
vn 0.3038 -0.0436 0.9517
vn -0.9910 0.1057 0.0827
vn -0.9240 0.2300 0.3055
vn -0.7871 0.1974 0.5844
vn -0.5714 0.1446 0.8078
vn -0.2944 0.0766 0.9526
vn 0.9247 -0.2256 0.3066
vn 0.7907 -0.1925 0.5811
vn 0.5799 -0.1409 0.8024
vn 0.3107 -0.0747 0.9476
vn -0.8837 0.3722 0.2838
vn -0.7666 0.3254 0.5536
vn -0.5707 0.2447 0.7838
vn -0.3030 0.1299 0.9441
vn 0.8844 -0.3658 0.2900
vn 0.7677 -0.3157 0.5577
vn 0.5732 -0.2343 0.7852
vn 0.3098 -0.1256 0.9425
vn -0.8484 0.4629 0.2568
vn -0.7547 0.4080 0.5137
vn -0.5814 0.3110 0.7518
vn -0.3209 0.1698 0.9318
vn -0.8192 0.4948 0.2901
vn -0.7095 0.4264 0.5611
vn -0.5331 0.3166 0.7846
vn -0.0439 0.0308 0.9986
vn -0.3031 0.1784 0.9361
vn 0.0439 0.0308 0.9986
vn 0.3207 0.1716 0.9315
vn 0.0271 0.0197 0.9994
vn 0.3031 0.1784 0.9361
vn 0.5814 0.3110 0.7518
vn 0.5331 0.3166 0.7846
vn 0.7547 0.4081 0.5137
vn 0.7096 0.4264 0.5610
vn 0.8484 0.4629 0.2569
vn 0.8192 0.4948 0.2901
vn 0.8776 0.4791 0.0157
vn -0.9467 -0.3116 0.0820
vn -0.8880 -0.3365 0.3135
vn -0.9336 -0.3567 0.0335
vn -0.9222 -0.2608 0.2855
vn -0.7561 -0.2813 0.5909
vn -0.8021 -0.2207 0.5550
vn -0.5540 -0.1993 0.8083
vn -0.5978 -0.1580 0.7859
vn -0.3040 -0.1030 0.9471
vn -0.3175 -0.0779 0.9451
vn -0.0358 -0.0066 0.9993
vn 0.2429 0.0968 -0.9652
vn 0.0325 0.0039 -0.9995
vn 0.0154 0.0008 -0.9999
vn 0.5058 0.2022 -0.8386
vn 0.3412 0.0892 -0.9358
vn 0.7271 0.2852 -0.6245
vn 0.6159 0.1631 -0.7708
vn 0.8788 0.3392 -0.3358
vn 0.8141 0.2166 -0.5389
vn 0.9332 0.3576 -0.0352
vn 0.9296 0.2494 -0.2713
vn -0.8495 -0.4628 -0.2534
vn -0.8551 -0.5176 -0.0298
vn -0.8779 -0.4786 -0.0150
vn -0.7556 -0.4150 -0.5068
vn -0.8064 -0.4956 -0.3227
vn -0.5851 -0.3269 -0.7422
vn -0.6698 -0.4228 -0.6104
vn -0.3300 -0.1919 -0.9243
vn -0.4660 -0.3051 -0.8306
vn -0.0292 -0.0289 -0.9992
vn -0.2177 -0.1501 -0.9644
vn -0.0127 -0.0028 0.9999
vn -0.0316 -0.0123 0.9994
vn 0.0241 0.0159 0.9996
vn -0.0252 -0.0045 0.9997
vn 0.0234 0.0115 0.9997
vn -0.0278 -0.0010 0.9996
vn 0.0244 0.0099 0.9997
vn -0.0248 0.0020 0.9997
vn 0.0324 0.0162 0.9993
vn -0.1363 -0.0203 0.9905
vn 0.0154 0.0131 0.9998
vn -0.0241 -0.0315 -0.9992
vn -0.0247 -0.0103 -0.9996
vn 0.0732 -0.0484 -0.9961
vn -0.0278 -0.0133 -0.9995
vn 0.0802 -0.0390 -0.9960
vn -0.0252 -0.0168 -0.9995
vn 0.0955 -0.0273 -0.9951
vn 0.1212 -0.0143 -0.9925
vn -0.0127 -0.0150 -0.9998
vn 0.8558 0.5165 0.0275
vn 0.8776 0.4788 -0.0215
vn 0.9229 0.3841 -0.0272
vn 0.9229 0.3844 0.0225
vn 0.9709 0.2376 -0.0285
vn 0.9710 0.2379 0.0252
vn 0.9876 0.1550 0.0263
vn 0.9781 0.2005 -0.0563
vn 0.9614 0.2744 0.0180
vn 0.9333 0.3577 0.0308
vn -0.8779 -0.4784 0.0208
vn -0.9232 -0.3837 -0.0220
vn -0.9378 -0.3423 0.0580
vn -0.9712 -0.2371 -0.0240
vn -0.9876 -0.1548 0.0281
vn -0.9876 -0.1551 -0.0262
vn -0.9613 -0.2748 -0.0196
vn -0.9335 -0.3574 -0.0293
vn -0.8553 -0.5168 0.0361
vn -0.8493 -0.4598 0.2593
vn -0.8063 -0.4915 0.3291
vn -0.7553 -0.4090 0.5120
vn -0.6698 -0.4153 0.6155
vn -0.5847 -0.3182 0.7462
vn -0.4659 -0.2948 0.8342
vn -0.3297 -0.1809 0.9266
vn -0.2174 -0.1381 0.9663
vn 0.8837 0.3722 0.2838
vn 0.7666 0.3254 0.5537
vn 0.5707 0.2447 0.7838
vn 0.3049 0.1330 0.9430
vn -0.8858 -0.3642 0.2877
vn -0.7694 -0.3144 0.5560
vn -0.5748 -0.2327 0.7845
vn -0.3104 -0.1233 0.9426
vn 0.9240 0.2300 0.3055
vn 0.7871 0.1974 0.5844
vn 0.5714 0.1446 0.8078
vn 0.2968 0.0769 0.9518
vn -0.9264 -0.2226 0.3038
vn -0.9547 -0.2876 0.0766
vn -0.7930 -0.1894 0.5791
vn -0.5821 -0.1379 0.8014
vn -0.3117 -0.0721 0.9474
vn 0.9396 0.1488 0.3083
vn 0.7992 0.1278 0.5874
vn 0.5803 0.0942 0.8089
vn 0.3044 0.0520 0.9511
vn -0.9396 -0.1467 0.3094
vn -0.7994 -0.1244 0.5879
vn -0.5809 -0.0893 0.8091
vn -0.3053 -0.0444 0.9512
vn 0.9242 0.2632 0.2768
vn 0.8079 0.2331 0.5413
vn 0.6109 0.1810 0.7707
vn 0.3388 0.1068 0.9348
vn 0.8788 0.3433 0.3315
vn 0.7271 0.2929 0.6209
vn 0.5058 0.2125 0.8361
vn 0.2430 0.1087 0.9639
vn -0.8880 -0.3403 -0.3094
vn -0.7560 -0.2885 -0.5875
vn -0.9271 -0.2555 -0.2740
vn -0.5541 -0.2093 -0.8057
vn -0.8073 -0.2217 -0.5470
vn -0.3040 -0.1147 -0.9458
vn -0.6018 -0.1647 -0.7815
vn -0.0358 -0.0189 -0.9992
vn -0.3198 -0.0893 -0.9433
vn 0.9471 0.3106 -0.0812
vn 0.9396 0.1450 -0.3101
vn 0.7992 0.1206 -0.5888
vn 0.5803 0.0843 -0.8100
vn 0.3057 0.0432 -0.9511
vn -0.9389 -0.1520 -0.3089
vn -0.7984 -0.1328 -0.5874
vn -0.5795 -0.0997 -0.8089
vn -0.3038 -0.0553 -0.9511
vn 0.9240 0.2263 -0.3083
vn 0.7871 0.1902 -0.5867
vn 0.5714 0.1347 -0.8095
vn 0.2944 0.0648 -0.9535
vn -0.9247 -0.2294 -0.3038
vn -0.7907 -0.1996 -0.5787
vn -0.5799 -0.1507 -0.8006
vn -0.3107 -0.0863 -0.9466
vn 0.8837 0.3686 -0.2884
vn 0.7666 0.3185 -0.5576
vn 0.5707 0.2351 -0.7868
vn 0.3030 0.1183 -0.9456
vn -0.8844 -0.3694 -0.2854
vn -0.7677 -0.3225 -0.5538
vn -0.5732 -0.2439 -0.7823
vn -0.3098 -0.1371 -0.9409
vn 0.8484 0.4597 -0.2625
vn 0.7547 0.4017 -0.5187
vn 0.5814 0.3018 -0.7556
vn 0.3208 0.1583 -0.9338
vn 0.8192 0.4912 -0.2961
vn 0.7098 0.4196 -0.5658
vn 0.5331 0.3069 -0.7884
vn 0.0439 0.0185 -0.9989
vn 0.3031 0.1669 -0.9382
vn 0.8090 -0.0000 -0.5878
vn 0.9511 -0.0000 -0.3090
vn 0.5878 -0.0000 -0.8090
vn 0.3090 -0.0000 -0.9511
vn -0.0000 -0.0000 -1.0000
vn -0.3090 -0.0000 -0.9511
vn -0.5878 -0.0000 -0.8090
vn -0.8090 -0.0000 -0.5878
vn -0.9511 -0.0000 -0.3090
vn -1.0000 -0.0000 -0.0000
vn -0.9511 -0.0000 0.3090
vn -0.8090 -0.0000 0.5878
vn -0.5878 -0.0000 0.8090
vn -0.3090 -0.0000 0.9511
vn -0.0000 -0.0000 1.0000
vn 0.3090 -0.0000 0.9511
vn 0.5878 -0.0000 0.8090
vn 0.8090 -0.0000 0.5878
vn 0.9511 -0.0000 0.3090
vn 1.0000 -0.0000 -0.0000
vn -0.0000 -1.0000 -0.0000
vn 0.1509 0.9873 -0.0490
vn 0.1283 0.9873 -0.0932
vn -0.0000 1.0000 -0.0000
vn 0.0933 0.9873 -0.1284
vn 0.0490 0.9873 -0.1508
vn -0.0000 0.9873 -0.1587
vn -0.0490 0.9873 -0.1508
vn -0.0933 0.9873 -0.1284
vn -0.1283 0.9873 -0.0932
vn -0.1509 0.9873 -0.0490
vn -0.1586 0.9873 -0.0000
vn -0.1509 0.9873 0.0490
vn -0.1283 0.9873 0.0932
vn -0.0933 0.9873 0.1284
vn -0.0490 0.9873 0.1508
vn -0.0000 0.9873 0.1587
vn 0.0490 0.9873 0.1508
vn 0.0933 0.9873 0.1284
vn 0.1283 0.9873 0.0932
vn 0.1509 0.9873 0.0490
vn 0.1586 0.9873 -0.0000
vn 0.2597 0.9620 -0.0844
vn 0.2209 0.9620 -0.1605
vn 0.1605 0.9620 -0.2209
vn 0.0844 0.9620 -0.2597
vn -0.0000 0.9620 -0.2731
vn -0.0844 0.9620 -0.2597
vn -0.1605 0.9620 -0.2209
vn -0.2209 0.9620 -0.1605
vn -0.2597 0.9620 -0.0844
vn -0.2731 0.9620 -0.0000
vn -0.2597 0.9620 0.0844
vn -0.2209 0.9620 0.1605
vn -0.1605 0.9620 0.2209
vn -0.0844 0.9620 0.2597
vn -0.0000 0.9620 0.2731
vn 0.0844 0.9620 0.2597
vn 0.1605 0.9620 0.2209
vn 0.2209 0.9620 0.1605
vn 0.2597 0.9620 0.0844
vn 0.2731 0.9620 -0.0000
vn 0.8955 0.3367 -0.2909
vn 0.7618 0.3366 -0.5535
vn 0.5535 0.3366 -0.7618
vn 0.2910 0.3366 -0.8956
vn -0.0000 0.3366 -0.9417
vn -0.2910 0.3367 -0.8955
vn -0.5535 0.3366 -0.7618
vn -0.7618 0.3366 -0.5535
vn -0.8955 0.3366 -0.2910
vn -0.8956 0.3366 -0.2910
vn -0.9416 0.3366 -0.0000
vn -0.8956 0.3366 0.2910
vn -0.7618 0.3367 0.5535
vn -0.5535 0.3366 0.7618
vn -0.2910 0.3367 0.8955
vn -0.2909 0.3367 0.8955
vn -0.0000 0.3366 0.9416
vn 0.2910 0.3367 0.8955
vn 0.5535 0.3366 0.7618
vn 0.7618 0.3366 0.5535
vn 0.8956 0.3366 0.2910
vn 0.9416 0.3366 -0.0000
vn 0.5646 -0.8047 -0.1835
vn 0.4802 -0.8048 -0.3489
vn 0.3489 -0.8047 -0.4803
vn 0.1834 -0.8048 -0.5645
vn -0.0000 -0.8047 -0.5937
vn -0.1835 -0.8047 -0.5646
vn -0.3489 -0.8048 -0.4802
vn -0.4803 -0.8047 -0.3489
vn -0.5646 -0.8047 -0.1834
vn -0.5936 -0.8047 -0.0000
vn -0.5646 -0.8047 0.1834
vn -0.4803 -0.8048 0.3489
vn -0.3489 -0.8048 0.4802
vn -0.1835 -0.8048 0.5645
vn -0.0000 -0.8047 0.5937
vn 0.1835 -0.8047 0.5647
vn 0.3489 -0.8047 0.4803
vn 0.4802 -0.8048 0.3489
vn 0.5646 -0.8047 0.1834
vn 0.5936 -0.8047 -0.0000
vn 0.3538 0.9114 -0.2101
vn 0.3732 0.9198 -0.1213
vn 0.3927 0.9197 -0.0000
vn 0.2154 0.9172 -0.3353
vn -0.0000 0.9198 -0.3924
vn -0.2307 0.9198 -0.3175
vn -0.3732 0.9198 -0.1213
vn -0.3732 0.9198 0.1213
vn -0.2307 0.9198 0.3175
vn -0.1013 0.9172 0.3854
vn 0.1213 0.9197 0.3734
vn 0.2307 0.9198 0.3175
vn 0.3353 0.9172 0.2154
vn 0.3854 0.9172 0.1012
vn 0.5245 0.8342 -0.1704
vn 0.3242 0.8342 -0.4462
vn 0.4462 0.8342 -0.3242
vn 0.1771 0.9020 -0.3938
vn 0.1704 0.8342 -0.5245
vn -0.1704 0.8342 -0.5245
vn -0.0000 0.8342 -0.5515
vn -0.3242 0.8342 -0.4462
vn -0.1476 0.8785 -0.4544
vn -0.3198 0.9019 -0.2902
vn -0.4462 0.8342 -0.3242
vn -0.5245 0.8342 -0.1704
vn -0.4293 0.9020 -0.0468
vn -0.5245 0.8342 0.1704
vn -0.5515 0.8342 -0.0000
vn -0.4462 0.8342 0.3242
vn -0.3242 0.8342 0.4462
vn -0.3865 0.8785 0.2808
vn -0.1704 0.8342 0.5245
vn -0.0468 0.9020 0.4293
vn 0.1704 0.8342 0.5245
vn -0.0000 0.8342 0.5515
vn 0.3242 0.8342 0.4462
vn 0.4462 0.8342 0.3242
vn 0.5245 0.8342 0.1704
vn 0.5515 0.8342 -0.0000
vn -0.0000 0.4567 0.8896
vn 0.8896 0.4567 -0.0000
vn -0.0000 0.4567 -0.8896
vn -0.8896 0.4567 -0.0000
vn 0.9755 -0.2200 -0.0000
vn -0.9755 -0.2200 -0.0000
vn -0.0000 -0.2200 0.9755
vn -0.0000 -0.2200 -0.9755
vn -0.9721 0.2326 0.0320
vn -0.9678 0.2160 0.1291
vn -0.9720 0.2332 0.0278
vn 0.9721 0.2326 0.0320
vn 0.9678 0.2160 0.1291
vn 0.9673 0.2150 0.1345
vn -0.9721 0.2326 -0.0320
vn -0.9678 0.2160 -0.1291
vn -0.9673 0.2150 -0.1345
vn 0.9721 0.2326 -0.0320
vn 0.9678 0.2160 -0.1291
vn 0.9720 0.2332 -0.0278
vn 0.0320 0.2326 0.9721
vn 0.1291 0.2160 0.9678
vn 0.0278 0.2332 0.9720
vn 0.0320 0.2326 -0.9721
vn 0.1291 0.2160 -0.9678
vn 0.1345 0.2150 -0.9673
vn -0.0320 0.2326 -0.9721
vn -0.1291 0.2160 -0.9678
vn -0.0278 0.2332 -0.9720
vn -0.0320 0.2326 0.9721
vn -0.1291 0.2160 0.9678
vn -0.1345 0.2150 0.9673
vn -0.0000 0.9766 -0.2149
vn -0.0000 0.9766 0.2149
vn -0.2149 0.9766 -0.0000
vn 0.2149 0.9766 -0.0000
vn -0.2376 -0.9714 -0.0000
vn -0.0000 -0.9714 -0.2376
vn 0.2376 -0.9714 -0.0000
vn -0.0000 -0.9714 0.2376
vn -0.9708 -0.2398 -0.0000
vn -0.0000 -0.2398 0.9708
vn 0.9708 -0.2398 -0.0000
vn -0.0000 -0.2398 -0.9708
vn 0.0225 0.9997 -0.0073
vn 0.0200 0.9997 -0.0145
vn 0.0147 0.9997 -0.0202
vn 0.0071 0.9997 -0.0220
vn -0.0000 0.9997 -0.0242
vn -0.0078 0.9997 -0.0242
vn -0.0136 0.9997 -0.0187
vn -0.0196 0.9997 -0.0142
vn -0.0242 0.9997 -0.0079
vn -0.0236 0.9997 -0.0000
vn -0.0230 0.9997 0.0075
vn -0.0196 0.9997 0.0143
vn -0.0139 0.9997 0.0192
vn -0.0076 0.9997 0.0234
vn -0.0000 0.9997 0.0251
vn 0.0071 0.9997 0.0220
vn 0.0143 0.9997 0.0196
vn 0.0206 0.9997 0.0149
vn 0.0220 0.9997 0.0071
vn 0.0251 0.9997 -0.0000
vn 0.6683 -0.7114 -0.2172
vn 0.7027 -0.7115 -0.0000
vn 0.5685 -0.7115 -0.4130
vn 0.4131 -0.7114 -0.5685
vn 0.2171 -0.7115 -0.6683
vn -0.0000 -0.7115 -0.7027
vn -0.2172 -0.7115 -0.6683
vn -0.4131 -0.7114 -0.5685
vn -0.5685 -0.7115 -0.4130
vn -0.6683 -0.7115 -0.2171
vn -0.7027 -0.7115 -0.0000
vn -0.6683 -0.7115 0.2171
vn -0.5685 -0.7114 0.4131
vn -0.4130 -0.7115 0.5685
vn -0.2171 -0.7115 0.6683
vn -0.2172 -0.7115 0.6683
vn -0.0000 -0.7115 0.7027
vn 0.2172 -0.7114 0.6683
vn 0.4130 -0.7115 0.5685
vn 0.5685 -0.7115 0.4131
vn 0.5685 -0.7115 0.4130
vn 0.6683 -0.7115 0.2171
vn 0.5962 0.6759 -0.4332
vn 0.4332 0.6759 -0.5962
vn 0.7009 0.6759 -0.2277
vn 0.7370 0.6759 -0.0000
vn 0.2277 0.6759 -0.7009
vn -0.0000 0.6759 -0.7370
vn -0.2277 0.6759 -0.7009
vn -0.4332 0.6759 -0.5962
vn -0.5962 0.6759 -0.4332
vn -0.7009 0.6759 -0.2277
vn -0.7370 0.6759 -0.0000
vn -0.7009 0.6759 0.2277
vn -0.5962 0.6759 0.4332
vn -0.4332 0.6759 0.5962
vn -0.2277 0.6759 0.7009
vn -0.0000 0.6759 0.7370
vn 0.2277 0.6760 0.7009
vn 0.4332 0.6759 0.5962
vn 0.5962 0.6759 0.4332
vn 0.7009 0.6759 0.2277
vn 0.7324 -0.6379 -0.2380
vn 0.7701 -0.6380 -0.0000
vn 0.6230 -0.6380 -0.4526
vn 0.4526 -0.6380 -0.6230
vn 0.2380 -0.6380 -0.7324
vn -0.0000 -0.6380 -0.7701
vn -0.2380 -0.6380 -0.7324
vn -0.4526 -0.6379 -0.6230
vn -0.6230 -0.6380 -0.4526
vn -0.7324 -0.6379 -0.2380
vn -0.7701 -0.6380 -0.0000
vn -0.7324 -0.6379 0.2380
vn -0.6230 -0.6379 0.4526
vn -0.6230 -0.6379 0.4527
vn -0.4526 -0.6380 0.6230
vn -0.2380 -0.6380 0.7324
vn -0.0000 -0.6380 0.7701
vn 0.2380 -0.6379 0.7324
vn 0.4526 -0.6379 0.6230
vn 0.6230 -0.6379 0.4526
vn 0.7324 -0.6379 0.2380
vn 0.5685 0.7115 -0.4130
vn 0.4130 0.7115 -0.5685
vn 0.6683 0.7115 -0.2171
vn 0.7027 0.7115 -0.0000
vn 0.2171 0.7115 -0.6683
vn 0.2172 0.7115 -0.6683
vn -0.0000 0.7115 -0.7027
vn -0.2171 0.7115 -0.6683
vn -0.4130 0.7115 -0.5685
vn -0.5685 0.7115 -0.4130
vn -0.6683 0.7115 -0.2172
vn -0.7027 0.7115 -0.0000
vn -0.6683 0.7115 0.2172
vn -0.5685 0.7115 0.4130
vn -0.4130 0.7115 0.5685
vn -0.2171 0.7115 0.6683
vn -0.0000 0.7115 0.7027
vn 0.2172 0.7115 0.6683
vn 0.4130 0.7115 0.5685
vn 0.5685 0.7115 0.4130
vn 0.6683 0.7115 0.2172
vn 0.6683 0.7115 -0.2172
vn 0.4131 0.7115 -0.5685
vn -0.2172 0.7115 -0.6683
vn -0.6683 0.7115 -0.2171
vn -0.4131 0.7115 0.5685
vn -0.2172 0.7115 0.6683
vn 0.6683 0.7115 0.2171
vn 0.6683 -0.7115 -0.2172
vn 0.4130 -0.7115 -0.5685
vn -0.2171 -0.7115 -0.6683
vn -0.4130 -0.7115 -0.5685
vn -0.5685 -0.7115 0.4131
vn 0.2171 -0.7115 0.6683
vn 0.9179 -0.2619 -0.2982
vn 0.8085 -0.0371 -0.5874
vn 0.9504 -0.0372 -0.3088
vn 0.7456 0.1167 -0.6561
vn 0.8274 0.4930 -0.2689
vn 0.9504 0.0371 -0.3088
vn 0.5686 0.7114 -0.4131
vn 0.7039 0.4930 -0.5114
vn 0.5874 0.0368 -0.8085
vn 0.3808 -0.0772 -0.9214
vn 0.5047 -0.1317 -0.8532
vn -0.0000 0.0372 -0.9993
vn 0.2164 0.1317 -0.9674
vn -0.0771 -0.0775 -0.9940
vn -0.3088 0.0367 -0.9504
vn -0.5218 -0.0774 -0.8495
vn -0.3931 -0.1317 -0.9100
vn -0.7586 -0.0772 -0.6469
vn -0.6558 0.1317 -0.7434
vn -0.9504 0.0371 -0.3088
vn -0.8531 0.1317 -0.5049
vn -0.9692 -0.0774 -0.2338
vn -0.9993 0.0367 -0.0000
vn -0.9692 -0.0774 0.2338
vn -0.9869 -0.1317 0.0927
vn -0.8496 -0.0774 0.5218
vn -0.9097 0.1317 0.3938
vn -0.6469 -0.0773 0.7587
vn -0.7434 0.1317 0.6557
vn -0.3088 0.0367 0.9504
vn -0.5048 0.1318 0.8531
vn -0.0770 -0.0775 0.9940
vn -0.2164 -0.1317 0.9674
vn 0.2338 -0.0774 0.9692
vn 0.0935 0.1317 0.9869
vn 0.5216 -0.0772 0.8497
vn 0.3939 0.1317 0.9097
vn 0.8084 0.0371 0.5874
vn 0.6555 0.1317 0.7436
vn 0.8495 -0.0774 0.5219
vn 0.9504 0.0368 0.3088
vn 0.9940 -0.0773 0.0775
vn 0.9674 -0.1317 0.2165
vn 0.9869 0.1317 -0.0927
vn 0.7808 -0.2618 -0.5673
vn 0.5114 0.4930 -0.7039
vn 0.4131 0.7114 -0.5685
vn 0.2982 -0.2618 -0.9179
vn 0.2688 0.4930 -0.8274
vn 0.2172 0.7114 -0.6684
vn -0.0000 -0.2618 -0.9651
vn -0.0000 0.4930 -0.8700
vn -0.0000 0.7114 -0.7028
vn -0.2982 -0.2618 -0.9179
vn -0.2689 0.4930 -0.8274
vn -0.2172 0.7114 -0.6684
vn -0.5114 0.4930 -0.7038
vn -0.4131 0.7114 -0.5686
vn -0.7808 -0.2619 -0.5673
vn -0.7038 0.4930 -0.5114
vn -0.5685 0.7114 -0.4131
vn -0.9179 -0.2619 -0.2982
vn -0.8274 0.4931 -0.2688
vn -0.9651 -0.2618 -0.0000
vn -0.8700 0.4930 -0.0000
vn -0.7028 0.7114 -0.0000
vn -0.8274 0.4930 0.2688
vn -0.6684 0.7114 0.2172
vn -0.9179 -0.2619 0.2983
vn -0.7039 0.4930 0.5114
vn -0.5673 -0.2618 0.7808
vn -0.5114 0.4931 0.7038
vn -0.4130 0.7114 0.5685
vn -0.2689 0.4930 0.8274
vn -0.2172 0.7114 0.6684
vn -0.0000 -0.2618 0.9651
vn -0.0000 0.4930 0.8700
vn -0.0000 0.7114 0.7028
vn 0.2689 0.4930 0.8274
vn 0.2172 0.7114 0.6684
vn 0.2983 -0.2618 0.9179
vn 0.5114 0.4930 0.7039
vn 0.4131 0.7114 0.5686
vn 0.7808 -0.2618 0.5673
vn 0.7039 0.4930 0.5114
vn 0.5686 0.7114 0.4131
vn 0.9179 -0.2619 0.2982
vn 0.8274 0.4930 0.2689
vn 0.6684 0.7114 0.2172
vn 0.9651 -0.2619 -0.0000
vn 0.8700 0.4930 -0.0000
vn 0.7028 0.7114 -0.0000
vn 0.4897 -0.8573 -0.1591
vn 0.6683 -0.7115 -0.2171
vn 0.0263 -0.9995 -0.0191
vn 0.4165 -0.8573 -0.3026
vn 0.1513 -0.9864 0.0640
vn 0.0099 -0.9995 -0.0304
vn -0.0133 -0.9865 -0.1632
vn -0.1076 -0.9864 -0.1241
vn -0.0188 -0.9995 -0.0258
vn -0.1399 -0.9865 -0.0852
vn -0.1637 -0.9864 0.0141
vn -0.0325 -0.9995 -0.0000
vn -0.1511 -0.9865 0.0631
vn -0.0262 -0.9995 0.0190
vn -0.0850 -0.9865 0.1402
vn -0.0196 -0.9994 0.0270
vn -0.0100 -0.9995 0.0309
vn 0.0099 -0.9995 0.0304
vn 0.1070 -0.9865 0.1242
vn 0.1600 -0.9864 0.0371
vn 0.0309 -0.9995 0.0100
vn 0.1632 -0.9865 -0.0132
vn 0.1241 -0.9864 -0.1075
vn 0.3026 -0.8573 -0.4165
vn 0.1591 -0.8573 -0.4896
vn -0.0000 -0.8573 -0.5149
vn -0.1591 -0.8573 -0.4896
vn -0.3026 -0.8573 -0.4165
vn -0.4131 -0.7115 -0.5685
vn -0.4165 -0.8573 -0.3026
vn -0.5685 -0.7115 -0.4131
vn -0.4897 -0.8573 -0.1591
vn -0.6683 -0.7115 -0.2172
vn -0.5149 -0.8573 -0.0000
vn -0.4897 -0.8573 0.1591
vn -0.4165 -0.8573 0.3026
vn -0.5685 -0.7115 0.4130
vn -0.3026 -0.8573 0.4165
vn -0.4131 -0.7115 0.5685
vn -0.1591 -0.8573 0.4897
vn -0.0000 -0.8573 0.5148
vn 0.1591 -0.8573 0.4897
vn 0.3026 -0.8573 0.4165
vn 0.4165 -0.8573 0.3027
vn 0.4897 -0.8573 0.1591
vn 0.5149 -0.8573 -0.0000
vn 0.7027 -0.7114 -0.0000
vn 0.2433 0.9667 -0.0790
vn 0.2069 0.9667 -0.1503
vn 0.1504 0.9667 -0.2070
vn 0.0790 0.9667 -0.2433
vn -0.0000 0.9667 -0.2558
vn -0.1504 0.9667 -0.2069
vn -0.2069 0.9667 -0.1504
vn -0.2558 0.9667 -0.0000
vn -0.2433 0.9667 0.0791
vn -0.2071 0.9667 0.1504
vn -0.1504 0.9667 0.2071
vn -0.0000 0.9667 0.2558
vn 0.0790 0.9667 0.2433
vn 0.1504 0.9667 0.2069
vn 0.2433 0.9667 0.0791
vn 0.2558 0.9667 -0.0000
vn 0.5591 -0.5624 -0.6092
vn 0.6920 -0.6860 -0.2248
vn 0.5886 -0.6860 -0.4277
vn 0.4277 -0.6860 -0.5886
vn 0.4425 -0.6583 -0.6090
vn 0.2248 -0.6860 -0.6920
vn 0.2329 -0.6575 -0.7166
vn -0.1635 -0.5622 -0.8107
vn -0.0000 -0.6860 -0.7276
vn -0.4060 -0.5622 -0.7205
vn -0.2248 -0.6860 -0.6920
vn -0.6092 -0.5624 -0.5591
vn -0.4276 -0.6860 -0.5886
vn -0.5886 -0.6860 -0.4276
vn -0.6096 -0.6575 -0.4429
vn -0.8215 -0.5624 -0.0944
vn -0.6920 -0.6860 -0.2248
vn -0.7276 -0.6860 -0.0000
vn -0.7535 -0.6575 -0.0000
vn -0.7200 -0.5624 0.4066
vn -0.6920 -0.6860 0.2248
vn -0.5886 -0.6860 0.4276
vn -0.6091 -0.6582 0.4425
vn -0.4276 -0.6860 0.5886
vn -0.4429 -0.6575 0.6096
vn -0.0939 -0.5625 0.8215
vn -0.2248 -0.6860 0.6920
vn -0.0000 -0.6860 0.7276
vn -0.0000 -0.6575 0.7535
vn 0.4068 -0.5625 0.7198
vn 0.2248 -0.6860 0.6920
vn 0.4277 -0.6860 0.5886
vn 0.4429 -0.6575 0.6096
vn 0.7521 -0.5624 0.3435
vn 0.5886 -0.6860 0.4276
vn 0.6920 -0.6860 0.2248
vn 0.7159 -0.6583 0.2326
vn 0.7276 -0.6860 -0.0000
vn 0.7526 -0.6585 -0.0000
vn 0.8487 -0.5205 -0.0933
vn 0.7601 -0.3425 -0.5522
vn 0.8935 -0.3425 -0.2903
vn 0.5522 -0.3425 -0.7601
vn 0.2903 -0.3425 -0.8935
vn -0.0000 -0.3425 -0.9395
vn -0.2903 -0.3425 -0.8935
vn -0.5522 -0.3425 -0.7601
vn -0.7601 -0.3425 -0.5522
vn -0.8935 -0.3425 -0.2903
vn -0.9395 -0.3425 -0.0000
vn -0.8935 -0.3425 0.2903
vn -0.7601 -0.3425 0.5522
vn -0.5522 -0.3425 0.7601
vn -0.2903 -0.3425 0.8935
vn -0.0000 -0.3425 0.9395
vn 0.2903 -0.3425 0.8935
vn 0.5522 -0.3425 0.7601
vn 0.7601 -0.3425 0.5522
vn 0.8935 -0.3425 0.2903
vn 0.9395 -0.3425 -0.0000
vn 0.8565 0.5014 -0.1223
vn 0.7601 0.3425 -0.5522
vn 0.6363 0.6175 -0.4623
vn 0.5522 0.3425 -0.7601
vn 0.4623 0.6175 -0.6363
vn 0.2903 0.3424 -0.8936
vn 0.2432 0.6169 -0.7485
vn -0.0000 0.3425 -0.9395
vn -0.0000 0.6175 -0.7866
vn -0.2903 0.3424 -0.8936
vn -0.2431 0.6175 -0.7481
vn -0.4623 0.6175 -0.6363
vn -0.7601 0.3424 -0.5522
vn -0.6364 0.6175 -0.4623
vn -0.8936 0.3424 -0.2903
vn -0.7478 0.6179 -0.2430
vn -0.9395 0.3424 -0.0000
vn -0.7866 0.6175 -0.0000
vn -0.7481 0.6175 0.2431
vn -0.8936 0.3424 0.2903
vn -0.6367 0.6169 0.4626
vn -0.7601 0.3424 0.5522
vn -0.4622 0.6179 0.6361
vn -0.2903 0.3425 0.8935
vn -0.2430 0.6175 0.7481
vn -0.0000 0.6169 0.7870
vn -0.0000 0.3425 0.9395
vn 0.2431 0.6175 0.7481
vn 0.2903 0.3425 0.8935
vn 0.4623 0.6175 0.6363
vn 0.7601 0.3424 0.5522
vn 0.6360 0.6180 0.4621
vn 0.7481 0.6175 0.2431
vn 0.9395 0.3424 -0.0000
vn 0.7866 0.6175 -0.0000
vn 0.8936 0.3424 -0.2903
vn 0.8082 0.0014 -0.5890
vn 0.9511 0.0014 -0.3090
vn 0.5866 0.0025 -0.8099
vn 0.3076 0.0006 -0.9515
vn -0.0014 0.0025 -1.0000
vn -0.3104 0.0006 -0.9506
vn -0.5890 0.0014 -0.8082
vn -0.8098 0.0025 -0.5866
vn -0.9515 0.0014 -0.3076
vn -1.0000 0.0014 0.0014
vn -0.9506 0.0014 0.3104
vn -0.8082 0.0006 0.5890
vn -0.5866 0.0025 0.8099
vn -0.3077 0.0014 0.9515
vn 0.0014 0.0006 1.0000
vn 0.3104 0.0014 0.9506
vn 0.5889 0.0025 0.8082
vn 0.8099 0.0006 0.5866
vn 0.9515 0.0025 0.3076
vn 1.0000 0.0006 -0.0015
vn 0.6876 0.5951 -0.4161
vn 0.5256 0.5952 -0.6078
vn 0.3111 0.5948 -0.7412
vn -0.0000 0.6311 -0.7757
vn -0.2396 0.6314 -0.7375
vn -0.4562 0.6306 -0.6279
vn -0.6273 0.6314 -0.4558
vn -0.7375 0.6314 -0.2396
vn -0.8010 0.5949 -0.0670
vn -0.7825 0.5951 0.1832
vn -0.6875 0.5950 0.4163
vn -0.4556 0.6317 0.6271
vn -0.3117 0.5951 0.7408
vn -0.0668 0.5948 0.8011
vn 0.2396 0.6314 0.7375
vn 0.4562 0.6306 0.6279
vn 0.6274 0.6314 0.4558
vn 0.7405 0.5952 0.3121
vn 0.8008 0.5951 0.0676
vn 0.7321 0.6230 -0.2754
vn 0.7584 0.3483 -0.5510
vn 0.8915 0.3483 -0.2897
vn 0.5510 0.3483 -0.7584
vn 0.2897 0.3483 -0.8915
vn -0.0000 0.3483 -0.9374
vn -0.2897 0.3483 -0.8915
vn -0.5510 0.3483 -0.7584
vn -0.7584 0.3483 -0.5510
vn -0.8915 0.3483 -0.2897
vn -0.9374 0.3483 -0.0000
vn -0.8915 0.3483 0.2897
vn -0.7584 0.3483 0.5510
vn -0.5510 0.3483 0.7584
vn -0.2897 0.3483 0.8915
vn -0.0000 0.3483 0.9374
vn 0.2897 0.3483 0.8915
vn 0.5510 0.3483 0.7584
vn 0.7584 0.3483 0.5510
vn 0.8915 0.3483 0.2897
vn 0.9374 0.3483 -0.0000
vn 0.8910 -0.0000 -0.4540
vn 0.7071 -0.0000 -0.7071
vn 0.4540 -0.0000 -0.8910
vn 0.1564 -0.0000 -0.9877
vn -0.1564 -0.0000 -0.9877
vn -0.4540 -0.0000 -0.8910
vn -0.7071 -0.0000 -0.7071
vn -0.8910 -0.0000 -0.4540
vn -0.9877 -0.0000 -0.1564
vn -0.9877 -0.0000 0.1564
vn -0.8910 -0.0000 0.4540
vn -0.7071 -0.0000 0.7071
vn -0.4539 -0.0000 0.8910
vn -0.4540 -0.0000 0.8910
vn -0.1565 -0.0000 0.9877
vn 0.1564 -0.0000 0.9877
vn 0.4540 -0.0000 0.8910
vn 0.7071 -0.0000 0.7071
vn 0.8910 -0.0000 0.4540
vn 0.9877 -0.0000 0.1564
vn 0.9877 -0.0000 -0.1564
vn 0.5685 0.7115 -0.4131
vn -0.6683 0.7115 0.2171
vn 0.2171 0.7115 0.6683
vn 0.5685 -0.7115 -0.4131
vn 0.4131 -0.7115 -0.5685
vn 0.2172 -0.7115 -0.6683
vn -0.6683 -0.7114 -0.2172
vn -0.7027 -0.7114 -0.0000
vn -0.6683 -0.7115 0.2172
vn 0.4131 -0.7115 0.5685
vn 0.6683 -0.7115 0.2172
vn -0.7027 0.7114 -0.0000
vn 0.4131 0.7115 0.5685
vn 0.3090 0.0001 -0.9511
vn -0.3090 -0.0001 -0.9511
vn -0.5878 -0.0001 -0.8090
vn -0.5878 0.0001 0.8090
vn -0.3090 0.0001 0.9511
vn -0.0000 -0.0002 1.0000
vn -0.0000 -0.0001 1.0000
vn 0.3090 0.0003 0.9511
vn 0.5878 0.0001 0.8090
vn 0.5175 0.8390 -0.1681
vn 0.4493 0.8316 -0.3264
vn 0.4402 0.8390 -0.3198
vn 0.3264 0.8317 -0.4492
vn 0.3198 0.8390 -0.4402
vn 0.1681 0.8390 -0.5175
vn 0.1717 0.8315 -0.5283
vn -0.0000 0.8317 -0.5553
vn -0.0000 0.8390 -0.5441
vn -0.1716 0.8316 -0.5282
vn -0.1682 0.8390 -0.5175
vn -0.3263 0.8317 -0.4492
vn -0.3198 0.8390 -0.4402
vn -0.4402 0.8390 -0.3198
vn -0.4493 0.8316 -0.3265
vn -0.5281 0.8317 -0.1716
vn -0.5175 0.8390 -0.1681
vn -0.5441 0.8390 -0.0000
vn -0.5553 0.8316 -0.0000
vn -0.5175 0.8390 0.1681
vn -0.5281 0.8317 0.1716
vn -0.4402 0.8390 0.3198
vn -0.4493 0.8316 0.3264
vn -0.3198 0.8390 0.4402
vn -0.3265 0.8316 0.4493
vn -0.1716 0.8316 0.5281
vn -0.1681 0.8390 0.5175
vn -0.0000 0.8317 0.5552
vn -0.0000 0.8390 0.5441
vn 0.1681 0.8390 0.5175
vn 0.1716 0.8316 0.5282
vn 0.3264 0.8316 0.4492
vn 0.3198 0.8390 0.4402
vn 0.4493 0.8316 0.3264
vn 0.4402 0.8390 0.3198
vn 0.5282 0.8316 0.1716
vn 0.5175 0.8390 0.1681
vn 0.5552 0.8317 -0.0000
vn 0.5441 0.8390 -0.0000
vn 0.6077 0.7863 -0.1111
vn 0.5521 -0.6687 -0.4981
vn 0.6632 -0.7168 -0.2155
vn 0.5641 -0.7168 -0.4099
vn 0.3709 -0.6688 -0.6443
vn 0.4099 -0.7168 -0.5641
vn 0.2155 -0.7168 -0.6632
vn 0.2179 -0.7092 -0.6705
vn -0.0786 -0.6687 -0.7393
vn -0.0000 -0.7168 -0.6973
vn -0.3032 -0.6687 -0.6788
vn -0.2155 -0.7168 -0.6632
vn -0.4981 -0.6687 -0.5520
vn -0.4099 -0.7168 -0.5641
vn -0.5641 -0.7168 -0.4099
vn -0.5703 -0.7092 -0.4144
vn -0.7274 -0.6687 -0.1538
vn -0.6632 -0.7168 -0.2155
vn -0.6973 -0.7168 -0.0000
vn -0.7051 -0.7092 -0.0000
vn -0.6632 -0.7168 0.2155
vn -0.6705 -0.7092 0.2179
vn -0.5641 -0.7168 0.4098
vn -0.5704 -0.7092 0.4144
vn -0.4099 -0.7168 0.5641
vn -0.4144 -0.7091 0.5704
vn -0.1537 -0.6687 0.7274
vn -0.2154 -0.7168 0.6632
vn 0.0786 -0.6688 0.7393
vn -0.0000 -0.7168 0.6973
vn 0.2154 -0.7168 0.6632
vn 0.2179 -0.7091 0.6706
vn 0.4982 -0.6688 0.5518
vn 0.4099 -0.7168 0.5641
vn 0.6443 -0.6688 0.3710
vn 0.5641 -0.7168 0.4098
vn 0.7274 -0.6688 0.1537
vn 0.6632 -0.7168 0.2155
vn 0.7393 -0.6687 -0.0786
vn 0.6973 -0.7168 -0.0000
vn 0.6799 -0.7066 -0.1961
vn 0.7347 -0.4187 -0.5338
vn 0.5338 -0.4187 -0.7347
vn 0.5860 -0.0786 -0.8065
vn 0.8065 -0.0786 -0.5860
vn 0.5659 0.2707 -0.7788
vn 0.7788 0.2707 -0.5658
vn 0.6553 0.5864 -0.4762
vn 0.4760 0.5867 -0.6551
vn 0.9481 -0.0786 -0.3081
vn 0.8638 -0.4187 -0.2803
vn 0.9156 0.2707 -0.2975
vn 0.7702 0.5867 -0.2502
vn 0.2807 -0.4184 -0.8638
vn 0.3081 -0.0786 -0.9481
vn 0.2975 0.2703 -0.9156
vn 0.2502 0.5867 -0.7702
vn -0.0000 -0.4183 -0.9083
vn -0.0000 -0.0786 -0.9969
vn -0.0000 0.2707 -0.9627
vn -0.0004 0.5867 -0.8098
vn -0.2807 -0.4183 -0.8639
vn -0.3081 -0.0786 -0.9481
vn -0.2975 0.2707 -0.9155
vn -0.2503 0.5867 -0.7702
vn -0.5338 -0.4184 -0.7348
vn -0.5860 -0.0786 -0.8065
vn -0.5658 0.2707 -0.7788
vn -0.4763 0.5867 -0.6550
vn -0.7347 -0.4187 -0.5338
vn -0.8065 -0.0786 -0.5860
vn -0.7788 0.2707 -0.5659
vn -0.6551 0.5867 -0.4760
vn -0.8638 -0.4184 -0.2807
vn -0.9481 -0.0786 -0.3080
vn -0.9156 0.2707 -0.2975
vn -0.7702 0.5867 -0.2502
vn -0.9081 -0.4187 -0.0000
vn -0.9969 -0.0786 -0.0000
vn -0.9627 0.2707 -0.0000
vn -0.8098 0.5867 0.0004
vn -0.8639 -0.4183 0.2807
vn -0.9481 -0.0786 0.3081
vn -0.9155 0.2707 0.2975
vn -0.7702 0.5867 0.2502
vn -0.7347 -0.4187 0.5338
vn -0.8065 -0.0786 0.5859
vn -0.7789 0.2703 0.5659
vn -0.6552 0.5867 0.4760
vn -0.5338 -0.4187 0.7347
vn -0.5860 -0.0786 0.8065
vn -0.5658 0.2707 0.7788
vn -0.4756 0.5867 0.6554
vn -0.2806 -0.4184 0.8638
vn -0.3080 -0.0786 0.9481
vn -0.2974 0.2707 0.9156
vn -0.2502 0.5867 0.7702
vn -0.0000 -0.4187 0.9081
vn -0.0000 -0.0786 0.9969
vn -0.0000 0.2707 0.9627
vn -0.0000 0.5867 0.8098
vn 0.2806 -0.4183 0.8639
vn 0.3080 -0.0782 0.9482
vn 0.2974 0.2707 0.9156
vn 0.2506 0.5867 0.7701
vn 0.5338 -0.4187 0.7347
vn 0.5860 -0.0786 0.8065
vn 0.5659 0.2707 0.7788
vn 0.4761 0.5864 0.6553
vn 0.7348 -0.4184 0.5339
vn 0.8065 -0.0786 0.5859
vn 0.7788 0.2707 0.5658
vn 0.6552 0.5867 0.4760
vn 0.8637 -0.4187 0.2806
vn 0.9481 -0.0786 0.3081
vn 0.9155 0.2707 0.2975
vn 0.7703 0.5867 0.2499
vn 0.9081 -0.4187 -0.0000
vn 0.9969 -0.0782 -0.0000
vn 0.9627 0.2707 -0.0000
vn 0.8098 0.5867 -0.0004
vn 0.9042 0.3099 -0.2938
vn 0.7692 0.3099 -0.5589
vn 0.5589 0.3099 -0.7692
vn 0.2938 0.3099 -0.9042
vn -0.0000 0.3099 -0.9508
vn -0.2938 0.3099 -0.9042
vn -0.5589 0.3099 -0.7692
vn -0.5588 0.3099 -0.7692
vn -0.7692 0.3099 -0.5589
vn -0.9042 0.3099 -0.2938
vn -0.9508 0.3099 -0.0000
vn -0.9042 0.3099 0.2938
vn -0.7692 0.3099 0.5588
vn -0.5588 0.3099 0.7692
vn -0.2937 0.3099 0.9043
vn -0.0000 0.3099 0.9508
vn 0.2938 0.3099 0.9043
vn 0.5589 0.3099 0.7692
vn 0.7692 0.3099 0.5588
vn 0.9042 0.3099 0.2938
vn 0.9508 0.3099 -0.0000
vn 0.9500 0.0468 -0.3087
vn 0.8081 0.0468 -0.5871
vn 0.5871 0.0468 -0.8081
vn 0.5872 0.0468 -0.8081
vn 0.3087 0.0468 -0.9500
vn -0.0000 0.0468 -0.9989
vn -0.3087 0.0468 -0.9500
vn -0.5871 0.0468 -0.8082
vn -0.5871 0.0468 -0.8081
vn -0.8081 0.0468 -0.5871
vn -0.8081 0.0468 -0.5872
vn -0.9500 0.0468 -0.3087
vn -0.9989 0.0468 -0.0000
vn -0.9500 0.0468 0.3087
vn -0.8081 0.0468 0.5871
vn -0.5871 0.0468 0.8082
vn -0.5871 0.0468 0.8081
vn -0.3087 0.0468 0.9500
vn -0.3086 0.0468 0.9500
vn -0.0002 0.0468 0.9989
vn -0.0000 0.0468 0.9989
vn 0.3086 0.0468 0.9500
vn 0.5872 0.0468 0.8081
vn 0.8082 0.0468 0.5871
vn 0.9500 0.0468 0.3087
vn 0.9989 0.0468 -0.0000
vn -0.0001 -0.0000 -1.0000
vn -0.5877 -0.0000 0.8091
vn -0.0002 -0.0000 1.0000
vn 0.5879 -0.0000 0.8089
vn 0.8090 -0.0000 0.5877
vn 0.9511 -0.0001 -0.3090
vn -0.8090 -0.0001 0.5878
vn -0.5877 -0.0001 0.8091
vn -0.3090 -0.0001 0.9511
vn -0.0002 -0.0001 1.0000
vn 0.8091 -0.0000 0.5877
vn 0.9510 -0.0000 0.3090
vn 0.2475 0.9667 0.0654
vn 0.3063 0.9256 -0.2225
vn 0.0575 0.9975 -0.0418
vn 0.0433 0.9973 -0.0596
vn 0.0220 0.9975 -0.0676
vn -0.0000 0.9973 -0.0736
vn -0.0224 0.9974 -0.0688
vn -0.0418 0.9975 -0.0575
vn -0.0596 0.9973 -0.0433
vn -0.0676 0.9975 -0.0220
vn -0.0736 0.9973 -0.0000
vn -0.0688 0.9974 0.0224
vn -0.0575 0.9975 0.0418
vn -0.0433 0.9973 0.0596
vn -0.0224 0.9974 0.0688
vn -0.0000 0.9975 0.0711
vn 0.0227 0.9973 0.0700
vn 0.0425 0.9974 0.0585
vn 0.0575 0.9975 0.0418
vn 0.0688 0.9974 0.0224
vn 0.0723 0.9974 -0.0000
vn 0.1170 0.9256 -0.3600
vn -0.1170 0.9256 -0.3600
vn -0.2225 0.9256 -0.3063
vn -0.3601 0.9256 -0.1170
vn -0.3600 0.9256 0.1170
vn -0.3063 0.9256 0.2225
vn -0.1170 0.9256 0.3601
vn -0.0000 0.9256 0.3786
vn 0.2225 0.9256 0.3063
vn 0.3063 0.9256 0.2225
vn 0.3600 0.9256 0.1170
vn 0.3786 0.9256 -0.0000
vn 0.3600 0.9256 -0.1170
vn 0.8771 0.3867 -0.2850
vn 0.8045 0.1057 -0.5845
vn 0.7461 0.3868 -0.5420
vn 0.8771 -0.3867 -0.2850
vn 0.8045 -0.1056 -0.5845
vn 0.9457 -0.1056 -0.3073
vn 0.9527 0.1090 -0.2838
vn 0.5845 -0.1055 -0.8045
vn 0.5845 0.1058 -0.8045
vn 0.2837 0.1089 -0.9527
vn 0.3073 -0.1058 -0.9457
vn -0.0000 -0.1056 -0.9944
vn -0.0000 0.1056 -0.9944
vn -0.3073 -0.1057 -0.9457
vn -0.3073 0.1056 -0.9457
vn -0.5845 -0.1056 -0.8045
vn -0.5845 0.1056 -0.8045
vn -0.8045 -0.1055 -0.5845
vn -0.8045 0.1056 -0.5845
vn -0.9457 -0.1056 -0.3073
vn -0.9457 0.1056 -0.3073
vn -0.9944 -0.1057 -0.0000
vn -0.9944 0.1057 -0.0000
vn -0.9457 -0.1056 0.3073
vn -0.9457 0.1056 0.3073
vn -0.8045 -0.1056 0.5845
vn -0.8045 0.1056 0.5845
vn -0.5845 -0.1056 0.8045
vn -0.5845 0.1056 0.8045
vn -0.3072 -0.1056 0.9458
vn -0.3072 0.1056 0.9458
vn -0.0000 -0.1056 0.9944
vn -0.0000 0.1057 0.9944
vn 0.3072 -0.1055 0.9458
vn 0.3072 0.1055 0.9458
vn 0.5845 -0.1056 0.8045
vn 0.5845 0.1056 0.8045
vn 0.8045 -0.1056 0.5845
vn 0.8045 0.1056 0.5845
vn 0.9457 -0.1056 0.3073
vn 0.9457 0.1056 0.3073
vn 0.9944 -0.1055 -0.0000
vn 0.9944 0.1056 -0.0000
vn 0.5420 0.3868 -0.7461
vn 0.5421 -0.3868 -0.7461
vn 0.2850 0.3868 -0.8770
vn 0.2850 -0.3868 -0.8770
vn -0.0000 0.3868 -0.9222
vn -0.0000 -0.3868 -0.9222
vn -0.2850 0.3868 -0.8770
vn -0.5420 0.3867 -0.7461
vn -0.5420 -0.3867 -0.7461
vn -0.7460 0.3868 -0.5421
vn -0.7461 -0.3868 -0.5421
vn -0.8770 0.3868 -0.2850
vn -0.9222 0.3868 -0.0000
vn -0.8770 -0.3868 -0.2850
vn -0.8770 0.3868 0.2850
vn -0.8770 -0.3868 0.2850
vn -0.7461 0.3867 0.5420
vn -0.5420 0.3867 0.7461
vn -0.7461 -0.3867 0.5420
vn -0.2849 0.3868 0.8771
vn -0.5420 -0.3867 0.7461
vn -0.0000 0.3867 0.9222
vn -0.2849 -0.3868 0.8771
vn 0.2849 0.3867 0.8771
vn 0.2849 -0.3868 0.8771
vn 0.5421 0.3867 0.7460
vn 0.7461 0.3867 0.5420
vn 0.5421 -0.3867 0.7460
vn 0.8770 0.3868 0.2850
vn 0.8770 -0.3868 0.2850
vn 0.9222 0.3867 -0.0000
vn 0.9222 -0.3867 -0.0000
vn 0.0661 -0.9971 -0.0376
vn 0.3064 -0.9255 -0.2226
vn 0.3602 -0.9255 -0.1171
vn 0.1047 -0.9631 -0.2478
vn 0.0220 -0.9975 -0.0677
vn -0.0007 -0.9723 -0.2336
vn -0.0224 -0.9974 -0.0689
vn -0.1372 -0.9724 -0.1887
vn -0.0418 -0.9975 -0.0576
vn -0.0677 -0.9975 -0.0220
vn -0.2333 -0.9724 0.0001
vn -0.0680 -0.9974 0.0221
vn -0.1887 -0.9724 0.1372
vn -0.0582 -0.9974 0.0423
vn -0.0224 -0.9974 0.0689
vn 0.0001 -0.9724 0.2333
vn -0.0000 -0.9975 0.0711
vn 0.0426 -0.9974 0.0586
vn 0.1888 -0.9724 0.1370
vn 0.0582 -0.9974 0.0423
vn 0.2220 -0.9723 -0.0735
vn 0.1883 -0.9722 -0.1394
vn 0.2227 -0.9255 -0.3064
vn 0.1171 -0.9255 -0.3602
vn -0.0000 -0.9255 -0.3788
vn -0.1171 -0.9255 -0.3602
vn -0.2226 -0.9255 -0.3064
vn -0.3064 -0.9255 -0.2226
vn -0.3602 -0.9255 -0.1170
vn -0.3788 -0.9255 -0.0000
vn -0.3602 -0.9255 0.1171
vn -0.3064 -0.9255 0.2226
vn -0.2226 -0.9255 0.3065
vn -0.1170 -0.9255 0.3603
vn -0.0000 -0.9255 0.3788
vn 0.1170 -0.9255 0.3602
vn 0.2227 -0.9255 0.3064
vn 0.3064 -0.9255 0.2226
vn 0.3602 -0.9255 0.1170
vn 0.3788 -0.9255 -0.0000
vn 0.7290 0.6422 -0.2369
vn 0.6385 0.6140 -0.4639
vn 0.6201 0.6422 -0.4505
vn 0.4506 0.6422 -0.6201
vn 0.4640 0.6139 -0.6386
vn 0.2369 0.6422 -0.7290
vn 0.2440 0.6137 -0.7509
vn -0.0000 0.6139 -0.7894
vn -0.0000 0.6422 -0.7665
vn -0.2439 0.6141 -0.7506
vn -0.2369 0.6422 -0.7290
vn -0.4505 0.6422 -0.6201
vn -0.4640 0.6138 -0.6387
vn -0.6201 0.6422 -0.4505
vn -0.6388 0.6137 -0.4641
vn -0.7507 0.6140 -0.2439
vn -0.7290 0.6422 -0.2369
vn -0.7665 0.6422 -0.0000
vn -0.7894 0.6139 -0.0000
vn -0.7290 0.6422 0.2369
vn -0.7508 0.6139 0.2439
vn -0.6201 0.6422 0.4505
vn -0.6386 0.6139 0.4640
vn -0.4505 0.6422 0.6202
vn -0.4640 0.6137 0.6388
vn -0.2439 0.6140 0.7507
vn -0.2368 0.6422 0.7290
vn -0.0001 0.6422 0.7665
vn -0.0001 0.6139 0.7894
vn 0.2368 0.6423 0.7290
vn 0.2439 0.6137 0.7509
vn 0.4641 0.6138 0.6386
vn 0.4506 0.6422 0.6201
vn 0.6385 0.6141 0.4639
vn 0.6201 0.6422 0.4505
vn 0.7290 0.6422 0.2369
vn 0.7508 0.6139 0.2440
vn 0.7665 0.6422 -0.0000
vn 0.7894 0.6139 -0.0000
vn 0.8180 0.5477 -0.1758
vn 0.6243 -0.5989 -0.5016
vn 0.7268 -0.6450 -0.2361
vn 0.6182 -0.6450 -0.4492
vn 0.4492 -0.6450 -0.6182
vn 0.4668 -0.6078 -0.6424
vn 0.2361 -0.6450 -0.7268
vn 0.2454 -0.6075 -0.7554
vn -0.0388 -0.5987 -0.8000
vn -0.0000 -0.6450 -0.7642
vn -0.2841 -0.5988 -0.7488
vn -0.2361 -0.6450 -0.7268
vn -0.4491 -0.6450 -0.6182
vn -0.4668 -0.6077 -0.6425
vn -0.6182 -0.6450 -0.4492
vn -0.6426 -0.6076 -0.4668
vn -0.7728 -0.5988 -0.2102
vn -0.7268 -0.6450 -0.2361
vn -0.7642 -0.6450 -0.0000
vn -0.7941 -0.6077 -0.0000
vn -0.7268 -0.6450 0.2361
vn -0.7553 -0.6077 0.2454
vn -0.6182 -0.6450 0.4492
vn -0.6427 -0.6074 0.4670
vn -0.4388 -0.5987 0.6700
vn -0.4491 -0.6450 0.6182
vn -0.2102 -0.5988 0.7728
vn -0.2361 -0.6450 0.7268
vn -0.0001 -0.6450 0.7642
vn -0.0001 -0.6077 0.7941
vn 0.2361 -0.6450 0.7268
vn 0.2454 -0.6076 0.7554
vn 0.5017 -0.5987 0.6244
vn 0.4492 -0.6450 0.6182
vn 0.6700 -0.5988 0.4387
vn 0.6182 -0.6450 0.4491
vn 0.7267 -0.6450 0.2361
vn 0.7553 -0.6078 0.2454
vn 0.7642 -0.6450 -0.0000
vn 0.7943 -0.6075 -0.0000
vn 0.7900 -0.5819 -0.1930
vn 0.7880 -0.2276 -0.5721
vn 0.5724 -0.2274 -0.7878
vn 0.7885 0.2239 -0.5729
vn 0.5725 0.2242 -0.7887
vn 0.9261 -0.2277 -0.3009
vn 0.9267 0.2242 -0.3015
vn 0.3009 -0.2277 -0.9261
vn 0.3011 0.2242 -0.9268
vn -0.0001 -0.2277 -0.9737
vn -0.0001 0.2242 -0.9745
vn -0.3009 -0.2277 -0.9261
vn -0.3011 0.2242 -0.9268
vn -0.5723 -0.2277 -0.7878
vn -0.5728 0.2242 -0.7884
vn -0.7878 -0.2277 -0.5723
vn -0.7886 0.2242 -0.5726
vn -0.9261 -0.2277 -0.3009
vn -0.9268 0.2242 -0.3011
vn -0.9738 -0.2274 -0.0000
vn -0.9745 0.2242 -0.0000
vn -0.9261 -0.2277 0.3009
vn -0.9268 0.2242 0.3012
vn -0.7878 -0.2277 0.5724
vn -0.7884 0.2242 0.5728
vn -0.5723 -0.2277 0.7878
vn -0.5728 0.2242 0.7885
vn -0.3009 -0.2277 0.9261
vn -0.3011 0.2242 0.9268
vn -0.0001 -0.2277 0.9737
vn -0.0001 0.2242 0.9745
vn 0.3008 -0.2277 0.9261
vn 0.3011 0.2242 0.9269
vn 0.5724 -0.2277 0.7877
vn 0.5729 0.2242 0.7884
vn 0.7878 -0.2277 0.5723
vn 0.7886 0.2242 0.5725
vn 0.9261 -0.2277 0.3009
vn 0.9268 0.2242 0.3012
vn 0.9737 -0.2277 -0.0000
vn 0.9745 0.2242 -0.0000
vn 0.6870 0.6915 -0.2232
vn 0.5844 0.6915 -0.4246
vn 0.4246 0.6915 -0.5844
vn 0.2232 0.6915 -0.6870
vn -0.0000 0.6915 -0.7224
vn -0.2232 0.6915 -0.6870
vn -0.4246 0.6915 -0.5844
vn -0.5844 0.6915 -0.4246
vn -0.6870 0.6915 -0.2232
vn -0.7224 0.6915 -0.0000
vn -0.6870 0.6915 0.2232
vn -0.5844 0.6915 0.4246
vn -0.4246 0.6915 0.5845
vn -0.2232 0.6915 0.6870
vn -0.0001 0.6915 0.7224
vn 0.2232 0.6915 0.6870
vn 0.4247 0.6915 0.5844
vn 0.5845 0.6915 0.4246
vn 0.6870 0.6915 0.2232
vn 0.7224 0.6915 -0.0000
vn 0.9986 0.0308 -0.0439
vn 0.9315 0.1715 -0.3207
vn 0.9994 0.0197 -0.0271
vn 0.9361 0.1784 -0.3031
vn 0.7518 0.3111 -0.5814
vn 0.7846 0.3166 -0.5331
vn 0.5137 0.4081 -0.7547
vn 0.5611 0.4264 -0.7095
vn 0.2569 0.4629 -0.8484
vn 0.2901 0.4948 -0.8192
vn 0.0156 0.4791 -0.8776
vn 0.0820 -0.3116 0.9467
vn 0.3133 -0.3365 0.8880
vn 0.0334 -0.3567 0.9336
vn 0.2855 -0.2608 0.9222
vn 0.5909 -0.2813 0.7561
vn 0.5550 -0.2208 0.8020
vn 0.8082 -0.1994 0.5541
vn 0.7859 -0.1580 0.5978
vn 0.9471 -0.1030 0.3039
vn 0.9451 -0.0779 0.3175
vn 0.9993 -0.0066 0.0358
vn -0.9652 0.0969 -0.2430
vn -0.9995 0.0039 -0.0325
vn -0.9999 0.0008 -0.0154
vn -0.8386 0.2022 -0.5058
vn -0.9358 0.0892 -0.3412
vn -0.6245 0.2852 -0.7271
vn -0.7708 0.1631 -0.6159
vn -0.3356 0.3392 -0.8788
vn -0.5389 0.2166 -0.8141
vn -0.0352 0.3576 -0.9332
vn -0.2714 0.2494 -0.9296
vn -0.2535 -0.4628 0.8495
vn -0.0297 -0.5176 0.8551
vn -0.0149 -0.4786 0.8779
vn -0.5068 -0.4149 0.7556
vn -0.3228 -0.4956 0.8064
vn -0.7422 -0.3269 0.5851
vn -0.6104 -0.4228 0.6698
vn -0.9243 -0.1919 0.3300
vn -0.8306 -0.3051 0.4659
vn -0.9992 -0.0289 0.0292
vn -0.9645 -0.1500 0.2174
vn 0.9999 -0.0027 0.0127
vn 0.9994 -0.0122 0.0315
vn 0.9996 0.0159 -0.0241
vn 0.9997 -0.0045 0.0252
vn 0.9997 0.0115 -0.0234
vn 0.9996 -0.0010 0.0278
vn 0.9997 0.0099 -0.0243
vn 0.9997 0.0020 0.0247
vn 0.9993 0.0162 -0.0324
vn 0.9905 -0.0203 0.1363
vn 0.9998 0.0131 -0.0154
vn -0.9992 -0.0315 0.0241
vn -0.9996 -0.0103 0.0247
vn -0.9961 -0.0484 -0.0732
vn -0.9995 -0.0133 0.0278
vn -0.9960 -0.0390 -0.0802
vn -0.9995 -0.0168 0.0252
vn -0.9951 -0.0273 -0.0955
vn -0.9925 -0.0143 -0.1212
vn -0.9998 -0.0150 0.0127
vn 0.0275 0.5165 -0.8558
vn -0.0215 0.4788 -0.8776
vn -0.0273 0.3841 -0.9229
vn 0.0224 0.3844 -0.9229
vn 0.0255 0.2380 -0.9709
vn -0.0281 0.1546 -0.9876
vn 0.0263 0.1550 -0.9876
vn 0.0180 0.2744 -0.9614
vn 0.0307 0.3577 -0.9333
vn 0.0362 -0.5168 0.8553
vn 0.0208 -0.4784 0.8779
vn -0.0220 -0.3837 0.9232
vn 0.0269 -0.2368 0.9712
vn -0.0241 -0.2371 0.9712
vn 0.0281 -0.1548 0.9876
vn -0.0261 -0.1551 0.9876
vn -0.0196 -0.2748 0.9613
vn -0.0293 -0.3574 0.9335
vn 0.2593 -0.4598 0.8493
vn 0.3288 -0.4916 0.8064
vn 0.5120 -0.4090 0.7553
vn 0.6155 -0.4153 0.6698
vn 0.7462 -0.3181 0.5847
vn 0.8342 -0.2948 0.4660
vn 0.9266 -0.1809 0.3297
vn 0.9663 -0.1381 0.2174
vn 0.2838 0.3722 -0.8837
vn 0.5537 0.3254 -0.7666
vn 0.7838 0.2447 -0.5707
vn 0.9430 0.1330 -0.3049
vn 0.2877 -0.3643 0.8857
vn 0.0732 -0.4271 0.9012
vn 0.5560 -0.3144 0.7694
vn 0.7845 -0.2327 0.5748
vn 0.9426 -0.1233 0.3104
vn 0.3055 0.2300 -0.9240
vn 0.5844 0.1974 -0.7871
vn 0.8078 0.1446 -0.5714
vn 0.9518 0.0769 -0.2968
vn 0.3038 -0.2226 0.9264
vn 0.5791 -0.1894 0.7930
vn 0.8014 -0.1379 0.5820
vn 0.9474 -0.0721 0.3118
vn 0.3083 0.1488 -0.9396
vn 0.5873 0.1278 -0.7992
vn 0.8090 0.0942 -0.5803
vn 0.9511 0.0520 -0.3043
vn 0.3094 -0.1467 0.9396
vn 0.5878 -0.1244 0.7994
vn 0.8091 -0.0893 0.5809
vn 0.9512 -0.0443 0.3053
vn 0.2768 0.2633 -0.9242
vn 0.5413 0.2331 -0.8079
vn 0.7708 0.1810 -0.6109
vn 0.9348 0.1068 -0.3388
vn 0.3315 0.3433 -0.8788
vn 0.6210 0.2929 -0.7270
vn 0.8360 0.2125 -0.5058
vn 0.9639 0.1087 -0.2430
vn -0.3095 -0.3403 0.8879
vn -0.5875 -0.2885 0.7560
vn -0.2741 -0.2555 0.9271
vn -0.8057 -0.2093 0.5541
vn -0.5470 -0.2217 0.8072
vn -0.9458 -0.1147 0.3040
vn -0.7815 -0.1647 0.6018
vn -0.9992 -0.0189 0.0358
vn -0.9433 -0.0893 0.3198
vn -0.0812 0.3106 -0.9471
vn -0.3101 0.1450 -0.9396
vn -0.5888 0.1206 -0.7992
vn -0.8101 0.0843 -0.5803
vn -0.9511 0.0432 -0.3057
vn -0.3088 -0.1520 0.9389
vn -0.5874 -0.1328 0.7984
vn -0.8088 -0.0998 0.5795
vn -0.9511 -0.0553 0.3038
vn -0.3083 0.2263 -0.9240
vn -0.5867 0.1902 -0.7871
vn -0.8095 0.1347 -0.5714
vn -0.9535 0.0648 -0.2944
vn -0.3038 -0.2294 0.9247
vn -0.5787 -0.1996 0.7907
vn -0.8006 -0.1508 0.5799
vn -0.9466 -0.0863 0.3107
vn -0.0861 0.1909 -0.9778
vn -0.2884 0.3687 -0.8837
vn -0.5576 0.3185 -0.7666
vn -0.7868 0.2351 -0.5707
vn -0.9456 0.1183 -0.3030
vn -0.2855 -0.3693 0.8844
vn -0.5537 -0.3225 0.7677
vn -0.7822 -0.2439 0.5733
vn -0.9409 -0.1371 0.3098
vn -0.2625 0.4597 -0.8484
vn -0.5187 0.4017 -0.7547
vn -0.7556 0.3018 -0.5814
vn -0.9338 0.1583 -0.3209
vn -0.2962 0.4912 -0.8192
vn -0.5659 0.4196 -0.7098
vn -0.7886 0.3068 -0.5330
vn -0.9989 0.0185 -0.0439
vn -0.9382 0.1669 -0.3031
vn -0.0336 0.5162 0.8558
vn -0.8556 0.5169 0.0273
vn 0.8556 0.5165 -0.0336
vn -0.5534 0.3366 -0.7618
vn -0.9673 0.2150 0.1345
vn 0.9720 0.2332 0.0278
vn -0.9720 0.2332 -0.0278
vn 0.9673 0.2150 -0.1345
vn 0.1345 0.2150 0.9673
vn 0.0278 0.2332 -0.9720
vn -0.1345 0.2150 -0.9673
vn -0.0278 0.2332 0.9720
vn -0.0000 -0.7114 0.7027
vn -0.2172 0.7114 -0.6683
vn 0.5685 -0.7114 0.4131
vn 0.6684 0.7114 -0.2172
vn 0.5673 -0.2618 -0.7808
vn -0.5673 -0.2618 -0.7808
vn -0.7808 -0.2618 0.5673
vn -0.2982 -0.2618 0.9179
vn 0.5673 -0.2618 0.7808
vn -0.0790 0.9667 -0.2433
vn -0.2434 0.9667 -0.0791
vn -0.0791 0.9667 0.2432
vn 0.2069 0.9667 0.1503
vn -0.5522 0.3425 -0.7601
vn -0.5522 0.3425 0.7601
vn 0.5523 0.3425 0.7601
vn 0.8936 0.3424 0.2903
vn 0.2225 0.9256 -0.3063
vn -0.0000 0.9256 -0.3786
vn -0.3063 0.9256 -0.2225
vn -0.3786 0.9256 -0.0000
vn -0.2225 0.9256 0.3063
vn 0.1170 0.9256 0.3601
vn 0.7461 -0.3867 -0.5421
vn -0.2850 -0.3868 -0.8770
vn -0.9222 -0.3868 -0.0000
vn -0.0000 -0.3867 0.9222
vn 0.7461 -0.3867 0.5420
vn -0.0337 0.5165 -0.8556
vt 0.569712 0.538194
vt 0.551567 0.491544
vt 0.551567 0.482949
vt 0.789767 0.227753
vt 0.785455 0.177929
vt 0.789767 0.170175
vt 0.785455 0.237611
vt 0.778738 0.184082
vt 0.778738 0.245435
vt 0.770274 0.188033
vt 0.770274 0.250458
vt 0.760892 0.189394
vt 0.648764 0.441814
vt 0.658146 0.484413
vt 0.648764 0.486067
vt 0.658146 0.440449
vt 0.666610 0.479614
vt 0.666610 0.436488
vt 0.673327 0.472138
vt 0.673327 0.430318
vt 0.677640 0.462718
vt 0.476428 0.299869
vt 0.456244 0.270137
vt 0.456244 0.259695
vt 0.061674 0.068355
vt 0.101389 0.088539
vt 0.051232 0.068355
vt 0.688678 0.009420
vt 0.684366 0.048333
vt 0.684366 0.000000
vt 0.695395 0.016896
vt 0.688678 0.056107
vt 0.703859 0.021696
vt 0.695395 0.062277
vt 0.713241 0.023350
vt 0.703859 0.066238
vt 0.591731 0.318661
vt 0.601114 0.257228
vt 0.601114 0.320023
vt 0.583267 0.314711
vt 0.591731 0.255498
vt 0.576550 0.308557
vt 0.583267 0.250475
vt 0.572238 0.300804
vt 0.576550 0.242651
vt 0.170509 0.163678
vt 0.229925 0.181824
vt 0.161914 0.163678
vt 0.569712 0.500547
vt 0.551567 0.430203
vt 0.534475 0.433502
vt 0.534475 0.384563
vt 0.515058 0.393381
vt 0.515058 0.345619
vt 0.493340 0.375345
vt 0.493340 0.327393
vt 0.476428 0.361083
vt 0.476428 0.308487
vt 0.456244 0.310927
vt 0.048792 0.088539
vt 0.067698 0.105451
vt 0.115651 0.105451
vt 0.085925 0.127169
vt 0.133686 0.127169
vt 0.124868 0.146586
vt 0.173807 0.146586
vt 0.223255 0.163678
vt 0.240853 0.181824
vt 0.713241 0.252189
vt 0.713241 0.189394
vt 0.760892 0.141850
vt 0.713241 0.102318
vt 0.760892 0.102318
vt 0.760892 0.084187
vt 0.713241 0.084187
vt 0.760892 0.067603
vt 0.713241 0.067603
vt 0.760892 0.023350
vt 0.648764 0.320023
vt 0.648764 0.367567
vt 0.601114 0.367567
vt 0.601114 0.407099
vt 0.648764 0.407099
vt 0.601114 0.425230
vt 0.648764 0.425230
vt 0.601114 0.441814
vt 0.601114 0.486067
vt 0.648764 0.257228
vt 0.658146 0.318661
vt 0.658146 0.255498
vt 0.666610 0.314711
vt 0.666610 0.250475
vt 0.673327 0.308557
vt 0.673327 0.242651
vt 0.677640 0.300804
vt 0.569712 0.489619
vt 0.551567 0.421608
vt 0.770274 0.140396
vt 0.778738 0.136175
vt 0.785455 0.129600
vt 0.534475 0.442685
vt 0.789767 0.121316
vt 0.658146 0.366113
vt 0.666610 0.361891
vt 0.673327 0.355317
vt 0.677640 0.347033
vt 0.534475 0.375379
vt 0.770274 0.100835
vt 0.778738 0.096530
vt 0.785455 0.089826
vt 0.515058 0.402746
vt 0.789767 0.081377
vt 0.658146 0.405616
vt 0.666610 0.401311
vt 0.673327 0.394606
vt 0.677640 0.386158
vt 0.515058 0.336254
vt 0.770274 0.082708
vt 0.778738 0.078417
vt 0.785455 0.071734
vt 0.493340 0.384681
vt 0.493340 0.393103
vt 0.658146 0.423751
vt 0.666610 0.419460
vt 0.673327 0.412777
vt 0.515058 0.327806
vt 0.493340 0.318057
vt 0.493340 0.309635
vt 0.770274 0.066238
vt 0.778738 0.062277
vt 0.785455 0.056107
vt 0.476428 0.369702
vt 0.476428 0.377476
vt 0.476428 0.292094
vt 0.770274 0.021696
vt 0.778738 0.016896
vt 0.785455 0.009420
vt 0.456244 0.321369
vt 0.789767 0.048333
vt 0.789767 0.000000
vt 0.591731 0.484413
vt 0.583267 0.479614
vt 0.591731 0.440449
vt 0.576550 0.472138
vt 0.583267 0.436488
vt 0.572238 0.462718
vt 0.576550 0.430318
vt 0.010442 0.068355
vt 0.040174 0.088539
vt 0.000000 0.068355
vt 0.703859 0.082708
vt 0.695395 0.078417
vt 0.688678 0.071734
vt 0.110007 0.088539
vt 0.117781 0.088539
vt 0.124986 0.105451
vt 0.591731 0.423751
vt 0.583267 0.419460
vt 0.049941 0.105451
vt 0.032400 0.088539
vt 0.058363 0.105451
vt 0.703859 0.100835
vt 0.695395 0.096530
vt 0.688678 0.089826
vt 0.133408 0.105451
vt 0.143052 0.127169
vt 0.591731 0.405616
vt 0.576550 0.412777
vt 0.583267 0.401311
vt 0.068111 0.127169
vt 0.076560 0.127169
vt 0.703859 0.140396
vt 0.695395 0.136175
vt 0.688678 0.129600
vt 0.684366 0.121316
vt 0.684366 0.081377
vt 0.591731 0.366113
vt 0.576550 0.394606
vt 0.583267 0.361891
vt 0.572238 0.386158
vt 0.576550 0.355317
vt 0.115685 0.146586
vt 0.713241 0.141850
vt 0.703859 0.188033
vt 0.695395 0.184082
vt 0.688678 0.177929
vt 0.182990 0.146586
vt 0.684366 0.170175
vt 0.572238 0.347033
vt 0.703859 0.250458
vt 0.695395 0.245435
vt 0.688678 0.237611
vt 0.231850 0.163678
vt 0.278500 0.181824
vt 0.684366 0.227753
vt 0.000000 0.203086
vt 0.018145 0.249736
vt 0.018145 0.258331
vt 0.793634 0.477351
vt 0.789321 0.427527
vt 0.793634 0.419773
vt 0.789321 0.487209
vt 0.782604 0.433680
vt 0.782604 0.495033
vt 0.774140 0.437631
vt 0.774140 0.500055
vt 0.764758 0.438992
vt 0.028876 0.505989
vt 0.019493 0.463389
vt 0.028876 0.461735
vt 0.019493 0.507354
vt 0.011030 0.468189
vt 0.011030 0.511315
vt 0.004313 0.475665
vt 0.004313 0.517485
vt 0.000000 0.485085
vt 0.093284 0.441411
vt 0.113469 0.471143
vt 0.113469 0.481586
vt 0.185401 0.307403
vt 0.225116 0.327588
vt 0.174959 0.307403
vt 0.692545 0.259018
vt 0.688232 0.297930
vt 0.688232 0.249598
vt 0.699262 0.266494
vt 0.692545 0.305705
vt 0.707725 0.271293
vt 0.699262 0.311875
vt 0.717108 0.272947
vt 0.707725 0.315836
vt 0.085908 0.629141
vt 0.076526 0.690574
vt 0.076526 0.627780
vt 0.094372 0.633092
vt 0.085908 0.692305
vt 0.101089 0.639245
vt 0.094372 0.697328
vt 0.105402 0.646999
vt 0.101089 0.705151
vt 0.294236 0.402727
vt 0.353652 0.420872
vt 0.285641 0.402727
vt 0.000000 0.240733
vt 0.018145 0.311077
vt 0.035238 0.307779
vt 0.035238 0.356718
vt 0.054655 0.347899
vt 0.054655 0.395661
vt 0.076373 0.365935
vt 0.076373 0.413887
vt 0.093284 0.380197
vt 0.093285 0.432793
vt 0.113469 0.430354
vt 0.172519 0.327588
vt 0.191426 0.344499
vt 0.239378 0.344500
vt 0.209652 0.366217
vt 0.257414 0.366217
vt 0.248595 0.385634
vt 0.297534 0.385634
vt 0.346982 0.402727
vt 0.364580 0.420872
vt 0.764758 0.501786
vt 0.717108 0.438992
vt 0.764758 0.391448
vt 0.717108 0.391448
vt 0.764758 0.351916
vt 0.717108 0.351916
vt 0.764758 0.333785
vt 0.717108 0.317201
vt 0.764758 0.317201
vt 0.764758 0.272947
vt 0.028876 0.627780
vt 0.028876 0.580236
vt 0.076526 0.580236
vt 0.028876 0.540704
vt 0.076526 0.540704
vt 0.028876 0.522573
vt 0.076526 0.522573
vt 0.076526 0.505989
vt 0.076526 0.461735
vt 0.028876 0.690574
vt 0.019493 0.629141
vt 0.019493 0.692305
vt 0.011030 0.633092
vt 0.011030 0.697328
vt 0.004313 0.639245
vt 0.004313 0.705151
vt 0.000000 0.646999
vt 0.000000 0.251661
vt 0.018145 0.319672
vt 0.774140 0.389993
vt 0.782604 0.385772
vt 0.789321 0.379198
vt 0.035238 0.298595
vt 0.793634 0.370914
vt 0.019493 0.581690
vt 0.011030 0.585911
vt 0.004313 0.592485
vt 0.000000 0.600770
vt 0.035238 0.365901
vt 0.774140 0.350433
vt 0.782604 0.346128
vt 0.789321 0.339423
vt 0.054655 0.338534
vt 0.793634 0.330975
vt 0.019493 0.542187
vt 0.011030 0.546492
vt 0.004313 0.553196
vt 0.000000 0.561645
vt 0.054655 0.405026
vt 0.774140 0.332306
vt 0.782604 0.328015
vt 0.789321 0.321331
vt 0.076373 0.356599
vt 0.076373 0.348178
vt 0.019493 0.524051
vt 0.011030 0.528342
vt 0.004313 0.535026
vt 0.054655 0.413474
vt 0.076373 0.423223
vt 0.076373 0.431645
vt 0.774140 0.315836
vt 0.782604 0.311875
vt 0.789321 0.305705
vt 0.093284 0.371579
vt 0.093284 0.363804
vt 0.093284 0.449186
vt 0.774140 0.271293
vt 0.782604 0.266494
vt 0.789321 0.259018
vt 0.113469 0.419911
vt 0.793634 0.297930
vt 0.793634 0.249598
vt 0.085908 0.463389
vt 0.094372 0.468189
vt 0.085908 0.507354
vt 0.101089 0.475665
vt 0.094372 0.511315
vt 0.105402 0.485085
vt 0.101089 0.517485
vt 0.134169 0.307403
vt 0.163901 0.327588
vt 0.123727 0.307403
vt 0.707725 0.332306
vt 0.699262 0.328015
vt 0.692545 0.321331
vt 0.233734 0.327588
vt 0.241509 0.327588
vt 0.248713 0.344500
vt 0.085908 0.524051
vt 0.094372 0.528342
vt 0.173668 0.344499
vt 0.156127 0.327588
vt 0.182090 0.344499
vt 0.717108 0.333785
vt 0.707725 0.350433
vt 0.699262 0.346128
vt 0.692545 0.339423
vt 0.257135 0.344500
vt 0.266779 0.366217
vt 0.085908 0.542187
vt 0.101089 0.535026
vt 0.094372 0.546492
vt 0.191838 0.366217
vt 0.200287 0.366217
vt 0.707725 0.389993
vt 0.699262 0.385772
vt 0.692545 0.379198
vt 0.688232 0.370914
vt 0.688232 0.330975
vt 0.085908 0.581690
vt 0.101089 0.553196
vt 0.094372 0.585911
vt 0.105402 0.561645
vt 0.101089 0.592485
vt 0.239412 0.385634
vt 0.707725 0.437631
vt 0.699262 0.433680
vt 0.692545 0.427527
vt 0.306717 0.385634
vt 0.688232 0.419773
vt 0.105402 0.600770
vt 0.707725 0.500055
vt 0.699262 0.495033
vt 0.692545 0.487209
vt 0.355577 0.402727
vt 0.402227 0.420872
vt 0.688232 0.477351
vt 0.429178 0.278619
vt 0.447324 0.325268
vt 0.447324 0.333863
vt 0.681506 0.711515
vt 0.677194 0.661691
vt 0.681506 0.653937
vt 0.677194 0.721373
vt 0.670477 0.667844
vt 0.670477 0.729197
vt 0.662013 0.671795
vt 0.662013 0.734220
vt 0.652630 0.673156
vt 0.566315 0.044253
vt 0.556933 0.001654
vt 0.566315 0.000000
vt 0.556933 0.045618
vt 0.548469 0.006454
vt 0.548469 0.049580
vt 0.541752 0.013930
vt 0.541752 0.055750
vt 0.537440 0.023350
vt 0.522463 0.516944
vt 0.542647 0.546676
vt 0.542647 0.557118
vt 0.169936 0.000000
vt 0.209650 0.020184
vt 0.159493 0.000000
vt 0.580417 0.493182
vt 0.576104 0.532094
vt 0.576104 0.483762
vt 0.587134 0.500658
vt 0.580417 0.539869
vt 0.595598 0.505458
vt 0.587134 0.546039
vt 0.604980 0.507111
vt 0.595598 0.550000
vt 0.623348 0.167406
vt 0.613966 0.228839
vt 0.613966 0.166045
vt 0.631812 0.171357
vt 0.623348 0.230570
vt 0.638529 0.177510
vt 0.631812 0.235593
vt 0.642842 0.185264
vt 0.638529 0.243416
vt 0.278770 0.095323
vt 0.338186 0.113469
vt 0.270175 0.095323
vt 0.429178 0.316266
vt 0.447324 0.386610
vt 0.464416 0.383311
vt 0.464416 0.432250
vt 0.483833 0.423432
vt 0.483833 0.471193
vt 0.505551 0.441468
vt 0.505551 0.489420
vt 0.522463 0.455729
vt 0.522463 0.508326
vt 0.542647 0.505886
vt 0.157054 0.020184
vt 0.175960 0.037096
vt 0.223912 0.037096
vt 0.194186 0.058814
vt 0.241948 0.058814
vt 0.233129 0.078231
vt 0.282068 0.078231
vt 0.331516 0.095323
vt 0.349114 0.113469
vt 0.652630 0.735950
vt 0.604980 0.673156
vt 0.604980 0.625612
vt 0.652630 0.625612
vt 0.604980 0.586080
vt 0.652630 0.586080
vt 0.652630 0.567949
vt 0.604980 0.567949
vt 0.652630 0.551365
vt 0.652630 0.507111
vt 0.566315 0.166045
vt 0.613966 0.118500
vt 0.566315 0.118500
vt 0.613966 0.078968
vt 0.566315 0.060837
vt 0.613966 0.060837
vt 0.613966 0.044253
vt 0.613966 0.000000
vt 0.566315 0.228839
vt 0.556933 0.167406
vt 0.556933 0.230570
vt 0.548469 0.171357
vt 0.548469 0.235593
vt 0.541752 0.177510
vt 0.541752 0.243416
vt 0.537440 0.185264
vt 0.429178 0.327193
vt 0.447324 0.395204
vt 0.662013 0.624157
vt 0.670477 0.619936
vt 0.677194 0.613362
vt 0.464416 0.374128
vt 0.681506 0.605078
vt 0.556933 0.119955
vt 0.548469 0.124176
vt 0.541752 0.130750
vt 0.537440 0.139035
vt 0.464416 0.441433
vt 0.662013 0.584597
vt 0.670477 0.580292
vt 0.677194 0.573587
vt 0.483833 0.414067
vt 0.681506 0.565139
vt 0.556933 0.080452
vt 0.566315 0.078968
vt 0.548469 0.084756
vt 0.541752 0.091461
vt 0.537440 0.099909
vt 0.483833 0.480559
vt 0.662013 0.566470
vt 0.670477 0.562179
vt 0.677194 0.555495
vt 0.505551 0.432132
vt 0.505551 0.423710
vt 0.556933 0.062316
vt 0.548469 0.066607
vt 0.541752 0.073291
vt 0.483833 0.489007
vt 0.505551 0.498756
vt 0.505551 0.507177
vt 0.662013 0.550000
vt 0.670477 0.546039
vt 0.677194 0.539869
vt 0.522463 0.447111
vt 0.522463 0.439337
vt 0.522463 0.524718
vt 0.662013 0.505458
vt 0.670477 0.500658
vt 0.677194 0.493182
vt 0.542647 0.495444
vt 0.681506 0.532094
vt 0.681506 0.483762
vt 0.623348 0.001654
vt 0.631812 0.006454
vt 0.623348 0.045618
vt 0.638529 0.013930
vt 0.631812 0.049580
vt 0.642842 0.023350
vt 0.638529 0.055750
vt 0.118704 0.000000
vt 0.148436 0.020184
vt 0.108261 0.000000
vt 0.604980 0.551365
vt 0.595598 0.566470
vt 0.587134 0.562179
vt 0.580417 0.555495
vt 0.218268 0.020184
vt 0.226043 0.020184
vt 0.233247 0.037096
vt 0.623348 0.062316
vt 0.631812 0.066607
vt 0.158202 0.037096
vt 0.140661 0.020184
vt 0.166624 0.037096
vt 0.595598 0.584597
vt 0.587134 0.580292
vt 0.580417 0.573587
vt 0.241669 0.037096
vt 0.251313 0.058814
vt 0.623348 0.080452
vt 0.638529 0.073291
vt 0.631812 0.084756
vt 0.176373 0.058814
vt 0.184821 0.058814
vt 0.595598 0.624157
vt 0.587134 0.619936
vt 0.580417 0.613362
vt 0.576104 0.605078
vt 0.576104 0.565139
vt 0.623348 0.119955
vt 0.638529 0.091461
vt 0.631812 0.124176
vt 0.642842 0.099909
vt 0.638529 0.130750
vt 0.223946 0.078231
vt 0.595598 0.671795
vt 0.587134 0.667844
vt 0.580417 0.661691
vt 0.291251 0.078231
vt 0.576104 0.653937
vt 0.642842 0.139035
vt 0.595598 0.734220
vt 0.587134 0.729197
vt 0.580417 0.721373
vt 0.340111 0.095323
vt 0.386761 0.113469
vt 0.576104 0.711515
vt 0.809173 0.697091
vt 0.815539 0.505653
vt 0.815539 0.697091
vt 0.802808 0.697091
vt 0.809173 0.505653
vt 0.796443 0.697091
vt 0.802808 0.505653
vt 0.790077 0.697091
vt 0.796443 0.505653
vt 0.783712 0.697091
vt 0.790077 0.505653
vt 0.777347 0.697091
vt 0.783712 0.505653
vt 0.770981 0.697091
vt 0.777347 0.505653
vt 0.764616 0.697091
vt 0.770981 0.505653
vt 0.758251 0.697091
vt 0.764616 0.505653
vt 0.751885 0.697091
vt 0.758251 0.505653
vt 0.745520 0.697091
vt 0.751885 0.505653
vt 0.739155 0.697091
vt 0.745520 0.505653
vt 0.732789 0.697091
vt 0.739155 0.505653
vt 0.726424 0.697091
vt 0.732789 0.505653
vt 0.720059 0.697091
vt 0.726424 0.505653
vt 0.713693 0.697091
vt 0.720059 0.505653
vt 0.707328 0.697091
vt 0.713693 0.505653
vt 0.700963 0.697091
vt 0.707328 0.505653
vt 0.694597 0.697091
vt 0.700963 0.505653
vt 0.688232 0.697091
vt 0.694597 0.505653
vt 0.238463 0.734401
vt 0.216282 0.745702
vt 0.194877 0.670030
vt 0.256065 0.716798
vt 0.267367 0.694617
vt 0.271261 0.670030
vt 0.267367 0.645442
vt 0.256065 0.623262
vt 0.238462 0.605659
vt 0.216282 0.594357
vt 0.191694 0.590463
vt 0.167107 0.594357
vt 0.144926 0.605659
vt 0.127324 0.623262
vt 0.116022 0.645442
vt 0.112128 0.670030
vt 0.116022 0.694617
vt 0.127324 0.716798
vt 0.144926 0.734401
vt 0.167107 0.745702
vt 0.191694 0.749596
vt 0.317899 0.818198
vt 0.295719 0.806896
vt 0.345669 0.742525
vt 0.278116 0.789293
vt 0.266814 0.767113
vt 0.262920 0.742525
vt 0.266814 0.717938
vt 0.278116 0.695757
vt 0.295719 0.678154
vt 0.317899 0.666853
vt 0.342487 0.662958
vt 0.367074 0.666853
vt 0.389255 0.678154
vt 0.406858 0.695757
vt 0.418159 0.717938
vt 0.422053 0.742525
vt 0.418159 0.767113
vt 0.406858 0.789293
vt 0.389255 0.806896
vt 0.367074 0.818198
vt 0.342487 0.822092
vt 0.406857 0.695757
vt 0.847247 0.000000
vt 0.819692 0.507198
vt 0.819692 0.011542
vt 0.028896 0.021342
vt 0.000000 0.050238
vt 0.000000 0.021342
vt 0.398090 0.384576
vt 0.320917 0.307403
vt 0.398090 0.307403
vt 0.970485 0.000000
vt 0.984713 0.175756
vt 0.970485 0.175756
vt 0.970485 0.179622
vt 0.984713 0.355378
vt 0.970485 0.355378
vt 0.980847 0.848116
vt 0.966618 0.672360
vt 0.980847 0.672360
vt 0.931820 0.681821
vt 0.946048 0.857577
vt 0.931820 0.857577
vt 0.271020 0.562003
vt 0.246425 0.460035
vt 0.271020 0.435439
vt 0.144457 0.562003
vt 0.246425 0.537407
vt 0.169052 0.460035
vt 0.169052 0.537407
vt 0.144457 0.435439
vt 0.295616 0.586599
vt 0.119861 0.586599
vt 0.119861 0.410843
vt 0.295616 0.410843
vt 0.367315 0.471952
vt 0.420449 0.424739
vt 0.444687 0.471952
vt 0.378957 0.424739
vt 0.325823 0.471952
vt 0.301585 0.424739
vt 0.000000 0.383979
vt 0.047213 0.437112
vt 0.000000 0.461351
vt 0.390556 0.164549
vt 0.337423 0.117335
vt 0.366318 0.117335
vt 0.326181 0.634498
vt 0.301585 0.483338
vt 0.326181 0.507934
vt 0.452745 0.634498
vt 0.301585 0.659094
vt 0.452745 0.507934
vt 0.477341 0.659094
vt 0.477341 0.483338
vt 0.658640 0.793267
vt 0.591354 0.805264
vt 0.581468 0.793267
vt 0.671038 0.893133
vt 0.648754 0.805264
vt 0.683336 0.902777
vt 0.569070 0.893133
vt 0.556772 0.902777
vt 0.146926 0.766873
vt 0.158923 0.834160
vt 0.146926 0.844046
vt 0.246792 0.754476
vt 0.158923 0.776760
vt 0.256436 0.868742
vt 0.256436 0.742178
vt 0.246792 0.856444
vt 0.124976 0.802712
vt 0.112980 0.735426
vt 0.124976 0.725540
vt 0.025110 0.815110
vt 0.112980 0.792826
vt 0.015466 0.700844
vt 0.015466 0.827408
vt 0.025110 0.713142
vt 0.800360 0.892480
vt 0.914626 0.882836
vt 0.926924 0.892480
vt 0.825055 0.782970
vt 0.812658 0.882836
vt 0.902228 0.782970
vt 0.834942 0.794967
vt 0.892341 0.794967
vt 0.425795 0.379584
vt 0.411510 0.290362
vt 0.433148 0.377966
vt 0.290279 0.019815
vt 0.201057 0.005531
vt 0.202409 0.000000
vt 0.150792 0.113946
vt 0.240015 0.128231
vt 0.238662 0.133762
vt 0.544793 0.257100
vt 0.559078 0.346323
vt 0.537440 0.258718
vt 0.131943 0.271486
vt 0.117658 0.182263
vt 0.139296 0.269867
vt 0.247748 0.141414
vt 0.158525 0.127129
vt 0.159878 0.121599
vt 0.529327 0.285770
vt 0.543612 0.374993
vt 0.521974 0.287389
vt 0.317344 0.170375
vt 0.228122 0.156090
vt 0.229475 0.150560
vt 0.939553 0.153548
vt 0.946906 0.095971
vt 0.946906 0.153726
vt 0.897022 0.334715
vt 0.904375 0.277138
vt 0.904375 0.334893
vt 0.000000 0.061457
vt 0.057577 0.054104
vt 0.057755 0.061457
vt 0.324784 0.168415
vt 0.382361 0.175768
vt 0.324962 0.175768
vt 0.500215 0.677888
vt 0.398715 0.672357
vt 0.499746 0.672357
vt 0.233428 0.406303
vt 0.131929 0.400773
vt 0.232960 0.400773
vt 0.382781 0.662961
vt 0.484280 0.668491
vt 0.383249 0.668491
vt 0.960549 0.679254
vt 0.955019 0.780753
vt 0.955019 0.679722
vt 0.400788 0.000000
vt 0.313184 0.079393
vt 0.313184 0.021638
vt 0.483309 0.648588
vt 0.570913 0.569195
vt 0.570913 0.626950
vt 0.866090 0.429579
vt 0.953694 0.350185
vt 0.953694 0.451217
vt 0.160831 0.865348
vt 0.240224 0.952952
vt 0.139193 0.952952
vt 0.531411 0.793931
vt 0.518959 0.800276
vt 0.505154 0.757792
vt 0.541294 0.784048
vt 0.547639 0.771596
vt 0.549825 0.757792
vt 0.547638 0.743988
vt 0.541293 0.731536
vt 0.531412 0.721653
vt 0.518959 0.715308
vt 0.505155 0.713122
vt 0.491351 0.715308
vt 0.478898 0.721653
vt 0.469015 0.731536
vt 0.462672 0.743988
vt 0.460486 0.757792
vt 0.462669 0.771596
vt 0.469015 0.784048
vt 0.478899 0.793930
vt 0.491352 0.800275
vt 0.505155 0.802462
vt 0.520183 0.804044
vt 0.533740 0.797136
vt 0.544500 0.786377
vt 0.553787 0.757792
vt 0.551408 0.772820
vt 0.551407 0.742764
vt 0.544500 0.729207
vt 0.533741 0.718447
vt 0.520183 0.711540
vt 0.505155 0.709159
vt 0.476569 0.718447
vt 0.490126 0.711540
vt 0.465810 0.729207
vt 0.458904 0.742764
vt 0.456523 0.757792
vt 0.465809 0.786377
vt 0.458900 0.772820
vt 0.476571 0.797136
vt 0.490127 0.804044
vt 0.505155 0.806424
vt 0.735656 0.796278
vt 0.729386 0.793083
vt 0.742606 0.774887
vt 0.724410 0.788107
vt 0.721216 0.781838
vt 0.720115 0.774887
vt 0.721216 0.767937
vt 0.724411 0.761668
vt 0.729387 0.756692
vt 0.735656 0.753497
vt 0.742606 0.752396
vt 0.749557 0.753497
vt 0.755826 0.756692
vt 0.760802 0.761668
vt 0.763997 0.767937
vt 0.765097 0.774887
vt 0.763996 0.781838
vt 0.760802 0.788107
vt 0.755827 0.793083
vt 0.749557 0.796278
vt 0.742606 0.797378
vt 0.729263 0.815955
vt 0.717225 0.809822
vt 0.707672 0.800269
vt 0.701539 0.788231
vt 0.699425 0.774888
vt 0.701538 0.761543
vt 0.707673 0.749506
vt 0.717225 0.739953
vt 0.729262 0.733820
vt 0.742607 0.731706
vt 0.755950 0.733820
vt 0.767987 0.739953
vt 0.777540 0.749506
vt 0.783674 0.761544
vt 0.785788 0.774888
vt 0.783674 0.788231
vt 0.777541 0.800268
vt 0.767988 0.809822
vt 0.755950 0.815955
vt 0.742606 0.818069
vt 0.743574 0.007647
vt 0.735654 0.000034
vt 0.743574 0.000034
vt 0.729366 0.007647
vt 0.735654 0.007647
vt 0.721444 0.007638
vt 0.729370 0.000034
vt 0.712665 0.007630
vt 0.721452 0.000026
vt 0.703893 0.000008
vt 0.712672 0.000017
vt 0.695965 0.007613
vt 0.703885 0.007621
vt 0.000000 0.372030
vt 0.007613 0.378316
vt 0.000000 0.378316
vt 0.000000 0.364111
vt 0.007613 0.372030
vt 0.000000 0.355331
vt 0.007613 0.364111
vt 0.007613 0.346551
vt 0.007613 0.355331
vt 0.000000 0.346552
vt 0.007613 0.338631
vt 0.000000 0.332345
vt 0.000000 0.338632
vt 0.000004 0.324424
vt 0.007613 0.332347
vt 0.007622 0.315648
vt 0.007617 0.324428
vt 0.000009 0.315644
vt 0.007627 0.306869
vt 0.000014 0.306865
vt 0.007631 0.298949
vt 0.775339 0.007647
vt 0.769054 0.000034
vt 0.775339 0.000034
vt 0.769053 0.007647
vt 0.761133 0.000034
vt 0.752353 0.007647
vt 0.761133 0.007647
vt 0.752353 0.000034
vt 0.590435 0.908480
vt 0.602031 0.908828
vt 0.591110 0.910557
vt 0.581258 0.915577
vt 0.579974 0.913810
vt 0.571672 0.922112
vt 0.573439 0.923396
vt 0.566342 0.932573
vt 0.568419 0.933248
vt 0.564505 0.944169
vt 0.568419 0.955090
vt 0.566342 0.955765
vt 0.573439 0.964942
vt 0.571672 0.966226
vt 0.581258 0.972761
vt 0.579974 0.974528
vt 0.590435 0.979858
vt 0.602031 0.979511
vt 0.602031 0.981695
vt 0.613627 0.979858
vt 0.622804 0.972761
vt 0.624088 0.974528
vt 0.632390 0.966226
vt 0.630623 0.964942
vt 0.637721 0.955765
vt 0.635643 0.955090
vt 0.639557 0.944169
vt 0.635643 0.933248
vt 0.637721 0.932573
vt 0.630623 0.923396
vt 0.632390 0.922112
vt 0.624088 0.913810
vt 0.622804 0.915577
vt 0.613627 0.908480
vt 0.602031 0.906643
vt 0.916357 0.670789
vt 0.909822 0.661203
vt 0.917641 0.669022
vt 0.927493 0.674041
vt 0.926818 0.676119
vt 0.938414 0.677956
vt 0.902725 0.652026
vt 0.904802 0.651351
vt 0.900888 0.640429
vt 0.903072 0.640429
vt 0.904802 0.629508
vt 0.902725 0.628833
vt 0.909822 0.619656
vt 0.916357 0.610070
vt 0.917641 0.611838
vt 0.926818 0.604740
vt 0.927493 0.606818
vt 0.938414 0.605088
vt 0.950010 0.604740
vt 0.949335 0.606818
vt 0.959187 0.611838
vt 0.968773 0.618372
vt 0.967006 0.619656
vt 0.972026 0.629508
vt 0.974104 0.628833
vt 0.973756 0.640429
vt 0.975940 0.640429
vt 0.972026 0.651351
vt 0.974104 0.652026
vt 0.967006 0.661203
vt 0.960472 0.670789
vt 0.959188 0.669021
vt 0.950010 0.676119
vt 0.949335 0.674041
vt 0.938414 0.675771
vt 0.899753 0.898183
vt 0.911349 0.898531
vt 0.900428 0.900260
vt 0.890575 0.905280
vt 0.889292 0.903513
vt 0.882757 0.913099
vt 0.880989 0.911815
vt 0.875659 0.922276
vt 0.877737 0.922951
vt 0.873823 0.933872
vt 0.877737 0.944793
vt 0.875659 0.945468
vt 0.882757 0.954646
vt 0.880990 0.955930
vt 0.890576 0.962464
vt 0.889292 0.964231
vt 0.900428 0.967484
vt 0.899753 0.969562
vt 0.911349 0.969214
vt 0.911349 0.971398
vt 0.922945 0.969561
vt 0.932122 0.962464
vt 0.933406 0.964231
vt 0.941708 0.955930
vt 0.939941 0.954645
vt 0.947038 0.945468
vt 0.944961 0.944793
vt 0.948875 0.933872
vt 0.946691 0.933872
vt 0.947038 0.922276
vt 0.944961 0.922951
vt 0.941708 0.911815
vt 0.939941 0.913099
vt 0.933406 0.903513
vt 0.932122 0.905280
vt 0.922945 0.898183
vt 0.911349 0.896346
vt 0.852210 0.903513
vt 0.858745 0.913099
vt 0.850926 0.905280
vt 0.841749 0.898183
vt 0.841074 0.900260
vt 0.830153 0.896346
vt 0.865843 0.922276
vt 0.863765 0.922951
vt 0.865495 0.933872
vt 0.867679 0.933872
vt 0.863765 0.944793
vt 0.860512 0.955930
vt 0.858745 0.954645
vt 0.852210 0.964231
vt 0.850926 0.962464
vt 0.841749 0.969562
vt 0.841074 0.967484
vt 0.830153 0.969214
vt 0.830153 0.971398
vt 0.819232 0.967484
vt 0.818557 0.969562
vt 0.809380 0.962464
vt 0.808096 0.964231
vt 0.801561 0.954645
vt 0.794464 0.945468
vt 0.796541 0.944793
vt 0.792627 0.933872
vt 0.794811 0.933872
vt 0.794464 0.922276
vt 0.796541 0.922951
vt 0.799794 0.911815
vt 0.801561 0.913099
vt 0.808096 0.903513
vt 0.809380 0.905280
vt 0.818557 0.898183
vt 0.819232 0.900260
vt 0.830153 0.898531
vt 0.989818 0.157238
vt 0.999219 0.167733
vt 0.989817 0.167697
vt 0.989818 0.148943
vt 0.999221 0.157274
vt 0.989818 0.138488
vt 0.999222 0.148968
vt 0.989818 0.126892
vt 0.999222 0.138502
vt 0.999223 0.115310
vt 0.999223 0.126906
vt 0.989818 0.104839
vt 0.989818 0.115296
vt 0.999223 0.096540
vt 0.999224 0.104846
vt 0.989818 0.086079
vt 0.989818 0.096540
vt 0.989818 0.074483
vt 0.999223 0.086079
vt 0.999223 0.062887
vt 0.999223 0.074483
vt 0.989818 0.062887
vt 0.999223 0.052426
vt 0.989818 0.052426
vt 0.999224 0.044133
vt 0.989818 0.044115
vt 0.999225 0.033683
vt 0.989818 0.033647
vt 0.999226 0.022088
vt 0.989818 0.010459
vt 0.989818 0.022053
vt 0.989818 0.000000
vt 0.999227 0.010494
vt 0.989817 0.209644
vt 0.999216 0.201380
vt 0.999215 0.209680
vt 0.989817 0.201343
vt 0.999217 0.190921
vt 0.989817 0.179291
vt 0.989817 0.190884
vt 0.999218 0.179327
vt 0.649567 0.167719
vt 0.662167 0.157253
vt 0.662170 0.167715
vt 0.649567 0.148957
vt 0.649567 0.157258
vt 0.649567 0.138497
vt 0.662165 0.148950
vt 0.649567 0.126901
vt 0.662158 0.138487
vt 0.649567 0.115305
vt 0.662150 0.126892
vt 0.662135 0.104837
vt 0.662142 0.115295
vt 0.649567 0.104842
vt 0.662135 0.096537
vt 0.649567 0.086076
vt 0.649567 0.096537
vt 0.649567 0.074480
vt 0.662135 0.086076
vt 0.649567 0.062884
vt 0.662135 0.074480
vt 0.662135 0.052423
vt 0.662135 0.062884
vt 0.649567 0.052423
vt 0.662135 0.044125
vt 0.649567 0.033653
vt 0.649567 0.044117
vt 0.649567 0.022057
vt 0.662146 0.033668
vt 0.649567 0.010461
vt 0.662159 0.022072
vt 0.649567 -0.000000
vt 0.662171 0.010476
vt 0.649567 0.209674
vt 0.662180 0.201368
vt 0.662183 0.209670
vt 0.649567 0.201372
vt 0.662177 0.190907
vt 0.649567 0.179315
vt 0.649567 0.190911
vt 0.662174 0.179311
vt 0.585332 0.921184
vt 0.593252 0.917149
vt 0.579046 0.927469
vt 0.575010 0.935390
vt 0.573620 0.944169
vt 0.566689 0.944169
vt 0.575010 0.952949
vt 0.579046 0.960869
vt 0.585332 0.967154
vt 0.591110 0.977781
vt 0.602031 0.972580
vt 0.593252 0.971190
vt 0.610811 0.971190
vt 0.618731 0.967154
vt 0.612952 0.977781
vt 0.625016 0.960869
vt 0.629052 0.952949
vt 0.637373 0.944169
vt 0.630442 0.944169
vt 0.629052 0.935390
vt 0.618731 0.921184
vt 0.625016 0.927470
vt 0.610811 0.917149
vt 0.602031 0.915758
vt 0.612952 0.910557
vt 0.838932 0.906852
vt 0.846853 0.910887
vt 0.853138 0.917172
vt 0.857174 0.925093
vt 0.858564 0.933872
vt 0.857174 0.942652
vt 0.853138 0.950572
vt 0.846853 0.956857
vt 0.838933 0.960893
vt 0.830153 0.962283
vt 0.821374 0.960893
vt 0.813454 0.956857
vt 0.807168 0.950572
vt 0.803132 0.942652
vt 0.801742 0.933872
vt 0.803133 0.925093
vt 0.807168 0.917173
vt 0.813453 0.910887
vt 0.821374 0.906852
vt 0.830153 0.905461
vt 0.929635 0.667450
vt 0.920214 0.665480
vt 0.921715 0.663415
vt 0.928846 0.669878
vt 0.938414 0.668841
vt 0.938414 0.671393
vt 0.915429 0.657129
vt 0.913364 0.658630
vt 0.911394 0.649209
vt 0.908966 0.649998
vt 0.910003 0.640429
vt 0.907450 0.640429
vt 0.911394 0.631650
vt 0.913364 0.622229
vt 0.915429 0.623730
vt 0.920214 0.615379
vt 0.921715 0.617445
vt 0.929635 0.613409
vt 0.928846 0.610981
vt 0.938414 0.612019
vt 0.947982 0.610981
vt 0.947194 0.613409
vt 0.956614 0.615379
vt 0.955114 0.617445
vt 0.963464 0.622229
vt 0.961399 0.623730
vt 0.965435 0.631650
vt 0.967863 0.630861
vt 0.966825 0.640429
vt 0.967863 0.649998
vt 0.965435 0.649209
vt 0.961399 0.657129
vt 0.963464 0.658630
vt 0.955114 0.663415
vt 0.956614 0.665480
vt 0.947194 0.667450
vt 0.947983 0.669878
vt 0.901781 0.904424
vt 0.911349 0.905461
vt 0.902570 0.906852
vt 0.894649 0.910887
vt 0.893149 0.908822
vt 0.888364 0.917173
vt 0.886298 0.915672
vt 0.881900 0.924304
vt 0.882938 0.933872
vt 0.880385 0.933872
vt 0.884328 0.942652
vt 0.881900 0.943441
vt 0.886299 0.952072
vt 0.888364 0.950572
vt 0.893149 0.958922
vt 0.902569 0.960893
vt 0.901780 0.963321
vt 0.911349 0.962283
vt 0.911349 0.964836
vt 0.920917 0.963321
vt 0.920128 0.960893
vt 0.929549 0.958923
vt 0.934334 0.950572
vt 0.936399 0.952072
vt 0.938369 0.942652
vt 0.940797 0.943441
vt 0.942313 0.933872
vt 0.939760 0.933872
vt 0.940797 0.924304
vt 0.938369 0.925093
vt 0.936399 0.915672
vt 0.934334 0.917173
vt 0.929549 0.908822
vt 0.920128 0.906852
vt 0.920917 0.904424
vt 0.911349 0.902908
vt 0.302609 0.827774
vt 0.310529 0.825956
vt 0.310529 0.827774
vt 0.296321 0.827774
vt 0.302608 0.825956
vt 0.288399 0.827767
vt 0.296325 0.825956
vt 0.279620 0.827759
vt 0.288407 0.825944
vt 0.270840 0.827751
vt 0.279627 0.825931
vt 0.262920 0.827744
vt 0.270848 0.825918
vt 0.497327 0.651496
vt 0.491042 0.654661
vt 0.491042 0.651496
vt 0.505247 0.651496
vt 0.497327 0.654661
vt 0.514027 0.651496
vt 0.505247 0.654661
vt 0.522806 0.651496
vt 0.514027 0.654661
vt 0.530726 0.654661
vt 0.522806 0.654661
vt 0.537026 0.651496
vt 0.530726 0.651496
vt 0.544957 0.651495
vt 0.536998 0.654661
vt 0.553732 0.651495
vt 0.544899 0.654661
vt 0.562507 0.651494
vt 0.553675 0.654660
vt 0.570423 0.651493
vt 0.562450 0.654660
vt 0.342293 0.827774
vt 0.336008 0.825956
vt 0.342293 0.825956
vt 0.328088 0.827774
vt 0.336008 0.827774
vt 0.319308 0.825956
vt 0.328088 0.825956
vt 0.319308 0.827774
vt 0.908966 0.630861
vt 0.938414 0.609466
vt 0.969378 0.640429
vt 0.876007 0.933872
vt 0.922270 0.967484
vt 0.922270 0.900260
vt 0.496349 0.881174
vt 0.483203 0.887358
vt 0.496205 0.880733
vt 0.715191 0.812621
vt 0.728337 0.818805
vt 0.728194 0.819246
vt 0.716208 0.811222
vt 0.715464 0.812246
vt 0.011466 0.901285
vt 0.000011 0.914288
vt 0.000011 0.901285
vt 0.011466 0.914288
vt 0.000011 0.924604
vt 0.011463 0.937614
vt 0.011466 0.924609
vt 0.000006 0.952016
vt 0.000009 0.937604
vt 0.011460 0.952026
vt 0.000003 0.966430
vt 0.011453 0.979442
vt 0.011456 0.966440
vt 0.011467 0.729158
vt 0.000011 0.718845
vt 0.011466 0.718840
vt 0.000013 0.742164
vt 0.000012 0.729163
vt 0.011469 0.742160
vt 0.000015 0.756578
vt 0.011472 0.770986
vt 0.011471 0.756573
vt 0.011474 0.783988
vt 0.000016 0.770991
vt 0.011475 0.794309
vt 0.000017 0.783993
vt 0.000017 0.807308
vt 0.000018 0.794308
vt 0.011471 0.821727
vt 0.011473 0.807314
vt 0.011469 0.836140
vt 0.000015 0.821721
vt 0.011466 0.849140
vt 0.000013 0.836134
vt 0.000011 0.859457
vt 0.000011 0.849137
vt 0.011466 0.859457
vt 0.000011 0.872460
vt 0.011466 0.886873
vt 0.011466 0.872460
vt 0.000011 0.886873
vt 0.483476 0.887733
vt 0.472884 0.897677
vt 0.704872 0.802302
vt 0.705247 0.802030
vt 0.706272 0.801285
vt 0.466700 0.910822
vt 0.466260 0.910679
vt 0.698248 0.789300
vt 0.698689 0.789157
vt 0.699893 0.788765
vt 0.464440 0.925091
vt 0.463977 0.925091
vt 0.696429 0.774888
vt 0.697695 0.774888
vt 0.466700 0.939361
vt 0.466259 0.939505
vt 0.698247 0.760474
vt 0.698688 0.760617
vt 0.699893 0.761009
vt 0.472885 0.952507
vt 0.704873 0.747472
vt 0.705248 0.747744
vt 0.706273 0.748489
vt 0.483476 0.962450
vt 0.483203 0.962825
vt 0.715464 0.737529
vt 0.716208 0.738554
vt 0.496348 0.969009
vt 0.496205 0.969450
vt 0.715191 0.737154
vt 0.728336 0.730970
vt 0.728728 0.732174
vt 0.510618 0.971269
vt 0.510618 0.971733
vt 0.728193 0.730529
vt 0.742607 0.728710
vt 0.742607 0.729976
vt 0.525031 0.969450
vt 0.742607 0.728246
vt 0.756876 0.730970
vt 0.756485 0.732174
vt 0.524888 0.969009
vt 0.538033 0.962825
vt 0.770021 0.737154
vt 0.769749 0.737529
vt 0.769004 0.738553
vt 0.547976 0.952234
vt 0.548351 0.952507
vt 0.780340 0.747472
vt 0.779965 0.747745
vt 0.778940 0.748489
vt 0.554976 0.939505
vt 0.786965 0.760474
vt 0.786524 0.760617
vt 0.785319 0.761009
vt 0.556796 0.925091
vt 0.557259 0.925091
vt 0.789248 0.774888
vt 0.788784 0.774888
vt 0.787518 0.774888
vt 0.554976 0.910678
vt 0.786965 0.789300
vt 0.786524 0.789157
vt 0.785319 0.788766
vt 0.554535 0.910822
vt 0.548352 0.897677
vt 0.780340 0.802302
vt 0.779965 0.802030
vt 0.778941 0.801285
vt 0.537761 0.887733
vt 0.538034 0.887358
vt 0.769750 0.812246
vt 0.769005 0.811221
vt 0.524888 0.881174
vt 0.525031 0.880733
vt 0.770022 0.812621
vt 0.756876 0.818805
vt 0.756485 0.817601
vt 0.510618 0.878914
vt 0.510618 0.878450
vt 0.757019 0.819246
vt 0.742606 0.821065
vt 0.742606 0.819799
vt 0.742606 0.821529
vt 0.496740 0.882378
vt 0.485237 0.890157
vt 0.484220 0.888757
vt 0.501839 0.898071
vt 0.497275 0.884024
vt 0.487632 0.908392
vt 0.493918 0.902106
vt 0.469550 0.911748
vt 0.475683 0.899710
vt 0.482207 0.925091
vt 0.483597 0.916312
vt 0.483597 0.933871
vt 0.467437 0.925091
vt 0.475684 0.950473
vt 0.469550 0.938435
vt 0.493919 0.948077
vt 0.487633 0.941791
vt 0.501838 0.952112
vt 0.485237 0.960025
vt 0.510618 0.968272
vt 0.497274 0.966159
vt 0.519397 0.952112
vt 0.510618 0.953503
vt 0.535999 0.960025
vt 0.523962 0.966159
vt 0.527318 0.948077
vt 0.545552 0.950473
vt 0.533603 0.941791
vt 0.551686 0.938435
vt 0.539029 0.925091
vt 0.537639 0.933871
vt 0.551685 0.911748
vt 0.553799 0.925091
vt 0.533603 0.908392
vt 0.537638 0.916312
vt 0.527318 0.902106
vt 0.545552 0.899711
vt 0.523962 0.884024
vt 0.536000 0.890157
vt 0.510618 0.896680
vt 0.519398 0.898071
vt 0.510618 0.881910
vt 0.474284 0.898693
vt 0.473259 0.897949
vt 0.467905 0.911213
vt 0.465707 0.925091
vt 0.467905 0.938970
vt 0.474285 0.951490
vt 0.473260 0.952234
vt 0.484220 0.961425
vt 0.496739 0.967804
vt 0.510618 0.970003
vt 0.524496 0.967804
vt 0.537016 0.961425
vt 0.537760 0.962450
vt 0.546952 0.951490
vt 0.553331 0.938970
vt 0.554535 0.939361
vt 0.555529 0.925091
vt 0.553331 0.911213
vt 0.546952 0.898694
vt 0.547977 0.897949
vt 0.537017 0.888758
vt 0.524496 0.882378
vt 0.510618 0.880180
vt 0.728728 0.817601
vt 0.766777 0.946125
vt 0.746844 0.933627
vt 0.754764 0.929591
vt 0.761050 0.923306
vt 0.777584 0.935318
vt 0.765085 0.915386
vt 0.784522 0.921701
vt 0.786913 0.906606
vt 0.766476 0.906606
vt 0.784522 0.891511
vt 0.765085 0.897827
vt 0.777584 0.877894
vt 0.761050 0.889907
vt 0.754765 0.883621
vt 0.766777 0.867087
vt 0.753159 0.860149
vt 0.746844 0.879586
vt 0.738065 0.878195
vt 0.738065 0.857758
vt 0.722970 0.860149
vt 0.729285 0.879586
vt 0.721365 0.883621
vt 0.709352 0.867087
vt 0.715079 0.889907
vt 0.698546 0.877894
vt 0.691608 0.891511
vt 0.711044 0.897827
vt 0.709654 0.906606
vt 0.689216 0.906606
vt 0.691607 0.921701
vt 0.711044 0.915386
vt 0.715079 0.923306
vt 0.698546 0.935318
vt 0.709353 0.946125
vt 0.721365 0.929591
vt 0.729285 0.933627
vt 0.722970 0.953064
vt 0.738065 0.935017
vt 0.738065 0.955454
vt 0.753160 0.953064
vt 0.767355 0.946922
vt 0.753464 0.954000
vt 0.778380 0.935897
vt 0.785458 0.922005
vt 0.787897 0.906606
vt 0.785458 0.891207
vt 0.778380 0.877315
vt 0.767356 0.866291
vt 0.753463 0.859213
vt 0.738065 0.856774
vt 0.722666 0.859213
vt 0.708774 0.866291
vt 0.697749 0.877315
vt 0.690671 0.891207
vt 0.688232 0.906606
vt 0.690671 0.922005
vt 0.697749 0.935897
vt 0.708774 0.946922
vt 0.722666 0.954000
vt 0.738065 0.956439
vt 0.289925 0.944819
vt 0.275729 0.938677
vt 0.276308 0.937881
vt 0.264704 0.927653
vt 0.265501 0.927074
vt 0.257626 0.913761
vt 0.258562 0.913457
vt 0.255187 0.898362
vt 0.256172 0.898362
vt 0.257626 0.882963
vt 0.258562 0.883267
vt 0.265501 0.869650
vt 0.275729 0.858047
vt 0.276307 0.858843
vt 0.289621 0.850968
vt 0.289925 0.851905
vt 0.305020 0.848529
vt 0.305020 0.849514
vt 0.320115 0.851905
vt 0.320419 0.850968
vt 0.333732 0.858843
vt 0.334311 0.858047
vt 0.344539 0.869650
vt 0.352413 0.882963
vt 0.351477 0.883267
vt 0.353868 0.898362
vt 0.354852 0.898362
vt 0.351477 0.913457
vt 0.352413 0.913761
vt 0.344539 0.927074
vt 0.334310 0.938677
vt 0.333732 0.937881
vt 0.320115 0.944819
vt 0.305020 0.948194
vt 0.305020 0.947210
vt 0.289620 0.945755
vt 0.854840 0.119054
vt 0.923807 0.126974
vt 0.854840 0.126974
vt 0.854840 0.112769
vt 0.923807 0.119054
vt 0.854840 0.104849
vt 0.923807 0.112769
vt 0.854840 0.096069
vt 0.923807 0.104848
vt 0.854840 0.087290
vt 0.923807 0.096069
vt 0.854840 0.079369
vt 0.923807 0.087289
vt 0.854840 0.073084
vt 0.923807 0.079369
vt 0.854840 0.065164
vt 0.923807 0.073084
vt 0.854840 0.056384
vt 0.923807 0.065164
vt 0.854840 0.047605
vt 0.923807 0.056384
vt 0.854840 0.039685
vt 0.923807 0.047605
vt 0.854840 0.033399
vt 0.923807 0.039685
vt 0.854840 0.025479
vt 0.923807 0.033399
vt 0.854840 0.016700
vt 0.923807 0.025479
vt 0.854840 0.007920
vt 0.923807 0.016700
vt 0.854840 0.000000
vt 0.923807 0.007920
vt 0.854840 0.152453
vt 0.923807 0.158739
vt 0.854840 0.158739
vt 0.854840 0.144533
vt 0.923807 0.152453
vt 0.854840 0.135754
vt 0.923807 0.144533
vt 0.923807 0.135754
vt 0.287119 0.923000
vt 0.280382 0.916263
vt 0.276056 0.907773
vt 0.274565 0.898362
vt 0.276056 0.888951
vt 0.280382 0.880461
vt 0.287119 0.873724
vt 0.295609 0.869398
vt 0.305020 0.867907
vt 0.314431 0.869398
vt 0.322921 0.873724
vt 0.329658 0.880461
vt 0.333984 0.888951
vt 0.335474 0.898362
vt 0.333984 0.907773
vt 0.329658 0.916263
vt 0.322921 0.923000
vt 0.314431 0.927326
vt 0.305020 0.928816
vt 0.295609 0.927326
vt 0.296240 0.925382
vt 0.287982 0.921813
vt 0.288320 0.921347
vt 0.296062 0.925930
vt 0.281569 0.915400
vt 0.282035 0.915061
vt 0.277999 0.907141
vt 0.277451 0.907319
vt 0.276032 0.898362
vt 0.276609 0.898362
vt 0.277999 0.889582
vt 0.277451 0.889404
vt 0.281569 0.881324
vt 0.282035 0.881662
vt 0.287982 0.874911
vt 0.288320 0.875377
vt 0.296240 0.871341
vt 0.296062 0.870793
vt 0.854490 0.065342
vt 0.305020 0.869375
vt 0.854490 0.056384
vt 0.313977 0.870793
vt 0.321719 0.875377
vt 0.313799 0.871341
vt 0.322058 0.874911
vt 0.328471 0.881324
vt 0.328005 0.881662
vt 0.332040 0.889582
vt 0.332588 0.889404
vt 0.333431 0.898362
vt 0.334007 0.898362
vt 0.332588 0.907319
vt 0.332040 0.907141
vt 0.328471 0.915400
vt 0.328005 0.915061
vt 0.321719 0.921347
vt 0.322058 0.921813
vt 0.313977 0.925930
vt 0.313799 0.925382
vt 0.854491 0.144711
vt 0.305020 0.927349
vt 0.854490 0.126796
vt 0.854491 0.135754
vt 0.115403 0.533004
vt 0.112155 0.525084
vt 0.115403 0.525084
vt 0.112155 0.518803
vt 0.115403 0.518794
vt 0.112149 0.510889
vt 0.115402 0.510871
vt 0.112141 0.502111
vt 0.115400 0.502094
vt 0.112134 0.493334
vt 0.115398 0.493317
vt 0.112128 0.485415
vt 0.115397 0.485398
vt 0.380786 0.475820
vt 0.374501 0.479273
vt 0.374501 0.475820
vt 0.366580 0.479273
vt 0.366580 0.475820
vt 0.357801 0.479273
vt 0.357801 0.475820
vt 0.349021 0.479273
vt 0.349021 0.475820
vt 0.341101 0.479273
vt 0.341101 0.475820
vt 0.334838 0.479273
vt 0.334793 0.475820
vt 0.326992 0.479284
vt 0.326901 0.475819
vt 0.318268 0.479297
vt 0.318177 0.475818
vt 0.309545 0.479309
vt 0.309454 0.475817
vt 0.301676 0.479320
vt 0.301585 0.475816
vt 0.115403 0.564769
vt 0.112155 0.558483
vt 0.115403 0.558483
vt 0.112155 0.550563
vt 0.115403 0.550563
vt 0.112155 0.541783
vt 0.115403 0.541783
vt 0.112155 0.533004
vt 0.282849 0.638064
vt 0.278386 0.630145
vt 0.282849 0.630145
vt 0.278386 0.623851
vt 0.282849 0.623867
vt 0.278388 0.615928
vt 0.282852 0.615960
vt 0.278391 0.607154
vt 0.282855 0.607186
vt 0.278393 0.598380
vt 0.282858 0.598412
vt 0.278395 0.590465
vt 0.282861 0.590497
vt 0.334285 0.000007
vt 0.328000 0.006934
vt 0.328000 0.000007
vt 0.320080 0.006934
vt 0.320080 0.000007
vt 0.311300 0.006934
vt 0.311300 0.000007
vt 0.302521 0.006934
vt 0.302521 0.000007
vt 0.294601 0.006934
vt 0.294601 0.000007
vt 0.288283 0.006934
vt 0.288347 0.000007
vt 0.280411 0.006925
vt 0.280538 0.000005
vt 0.271720 0.006916
vt 0.271846 0.000003
vt 0.263028 0.006907
vt 0.263154 0.000002
vt 0.255187 0.006898
vt 0.255313 0.000000
vt 0.282849 0.669829
vt 0.278386 0.663544
vt 0.282849 0.663544
vt 0.278386 0.655624
vt 0.282849 0.655624
vt 0.278386 0.646844
vt 0.282849 0.646844
vt 0.278386 0.638064
vt 0.046082 0.161141
vt 0.042531 0.170700
vt 0.044145 0.160512
vt 0.050476 0.152519
vt 0.048827 0.151321
vt 0.057319 0.145676
vt 0.056121 0.144028
vt 0.065941 0.141282
vt 0.065312 0.139345
vt 0.075500 0.139768
vt 0.075500 0.137731
vt 0.085058 0.141282
vt 0.094878 0.144028
vt 0.093681 0.145676
vt 0.102172 0.151321
vt 0.100524 0.152519
vt 0.106854 0.160512
vt 0.104917 0.161142
vt 0.106431 0.170700
vt 0.108468 0.170700
vt 0.104917 0.180258
vt 0.106854 0.180888
vt 0.100524 0.188881
vt 0.102172 0.190078
vt 0.093681 0.195724
vt 0.085687 0.202055
vt 0.085058 0.200117
vt 0.075500 0.201631
vt 0.065312 0.202055
vt 0.065941 0.200117
vt 0.057319 0.195724
vt 0.048827 0.190078
vt 0.050476 0.188881
vt 0.044145 0.180888
vt 0.046082 0.180258
vt 0.044568 0.170700
vt 0.904439 0.495461
vt 0.900888 0.485903
vt 0.902925 0.485903
vt 0.902502 0.496091
vt 0.908832 0.504084
vt 0.907184 0.505281
vt 0.914478 0.512575
vt 0.924298 0.515320
vt 0.923669 0.517258
vt 0.933857 0.516834
vt 0.933857 0.518871
vt 0.944044 0.517258
vt 0.943415 0.515320
vt 0.953235 0.512575
vt 0.952038 0.510927
vt 0.960529 0.505282
vt 0.958881 0.504084
vt 0.965211 0.496090
vt 0.964788 0.485903
vt 0.966825 0.485903
vt 0.963274 0.476345
vt 0.965211 0.475715
vt 0.958881 0.467722
vt 0.960529 0.466525
vt 0.952038 0.460879
vt 0.953235 0.459230
vt 0.944044 0.454548
vt 0.933857 0.454971
vt 0.933857 0.452934
vt 0.923669 0.454548
vt 0.915675 0.460879
vt 0.914478 0.459231
vt 0.907184 0.466525
vt 0.904439 0.476345
vt 0.902502 0.475715
vt 0.379126 0.590235
vt 0.388684 0.593786
vt 0.378496 0.592172
vt 0.369306 0.587489
vt 0.370503 0.585841
vt 0.362012 0.580196
vt 0.363660 0.578998
vt 0.359266 0.570375
vt 0.355715 0.560817
vt 0.357753 0.560817
vt 0.357329 0.550629
vt 0.359266 0.551259
vt 0.362012 0.541439
vt 0.363660 0.542636
vt 0.369305 0.534145
vt 0.370503 0.535793
vt 0.378496 0.529462
vt 0.379126 0.531400
vt 0.388684 0.529886
vt 0.388684 0.527849
vt 0.398242 0.531400
vt 0.398872 0.529462
vt 0.406865 0.535793
vt 0.408062 0.534145
vt 0.413708 0.542636
vt 0.420039 0.550629
vt 0.418101 0.551259
vt 0.419616 0.560817
vt 0.420039 0.571005
vt 0.418102 0.570375
vt 0.413708 0.578998
vt 0.408062 0.587489
vt 0.406865 0.585841
vt 0.398872 0.592172
vt 0.398242 0.590235
vt 0.388684 0.591748
vt 0.034483 0.772238
vt 0.030932 0.762680
vt 0.032969 0.762680
vt 0.032545 0.772868
vt 0.038876 0.780861
vt 0.037228 0.782058
vt 0.044522 0.789352
vt 0.054342 0.792097
vt 0.053712 0.794035
vt 0.063900 0.795648
vt 0.063900 0.793611
vt 0.074088 0.794035
vt 0.073459 0.792097
vt 0.083279 0.789352
vt 0.082081 0.787704
vt 0.090572 0.782058
vt 0.088924 0.780861
vt 0.095255 0.772867
vt 0.094832 0.762680
vt 0.096869 0.762680
vt 0.093318 0.753121
vt 0.095255 0.752492
vt 0.088924 0.744499
vt 0.090572 0.743301
vt 0.082081 0.737655
vt 0.083279 0.736007
vt 0.074088 0.731325
vt 0.063900 0.731748
vt 0.063900 0.729711
vt 0.053712 0.731325
vt 0.045719 0.737655
vt 0.044522 0.736007
vt 0.037228 0.743301
vt 0.038876 0.744499
vt 0.032545 0.752492
vt 0.034483 0.753121
vt 0.939553 0.036861
vt 0.946152 0.046051
vt 0.939553 0.046051
vt 0.946152 0.053342
vt 0.939553 0.053346
vt 0.946157 0.062531
vt 0.939556 0.062539
vt 0.946162 0.072719
vt 0.939561 0.072727
vt 0.946167 0.082907
vt 0.939565 0.082915
vt 0.946172 0.092097
vt 0.939568 0.092105
vt 0.347983 0.394713
vt 0.355276 0.388978
vt 0.355276 0.394713
vt 0.364467 0.388978
vt 0.364467 0.394713
vt 0.374655 0.388978
vt 0.374655 0.394713
vt 0.384842 0.388978
vt 0.384842 0.394713
vt 0.394033 0.394713
vt 0.394033 0.388978
vt 0.401335 0.394713
vt 0.401319 0.388978
vt 0.410500 0.388977
vt 0.410533 0.394699
vt 0.420686 0.388975
vt 0.420719 0.394684
vt 0.430872 0.388973
vt 0.430905 0.394668
vt 0.440062 0.388971
vt 0.440095 0.394655
vt 0.939553 0.000000
vt 0.946152 0.007294
vt 0.939553 0.007294
vt 0.946152 0.016485
vt 0.939553 0.016485
vt 0.946152 0.026672
vt 0.939553 0.026672
vt 0.946152 0.036861
vt 0.133614 0.787761
vt 0.131460 0.778571
vt 0.133614 0.778571
vt 0.131460 0.771276
vt 0.133614 0.771278
vt 0.131477 0.762085
vt 0.133631 0.762089
vt 0.131496 0.751897
vt 0.133650 0.751901
vt 0.131514 0.741709
vt 0.133669 0.741713
vt 0.131531 0.732519
vt 0.133685 0.732523
vt 0.141376 0.831380
vt 0.139222 0.824087
vt 0.141376 0.824087
vt 0.139222 0.814896
vt 0.141376 0.814896
vt 0.139222 0.804708
vt 0.141376 0.804708
vt 0.139222 0.794520
vt 0.141376 0.794520
vt 0.139222 0.785330
vt 0.141376 0.785330
vt 0.139222 0.778036
vt 0.141376 0.778035
vt 0.139215 0.768846
vt 0.141370 0.768844
vt 0.139207 0.758658
vt 0.141362 0.758657
vt 0.139200 0.748470
vt 0.141354 0.748469
vt 0.139193 0.739280
vt 0.141347 0.739278
vt 0.133614 0.824622
vt 0.131460 0.817328
vt 0.133614 0.817328
vt 0.131460 0.808137
vt 0.133614 0.808137
vt 0.131460 0.797949
vt 0.133614 0.797949
vt 0.131460 0.787761
vt 0.048479 0.161920
vt 0.052515 0.154000
vt 0.058800 0.147715
vt 0.066720 0.143679
vt 0.075500 0.142289
vt 0.084279 0.143679
vt 0.092199 0.147715
vt 0.098485 0.154000
vt 0.102520 0.161920
vt 0.103911 0.170700
vt 0.102520 0.179479
vt 0.098485 0.187399
vt 0.092199 0.193685
vt 0.084279 0.197720
vt 0.075500 0.199111
vt 0.066720 0.197720
vt 0.058800 0.193685
vt 0.052515 0.187399
vt 0.048479 0.179479
vt 0.047089 0.170700
vt 0.906836 0.494683
vt 0.910871 0.502602
vt 0.915675 0.510927
vt 0.925077 0.512924
vt 0.917157 0.508888
vt 0.933856 0.514314
vt 0.942636 0.512923
vt 0.956842 0.502603
vt 0.950556 0.508888
vt 0.963274 0.495461
vt 0.962267 0.485903
vt 0.960877 0.494682
vt 0.960877 0.477123
vt 0.950556 0.462918
vt 0.956842 0.469203
vt 0.943415 0.456486
vt 0.933856 0.457492
vt 0.942636 0.458883
vt 0.924298 0.456485
vt 0.925077 0.458882
vt 0.917157 0.462918
vt 0.908832 0.467722
vt 0.906836 0.477123
vt 0.910871 0.469204
vt 0.905446 0.485903
vt 0.379904 0.587838
vt 0.371985 0.583802
vt 0.365699 0.577517
vt 0.361663 0.569597
vt 0.360273 0.560817
vt 0.361663 0.552038
vt 0.365699 0.544118
vt 0.371984 0.537832
vt 0.379905 0.533797
vt 0.388684 0.532406
vt 0.397464 0.533797
vt 0.405384 0.537832
vt 0.411669 0.544118
vt 0.415704 0.552038
vt 0.417095 0.560817
vt 0.415705 0.569597
vt 0.411669 0.577517
vt 0.405383 0.583802
vt 0.397464 0.587838
vt 0.388684 0.589228
vt 0.980975 0.566928
vt 0.974351 0.575550
vt 0.974351 0.566928
vt 0.980975 0.560119
vt 0.974351 0.560050
vt 0.980971 0.551720
vt 0.974351 0.551581
vt 0.980966 0.542371
vt 0.974352 0.542232
vt 0.980961 0.533021
vt 0.974352 0.532883
vt 0.980957 0.524587
vt 0.974353 0.524449
vt 0.965463 0.395958
vt 0.958885 0.402801
vt 0.958885 0.395958
vt 0.958885 0.387335
vt 0.965463 0.387335
vt 0.958885 0.377777
vt 0.965463 0.377777
vt 0.965463 0.368219
vt 0.958885 0.368219
vt 0.958885 0.359596
vt 0.965463 0.359596
vt 0.965463 0.352750
vt 0.958885 0.352755
vt 0.965453 0.344125
vt 0.958890 0.344136
vt 0.958896 0.334579
vt 0.965441 0.334568
vt 0.958902 0.325022
vt 0.965429 0.325011
vt 0.958907 0.316400
vt 0.965418 0.316390
vt 0.980975 0.610133
vt 0.974351 0.603290
vt 0.980975 0.603289
vt 0.974351 0.594667
vt 0.980975 0.594667
vt 0.980975 0.585109
vt 0.974351 0.585109
vt 0.980975 0.575550
vt 0.861805 0.749760
vt 0.840127 0.763336
vt 0.853182 0.745367
vt 0.828370 0.751579
vt 0.846339 0.738524
vt 0.841945 0.729901
vt 0.820821 0.736765
vt 0.818220 0.720343
vt 0.840432 0.720343
vt 0.820822 0.703921
vt 0.841946 0.710784
vt 0.828371 0.689106
vt 0.846339 0.702162
vt 0.853182 0.695319
vt 0.840126 0.677349
vt 0.854942 0.669801
vt 0.861805 0.690925
vt 0.871363 0.689411
vt 0.871363 0.667200
vt 0.880921 0.690925
vt 0.887785 0.669801
vt 0.889544 0.695319
vt 0.902600 0.677349
vt 0.896388 0.702162
vt 0.914358 0.689106
vt 0.921905 0.703921
vt 0.900780 0.710785
vt 0.924505 0.720343
vt 0.902294 0.720343
vt 0.900781 0.729901
vt 0.921906 0.736765
vt 0.914358 0.751579
vt 0.896387 0.738524
vt 0.902600 0.763336
vt 0.889544 0.745367
vt 0.887785 0.770885
vt 0.880921 0.749760
vt 0.871363 0.773486
vt 0.871363 0.751274
vt 0.854941 0.770885
vt 0.918886 0.530335
vt 0.904647 0.552494
vt 0.900254 0.543872
vt 0.906948 0.518396
vt 0.893411 0.537029
vt 0.884788 0.532635
vt 0.891905 0.510731
vt 0.875230 0.508090
vt 0.875229 0.531121
vt 0.858554 0.510731
vt 0.865671 0.532635
vt 0.843511 0.518397
vt 0.857048 0.537029
vt 0.850205 0.543871
vt 0.831572 0.530334
vt 0.823908 0.545378
vt 0.845812 0.552495
vt 0.844298 0.562053
vt 0.821267 0.562053
vt 0.845812 0.571611
vt 0.823908 0.578728
vt 0.850205 0.580234
vt 0.831573 0.593772
vt 0.857049 0.587077
vt 0.843511 0.605711
vt 0.858554 0.613375
vt 0.865671 0.591470
vt 0.875230 0.616015
vt 0.875229 0.592984
vt 0.884788 0.591471
vt 0.891905 0.613376
vt 0.906948 0.605711
vt 0.893410 0.587077
vt 0.918886 0.593771
vt 0.900254 0.580233
vt 0.926551 0.578728
vt 0.904647 0.571611
vt 0.929192 0.562053
vt 0.906161 0.562053
vt 0.926551 0.545377
vt 0.919770 0.529693
vt 0.907590 0.517513
vt 0.907874 0.517122
vt 0.920160 0.529409
vt 0.838719 0.765274
vt 0.826584 0.752877
vt 0.838829 0.765122
vt 0.839319 0.764448
vt 0.827258 0.752387
vt 0.928049 0.544891
vt 0.927589 0.545040
vt 0.854259 0.772984
vt 0.854201 0.773162
vt 0.854516 0.772191
vt 0.892242 0.509692
vt 0.892392 0.509233
vt 0.826433 0.752987
vt 0.818721 0.737447
vt 0.819514 0.737189
vt 0.875230 0.506998
vt 0.875230 0.506515
vt 0.818543 0.737505
vt 0.816013 0.720343
vt 0.816846 0.720343
vt 0.858217 0.509693
vt 0.858068 0.509234
vt 0.815826 0.720343
vt 0.818722 0.703239
vt 0.819515 0.703496
vt 0.842869 0.517514
vt 0.842585 0.517123
vt 0.826433 0.687699
vt 0.826585 0.687809
vt 0.827259 0.688299
vt 0.830689 0.529692
vt 0.830299 0.529408
vt 0.838828 0.675563
vt 0.839318 0.676238
vt 0.822870 0.545041
vt 0.822410 0.544891
vt 0.854202 0.667524
vt 0.854259 0.667702
vt 0.854517 0.668494
vt 0.820175 0.562053
vt 0.819692 0.562053
vt 0.871363 0.664805
vt 0.871363 0.664993
vt 0.871363 0.665826
vt 0.822870 0.579066
vt 0.822410 0.579215
vt 0.888525 0.667524
vt 0.888467 0.667702
vt 0.888210 0.668494
vt 0.830690 0.594413
vt 0.830299 0.594697
vt 0.903897 0.675563
vt 0.903408 0.676238
vt 0.842869 0.606594
vt 0.842586 0.606985
vt 0.904007 0.675412
vt 0.916144 0.687809
vt 0.915469 0.688299
vt 0.858217 0.614413
vt 0.858067 0.614872
vt 0.916295 0.687699
vt 0.924004 0.703239
vt 0.923212 0.703496
vt 0.875230 0.617107
vt 0.875230 0.617590
vt 0.924182 0.703181
vt 0.926713 0.720343
vt 0.925879 0.720343
vt 0.892242 0.614414
vt 0.892392 0.614873
vt 0.926900 0.720343
vt 0.924006 0.737447
vt 0.923213 0.737190
vt 0.907589 0.606594
vt 0.907873 0.606985
vt 0.924184 0.737505
vt 0.916144 0.752877
vt 0.915469 0.752387
vt 0.919769 0.594413
vt 0.920160 0.594697
vt 0.904007 0.765274
vt 0.903897 0.765122
vt 0.903407 0.764448
vt 0.927589 0.579065
vt 0.928049 0.579215
vt 0.888467 0.772984
vt 0.888210 0.772191
vt 0.930284 0.562053
vt 0.930767 0.562053
vt 0.888525 0.773162
vt 0.871363 0.775693
vt 0.871363 0.774860
vt 0.871363 0.775880
vt 0.931275 0.219528
vt 0.931456 0.231473
vt 0.926881 0.228150
vt 0.923362 0.239567
vt 0.920038 0.234993
vt 0.911416 0.239387
vt 0.913163 0.244764
vt 0.901857 0.240901
vt 0.901857 0.246555
vt 0.890552 0.244764
vt 0.892299 0.239387
vt 0.880353 0.239567
vt 0.883676 0.234993
vt 0.876833 0.228150
vt 0.872259 0.231474
vt 0.867062 0.221274
vt 0.872440 0.219527
vt 0.870926 0.209969
vt 0.865272 0.209969
vt 0.872440 0.200411
vt 0.867062 0.198663
vt 0.876833 0.191788
vt 0.872259 0.188465
vt 0.883676 0.184945
vt 0.880353 0.180370
vt 0.890552 0.175174
vt 0.892299 0.180552
vt 0.901857 0.173384
vt 0.901857 0.179038
vt 0.911416 0.180551
vt 0.913163 0.175173
vt 0.923362 0.180370
vt 0.920038 0.184945
vt 0.931456 0.188465
vt 0.926881 0.191788
vt 0.936652 0.198664
vt 0.931275 0.200411
vt 0.938443 0.209969
vt 0.932789 0.209969
vt 0.936652 0.221275
vt 0.157599 0.372377
vt 0.141700 0.396906
vt 0.147401 0.372377
vt 0.139307 0.372377
vt 0.131460 0.396906
vt 0.289985 0.320294
vt 0.314515 0.304395
vt 0.314515 0.317298
vt 0.314515 0.331600
vt 0.289985 0.331600
vt 0.314515 0.345903
vt 0.289985 0.342906
vt 0.314515 0.358805
vt 0.289985 0.353105
vt 0.943419 0.523690
vt 0.967948 0.526082
vt 0.943419 0.531783
vt 0.967948 0.538985
vt 0.943419 0.541982
vt 0.967949 0.553288
vt 0.943419 0.553288
vt 0.943419 0.564593
vt 0.967948 0.567591
vt 0.943419 0.574792
vt 0.967948 0.580493
vt 0.967948 0.590732
vt 0.943419 0.582887
vt 0.179692 0.488430
vt 0.186894 0.463901
vt 0.189891 0.488430
vt 0.201196 0.463901
vt 0.201196 0.488430
vt 0.212502 0.488430
vt 0.215499 0.463901
vt 0.228401 0.463901
vt 0.222701 0.488430
vt 0.198504 0.372377
vt 0.196109 0.396906
vt 0.190409 0.372377
vt 0.180210 0.372377
vt 0.183207 0.396906
vt 0.168905 0.396906
vt 0.168905 0.372377
vt 0.154602 0.396906
vt 0.993685 0.325094
vt 0.999978 0.338651
vt 0.993685 0.338651
vt 0.999979 0.349411
vt 0.993685 0.349411
vt 0.993685 0.362968
vt 0.999978 0.362969
vt 0.999977 0.377997
vt 0.993685 0.377996
vt 0.999976 0.393025
vt 0.993685 0.393024
vt 0.999975 0.406583
vt 0.993685 0.406581
vt 0.999974 0.417342
vt 0.993684 0.417340
vt 0.999972 0.430900
vt 0.993684 0.430898
vt 0.999970 0.445928
vt 0.993684 0.445926
vt 0.999968 0.460957
vt 0.993684 0.460955
vt 0.999967 0.474514
vt 0.993684 0.474512
vt 0.999965 0.485273
vt 0.993683 0.485271
vt 0.993688 0.213547
vt 0.999995 0.227110
vt 0.993687 0.227104
vt 0.993686 0.242132
vt 0.999989 0.242138
vt 0.999984 0.257166
vt 0.993686 0.257160
vt 0.999979 0.270722
vt 0.993685 0.270719
vt 0.999978 0.281482
vt 0.993685 0.281482
vt 0.999978 0.295038
vt 0.993685 0.295038
vt 0.993685 0.310066
vt 0.999978 0.310066
vt 0.999978 0.325094
vt 0.974351 0.507806
vt 0.989328 0.491709
vt 0.989328 0.507806
vt 0.974351 0.520583
vt 0.989328 0.520583
vt 0.932746 0.161333
vt 0.927956 0.145218
vt 0.932746 0.145235
vt 0.932746 0.127389
vt 0.927956 0.127373
vt 0.932746 0.109545
vt 0.927956 0.109528
vt 0.927955 0.093435
vt 0.932744 0.093443
vt 0.927953 0.080663
vt 0.932742 0.080663
vt 0.932742 0.064564
vt 0.927953 0.064564
vt 0.932742 0.046719
vt 0.927953 0.046719
vt 0.927953 0.028874
vt 0.932742 0.028874
vt 0.927953 0.012776
vt 0.932742 0.012776
vt 0.927953 0.000000
vt 0.932742 -0.000000
vt 0.974356 0.359244
vt 0.989366 0.375371
vt 0.974356 0.375342
vt 0.974356 0.393185
vt 0.989365 0.393214
vt 0.974356 0.411031
vt 0.989365 0.411060
vt 0.989346 0.427152
vt 0.974354 0.427138
vt 0.989328 0.439922
vt 0.974351 0.439922
vt 0.989328 0.456019
vt 0.974351 0.456019
vt 0.974351 0.473863
vt 0.989328 0.473863
vt 0.974351 0.491709
vt 0.944860 0.223942
vt 0.939668 0.237440
vt 0.938438 0.236546
vt 0.928434 0.246549
vt 0.915830 0.252972
vt 0.901857 0.255185
vt 0.887884 0.252972
vt 0.875280 0.246549
vt 0.865277 0.236547
vt 0.858855 0.223941
vt 0.856642 0.209969
vt 0.858855 0.195997
vt 0.865277 0.183392
vt 0.875280 0.173388
vt 0.887885 0.166966
vt 0.901857 0.164754
vt 0.915829 0.166965
vt 0.928435 0.173388
vt 0.938438 0.183393
vt 0.944860 0.195997
vt 0.947073 0.209969
vt 0.916300 0.254418
vt 0.887414 0.254418
vt 0.874386 0.247779
vt 0.857408 0.224411
vt 0.857408 0.195527
vt 0.864046 0.182498
vt 0.887415 0.165519
vt 0.901857 0.163233
vt 0.929329 0.172158
vt 0.939668 0.182499
vt 0.946307 0.195527
vt 0.948594 0.209969
vt 0.946307 0.224412
vt 0.940178 0.237810
vt 0.946307 0.294123
vt 0.940178 0.280725
vt 0.946906 0.293929
vt 0.986431 0.709735
vt 0.994299 0.722938
vt 0.986431 0.722938
vt 0.994299 0.733417
vt 0.986431 0.733418
vt 0.986432 0.746623
vt 0.994300 0.746620
vt 0.994301 0.761257
vt 0.986434 0.761261
vt 0.994301 0.775895
vt 0.986436 0.775898
vt 0.994302 0.789099
vt 0.986438 0.789102
vt 0.985950 0.524465
vt 0.994293 0.534925
vt 0.986053 0.534943
vt 0.994296 0.548130
vt 0.986424 0.548147
vt 0.994301 0.562766
vt 0.986434 0.562783
vt 0.994305 0.577402
vt 0.986444 0.577420
vt 0.994309 0.590606
vt 0.986453 0.590623
vt 0.994312 0.601093
vt 0.986460 0.601095
vt 0.994309 0.614306
vt 0.986453 0.614292
vt 0.994305 0.628941
vt 0.986445 0.628928
vt 0.994302 0.643578
vt 0.986438 0.643564
vt 0.994299 0.656779
vt 0.986431 0.656773
vt 0.994299 0.667256
vt 0.986431 0.667256
vt 0.994299 0.680460
vt 0.986431 0.680460
vt 0.994299 0.695097
vt 0.986431 0.695097
vt 0.994299 0.709735
vt 0.929329 0.247780
vt 0.929329 0.270755
vt 0.929699 0.270245
vt 0.916495 0.255018
vt 0.916300 0.264117
vt 0.916495 0.263518
vt 0.901857 0.256706
vt 0.901857 0.261829
vt 0.901857 0.261199
vt 0.901857 0.257336
vt 0.887220 0.263517
vt 0.887220 0.255018
vt 0.874386 0.270756
vt 0.874016 0.270246
vt 0.874016 0.248289
vt 0.864046 0.237441
vt 0.864046 0.281094
vt 0.863537 0.280724
vt 0.856809 0.224606
vt 0.856809 0.293929
vt 0.854490 0.209969
vt 0.855120 0.209969
vt 0.857408 0.294124
vt 0.854490 0.308566
vt 0.857408 0.323008
vt 0.856809 0.323203
vt 0.863536 0.182128
vt 0.863536 0.336407
vt 0.874016 0.171647
vt 0.874386 0.172157
vt 0.864046 0.336037
vt 0.874016 0.346888
vt 0.887221 0.164920
vt 0.874386 0.346378
vt 0.887221 0.353615
vt 0.901857 0.162603
vt 0.887415 0.353016
vt 0.901857 0.355932
vt 0.916299 0.165519
vt 0.916299 0.353017
vt 0.916494 0.353616
vt 0.929699 0.171648
vt 0.929699 0.346887
vt 0.940178 0.182128
vt 0.929329 0.346377
vt 0.940178 0.336407
vt 0.946906 0.195332
vt 0.946307 0.323008
vt 0.946906 0.323203
vt 0.949224 0.209969
vt 0.948594 0.308566
vt 0.949224 0.308566
vt 0.946906 0.224607
vt 0.944860 0.294593
vt 0.939668 0.281095
vt 0.936652 0.297260
vt 0.938438 0.281989
vt 0.923362 0.278968
vt 0.931456 0.287062
vt 0.915830 0.265563
vt 0.928434 0.271986
vt 0.901857 0.271980
vt 0.913163 0.273771
vt 0.887884 0.265563
vt 0.901857 0.263350
vt 0.890552 0.273771
vt 0.875280 0.271986
vt 0.872259 0.287061
vt 0.880353 0.278968
vt 0.858855 0.294594
vt 0.865277 0.281988
vt 0.865272 0.308566
vt 0.867062 0.297261
vt 0.858855 0.322538
vt 0.856642 0.308566
vt 0.867062 0.319872
vt 0.865277 0.335143
vt 0.880353 0.338165
vt 0.872259 0.330070
vt 0.887885 0.351569
vt 0.875280 0.345147
vt 0.890552 0.343361
vt 0.901857 0.353781
vt 0.913163 0.343362
vt 0.901857 0.345151
vt 0.928435 0.345147
vt 0.915829 0.351570
vt 0.923362 0.338165
vt 0.938438 0.335142
vt 0.936652 0.319871
vt 0.931456 0.330070
vt 0.938443 0.308566
vt 0.944860 0.322538
vt 0.947073 0.308566
vt 0.887414 0.264117
vt 0.855120 0.308566
vt 0.901857 0.355302
vt 0.939668 0.336036
vt 0.429825 0.819973
vt 0.447801 0.819563
vt 0.442727 0.826547
vt 0.452967 0.836786
vt 0.459951 0.831712
vt 0.459542 0.849689
vt 0.467752 0.847021
vt 0.470438 0.863991
vt 0.461806 0.863991
vt 0.467750 0.880961
vt 0.459540 0.878294
vt 0.452967 0.891196
vt 0.459950 0.896270
vt 0.442728 0.901435
vt 0.447802 0.908419
vt 0.432492 0.916220
vt 0.429824 0.908009
vt 0.415522 0.910275
vt 0.415522 0.918907
vt 0.401219 0.908009
vt 0.398551 0.916220
vt 0.388317 0.901435
vt 0.383243 0.908419
vt 0.378078 0.891196
vt 0.371094 0.896270
vt 0.363296 0.880961
vt 0.371506 0.878293
vt 0.369239 0.863991
vt 0.360607 0.863991
vt 0.371501 0.849689
vt 0.363290 0.847021
vt 0.371093 0.831712
vt 0.378077 0.836786
vt 0.383244 0.819563
vt 0.388318 0.826547
vt 0.401220 0.819973
vt 0.398553 0.811763
vt 0.415522 0.817707
vt 0.415522 0.809075
vt 0.432493 0.811763
vt 0.135154 0.840862
vt 0.136988 0.858105
vt 0.130080 0.844548
vt 0.119321 0.833788
vt 0.123007 0.828714
vt 0.105764 0.826880
vt 0.107702 0.820915
vt 0.090735 0.818229
vt 0.090735 0.824501
vt 0.073769 0.820917
vt 0.075707 0.826882
vt 0.062150 0.833789
vt 0.058463 0.828715
vt 0.051391 0.844547
vt 0.046316 0.840861
vt 0.038518 0.856167
vt 0.044483 0.858105
vt 0.042103 0.873133
vt 0.035831 0.873134
vt 0.044483 0.888162
vt 0.038518 0.890101
vt 0.051391 0.901719
vt 0.046316 0.905406
vt 0.058463 0.917552
vt 0.062150 0.912478
vt 0.073769 0.925349
vt 0.075707 0.919384
vt 0.090735 0.921765
vt 0.090736 0.928037
vt 0.105764 0.919389
vt 0.107702 0.925354
vt 0.123007 0.917553
vt 0.119321 0.912479
vt 0.135154 0.905404
vt 0.130080 0.901718
vt 0.136987 0.888161
vt 0.142952 0.890099
vt 0.139368 0.873133
vt 0.145640 0.873134
vt 0.142953 0.856167
vt 0.135989 0.840255
vt 0.123614 0.827879
vt 0.448403 0.818734
vt 0.964233 0.168644
vt 0.955028 0.156271
vt 0.964233 0.156265
vt 0.143935 0.855848
vt 0.955028 0.184239
vt 0.955028 0.168646
vt 0.432809 0.810788
vt 0.108021 0.819933
vt 0.460780 0.831110
vt 0.955029 0.140680
vt 0.964232 0.140671
vt 0.090735 0.817197
vt 0.471463 0.863991
vt 0.955030 0.123395
vt 0.964231 0.123385
vt 0.073450 0.819935
vt 0.468725 0.881278
vt 0.964231 0.106099
vt 0.057856 0.827879
vt 0.460780 0.896873
vt 0.955031 0.106110
vt 0.964230 0.090510
vt 0.045481 0.840254
vt 0.955031 0.078134
vt 0.964230 0.078139
vt 0.037536 0.855848
vt 0.432809 0.917194
vt 0.955031 0.062539
vt 0.964230 0.062544
vt 0.034798 0.873134
vt 0.955031 0.045254
vt 0.964230 0.045257
vt 0.037536 0.890420
vt 0.415522 0.919932
vt 0.955031 0.027968
vt 0.964231 0.027970
vt 0.045481 0.906013
vt 0.398235 0.917194
vt 0.955030 0.012376
vt 0.964231 0.012376
vt 0.057856 0.918388
vt 0.382641 0.909249
vt 0.964231 -0.000000
vt 0.073450 0.926331
vt 0.362321 0.881278
vt 0.955019 0.312528
vt 0.964239 0.296915
vt 0.964240 0.312503
vt 0.090735 0.929070
vt 0.955021 0.296940
vt 0.964237 0.279634
vt 0.108021 0.926336
vt 0.359582 0.863991
vt 0.955023 0.279662
vt 0.964235 0.262355
vt 0.123614 0.918389
vt 0.370264 0.831110
vt 0.955028 0.246788
vt 0.964233 0.246775
vt 0.135989 0.906011
vt 0.955028 0.234402
vt 0.964233 0.234405
vt 0.143934 0.890418
vt 0.382642 0.818734
vt 0.955028 0.218809
vt 0.964233 0.218811
vt 0.146672 0.873134
vt 0.398236 0.810788
vt 0.955028 0.201525
vt 0.964233 0.201525
vt 0.964233 0.184237
vt 0.415522 0.808050
vt 0.344012 0.554519
vt 0.343545 0.535605
vt 0.350920 0.540962
vt 0.361679 0.530202
vt 0.356321 0.522828
vt 0.375236 0.523294
vt 0.372419 0.514625
vt 0.390265 0.511800
vt 0.390264 0.520915
vt 0.408109 0.514627
vt 0.405292 0.523295
vt 0.418850 0.530202
vt 0.424207 0.522828
vt 0.429609 0.540961
vt 0.436983 0.535603
vt 0.445185 0.551703
vt 0.436517 0.554519
vt 0.438897 0.569547
vt 0.448012 0.569547
vt 0.436517 0.584576
vt 0.445185 0.587393
vt 0.429609 0.598133
vt 0.436983 0.603491
vt 0.418850 0.608892
vt 0.424207 0.616267
vt 0.408109 0.624466
vt 0.405292 0.615798
vt 0.390264 0.618179
vt 0.390266 0.627294
vt 0.375236 0.615802
vt 0.372420 0.624472
vt 0.356320 0.616266
vt 0.361679 0.608893
vt 0.343546 0.603489
vt 0.350920 0.598131
vt 0.344012 0.584575
vt 0.335344 0.587392
vt 0.341632 0.569547
vt 0.332517 0.569547
vt 0.335343 0.551702
vt 0.539097 0.804510
vt 0.523000 0.812713
vt 0.551874 0.791735
vt 0.562902 0.757792
vt 0.560077 0.775637
vt 0.560075 0.739947
vt 0.551874 0.723849
vt 0.522999 0.702871
vt 0.539099 0.711073
vt 0.505155 0.700044
vt 0.471212 0.711073
vt 0.487309 0.702871
vt 0.450236 0.739947
vt 0.458435 0.723849
vt 0.447408 0.757790
vt 0.458436 0.791736
vt 0.450230 0.775637
vt 0.471213 0.804510
vt 0.487310 0.812712
vt 0.505155 0.815539
vt 0.549812 0.819259
vt 0.528634 0.830051
vt 0.566622 0.802452
vt 0.581132 0.757791
vt 0.577415 0.781270
vt 0.577413 0.734314
vt 0.566623 0.713134
vt 0.528633 0.685533
vt 0.549814 0.696325
vt 0.505155 0.681814
vt 0.460496 0.696325
vt 0.481676 0.685533
vt 0.432898 0.734314
vt 0.443686 0.713135
vt 0.429178 0.757788
vt 0.443689 0.802453
vt 0.432892 0.781269
vt 0.460499 0.819259
vt 0.481677 0.830050
vt 0.505154 0.833769
vt 0.815527 0.339559
vt 0.800361 0.318386
vt 0.815526 0.318380
vt 0.815526 0.301571
vt 0.800361 0.301577
vt 0.815526 0.280390
vt 0.800361 0.280395
vt 0.800361 0.256916
vt 0.815525 0.256910
vt 0.800360 0.233439
vt 0.815525 0.233433
vt 0.800360 0.212258
vt 0.815524 0.212255
vt 0.815524 0.195448
vt 0.800360 0.195448
vt 0.815524 0.174267
vt 0.800360 0.174267
vt 0.800360 0.150789
vt 0.815524 0.150789
vt 0.800360 0.127310
vt 0.815524 0.127310
vt 0.800360 0.106130
vt 0.815524 0.106130
vt 0.800360 0.089319
vt 0.815524 0.089321
vt 0.800360 0.068139
vt 0.815524 0.068143
vt 0.800360 0.044666
vt 0.815525 0.044669
vt 0.800361 0.021184
vt 0.815525 0.021188
vt 0.800361 -0.000000
vt 0.815525 0.000004
vt 0.815528 0.407693
vt 0.800363 0.424510
vt 0.800363 0.407699
vt 0.815528 0.386516
vt 0.800362 0.386522
vt 0.815527 0.363038
vt 0.800362 0.363044
vt 0.800362 0.339565
vt 0.795932 0.794778
vt 0.802478 0.821590
vt 0.787729 0.810875
vt 0.774954 0.823651
vt 0.785671 0.838399
vt 0.758856 0.831854
vt 0.764489 0.849193
vt 0.741010 0.852910
vt 0.741010 0.834680
vt 0.717533 0.849191
vt 0.723166 0.831853
vt 0.707068 0.823651
vt 0.696353 0.838400
vt 0.694292 0.810876
vt 0.679543 0.821592
vt 0.668752 0.800410
vt 0.686090 0.794777
vt 0.683263 0.776932
vt 0.665033 0.776932
vt 0.686090 0.759087
vt 0.668752 0.753453
vt 0.679544 0.732274
vt 0.694292 0.742989
vt 0.707068 0.730213
vt 0.696354 0.715464
vt 0.717533 0.704676
vt 0.723166 0.722013
vt 0.741010 0.719186
vt 0.741007 0.700956
vt 0.758856 0.722008
vt 0.764488 0.704669
vt 0.785672 0.715466
vt 0.774955 0.730213
vt 0.802478 0.732277
vt 0.787729 0.742991
vt 0.795931 0.759088
vt 0.813269 0.753454
vt 0.798758 0.776932
vt 0.816988 0.776932
vt 0.813270 0.800411
vt 0.000000 0.088269
vt 0.020288 0.140427
vt 0.020288 0.150037
vt 0.413713 0.027321
vt 0.418534 0.083028
vt 0.413713 0.091697
vt 0.418534 0.016299
vt 0.426044 0.076148
vt 0.426044 0.007551
vt 0.435508 0.071731
vt 0.435508 0.001935
vt 0.445998 0.070209
vt 0.357428 0.217975
vt 0.405057 0.207485
vt 0.406906 0.217975
vt 0.355901 0.207485
vt 0.399690 0.198022
vt 0.351472 0.198022
vt 0.391332 0.190512
vt 0.344574 0.190512
vt 0.380799 0.185690
vt 0.104299 0.354734
vt 0.126866 0.387976
vt 0.126866 0.399651
vt 0.068956 0.000000
vt 0.113360 0.022568
vt 0.057281 0.000000
vt 0.526738 0.271432
vt 0.531559 0.227926
vt 0.531559 0.281965
vt 0.519227 0.263074
vt 0.526738 0.219233
vt 0.509764 0.257707
vt 0.519227 0.212335
vt 0.499274 0.255858
vt 0.509764 0.207906
vt 0.219734 0.281742
vt 0.151048 0.271252
vt 0.221256 0.271252
vt 0.215317 0.291205
vt 0.149113 0.281742
vt 0.208437 0.298715
vt 0.143497 0.291205
vt 0.199768 0.303537
vt 0.134749 0.298715
vt 0.190641 0.106578
vt 0.257072 0.126866
vt 0.181031 0.106578
vt 0.000000 0.130361
vt 0.020288 0.209011
vt 0.039398 0.205323
vt 0.039398 0.260040
vt 0.061108 0.250181
vt 0.061108 0.303581
vt 0.085390 0.270346
vt 0.085390 0.323960
vt 0.104298 0.286292
vt 0.104299 0.345098
vt 0.126866 0.342370
vt 0.054553 0.022567
vt 0.075692 0.041476
vt 0.129306 0.041476
vt 0.096070 0.065758
vt 0.149471 0.065758
vt 0.139611 0.087468
vt 0.194329 0.087468
vt 0.249615 0.106578
vt 0.269290 0.126866
vt 0.445998 0.000000
vt 0.499274 0.070209
vt 0.499274 0.123366
vt 0.445998 0.123366
vt 0.445998 0.167566
vt 0.499274 0.187838
vt 0.445998 0.187838
vt 0.445998 0.206380
vt 0.445998 0.255858
vt 0.151048 0.217975
vt 0.221256 0.217975
vt 0.274414 0.271252
vt 0.318614 0.217975
vt 0.318614 0.271252
vt 0.338886 0.217975
vt 0.338886 0.271252
vt 0.357428 0.271252
vt 0.406906 0.271252
vt 0.219734 0.207485
vt 0.149113 0.207485
vt 0.215317 0.198022
vt 0.143497 0.198022
vt 0.208437 0.190512
vt 0.134749 0.190512
vt 0.199768 0.185690
vt 0.000000 0.142579
vt 0.020288 0.218620
vt 0.435508 0.124993
vt 0.426044 0.129712
vt 0.418534 0.137063
vt 0.039398 0.195055
vt 0.413713 0.146325
vt 0.272788 0.207485
vt 0.274414 0.217975
vt 0.268069 0.198022
vt 0.260718 0.190512
vt 0.251455 0.185690
vt 0.039398 0.270308
vt 0.435508 0.169224
vt 0.426044 0.174037
vt 0.418534 0.181534
vt 0.061108 0.239710
vt 0.413713 0.190979
vt 0.316955 0.207485
vt 0.312142 0.198022
vt 0.304646 0.190512
vt 0.295200 0.185690
vt 0.061108 0.314052
vt 0.435508 0.189491
vt 0.426044 0.194289
vt 0.418534 0.201761
vt 0.085390 0.259908
vt 0.085390 0.250492
vt 0.337232 0.207485
vt 0.332435 0.198022
vt 0.324962 0.190512
vt 0.061108 0.323498
vt 0.085390 0.334398
vt 0.085390 0.343814
vt 0.435508 0.207906
vt 0.426044 0.212335
vt 0.418534 0.219233
vt 0.104299 0.276656
vt 0.104299 0.267964
vt 0.104299 0.363426
vt 0.435508 0.257707
vt 0.426044 0.263074
vt 0.418534 0.271432
vt 0.126866 0.330695
vt 0.413713 0.227926
vt 0.413713 0.281965
vt 0.405057 0.281742
vt 0.399690 0.291205
vt 0.355901 0.281742
vt 0.391332 0.298715
vt 0.351472 0.291205
vt 0.380799 0.303537
vt 0.344574 0.298715
vt 0.011675 0.000000
vt 0.044918 0.022567
vt 0.000000 0.000000
vt 0.499274 0.206380
vt 0.509764 0.189491
vt 0.519227 0.194289
vt 0.526738 0.201761
vt 0.122996 0.022568
vt 0.131688 0.022568
vt 0.139744 0.041476
vt 0.337232 0.281742
vt 0.332435 0.291205
vt 0.055838 0.041476
vt 0.036225 0.022567
vt 0.065254 0.041476
vt 0.509764 0.169224
vt 0.519227 0.174037
vt 0.526738 0.181534
vt 0.149160 0.041476
vt 0.159942 0.065758
vt 0.316955 0.281742
vt 0.324962 0.298715
vt 0.312142 0.291205
vt 0.076153 0.065758
vt 0.085599 0.065758
vt 0.499274 0.167566
vt 0.509764 0.124993
vt 0.519227 0.129712
vt 0.526738 0.137063
vt 0.531559 0.146325
vt 0.531559 0.190979
vt 0.272788 0.281742
vt 0.304646 0.298715
vt 0.268069 0.291205
vt 0.295200 0.303537
vt 0.260718 0.298715
vt 0.129344 0.087468
vt 0.509764 0.071731
vt 0.519227 0.076148
vt 0.526738 0.083028
vt 0.204596 0.087468
vt 0.531559 0.091697
vt 0.251455 0.303537
vt 0.509764 0.001935
vt 0.519227 0.007551
vt 0.526738 0.016299
vt 0.259225 0.106578
vt 0.311382 0.126866
vt 0.531559 0.027321
vt 0.569712 0.549122
vt 0.760892 0.252189
vt 0.677640 0.422543
vt 0.572238 0.232793
vt 0.677640 0.232793
vt 0.515058 0.411195
vt 0.572238 0.422543
vt 0.151500 0.127169
vt 0.289428 0.181824
vt 0.000000 0.192158
vt 0.000000 0.525259
vt 0.105402 0.715010
vt 0.717108 0.501786
vt 0.000000 0.715010
vt 0.054655 0.330086
vt 0.105402 0.525259
vt 0.275227 0.366217
vt 0.413155 0.420872
vt 0.429178 0.267691
vt 0.537440 0.063524
vt 0.642842 0.253275
vt 0.604980 0.735950
vt 0.537440 0.253275
vt 0.483833 0.405618
vt 0.642842 0.063524
vt 0.259761 0.058814
vt 0.397689 0.113469
vt 0.688232 0.505653
vt 0.847247 0.507198
vt 0.028896 0.050238
vt 0.320917 0.384576
vt 0.984713 0.000000
vt 0.984713 0.179622
vt 0.966618 0.848116
vt 0.946048 0.681821
vt 0.391553 0.424739
vt 0.354719 0.471952
vt 0.047213 0.408217
vt 0.313184 0.164549
vt 0.405980 0.291715
vt 0.288661 0.027168
vt 0.152410 0.106593
vt 0.564608 0.344970
vt 0.112128 0.183616
vt 0.246130 0.148767
vt 0.549142 0.373640
vt 0.315726 0.177728
vt 0.939553 0.096149
vt 0.897022 0.277316
vt 0.000178 0.054104
vt 0.382539 0.168415
vt 0.398247 0.677888
vt 0.131460 0.406303
vt 0.484749 0.662961
vt 0.960549 0.781222
vt 0.400788 0.101031
vt 0.483309 0.547557
vt 0.866090 0.371823
vt 0.218586 0.865348
vt 0.695973 0.000000
vt 0.000018 0.298945
vt 0.908055 0.662487
vt 0.908055 0.618372
vt 0.938414 0.602903
vt 0.960471 0.610070
vt 0.968773 0.662487
vt 0.860513 0.911815
vt 0.865843 0.945468
vt 0.799794 0.955930
vt 0.999228 0.000035
vt 0.662182 0.000015
vt 0.884328 0.925093
vt 0.894649 0.956857
vt 0.928048 0.956857
vt 0.928049 0.910887
vt 0.262928 0.825906
vt 0.570366 0.654660
vt 0.000000 0.979432
vt 0.695965 0.774888
vt 0.757020 0.730529
vt 0.264704 0.869071
vt 0.345335 0.869071
vt 0.345335 0.927653
vt 0.320419 0.945755
vt 0.923807 0.000000
vt 0.854490 0.047427
vt 0.380786 0.479273
vt 0.112155 0.564769
vt 0.334285 0.006934
vt 0.278386 0.669829
vt 0.085688 0.139345
vt 0.094878 0.197372
vt 0.075500 0.203668
vt 0.056121 0.197372
vt 0.357329 0.571005
vt 0.415357 0.541439
vt 0.421653 0.560817
vt 0.415356 0.580196
vt 0.045719 0.787704
vt 0.093318 0.772238
vt 0.073459 0.733262
vt 0.054342 0.733262
vt 0.347982 0.388978
vt 0.946152 0.000000
vt 0.139222 0.831380
vt 0.131460 0.824622
vt 0.965463 0.402801
vt 0.974351 0.610133
vt 0.818544 0.703181
vt 0.838718 0.675412
vt 0.916295 0.752987
vt 0.289985 0.310095
vt 0.967949 0.515843
vt 0.173991 0.463901
vt 0.206350 0.396906
vt 1.000000 0.213552
vt 0.927957 0.161317
vt 0.989367 0.359273
vt 0.994290 0.524448
vt 0.929699 0.248290
vt 0.863537 0.237811
vt 0.856809 0.195332
vt 0.916494 0.164919
vt 0.468726 0.846704
vt 0.955032 0.090513
vt 0.448404 0.909249
vt 0.370265 0.896872
vt 0.955030 0.000001
vt 0.362316 0.846704
vt 0.955026 0.262383
vt 0.815529 0.424504
vt 0.000000 0.076051
vt 0.335882 0.185690
vt 0.123727 0.303537
vt 0.499274 0.000000
vt 0.123727 0.185690
vt 0.061108 0.230264
vt 0.335882 0.303537
vt 0.169388 0.065758
vt 0.323601 0.126866
s 1
usemtl lambert1
f 18/1/1 20/2/2 19/3/3
f 17/4/4 21/5/5 20/6/2
f 16/7/6 22/8/7 21/5/5
f 15/9/8 23/10/9 22/8/7
f 14/11/10 24/12/11 23/10/9
f 66/13/12 74/14/13 73/15/14
f 65/16/15 75/17/16 74/14/13
f 64/18/17 76/19/18 75/17/16
f 63/20/19 77/21/20 76/19/18
f 62/22/21 78/23/22 77/24/20
f 100/25/23 103/26/24 101/27/25
f 99/28/26 104/29/27 100/30/23
f 98/31/28 105/32/29 99/28/26
f 97/33/30 106/34/31 98/31/28
f 102/35/32 107/36/33 97/33/30
f 149/37/34 157/38/35 150/39/36
f 148/40/37 158/41/38 149/37/34
f 147/42/39 159/43/40 148/40/37
f 146/44/41 160/45/42 147/42/39
f 145/46/43 161/47/44 146/48/41
f 2/49/45 19/3/3 7/50/46
f 7/50/46 31/51/47 25/52/48
f 25/52/48 43/53/49 37/54/50
f 37/54/50 55/55/51 49/56/52
f 49/56/52 67/57/53 61/58/54
f 61/58/54 80/59/55 78/23/22
f 91/60/56 101/27/25 103/26/24
f 103/26/24 109/61/57 91/60/56
f 115/62/58 121/63/59 109/61/57
f 127/64/60 133/65/61 121/63/59
f 139/66/62 145/46/43 133/65/61
f 151/67/63 162/68/64 145/46/43
f 24/12/11 163/69/65 156/70/66
f 156/70/66 36/71/67 24/12/11
f 36/71/67 132/72/68 48/73/69
f 132/72/68 60/74/70 48/73/69
f 120/75/71 72/76/72 60/74/70
f 108/77/73 79/78/74 72/76/72
f 157/38/35 12/79/75 150/39/36
f 150/39/36 30/80/76 138/81/77
f 30/80/76 126/82/78 138/81/77
f 42/83/79 114/84/80 126/82/78
f 54/85/81 96/86/82 114/84/80
f 96/86/82 73/15/14 89/87/83
f 1/88/84 11/89/85 12/79/75
f 6/90/86 10/91/87 11/89/85
f 5/92/88 9/93/89 10/91/87
f 4/94/90 8/95/91 9/93/89
f 3/96/92 7/50/46 8/97/91
f 23/10/9 36/71/67 35/98/93
f 22/8/7 35/98/93 34/99/94
f 21/5/5 34/99/94 33/100/95
f 19/3/3 32/101/96 31/51/47
f 20/6/2 33/100/95 32/102/96
f 12/79/75 29/103/97 30/80/76
f 11/89/85 28/104/98 29/103/97
f 10/91/87 27/105/99 28/104/98
f 9/93/89 26/106/100 27/105/99
f 8/97/91 25/52/48 26/107/100
f 35/98/93 48/73/69 47/108/101
f 34/99/94 47/108/101 46/109/102
f 33/100/95 46/109/102 45/110/103
f 31/51/47 44/111/104 43/53/49
f 32/102/96 45/110/103 44/112/104
f 30/80/76 41/113/105 42/83/79
f 29/103/97 40/114/106 41/113/105
f 28/104/98 39/115/107 40/114/106
f 27/105/99 38/116/108 39/115/107
f 26/107/100 37/54/50 38/117/108
f 47/108/101 60/74/70 59/118/109
f 46/109/102 59/118/109 58/119/110
f 45/110/103 58/119/110 57/120/111
f 43/53/49 56/121/112 55/55/51
f 44/111/104 57/122/111 56/121/112
f 42/83/79 53/123/113 54/85/81
f 41/113/105 52/124/114 53/123/113
f 40/114/106 51/125/115 52/124/114
f 39/126/107 50/127/116 51/128/115
f 38/117/108 49/56/52 50/127/116
f 59/118/109 72/76/72 71/129/117
f 58/119/110 71/129/117 70/130/118
f 57/120/111 70/130/118 69/131/119
f 55/55/51 68/132/120 67/57/53
f 56/121/112 69/133/119 68/132/120
f 54/85/81 65/16/15 66/13/12
f 53/123/113 64/18/17 65/16/15
f 52/124/114 63/20/19 64/18/17
f 51/128/115 62/22/21 63/134/19
f 50/127/116 61/58/54 62/22/21
f 71/129/117 79/78/74 84/135/121
f 70/130/118 84/135/121 83/136/122
f 69/131/119 83/136/122 82/137/123
f 67/57/53 81/138/124 80/59/55
f 68/139/120 82/137/123 81/140/124
f 88/141/125 96/86/82 89/87/83
f 87/142/126 95/143/127 88/141/125
f 86/144/128 94/145/129 87/142/126
f 85/146/130 93/147/131 86/144/128
f 90/148/132 92/149/133 85/150/130
f 108/77/73 119/151/134 107/36/33
f 107/36/33 118/152/135 106/34/31
f 106/34/31 117/153/136 105/32/29
f 104/154/27 115/62/58 103/26/24
f 105/155/29 116/156/137 104/154/27
f 95/143/127 114/84/80 96/86/82
f 94/145/129 113/157/138 95/143/127
f 93/147/131 112/158/139 94/145/129
f 92/149/133 111/159/140 93/160/131
f 91/60/56 110/161/141 92/149/133
f 120/75/71 131/162/142 119/151/134
f 119/151/134 130/163/143 118/152/135
f 118/152/135 129/164/144 117/153/136
f 116/156/137 127/64/60 115/62/58
f 117/165/136 128/166/145 116/156/137
f 113/157/138 126/82/78 114/84/80
f 112/158/139 125/167/146 113/157/138
f 111/168/140 124/169/147 112/158/139
f 110/161/141 123/170/148 111/159/140
f 109/61/57 122/171/149 110/161/141
f 132/72/68 143/172/150 131/162/142
f 131/162/142 142/173/151 130/163/143
f 130/163/143 141/174/152 129/164/144
f 128/166/145 139/66/62 127/64/60
f 129/164/144 140/175/153 128/176/145
f 125/167/146 138/81/77 126/82/78
f 124/169/147 137/177/154 125/167/146
f 123/178/148 136/179/155 124/169/147
f 122/180/149 135/181/156 123/178/148
f 121/63/59 134/182/157 122/171/149
f 144/183/158 155/184/159 143/172/150
f 143/172/150 154/185/160 142/173/151
f 142/173/151 153/186/161 141/174/152
f 140/187/153 151/67/63 139/66/62
f 141/174/152 152/188/162 140/175/153
f 137/177/154 150/39/36 138/81/77
f 136/179/155 149/37/34 137/177/154
f 135/181/156 148/40/37 136/179/155
f 134/189/157 147/42/39 135/181/156
f 133/65/61 146/48/41 134/182/157
f 156/70/66 168/190/163 155/184/159
f 155/184/159 167/191/164 154/185/160
f 154/185/160 166/192/165 153/186/161
f 152/193/162 164/194/166 151/67/63
f 153/186/161 165/195/167 152/188/162
f 186/196/168 188/197/169 187/198/170
f 185/199/171 189/200/172 188/201/169
f 184/202/173 190/203/174 189/200/172
f 183/204/175 191/205/176 190/203/174
f 182/206/177 192/207/178 191/205/176
f 234/208/179 242/209/180 241/210/181
f 233/211/182 243/212/183 242/209/180
f 232/213/184 244/214/185 243/212/183
f 231/215/186 245/216/187 244/214/185
f 230/217/188 246/218/189 245/219/187
f 268/220/190 271/221/191 269/222/192
f 267/223/193 272/224/194 268/225/190
f 266/226/195 273/227/196 267/223/193
f 265/228/197 274/229/198 266/226/195
f 270/230/199 275/231/200 265/228/197
f 317/232/201 325/233/202 318/234/203
f 316/235/204 326/236/205 317/232/201
f 315/237/206 327/238/207 316/235/204
f 314/239/208 328/240/209 315/237/206
f 313/241/210 329/242/211 314/243/208
f 170/244/212 187/198/170 175/245/213
f 175/245/213 199/246/214 193/247/215
f 193/247/215 211/248/216 205/249/217
f 205/249/217 223/250/218 217/251/219
f 217/251/219 235/252/220 229/253/221
f 229/253/221 248/254/222 246/218/189
f 259/255/223 269/222/192 271/221/191
f 271/221/191 277/256/224 259/255/223
f 283/257/225 289/258/226 277/256/224
f 295/259/227 301/260/228 289/258/226
f 307/261/229 313/241/210 301/260/228
f 319/262/230 330/263/231 313/241/210
f 181/264/232 324/265/233 192/207/178
f 324/265/233 204/266/234 192/207/178
f 312/267/235 216/268/236 204/266/234
f 300/269/237 228/270/238 216/268/236
f 228/270/238 276/271/239 240/272/240
f 276/271/239 247/273/241 240/272/240
f 325/233/202 180/274/242 318/234/203
f 318/234/203 198/275/243 306/276/244
f 306/276/244 210/277/245 294/278/246
f 294/278/246 222/279/247 282/280/248
f 222/279/247 264/281/249 282/280/248
f 264/281/249 241/210/181 257/282/250
f 169/283/251 179/284/252 180/274/242
f 174/285/253 178/286/254 179/284/252
f 173/287/255 177/288/256 178/286/254
f 172/289/257 176/290/258 177/288/256
f 171/291/259 175/245/213 176/292/258
f 191/205/176 204/266/234 203/293/260
f 190/203/174 203/293/260 202/294/261
f 189/200/172 202/294/261 201/295/262
f 187/198/170 200/296/263 199/246/214
f 188/201/169 201/295/262 200/297/263
f 180/274/242 197/298/264 198/275/243
f 179/284/252 196/299/265 197/298/264
f 178/286/254 195/300/266 196/299/265
f 177/288/256 194/301/267 195/300/266
f 176/292/258 193/247/215 194/302/267
f 203/293/260 216/268/236 215/303/268
f 202/294/261 215/303/268 214/304/269
f 201/295/262 214/304/269 213/305/270
f 199/246/214 212/306/271 211/248/216
f 200/297/263 213/305/270 212/307/271
f 198/275/243 209/308/272 210/277/245
f 197/298/264 208/309/273 209/308/272
f 196/299/265 207/310/274 208/309/273
f 195/300/266 206/311/275 207/310/274
f 194/302/267 205/249/217 206/312/275
f 215/303/268 228/270/238 227/313/276
f 214/304/269 227/313/276 226/314/277
f 213/305/270 226/314/277 225/315/278
f 211/248/216 224/316/279 223/250/218
f 212/306/271 225/317/278 224/316/279
f 210/277/245 221/318/280 222/279/247
f 209/308/272 220/319/281 221/318/280
f 208/309/273 219/320/282 220/319/281
f 207/321/274 218/322/283 219/323/282
f 206/312/275 217/251/219 218/322/283
f 227/313/276 240/272/240 239/324/284
f 226/314/277 239/324/284 238/325/285
f 225/315/278 238/325/285 237/326/286
f 223/250/218 236/327/287 235/252/220
f 224/316/279 237/328/286 236/327/287
f 222/279/247 233/211/182 234/208/179
f 221/318/280 232/213/184 233/211/182
f 220/319/281 231/215/186 232/213/184
f 219/323/282 230/217/188 231/329/186
f 218/322/283 229/253/221 230/217/188
f 239/324/284 247/273/241 252/330/288
f 238/325/285 252/330/288 251/331/289
f 237/326/286 251/331/289 250/332/290
f 235/252/220 249/333/291 248/254/222
f 236/334/287 250/332/290 249/335/291
f 256/336/292 264/281/249 257/282/250
f 255/337/293 263/338/294 256/336/292
f 254/339/295 262/340/296 255/337/293
f 253/341/297 261/342/298 254/339/295
f 258/343/299 260/344/300 253/345/297
f 276/271/239 287/346/301 275/231/200
f 275/231/200 286/347/302 274/229/198
f 274/229/198 285/348/303 273/227/196
f 272/349/194 283/257/225 271/221/191
f 273/350/196 284/351/304 272/349/194
f 263/338/294 282/280/248 264/281/249
f 262/340/296 281/352/305 263/338/294
f 261/342/298 280/353/306 262/340/296
f 260/344/300 279/354/307 261/355/298
f 259/255/223 278/356/308 260/344/300
f 288/357/309 299/358/310 287/346/301
f 287/346/301 298/359/311 286/347/302
f 286/347/302 297/360/312 285/348/303
f 284/351/304 295/259/227 283/257/225
f 285/361/303 296/362/313 284/351/304
f 281/352/305 294/278/246 282/280/248
f 280/353/306 293/363/314 281/352/305
f 279/364/307 292/365/315 280/353/306
f 278/356/308 291/366/316 279/354/307
f 277/256/224 290/367/317 278/356/308
f 300/269/237 311/368/318 299/358/310
f 299/358/310 310/369/319 298/359/311
f 298/359/311 309/370/320 297/360/312
f 296/362/313 307/261/229 295/259/227
f 297/360/312 308/371/321 296/372/313
f 293/363/314 306/276/244 294/278/246
f 292/365/315 305/373/322 293/363/314
f 291/374/316 304/375/323 292/365/315
f 290/376/317 303/377/324 291/374/316
f 289/258/226 302/378/325 290/367/317
f 312/267/235 323/379/326 311/368/318
f 311/368/318 322/380/327 310/369/319
f 310/369/319 321/381/328 309/370/320
f 308/382/321 319/262/230 307/261/229
f 309/370/320 320/383/329 308/371/321
f 305/373/322 318/234/203 306/276/244
f 304/375/323 317/232/201 305/373/322
f 303/377/324 316/235/204 304/375/323
f 302/384/325 315/237/206 303/377/324
f 301/260/228 314/243/208 302/378/325
f 324/265/233 336/385/330 323/379/326
f 323/379/326 335/386/331 322/380/327
f 322/380/327 334/387/332 321/381/328
f 320/388/329 332/389/333 319/262/230
f 321/381/328 333/390/334 320/383/329
f 354/391/335 356/392/336 355/393/337
f 353/394/338 357/395/339 356/396/336
f 352/397/340 358/398/341 357/395/339
f 351/399/342 359/400/343 358/398/341
f 350/401/344 360/402/345 359/400/343
f 402/403/346 410/404/347 409/405/348
f 401/406/349 411/407/350 410/404/347
f 400/408/351 412/409/352 411/407/350
f 399/410/353 413/411/354 412/409/352
f 398/412/355 414/413/356 413/414/354
f 436/415/357 439/416/358 437/417/359
f 435/418/360 440/419/361 436/420/357
f 434/421/362 441/422/363 435/418/360
f 433/423/364 442/424/365 434/421/362
f 438/425/366 443/426/367 433/423/364
f 485/427/368 493/428/369 486/429/370
f 484/430/371 494/431/372 485/427/368
f 483/432/373 495/433/374 484/430/371
f 482/434/375 496/435/376 483/432/373
f 481/436/377 497/437/378 482/438/375
f 338/439/379 355/393/337 343/440/380
f 343/440/380 367/441/381 361/442/382
f 361/442/382 379/443/383 373/444/384
f 373/444/384 391/445/385 385/446/386
f 385/446/386 403/447/387 397/448/388
f 397/448/388 416/449/389 414/413/356
f 427/450/390 437/417/359 439/416/358
f 439/416/358 445/451/391 427/450/390
f 451/452/392 457/453/393 445/451/391
f 463/454/394 469/455/395 457/453/393
f 475/456/396 481/436/377 469/455/395
f 487/457/397 498/458/398 481/436/377
f 349/459/399 492/460/400 360/402/345
f 360/402/345 480/461/401 372/462/402
f 372/462/402 468/463/403 384/464/404
f 468/463/403 396/465/405 384/464/404
f 456/466/406 408/467/407 396/465/405
f 408/467/407 438/425/366 415/468/408
f 493/428/369 348/469/409 486/429/370
f 348/469/409 474/470/410 486/429/370
f 366/471/411 462/472/412 474/470/410
f 462/472/412 390/473/413 450/474/414
f 390/473/413 432/475/415 450/474/414
f 402/403/346 425/476/416 432/475/415
f 337/477/417 347/478/418 348/469/409
f 342/479/419 346/480/420 347/478/418
f 341/481/421 345/482/422 346/480/420
f 340/483/423 344/484/424 345/482/422
f 339/485/425 343/440/380 344/486/424
f 359/400/343 372/462/402 371/487/426
f 358/398/341 371/487/426 370/488/427
f 357/395/339 370/488/427 369/489/428
f 355/393/337 368/490/429 367/441/381
f 356/396/336 369/489/428 368/491/429
f 348/469/409 365/492/430 366/471/411
f 347/478/418 364/493/431 365/492/430
f 346/480/420 363/494/432 364/493/431
f 345/482/422 362/495/433 363/494/432
f 344/486/424 361/442/382 362/496/433
f 371/487/426 384/464/404 383/497/434
f 370/488/427 383/497/434 382/498/435
f 369/489/428 382/498/435 381/499/436
f 367/441/381 380/500/437 379/443/383
f 368/491/429 381/499/436 380/501/437
f 366/471/411 377/502/438 378/503/439
f 365/492/430 376/504/440 377/502/438
f 364/493/431 375/505/441 376/504/440
f 363/494/432 374/506/442 375/505/441
f 362/496/433 373/444/384 374/507/442
f 383/497/434 396/465/405 395/508/443
f 382/498/435 395/508/443 394/509/444
f 381/499/436 394/509/444 393/510/445
f 379/443/383 392/511/446 391/445/385
f 380/500/437 393/512/445 392/511/446
f 378/503/439 389/513/447 390/473/413
f 377/502/438 388/514/448 389/513/447
f 376/504/440 387/515/449 388/514/448
f 375/516/441 386/517/450 387/518/449
f 374/507/442 385/446/386 386/517/450
f 395/508/443 408/467/407 407/519/451
f 394/509/444 407/519/451 406/520/452
f 393/510/445 406/520/452 405/521/453
f 391/445/385 404/522/454 403/447/387
f 392/511/446 405/523/453 404/522/454
f 390/473/413 401/406/349 402/403/346
f 389/513/447 400/408/351 401/406/349
f 388/514/448 399/410/353 400/408/351
f 387/518/449 398/412/355 399/524/353
f 386/517/450 397/448/388 398/412/355
f 407/519/451 415/468/408 420/525/455
f 406/520/452 420/525/455 419/526/456
f 405/521/453 419/526/456 418/527/457
f 403/447/387 417/528/458 416/449/389
f 404/529/454 418/527/457 417/530/458
f 424/531/459 432/475/415 425/476/416
f 423/532/460 431/533/461 424/531/459
f 422/534/462 430/535/463 423/532/460
f 421/536/464 429/537/465 422/534/462
f 426/538/466 428/539/467 421/540/464
f 444/541/468 455/542/469 443/426/367
f 443/426/367 454/543/470 442/424/365
f 442/424/365 453/544/471 441/422/363
f 440/545/361 451/452/392 439/416/358
f 441/546/363 452/547/472 440/545/361
f 431/533/461 450/474/414 432/475/415
f 430/535/463 449/548/473 431/533/461
f 429/537/465 448/549/474 430/535/463
f 428/539/467 447/550/475 429/551/465
f 427/450/390 446/552/476 428/539/467
f 456/466/406 467/553/477 455/542/469
f 455/542/469 466/554/478 454/543/470
f 454/543/470 465/555/479 453/544/471
f 452/547/472 463/454/394 451/452/392
f 453/556/471 464/557/480 452/547/472
f 449/548/473 462/472/412 450/474/414
f 448/549/474 461/558/481 449/548/473
f 447/559/475 460/560/482 448/549/474
f 446/552/476 459/561/483 447/550/475
f 445/451/391 458/562/484 446/552/476
f 468/463/403 479/563/485 467/553/477
f 467/553/477 478/564/486 466/554/478
f 466/554/478 477/565/487 465/555/479
f 464/557/480 475/456/396 463/454/394
f 465/555/479 476/566/488 464/567/480
f 461/558/481 474/470/410 462/472/412
f 460/560/482 473/568/489 461/558/481
f 459/569/483 472/570/490 460/560/482
f 458/571/484 471/572/491 459/569/483
f 457/453/393 470/573/492 458/562/484
f 480/461/401 491/574/493 479/563/485
f 479/563/485 490/575/494 478/564/486
f 478/564/486 489/576/495 477/565/487
f 476/577/488 487/457/397 475/456/396
f 477/565/487 488/578/496 476/566/488
f 473/568/489 486/429/370 474/470/410
f 472/570/490 485/427/368 473/568/489
f 471/572/491 484/430/371 472/570/490
f 470/579/492 483/432/373 471/572/491
f 469/455/395 482/438/375 470/573/492
f 492/460/400 504/580/497 491/574/493
f 491/574/493 503/581/498 490/575/494
f 490/575/494 502/582/499 489/576/495
f 488/583/496 500/584/500 487/457/397
f 489/576/495 501/585/501 488/578/496
f 506/586/502 525/587/503 505/588/503
f 507/589/504 526/590/502 506/586/502
f 508/591/505 527/592/504 507/589/504
f 509/593/506 528/594/505 508/591/505
f 510/595/507 529/596/506 509/593/506
f 511/597/508 530/598/507 510/595/507
f 512/599/509 531/600/508 511/597/508
f 513/601/510 532/602/509 512/599/509
f 514/603/511 533/604/510 513/601/510
f 515/605/512 534/606/511 514/603/511
f 516/607/513 535/608/512 515/605/512
f 517/609/514 536/610/513 516/607/513
f 518/611/515 537/612/514 517/609/514
f 519/613/516 538/614/515 518/611/515
f 520/615/517 539/616/516 519/613/516
f 521/617/518 540/618/517 520/615/517
f 522/619/519 541/620/518 521/617/518
f 523/621/520 542/622/519 522/619/519
f 524/623/521 543/624/520 523/621/520
f 505/625/503 544/626/521 524/623/521
f 506/627/522 505/628/522 545/629/522
f 507/630/522 506/627/522 545/629/522
f 508/631/522 507/630/522 545/629/522
f 509/632/522 508/631/522 545/629/522
f 510/633/522 509/632/522 545/629/522
f 511/634/522 510/633/522 545/629/522
f 512/635/522 511/634/522 545/629/522
f 513/636/522 512/635/522 545/629/522
f 514/637/522 513/636/522 545/629/522
f 515/638/522 514/637/522 545/629/522
f 516/639/522 515/638/522 545/629/522
f 517/640/522 516/639/522 545/629/522
f 518/641/522 517/640/522 545/629/522
f 519/642/522 518/641/522 545/629/522
f 520/643/522 519/642/522 545/629/522
f 521/644/522 520/643/522 545/629/522
f 522/645/522 521/644/522 545/629/522
f 523/646/522 522/645/522 545/629/522
f 524/647/522 523/646/522 545/629/522
f 505/628/522 524/647/522 545/629/522
f 546/648/523 547/649/524 548/650/525
f 547/649/524 549/651/526 548/650/525
f 549/651/526 550/652/527 548/650/525
f 550/652/527 551/653/528 548/650/525
f 551/653/528 552/654/529 548/650/525
f 552/654/529 553/655/530 548/650/525
f 553/655/530 554/656/531 548/650/525
f 554/656/531 555/657/532 548/650/525
f 555/657/532 556/658/533 548/650/525
f 556/658/533 557/659/534 548/650/525
f 557/659/534 558/660/535 548/650/525
f 558/660/535 559/661/536 548/650/525
f 559/661/536 560/662/537 548/650/525
f 560/662/537 561/663/538 548/650/525
f 561/663/538 562/664/539 548/650/525
f 562/664/539 563/665/540 548/650/525
f 563/665/540 564/666/541 548/650/525
f 564/666/541 565/667/542 548/650/525
f 565/667/542 566/668/543 548/650/525
f 566/668/543 546/648/523 548/650/525
f 547/649/524 629/648/544 627/649/545
f 547/649/524 631/651/546 549/651/526
f 550/652/527 631/651/546 633/652/547
f 550/652/527 635/653/548 551/653/528
f 552/654/529 635/653/548 637/654/549
f 552/654/529 639/655/550 553/655/530
f 554/656/531 639/655/550 641/656/551
f 554/656/531 643/657/552 555/657/532
f 556/658/533 643/657/552 645/658/553
f 556/658/533 647/659/554 557/659/534
f 558/660/535 647/659/554 649/660/555
f 558/660/535 651/669/556 559/661/536
f 560/662/537 651/669/556 653/662/557
f 560/662/537 655/663/558 561/663/538
f 562/664/539 655/663/558 657/664/559
f 562/664/539 659/665/560 563/665/540
f 564/666/541 659/665/560 661/666/561
f 564/666/541 663/667/562 565/667/542
f 566/668/543 663/667/562 665/668/563
f 566/668/543 629/648/544 546/648/523
f 569/648/564 571/649/565 570/649/565
f 571/649/565 573/651/566 570/649/565
f 573/651/566 577/652/567 576/652/567
f 576/652/567 580/653/568 579/653/568
f 580/653/568 582/654/569 579/653/568
f 583/654/569 585/655/570 582/654/569
f 585/655/570 589/656/571 588/656/571
f 588/656/571 592/657/572 591/657/573
f 591/657/573 595/658/574 594/658/574
f 595/658/574 597/659/575 594/658/574
f 597/659/575 601/660/576 600/660/576
f 600/660/576 604/661/577 603/661/577
f 603/661/577 607/662/578 606/662/579
f 606/662/579 610/663/580 609/663/580
f 609/663/580 613/664/581 612/664/581
f 612/664/581 616/665/582 615/665/582
f 616/665/582 618/666/583 615/665/582
f 619/666/583 621/667/584 618/666/583
f 621/667/584 625/668/585 624/668/585
f 568/648/564 624/668/585 625/668/585
f 568/648/586 572/649/587 571/649/587
f 571/649/587 575/651/588 574/651/588
f 574/651/588 578/652/589 577/652/589
f 577/652/589 581/653/590 580/653/590
f 580/653/590 584/654/591 583/654/591
f 583/654/591 587/655/592 586/655/592
f 586/655/592 590/656/593 589/656/593
f 590/656/593 592/657/594 589/656/593
f 593/657/594 595/658/595 592/657/594
f 596/658/595 598/659/596 595/658/595
f 599/659/596 601/660/597 598/659/596
f 601/660/597 605/661/598 604/661/598
f 605/661/598 607/662/599 604/661/598
f 608/662/599 610/663/600 607/662/599
f 611/663/600 613/664/601 610/663/600
f 614/664/601 616/665/602 613/664/601
f 617/665/602 619/666/603 616/665/602
f 619/666/603 623/667/604 622/667/604
f 622/667/604 626/668/605 625/668/605
f 568/670/586 626/671/605 567/672/586
f 525/648/522 572/649/522 567/648/522
f 526/649/522 575/651/522 572/649/522
f 527/651/522 578/652/522 575/651/522
f 528/652/522 581/653/522 578/652/522
f 530/654/522 581/653/522 529/653/522
f 530/654/522 587/655/522 584/654/522
f 532/656/522 587/655/522 531/655/522
f 533/657/522 590/656/522 532/656/522
f 533/657/522 596/658/522 593/657/522
f 535/659/522 596/658/522 534/658/522
f 536/660/522 599/659/522 535/659/522
f 536/660/522 605/661/522 602/660/522
f 537/661/522 608/662/522 605/661/522
f 539/663/522 608/662/522 538/662/522
f 539/663/522 614/664/522 611/663/522
f 541/665/522 614/664/522 540/664/522
f 541/665/522 620/666/522 617/665/522
f 542/666/522 623/667/522 620/666/522
f 543/667/522 626/668/522 623/667/522
f 525/648/522 626/668/522 544/668/522
f 628/649/606 631/651/546 627/649/545
f 627/649/545 630/648/607 628/649/606
f 630/648/607 665/668/563 666/668/608
f 632/651/609 633/652/547 631/651/546
f 633/652/547 636/653/610 635/653/548
f 636/653/610 637/654/549 635/653/548
f 637/654/549 640/655/611 639/655/550
f 640/655/611 641/656/551 639/655/550
f 641/656/551 644/657/612 643/657/552
f 644/657/612 645/658/553 643/657/552
f 645/658/553 648/659/613 647/659/554
f 648/659/613 649/660/555 647/659/554
f 649/660/555 652/661/614 651/669/556
f 652/661/614 653/662/557 651/669/556
f 654/662/615 655/663/558 653/662/557
f 655/663/558 658/664/616 657/664/559
f 657/664/559 660/665/617 659/665/560
f 660/665/617 661/666/561 659/665/560
f 662/666/618 663/667/562 661/666/561
f 664/667/619 665/668/563 663/667/562
f 569/648/620 628/649/606 630/648/607
f 573/651/621 628/649/606 570/649/622
f 573/651/621 634/652/623 632/651/609
f 576/652/624 636/653/610 634/652/623
f 582/654/625 636/653/610 579/653/626
f 585/655/627 638/654/628 582/654/625
f 585/655/627 642/656/629 640/655/611
f 588/656/630 644/657/612 642/656/629
f 591/657/631 646/658/632 644/657/612
f 597/659/633 646/658/632 594/658/634
f 600/660/635 648/659/613 597/659/633
f 603/661/636 650/660/637 600/660/635
f 603/661/636 654/662/615 652/661/614
f 606/662/638 656/663/639 654/662/615
f 612/664/640 656/663/639 609/663/641
f 615/665/642 658/664/616 612/664/640
f 618/666/643 660/665/617 615/665/642
f 618/666/643 664/667/619 662/666/618
f 621/667/644 666/668/608 664/667/619
f 569/648/620 666/668/608 624/668/645
f 684/673/525 686/674/525 683/675/525
f 674/676/522 667/677/522 673/678/522
f 688/679/516 690/680/516 687/681/516
f 691/682/521 689/683/521 688/684/521
f 693/685/506 692/686/506 691/687/506
f 687/688/511 694/689/511 693/690/511
f 676/691/525 679/692/525 675/693/525
f 677/694/525 680/695/525 676/691/525
f 677/694/525 682/696/525 681/697/525
f 678/698/525 679/692/525 682/696/525
f 675/693/525 689/699/525 676/691/525
f 677/694/525 689/699/525 692/700/525
f 677/694/525 694/701/525 678/698/525
f 678/698/525 690/702/525 675/693/525
f 680/703/646 683/704/646 679/705/646
f 681/706/647 684/707/647 680/708/647
f 682/709/648 685/710/648 681/711/648
f 682/712/649 683/713/649 686/714/649
f 670/715/522 687/716/522 669/717/522
f 672/718/522 688/719/522 670/715/522
f 671/720/522 691/721/522 672/718/522
f 671/720/522 687/716/522 693/722/522
f 674/723/650 696/724/650 668/725/650
f 674/723/650 697/726/650 695/727/650
f 672/728/650 698/729/650 697/726/650
f 668/725/650 698/729/650 670/730/650
f 667/731/651 699/732/651 673/733/651
f 667/731/651 701/734/651 700/735/651
f 671/736/651 701/734/651 669/737/651
f 673/733/651 702/738/651 671/736/651
f 668/739/652 703/740/652 667/741/652
f 668/739/652 705/742/652 704/743/652
f 669/744/652 705/742/652 670/745/652
f 667/741/652 706/746/652 669/744/652
f 672/747/653 707/748/653 671/749/653
f 674/750/653 708/751/653 672/747/653
f 673/752/653 709/753/653 674/750/653
f 673/752/653 707/748/653 710/754/653
f 704/755/654 714/756/655 711/757/656
f 703/758/657 717/759/658 706/760/659
f 709/761/660 719/762/661 708/763/662
f 710/764/663 724/765/664 725/766/665
f 695/767/666 720/768/667 721/769/668
f 696/770/669 713/771/670 698/772/671
f 700/773/672 718/774/673 715/775/674
f 699/776/675 723/777/676 702/778/677
f 709/779/678 725/780/678 722/781/678
f 703/782/679 711/783/679 716/784/679
f 726/785/680 700/786/680 715/787/680
f 721/788/681 696/789/681 695/790/681
f 697/791/682 713/792/682 720/793/682
f 705/794/683 717/795/683 714/796/683
f 701/797/684 723/798/684 718/799/684
f 707/800/685 719/801/685 724/802/685
f 718/803/686 726/804/686 715/805/686
f 714/806/687 716/807/687 711/808/687
f 712/809/688 720/810/688 713/811/688
f 722/812/689 724/813/689 719/814/689
f 2069/815/522 2068/816/522 2070/817/522
f 2071/818/522 2069/815/522 2070/817/522
f 2072/819/522 2071/818/522 2070/817/522
f 2073/820/522 2072/819/522 2070/817/522
f 2074/821/522 2073/820/522 2070/817/522
f 2075/822/522 2074/821/522 2070/817/522
f 2076/823/522 2075/822/522 2070/817/522
f 2077/824/522 2076/823/522 2070/817/522
f 2078/825/522 2077/824/522 2070/817/522
f 2079/826/522 2078/825/522 2070/817/522
f 2080/827/522 2079/826/522 2070/817/522
f 2081/828/522 2080/827/522 2070/817/522
f 2082/829/522 2081/828/522 2070/817/522
f 2083/830/522 2082/829/522 2070/817/522
f 2084/831/522 2083/830/522 2070/817/522
f 2085/832/522 2084/831/522 2070/817/522
f 2086/833/522 2085/832/522 2070/817/522
f 2087/834/522 2086/833/522 2070/817/522
f 2088/835/522 2087/834/522 2070/817/522
f 2068/816/522 2088/835/522 2070/817/522
f 2069/815/522 2090/836/522 2068/816/522
f 2071/818/522 2089/837/522 2069/815/522
f 2072/819/522 2091/838/522 2071/818/522
f 2072/819/522 2093/839/522 2092/840/522
f 2073/820/522 2094/841/522 2093/839/522
f 2074/821/522 2095/842/522 2094/841/522
f 2076/823/522 2095/842/522 2075/822/522
f 2077/824/522 2096/843/522 2076/823/522
f 2078/825/522 2097/844/522 2077/824/522
f 2079/826/522 2098/845/522 2078/825/522
f 2079/826/522 2100/846/522 2099/847/522
f 2080/827/522 2101/848/522 2100/846/522
f 2081/828/522 2102/849/522 2101/848/522
f 2083/830/522 2102/849/522 2082/829/522
f 2084/831/522 2103/850/522 2083/830/522
f 2084/831/522 2105/851/522 2104/852/522
f 2085/832/522 2106/853/522 2105/851/522
f 2087/834/522 2106/853/522 2086/833/522
f 2088/835/522 2107/854/522 2087/834/522
f 2068/816/522 2108/855/522 2088/835/522
f 787/856/525 788/857/525 789/858/525
f 788/857/525 790/859/525 789/858/525
f 790/859/525 791/860/525 789/858/525
f 791/860/525 792/861/525 789/858/525
f 792/861/525 793/862/525 789/858/525
f 793/862/525 794/863/525 789/858/525
f 794/863/525 795/864/525 789/858/525
f 795/864/525 796/865/525 789/858/525
f 796/865/525 797/866/525 789/858/525
f 797/866/525 798/867/525 789/858/525
f 798/867/525 799/868/525 789/858/525
f 799/868/525 800/869/525 789/858/525
f 800/869/525 801/870/525 789/858/525
f 801/870/525 802/871/525 789/858/525
f 802/871/525 803/872/525 789/858/525
f 803/872/525 804/873/525 789/858/525
f 804/873/525 805/874/525 789/858/525
f 805/874/525 806/875/525 789/858/525
f 806/875/525 807/876/525 789/858/525
f 807/876/525 787/856/525 789/858/525
f 788/857/525 1063/877/690 1056/878/691
f 790/859/525 1056/878/691 1068/879/692
f 790/859/525 1076/880/693 791/860/525
f 792/861/525 1076/880/693 1084/881/694
f 793/862/525 1084/881/694 1092/882/695
f 793/862/525 1100/883/696 794/863/525
f 795/864/525 1100/883/696 1108/884/697
f 796/865/525 1108/884/697 1116/885/698
f 796/865/525 1124/886/699 797/866/525
f 797/866/525 1132/887/700 798/867/525
f 798/867/525 1140/888/701 799/868/525
f 799/868/525 1148/889/702 800/869/525
f 801/870/525 1148/889/702 1156/890/703
f 802/871/525 1156/890/703 1164/891/704
f 802/871/525 1172/892/705 803/872/525
f 804/873/525 1172/892/705 1180/893/706
f 805/874/525 1180/893/706 1188/894/707
f 805/874/525 1196/895/708 806/875/525
f 807/876/525 1196/895/708 1204/896/709
f 807/876/525 1063/877/690 787/856/525
f 747/897/503 768/898/502 767/899/503
f 749/900/504 768/898/502 748/901/502
f 750/902/505 769/903/504 749/900/504
f 751/904/506 770/905/505 750/902/505
f 751/904/506 772/906/507 771/907/506
f 753/908/508 772/906/507 752/909/507
f 754/910/509 773/911/508 753/912/508
f 755/913/510 774/914/509 754/910/509
f 756/915/511 775/916/510 755/913/510
f 756/915/511 777/917/512 776/918/511
f 757/919/512 778/920/513 777/917/512
f 759/921/514 778/920/513 758/922/513
f 760/923/515 779/924/514 759/921/514
f 760/923/515 781/925/516 780/926/515
f 761/927/516 782/928/517 781/925/516
f 762/929/517 783/930/518 782/928/517
f 763/931/518 784/932/519 783/933/518
f 764/934/519 785/935/520 784/932/519
f 766/936/521 785/935/520 765/937/520
f 766/936/521 767/899/503 786/938/521
f 809/939/710 885/940/711 808/941/710
f 809/939/710 811/942/712 810/943/712
f 811/942/712 816/944/713 810/943/712
f 817/945/713 820/946/714 816/944/713
f 821/947/714 824/948/715 820/946/714
f 824/948/715 829/949/716 828/950/716
f 828/950/716 833/951/717 832/952/717
f 832/952/717 837/953/718 836/954/718
f 837/953/718 840/955/719 836/954/718
f 840/955/719 845/956/720 844/957/720
f 845/956/720 848/958/721 844/957/720
f 848/958/721 853/959/722 852/960/722
f 853/959/722 856/961/723 852/960/722
f 857/962/723 860/963/724 856/961/723
f 861/964/725 864/965/726 860/963/724
f 864/965/726 869/966/727 868/967/727
f 868/967/727 873/968/728 872/969/728
f 873/968/728 876/970/729 872/969/728
f 877/971/730 880/972/731 876/970/729
f 880/972/731 885/940/711 884/973/711
f 813/974/732 818/975/733 812/976/732
f 813/974/732 815/977/734 814/978/734
f 815/977/734 887/979/735 814/978/734
f 818/975/733 823/980/736 822/981/736
f 822/981/736 827/982/737 826/983/737
f 827/982/737 830/984/738 826/983/737
f 831/985/738 834/986/739 830/984/738
f 834/986/739 839/987/740 838/988/740
f 838/988/740 843/989/741 842/990/741
f 843/989/741 846/991/742 842/990/741
f 846/991/742 851/992/743 850/993/743
f 851/992/743 854/994/744 850/993/743
f 854/994/744 859/995/745 858/996/745
f 859/995/745 862/997/746 858/996/745
f 863/998/746 866/999/747 862/997/746
f 867/1000/747 870/1001/748 866/999/747
f 871/1002/748 874/1003/749 870/1001/748
f 874/1003/749 879/1004/750 878/1005/750
f 878/1005/750 883/1006/751 882/1007/751
f 883/1006/751 886/1008/735 882/1007/751
f 889/1009/752 965/1010/753 888/1011/752
f 889/1009/752 891/1012/754 890/1013/754
f 890/1013/754 897/1014/755 896/1015/755
f 897/1014/755 900/1016/756 896/1015/755
f 901/1017/756 904/1018/757 900/1016/756
f 904/1018/757 909/1019/758 908/1020/758
f 908/1020/758 913/1021/759 912/1022/759
f 912/1022/759 917/1023/760 916/1024/760
f 916/1024/760 921/1025/761 920/1026/761
f 920/1026/761 925/1027/762 924/1028/762
f 925/1027/762 928/1029/763 924/1028/762
f 928/1029/763 933/1030/764 932/1031/765
f 933/1030/764 936/1032/766 932/1031/765
f 937/1033/766 940/1034/767 936/1032/766
f 941/1035/767 944/1036/768 940/1034/767
f 945/1037/768 948/1038/769 944/1036/768
f 949/1039/769 952/1040/770 948/1038/769
f 953/1041/770 956/1042/771 952/1040/770
f 957/1043/771 960/1044/772 956/1042/771
f 960/1044/772 965/1010/753 964/1045/753
f 893/1046/773 898/1047/774 892/1048/773
f 892/1048/773 894/1049/775 893/1046/773
f 895/1050/775 967/1051/776 894/1049/775
f 898/1047/774 903/1052/777 902/1053/778
f 903/1052/777 906/1054/779 902/1053/778
f 907/1055/779 910/1056/780 906/1054/779
f 910/1056/780 915/1057/781 914/1058/781
f 914/1058/781 919/1059/782 918/1060/782
f 918/1060/782 923/1061/783 922/1062/783
f 923/1061/783 926/1063/784 922/1062/783
f 927/1064/784 930/1065/785 926/1063/784
f 931/1066/785 934/1067/786 930/1065/785
f 935/1068/786 938/1069/787 934/1067/786
f 938/1069/787 943/1070/788 942/1071/788
f 942/1071/788 947/1072/789 946/1073/789
f 946/1073/789 951/1074/790 950/1075/790
f 950/1075/790 955/1076/791 954/1077/791
f 954/1077/791 959/1078/792 958/1079/792
f 958/1079/792 963/1080/793 962/1081/793
f 962/1081/793 967/1051/776 966/1082/776
f 810/1083/502 814/1084/503 809/1085/503
f 816/1086/504 813/1087/502 810/1083/502
f 820/1088/505 819/1089/504 816/1086/504
f 824/1090/506 823/1091/505 820/1088/505
f 824/1090/506 831/1092/507 827/1093/506
f 832/1094/508 831/1092/507 828/1095/507
f 832/1094/508 839/1096/509 835/1097/508
f 840/1098/510 839/1096/509 836/1099/509
f 844/1100/511 843/1101/510 840/1098/510
f 844/1100/511 851/1102/512 847/1103/511
f 848/1104/512 855/1105/513 851/1102/512
f 852/1106/513 859/1107/514 855/1105/513
f 856/1108/514 863/1109/515 859/1107/514
f 860/1110/515 867/1111/516 863/1109/515
f 868/1112/517 867/1111/516 864/1113/516
f 872/1114/518 871/1115/517 868/1112/517
f 872/1116/518 879/1117/519 875/1118/518
f 876/1119/519 883/1120/520 879/1117/519
f 884/1121/521 883/1120/520 880/1122/520
f 809/1085/503 887/1123/521 884/1121/521
f 889/1124/503 893/1125/502 894/1126/503
f 896/1127/504 893/1125/502 890/1128/502
f 900/1129/505 899/1130/504 896/1127/504
f 904/1131/506 903/1132/505 900/1129/505
f 908/1133/507 907/1134/506 904/1131/506
f 908/1133/507 915/1135/508 911/1136/507
f 912/1137/508 919/1138/509 915/1135/508
f 920/1139/510 919/1138/509 916/1140/509
f 924/1141/511 923/1142/510 920/1139/510
f 928/1143/512 927/1144/511 924/1141/511
f 928/1143/512 935/1145/513 931/1146/512
f 932/1147/513 939/1148/514 935/1145/513
f 940/1149/515 939/1148/514 936/1150/514
f 944/1151/516 943/1152/515 940/1149/515
f 948/1153/517 947/1154/516 944/1151/516
f 952/1155/518 951/1156/517 948/1153/517
f 952/1157/518 959/1158/519 955/1159/518
f 956/1160/519 963/1161/520 959/1158/519
f 964/1162/521 963/1161/520 960/1163/520
f 964/1162/521 894/1126/503 967/1164/521
f 728/1165/522 808/941/522 727/1166/522
f 729/1167/522 811/942/522 728/1165/522
f 730/1168/522 817/945/522 729/1167/522
f 731/1169/522 821/947/522 730/1168/522
f 731/1169/522 829/949/522 825/1170/522
f 732/1171/522 833/951/522 829/949/522
f 733/1172/522 837/953/522 833/951/522
f 734/1173/522 841/1174/522 837/953/522
f 736/1175/522 841/1174/522 735/1176/522
f 737/1177/522 845/956/522 736/1175/522
f 738/1178/522 849/1179/522 737/1177/522
f 739/1180/522 853/959/522 738/1178/522
f 740/1181/522 857/962/522 739/1180/522
f 740/1181/522 865/1182/522 861/964/522
f 741/1183/522 869/966/522 865/1182/522
f 742/1184/522 873/968/522 869/966/522
f 744/1185/522 873/968/522 743/1186/522
f 745/1187/522 877/971/522 744/1185/522
f 746/1188/522 881/1189/522 745/1187/522
f 727/1166/522 885/940/522 746/1188/522
f 747/1190/525 892/1048/525 748/1191/525
f 749/1192/525 892/1048/525 898/1047/525
f 749/1192/525 902/1053/525 750/1193/525
f 751/1194/525 902/1053/525 906/1054/525
f 752/1195/525 906/1054/525 910/1056/525
f 752/1195/525 914/1058/525 753/1196/525
f 754/1197/525 914/1058/525 918/1060/525
f 755/1198/525 918/1060/525 922/1062/525
f 755/1198/525 926/1063/525 756/1199/525
f 757/1200/525 926/1063/525 930/1065/525
f 757/1200/525 934/1067/525 758/1201/525
f 759/1202/525 934/1067/525 938/1069/525
f 760/1203/525 938/1069/525 942/1071/525
f 761/1204/525 942/1071/525 946/1073/525
f 761/1204/525 950/1075/525 762/1205/525
f 763/1206/525 950/1075/525 954/1077/525
f 764/1207/525 954/1077/525 958/1079/525
f 764/1207/525 962/1081/525 765/1208/525
f 766/1209/525 962/1081/525 966/1082/525
f 766/1209/525 895/1050/525 747/1190/525
f 968/1210/794 971/1211/773 970/1212/773
f 969/1213/794 1006/1214/776 1007/1215/776
f 971/1211/773 972/1216/795 970/1212/773
f 973/1217/774 974/1218/777 972/1216/795
f 975/1219/777 976/1220/779 974/1218/777
f 977/1221/779 978/1222/796 976/1220/779
f 978/1222/796 981/1223/781 980/1224/781
f 980/1224/781 983/1225/782 982/1226/782
f 983/1225/782 984/1227/797 982/1226/782
f 985/1228/783 986/1229/784 984/1227/797
f 986/1229/784 989/1230/785 988/1231/785
f 988/1231/785 991/1232/786 990/1233/786
f 990/1233/786 993/1234/798 992/1235/798
f 993/1234/798 994/1236/799 992/1235/798
f 995/1237/799 996/1238/789 994/1236/799
f 996/1238/789 999/1239/790 998/1240/790
f 999/1239/790 1000/1241/791 998/1240/790
f 1001/1242/791 1002/1243/792 1000/1241/791
f 1003/1244/792 1004/1245/800 1002/1243/792
f 1005/1246/800 1006/1214/776 1004/1245/800
f 1009/1247/801 1046/1248/711 1008/1249/801
f 1009/1247/801 1010/1250/712 1011/1251/712
f 1011/1251/712 1012/1252/802 1013/1253/802
f 1012/1252/802 1015/1254/714 1013/1253/802
f 1015/1254/714 1016/1255/715 1017/1256/715
f 1017/1256/715 1018/1257/716 1019/1258/803
f 1018/1257/716 1021/1259/804 1019/1258/803
f 1020/1260/804 1023/1261/718 1021/1259/804
f 1023/1261/718 1024/1262/719 1025/1263/719
f 1025/1263/719 1026/1264/720 1027/1265/720
f 1026/1264/720 1029/1266/721 1027/1265/720
f 1028/1267/721 1031/1268/805 1029/1266/721
f 1031/1268/805 1032/1269/723 1033/1270/723
f 1033/1270/723 1034/1271/725 1035/1272/725
f 1034/1271/725 1037/1273/726 1035/1272/725
f 1036/1274/726 1039/1275/806 1037/1273/726
f 1038/1276/806 1041/1277/728 1039/1275/806
f 1040/1278/728 1043/1279/729 1041/1277/728
f 1043/1279/729 1044/1280/731 1045/1281/731
f 1045/1281/731 1046/1248/711 1047/1282/711
f 970/1283/502 1008/1284/503 968/1285/503
f 972/1286/504 1010/1287/502 970/1283/502
f 974/1288/505 1012/1289/504 972/1286/504
f 976/1290/506 1014/1291/505 974/1288/505
f 978/1292/507 1016/1293/506 976/1290/506
f 980/1294/508 1018/1295/507 978/1292/507
f 982/1296/509 1020/1297/508 980/1298/508
f 984/1299/510 1022/1300/509 982/1296/509
f 986/1301/511 1024/1302/510 984/1299/510
f 988/1303/512 1026/1304/511 986/1301/511
f 988/1303/512 1030/1305/513 1028/1306/512
f 992/1307/514 1030/1305/513 990/1308/513
f 994/1309/515 1032/1310/514 992/1307/514
f 996/1311/516 1034/1312/515 994/1309/515
f 998/1313/517 1036/1314/516 996/1311/516
f 1000/1315/518 1038/1316/517 998/1313/517
f 1000/1317/518 1042/1318/519 1040/1319/518
f 1004/1320/520 1042/1318/519 1002/1321/519
f 1004/1320/520 1046/1322/521 1044/1323/520
f 1006/1324/521 1008/1284/503 1046/1322/521
f 971/1211/525 815/977/525 812/976/525
f 973/1217/525 812/976/525 818/975/525
f 973/1217/525 822/981/525 975/1219/525
f 977/1221/525 822/981/525 826/983/525
f 979/1325/525 826/983/525 830/984/525
f 979/1325/525 834/986/525 981/1223/525
f 983/1225/525 834/986/525 838/988/525
f 983/1225/525 842/990/525 985/1228/525
f 985/1228/525 846/991/525 987/1326/525
f 987/1326/525 850/993/525 989/1230/525
f 989/1230/525 854/994/525 991/1232/525
f 993/1234/525 854/994/525 858/996/525
f 995/1237/525 858/996/525 862/997/525
f 995/1237/525 866/999/525 997/1327/525
f 997/1327/525 870/1001/525 999/1239/525
f 1001/1242/525 870/1001/525 874/1003/525
f 1003/1244/525 874/1003/525 878/1005/525
f 1005/1246/525 878/1005/525 882/1007/525
f 1005/1246/525 886/1008/525 1007/1215/525
f 969/1213/525 886/1008/525 815/977/525
f 1011/1251/522 888/1011/522 1009/1247/522
f 1013/1253/522 891/1012/522 1011/1251/522
f 1013/1253/522 901/1017/522 897/1014/522
f 1017/1256/522 901/1017/522 1015/1254/522
f 1019/1258/522 905/1328/522 1017/1256/522
f 1019/1258/522 913/1021/522 909/1019/522
f 1021/1259/522 917/1023/522 913/1021/522
f 1023/1261/522 921/1025/522 917/1023/522
f 1025/1263/522 925/1027/522 921/1025/522
f 1029/1266/522 925/1027/522 1027/1265/522
f 1031/1268/522 929/1329/522 1029/1266/522
f 1031/1268/522 937/1033/522 933/1030/522
f 1035/1272/522 937/1033/522 1033/1270/522
f 1037/1273/522 941/1035/522 1035/1272/522
f 1037/1273/522 949/1039/522 945/1037/522
f 1041/1277/522 949/1039/522 1039/1275/522
f 1043/1279/522 953/1041/522 1041/1277/522
f 1043/1279/522 961/1330/522 957/1043/522
f 1045/1281/522 965/1010/522 961/1330/522
f 1009/1247/522 965/1010/522 1047/1282/522
f 1050/1331/807 1052/1332/808 1051/1333/809
f 1059/1334/810 1061/1335/811 1060/1336/812
f 1057/1337/813 1061/1335/811 1058/1338/814
f 1051/1339/809 1059/1340/810 1060/1341/812
f 1052/1342/808 1071/1343/815 1059/1340/810
f 1072/1344/816 1071/1343/815 1064/1345/817
f 1072/1344/816 1087/1346/818 1079/1347/819
f 1080/1348/820 1095/1349/821 1087/1346/818
f 1096/1350/822 1095/1349/821 1088/1351/823
f 1104/1352/824 1103/1353/825 1096/1354/822
f 1104/1352/824 1119/1355/826 1111/1356/827
f 1112/1357/828 1127/1358/829 1119/1355/826
f 1128/1359/830 1127/1358/829 1120/1360/831
f 1136/1361/832 1135/1362/833 1128/1359/830
f 1144/1363/834 1143/1364/835 1136/1361/832
f 1144/1363/834 1159/1365/836 1151/1366/837
f 1160/1367/838 1159/1365/836 1152/1368/839
f 1168/1369/840 1167/1370/841 1160/1367/838
f 1176/1371/842 1175/1372/843 1168/1369/840
f 1176/1371/842 1191/1373/844 1183/1374/845
f 1184/1375/846 1199/1376/847 1191/1373/844
f 1200/1377/848 1199/1376/847 1192/1378/849
f 1200/1377/848 1060/1341/812 1207/1379/850
f 1053/1380/851 1064/1381/817 1052/1332/808
f 1058/1338/814 1071/1382/815 1070/1383/852
f 1058/1338/814 1069/1384/853 1057/1337/813
f 1064/1381/817 1073/1385/854 1072/1386/816
f 1070/1383/852 1079/1387/819 1078/1388/855
f 1069/1384/853 1078/1388/855 1077/1389/856
f 1072/1386/816 1081/1390/857 1080/1391/820
f 1079/1387/819 1086/1392/858 1078/1388/855
f 1077/1389/856 1086/1392/858 1085/1393/859
f 1080/1391/820 1089/1394/860 1088/1395/823
f 1086/1392/858 1095/1396/821 1094/1397/861
f 1086/1392/858 1093/1398/862 1085/1393/859
f 1089/1394/860 1096/1399/822 1088/1395/823
f 1094/1397/861 1103/1400/825 1102/1401/863
f 1093/1398/862 1102/1401/863 1101/1402/864
f 1096/1399/822 1105/1403/865 1104/1404/824
f 1103/1400/825 1110/1405/866 1102/1401/863
f 1102/1401/863 1109/1406/867 1101/1402/864
f 1104/1404/824 1113/1407/868 1112/1408/828
f 1111/1409/827 1118/1410/869 1110/1405/866
f 1110/1405/866 1117/1411/783 1109/1406/867
f 1112/1408/828 1121/1412/870 1120/1413/831
f 1119/1414/826 1126/1415/871 1118/1410/869
f 1117/1411/783 1126/1415/871 1125/1416/872
f 1121/1412/870 1128/1417/830 1120/1413/831
f 1127/1418/829 1134/1419/873 1126/1415/871
f 1125/1416/872 1134/1419/873 1133/1420/874
f 1129/1421/875 1136/1422/832 1128/1417/830
f 1134/1419/873 1143/1423/835 1142/1424/876
f 1133/1420/874 1142/1424/876 1141/1425/786
f 1136/1422/832 1145/1426/877 1144/1427/834
f 1142/1424/876 1151/1428/837 1150/1429/878
f 1142/1424/876 1149/1430/879 1141/1425/786
f 1145/1426/877 1152/1431/839 1144/1427/834
f 1150/1429/878 1159/1432/836 1158/1433/880
f 1150/1429/878 1157/1434/881 1149/1430/879
f 1152/1431/839 1161/1435/882 1160/1436/838
f 1158/1433/880 1167/1437/841 1166/1438/883
f 1158/1433/880 1165/1439/884 1157/1434/881
f 1161/1435/882 1168/1440/840 1160/1436/838
f 1166/1438/883 1175/1441/843 1174/1442/885
f 1165/1439/884 1174/1442/885 1173/1443/886
f 1169/1444/887 1176/1445/842 1168/1440/840
f 1174/1442/885 1183/1446/845 1182/1447/888
f 1173/1443/886 1182/1447/888 1181/1448/889
f 1176/1445/842 1185/1449/890 1184/1450/846
f 1183/1446/845 1190/1451/891 1182/1447/888
f 1182/1447/888 1189/1452/892 1181/1448/889
f 1184/1450/846 1193/1453/893 1192/1454/849
f 1191/1455/844 1198/1456/894 1190/1451/891
f 1189/1452/892 1198/1456/894 1197/1457/895
f 1192/1454/849 1201/1458/896 1200/1459/848
f 1199/1460/847 1206/1461/897 1198/1456/894
f 1198/1456/894 1205/1462/898 1197/1457/895
f 1050/1331/807 1200/1459/848 1201/1458/896
f 1060/1336/812 1206/1461/897 1207/1463/850
f 1061/1335/811 1205/1462/898 1206/1461/897
f 1049/1464/899 1053/1380/712 1050/1331/900
f 1049/1464/899 1055/1465/901 1054/1466/902
f 767/1467/522 1055/1465/901 1048/1468/903
f 769/1469/522 1055/1465/901 768/1470/522
f 769/1469/522 1075/1471/904 1067/1472/905
f 771/1473/522 1075/1471/904 770/1474/522
f 772/1475/522 1083/1476/906 771/1473/522
f 772/1475/522 1099/1477/907 1091/1478/908
f 774/1479/522 1099/1477/907 773/1480/522
f 775/1481/522 1107/1482/909 774/1479/522
f 775/1481/522 1123/1483/910 1115/1484/911
f 777/1485/522 1123/1483/910 776/1486/522
f 777/1485/522 1139/1487/912 1131/1488/913
f 778/1489/522 1147/1490/914 1139/1487/912
f 779/1491/522 1155/1492/915 1147/1490/914
f 781/1493/522 1155/1492/915 780/1494/522
f 781/1493/522 1171/1495/916 1163/1496/917
f 783/1497/522 1171/1495/916 782/1498/522
f 784/1499/522 1179/1500/918 783/1497/522
f 784/1499/522 1195/1501/919 1187/1502/920
f 786/1503/522 1195/1501/919 785/1504/522
f 786/1503/522 1048/1468/903 1203/1505/921
f 1054/1466/902 1067/1472/905 1066/1506/922
f 1053/1380/712 1066/1506/922 1065/1507/802
f 1067/1472/905 1074/1508/923 1066/1506/922
f 1066/1506/922 1073/1385/714 1065/1507/802
f 1074/1508/923 1083/1476/906 1082/1509/924
f 1074/1508/923 1081/1390/715 1073/1385/714
f 1082/1509/924 1091/1478/908 1090/1510/925
f 1081/1390/715 1090/1510/925 1089/1394/716
f 1091/1478/908 1098/1511/926 1090/1510/925
f 1090/1510/925 1097/1512/927 1089/1394/716
f 1098/1511/926 1107/1482/909 1106/1513/928
f 1098/1511/926 1105/1403/929 1097/1512/927
f 1106/1513/928 1115/1484/911 1114/1514/930
f 1106/1513/928 1113/1407/931 1105/1403/929
f 1115/1484/911 1122/1515/932 1114/1514/930
f 1113/1407/931 1122/1515/932 1121/1412/720
f 1123/1483/910 1130/1516/933 1122/1515/932
f 1121/1412/720 1130/1516/933 1129/1421/721
f 1131/1488/913 1138/1517/934 1130/1516/933
f 1130/1516/933 1137/1518/935 1129/1421/721
f 1138/1517/934 1147/1490/914 1146/1519/936
f 1138/1517/934 1145/1426/937 1137/1518/935
f 1147/1490/914 1154/1520/938 1146/1519/936
f 1146/1519/936 1153/1521/724 1145/1426/937
f 1155/1492/915 1162/1522/939 1154/1520/938
f 1154/1520/938 1161/1435/726 1153/1521/724
f 1163/1496/917 1170/1523/940 1162/1522/939
f 1162/1522/939 1169/1444/806 1161/1435/726
f 1170/1523/940 1179/1500/918 1178/1524/941
f 1169/1444/806 1178/1524/941 1177/1525/728
f 1178/1524/941 1187/1502/920 1186/1526/942
f 1178/1524/941 1185/1449/730 1177/1525/728
f 1187/1502/920 1194/1527/943 1186/1526/942
f 1186/1526/942 1193/1453/731 1185/1449/730
f 1195/1501/919 1202/1528/944 1194/1527/943
f 1194/1527/943 1201/1458/945 1193/1453/731
f 1048/1468/903 1202/1528/944 1203/1505/921
f 1050/1331/900 1202/1528/944 1049/1464/899
f 1056/878/691 1062/1529/946 1057/1337/947
f 1056/878/691 1069/1384/948 1068/879/692
f 1068/879/692 1077/1389/949 1076/880/693
f 1077/1389/949 1084/881/694 1076/880/693
f 1085/1393/950 1092/882/695 1084/881/694
f 1092/882/695 1101/1402/951 1100/883/696
f 1101/1402/951 1108/884/697 1100/883/696
f 1109/1406/952 1116/885/698 1108/884/697
f 1116/885/698 1125/1416/953 1124/886/699
f 1125/1416/953 1132/887/700 1124/886/699
f 1133/1420/954 1140/888/701 1132/887/700
f 1141/1425/955 1148/889/702 1140/888/701
f 1149/1430/956 1156/890/703 1148/889/702
f 1156/890/703 1165/1439/957 1164/891/704
f 1164/891/704 1173/1443/958 1172/892/705
f 1173/1443/958 1180/893/706 1172/892/705
f 1181/1448/959 1188/894/707 1180/893/706
f 1188/894/707 1197/1457/960 1196/895/708
f 1197/1457/960 1204/896/709 1196/895/708
f 1063/877/690 1205/1462/961 1062/1529/946
f 1233/1530/962 1208/1531/963 1209/1532/964
f 1233/1530/962 1210/1533/965 1236/1534/966
f 1236/1534/966 1211/1535/967 1239/1536/968
f 1242/1537/969 1211/1535/967 1212/1538/970
f 1245/1539/971 1212/1538/970 1213/1540/972
f 1248/1541/973 1213/1540/972 1214/1542/974
f 1248/1541/973 1215/1543/975 1251/1544/976
f 1254/1545/977 1215/1543/975 1216/1546/978
f 1254/1545/977 1217/1547/979 1257/1548/980
f 1260/1549/981 1217/1547/979 1218/1550/982
f 1260/1549/981 1219/1551/983 1263/1552/984
f 1263/1552/984 1220/1553/985 1266/1554/986
f 1269/1555/987 1220/1553/985 1221/1556/988
f 1269/1555/987 1222/1557/989 1272/1558/990
f 1275/1559/991 1222/1557/989 1223/1560/992
f 1275/1559/991 1224/1561/993 1278/1562/994
f 1281/1563/995 1224/1561/993 1225/1564/996
f 1281/1563/995 1226/1565/997 1284/1566/998
f 1284/1566/998 1227/1567/999 1287/1568/1000
f 1287/1568/1000 1208/1531/963 1230/1569/1001
f 1230/1569/1001 1232/1570/1002 1229/1571/1003
f 1233/1530/962 1235/1572/1004 1232/1570/1002
f 1236/1534/966 1238/1573/1005 1235/1572/1004
f 1239/1536/968 1241/1574/1006 1238/1573/1005
f 1242/1537/969 1244/1575/1007 1241/1574/1006
f 1245/1539/971 1247/1576/1008 1244/1575/1007
f 1248/1541/973 1250/1577/1009 1247/1576/1008
f 1250/1577/1009 1254/1545/977 1253/1578/1010
f 1254/1545/977 1256/1579/1011 1253/1578/1010
f 1256/1579/1011 1260/1549/981 1259/1580/1012
f 1259/1580/1012 1263/1552/984 1262/1581/1013
f 1263/1552/984 1265/1582/1014 1262/1581/1013
f 1266/1554/986 1268/1583/1015 1265/1582/1014
f 1268/1583/1015 1272/1558/990 1271/1584/1016
f 1272/1558/990 1274/1585/1017 1271/1584/1016
f 1274/1585/1017 1278/1562/994 1277/1586/1018
f 1278/1562/994 1280/1587/1019 1277/1586/1018
f 1281/1563/995 1283/1588/1020 1280/1587/1019
f 1284/1566/998 1286/1589/1021 1283/1588/1020
f 1230/1569/1001 1286/1589/1021 1287/1568/1000
f 1228/1590/1022 1232/1591/1023 1231/1592/1024
f 1231/1592/1024 1235/1593/1025 1234/1594/1026
f 1234/1594/1026 1238/1595/1027 1237/1596/1028
f 1237/1596/1028 1241/1597/1029 1240/1598/1030
f 1240/1598/1030 1244/1599/1031 1243/1600/1032
f 1244/1599/1031 1246/1601/1033 1243/1600/1032
f 1246/1601/1033 1250/1602/1034 1249/1603/1035
f 1249/1603/1035 1253/1604/1036 1252/1605/1037
f 1252/1605/1037 1256/1606/1038 1255/1607/1039
f 1256/1606/1038 1258/1608/1040 1255/1607/1039
f 1259/1609/1041 1261/1610/1042 1258/1608/1040
f 1262/1611/1043 1264/1612/1044 1261/1610/1042
f 1264/1612/1044 1268/1613/1045 1267/1614/1046
f 1268/1613/1045 1270/1615/1047 1267/1614/1046
f 1271/1616/1048 1273/1617/1049 1270/1615/1047
f 1274/1618/1050 1276/1619/1051 1273/1617/1049
f 1276/1619/1051 1280/1620/1052 1279/1621/1053
f 1280/1620/1052 1282/1622/1054 1279/1621/1053
f 1282/1622/1054 1286/1623/1055 1285/1624/1056
f 1228/1590/1022 1286/1623/1055 1229/1625/1057
f 1291/1626/1058 727/1627/503 1288/1628/1059
f 1294/1629/1060 728/1630/502 1291/1626/1058
f 1297/1631/1061 729/1632/504 1294/1629/1060
f 1300/1633/1062 730/1634/505 1297/1631/1061
f 1303/1635/1063 731/1636/506 1300/1633/1062
f 1306/1637/1064 732/1638/507 1303/1635/1063
f 1309/1639/1065 733/1640/508 1306/1637/1064
f 1312/1641/1066 734/1642/509 1309/1639/1065
f 1315/1643/1067 735/1644/510 1312/1641/1066
f 1318/1645/1068 736/1646/511 1315/1643/1067
f 1321/1647/1069 737/1648/512 1318/1645/1068
f 1324/1649/1070 738/1650/513 1321/1647/1069
f 1327/1651/1071 739/1652/514 1324/1649/1070
f 1330/1653/1072 740/1654/515 1327/1651/1071
f 1333/1655/1073 741/1656/516 1330/1653/1072
f 1336/1657/1074 742/1658/517 1333/1655/1073
f 1339/1659/1075 743/1660/518 1336/1661/1074
f 1342/1662/1076 744/1663/519 1339/1659/1075
f 1345/1664/1077 745/1665/520 1342/1662/1076
f 1288/1628/1059 746/1666/521 1345/1664/1077
f 1293/1667/1078 1228/1590/1022 1231/1592/1024
f 1296/1668/1079 1231/1592/1024 1234/1594/1026
f 1299/1669/1080 1234/1594/1026 1237/1596/1028
f 1299/1669/1080 1240/1598/1030 1302/1670/1081
f 1302/1670/1081 1243/1600/1032 1305/1671/1082
f 1305/1671/1082 1246/1601/1033 1308/1672/1083
f 1308/1672/1083 1249/1603/1035 1311/1673/1084
f 1311/1673/1084 1252/1605/1037 1314/1674/1085
f 1317/1675/1086 1252/1605/1037 1255/1607/1039
f 1320/1676/1087 1255/1607/1039 1258/1608/1040
f 1323/1677/1088 1258/1608/1040 1261/1610/1042
f 1323/1677/1088 1264/1612/1044 1326/1678/1089
f 1329/1679/1090 1264/1612/1044 1267/1614/1046
f 1332/1680/1091 1267/1614/1046 1270/1615/1047
f 1332/1680/1091 1273/1617/1049 1335/1681/1092
f 1335/1681/1092 1276/1619/1051 1338/1682/1093
f 1338/1682/1093 1279/1621/1053 1341/1683/1094
f 1344/1684/1095 1279/1621/1053 1282/1622/1054
f 1347/1685/1096 1282/1622/1054 1285/1624/1056
f 1290/1686/1097 1285/1624/1056 1228/1590/1022
f 1288/1687/1059 1292/1688/1098 1291/1689/1058
f 1289/1690/1099 1293/1667/1078 1292/1688/1098
f 1291/1689/1058 1295/1691/1100 1294/1692/1060
f 1292/1688/1098 1296/1668/1079 1295/1691/1100
f 1295/1691/1100 1297/1693/1061 1294/1692/1060
f 1296/1668/1079 1298/1694/1101 1295/1691/1100
f 1297/1693/1061 1301/1695/1102 1300/1696/1062
f 1298/1694/1101 1302/1670/1081 1301/1695/1102
f 1301/1695/1102 1303/1697/1063 1300/1696/1062
f 1301/1695/1102 1305/1671/1082 1304/1698/1103
f 1303/1697/1063 1307/1699/1104 1306/1700/1064
f 1305/1671/1082 1307/1699/1104 1304/1698/1103
f 1306/1700/1064 1310/1701/1105 1309/1702/1065
f 1307/1699/1104 1311/1673/1084 1310/1701/1105
f 1310/1701/1105 1312/1703/1066 1309/1702/1065
f 1311/1673/1084 1313/1704/1106 1310/1701/1105
f 1313/1705/1106 1315/1643/1067 1312/1641/1066
f 1314/1674/1085 1316/1706/1107 1313/1704/1106
f 1316/1707/1107 1318/1645/1068 1315/1643/1067
f 1316/1706/1107 1320/1676/1087 1319/1708/1108
f 1319/1708/1108 1321/1709/1069 1318/1710/1068
f 1319/1708/1108 1323/1677/1088 1322/1711/1109
f 1321/1709/1069 1325/1712/1110 1324/1713/1070
f 1322/1711/1109 1326/1678/1089 1325/1712/1110
f 1325/1712/1110 1327/1714/1071 1324/1713/1070
f 1326/1678/1089 1328/1715/1111 1325/1712/1110
f 1328/1715/1111 1330/1716/1072 1327/1714/1071
f 1329/1679/1090 1331/1717/1112 1328/1715/1111
f 1330/1716/1072 1334/1718/1113 1333/1719/1073
f 1331/1717/1112 1335/1681/1092 1334/1718/1113
f 1333/1719/1073 1337/1720/1114 1336/1721/1074
f 1335/1681/1092 1337/1720/1114 1334/1718/1113
f 1337/1720/1114 1339/1722/1075 1336/1721/1074
f 1337/1720/1114 1341/1683/1094 1340/1723/1115
f 1339/1722/1075 1343/1724/1116 1342/1725/1076
f 1340/1723/1115 1344/1684/1095 1343/1724/1116
f 1343/1726/1116 1345/1664/1077 1342/1662/1076
f 1344/1684/1095 1346/1727/1117 1343/1724/1116
f 1289/1690/1099 1347/1685/1096 1290/1686/1097
f 1289/1728/1099 1345/1664/1077 1346/1729/1117
f 1208/1730/1118 1349/1731/1118 1209/1732/1118
f 1209/1732/1119 1350/1733/1119 1210/1734/1119
f 1210/1734/1120 1351/1735/1120 1211/1736/1120
f 1211/1736/1121 1352/1737/1121 1212/1738/1121
f 1212/1738/1122 1353/1739/1122 1213/1740/1122
f 1213/1740/1123 1354/1741/1123 1214/1742/1123
f 1214/1743/1124 1355/1744/1124 1215/1745/1124
f 1215/1745/1125 1356/1746/1125 1216/1747/1125
f 1216/1747/1126 1357/1748/1126 1217/1749/1126
f 1217/1749/1127 1358/1750/1127 1218/1751/1127
f 1218/1751/1128 1359/1752/1128 1219/1753/1128
f 1219/1753/1129 1360/1754/1129 1220/1755/1129
f 1220/1755/1130 1361/1756/1131 1221/1757/1131
f 1221/1757/1132 1362/1758/1132 1222/1759/1132
f 1222/1759/1133 1363/1760/1133 1223/1761/1133
f 1223/1761/1134 1364/1762/1134 1224/1763/1134
f 1224/1764/1135 1365/1765/1135 1225/1766/1135
f 1225/1766/1136 1366/1767/1136 1226/1768/1136
f 1226/1768/1137 1367/1769/1137 1227/1770/1137
f 1227/1770/1138 1348/1771/1138 1208/1730/1138
f 1368/1772/1118 1389/1773/1118 1369/1774/1118
f 1369/1774/1119 1390/1775/1119 1370/1776/1119
f 1370/1776/1120 1391/1777/1120 1371/1778/1120
f 1371/1778/1121 1392/1779/1121 1372/1780/1121
f 1372/1780/1122 1393/1781/1122 1373/1782/1122
f 1373/1782/1123 1394/1783/1123 1374/1784/1123
f 1374/1785/1124 1395/1786/1124 1375/1787/1124
f 1375/1787/1125 1396/1788/1125 1376/1789/1125
f 1376/1789/1126 1397/1790/1126 1377/1791/1126
f 1377/1791/1127 1398/1792/1127 1378/1793/1127
f 1378/1793/1128 1399/1794/1128 1379/1795/1128
f 1379/1795/1129 1400/1796/1129 1380/1797/1129
f 1380/1797/1131 1401/1798/1130 1381/1799/1130
f 1381/1799/1132 1402/1800/1132 1382/1801/1132
f 1382/1801/1133 1403/1802/1133 1383/1803/1133
f 1383/1803/1134 1404/1804/1134 1384/1805/1134
f 1384/1806/1135 1405/1807/1135 1385/1808/1135
f 1385/1808/1136 1406/1809/1136 1386/1810/1136
f 1386/1810/1137 1407/1811/1137 1387/1812/1137
f 1387/1812/1138 1388/1813/1138 1368/1772/1138
f 1409/1814/794 1485/1815/776 1408/1816/775
f 1408/1816/775 1410/1817/1139 1409/1814/794
f 1411/1818/773 1416/1819/795 1410/1817/1139
f 1417/1820/795 1420/1821/778 1416/1819/795
f 1421/1822/778 1424/1823/779 1420/1821/778
f 1425/1824/779 1428/1825/796 1424/1823/779
f 1428/1825/796 1433/1826/781 1432/1827/781
f 1432/1827/781 1437/1828/782 1436/1829/782
f 1436/1829/782 1441/1830/797 1440/1831/797
f 1441/1830/797 1444/1832/784 1440/1831/797
f 1445/1833/784 1448/1834/1140 1444/1832/784
f 1449/1835/1140 1452/1836/786 1448/1834/1140
f 1453/1837/786 1456/1838/787 1452/1836/786
f 1456/1838/787 1461/1839/788 1460/1840/788
f 1461/1839/788 1464/1841/789 1460/1840/788
f 1464/1841/789 1469/1842/1141 1468/1843/1141
f 1469/1842/1141 1472/1844/791 1468/1843/1141
f 1472/1844/791 1477/1845/792 1476/1846/792
f 1476/1846/792 1481/1847/800 1480/1848/800
f 1480/1848/800 1485/1815/776 1484/1849/776
f 1412/1850/801 1486/1851/711 1487/1852/711
f 1413/1853/801 1415/1854/1142 1414/1855/1142
f 1415/1854/1142 1418/1856/1143 1414/1855/1142
f 1418/1856/1143 1423/1857/1144 1422/1858/1144
f 1422/1858/1144 1427/1859/715 1426/1860/715
f 1427/1859/715 1430/1861/716 1426/1860/715
f 1431/1862/716 1434/1863/927 1430/1861/716
f 1435/1864/804 1438/1865/718 1434/1863/927
f 1439/1866/718 1442/1867/1145 1438/1865/718
f 1442/1867/1145 1447/1868/1146 1446/1869/1146
f 1446/1869/1146 1451/1870/1147 1450/1871/1147
f 1450/1871/1147 1455/1872/935 1454/1873/935
f 1454/1873/935 1459/1874/723 1458/1875/723
f 1459/1874/723 1462/1876/724 1458/1875/723
f 1462/1876/724 1467/1877/726 1466/1878/726
f 1467/1877/726 1470/1879/806 1466/1878/726
f 1470/1879/806 1475/1880/1148 1474/1881/1148
f 1475/1880/1148 1478/1882/730 1474/1881/1148
f 1478/1882/730 1483/1883/1149 1482/1884/1149
f 1483/1883/1149 1486/1851/711 1482/1884/1149
f 1489/1885/794 1565/1886/776 1488/1887/794
f 1489/1885/794 1491/1888/1139 1490/1889/1139
f 1490/1889/1139 1497/1890/795 1496/1891/795
f 1497/1890/795 1500/1892/778 1496/1891/795
f 1500/1892/778 1505/1893/779 1504/1894/779
f 1504/1894/779 1509/1895/796 1508/1896/796
f 1508/1896/796 1513/1897/781 1512/1898/781
f 1512/1898/781 1517/1899/782 1516/1900/782
f 1516/1900/782 1521/1901/797 1520/1902/797
f 1521/1901/797 1524/1903/1150 1520/1902/797
f 1525/1904/1150 1528/1905/1140 1524/1903/1150
f 1529/1906/1140 1532/1907/786 1528/1905/1140
f 1533/1908/786 1536/1909/787 1532/1907/786
f 1536/1909/787 1541/1910/788 1540/1911/788
f 1541/1910/788 1544/1912/789 1540/1911/788
f 1544/1912/789 1549/1913/1141 1548/1914/1141
f 1549/1913/1141 1552/1915/1151 1548/1914/1141
f 1552/1915/1151 1557/1916/792 1556/1917/792
f 1556/1917/792 1561/1918/800 1560/1919/800
f 1560/1919/800 1565/1886/776 1564/1920/776
f 1492/1921/801 1566/1922/711 1567/1923/711
f 1493/1924/801 1495/1925/1142 1494/1926/1142
f 1495/1925/1142 1498/1927/1143 1494/1926/1142
f 1498/1927/1143 1503/1928/1144 1502/1929/1144
f 1503/1928/1144 1506/1930/715 1502/1929/1144
f 1507/1931/715 1510/1932/716 1506/1930/715
f 1511/1933/716 1514/1934/804 1510/1932/716
f 1515/1935/804 1518/1936/718 1514/1934/804
f 1519/1937/718 1522/1938/719 1518/1936/718
f 1522/1938/719 1527/1939/1146 1526/1940/1146
f 1526/1940/1146 1531/1941/1147 1530/1942/721
f 1530/1942/721 1535/1943/935 1534/1944/935
f 1534/1944/935 1539/1945/723 1538/1946/723
f 1539/1945/723 1542/1947/724 1538/1946/723
f 1542/1947/724 1547/1948/726 1546/1949/726
f 1547/1948/726 1550/1950/806 1546/1949/726
f 1550/1950/806 1555/1951/1148 1554/1952/1148
f 1555/1951/1148 1558/1953/730 1554/1952/1148
f 1559/1954/730 1562/1955/1149 1558/1953/730
f 1563/1956/1149 1566/1922/711 1562/1955/1149
f 1408/1957/503 1414/1958/502 1411/1959/502
f 1411/1959/502 1418/1960/504 1417/1961/504
f 1417/1961/504 1422/1962/505 1421/1963/505
f 1421/1963/505 1426/1964/506 1425/1965/506
f 1425/1965/506 1430/1966/507 1429/1967/507
f 1429/1967/507 1434/1968/508 1433/1969/508
f 1433/1970/508 1438/1971/509 1437/1972/509
f 1437/1972/509 1442/1973/510 1441/1974/510
f 1441/1974/510 1446/1975/511 1445/1976/511
f 1445/1976/511 1450/1977/512 1449/1978/512
f 1453/1979/513 1450/1977/512 1454/1980/513
f 1457/1981/514 1454/1980/513 1458/1982/514
f 1457/1981/514 1462/1983/515 1461/1984/515
f 1461/1984/515 1466/1985/516 1465/1986/516
f 1465/1986/516 1470/1987/517 1469/1988/517
f 1469/1988/517 1474/1989/518 1473/1990/518
f 1473/1991/518 1478/1992/519 1477/1993/519
f 1477/1993/519 1482/1994/520 1481/1995/520
f 1481/1995/520 1486/1996/521 1485/1997/521
f 1485/1997/521 1413/1998/503 1408/1957/503
f 1488/1999/503 1494/2000/502 1491/2001/502
f 1491/2001/502 1498/2002/504 1497/2003/504
f 1497/2003/504 1502/2004/505 1501/2005/505
f 1501/2005/505 1506/2006/506 1505/2007/506
f 1505/2007/506 1510/2008/507 1509/2009/507
f 1509/2009/507 1514/2010/508 1513/2011/508
f 1513/2012/508 1518/2013/509 1517/2014/509
f 1517/2014/509 1522/2015/510 1521/2016/510
f 1521/2016/510 1526/2017/511 1525/2018/511
f 1525/2018/511 1530/2019/512 1529/2020/512
f 1529/2020/512 1534/2021/513 1533/2022/513
f 1533/2022/513 1538/2023/514 1537/2024/514
f 1537/2024/514 1542/2025/515 1541/2026/515
f 1541/2026/515 1546/2027/516 1545/2028/516
f 1545/2028/516 1550/2029/517 1549/2030/517
f 1549/2030/517 1554/2031/518 1553/2032/518
f 1553/2033/518 1558/2034/519 1557/2035/519
f 1557/2035/519 1562/2036/520 1561/2037/520
f 1561/2037/520 1566/2038/521 1565/2039/521
f 1565/2039/521 1493/2040/503 1488/1999/503
f 1348/2041/525 1410/1817/525 1349/2042/525
f 1349/2042/525 1416/1819/525 1350/2043/525
f 1351/2044/525 1416/1819/525 1420/1821/525
f 1351/2044/525 1424/1823/525 1352/2045/525
f 1352/2045/525 1428/1825/525 1353/2046/525
f 1353/2046/525 1432/1827/525 1354/2047/525
f 1355/2048/525 1432/1827/525 1436/1829/525
f 1355/2048/525 1440/1831/525 1356/2049/525
f 1357/2050/525 1440/1831/525 1444/1832/525
f 1357/2050/525 1448/1834/525 1358/2051/525
f 1358/2051/525 1452/1836/525 1359/2052/525
f 1360/2053/525 1452/1836/525 1456/1838/525
f 1360/2053/525 1460/1840/525 1361/2054/525
f 1362/2055/525 1460/1840/525 1464/1841/525
f 1362/2055/525 1468/1843/525 1363/2056/525
f 1363/2056/525 1472/1844/525 1364/2057/525
f 1364/2057/525 1476/1846/525 1365/2058/525
f 1366/2059/525 1476/1846/525 1480/1848/525
f 1366/2059/525 1484/1849/525 1367/2060/525
f 1348/2041/525 1484/1849/525 1409/1814/525
f 1368/2061/522 1415/1854/522 1412/1850/522
f 1369/2062/522 1419/2063/522 1415/1854/522
f 1371/2064/522 1419/2063/522 1370/2065/522
f 1371/2064/522 1427/1859/522 1423/1857/522
f 1372/2066/522 1431/1862/522 1427/1859/522
f 1373/2067/522 1435/1864/522 1431/1862/522
f 1375/2068/522 1435/1864/522 1374/2069/522
f 1375/2068/522 1443/2070/522 1439/1866/522
f 1377/2071/522 1443/2070/522 1376/2072/522
f 1377/2071/522 1451/1870/522 1447/1868/522
f 1378/2073/522 1455/1872/522 1451/1870/522
f 1380/2074/522 1455/1872/522 1379/2075/522
f 1380/2074/522 1463/2076/522 1459/1874/522
f 1382/2077/522 1463/2076/522 1381/2078/522
f 1382/2077/522 1471/2079/522 1467/1877/522
f 1383/2080/522 1475/1880/522 1471/2079/522
f 1384/2081/522 1479/2082/522 1475/1880/522
f 1386/2083/522 1479/2082/522 1385/2084/522
f 1386/2083/522 1487/1852/522 1483/1883/522
f 1368/2061/522 1487/1852/522 1387/2085/522
f 1388/2086/525 1490/1889/525 1389/2087/525
f 1389/2087/525 1496/1891/525 1390/2088/525
f 1391/2089/525 1496/1891/525 1500/1892/525
f 1391/2089/525 1504/1894/525 1392/2090/525
f 1392/2090/525 1508/1896/525 1393/2091/525
f 1393/2091/525 1512/1898/525 1394/2092/525
f 1395/2093/525 1512/1898/525 1516/1900/525
f 1395/2093/525 1520/1902/525 1396/2094/525
f 1397/2095/525 1520/1902/525 1524/1903/525
f 1397/2095/525 1528/1905/525 1398/2096/525
f 1398/2096/525 1532/1907/525 1399/2097/525
f 1400/2098/525 1532/1907/525 1536/1909/525
f 1400/2098/525 1540/1911/525 1401/2099/525
f 1402/2100/525 1540/1911/525 1544/1912/525
f 1402/2100/525 1548/1914/525 1403/2101/525
f 1403/2101/525 1552/1915/525 1404/2102/525
f 1404/2102/525 1556/1917/525 1405/2103/525
f 1406/2104/525 1556/1917/525 1560/1919/525
f 1406/2104/525 1564/1920/525 1407/2105/525
f 1388/2086/525 1564/1920/525 1489/1885/525
f 1495/2106/502 1569/2107/503 1568/2108/502
f 1499/2109/504 1568/2108/502 1570/2110/504
f 1503/2111/1152 1570/2110/504 1571/2112/1152
f 1507/2113/506 1571/2112/1152 1572/2114/506
f 1511/2115/1153 1572/2114/506 1573/2116/1153
f 1515/2117/1154 1573/2116/1153 1574/2118/1154
f 1519/2119/509 1574/2120/1154 1575/2121/509
f 1519/2119/509 1576/2122/510 1523/2123/510
f 1523/2123/510 1577/2124/511 1527/2125/511
f 1531/2126/512 1577/2124/511 1578/2127/512
f 1531/2126/512 1579/2128/513 1535/2129/513
f 1539/2130/1155 1579/2128/513 1580/2131/1155
f 1543/2132/515 1580/2131/1155 1581/2133/1156
f 1543/2132/515 1582/2134/1157 1547/2135/1158
f 1547/2135/1158 1583/2136/1159 1551/2137/1159
f 1551/2137/1159 1584/2138/1160 1555/2139/518
f 1555/2140/518 1585/2141/519 1559/2142/519
f 1559/2142/519 1586/2143/520 1563/2144/520
f 1567/2145/521 1586/2143/520 1587/2146/521
f 1567/2145/521 1569/2107/503 1492/2147/503
f 1569/2148/1161 1608/2149/1162 1568/2150/1163
f 1568/2150/1163 1620/2151/1164 1570/2152/1165
f 1571/2153/1166 1620/2151/1164 1626/2154/1167
f 1571/2153/1166 1632/2155/1168 1572/2156/1169
f 1572/2156/1169 1638/2157/1170 1573/2158/1171
f 1573/2158/1171 1644/2159/1172 1574/2160/1173
f 1575/2161/1174 1644/2159/1172 1650/2162/1175
f 1575/2161/1174 1656/2163/1176 1576/2164/1177
f 1577/2165/1178 1656/2163/1176 1662/2166/1179
f 1578/2167/1180 1662/2166/1179 1668/2168/1181
f 1579/2169/1182 1668/2168/1181 1674/2170/1183
f 1580/2171/1184 1674/2170/1183 1680/2172/1185
f 1580/2171/1184 1686/2173/1186 1581/2174/1187
f 1581/2174/1187 1692/2175/1188 1582/2176/1189
f 1583/2177/1190 1692/2175/1188 1698/2178/1191
f 1583/2177/1190 1704/2179/1192 1584/2180/1193
f 1584/2180/1193 1710/2181/1194 1585/2182/1195
f 1585/2182/1195 1716/2183/1196 1586/2184/1197
f 1586/2184/1197 1722/2185/1198 1587/2186/1199
f 1569/2148/1161 1722/2185/1198 1614/2187/1200
f 1613/2188/1201 1589/2189/1202 1588/2190/1203
f 1625/2191/1204 1588/2190/1203 1590/2192/1205
f 1625/2191/1204 1591/2193/1206 1631/2194/1207
f 1637/2195/1208 1591/2193/1206 1592/2196/1209
f 1643/2197/1210 1592/2196/1209 1593/2198/1211
f 1649/2199/1212 1593/2198/1211 1594/2200/1213
f 1649/2199/1212 1595/2201/1214 1655/2202/1215
f 1661/2203/1216 1595/2201/1214 1596/2204/1217
f 1661/2203/1216 1597/2205/1218 1667/2206/1219
f 1667/2206/1219 1598/2207/1220 1673/2208/1221
f 1673/2208/1221 1599/2209/1222 1679/2210/1223
f 1679/2210/1223 1600/2211/1224 1685/2212/1225
f 1691/2213/1226 1600/2211/1224 1601/2214/1227
f 1697/2215/1228 1601/2214/1227 1602/2216/1229
f 1697/2215/1228 1603/2217/1230 1703/2218/1231
f 1709/2219/1232 1603/2217/1230 1604/2220/1233
f 1715/2221/1234 1604/2220/1233 1605/2222/1235
f 1721/2223/1236 1605/2222/1235 1606/2224/1237
f 1727/2225/1238 1606/2224/1237 1607/2226/1239
f 1619/2227/1240 1607/2226/1239 1589/2189/1202
f 1612/2228/1241 1625/2191/1204 1624/2229/1242
f 1612/2228/1241 1623/2230/1243 1611/2231/1244
f 1611/2232/1244 1622/2233/1245 1610/2234/1246
f 1609/2235/1247 1620/2151/1164 1608/2149/1162
f 1609/2235/1247 1622/2233/1245 1621/2236/1248
f 1612/2228/1241 1619/2227/1240 1613/2188/1201
f 1612/2228/1241 1617/2237/1249 1618/2238/1250
f 1611/2232/1244 1616/2239/1251 1617/2240/1249
f 1609/2235/1247 1616/2239/1251 1610/2234/1246
f 1608/2149/1162 1615/2241/1252 1609/2235/1247
f 1624/2229/1242 1631/2194/1207 1630/2242/1253
f 1624/2229/1242 1629/2243/1254 1623/2230/1243
f 1623/2244/1243 1628/2245/1255 1622/2233/1245
f 1621/2236/1248 1626/2154/1167 1620/2151/1164
f 1621/2236/1248 1628/2245/1255 1627/2246/1256
f 1631/2194/1207 1636/2247/1257 1630/2242/1253
f 1629/2243/1254 1636/2247/1257 1635/2248/1258
f 1629/2249/1254 1634/2250/1259 1628/2245/1255
f 1627/2246/1256 1632/2155/1168 1626/2154/1167
f 1627/2246/1256 1634/2250/1259 1633/2251/1260
f 1637/2195/1208 1642/2252/1261 1636/2247/1257
f 1635/2248/1258 1642/2252/1261 1641/2253/1262
f 1635/2254/1258 1640/2255/1263 1634/2250/1259
f 1632/2155/1168 1639/2256/1264 1638/2157/1170
f 1633/2251/1260 1640/2255/1263 1639/2256/1264
f 1643/2197/1210 1648/2257/1265 1642/2252/1261
f 1642/2252/1261 1647/2258/1266 1641/2253/1262
f 1640/2255/1263 1647/2259/1266 1646/2260/1267
f 1639/2256/1264 1644/2159/1172 1638/2157/1170
f 1639/2256/1264 1646/2260/1267 1645/2261/1268
f 1648/2257/1265 1655/2202/1215 1654/2262/1269
f 1647/2258/1266 1654/2262/1269 1653/2263/1270
f 1647/2259/1266 1652/2264/1271 1646/2260/1267
f 1645/2261/1268 1650/2162/1175 1644/2159/1172
f 1646/2260/1267 1651/2265/1272 1645/2261/1268
f 1655/2202/1215 1660/2266/1273 1654/2262/1269
f 1653/2263/1270 1660/2266/1273 1659/2267/1274
f 1652/2264/1271 1659/2268/1274 1658/2269/1275
f 1650/2162/1175 1657/2270/1276 1656/2163/1176
f 1652/2264/1271 1657/2270/1276 1651/2265/1272
f 1660/2266/1273 1667/2206/1219 1666/2271/1277
f 1659/2267/1274 1666/2271/1277 1665/2272/1278
f 1658/2269/1275 1665/2273/1278 1664/2274/1279
f 1657/2270/1276 1662/2166/1179 1656/2163/1176
f 1658/2269/1275 1663/2275/1280 1657/2270/1276
f 1666/2271/1277 1673/2208/1221 1672/2276/1281
f 1666/2271/1277 1671/2277/1282 1665/2272/1278
f 1664/2274/1279 1671/2278/1282 1670/2279/1283
f 1663/2275/1280 1668/2168/1181 1662/2166/1179
f 1663/2275/1280 1670/2279/1283 1669/2280/1284
f 1672/2276/1281 1679/2210/1223 1678/2281/1285
f 1671/2277/1282 1678/2281/1285 1677/2282/1286
f 1671/2278/1282 1676/2283/1287 1670/2279/1283
f 1668/2168/1181 1675/2284/1288 1674/2170/1183
f 1669/2280/1284 1676/2283/1287 1675/2284/1288
f 1678/2281/1285 1685/2212/1225 1684/2285/1289
f 1677/2282/1286 1684/2285/1289 1683/2286/1290
f 1677/2287/1286 1682/2288/1291 1676/2283/1287
f 1675/2284/1288 1680/2172/1185 1674/2170/1183
f 1676/2283/1287 1681/2289/1292 1675/2284/1288
f 1684/2285/1289 1691/2213/1226 1690/2290/1293
f 1684/2285/1289 1689/2291/1294 1683/2286/1290
f 1683/2292/1290 1688/2293/1295 1682/2288/1291
f 1680/2172/1185 1687/2294/1296 1686/2173/1186
f 1682/2288/1291 1687/2294/1296 1681/2289/1292
f 1690/2290/1293 1697/2215/1228 1696/2295/1297
f 1690/2290/1293 1695/2296/1298 1689/2291/1294
f 1689/2297/1294 1694/2298/1299 1688/2293/1295
f 1686/2173/1186 1693/2299/1300 1692/2175/1188
f 1688/2293/1295 1693/2299/1300 1687/2294/1296
f 1696/2295/1297 1703/2218/1231 1702/2300/1301
f 1695/2296/1298 1702/2300/1301 1701/2301/1302
f 1695/2302/1298 1700/2303/1303 1694/2298/1299
f 1693/2299/1300 1698/2178/1191 1692/2175/1188
f 1694/2298/1299 1699/2304/1304 1693/2299/1300
f 1702/2300/1301 1709/2219/1232 1708/2305/1305
f 1702/2300/1301 1707/2306/1306 1701/2301/1302
f 1701/2307/1302 1706/2308/1307 1700/2303/1303
f 1698/2178/1191 1705/2309/1308 1704/2179/1192
f 1699/2304/1304 1706/2308/1307 1705/2309/1308
f 1709/2219/1232 1714/2310/1309 1708/2305/1305
f 1707/2306/1306 1714/2310/1309 1713/2311/1310
f 1706/2308/1307 1713/2312/1310 1712/2313/1311
f 1704/2179/1192 1711/2314/1312 1710/2181/1194
f 1705/2309/1308 1712/2313/1311 1711/2314/1312
f 1715/2221/1234 1720/2315/1313 1714/2310/1309
f 1713/2311/1310 1720/2315/1313 1719/2316/1314
f 1713/2312/1310 1718/2317/1315 1712/2313/1311
f 1711/2314/1312 1716/2183/1196 1710/2181/1194
f 1712/2313/1311 1717/2318/1316 1711/2314/1312
f 1721/2223/1236 1726/2319/1317 1720/2315/1313
f 1719/2316/1314 1726/2319/1317 1725/2320/1318
f 1719/2321/1314 1724/2322/1319 1718/2317/1315
f 1717/2318/1316 1722/2185/1198 1716/2183/1196
f 1717/2318/1316 1724/2322/1319 1723/2323/1320
f 1618/2238/1250 1727/2225/1238 1619/2227/1240
f 1618/2238/1250 1725/2320/1318 1726/2319/1317
f 1617/2240/1249 1724/2322/1319 1725/2324/1318
f 1615/2241/1252 1724/2322/1319 1616/2239/1251
f 1614/2187/1200 1723/2323/1320 1615/2241/1252
f 1589/2325/1321 1728/2326/1322 1588/2327/1322
f 1588/2327/1322 1730/2328/1323 1590/2329/1323
f 1591/2330/1324 1730/2328/1323 1731/2331/1324
f 1592/2332/1325 1731/2331/1324 1732/2333/1325
f 1592/2332/1325 1733/2334/1326 1593/2335/1326
f 1593/2335/1326 1734/2336/1327 1594/2337/1328
f 1595/2338/1329 1734/2336/1327 1735/2339/1329
f 1595/2338/1329 1736/2340/1330 1596/2341/1330
f 1597/2342/1331 1736/2340/1330 1737/2343/1331
f 1598/2344/1332 1737/2343/1331 1738/2345/1332
f 1599/2346/1333 1738/2345/1332 1739/2347/1333
f 1600/2348/1334 1739/2347/1333 1740/2349/1334
f 1600/2348/1334 1741/2350/1335 1601/2351/1335
f 1601/2351/1335 1742/2352/1336 1602/2353/1336
f 1603/2354/1337 1742/2352/1336 1743/2355/1337
f 1603/2354/1337 1744/2356/1338 1604/2357/1338
f 1604/2357/1338 1745/2358/1339 1605/2359/1339
f 1605/2359/1339 1746/2360/1340 1606/2361/1340
f 1606/2361/1340 1747/2362/1341 1607/2363/1341
f 1607/2363/1341 1729/2364/1321 1589/2325/1321
f 1749/2365/1342 1768/2366/1343 1748/2367/1343
f 1750/2368/1344 1768/2366/1343 1770/2369/1345
f 1751/2370/1346 1770/2371/1345 1771/2372/1346
f 1751/2370/1346 1772/2373/1347 1752/2374/1347
f 1752/2374/1347 1773/2375/1348 1753/2376/1348
f 1753/2376/1348 1774/2377/1349 1754/2378/1350
f 1754/2379/1350 1775/2380/1351 1755/2381/1352
f 1755/2381/1352 1776/2382/1353 1756/2383/1353
f 1756/2383/1353 1777/2384/1354 1757/2385/1354
f 1758/2386/1355 1777/2384/1354 1778/2387/1355
f 1759/2388/1356 1778/2387/1355 1779/2389/1356
f 1759/2388/1356 1780/2390/1357 1760/2391/1358
f 1760/2392/1358 1781/2393/1359 1761/2394/1360
f 1761/2394/1360 1782/2395/1361 1762/2396/1362
f 1763/2397/1363 1782/2395/1361 1783/2398/1363
f 1763/2397/1363 1784/2399/1364 1764/2400/1364
f 1764/2401/1364 1785/2402/1365 1765/2403/1365
f 1766/2404/1366 1785/2402/1365 1786/2405/1366
f 1766/2404/1366 1787/2406/1367 1767/2407/1367
f 1749/2365/1342 1787/2406/1367 1769/2408/1342
f 1789/2409/503 1808/2410/502 1788/2411/502
f 1788/2411/502 1810/2412/504 1790/2413/504
f 1791/2414/505 1810/2412/504 1811/2415/505
f 1791/2414/505 1812/2416/1368 1792/2417/1368
f 1792/2417/1368 1813/2418/507 1793/2419/507
f 1793/2419/507 1814/2420/508 1794/2421/508
f 1794/2421/508 1815/2422/509 1795/2423/509
f 1795/2423/509 1816/2424/510 1796/2425/510
f 1796/2425/510 1817/2426/511 1797/2427/511
f 1797/2427/511 1818/2428/512 1798/2429/512
f 1798/2429/512 1819/2430/513 1799/2431/513
f 1799/2431/513 1820/2432/1369 1800/2433/1369
f 1800/2434/1369 1821/2435/515 1801/2436/515
f 1802/2437/1370 1821/2435/515 1822/2438/1370
f 1802/2437/1370 1823/2439/517 1803/2440/517
f 1803/2440/517 1824/2441/1371 1804/2442/1371
f 1804/2442/1371 1825/2443/1372 1805/2444/1372
f 1805/2444/1372 1826/2445/520 1806/2446/520
f 1807/2447/521 1826/2445/520 1827/2448/521
f 1807/2447/521 1809/2449/503 1789/2409/503
f 2029/2450/502 2030/2451/1373 2031/2452/502
f 2032/2453/504 2031/2452/502 2033/2454/504
f 2032/2455/504 2035/2456/505 2034/2457/505
f 2036/2458/1368 2035/2456/505 2037/2459/506
f 2038/2460/507 2037/2459/506 2039/2461/507
f 2038/2460/507 2041/2462/508 2040/2463/508
f 2040/2463/508 2043/2464/509 2042/2465/509
f 2044/2466/510 2043/2464/509 2045/2467/510
f 2046/2468/511 2045/2467/510 2047/2469/511
f 2046/2468/511 2049/2470/512 2048/2471/512
f 2048/2471/512 2051/2472/513 2050/2473/1374
f 2050/2473/1374 2053/2474/1375 2052/2475/1375
f 2052/2476/1375 2055/2477/1376 2054/2478/1376
f 2056/2479/1377 2055/2477/1376 2057/2480/1377
f 2058/2481/517 2057/2480/1377 2059/2482/517
f 2058/2481/517 2061/2483/1371 2060/2484/1371
f 2060/2484/1371 2063/2485/1378 2062/2486/1372
f 2062/2486/1372 2065/2487/1379 2064/2488/1379
f 2066/2489/521 2065/2487/1379 2067/2490/521
f 2066/2489/521 2030/2451/1373 2028/2491/1373
f 1830/2492/1380 1832/2493/1381 1831/2494/1382
f 1729/2364/525 1831/2494/1382 1728/2326/525
f 1730/2328/525 1831/2494/1382 1840/2495/1383
f 1730/2328/525 1846/2496/1384 1731/2331/525
f 1732/2333/525 1846/2496/1384 1852/2497/1385
f 1732/2333/525 1858/2498/1386 1733/2334/525
f 1733/2334/525 1864/2499/1387 1734/2336/525
f 1735/2339/525 1864/2499/1387 1870/2500/1388
f 1735/2339/525 1876/2501/1389 1736/2340/525
f 1737/2343/525 1876/2501/1389 1882/2502/1390
f 1737/2343/525 1888/2503/1391 1738/2345/525
f 1738/2345/525 1894/2504/1392 1739/2347/525
f 1740/2349/525 1894/2504/1392 1900/2505/1393
f 1740/2349/525 1906/2506/1394 1741/2350/525
f 1741/2350/525 1912/2507/1395 1742/2352/525
f 1743/2355/525 1912/2507/1395 1918/2508/1396
f 1743/2355/525 1924/2509/1397 1744/2356/525
f 1744/2356/525 1930/2510/1398 1745/2358/525
f 1746/2360/525 1930/2510/1398 1936/2511/1399
f 1747/2362/525 1936/2511/1399 1942/2512/1400
f 1729/2364/525 1942/2512/1400 1830/2492/1380
f 1832/2493/1381 1840/2495/1383 1831/2494/1382
f 1840/2495/1383 1847/2513/1401 1846/2496/1384
f 1847/2513/1401 1852/2497/1385 1846/2496/1384
f 1852/2497/1385 1859/2514/1402 1858/2498/1386
f 1858/2498/1386 1865/2515/1403 1864/2499/1387
f 1865/2515/1403 1870/2500/1388 1864/2499/1387
f 1870/2500/1388 1877/2516/1404 1876/2501/1389
f 1877/2516/1404 1882/2502/1390 1876/2501/1389
f 1882/2502/1390 1889/2517/1405 1888/2503/1391
f 1888/2503/1391 1895/2518/1406 1894/2504/1392
f 1895/2518/1406 1900/2505/1393 1894/2504/1392
f 1900/2505/1393 1907/2519/1407 1906/2506/1394
f 1906/2506/1394 1913/2520/1408 1912/2507/1395
f 1913/2520/1408 1918/2508/1396 1912/2507/1395
f 1918/2508/1396 1925/2521/1409 1924/2509/1397
f 1924/2509/1397 1931/2522/1410 1930/2510/1398
f 1931/2522/1410 1936/2511/1399 1930/2510/1398
f 1937/2523/1411 1942/2512/1400 1936/2511/1399
f 1830/2492/1380 1943/2524/1412 1829/2525/1413
f 1829/2525/1414 1833/2526/1415 1832/2493/1416
f 1835/2527/1417 1837/2528/1418 1836/2529/1419
f 1828/2530/1420 1837/2531/1418 1833/2532/1415
f 1833/2532/1415 1843/2533/1421 1842/2534/1422
f 1848/2535/1423 1843/2533/1421 1849/2536/1424
f 1848/2535/1423 1855/2537/1425 1854/2538/1426
f 1854/2538/1426 1861/2539/1427 1860/2540/1428
f 1860/2540/1428 1867/2541/1429 1866/2542/1430
f 1866/2543/1430 1873/2544/1431 1872/2545/1432
f 1872/2545/1432 1879/2546/1433 1878/2547/1434
f 1878/2547/1434 1885/2548/1435 1884/2549/1436
f 1884/2549/1436 1891/2550/1437 1890/2551/1438
f 1890/2551/1438 1897/2552/1439 1896/2553/1440
f 1896/2553/1440 1903/2554/1441 1902/2555/1442
f 1902/2555/1442 1909/2556/1443 1908/2557/1444
f 1908/2557/1444 1915/2558/1445 1914/2559/1446
f 1914/2559/1446 1921/2560/1447 1920/2561/1448
f 1920/2561/1448 1927/2562/1449 1926/2563/1450
f 1926/2563/1450 1933/2564/1451 1932/2565/1452
f 1932/2565/1452 1939/2566/1453 1938/2567/1454
f 1938/2567/1454 1945/2568/1455 1944/2569/1456
f 1944/2569/1456 1836/2570/1419 1828/2530/1420
f 1833/2526/1415 1841/2571/1457 1832/2493/1416
f 1837/2528/1418 1844/2572/1458 1843/2573/1421
f 1841/2571/1457 1848/2574/1423 1847/2513/1459
f 1843/2573/1421 1850/2575/1460 1849/2576/1424
f 1848/2574/1423 1853/2577/1461 1847/2513/1459
f 1849/2576/1424 1856/2578/1462 1855/2579/1425
f 1854/2580/1426 1859/2514/1463 1853/2577/1461
f 1856/2578/1462 1861/2581/1427 1855/2579/1425
f 1860/2582/1428 1865/2515/1464 1859/2514/1463
f 1861/2581/1427 1868/2583/1465 1867/2584/1429
f 1866/2585/1430 1871/2586/1466 1865/2515/1464
f 1867/2584/1429 1874/2587/1467 1873/2588/1431
f 1871/2586/1466 1878/2589/1434 1877/2516/1468
f 1874/2587/1467 1879/2590/1433 1873/2588/1431
f 1877/2516/1468 1884/2591/1436 1883/2592/1469
f 1880/2593/1470 1885/2594/1435 1879/2590/1433
f 1884/2591/1436 1889/2517/1471 1883/2592/1469
f 1885/2594/1435 1892/2595/1472 1891/2596/1437
f 1889/2517/1471 1896/2597/1440 1895/2518/1473
f 1892/2595/1472 1897/2598/1439 1891/2596/1437
f 1895/2518/1473 1902/2599/1442 1901/2600/1474
f 1898/2601/1475 1903/2602/1441 1897/2598/1439
f 1901/2600/1474 1908/2603/1444 1907/2519/1476
f 1904/2604/1477 1909/2605/1443 1903/2602/1441
f 1907/2519/1476 1914/2606/1446 1913/2520/1478
f 1910/2607/1479 1915/2608/1445 1909/2605/1443
f 1914/2606/1446 1919/2609/1480 1913/2520/1478
f 1915/2608/1445 1922/2610/1481 1921/2611/1447
f 1919/2609/1480 1926/2612/1450 1925/2521/1482
f 1922/2610/1481 1927/2613/1449 1921/2611/1447
f 1925/2521/1482 1932/2614/1452 1931/2522/1483
f 1928/2615/1484 1933/2616/1451 1927/2613/1449
f 1931/2522/1483 1938/2617/1454 1937/2523/1485
f 1933/2616/1451 1940/2618/1486 1939/2619/1453
f 1937/2523/1485 1944/2620/1456 1943/2524/1487
f 1939/2619/1453 1946/2621/1488 1945/2622/1455
f 1828/2623/1420 1943/2524/1487 1944/2620/1456
f 1836/2529/1419 1946/2621/1488 1835/2527/1417
f 1834/2624/1489 1838/2625/1490 1835/2527/1491
f 1749/2626/522 1839/2627/1492 1834/2624/1489
f 1750/2628/522 1839/2627/1492 1748/2629/522
f 1750/2628/522 1851/2630/1493 1845/2631/1494
f 1752/2632/522 1851/2630/1493 1751/2633/522
f 1752/2632/522 1863/2634/1495 1857/2635/1496
f 1753/2636/522 1869/2637/1497 1863/2634/1495
f 1755/2638/522 1869/2637/1497 1754/2639/522
f 1755/2638/522 1881/2640/1498 1875/2641/1499
f 1757/2642/522 1881/2640/1498 1756/2643/522
f 1757/2642/522 1893/2644/1500 1887/2645/1501
f 1758/2646/522 1899/2647/1502 1893/2644/1500
f 1760/2648/522 1899/2647/1502 1759/2649/522
f 1760/2648/522 1911/2650/1503 1905/2651/1504
f 1761/2652/522 1917/2653/1505 1911/2650/1503
f 1763/2654/522 1917/2653/1505 1762/2655/522
f 1763/2654/522 1929/2656/1506 1923/2657/1507
f 1764/2658/522 1935/2659/1508 1929/2656/1506
f 1766/2660/522 1935/2659/1508 1765/2661/522
f 1767/2662/522 1941/2663/1509 1766/2660/522
f 1749/2626/522 1947/2664/1510 1767/2662/522
f 1839/2627/1492 1844/2572/1511 1838/2625/1490
f 1845/2631/1494 1850/2575/1512 1844/2572/1511
f 1850/2575/1512 1857/2635/1496 1856/2578/1513
f 1857/2635/1496 1862/2665/1514 1856/2578/1513
f 1863/2634/1495 1868/2583/1515 1862/2665/1514
f 1868/2583/1515 1875/2641/1499 1874/2587/1516
f 1875/2641/1499 1880/2593/1517 1874/2587/1516
f 1880/2593/1517 1887/2645/1501 1886/2666/1518
f 1887/2645/1501 1892/2595/1519 1886/2666/1518
f 1892/2595/1519 1899/2647/1502 1898/2601/1520
f 1898/2601/1520 1905/2651/1504 1904/2604/1521
f 1905/2651/1504 1910/2607/1522 1904/2604/1521
f 1911/2650/1503 1916/2667/1523 1910/2607/1522
f 1916/2667/1523 1923/2657/1507 1922/2610/1524
f 1923/2657/1507 1928/2615/1525 1922/2610/1524
f 1929/2656/1506 1934/2668/1526 1928/2615/1525
f 1935/2659/1508 1940/2618/1527 1934/2668/1526
f 1941/2663/1509 1946/2621/1528 1940/2618/1527
f 1834/2624/1489 1946/2621/1528 1947/2664/1510
f 1769/2669/1529 1948/2670/1530 1768/2671/1531
f 1770/2672/1532 1948/2670/1530 1956/2673/1533
f 1771/2674/1534 1956/2673/1533 1960/2675/1535
f 1771/2674/1534 1964/2676/1536 1772/2677/1537
f 1772/2677/1537 1968/2678/1538 1773/2679/1539
f 1774/2680/1540 1968/2678/1538 1972/2681/1541
f 1775/2682/1542 1972/2681/1541 1976/2683/1543
f 1775/2682/1542 1980/2684/1544 1776/2685/1545
f 1777/2686/1546 1980/2684/1544 1984/2687/1547
f 1778/2688/1548 1984/2687/1547 1988/2689/1549
f 1779/2690/1550 1988/2689/1549 1992/2691/1551
f 1780/2692/1552 1992/2691/1551 1996/2693/1553
f 1780/2692/1552 2000/2694/1554 1781/2695/1555
f 1782/2696/1556 2000/2694/1554 2004/2697/1557
f 1783/2698/1558 2004/2697/1557 2008/2699/1559
f 1783/2698/1558 2012/2700/1560 1784/2701/1561
f 1784/2701/1561 2016/2702/1562 1785/2703/1563
f 1786/2704/1564 2016/2702/1562 2020/2705/1565
f 1787/2706/1566 2020/2705/1565 2024/2707/1567
f 1769/2669/1529 2024/2707/1567 1952/2708/1568
f 1951/2709/1569 1789/2710/1570 1788/2711/1571
f 1951/2709/1569 1790/2712/1572 1959/2713/1573
f 1959/2713/1573 1791/2714/1574 1963/2715/1575
f 1967/2716/1576 1791/2714/1574 1792/2717/1577
f 1971/2718/1578 1792/2717/1577 1793/2719/1579
f 1971/2718/1578 1794/2720/1580 1975/2721/1581
f 1975/2721/1581 1795/2722/1582 1979/2723/1583
f 1983/2724/1584 1795/2722/1582 1796/2725/1585
f 1983/2724/1584 1797/2726/1586 1987/2727/1587
f 1987/2727/1587 1798/2728/1588 1991/2729/1589
f 1991/2729/1589 1799/2730/1590 1995/2731/1591
f 1999/2732/1592 1799/2730/1590 1800/2733/1593
f 2003/2734/1594 1800/2733/1593 1801/2735/1595
f 2003/2734/1594 1802/2736/1596 2007/2737/1597
f 2007/2737/1597 1803/2738/1598 2011/2739/1599
f 2015/2740/1600 1803/2738/1598 1804/2741/1601
f 2019/2742/1602 1804/2741/1601 1805/2743/1603
f 2019/2742/1602 1806/2744/1604 2023/2745/1605
f 2023/2745/1605 1807/2746/1606 2027/2747/1607
f 1955/2748/1608 1807/2746/1606 1789/2710/1570
f 1950/2749/1609 1959/2713/1573 1958/2750/1610
f 1949/2751/1611 1956/2673/1533 1948/2670/1530
f 1949/2752/1611 1958/2753/1610 1957/2754/1612
f 1951/2709/1569 1954/2755/1613 1955/2748/1608
f 1949/2752/1611 1954/2756/1613 1950/2757/1609
f 1949/2751/1611 1952/2708/1568 1953/2758/1614
f 1959/2713/1573 1962/2759/1615 1958/2750/1610
f 1957/2760/1612 1960/2675/1535 1956/2673/1533
f 1957/2754/1612 1962/2761/1615 1961/2762/1616
f 1963/2715/1575 1966/2763/1617 1962/2759/1615
f 1960/2675/1535 1965/2764/1618 1964/2676/1536
f 1961/2762/1616 1966/2765/1617 1965/2766/1618
f 1967/2716/1576 1970/2767/1619 1966/2763/1617
f 1964/2676/1536 1969/2768/1620 1968/2678/1538
f 1966/2765/1617 1969/2769/1620 1965/2766/1618
f 1970/2767/1619 1975/2721/1581 1974/2770/1621
f 1968/2678/1538 1973/2771/1622 1972/2681/1541
f 1970/2772/1619 1973/2773/1622 1969/2769/1620
f 1974/2770/1621 1979/2723/1583 1978/2774/1623
f 1973/2771/1622 1976/2683/1543 1972/2681/1541
f 1973/2773/1622 1978/2775/1623 1977/2776/1624
f 1979/2723/1583 1982/2777/1625 1978/2774/1623
f 1976/2683/1543 1981/2778/1626 1980/2684/1544
f 1977/2776/1624 1982/2779/1625 1981/2780/1626
f 1983/2724/1584 1986/2781/1627 1982/2777/1625
f 1981/2778/1626 1984/2687/1547 1980/2684/1544
f 1981/2780/1626 1986/2782/1627 1985/2783/1628
f 1987/2727/1587 1990/2784/1629 1986/2781/1627
f 1985/2785/1628 1988/2689/1549 1984/2687/1547
f 1985/2783/1628 1990/2786/1629 1989/2787/1630
f 1991/2729/1589 1994/2788/1631 1990/2784/1629
f 1989/2789/1630 1992/2691/1551 1988/2689/1549
f 1989/2787/1630 1994/2790/1631 1993/2791/1632
f 1994/2788/1631 1999/2732/1592 1998/2792/1633
f 1993/2793/1632 1996/2693/1553 1992/2691/1551
f 1994/2790/1631 1997/2794/1634 1993/2791/1632
f 1999/2732/1592 2002/2795/1635 1998/2792/1633
f 1996/2693/1553 2001/2796/1636 2000/2694/1554
f 1998/2797/1633 2001/2798/1636 1997/2799/1634
f 2002/2795/1635 2007/2737/1597 2006/2800/1637
f 2001/2796/1636 2004/2697/1557 2000/2694/1554
f 2002/2801/1635 2005/2802/1638 2001/2798/1636
f 2006/2800/1637 2011/2739/1599 2010/2803/1639
f 2005/2804/1638 2008/2699/1559 2004/2697/1557
f 2006/2805/1637 2009/2806/1640 2005/2802/1638
f 2011/2739/1599 2014/2807/1641 2010/2803/1639
f 2008/2699/1559 2013/2808/1642 2012/2700/1560
f 2009/2806/1640 2014/2809/1641 2013/2810/1642
f 2015/2740/1600 2018/2811/1643 2014/2807/1641
f 2013/2808/1642 2016/2702/1562 2012/2700/1560
f 2013/2810/1642 2018/2812/1643 2017/2813/1644
f 2018/2811/1643 2023/2745/1605 2022/2814/1645
f 2017/2815/1644 2020/2705/1565 2016/2702/1562
f 2017/2813/1644 2022/2816/1645 2021/2817/1646
f 2022/2814/1645 2027/2747/1607 2026/2818/1647
f 2021/2819/1646 2024/2707/1567 2020/2705/1565
f 2021/2817/1646 2026/2820/1647 2025/2821/1648
f 1955/2748/1608 2026/2818/1647 2027/2747/1607
f 1953/2822/1614 2026/2820/1647 1954/2756/1613
f 1953/2758/1614 2024/2707/1567 2025/2823/1648
f 1809/2824/1649 2029/2825/1650 1808/2826/1650
f 1810/2827/1651 2029/2825/1650 2032/2828/1651
f 1811/2829/1652 2032/2828/1651 2034/2830/1652
f 1811/2829/1652 2036/2831/1653 1812/2832/1653
f 1812/2832/1653 2038/2833/1654 1813/2834/1654
f 1814/2835/1655 2038/2833/1654 2040/2836/1655
f 1815/2837/1656 2040/2836/1655 2042/2838/1656
f 1815/2837/1656 2044/2839/1657 1816/2840/1657
f 1817/2841/1658 2044/2839/1657 2046/2842/1658
f 1818/2843/1659 2046/2842/1658 2048/2844/1659
f 1819/2845/1660 2048/2844/1659 2050/2846/1660
f 1820/2847/1661 2050/2846/1660 2052/2848/1661
f 1820/2847/1661 2054/2849/1662 1821/2850/1662
f 1822/2851/1663 2054/2849/1662 2056/2852/1663
f 1823/2853/1664 2056/2852/1663 2058/2854/1664
f 1823/2853/1664 2060/2855/1665 1824/2856/1665
f 1824/2856/1665 2062/2857/1666 1825/2858/1666
f 1826/2859/1667 2062/2857/1666 2064/2860/1667
f 1827/2861/1668 2064/2860/1667 2066/2862/1668
f 1809/2824/1649 2066/2862/1668 2028/2863/1649
f 2090/836/522 2109/2864/522 2110/2865/522
f 2091/838/522 2109/2864/522 2089/837/522
f 2092/840/522 2111/2866/522 2091/838/522
f 2092/840/522 2113/2867/522 2112/2868/522
f 2093/839/522 2114/2869/522 2113/2867/522
f 2095/842/522 2114/2869/522 2094/841/522
f 2096/843/522 2115/2870/522 2095/842/522
f 2096/843/522 2117/2871/522 2116/2872/522
f 2098/845/522 2117/2871/522 2097/844/522
f 2099/847/522 2118/2873/522 2098/845/522
f 2099/847/522 2120/2874/522 2119/2875/522
f 2101/848/522 2120/2874/522 2100/846/522
f 2101/848/522 2122/2876/522 2121/2877/522
f 2103/850/522 2122/2876/522 2102/849/522
f 2104/852/522 2123/2878/522 2103/850/522
f 2104/852/522 2125/2879/522 2124/2880/522
f 2105/851/522 2126/2881/522 2125/2879/522
f 2107/854/522 2126/2881/522 2106/853/522
f 2108/855/522 2127/2882/522 2107/854/522
f 2090/836/522 2128/2883/522 2108/855/522
f 2110/2865/522 2132/2884/522 2131/2885/522
f 2111/2866/522 2132/2884/522 2109/2864/522
f 2112/2868/522 2134/2886/522 2111/2866/522
f 2112/2868/522 2138/2887/522 2136/2888/522
f 2113/2867/522 2140/2889/522 2138/2887/522
f 2115/2870/522 2140/2889/522 2114/2869/522
f 2116/2872/522 2142/2890/522 2115/2870/522
f 2116/2872/522 2146/2891/522 2144/2892/522
f 2118/2873/522 2146/2891/522 2117/2871/522
f 2119/2875/522 2148/2893/522 2118/2873/522
f 2119/2875/522 2152/2894/522 2150/2895/522
f 2121/2877/522 2152/2894/522 2120/2874/522
f 2121/2877/522 2156/2896/522 2154/2897/522
f 2123/2878/522 2156/2896/522 2122/2876/522
f 2124/2880/522 2158/2898/522 2123/2878/522
f 2124/2880/522 2162/2899/522 2160/2900/522
f 2125/2879/522 2164/2901/522 2162/2899/522
f 2127/2882/522 2164/2901/522 2126/2881/522
f 2128/2883/522 2166/2902/522 2127/2882/522
f 2110/2865/522 2168/2903/522 2128/2883/522
f 2129/2904/503 2132/2905/502 2130/2906/502
f 2133/2907/504 2132/2905/502 2134/2908/504
f 2135/2909/505 2134/2908/504 2136/2910/505
f 2135/2909/505 2138/2911/506 2137/2912/506
f 2137/2912/506 2140/2913/507 2139/2914/507
f 2139/2914/507 2142/2915/508 2141/2916/508
f 2143/2917/509 2142/2915/508 2144/2918/509
f 2145/2919/510 2144/2918/509 2146/2920/510
f 2145/2919/510 2148/2921/511 2147/2922/511
f 2147/2922/511 2150/2923/512 2149/2924/512
f 2149/2924/512 2152/2925/513 2151/2926/513
f 2151/2926/513 2154/2927/1369 2153/2928/1369
f 2153/2928/1369 2156/2929/515 2155/2930/515
f 2155/2930/515 2158/2931/1370 2157/2932/1370
f 2157/2932/1370 2160/2933/517 2159/2934/517
f 2159/2934/517 2162/2935/1371 2161/2936/1371
f 2163/2937/1378 2162/2938/1371 2164/2939/1378
f 2165/2940/1379 2164/2939/1378 2166/2941/520
f 2167/2942/521 2166/2941/520 2168/2943/521
f 2167/2942/521 2131/2944/503 2129/2904/503
f 2030/2945/525 2130/2946/525 2031/2947/525
f 2033/2948/525 2130/2946/525 2133/2949/525
f 2035/2950/525 2133/2949/525 2135/2951/525
f 2035/2950/525 2137/2952/525 2037/2953/525
f 2037/2953/525 2139/2954/525 2039/2955/525
f 2041/2956/525 2139/2954/525 2141/2957/525
f 2043/2958/525 2141/2957/525 2143/2959/525
f 2043/2958/525 2145/2960/525 2045/2961/525
f 2047/2962/525 2145/2960/525 2147/2963/525
f 2049/2964/525 2147/2963/525 2149/2965/525
f 2049/2964/525 2151/2966/525 2051/2967/525
f 2053/2968/525 2151/2966/525 2153/2969/525
f 2053/2968/525 2155/2970/525 2055/2971/525
f 2057/2972/525 2155/2970/525 2157/2973/525
f 2059/2974/525 2157/2973/525 2159/2975/525
f 2059/2974/525 2161/2976/525 2061/2977/525
f 2061/2977/525 2163/2978/525 2063/2979/525
f 2065/2980/525 2163/2978/525 2165/2981/525
f 2067/2982/525 2165/2981/525 2167/2983/525
f 2030/2945/525 2167/2983/525 2129/2984/525
f 2186/2985/1669 2188/2986/1670 2187/2987/1671
f 2185/2988/1672 2189/2989/1673 2188/2990/1670
f 2184/2991/1674 2190/2992/1675 2189/2989/1673
f 2183/2993/1676 2191/2994/1677 2190/2992/1675
f 2182/2995/1678 2192/2996/1679 2191/2994/1677
f 2234/2997/1680 2242/2998/1681 2241/2999/1682
f 2233/3000/1683 2243/3001/1684 2242/2998/1681
f 2232/3002/1685 2244/3003/1686 2243/3001/1684
f 2231/3004/1687 2245/3005/1688 2244/3003/1686
f 2230/3006/1689 2246/3007/1690 2245/3008/1688
f 2268/3009/1691 2271/3010/1692 2269/3011/1693
f 2267/3012/1694 2272/3013/1695 2268/3014/1691
f 2266/3015/1696 2273/3016/1697 2267/3012/1694
f 2265/3017/1698 2274/3018/1699 2266/3015/1696
f 2270/3019/1700 2275/3020/1701 2265/3017/1698
f 2317/3021/1702 2325/3022/1703 2318/3023/1704
f 2316/3024/1705 2326/3025/1706 2317/3021/1702
f 2315/3026/1707 2327/3027/1708 2316/3024/1705
f 2314/3028/1709 2328/3029/1710 2315/3026/1707
f 2313/3030/1711 2329/3031/1712 2314/3032/1709
f 2170/3033/1713 2187/2987/1671 2175/3034/1714
f 2175/3034/1714 2199/3035/1715 2193/3036/1716
f 2193/3036/1716 2211/3037/1717 2205/3038/1718
f 2205/3038/1718 2223/3039/1719 2217/3040/1720
f 2217/3040/1720 2235/3041/1721 2229/3042/1722
f 2229/3042/1722 2248/3043/1723 2246/3007/1690
f 2259/3044/1724 2269/3011/1693 2271/3010/1692
f 2271/3010/1692 2277/3045/1725 2259/3044/1724
f 2283/3046/1726 2289/3047/1727 2277/3045/1725
f 2295/3048/1728 2301/3049/1729 2289/3047/1727
f 2307/3050/1730 2313/3030/1711 2301/3049/1729
f 2319/3051/1731 2330/3052/1732 2313/3030/1711
f 2181/3053/1733 2324/3054/1734 2192/2996/1679
f 2192/2996/1679 2312/3055/1735 2204/3056/1736
f 2312/3055/1735 2216/3057/1737 2204/3056/1736
f 2216/3057/1737 2288/3058/1738 2228/3059/1739
f 2288/3058/1738 2240/3060/1740 2228/3059/1739
f 2240/3060/1740 2270/3019/1700 2247/3061/1741
f 2318/3023/1704 2169/3062/1742 2180/3063/1743
f 2180/3063/1743 2306/3064/1744 2318/3023/1704
f 2306/3064/1744 2210/3065/1745 2294/3066/1746
f 2294/3066/1746 2222/3067/1747 2282/3068/1748
f 2222/3067/1747 2264/3069/1749 2282/3068/1748
f 2234/2997/1680 2257/3070/1750 2264/3069/1749
f 2169/3062/1742 2179/3071/1751 2180/3063/1743
f 2174/3072/1752 2178/3073/1753 2179/3071/1751
f 2173/3074/1754 2177/3075/1755 2178/3073/1753
f 2172/3076/1756 2176/3077/1757 2177/3075/1755
f 2171/3078/1758 2175/3034/1714 2176/3079/1757
f 2191/2994/1677 2204/3056/1736 2203/3080/1759
f 2190/2992/1675 2203/3080/1759 2202/3081/1760
f 2189/2989/1673 2202/3081/1760 2201/3082/1761
f 2187/2987/1671 2200/3083/1762 2199/3035/1715
f 2188/2990/1670 2201/3082/1761 2200/3084/1762
f 2180/3063/1743 2197/3085/1763 2198/3086/1764
f 2179/3071/1751 2196/3087/1765 2197/3085/1763
f 2178/3073/1753 2195/3088/1766 2196/3087/1765
f 2177/3075/1755 2194/3089/1767 2195/3088/1766
f 2176/3079/1757 2193/3036/1716 2194/3090/1767
f 2203/3080/1759 2216/3057/1737 2215/3091/1768
f 2202/3081/1760 2215/3091/1768 2214/3092/1769
f 2201/3082/1761 2214/3092/1769 2213/3093/1770
f 2199/3035/1715 2212/3094/1771 2211/3037/1717
f 2200/3084/1762 2213/3093/1770 2212/3095/1771
f 2198/3086/1764 2209/3096/1772 2210/3065/1745
f 2197/3085/1763 2208/3097/1773 2209/3096/1772
f 2196/3087/1765 2207/3098/1774 2208/3097/1773
f 2195/3088/1766 2206/3099/1775 2207/3098/1774
f 2194/3090/1767 2205/3038/1718 2206/3100/1775
f 2215/3091/1768 2228/3059/1739 2227/3101/1776
f 2214/3092/1769 2227/3101/1776 2226/3102/1777
f 2213/3093/1770 2226/3102/1777 2225/3103/1778
f 2211/3037/1717 2224/3104/1779 2223/3039/1719
f 2212/3094/1771 2225/3105/1778 2224/3104/1779
f 2210/3065/1745 2221/3106/1780 2222/3067/1747
f 2209/3096/1772 2220/3107/1781 2221/3106/1780
f 2208/3097/1773 2219/3108/1782 2220/3107/1781
f 2207/3109/1774 2218/3110/1783 2219/3111/1782
f 2206/3100/1775 2217/3040/1720 2218/3110/1783
f 2227/3101/1776 2240/3060/1740 2239/3112/1784
f 2226/3102/1777 2239/3112/1784 2238/3113/1785
f 2225/3103/1778 2238/3113/1785 2237/3114/1786
f 2223/3039/1719 2236/3115/1787 2235/3041/1721
f 2224/3104/1779 2237/3116/1786 2236/3115/1787
f 2222/3067/1747 2233/3000/1683 2234/2997/1680
f 2221/3106/1780 2232/3002/1685 2233/3000/1683
f 2220/3107/1781 2231/3004/1687 2232/3002/1685
f 2219/3111/1782 2230/3006/1689 2231/3117/1687
f 2218/3110/1783 2229/3042/1722 2230/3006/1689
f 2239/3112/1784 2247/3061/1741 2252/3118/1788
f 2238/3113/1785 2252/3118/1788 2251/3119/1789
f 2237/3114/1786 2251/3119/1789 2250/3120/1790
f 2235/3041/1721 2249/3121/1791 2248/3043/1723
f 2236/3122/1787 2250/3120/1790 2249/3123/1791
f 2256/3124/1792 2264/3069/1749 2257/3070/1750
f 2255/3125/1793 2263/3126/1794 2256/3124/1792
f 2254/3127/1795 2262/3128/1796 2255/3125/1793
f 2253/3129/1797 2261/3130/1798 2254/3127/1795
f 2258/3131/1799 2260/3132/1800 2253/3133/1797
f 2276/3134/1801 2287/3135/1802 2275/3020/1701
f 2275/3020/1701 2286/3136/1803 2274/3018/1699
f 2274/3018/1699 2285/3137/1804 2273/3016/1697
f 2272/3138/1695 2283/3046/1726 2271/3010/1692
f 2273/3139/1697 2284/3140/1805 2272/3138/1695
f 2263/3126/1794 2282/3068/1748 2264/3069/1749
f 2262/3128/1796 2281/3141/1806 2263/3126/1794
f 2261/3130/1798 2280/3142/1807 2262/3128/1796
f 2260/3132/1800 2279/3143/1808 2261/3144/1798
f 2259/3044/1724 2278/3145/1809 2260/3132/1800
f 2288/3058/1738 2299/3146/1810 2287/3135/1802
f 2287/3135/1802 2298/3147/1811 2286/3136/1803
f 2286/3136/1803 2297/3148/1812 2285/3137/1804
f 2284/3140/1805 2295/3048/1728 2283/3046/1726
f 2285/3149/1804 2296/3150/1813 2284/3140/1805
f 2281/3141/1806 2294/3066/1746 2282/3068/1748
f 2280/3142/1807 2293/3151/1814 2281/3141/1806
f 2279/3152/1808 2292/3153/1815 2280/3142/1807
f 2278/3145/1809 2291/3154/1816 2279/3143/1808
f 2277/3045/1725 2290/3155/1817 2278/3145/1809
f 2300/3156/1818 2311/3157/1819 2299/3146/1810
f 2299/3146/1810 2310/3158/1820 2298/3147/1811
f 2298/3147/1811 2309/3159/1821 2297/3148/1812
f 2296/3150/1813 2307/3050/1730 2295/3048/1728
f 2297/3148/1812 2308/3160/1822 2296/3161/1813
f 2293/3151/1814 2306/3064/1744 2294/3066/1746
f 2292/3153/1815 2305/3162/1823 2293/3151/1814
f 2291/3163/1816 2304/3164/1824 2292/3153/1815
f 2290/3165/1817 2303/3166/1825 2291/3163/1816
f 2289/3047/1727 2302/3167/1826 2290/3155/1817
f 2312/3055/1735 2323/3168/1827 2311/3157/1819
f 2311/3157/1819 2322/3169/1828 2310/3158/1820
f 2310/3158/1820 2321/3170/1829 2309/3159/1821
f 2308/3171/1822 2319/3051/1731 2307/3050/1730
f 2309/3159/1821 2320/3172/1830 2308/3160/1822
f 2305/3162/1823 2318/3023/1704 2306/3064/1744
f 2304/3164/1824 2317/3021/1702 2305/3162/1823
f 2303/3166/1825 2316/3024/1705 2304/3164/1824
f 2302/3173/1826 2315/3026/1707 2303/3166/1825
f 2301/3049/1729 2314/3032/1709 2302/3167/1826
f 2324/3054/1734 2336/3174/1831 2323/3168/1827
f 2323/3168/1827 2335/3175/1832 2322/3169/1828
f 2322/3169/1828 2334/3176/1833 2321/3170/1829
f 2320/3177/1830 2332/3178/1834 2319/3051/1731
f 2321/3170/1829 2333/3179/1835 2320/3172/1830
f 18/1/1 17/3180/4 20/2/2
f 17/4/4 16/7/6 21/5/5
f 16/7/6 15/9/8 22/8/7
f 15/9/8 14/11/10 23/10/9
f 14/11/10 13/3181/1836 24/12/11
f 66/13/12 65/16/15 74/14/13
f 65/16/15 64/18/17 75/17/16
f 64/18/17 63/20/19 76/19/18
f 63/20/19 62/3182/21 77/21/20
f 62/22/21 61/58/54 78/23/22
f 100/25/23 104/154/27 103/26/24
f 99/28/26 105/32/29 104/29/27
f 98/31/28 106/34/31 105/32/29
f 97/33/30 107/36/33 106/34/31
f 102/35/32 108/77/73 107/36/33
f 149/37/34 158/41/38 157/38/35
f 148/40/37 159/43/40 158/41/38
f 147/42/39 160/45/42 159/43/40
f 146/44/41 161/3183/44 160/45/42
f 145/46/43 162/68/64 161/47/44
f 2/49/45 18/1/1 19/3/3
f 7/50/46 19/3/3 31/51/47
f 25/52/48 31/51/47 43/53/49
f 37/54/50 43/53/49 55/55/51
f 49/56/52 55/55/51 67/57/53
f 61/58/54 67/57/53 80/59/55
f 91/60/56 90/148/132 101/27/25
f 103/26/24 115/62/58 109/61/57
f 115/62/58 127/64/60 121/63/59
f 127/64/60 139/66/62 133/65/61
f 139/66/62 151/67/63 145/46/43
f 151/67/63 164/194/166 162/68/64
f 24/12/11 13/3181/1836 163/69/65
f 156/70/66 144/183/158 36/71/67
f 36/71/67 144/183/158 132/72/68
f 132/72/68 120/75/71 60/74/70
f 120/75/71 108/77/73 72/76/72
f 108/77/73 102/35/32 79/78/74
f 157/38/35 1/88/84 12/79/75
f 150/39/36 12/79/75 30/80/76
f 30/80/76 42/83/79 126/82/78
f 42/83/79 54/85/81 114/84/80
f 54/85/81 66/13/12 96/86/82
f 96/86/82 66/13/12 73/15/14
f 1/88/84 6/90/86 11/89/85
f 6/90/86 5/92/88 10/91/87
f 5/92/88 4/94/90 9/93/89
f 4/94/90 3/3184/92 8/95/91
f 3/96/92 2/49/45 7/50/46
f 23/10/9 24/12/11 36/71/67
f 22/8/7 23/10/9 35/98/93
f 21/5/5 22/8/7 34/99/94
f 19/3/3 20/2/2 32/101/96
f 20/6/2 21/5/5 33/100/95
f 12/79/75 11/89/85 29/103/97
f 11/89/85 10/91/87 28/104/98
f 10/91/87 9/93/89 27/105/99
f 9/93/89 8/95/91 26/106/100
f 8/97/91 7/50/46 25/52/48
f 35/98/93 36/71/67 48/73/69
f 34/99/94 35/98/93 47/108/101
f 33/100/95 34/99/94 46/109/102
f 31/51/47 32/101/96 44/111/104
f 32/102/96 33/100/95 45/110/103
f 30/80/76 29/103/97 41/113/105
f 29/103/97 28/104/98 40/114/106
f 28/104/98 27/105/99 39/115/107
f 27/105/99 26/106/100 38/116/108
f 26/107/100 25/52/48 37/54/50
f 47/108/101 48/73/69 60/74/70
f 46/109/102 47/108/101 59/118/109
f 45/110/103 46/109/102 58/119/110
f 43/53/49 44/111/104 56/121/112
f 44/111/104 45/3185/103 57/122/111
f 42/83/79 41/113/105 53/123/113
f 41/113/105 40/114/106 52/124/114
f 40/114/106 39/115/107 51/125/115
f 39/126/107 38/117/108 50/127/116
f 38/117/108 37/54/50 49/56/52
f 59/118/109 60/74/70 72/76/72
f 58/119/110 59/118/109 71/129/117
f 57/120/111 58/119/110 70/130/118
f 55/55/51 56/121/112 68/132/120
f 56/121/112 57/122/111 69/133/119
f 54/85/81 53/123/113 65/16/15
f 53/123/113 52/124/114 64/18/17
f 52/124/114 51/125/115 63/20/19
f 51/128/115 50/127/116 62/22/21
f 50/127/116 49/56/52 61/58/54
f 71/129/117 72/76/72 79/78/74
f 70/130/118 71/129/117 84/135/121
f 69/131/119 70/130/118 83/136/122
f 67/57/53 68/132/120 81/138/124
f 68/139/120 69/131/119 82/137/123
f 88/141/125 95/143/127 96/86/82
f 87/142/126 94/145/129 95/143/127
f 86/144/128 93/147/131 94/145/129
f 85/146/130 92/3186/133 93/147/131
f 90/148/132 91/60/56 92/149/133
f 108/77/73 120/75/71 119/151/134
f 107/36/33 119/151/134 118/152/135
f 106/34/31 118/152/135 117/153/136
f 104/154/27 116/156/137 115/62/58
f 105/155/29 117/165/136 116/156/137
f 95/143/127 113/157/138 114/84/80
f 94/145/129 112/158/139 113/157/138
f 93/147/131 111/168/140 112/158/139
f 92/149/133 110/161/141 111/159/140
f 91/60/56 109/61/57 110/161/141
f 120/75/71 132/72/68 131/162/142
f 119/151/134 131/162/142 130/163/143
f 118/152/135 130/163/143 129/164/144
f 116/156/137 128/166/145 127/64/60
f 117/165/136 129/3187/144 128/166/145
f 113/157/138 125/167/146 126/82/78
f 112/158/139 124/169/147 125/167/146
f 111/168/140 123/178/148 124/169/147
f 110/161/141 122/171/149 123/170/148
f 109/61/57 121/63/59 122/171/149
f 132/72/68 144/183/158 143/172/150
f 131/162/142 143/172/150 142/173/151
f 130/163/143 142/173/151 141/174/152
f 128/166/145 140/187/153 139/66/62
f 129/164/144 141/174/152 140/175/153
f 125/167/146 137/177/154 138/81/77
f 124/169/147 136/179/155 137/177/154
f 123/178/148 135/181/156 136/179/155
f 122/180/149 134/189/157 135/181/156
f 121/63/59 133/65/61 134/182/157
f 144/183/158 156/70/66 155/184/159
f 143/172/150 155/184/159 154/185/160
f 142/173/151 154/185/160 153/186/161
f 140/187/153 152/193/162 151/67/63
f 141/174/152 153/186/161 152/188/162
f 137/177/154 149/37/34 150/39/36
f 136/179/155 148/40/37 149/37/34
f 135/181/156 147/42/39 148/40/37
f 134/189/157 146/44/41 147/42/39
f 133/65/61 145/46/43 146/48/41
f 156/70/66 163/69/65 168/190/163
f 155/184/159 168/190/163 167/191/164
f 154/185/160 167/191/164 166/192/165
f 152/193/162 165/3188/167 164/194/166
f 153/186/161 166/192/165 165/195/167
f 186/196/168 185/3189/171 188/197/169
f 185/199/171 184/202/173 189/200/172
f 184/202/173 183/204/175 190/203/174
f 183/204/175 182/206/177 191/205/176
f 182/206/177 181/264/232 192/207/178
f 234/208/179 233/211/182 242/209/180
f 233/211/182 232/213/184 243/212/183
f 232/213/184 231/215/186 244/214/185
f 231/215/186 230/3190/188 245/216/187
f 230/217/188 229/253/221 246/218/189
f 268/220/190 272/349/194 271/221/191
f 267/223/193 273/227/196 272/224/194
f 266/226/195 274/229/198 273/227/196
f 265/228/197 275/231/200 274/229/198
f 270/230/199 276/271/239 275/231/200
f 317/232/201 326/236/205 325/233/202
f 316/235/204 327/238/207 326/236/205
f 315/237/206 328/240/209 327/238/207
f 314/239/208 329/3191/211 328/240/209
f 313/241/210 330/263/231 329/242/211
f 170/244/212 186/196/168 187/198/170
f 175/245/213 187/198/170 199/246/214
f 193/247/215 199/246/214 211/248/216
f 205/249/217 211/248/216 223/250/218
f 217/251/219 223/250/218 235/252/220
f 229/253/221 235/252/220 248/254/222
f 259/255/223 258/343/299 269/222/192
f 271/221/191 283/257/225 277/256/224
f 283/257/225 295/259/227 289/258/226
f 295/259/227 307/261/229 301/260/228
f 307/261/229 319/262/230 313/241/210
f 319/262/230 332/389/333 330/263/231
f 181/264/232 331/3192/1837 324/265/233
f 324/265/233 312/267/235 204/266/234
f 312/267/235 300/269/237 216/268/236
f 300/269/237 288/357/309 228/270/238
f 228/270/238 288/357/309 276/271/239
f 276/271/239 270/230/199 247/273/241
f 325/233/202 169/283/251 180/274/242
f 318/234/203 180/274/242 198/275/243
f 306/276/244 198/275/243 210/277/245
f 294/278/246 210/277/245 222/279/247
f 222/279/247 234/208/179 264/281/249
f 264/281/249 234/208/179 241/210/181
f 169/283/251 174/285/253 179/284/252
f 174/285/253 173/287/255 178/286/254
f 173/287/255 172/289/257 177/288/256
f 172/289/257 171/3193/259 176/290/258
f 171/291/259 170/244/212 175/245/213
f 191/205/176 192/207/178 204/266/234
f 190/203/174 191/205/176 203/293/260
f 189/200/172 190/203/174 202/294/261
f 187/198/170 188/197/169 200/296/263
f 188/201/169 189/200/172 201/295/262
f 180/274/242 179/284/252 197/298/264
f 179/284/252 178/286/254 196/299/265
f 178/286/254 177/288/256 195/300/266
f 177/288/256 176/290/258 194/301/267
f 176/292/258 175/245/213 193/247/215
f 203/293/260 204/266/234 216/268/236
f 202/294/261 203/293/260 215/303/268
f 201/295/262 202/294/261 214/304/269
f 199/246/214 200/296/263 212/306/271
f 200/297/263 201/295/262 213/305/270
f 198/275/243 197/298/264 209/308/272
f 197/298/264 196/299/265 208/309/273
f 196/299/265 195/300/266 207/310/274
f 195/300/266 194/301/267 206/311/275
f 194/302/267 193/247/215 205/249/217
f 215/303/268 216/268/236 228/270/238
f 214/304/269 215/303/268 227/313/276
f 213/305/270 214/304/269 226/314/277
f 211/248/216 212/306/271 224/316/279
f 212/306/271 213/3194/270 225/317/278
f 210/277/245 209/308/272 221/318/280
f 209/308/272 208/309/273 220/319/281
f 208/309/273 207/310/274 219/320/282
f 207/321/274 206/312/275 218/322/283
f 206/312/275 205/249/217 217/251/219
f 227/313/276 228/270/238 240/272/240
f 226/314/277 227/313/276 239/324/284
f 225/315/278 226/314/277 238/325/285
f 223/250/218 224/316/279 236/327/287
f 224/316/279 225/317/278 237/328/286
f 222/279/247 221/318/280 233/211/182
f 221/318/280 220/319/281 232/213/184
f 220/319/281 219/320/282 231/215/186
f 219/323/282 218/322/283 230/217/188
f 218/322/283 217/251/219 229/253/221
f 239/324/284 240/272/240 247/273/241
f 238/325/285 239/324/284 252/330/288
f 237/326/286 238/325/285 251/331/289
f 235/252/220 236/327/287 249/333/291
f 236/334/287 237/326/286 250/332/290
f 256/336/292 263/338/294 264/281/249
f 255/337/293 262/340/296 263/338/294
f 254/339/295 261/342/298 262/340/296
f 253/341/297 260/3195/300 261/342/298
f 258/343/299 259/255/223 260/344/300
f 276/271/239 288/357/309 287/346/301
f 275/231/200 287/346/301 286/347/302
f 274/229/198 286/347/302 285/348/303
f 272/349/194 284/351/304 283/257/225
f 273/350/196 285/361/303 284/351/304
f 263/338/294 281/352/305 282/280/248
f 262/340/296 280/353/306 281/352/305
f 261/342/298 279/364/307 280/353/306
f 260/344/300 278/356/308 279/354/307
f 259/255/223 277/256/224 278/356/308
f 288/357/309 300/269/237 299/358/310
f 287/346/301 299/358/310 298/359/311
f 286/347/302 298/359/311 297/360/312
f 284/351/304 296/362/313 295/259/227
f 285/361/303 297/3196/312 296/362/313
f 281/352/305 293/363/314 294/278/246
f 280/353/306 292/365/315 293/363/314
f 279/364/307 291/374/316 292/365/315
f 278/356/308 290/367/317 291/366/316
f 277/256/224 289/258/226 290/367/317
f 300/269/237 312/267/235 311/368/318
f 299/358/310 311/368/318 310/369/319
f 298/359/311 310/369/319 309/370/320
f 296/362/313 308/382/321 307/261/229
f 297/360/312 309/370/320 308/371/321
f 293/363/314 305/373/322 306/276/244
f 292/365/315 304/375/323 305/373/322
f 291/374/316 303/377/324 304/375/323
f 290/376/317 302/384/325 303/377/324
f 289/258/226 301/260/228 302/378/325
f 312/267/235 324/265/233 323/379/326
f 311/368/318 323/379/326 322/380/327
f 310/369/319 322/380/327 321/381/328
f 308/382/321 320/388/329 319/262/230
f 309/370/320 321/381/328 320/383/329
f 305/373/322 317/232/201 318/234/203
f 304/375/323 316/235/204 317/232/201
f 303/377/324 315/237/206 316/235/204
f 302/384/325 314/239/208 315/237/206
f 301/260/228 313/241/210 314/243/208
f 324/265/233 331/3192/1837 336/385/330
f 323/379/326 336/385/330 335/386/331
f 322/380/327 335/386/331 334/387/332
f 320/388/329 333/3197/334 332/389/333
f 321/381/328 334/387/332 333/390/334
f 354/391/335 353/3198/338 356/392/336
f 353/394/338 352/397/340 357/395/339
f 352/397/340 351/399/342 358/398/341
f 351/399/342 350/401/344 359/400/343
f 350/401/344 349/459/399 360/402/345
f 402/403/346 401/406/349 410/404/347
f 401/406/349 400/408/351 411/407/350
f 400/408/351 399/410/353 412/409/352
f 399/410/353 398/3199/355 413/411/354
f 398/412/355 397/448/388 414/413/356
f 436/415/357 440/545/361 439/416/358
f 435/418/360 441/422/363 440/419/361
f 434/421/362 442/424/365 441/422/363
f 433/423/364 443/426/367 442/424/365
f 438/425/366 444/541/468 443/426/367
f 485/427/368 494/431/372 493/428/369
f 484/430/371 495/433/374 494/431/372
f 483/432/373 496/435/376 495/433/374
f 482/434/375 497/3200/378 496/435/376
f 481/436/377 498/458/398 497/437/378
f 338/439/379 354/391/335 355/393/337
f 343/440/380 355/393/337 367/441/381
f 361/442/382 367/441/381 379/443/383
f 373/444/384 379/443/383 391/445/385
f 385/446/386 391/445/385 403/447/387
f 397/448/388 403/447/387 416/449/389
f 427/450/390 426/538/466 437/417/359
f 439/416/358 451/452/392 445/451/391
f 451/452/392 463/454/394 457/453/393
f 463/454/394 475/456/396 469/455/395
f 475/456/396 487/457/397 481/436/377
f 487/457/397 500/584/500 498/458/398
f 349/459/399 499/3201/1838 492/460/400
f 360/402/345 492/460/400 480/461/401
f 372/462/402 480/461/401 468/463/403
f 468/463/403 456/466/406 396/465/405
f 456/466/406 444/541/468 408/467/407
f 408/467/407 444/541/468 438/425/366
f 493/428/369 337/477/417 348/469/409
f 348/469/409 366/471/411 474/470/410
f 366/471/411 378/503/439 462/472/412
f 462/472/412 378/503/439 390/473/413
f 390/473/413 402/403/346 432/475/415
f 402/403/346 409/405/348 425/476/416
f 337/477/417 342/479/419 347/478/418
f 342/479/419 341/481/421 346/480/420
f 341/481/421 340/483/423 345/482/422
f 340/483/423 339/3202/425 344/484/424
f 339/485/425 338/439/379 343/440/380
f 359/400/343 360/402/345 372/462/402
f 358/398/341 359/400/343 371/487/426
f 357/395/339 358/398/341 370/488/427
f 355/393/337 356/392/336 368/490/429
f 356/396/336 357/395/339 369/489/428
f 348/469/409 347/478/418 365/492/430
f 347/478/418 346/480/420 364/493/431
f 346/480/420 345/482/422 363/494/432
f 345/482/422 344/484/424 362/495/433
f 344/486/424 343/440/380 361/442/382
f 371/487/426 372/462/402 384/464/404
f 370/488/427 371/487/426 383/497/434
f 369/489/428 370/488/427 382/498/435
f 367/441/381 368/490/429 380/500/437
f 368/491/429 369/489/428 381/499/436
f 366/471/411 365/492/430 377/502/438
f 365/492/430 364/493/431 376/504/440
f 364/493/431 363/494/432 375/505/441
f 363/494/432 362/495/433 374/506/442
f 362/496/433 361/442/382 373/444/384
f 383/497/434 384/464/404 396/465/405
f 382/498/435 383/497/434 395/508/443
f 381/499/436 382/498/435 394/509/444
f 379/443/383 380/500/437 392/511/446
f 380/500/437 381/3203/436 393/512/445
f 378/503/439 377/502/438 389/513/447
f 377/502/438 376/504/440 388/514/448
f 376/504/440 375/505/441 387/515/449
f 375/516/441 374/507/442 386/517/450
f 374/507/442 373/444/384 385/446/386
f 395/508/443 396/465/405 408/467/407
f 394/509/444 395/508/443 407/519/451
f 393/510/445 394/509/444 406/520/452
f 391/445/385 392/511/446 404/522/454
f 392/511/446 393/512/445 405/523/453
f 390/473/413 389/513/447 401/406/349
f 389/513/447 388/514/448 400/408/351
f 388/514/448 387/515/449 399/410/353
f 387/518/449 386/517/450 398/412/355
f 386/517/450 385/446/386 397/448/388
f 407/519/451 408/467/407 415/468/408
f 406/520/452 407/519/451 420/525/455
f 405/521/453 406/520/452 419/526/456
f 403/447/387 404/522/454 417/528/458
f 404/529/454 405/521/453 418/527/457
f 424/531/459 431/533/461 432/475/415
f 423/532/460 430/535/463 431/533/461
f 422/534/462 429/537/465 430/535/463
f 421/536/464 428/3204/467 429/537/465
f 426/538/466 427/450/390 428/539/467
f 444/541/468 456/466/406 455/542/469
f 443/426/367 455/542/469 454/543/470
f 442/424/365 454/543/470 453/544/471
f 440/545/361 452/547/472 451/452/392
f 441/546/363 453/556/471 452/547/472
f 431/533/461 449/548/473 450/474/414
f 430/535/463 448/549/474 449/548/473
f 429/537/465 447/559/475 448/549/474
f 428/539/467 446/552/476 447/550/475
f 427/450/390 445/451/391 446/552/476
f 456/466/406 468/463/403 467/553/477
f 455/542/469 467/553/477 466/554/478
f 454/543/470 466/554/478 465/555/479
f 452/547/472 464/557/480 463/454/394
f 453/556/471 465/3205/479 464/557/480
f 449/548/473 461/558/481 462/472/412
f 448/549/474 460/560/482 461/558/481
f 447/559/475 459/569/483 460/560/482
f 446/552/476 458/562/484 459/561/483
f 445/451/391 457/453/393 458/562/484
f 468/463/403 480/461/401 479/563/485
f 467/553/477 479/563/485 478/564/486
f 466/554/478 478/564/486 477/565/487
f 464/557/480 476/577/488 475/456/396
f 465/555/479 477/565/487 476/566/488
f 461/558/481 473/568/489 474/470/410
f 460/560/482 472/570/490 473/568/489
f 459/569/483 471/572/491 472/570/490
f 458/571/484 470/579/492 471/572/491
f 457/453/393 469/455/395 470/573/492
f 480/461/401 492/460/400 491/574/493
f 479/563/485 491/574/493 490/575/494
f 478/564/486 490/575/494 489/576/495
f 476/577/488 488/583/496 487/457/397
f 477/565/487 489/576/495 488/578/496
f 473/568/489 485/427/368 486/429/370
f 472/570/490 484/430/371 485/427/368
f 471/572/491 483/432/373 484/430/371
f 470/579/492 482/434/375 483/432/373
f 469/455/395 481/436/377 482/438/375
f 492/460/400 499/3201/1838 504/580/497
f 491/574/493 504/580/497 503/581/498
f 490/575/494 503/581/498 502/582/499
f 488/583/496 501/3206/501 500/584/500
f 489/576/495 502/582/499 501/585/501
f 506/586/502 526/590/502 525/587/503
f 507/589/504 527/592/504 526/590/502
f 508/591/505 528/594/505 527/592/504
f 509/593/506 529/596/506 528/594/505
f 510/595/507 530/598/507 529/596/506
f 511/597/508 531/600/508 530/598/507
f 512/599/509 532/602/509 531/600/508
f 513/601/510 533/604/510 532/602/509
f 514/603/511 534/606/511 533/604/510
f 515/605/512 535/608/512 534/606/511
f 516/607/513 536/610/513 535/608/512
f 517/609/514 537/612/514 536/610/513
f 518/611/515 538/614/515 537/612/514
f 519/613/516 539/616/516 538/614/515
f 520/615/517 540/618/517 539/616/516
f 521/617/518 541/620/518 540/618/517
f 522/619/519 542/622/519 541/620/518
f 523/621/520 543/624/520 542/622/519
f 524/623/521 544/626/521 543/624/520
f 505/625/503 525/3207/503 544/626/521
f 547/649/524 546/648/523 629/648/544
f 547/649/524 627/649/545 631/651/546
f 550/652/527 549/651/526 631/651/546
f 550/652/527 633/652/547 635/653/548
f 552/654/529 551/653/528 635/653/548
f 552/654/529 637/654/549 639/655/550
f 554/656/531 553/655/530 639/655/550
f 554/656/531 641/656/551 643/657/552
f 556/658/533 555/657/532 643/657/552
f 556/658/533 645/658/553 647/659/554
f 558/660/535 557/659/534 647/659/554
f 558/660/535 649/660/555 651/669/556
f 560/662/537 559/661/536 651/669/556
f 560/662/537 653/662/557 655/663/558
f 562/664/539 561/663/538 655/663/558
f 562/664/539 657/664/559 659/665/560
f 564/666/541 563/665/540 659/665/560
f 564/666/541 661/666/561 663/667/562
f 566/668/543 565/667/542 663/667/562
f 566/668/543 665/668/563 629/648/544
f 569/648/564 568/648/564 571/649/565
f 571/649/565 574/651/566 573/651/566
f 573/651/566 574/651/566 577/652/567
f 576/652/567 577/652/567 580/653/568
f 580/653/568 583/654/569 582/654/569
f 583/654/569 586/655/1839 585/655/570
f 585/655/570 586/655/1839 589/656/571
f 588/656/571 589/656/571 592/657/572
f 591/657/573 592/657/572 595/658/574
f 595/658/574 598/659/575 597/659/575
f 597/659/575 598/659/575 601/660/576
f 600/660/576 601/660/576 604/661/577
f 603/661/577 604/661/577 607/662/578
f 606/662/579 607/662/578 610/663/580
f 609/663/580 610/663/580 613/664/581
f 612/664/581 613/664/581 616/665/582
f 616/665/582 619/666/583 618/666/583
f 619/666/583 622/667/584 621/667/584
f 621/667/584 622/667/584 625/668/585
f 568/648/564 569/648/564 624/668/585
f 568/648/586 567/648/586 572/649/587
f 571/649/587 572/649/587 575/651/588
f 574/651/588 575/651/588 578/652/589
f 577/652/589 578/652/589 581/653/590
f 580/653/590 581/653/590 584/654/591
f 583/654/591 584/654/591 587/655/592
f 586/655/592 587/655/592 590/656/593
f 590/656/593 593/657/594 592/657/594
f 593/657/594 596/658/595 595/658/595
f 596/658/595 599/659/596 598/659/596
f 599/659/596 602/660/597 601/660/597
f 601/660/597 602/660/597 605/661/598
f 605/661/598 608/662/599 607/662/599
f 608/662/599 611/663/600 610/663/600
f 611/663/600 614/664/601 613/664/601
f 614/664/601 617/665/602 616/665/602
f 617/665/602 620/666/603 619/666/603
f 619/666/603 620/666/603 623/667/604
f 622/667/604 623/667/604 626/668/605
f 568/670/586 625/3208/605 626/671/605
f 525/648/522 526/649/522 572/649/522
f 526/649/522 527/651/522 575/651/522
f 527/651/522 528/652/522 578/652/522
f 528/652/522 529/653/522 581/653/522
f 530/654/522 584/654/522 581/653/522
f 530/654/522 531/655/522 587/655/522
f 532/656/522 590/656/522 587/655/522
f 533/657/522 593/657/522 590/656/522
f 533/657/522 534/658/522 596/658/522
f 535/659/522 599/659/522 596/658/522
f 536/660/522 602/660/522 599/659/522
f 536/660/522 537/661/522 605/661/522
f 537/661/522 538/662/522 608/662/522
f 539/663/522 611/663/522 608/662/522
f 539/663/522 540/664/522 614/664/522
f 541/665/522 617/665/522 614/664/522
f 541/665/522 542/666/522 620/666/522
f 542/666/522 543/667/522 623/667/522
f 543/667/522 544/668/522 626/668/522
f 525/648/522 567/648/522 626/668/522
f 628/649/606 632/651/609 631/651/546
f 627/649/545 629/648/544 630/648/607
f 630/648/607 629/648/544 665/668/563
f 632/651/609 634/652/623 633/652/547
f 633/652/547 634/652/623 636/653/610
f 636/653/610 638/654/628 637/654/549
f 637/654/549 638/654/628 640/655/611
f 640/655/611 642/656/629 641/656/551
f 641/656/551 642/656/629 644/657/612
f 644/657/612 646/658/632 645/658/553
f 645/658/553 646/658/632 648/659/613
f 648/659/613 650/660/637 649/660/555
f 649/660/555 650/660/637 652/661/614
f 652/661/614 654/662/615 653/662/557
f 654/662/615 656/663/639 655/663/558
f 655/663/558 656/663/639 658/664/616
f 657/664/559 658/664/616 660/665/617
f 660/665/617 662/666/618 661/666/561
f 662/666/618 664/667/619 663/667/562
f 664/667/619 666/668/608 665/668/563
f 569/648/620 570/649/622 628/649/606
f 573/651/621 632/651/609 628/649/606
f 573/651/621 576/652/624 634/652/623
f 576/652/624 579/653/626 636/653/610
f 582/654/625 638/654/628 636/653/610
f 585/655/627 640/655/611 638/654/628
f 585/655/627 588/656/630 642/656/629
f 588/656/630 591/657/631 644/657/612
f 591/657/631 594/658/634 646/658/632
f 597/659/633 648/659/613 646/658/632
f 600/660/635 650/660/637 648/659/613
f 603/661/636 652/661/614 650/660/637
f 603/661/636 606/662/638 654/662/615
f 606/662/638 609/663/641 656/663/639
f 612/664/640 658/664/616 656/663/639
f 615/665/642 660/665/617 658/664/616
f 618/666/643 662/666/618 660/665/617
f 618/666/643 621/667/644 664/667/619
f 621/667/644 624/668/645 666/668/608
f 569/648/620 630/648/607 666/668/608
f 684/673/525 685/3209/525 686/674/525
f 674/676/522 668/3210/522 667/677/522
f 688/679/516 689/3211/516 690/680/516
f 691/682/521 692/3212/521 689/683/521
f 693/685/506 694/3213/506 692/686/506
f 687/688/511 690/3214/511 694/689/511
f 676/691/525 680/695/525 679/692/525
f 677/694/525 681/697/525 680/695/525
f 677/694/525 678/698/525 682/696/525
f 678/698/525 675/693/525 679/692/525
f 675/693/525 690/702/525 689/699/525
f 677/694/525 676/691/525 689/699/525
f 677/694/525 692/700/525 694/701/525
f 678/698/525 694/701/525 690/702/525
f 680/703/646 684/3215/646 683/704/646
f 681/706/647 685/3216/647 684/707/647
f 682/709/648 686/3217/648 685/710/648
f 682/712/649 679/3218/649 683/713/649
f 670/715/522 688/719/522 687/716/522
f 672/718/522 691/721/522 688/719/522
f 671/720/522 693/722/522 691/721/522
f 671/720/522 669/717/522 687/716/522
f 674/723/650 695/727/650 696/724/650
f 674/723/650 672/728/650 697/726/650
f 672/728/650 670/730/650 698/729/650
f 668/725/650 696/724/650 698/729/650
f 667/731/651 700/735/651 699/732/651
f 667/731/651 669/737/651 701/734/651
f 671/736/651 702/738/651 701/734/651
f 673/733/651 699/732/651 702/738/651
f 668/739/652 704/743/652 703/740/652
f 668/739/652 670/745/652 705/742/652
f 669/744/652 706/746/652 705/742/652
f 667/741/652 703/740/652 706/746/652
f 672/747/653 708/751/653 707/748/653
f 674/750/653 709/753/653 708/751/653
f 673/752/653 710/754/653 709/753/653
f 673/752/653 671/749/653 707/748/653
f 704/755/654 705/3219/1840 714/756/655
f 703/758/657 716/3220/1841 717/759/658
f 709/761/660 722/3221/1842 719/762/661
f 710/764/663 707/3222/1843 724/765/664
f 695/767/666 697/3223/1844 720/768/667
f 696/770/669 712/3224/1845 713/771/670
f 700/773/672 701/3225/1846 718/774/673
f 699/776/675 726/3226/1847 723/777/676
f 709/779/678 710/3227/678 725/780/678
f 703/782/679 704/3228/679 711/783/679
f 726/785/680 699/3229/680 700/786/680
f 721/788/681 712/3230/681 696/789/681
f 697/791/682 698/3231/682 713/792/682
f 705/794/683 706/3232/683 717/795/683
f 701/797/684 702/3233/684 723/798/684
f 707/800/685 708/3234/685 719/801/685
f 718/803/686 723/3235/686 726/804/686
f 714/806/687 717/3236/687 716/807/687
f 712/809/688 721/3237/688 720/810/688
f 722/812/689 725/3238/689 724/813/689
f 2069/815/522 2089/837/522 2090/836/522
f 2071/818/522 2091/838/522 2089/837/522
f 2072/819/522 2092/840/522 2091/838/522
f 2072/819/522 2073/820/522 2093/839/522
f 2073/820/522 2074/821/522 2094/841/522
f 2074/821/522 2075/822/522 2095/842/522
f 2076/823/522 2096/843/522 2095/842/522
f 2077/824/522 2097/844/522 2096/843/522
f 2078/825/522 2098/845/522 2097/844/522
f 2079/826/522 2099/847/522 2098/845/522
f 2079/826/522 2080/827/522 2100/846/522
f 2080/827/522 2081/828/522 2101/848/522
f 2081/828/522 2082/829/522 2102/849/522
f 2083/830/522 2103/850/522 2102/849/522
f 2084/831/522 2104/852/522 2103/850/522
f 2084/831/522 2085/832/522 2105/851/522
f 2085/832/522 2086/833/522 2106/853/522
f 2087/834/522 2107/854/522 2106/853/522
f 2088/835/522 2108/855/522 2107/854/522
f 2068/816/522 2090/836/522 2108/855/522
f 788/857/525 787/856/525 1063/877/690
f 790/859/525 788/857/525 1056/878/691
f 790/859/525 1068/879/692 1076/880/693
f 792/861/525 791/860/525 1076/880/693
f 793/862/525 792/861/525 1084/881/694
f 793/862/525 1092/882/695 1100/883/696
f 795/864/525 794/863/525 1100/883/696
f 796/865/525 795/864/525 1108/884/697
f 796/865/525 1116/885/698 1124/886/699
f 797/866/525 1124/886/699 1132/887/700
f 798/867/525 1132/887/700 1140/888/701
f 799/868/525 1140/888/701 1148/889/702
f 801/870/525 800/869/525 1148/889/702
f 802/871/525 801/870/525 1156/890/703
f 802/871/525 1164/891/704 1172/892/705
f 804/873/525 803/872/525 1172/892/705
f 805/874/525 804/873/525 1180/893/706
f 805/874/525 1188/894/707 1196/895/708
f 807/876/525 806/875/525 1196/895/708
f 807/876/525 1204/896/709 1063/877/690
f 747/897/503 748/901/502 768/898/502
f 749/900/504 769/903/504 768/898/502
f 750/902/505 770/905/505 769/903/504
f 751/904/506 771/907/506 770/905/505
f 751/904/506 752/909/507 772/906/507
f 753/908/508 773/3239/508 772/906/507
f 754/910/509 774/914/509 773/911/508
f 755/913/510 775/916/510 774/914/509
f 756/915/511 776/918/511 775/916/510
f 756/915/511 757/919/512 777/917/512
f 757/919/512 758/922/513 778/920/513
f 759/921/514 779/924/514 778/920/513
f 760/923/515 780/926/515 779/924/514
f 760/923/515 761/927/516 781/925/516
f 761/927/516 762/929/517 782/928/517
f 762/929/517 763/3240/518 783/930/518
f 763/931/518 764/934/519 784/932/519
f 764/934/519 765/937/520 785/935/520
f 766/936/521 786/938/521 785/935/520
f 766/936/521 747/897/503 767/899/503
f 809/939/710 884/973/711 885/940/711
f 809/939/710 808/941/710 811/942/712
f 811/942/712 817/945/713 816/944/713
f 817/945/713 821/947/714 820/946/714
f 821/947/714 825/1170/715 824/948/715
f 824/948/715 825/1170/715 829/949/716
f 828/950/716 829/949/716 833/951/717
f 832/952/717 833/951/717 837/953/718
f 837/953/718 841/1174/719 840/955/719
f 840/955/719 841/1174/719 845/956/720
f 845/956/720 849/1179/721 848/958/721
f 848/958/721 849/1179/721 853/959/722
f 853/959/722 857/962/723 856/961/723
f 857/962/723 861/964/725 860/963/724
f 861/964/725 865/1182/1848 864/965/726
f 864/965/726 865/1182/1848 869/966/727
f 868/967/727 869/966/727 873/968/728
f 873/968/728 877/971/730 876/970/729
f 877/971/730 881/1189/731 880/972/731
f 880/972/731 881/1189/731 885/940/711
f 813/974/732 819/3241/733 818/975/733
f 813/974/732 812/976/732 815/977/734
f 815/977/734 886/1008/735 887/979/735
f 818/975/733 819/3241/733 823/980/736
f 822/981/736 823/980/736 827/982/737
f 827/982/737 831/985/738 830/984/738
f 831/985/738 835/3242/739 834/986/739
f 834/986/739 835/3242/739 839/987/740
f 838/988/740 839/987/740 843/989/741
f 843/989/741 847/3243/742 846/991/742
f 846/991/742 847/3243/742 851/992/743
f 851/992/743 855/3244/744 854/994/744
f 854/994/744 855/3244/744 859/995/745
f 859/995/745 863/998/746 862/997/746
f 863/998/746 867/1000/747 866/999/747
f 867/1000/747 871/1002/748 870/1001/748
f 871/1002/748 875/3245/749 874/1003/749
f 874/1003/749 875/3245/749 879/1004/750
f 878/1005/750 879/1004/750 883/1006/751
f 883/1006/751 887/979/735 886/1008/735
f 889/1009/752 964/1045/753 965/1010/753
f 889/1009/752 888/1011/752 891/1012/754
f 890/1013/754 891/1012/754 897/1014/755
f 897/1014/755 901/1017/756 900/1016/756
f 901/1017/756 905/1328/757 904/1018/757
f 904/1018/757 905/1328/757 909/1019/758
f 908/1020/758 909/1019/758 913/1021/759
f 912/1022/759 913/1021/759 917/1023/760
f 916/1024/760 917/1023/760 921/1025/761
f 920/1026/761 921/1025/761 925/1027/762
f 925/1027/762 929/1329/763 928/1029/763
f 928/1029/763 929/1329/763 933/1030/764
f 933/1030/764 937/1033/766 936/1032/766
f 937/1033/766 941/1035/767 940/1034/767
f 941/1035/767 945/1037/768 944/1036/768
f 945/1037/768 949/1039/769 948/1038/769
f 949/1039/769 953/1041/770 952/1040/770
f 953/1041/770 957/1043/771 956/1042/771
f 957/1043/771 961/1330/772 960/1044/772
f 960/1044/772 961/1330/772 965/1010/753
f 893/1046/773 899/3246/774 898/1047/774
f 892/1048/773 895/1050/775 894/1049/775
f 895/1050/775 966/1082/776 967/1051/776
f 898/1047/774 899/3246/774 903/1052/777
f 903/1052/777 907/1055/779 906/1054/779
f 907/1055/779 911/3247/780 910/1056/780
f 910/1056/780 911/3247/780 915/1057/781
f 914/1058/781 915/1057/781 919/1059/782
f 918/1060/782 919/1059/782 923/1061/783
f 923/1061/783 927/1064/784 926/1063/784
f 927/1064/784 931/1066/785 930/1065/785
f 931/1066/785 935/1068/786 934/1067/786
f 935/1068/786 939/3248/787 938/1069/787
f 938/1069/787 939/3248/787 943/1070/788
f 942/1071/788 943/1070/788 947/1072/789
f 946/1073/789 947/1072/789 951/1074/790
f 950/1075/790 951/1074/790 955/1076/791
f 954/1077/791 955/1076/791 959/1078/792
f 958/1079/792 959/1078/792 963/1080/793
f 962/1081/793 963/1080/793 967/1051/776
f 810/1083/502 813/1087/502 814/1084/503
f 816/1086/504 819/1089/504 813/1087/502
f 820/1088/505 823/1091/505 819/1089/504
f 824/1090/506 827/1093/506 823/1091/505
f 824/1090/506 828/1095/507 831/1092/507
f 832/1094/508 835/1097/508 831/1092/507
f 832/1094/508 836/1099/509 839/1096/509
f 840/1098/510 843/1101/510 839/1096/509
f 844/1100/511 847/1103/511 843/1101/510
f 844/1100/511 848/1104/512 851/1102/512
f 848/1104/512 852/1106/513 855/1105/513
f 852/1106/513 856/1108/514 859/1107/514
f 856/1108/514 860/1110/515 863/1109/515
f 860/1110/515 864/1113/516 867/1111/516
f 868/1112/517 871/1115/517 867/1111/516
f 872/1114/518 875/3249/518 871/1115/517
f 872/1116/518 876/1119/519 879/1117/519
f 876/1119/519 880/1122/520 883/1120/520
f 884/1121/521 887/1123/521 883/1120/520
f 809/1085/503 814/1084/503 887/1123/521
f 889/1124/503 890/1128/502 893/1125/502
f 896/1127/504 899/1130/504 893/1125/502
f 900/1129/505 903/1132/505 899/1130/504
f 904/1131/506 907/1134/506 903/1132/505
f 908/1133/507 911/1136/507 907/1134/506
f 908/1133/507 912/1137/508 915/1135/508
f 912/1137/508 916/1140/509 919/1138/509
f 920/1139/510 923/1142/510 919/1138/509
f 924/1141/511 927/1144/511 923/1142/510
f 928/1143/512 931/1146/512 927/1144/511
f 928/1143/512 932/1147/513 935/1145/513
f 932/1147/513 936/1150/514 939/1148/514
f 940/1149/515 943/1152/515 939/1148/514
f 944/1151/516 947/1154/516 943/1152/515
f 948/1153/517 951/1156/517 947/1154/516
f 952/1155/518 955/3250/518 951/1156/517
f 952/1157/518 956/1160/519 959/1158/519
f 956/1160/519 960/1163/520 963/1161/520
f 964/1162/521 967/1164/521 963/1161/520
f 964/1162/521 889/1124/503 894/1126/503
f 728/1165/522 811/942/522 808/941/522
f 729/1167/522 817/945/522 811/942/522
f 730/1168/522 821/947/522 817/945/522
f 731/1169/522 825/1170/522 821/947/522
f 731/1169/522 732/1171/522 829/949/522
f 732/1171/522 733/1172/522 833/951/522
f 733/1172/522 734/1173/522 837/953/522
f 734/1173/522 735/1176/522 841/1174/522
f 736/1175/522 845/956/522 841/1174/522
f 737/1177/522 849/1179/522 845/956/522
f 738/1178/522 853/959/522 849/1179/522
f 739/1180/522 857/962/522 853/959/522
f 740/1181/522 861/964/522 857/962/522
f 740/1181/522 741/1183/522 865/1182/522
f 741/1183/522 742/1184/522 869/966/522
f 742/1184/522 743/1186/522 873/968/522
f 744/1185/522 877/971/522 873/968/522
f 745/1187/522 881/1189/522 877/971/522
f 746/1188/522 885/940/522 881/1189/522
f 727/1166/522 808/941/522 885/940/522
f 747/1190/525 895/1050/525 892/1048/525
f 749/1192/525 748/1191/525 892/1048/525
f 749/1192/525 898/1047/525 902/1053/525
f 751/1194/525 750/1193/525 902/1053/525
f 752/1195/525 751/1194/525 906/1054/525
f 752/1195/525 910/1056/525 914/1058/525
f 754/1197/525 753/1196/525 914/1058/525
f 755/1198/525 754/1197/525 918/1060/525
f 755/1198/525 922/1062/525 926/1063/525
f 757/1200/525 756/1199/525 926/1063/525
f 757/1200/525 930/1065/525 934/1067/525
f 759/1202/525 758/1201/525 934/1067/525
f 760/1203/525 759/1202/525 938/1069/525
f 761/1204/525 760/1203/525 942/1071/525
f 761/1204/525 946/1073/525 950/1075/525
f 763/1206/525 762/1205/525 950/1075/525
f 764/1207/525 763/1206/525 954/1077/525
f 764/1207/525 958/1079/525 962/1081/525
f 766/1209/525 765/1208/525 962/1081/525
f 766/1209/525 966/1082/525 895/1050/525
f 968/1210/794 969/1213/794 971/1211/773
f 969/1213/794 968/1210/794 1006/1214/776
f 971/1211/773 973/1217/774 972/1216/795
f 973/1217/774 975/1219/777 974/1218/777
f 975/1219/777 977/1221/779 976/1220/779
f 977/1221/779 979/1325/1849 978/1222/796
f 978/1222/796 979/1325/1849 981/1223/781
f 980/1224/781 981/1223/781 983/1225/782
f 983/1225/782 985/1228/783 984/1227/797
f 985/1228/783 987/1326/784 986/1229/784
f 986/1229/784 987/1326/784 989/1230/785
f 988/1231/785 989/1230/785 991/1232/786
f 990/1233/786 991/1232/786 993/1234/798
f 993/1234/798 995/1237/799 994/1236/799
f 995/1237/799 997/1327/789 996/1238/789
f 996/1238/789 997/1327/789 999/1239/790
f 999/1239/790 1001/1242/791 1000/1241/791
f 1001/1242/791 1003/1244/792 1002/1243/792
f 1003/1244/792 1005/1246/800 1004/1245/800
f 1005/1246/800 1007/1215/776 1006/1214/776
f 1009/1247/801 1047/1282/711 1046/1248/711
f 1009/1247/801 1008/1249/801 1010/1250/712
f 1011/1251/712 1010/1250/712 1012/1252/802
f 1012/1252/802 1014/3251/714 1015/1254/714
f 1015/1254/714 1014/3251/714 1016/1255/715
f 1017/1256/715 1016/1255/715 1018/1257/716
f 1018/1257/716 1020/1260/804 1021/1259/804
f 1020/1260/804 1022/3252/718 1023/1261/718
f 1023/1261/718 1022/3252/718 1024/1262/719
f 1025/1263/719 1024/1262/719 1026/1264/720
f 1026/1264/720 1028/1267/721 1029/1266/721
f 1028/1267/721 1030/3253/805 1031/1268/805
f 1031/1268/805 1030/3253/805 1032/1269/723
f 1033/1270/723 1032/1269/723 1034/1271/725
f 1034/1271/725 1036/1274/726 1037/1273/726
f 1036/1274/726 1038/1276/806 1039/1275/806
f 1038/1276/806 1040/1278/728 1041/1277/728
f 1040/1278/728 1042/3254/1850 1043/1279/729
f 1043/1279/729 1042/3254/1850 1044/1280/731
f 1045/1281/731 1044/1280/731 1046/1248/711
f 970/1283/502 1010/1287/502 1008/1284/503
f 972/1286/504 1012/1289/504 1010/1287/502
f 974/1288/505 1014/1291/505 1012/1289/504
f 976/1290/506 1016/1293/506 1014/1291/505
f 978/1292/507 1018/1295/507 1016/1293/506
f 980/1294/508 1020/3255/508 1018/1295/507
f 982/1296/509 1022/1300/509 1020/1297/508
f 984/1299/510 1024/1302/510 1022/1300/509
f 986/1301/511 1026/1304/511 1024/1302/510
f 988/1303/512 1028/1306/512 1026/1304/511
f 988/1303/512 990/1308/513 1030/1305/513
f 992/1307/514 1032/1310/514 1030/1305/513
f 994/1309/515 1034/1312/515 1032/1310/514
f 996/1311/516 1036/1314/516 1034/1312/515
f 998/1313/517 1038/1316/517 1036/1314/516
f 1000/1315/518 1040/3256/518 1038/1316/517
f 1000/1317/518 1002/1321/519 1042/1318/519
f 1004/1320/520 1044/1323/520 1042/1318/519
f 1004/1320/520 1006/1324/521 1046/1322/521
f 1006/1324/521 968/1285/503 1008/1284/503
f 971/1211/525 969/1213/525 815/977/525
f 973/1217/525 971/1211/525 812/976/525
f 973/1217/525 818/975/525 822/981/525
f 977/1221/525 975/1219/525 822/981/525
f 979/1325/525 977/1221/525 826/983/525
f 979/1325/525 830/984/525 834/986/525
f 983/1225/525 981/1223/525 834/986/525
f 983/1225/525 838/988/525 842/990/525
f 985/1228/525 842/990/525 846/991/525
f 987/1326/525 846/991/525 850/993/525
f 989/1230/525 850/993/525 854/994/525
f 993/1234/525 991/1232/525 854/994/525
f 995/1237/525 993/1234/525 858/996/525
f 995/1237/525 862/997/525 866/999/525
f 997/1327/525 866/999/525 870/1001/525
f 1001/1242/525 999/1239/525 870/1001/525
f 1003/1244/525 1001/1242/525 874/1003/525
f 1005/1246/525 1003/1244/525 878/1005/525
f 1005/1246/525 882/1007/525 886/1008/525
f 969/1213/525 1007/1215/525 886/1008/525
f 1011/1251/522 891/1012/522 888/1011/522
f 1013/1253/522 897/1014/522 891/1012/522
f 1013/1253/522 1015/1254/522 901/1017/522
f 1017/1256/522 905/1328/522 901/1017/522
f 1019/1258/522 909/1019/522 905/1328/522
f 1019/1258/522 1021/1259/522 913/1021/522
f 1021/1259/522 1023/1261/522 917/1023/522
f 1023/1261/522 1025/1263/522 921/1025/522
f 1025/1263/522 1027/1265/522 925/1027/522
f 1029/1266/522 929/1329/522 925/1027/522
f 1031/1268/522 933/1030/522 929/1329/522
f 1031/1268/522 1033/1270/522 937/1033/522
f 1035/1272/522 941/1035/522 937/1033/522
f 1037/1273/522 945/1037/522 941/1035/522
f 1037/1273/522 1039/1275/522 949/1039/522
f 1041/1277/522 953/1041/522 949/1039/522
f 1043/1279/522 957/1043/522 953/1041/522
f 1043/1279/522 1045/1281/522 961/1330/522
f 1045/1281/522 1047/1282/522 965/1010/522
f 1009/1247/522 888/1011/522 965/1010/522
f 1050/1331/807 1053/1380/851 1052/1332/808
f 1059/1334/810 1058/1338/814 1061/1335/811
f 1057/1337/813 1062/1529/1851 1061/1335/811
f 1051/1339/809 1052/1342/808 1059/1340/810
f 1052/1342/808 1064/1345/817 1071/1343/815
f 1072/1344/816 1079/1347/819 1071/1343/815
f 1072/1344/816 1080/1348/820 1087/1346/818
f 1080/1348/820 1088/1351/823 1095/1349/821
f 1096/1350/822 1103/3257/825 1095/1349/821
f 1104/1352/824 1111/1356/827 1103/1353/825
f 1104/1352/824 1112/1357/828 1119/1355/826
f 1112/1357/828 1120/1360/831 1127/1358/829
f 1128/1359/830 1135/1362/833 1127/1358/829
f 1136/1361/832 1143/1364/835 1135/1362/833
f 1144/1363/834 1151/1366/837 1143/1364/835
f 1144/1363/834 1152/1368/839 1159/1365/836
f 1160/1367/838 1167/1370/841 1159/1365/836
f 1168/1369/840 1175/1372/843 1167/1370/841
f 1176/1371/842 1183/1374/845 1175/1372/843
f 1176/1371/842 1184/1375/846 1191/1373/844
f 1184/1375/846 1192/1378/849 1199/1376/847
f 1200/1377/848 1207/1379/850 1199/1376/847
f 1200/1377/848 1051/1339/809 1060/1341/812
f 1053/1380/851 1065/1507/1852 1064/1381/817
f 1058/1338/814 1059/1334/810 1071/1382/815
f 1058/1338/814 1070/1383/852 1069/1384/853
f 1064/1381/817 1065/1507/1852 1073/1385/854
f 1070/1383/852 1071/1382/815 1079/1387/819
f 1069/1384/853 1070/1383/852 1078/1388/855
f 1072/1386/816 1073/1385/854 1081/1390/857
f 1079/1387/819 1087/3258/818 1086/1392/858
f 1077/1389/856 1078/1388/855 1086/1392/858
f 1080/1391/820 1081/1390/857 1089/1394/860
f 1086/1392/858 1087/3258/818 1095/1396/821
f 1086/1392/858 1094/1397/861 1093/1398/862
f 1089/1394/860 1097/1512/1853 1096/1399/822
f 1094/1397/861 1095/1396/821 1103/1400/825
f 1093/1398/862 1094/1397/861 1102/1401/863
f 1096/1399/822 1097/1512/1853 1105/1403/865
f 1103/1400/825 1111/1409/827 1110/1405/866
f 1102/1401/863 1110/1405/866 1109/1406/867
f 1104/1404/824 1105/1403/865 1113/1407/868
f 1111/1409/827 1119/1414/826 1118/1410/869
f 1110/1405/866 1118/1410/869 1117/1411/783
f 1112/1408/828 1113/1407/868 1121/1412/870
f 1119/1414/826 1127/1418/829 1126/1415/871
f 1117/1411/783 1118/1410/869 1126/1415/871
f 1121/1412/870 1129/1421/875 1128/1417/830
f 1127/1418/829 1135/3259/833 1134/1419/873
f 1125/1416/872 1126/1415/871 1134/1419/873
f 1129/1421/875 1137/1518/1854 1136/1422/832
f 1134/1419/873 1135/3259/833 1143/1423/835
f 1133/1420/874 1134/1419/873 1142/1424/876
f 1136/1422/832 1137/1518/1854 1145/1426/877
f 1142/1424/876 1143/1423/835 1151/1428/837
f 1142/1424/876 1150/1429/878 1149/1430/879
f 1145/1426/877 1153/1521/1855 1152/1431/839
f 1150/1429/878 1151/1428/837 1159/1432/836
f 1150/1429/878 1158/1433/880 1157/1434/881
f 1152/1431/839 1153/1521/1855 1161/1435/882
f 1158/1433/880 1159/1432/836 1167/1437/841
f 1158/1433/880 1166/1438/883 1165/1439/884
f 1161/1435/882 1169/1444/887 1168/1440/840
f 1166/1438/883 1167/1437/841 1175/1441/843
f 1165/1439/884 1166/1438/883 1174/1442/885
f 1169/1444/887 1177/1525/1856 1176/1445/842
f 1174/1442/885 1175/1441/843 1183/1446/845
f 1173/1443/886 1174/1442/885 1182/1447/888
f 1176/1445/842 1177/1525/1856 1185/1449/890
f 1183/1446/845 1191/1455/844 1190/1451/891
f 1182/1447/888 1190/1451/891 1189/1452/892
f 1184/1450/846 1185/1449/890 1193/1453/893
f 1191/1455/844 1199/1460/847 1198/1456/894
f 1189/1452/892 1190/1451/891 1198/1456/894
f 1192/1454/849 1193/1453/893 1201/1458/896
f 1199/1460/847 1207/1463/850 1206/1461/897
f 1198/1456/894 1206/1461/897 1205/1462/898
f 1050/1331/807 1051/1333/809 1200/1459/848
f 1060/1336/812 1061/1335/811 1206/1461/897
f 1061/1335/811 1062/1529/1851 1205/1462/898
f 1049/1464/899 1054/1466/902 1053/1380/712
f 1049/1464/899 1048/1468/903 1055/1465/901
f 767/1467/522 768/1470/522 1055/1465/901
f 769/1469/522 1067/1472/905 1055/1465/901
f 769/1469/522 770/1474/522 1075/1471/904
f 771/1473/522 1083/1476/906 1075/1471/904
f 772/1475/522 1091/1478/908 1083/1476/906
f 772/1475/522 773/1480/522 1099/1477/907
f 774/1479/522 1107/1482/909 1099/1477/907
f 775/1481/522 1115/1484/911 1107/1482/909
f 775/1481/522 776/1486/522 1123/1483/910
f 777/1485/522 1131/1488/913 1123/1483/910
f 777/1485/522 778/1489/522 1139/1487/912
f 778/1489/522 779/1491/522 1147/1490/914
f 779/1491/522 780/1494/522 1155/1492/915
f 781/1493/522 1163/1496/917 1155/1492/915
f 781/1493/522 782/1498/522 1171/1495/916
f 783/1497/522 1179/1500/918 1171/1495/916
f 784/1499/522 1187/1502/920 1179/1500/918
f 784/1499/522 785/1504/522 1195/1501/919
f 786/1503/522 1203/1505/921 1195/1501/919
f 786/1503/522 767/1467/522 1048/1468/903
f 1054/1466/902 1055/1465/901 1067/1472/905
f 1053/1380/712 1054/1466/902 1066/1506/922
f 1067/1472/905 1075/1471/904 1074/1508/923
f 1066/1506/922 1074/1508/923 1073/1385/714
f 1074/1508/923 1075/1471/904 1083/1476/906
f 1074/1508/923 1082/1509/924 1081/1390/715
f 1082/1509/924 1083/1476/906 1091/1478/908
f 1081/1390/715 1082/1509/924 1090/1510/925
f 1091/1478/908 1099/1477/907 1098/1511/926
f 1090/1510/925 1098/1511/926 1097/1512/927
f 1098/1511/926 1099/1477/907 1107/1482/909
f 1098/1511/926 1106/1513/928 1105/1403/929
f 1106/1513/928 1107/1482/909 1115/1484/911
f 1106/1513/928 1114/1514/930 1113/1407/931
f 1115/1484/911 1123/1483/910 1122/1515/932
f 1113/1407/931 1114/1514/930 1122/1515/932
f 1123/1483/910 1131/1488/913 1130/1516/933
f 1121/1412/720 1122/1515/932 1130/1516/933
f 1131/1488/913 1139/1487/912 1138/1517/934
f 1130/1516/933 1138/1517/934 1137/1518/935
f 1138/1517/934 1139/1487/912 1147/1490/914
f 1138/1517/934 1146/1519/936 1145/1426/937
f 1147/1490/914 1155/1492/915 1154/1520/938
f 1146/1519/936 1154/1520/938 1153/1521/724
f 1155/1492/915 1163/1496/917 1162/1522/939
f 1154/1520/938 1162/1522/939 1161/1435/726
f 1163/1496/917 1171/1495/916 1170/1523/940
f 1162/1522/939 1170/1523/940 1169/1444/806
f 1170/1523/940 1171/1495/916 1179/1500/918
f 1169/1444/806 1170/1523/940 1178/1524/941
f 1178/1524/941 1179/1500/918 1187/1502/920
f 1178/1524/941 1186/1526/942 1185/1449/730
f 1187/1502/920 1195/1501/919 1194/1527/943
f 1186/1526/942 1194/1527/943 1193/1453/731
f 1195/1501/919 1203/1505/921 1202/1528/944
f 1194/1527/943 1202/1528/944 1201/1458/945
f 1048/1468/903 1049/1464/899 1202/1528/944
f 1050/1331/900 1201/1458/945 1202/1528/944
f 1056/878/691 1063/877/690 1062/1529/946
f 1056/878/691 1057/1337/947 1069/1384/948
f 1068/879/692 1069/1384/948 1077/1389/949
f 1077/1389/949 1085/1393/950 1084/881/694
f 1085/1393/950 1093/1398/1857 1092/882/695
f 1092/882/695 1093/1398/1857 1101/1402/951
f 1101/1402/951 1109/1406/952 1108/884/697
f 1109/1406/952 1117/1411/1858 1116/885/698
f 1116/885/698 1117/1411/1858 1125/1416/953
f 1125/1416/953 1133/1420/954 1132/887/700
f 1133/1420/954 1141/1425/955 1140/888/701
f 1141/1425/955 1149/1430/956 1148/889/702
f 1149/1430/956 1157/1434/1859 1156/890/703
f 1156/890/703 1157/1434/1859 1165/1439/957
f 1164/891/704 1165/1439/957 1173/1443/958
f 1173/1443/958 1181/1448/959 1180/893/706
f 1181/1448/959 1189/1452/1860 1188/894/707
f 1188/894/707 1189/1452/1860 1197/1457/960
f 1197/1457/960 1205/1462/961 1204/896/709
f 1063/877/690 1204/896/709 1205/1462/961
f 1233/1530/962 1230/1569/1001 1208/1531/963
f 1233/1530/962 1209/1532/964 1210/1533/965
f 1236/1534/966 1210/1533/965 1211/1535/967
f 1242/1537/969 1239/1536/968 1211/1535/967
f 1245/1539/971 1242/1537/969 1212/1538/970
f 1248/1541/973 1245/1539/971 1213/1540/972
f 1248/1541/973 1214/1542/974 1215/1543/975
f 1254/1545/977 1251/1544/976 1215/1543/975
f 1254/1545/977 1216/1546/978 1217/1547/979
f 1260/1549/981 1257/1548/980 1217/1547/979
f 1260/1549/981 1218/1550/982 1219/1551/983
f 1263/1552/984 1219/1551/983 1220/1553/985
f 1269/1555/987 1266/1554/986 1220/1553/985
f 1269/1555/987 1221/1556/988 1222/1557/989
f 1275/1559/991 1272/1558/990 1222/1557/989
f 1275/1559/991 1223/1560/992 1224/1561/993
f 1281/1563/995 1278/1562/994 1224/1561/993
f 1281/1563/995 1225/1564/996 1226/1565/997
f 1284/1566/998 1226/1565/997 1227/1567/999
f 1287/1568/1000 1227/1567/999 1208/1531/963
f 1230/1569/1001 1233/1530/962 1232/1570/1002
f 1233/1530/962 1236/1534/966 1235/1572/1004
f 1236/1534/966 1239/1536/968 1238/1573/1005
f 1239/1536/968 1242/1537/969 1241/1574/1006
f 1242/1537/969 1245/1539/971 1244/1575/1007
f 1245/1539/971 1248/1541/973 1247/1576/1008
f 1248/1541/973 1251/1544/976 1250/1577/1009
f 1250/1577/1009 1251/1544/976 1254/1545/977
f 1254/1545/977 1257/1548/980 1256/1579/1011
f 1256/1579/1011 1257/1548/980 1260/1549/981
f 1259/1580/1012 1260/1549/981 1263/1552/984
f 1263/1552/984 1266/1554/986 1265/1582/1014
f 1266/1554/986 1269/1555/987 1268/1583/1015
f 1268/1583/1015 1269/1555/987 1272/1558/990
f 1272/1558/990 1275/1559/991 1274/1585/1017
f 1274/1585/1017 1275/1559/991 1278/1562/994
f 1278/1562/994 1281/1563/995 1280/1587/1019
f 1281/1563/995 1284/1566/998 1283/1588/1020
f 1284/1566/998 1287/1568/1000 1286/1589/1021
f 1230/1569/1001 1229/1571/1003 1286/1589/1021
f 1228/1590/1022 1229/1625/1057 1232/1591/1023
f 1231/1592/1024 1232/1591/1023 1235/1593/1025
f 1234/1594/1026 1235/1593/1025 1238/1595/1027
f 1237/1596/1028 1238/1595/1027 1241/1597/1029
f 1240/1598/1030 1241/1597/1029 1244/1599/1031
f 1244/1599/1031 1247/3260/1861 1246/1601/1033
f 1246/1601/1033 1247/3260/1861 1250/1602/1034
f 1249/1603/1035 1250/1602/1034 1253/1604/1036
f 1252/1605/1037 1253/1604/1036 1256/1606/1038
f 1256/1606/1038 1259/1609/1041 1258/1608/1040
f 1259/1609/1041 1262/1611/1043 1261/1610/1042
f 1262/1611/1043 1265/3261/1862 1264/1612/1044
f 1264/1612/1044 1265/3261/1862 1268/1613/1045
f 1268/1613/1045 1271/1616/1048 1270/1615/1047
f 1271/1616/1048 1274/1618/1050 1273/1617/1049
f 1274/1618/1050 1277/3262/1863 1276/1619/1051
f 1276/1619/1051 1277/3262/1863 1280/1620/1052
f 1280/1620/1052 1283/3263/1864 1282/1622/1054
f 1282/1622/1054 1283/3263/1864 1286/1623/1055
f 1228/1590/1022 1285/1624/1056 1286/1623/1055
f 1291/1626/1058 728/1630/502 727/1627/503
f 1294/1629/1060 729/1632/504 728/1630/502
f 1297/1631/1061 730/1634/505 729/1632/504
f 1300/1633/1062 731/1636/506 730/1634/505
f 1303/1635/1063 732/1638/507 731/1636/506
f 1306/1637/1064 733/1640/508 732/1638/507
f 1309/1639/1065 734/1642/509 733/1640/508
f 1312/1641/1066 735/1644/510 734/1642/509
f 1315/1643/1067 736/1646/511 735/1644/510
f 1318/1645/1068 737/1648/512 736/1646/511
f 1321/1647/1069 738/1650/513 737/1648/512
f 1324/1649/1070 739/1652/514 738/1650/513
f 1327/1651/1071 740/1654/515 739/1652/514
f 1330/1653/1072 741/1656/516 740/1654/515
f 1333/1655/1073 742/1658/517 741/1656/516
f 1336/1657/1074 743/3264/518 742/1658/517
f 1339/1659/1075 744/1663/519 743/1660/518
f 1342/1662/1076 745/1665/520 744/1663/519
f 1345/1664/1077 746/1666/521 745/1665/520
f 1288/1628/1059 727/1627/503 746/1666/521
f 1293/1667/1078 1290/1686/1097 1228/1590/1022
f 1296/1668/1079 1293/1667/1078 1231/1592/1024
f 1299/1669/1080 1296/1668/1079 1234/1594/1026
f 1299/1669/1080 1237/1596/1028 1240/1598/1030
f 1302/1670/1081 1240/1598/1030 1243/1600/1032
f 1305/1671/1082 1243/1600/1032 1246/1601/1033
f 1308/1672/1083 1246/1601/1033 1249/1603/1035
f 1311/1673/1084 1249/1603/1035 1252/1605/1037
f 1317/1675/1086 1314/1674/1085 1252/1605/1037
f 1320/1676/1087 1317/1675/1086 1255/1607/1039
f 1323/1677/1088 1320/1676/1087 1258/1608/1040
f 1323/1677/1088 1261/1610/1042 1264/1612/1044
f 1329/1679/1090 1326/1678/1089 1264/1612/1044
f 1332/1680/1091 1329/1679/1090 1267/1614/1046
f 1332/1680/1091 1270/1615/1047 1273/1617/1049
f 1335/1681/1092 1273/1617/1049 1276/1619/1051
f 1338/1682/1093 1276/1619/1051 1279/1621/1053
f 1344/1684/1095 1341/1683/1094 1279/1621/1053
f 1347/1685/1096 1344/1684/1095 1282/1622/1054
f 1290/1686/1097 1347/1685/1096 1285/1624/1056
f 1288/1687/1059 1289/1690/1099 1292/1688/1098
f 1289/1690/1099 1290/1686/1097 1293/1667/1078
f 1291/1689/1058 1292/1688/1098 1295/1691/1100
f 1292/1688/1098 1293/1667/1078 1296/1668/1079
f 1295/1691/1100 1298/1694/1101 1297/1693/1061
f 1296/1668/1079 1299/1669/1080 1298/1694/1101
f 1297/1693/1061 1298/1694/1101 1301/1695/1102
f 1298/1694/1101 1299/1669/1080 1302/1670/1081
f 1301/1695/1102 1304/1698/1103 1303/1697/1063
f 1301/1695/1102 1302/1670/1081 1305/1671/1082
f 1303/1697/1063 1304/1698/1103 1307/1699/1104
f 1305/1671/1082 1308/1672/1083 1307/1699/1104
f 1306/1700/1064 1307/1699/1104 1310/1701/1105
f 1307/1699/1104 1308/1672/1083 1311/1673/1084
f 1310/1701/1105 1313/1704/1106 1312/1703/1066
f 1311/1673/1084 1314/1674/1085 1313/1704/1106
f 1313/1705/1106 1316/1707/1107 1315/1643/1067
f 1314/1674/1085 1317/1675/1086 1316/1706/1107
f 1316/1707/1107 1319/3265/1108 1318/1645/1068
f 1316/1706/1107 1317/1675/1086 1320/1676/1087
f 1319/1708/1108 1322/1711/1109 1321/1709/1069
f 1319/1708/1108 1320/1676/1087 1323/1677/1088
f 1321/1709/1069 1322/1711/1109 1325/1712/1110
f 1322/1711/1109 1323/1677/1088 1326/1678/1089
f 1325/1712/1110 1328/1715/1111 1327/1714/1071
f 1326/1678/1089 1329/1679/1090 1328/1715/1111
f 1328/1715/1111 1331/1717/1112 1330/1716/1072
f 1329/1679/1090 1332/1680/1091 1331/1717/1112
f 1330/1716/1072 1331/1717/1112 1334/1718/1113
f 1331/1717/1112 1332/1680/1091 1335/1681/1092
f 1333/1719/1073 1334/1718/1113 1337/1720/1114
f 1335/1681/1092 1338/1682/1093 1337/1720/1114
f 1337/1720/1114 1340/1723/1115 1339/1722/1075
f 1337/1720/1114 1338/1682/1093 1341/1683/1094
f 1339/1722/1075 1340/1723/1115 1343/1724/1116
f 1340/1723/1115 1341/1683/1094 1344/1684/1095
f 1343/1726/1116 1346/1729/1117 1345/1664/1077
f 1344/1684/1095 1347/1685/1096 1346/1727/1117
f 1289/1690/1099 1346/1727/1117 1347/1685/1096
f 1289/1728/1099 1288/1628/1059 1345/1664/1077
f 1208/1730/1118 1348/1771/1118 1349/1731/1118
f 1209/1732/1119 1349/1731/1119 1350/1733/1119
f 1210/1734/1120 1350/1733/1120 1351/1735/1120
f 1211/1736/1121 1351/1735/1121 1352/1737/1121
f 1212/1738/1122 1352/1737/1122 1353/1739/1122
f 1213/1740/1123 1353/1739/1123 1354/1741/1123
f 1214/1743/1124 1354/3266/1124 1355/1744/1124
f 1215/1745/1125 1355/1744/1125 1356/1746/1125
f 1216/1747/1126 1356/1746/1126 1357/1748/1126
f 1217/1749/1127 1357/1748/1127 1358/1750/1127
f 1218/1751/1128 1358/1750/1128 1359/1752/1128
f 1219/1753/1129 1359/1752/1129 1360/1754/1129
f 1220/1755/1130 1360/1754/1130 1361/1756/1131
f 1221/1757/1132 1361/1756/1132 1362/1758/1132
f 1222/1759/1133 1362/1758/1133 1363/1760/1133
f 1223/1761/1134 1363/1760/1134 1364/1762/1134
f 1224/1764/1135 1364/3267/1135 1365/1765/1135
f 1225/1766/1136 1365/1765/1136 1366/1767/1136
f 1226/1768/1137 1366/1767/1137 1367/1769/1137
f 1227/1770/1138 1367/1769/1138 1348/1771/1138
f 1368/1772/1118 1388/1813/1118 1389/1773/1118
f 1369/1774/1119 1389/1773/1119 1390/1775/1119
f 1370/1776/1120 1390/1775/1120 1391/1777/1120
f 1371/1778/1121 1391/1777/1121 1392/1779/1121
f 1372/1780/1122 1392/1779/1122 1393/1781/1122
f 1373/1782/1123 1393/1781/1123 1394/1783/1123
f 1374/1785/1124 1394/3268/1124 1395/1786/1124
f 1375/1787/1125 1395/1786/1125 1396/1788/1125
f 1376/1789/1126 1396/1788/1126 1397/1790/1126
f 1377/1791/1127 1397/1790/1127 1398/1792/1127
f 1378/1793/1128 1398/1792/1128 1399/1794/1128
f 1379/1795/1129 1399/1794/1129 1400/1796/1129
f 1380/1797/1131 1400/1796/1131 1401/1798/1130
f 1381/1799/1132 1401/1798/1132 1402/1800/1132
f 1382/1801/1133 1402/1800/1133 1403/1802/1133
f 1383/1803/1134 1403/1802/1134 1404/1804/1134
f 1384/1806/1135 1404/3269/1135 1405/1807/1135
f 1385/1808/1136 1405/1807/1136 1406/1809/1136
f 1386/1810/1137 1406/1809/1137 1407/1811/1137
f 1387/1812/1138 1407/1811/1138 1388/1813/1138
f 1409/1814/794 1484/1849/776 1485/1815/776
f 1408/1816/775 1411/1818/773 1410/1817/1139
f 1411/1818/773 1417/1820/795 1416/1819/795
f 1417/1820/795 1421/1822/778 1420/1821/778
f 1421/1822/778 1425/1824/779 1424/1823/779
f 1425/1824/779 1429/3270/796 1428/1825/796
f 1428/1825/796 1429/3270/796 1433/1826/781
f 1432/1827/781 1433/1826/781 1437/1828/782
f 1436/1829/782 1437/1828/782 1441/1830/797
f 1441/1830/797 1445/1833/784 1444/1832/784
f 1445/1833/784 1449/1835/1140 1448/1834/1140
f 1449/1835/1140 1453/1837/786 1452/1836/786
f 1453/1837/786 1457/3271/787 1456/1838/787
f 1456/1838/787 1457/3271/787 1461/1839/788
f 1461/1839/788 1465/3272/789 1464/1841/789
f 1464/1841/789 1465/3272/789 1469/1842/1141
f 1469/1842/1141 1473/3273/791 1472/1844/791
f 1472/1844/791 1473/3273/791 1477/1845/792
f 1476/1846/792 1477/1845/792 1481/1847/800
f 1480/1848/800 1481/1847/800 1485/1815/776
f 1412/1850/801 1413/1853/801 1486/1851/711
f 1413/1853/801 1412/1850/801 1415/1854/1142
f 1415/1854/1142 1419/2063/1143 1418/1856/1143
f 1418/1856/1143 1419/2063/1143 1423/1857/1144
f 1422/1858/1144 1423/1857/1144 1427/1859/715
f 1427/1859/715 1431/1862/716 1430/1861/716
f 1431/1862/716 1435/1864/804 1434/1863/927
f 1435/1864/804 1439/1866/718 1438/1865/718
f 1439/1866/718 1443/2070/1145 1442/1867/1145
f 1442/1867/1145 1443/2070/1145 1447/1868/1146
f 1446/1869/1146 1447/1868/1146 1451/1870/1147
f 1450/1871/1147 1451/1870/1147 1455/1872/935
f 1454/1873/935 1455/1872/935 1459/1874/723
f 1459/1874/723 1463/2076/724 1462/1876/724
f 1462/1876/724 1463/2076/724 1467/1877/726
f 1467/1877/726 1471/2079/806 1470/1879/806
f 1470/1879/806 1471/2079/806 1475/1880/1148
f 1475/1880/1148 1479/2082/730 1478/1882/730
f 1478/1882/730 1479/2082/730 1483/1883/1149
f 1483/1883/1149 1487/1852/711 1486/1851/711
f 1489/1885/794 1564/1920/776 1565/1886/776
f 1489/1885/794 1488/1887/794 1491/1888/1139
f 1490/1889/1139 1491/1888/1139 1497/1890/795
f 1497/1890/795 1501/3274/778 1500/1892/778
f 1500/1892/778 1501/3274/778 1505/1893/779
f 1504/1894/779 1505/1893/779 1509/1895/796
f 1508/1896/796 1509/1895/796 1513/1897/781
f 1512/1898/781 1513/1897/781 1517/1899/782
f 1516/1900/782 1517/1899/782 1521/1901/797
f 1521/1901/797 1525/1904/1150 1524/1903/1150
f 1525/1904/1150 1529/1906/1140 1528/1905/1140
f 1529/1906/1140 1533/1908/786 1532/1907/786
f 1533/1908/786 1537/3275/787 1536/1909/787
f 1536/1909/787 1537/3275/787 1541/1910/788
f 1541/1910/788 1545/3276/789 1544/1912/789
f 1544/1912/789 1545/3276/789 1549/1913/1141
f 1549/1913/1141 1553/3277/1151 1552/1915/1151
f 1552/1915/1151 1553/3277/1151 1557/1916/792
f 1556/1917/792 1557/1916/792 1561/1918/800
f 1560/1919/800 1561/1918/800 1565/1886/776
f 1492/1921/801 1493/1924/801 1566/1922/711
f 1493/1924/801 1492/1921/801 1495/1925/1142
f 1495/1925/1142 1499/3278/1143 1498/1927/1143
f 1498/1927/1143 1499/3278/1143 1503/1928/1144
f 1503/1928/1144 1507/1931/715 1506/1930/715
f 1507/1931/715 1511/1933/716 1510/1932/716
f 1511/1933/716 1515/1935/804 1514/1934/804
f 1515/1935/804 1519/1937/718 1518/1936/718
f 1519/1937/718 1523/3279/931 1522/1938/719
f 1522/1938/719 1523/3279/931 1527/1939/1146
f 1526/1940/1146 1527/1939/1146 1531/1941/1147
f 1530/1942/721 1531/1941/1147 1535/1943/935
f 1534/1944/935 1535/1943/935 1539/1945/723
f 1539/1945/723 1543/3280/724 1542/1947/724
f 1542/1947/724 1543/3280/724 1547/1948/726
f 1547/1948/726 1551/3281/806 1550/1950/806
f 1550/1950/806 1551/3281/806 1555/1951/1148
f 1555/1951/1148 1559/1954/730 1558/1953/730
f 1559/1954/730 1563/1956/1149 1562/1955/1149
f 1563/1956/1149 1567/1923/711 1566/1922/711
f 1408/1957/503 1413/1998/503 1414/1958/502
f 1411/1959/502 1414/1958/502 1418/1960/504
f 1417/1961/504 1418/1960/504 1422/1962/505
f 1421/1963/505 1422/1962/505 1426/1964/506
f 1425/1965/506 1426/1964/506 1430/1966/507
f 1429/1967/507 1430/1966/507 1434/1968/508
f 1433/1970/508 1434/3282/508 1438/1971/509
f 1437/1972/509 1438/1971/509 1442/1973/510
f 1441/1974/510 1442/1973/510 1446/1975/511
f 1445/1976/511 1446/1975/511 1450/1977/512
f 1453/1979/513 1449/1978/512 1450/1977/512
f 1457/1981/514 1453/1979/513 1454/1980/513
f 1457/1981/514 1458/1982/514 1462/1983/515
f 1461/1984/515 1462/1983/515 1466/1985/516
f 1465/1986/516 1466/1985/516 1470/1987/517
f 1469/1988/517 1470/1987/517 1474/1989/518
f 1473/1991/518 1474/3283/518 1478/1992/519
f 1477/1993/519 1478/1992/519 1482/1994/520
f 1481/1995/520 1482/1994/520 1486/1996/521
f 1485/1997/521 1486/1996/521 1413/1998/503
f 1488/1999/503 1493/2040/503 1494/2000/502
f 1491/2001/502 1494/2000/502 1498/2002/504
f 1497/2003/504 1498/2002/504 1502/2004/505
f 1501/2005/505 1502/2004/505 1506/2006/506
f 1505/2007/506 1506/2006/506 1510/2008/507
f 1509/2009/507 1510/2008/507 1514/2010/508
f 1513/2012/508 1514/3284/508 1518/2013/509
f 1517/2014/509 1518/2013/509 1522/2015/510
f 1521/2016/510 1522/2015/510 1526/2017/511
f 1525/2018/511 1526/2017/511 1530/2019/512
f 1529/2020/512 1530/2019/512 1534/2021/513
f 1533/2022/513 1534/2021/513 1538/2023/514
f 1537/2024/514 1538/2023/514 1542/2025/515
f 1541/2026/515 1542/2025/515 1546/2027/516
f 1545/2028/516 1546/2027/516 1550/2029/517
f 1549/2030/517 1550/2029/517 1554/2031/518
f 1553/2033/518 1554/3285/518 1558/2034/519
f 1557/2035/519 1558/2034/519 1562/2036/520
f 1561/2037/520 1562/2036/520 1566/2038/521
f 1565/2039/521 1566/2038/521 1493/2040/503
f 1348/2041/525 1409/1814/525 1410/1817/525
f 1349/2042/525 1410/1817/525 1416/1819/525
f 1351/2044/525 1350/2043/525 1416/1819/525
f 1351/2044/525 1420/1821/525 1424/1823/525
f 1352/2045/525 1424/1823/525 1428/1825/525
f 1353/2046/525 1428/1825/525 1432/1827/525
f 1355/2048/525 1354/2047/525 1432/1827/525
f 1355/2048/525 1436/1829/525 1440/1831/525
f 1357/2050/525 1356/2049/525 1440/1831/525
f 1357/2050/525 1444/1832/525 1448/1834/525
f 1358/2051/525 1448/1834/525 1452/1836/525
f 1360/2053/525 1359/2052/525 1452/1836/525
f 1360/2053/525 1456/1838/525 1460/1840/525
f 1362/2055/525 1361/2054/525 1460/1840/525
f 1362/2055/525 1464/1841/525 1468/1843/525
f 1363/2056/525 1468/1843/525 1472/1844/525
f 1364/2057/525 1472/1844/525 1476/1846/525
f 1366/2059/525 1365/2058/525 1476/1846/525
f 1366/2059/525 1480/1848/525 1484/1849/525
f 1348/2041/525 1367/2060/525 1484/1849/525
f 1368/2061/522 1369/2062/522 1415/1854/522
f 1369/2062/522 1370/2065/522 1419/2063/522
f 1371/2064/522 1423/1857/522 1419/2063/522
f 1371/2064/522 1372/2066/522 1427/1859/522
f 1372/2066/522 1373/2067/522 1431/1862/522
f 1373/2067/522 1374/2069/522 1435/1864/522
f 1375/2068/522 1439/1866/522 1435/1864/522
f 1375/2068/522 1376/2072/522 1443/2070/522
f 1377/2071/522 1447/1868/522 1443/2070/522
f 1377/2071/522 1378/2073/522 1451/1870/522
f 1378/2073/522 1379/2075/522 1455/1872/522
f 1380/2074/522 1459/1874/522 1455/1872/522
f 1380/2074/522 1381/2078/522 1463/2076/522
f 1382/2077/522 1467/1877/522 1463/2076/522
f 1382/2077/522 1383/2080/522 1471/2079/522
f 1383/2080/522 1384/2081/522 1475/1880/522
f 1384/2081/522 1385/2084/522 1479/2082/522
f 1386/2083/522 1483/1883/522 1479/2082/522
f 1386/2083/522 1387/2085/522 1487/1852/522
f 1368/2061/522 1412/1850/522 1487/1852/522
f 1388/2086/525 1489/1885/525 1490/1889/525
f 1389/2087/525 1490/1889/525 1496/1891/525
f 1391/2089/525 1390/2088/525 1496/1891/525
f 1391/2089/525 1500/1892/525 1504/1894/525
f 1392/2090/525 1504/1894/525 1508/1896/525
f 1393/2091/525 1508/1896/525 1512/1898/525
f 1395/2093/525 1394/2092/525 1512/1898/525
f 1395/2093/525 1516/1900/525 1520/1902/525
f 1397/2095/525 1396/2094/525 1520/1902/525
f 1397/2095/525 1524/1903/525 1528/1905/525
f 1398/2096/525 1528/1905/525 1532/1907/525
f 1400/2098/525 1399/2097/525 1532/1907/525
f 1400/2098/525 1536/1909/525 1540/1911/525
f 1402/2100/525 1401/2099/525 1540/1911/525
f 1402/2100/525 1544/1912/525 1548/1914/525
f 1403/2101/525 1548/1914/525 1552/1915/525
f 1404/2102/525 1552/1915/525 1556/1917/525
f 1406/2104/525 1405/2103/525 1556/1917/525
f 1406/2104/525 1560/1919/525 1564/1920/525
f 1388/2086/525 1407/2105/525 1564/1920/525
f 1495/2106/502 1492/2147/503 1569/2107/503
f 1499/2109/504 1495/2106/502 1568/2108/502
f 1503/2111/1152 1499/2109/504 1570/2110/504
f 1507/2113/506 1503/2111/1152 1571/2112/1152
f 1511/2115/1153 1507/2113/506 1572/2114/506
f 1515/2117/1154 1511/2115/1153 1573/2116/1153
f 1519/2119/509 1515/3286/1154 1574/2120/1154
f 1519/2119/509 1575/2121/509 1576/2122/510
f 1523/2123/510 1576/2122/510 1577/2124/511
f 1531/2126/512 1527/2125/511 1577/2124/511
f 1531/2126/512 1578/2127/512 1579/2128/513
f 1539/2130/1155 1535/2129/513 1579/2128/513
f 1543/2132/515 1539/2130/1155 1580/2131/1155
f 1543/2132/515 1581/2133/1156 1582/2134/1157
f 1547/2135/1158 1582/2134/1157 1583/2136/1159
f 1551/2137/1159 1583/2136/1159 1584/2138/1160
f 1555/2140/518 1584/3287/1160 1585/2141/519
f 1559/2142/519 1585/2141/519 1586/2143/520
f 1567/2145/521 1563/2144/520 1586/2143/520
f 1567/2145/521 1587/2146/521 1569/2107/503
f 1569/2148/1161 1614/2187/1200 1608/2149/1162
f 1568/2150/1163 1608/2149/1162 1620/2151/1164
f 1571/2153/1166 1570/2152/1165 1620/2151/1164
f 1571/2153/1166 1626/2154/1167 1632/2155/1168
f 1572/2156/1169 1632/2155/1168 1638/2157/1170
f 1573/2158/1171 1638/2157/1170 1644/2159/1172
f 1575/2161/1174 1574/2160/1173 1644/2159/1172
f 1575/2161/1174 1650/2162/1175 1656/2163/1176
f 1577/2165/1178 1576/2164/1177 1656/2163/1176
f 1578/2167/1180 1577/2165/1178 1662/2166/1179
f 1579/2169/1182 1578/2167/1180 1668/2168/1181
f 1580/2171/1184 1579/2169/1182 1674/2170/1183
f 1580/2171/1184 1680/2172/1185 1686/2173/1186
f 1581/2174/1187 1686/2173/1186 1692/2175/1188
f 1583/2177/1190 1582/2176/1189 1692/2175/1188
f 1583/2177/1190 1698/2178/1191 1704/2179/1192
f 1584/2180/1193 1704/2179/1192 1710/2181/1194
f 1585/2182/1195 1710/2181/1194 1716/2183/1196
f 1586/2184/1197 1716/2183/1196 1722/2185/1198
f 1569/2148/1161 1587/2186/1199 1722/2185/1198
f 1613/2188/1201 1619/2227/1240 1589/2189/1202
f 1625/2191/1204 1613/2188/1201 1588/2190/1203
f 1625/2191/1204 1590/2192/1205 1591/2193/1206
f 1637/2195/1208 1631/2194/1207 1591/2193/1206
f 1643/2197/1210 1637/2195/1208 1592/2196/1209
f 1649/2199/1212 1643/2197/1210 1593/2198/1211
f 1649/2199/1212 1594/2200/1213 1595/2201/1214
f 1661/2203/1216 1655/2202/1215 1595/2201/1214
f 1661/2203/1216 1596/2204/1217 1597/2205/1218
f 1667/2206/1219 1597/2205/1218 1598/2207/1220
f 1673/2208/1221 1598/2207/1220 1599/2209/1222
f 1679/2210/1223 1599/2209/1222 1600/2211/1224
f 1691/2213/1226 1685/2212/1225 1600/2211/1224
f 1697/2215/1228 1691/2213/1226 1601/2214/1227
f 1697/2215/1228 1602/2216/1229 1603/2217/1230
f 1709/2219/1232 1703/2218/1231 1603/2217/1230
f 1715/2221/1234 1709/2219/1232 1604/2220/1233
f 1721/2223/1236 1715/2221/1234 1605/2222/1235
f 1727/2225/1238 1721/2223/1236 1606/2224/1237
f 1619/2227/1240 1727/2225/1238 1607/2226/1239
f 1612/2228/1241 1613/2188/1201 1625/2191/1204
f 1612/2228/1241 1624/2229/1242 1623/2230/1243
f 1611/2232/1244 1623/2244/1243 1622/2233/1245
f 1609/2235/1247 1621/2236/1248 1620/2151/1164
f 1609/2235/1247 1610/2234/1246 1622/2233/1245
f 1612/2228/1241 1618/2238/1250 1619/2227/1240
f 1612/2228/1241 1611/2231/1244 1617/2237/1249
f 1611/2232/1244 1610/2234/1246 1616/2239/1251
f 1609/2235/1247 1615/2241/1252 1616/2239/1251
f 1608/2149/1162 1614/2187/1200 1615/2241/1252
f 1624/2229/1242 1625/2191/1204 1631/2194/1207
f 1624/2229/1242 1630/2242/1253 1629/2243/1254
f 1623/2244/1243 1629/2249/1254 1628/2245/1255
f 1621/2236/1248 1627/2246/1256 1626/2154/1167
f 1621/2236/1248 1622/2233/1245 1628/2245/1255
f 1631/2194/1207 1637/2195/1208 1636/2247/1257
f 1629/2243/1254 1630/2242/1253 1636/2247/1257
f 1629/2249/1254 1635/2254/1258 1634/2250/1259
f 1627/2246/1256 1633/2251/1260 1632/2155/1168
f 1627/2246/1256 1628/2245/1255 1634/2250/1259
f 1637/2195/1208 1643/2197/1210 1642/2252/1261
f 1635/2248/1258 1636/2247/1257 1642/2252/1261
f 1635/2254/1258 1641/3288/1262 1640/2255/1263
f 1632/2155/1168 1633/2251/1260 1639/2256/1264
f 1633/2251/1260 1634/2250/1259 1640/2255/1263
f 1643/2197/1210 1649/2199/1212 1648/2257/1265
f 1642/2252/1261 1648/2257/1265 1647/2258/1266
f 1640/2255/1263 1641/3288/1262 1647/2259/1266
f 1639/2256/1264 1645/2261/1268 1644/2159/1172
f 1639/2256/1264 1640/2255/1263 1646/2260/1267
f 1648/2257/1265 1649/2199/1212 1655/2202/1215
f 1647/2258/1266 1648/2257/1265 1654/2262/1269
f 1647/2259/1266 1653/3289/1270 1652/2264/1271
f 1645/2261/1268 1651/2265/1272 1650/2162/1175
f 1646/2260/1267 1652/2264/1271 1651/2265/1272
f 1655/2202/1215 1661/2203/1216 1660/2266/1273
f 1653/2263/1270 1654/2262/1269 1660/2266/1273
f 1652/2264/1271 1653/3289/1270 1659/2268/1274
f 1650/2162/1175 1651/2265/1272 1657/2270/1276
f 1652/2264/1271 1658/2269/1275 1657/2270/1276
f 1660/2266/1273 1661/2203/1216 1667/2206/1219
f 1659/2267/1274 1660/2266/1273 1666/2271/1277
f 1658/2269/1275 1659/2268/1274 1665/2273/1278
f 1657/2270/1276 1663/2275/1280 1662/2166/1179
f 1658/2269/1275 1664/2274/1279 1663/2275/1280
f 1666/2271/1277 1667/2206/1219 1673/2208/1221
f 1666/2271/1277 1672/2276/1281 1671/2277/1282
f 1664/2274/1279 1665/2273/1278 1671/2278/1282
f 1663/2275/1280 1669/2280/1284 1668/2168/1181
f 1663/2275/1280 1664/2274/1279 1670/2279/1283
f 1672/2276/1281 1673/2208/1221 1679/2210/1223
f 1671/2277/1282 1672/2276/1281 1678/2281/1285
f 1671/2278/1282 1677/2287/1286 1676/2283/1287
f 1668/2168/1181 1669/2280/1284 1675/2284/1288
f 1669/2280/1284 1670/2279/1283 1676/2283/1287
f 1678/2281/1285 1679/2210/1223 1685/2212/1225
f 1677/2282/1286 1678/2281/1285 1684/2285/1289
f 1677/2287/1286 1683/2292/1290 1682/2288/1291
f 1675/2284/1288 1681/2289/1292 1680/2172/1185
f 1676/2283/1287 1682/2288/1291 1681/2289/1292
f 1684/2285/1289 1685/2212/1225 1691/2213/1226
f 1684/2285/1289 1690/2290/1293 1689/2291/1294
f 1683/2292/1290 1689/2297/1294 1688/2293/1295
f 1680/2172/1185 1681/2289/1292 1687/2294/1296
f 1682/2288/1291 1688/2293/1295 1687/2294/1296
f 1690/2290/1293 1691/2213/1226 1697/2215/1228
f 1690/2290/1293 1696/2295/1297 1695/2296/1298
f 1689/2297/1294 1695/2302/1298 1694/2298/1299
f 1686/2173/1186 1687/2294/1296 1693/2299/1300
f 1688/2293/1295 1694/2298/1299 1693/2299/1300
f 1696/2295/1297 1697/2215/1228 1703/2218/1231
f 1695/2296/1298 1696/2295/1297 1702/2300/1301
f 1695/2302/1298 1701/2307/1302 1700/2303/1303
f 1693/2299/1300 1699/2304/1304 1698/2178/1191
f 1694/2298/1299 1700/2303/1303 1699/2304/1304
f 1702/2300/1301 1703/2218/1231 1709/2219/1232
f 1702/2300/1301 1708/2305/1305 1707/2306/1306
f 1701/2307/1302 1707/3290/1306 1706/2308/1307
f 1698/2178/1191 1699/2304/1304 1705/2309/1308
f 1699/2304/1304 1700/2303/1303 1706/2308/1307
f 1709/2219/1232 1715/2221/1234 1714/2310/1309
f 1707/2306/1306 1708/2305/1305 1714/2310/1309
f 1706/2308/1307 1707/3290/1306 1713/2312/1310
f 1704/2179/1192 1705/2309/1308 1711/2314/1312
f 1705/2309/1308 1706/2308/1307 1712/2313/1311
f 1715/2221/1234 1721/2223/1236 1720/2315/1313
f 1713/2311/1310 1714/2310/1309 1720/2315/1313
f 1713/2312/1310 1719/2321/1314 1718/2317/1315
f 1711/2314/1312 1717/2318/1316 1716/2183/1196
f 1712/2313/1311 1718/2317/1315 1717/2318/1316
f 1721/2223/1236 1727/2225/1238 1726/2319/1317
f 1719/2316/1314 1720/2315/1313 1726/2319/1317
f 1719/2321/1314 1725/2324/1318 1724/2322/1319
f 1717/2318/1316 1723/2323/1320 1722/2185/1198
f 1717/2318/1316 1718/2317/1315 1724/2322/1319
f 1618/2238/1250 1726/2319/1317 1727/2225/1238
f 1618/2238/1250 1617/2237/1249 1725/2320/1318
f 1617/2240/1249 1616/2239/1251 1724/2322/1319
f 1615/2241/1252 1723/2323/1320 1724/2322/1319
f 1614/2187/1200 1722/2185/1198 1723/2323/1320
f 1589/2325/1321 1729/2364/1321 1728/2326/1322
f 1588/2327/1322 1728/2326/1322 1730/2328/1323
f 1591/2330/1324 1590/2329/1323 1730/2328/1323
f 1592/2332/1325 1591/2330/1324 1731/2331/1324
f 1592/2332/1325 1732/2333/1325 1733/2334/1326
f 1593/2335/1326 1733/2334/1326 1734/2336/1327
f 1595/2338/1329 1594/2337/1328 1734/2336/1327
f 1595/2338/1329 1735/2339/1329 1736/2340/1330
f 1597/2342/1331 1596/2341/1330 1736/2340/1330
f 1598/2344/1332 1597/2342/1331 1737/2343/1331
f 1599/2346/1333 1598/2344/1332 1738/2345/1332
f 1600/2348/1334 1599/2346/1333 1739/2347/1333
f 1600/2348/1334 1740/2349/1334 1741/2350/1335
f 1601/2351/1335 1741/2350/1335 1742/2352/1336
f 1603/2354/1337 1602/2353/1336 1742/2352/1336
f 1603/2354/1337 1743/2355/1337 1744/2356/1338
f 1604/2357/1338 1744/2356/1338 1745/2358/1339
f 1605/2359/1339 1745/2358/1339 1746/2360/1340
f 1606/2361/1340 1746/2360/1340 1747/2362/1341
f 1607/2363/1341 1747/2362/1341 1729/2364/1321
f 1749/2365/1342 1769/2408/1342 1768/2366/1343
f 1750/2368/1344 1748/2367/1343 1768/2366/1343
f 1751/2370/1346 1750/3291/1344 1770/2371/1345
f 1751/2370/1346 1771/2372/1346 1772/2373/1347
f 1752/2374/1347 1772/2373/1347 1773/2375/1348
f 1753/2376/1348 1773/2375/1348 1774/2377/1349
f 1754/2379/1350 1774/3292/1349 1775/2380/1351
f 1755/2381/1352 1775/2380/1351 1776/2382/1353
f 1756/2383/1353 1776/2382/1353 1777/2384/1354
f 1758/2386/1355 1757/2385/1354 1777/2384/1354
f 1759/2388/1356 1758/2386/1355 1778/2387/1355
f 1759/2388/1356 1779/2389/1356 1780/2390/1357
f 1760/2392/1358 1780/3293/1357 1781/2393/1359
f 1761/2394/1360 1781/2393/1359 1782/2395/1361
f 1763/2397/1363 1762/2396/1362 1782/2395/1361
f 1763/2397/1363 1783/2398/1363 1784/2399/1364
f 1764/2401/1364 1784/3294/1364 1785/2402/1365
f 1766/2404/1366 1765/2403/1365 1785/2402/1365
f 1766/2404/1366 1786/2405/1366 1787/2406/1367
f 1749/2365/1342 1767/2407/1367 1787/2406/1367
f 1789/2409/503 1809/2449/503 1808/2410/502
f 1788/2411/502 1808/2410/502 1810/2412/504
f 1791/2414/505 1790/2413/504 1810/2412/504
f 1791/2414/505 1811/2415/505 1812/2416/1368
f 1792/2417/1368 1812/2416/1368 1813/2418/507
f 1793/2419/507 1813/2418/507 1814/2420/508
f 1794/2421/508 1814/2420/508 1815/2422/509
f 1795/2423/509 1815/2422/509 1816/2424/510
f 1796/2425/510 1816/2424/510 1817/2426/511
f 1797/2427/511 1817/2426/511 1818/2428/512
f 1798/2429/512 1818/2428/512 1819/2430/513
f 1799/2431/513 1819/2430/513 1820/2432/1369
f 1800/2434/1369 1820/3295/1369 1821/2435/515
f 1802/2437/1370 1801/2436/515 1821/2435/515
f 1802/2437/1370 1822/2438/1370 1823/2439/517
f 1803/2440/517 1823/2439/517 1824/2441/1371
f 1804/2442/1371 1824/2441/1371 1825/2443/1372
f 1805/2444/1372 1825/2443/1372 1826/2445/520
f 1807/2447/521 1806/2446/520 1826/2445/520
f 1807/2447/521 1827/2448/521 1809/2449/503
f 2029/2450/502 2028/2491/1373 2030/2451/1373
f 2032/2453/504 2029/2450/502 2031/2452/502
f 2032/2455/504 2033/3296/504 2035/2456/505
f 2036/2458/1368 2034/2457/505 2035/2456/505
f 2038/2460/507 2036/2458/1368 2037/2459/506
f 2038/2460/507 2039/2461/507 2041/2462/508
f 2040/2463/508 2041/2462/508 2043/2464/509
f 2044/2466/510 2042/2465/509 2043/2464/509
f 2046/2468/511 2044/2466/510 2045/2467/510
f 2046/2468/511 2047/2469/511 2049/2470/512
f 2048/2471/512 2049/2470/512 2051/2472/513
f 2050/2473/1374 2051/2472/513 2053/2474/1375
f 2052/2476/1375 2053/3297/1375 2055/2477/1376
f 2056/2479/1377 2054/2478/1376 2055/2477/1376
f 2058/2481/517 2056/2479/1377 2057/2480/1377
f 2058/2481/517 2059/2482/517 2061/2483/1371
f 2060/2484/1371 2061/2483/1371 2063/2485/1378
f 2062/2486/1372 2063/2485/1378 2065/2487/1379
f 2066/2489/521 2064/2488/1379 2065/2487/1379
f 2066/2489/521 2067/2490/521 2030/2451/1373
f 1830/2492/1380 1829/2525/1413 1832/2493/1381
f 1729/2364/525 1830/2492/1380 1831/2494/1382
f 1730/2328/525 1728/2326/525 1831/2494/1382
f 1730/2328/525 1840/2495/1383 1846/2496/1384
f 1732/2333/525 1731/2331/525 1846/2496/1384
f 1732/2333/525 1852/2497/1385 1858/2498/1386
f 1733/2334/525 1858/2498/1386 1864/2499/1387
f 1735/2339/525 1734/2336/525 1864/2499/1387
f 1735/2339/525 1870/2500/1388 1876/2501/1389
f 1737/2343/525 1736/2340/525 1876/2501/1389
f 1737/2343/525 1882/2502/1390 1888/2503/1391
f 1738/2345/525 1888/2503/1391 1894/2504/1392
f 1740/2349/525 1739/2347/525 1894/2504/1392
f 1740/2349/525 1900/2505/1393 1906/2506/1394
f 1741/2350/525 1906/2506/1394 1912/2507/1395
f 1743/2355/525 1742/2352/525 1912/2507/1395
f 1743/2355/525 1918/2508/1396 1924/2509/1397
f 1744/2356/525 1924/2509/1397 1930/2510/1398
f 1746/2360/525 1745/2358/525 1930/2510/1398
f 1747/2362/525 1746/2360/525 1936/2511/1399
f 1729/2364/525 1747/2362/525 1942/2512/1400
f 1832/2493/1381 1841/2571/1865 1840/2495/1383
f 1840/2495/1383 1841/2571/1865 1847/2513/1401
f 1847/2513/1401 1853/2577/1866 1852/2497/1385
f 1852/2497/1385 1853/2577/1866 1859/2514/1402
f 1858/2498/1386 1859/2514/1402 1865/2515/1403
f 1865/2515/1403 1871/2586/1867 1870/2500/1388
f 1870/2500/1388 1871/2586/1867 1877/2516/1404
f 1877/2516/1404 1883/2592/1868 1882/2502/1390
f 1882/2502/1390 1883/2592/1868 1889/2517/1405
f 1888/2503/1391 1889/2517/1405 1895/2518/1406
f 1895/2518/1406 1901/2600/1869 1900/2505/1393
f 1900/2505/1393 1901/2600/1869 1907/2519/1407
f 1906/2506/1394 1907/2519/1407 1913/2520/1408
f 1913/2520/1408 1919/2609/1870 1918/2508/1396
f 1918/2508/1396 1919/2609/1870 1925/2521/1409
f 1924/2509/1397 1925/2521/1409 1931/2522/1410
f 1931/2522/1410 1937/2523/1411 1936/2511/1399
f 1937/2523/1411 1943/2524/1412 1942/2512/1400
f 1830/2492/1380 1942/2512/1400 1943/2524/1412
f 1829/2525/1414 1828/2623/1420 1833/2526/1415
f 1835/2527/1417 1838/2625/1871 1837/2528/1418
f 1828/2530/1420 1836/2570/1419 1837/2531/1418
f 1833/2532/1415 1837/2531/1418 1843/2533/1421
f 1848/2535/1423 1842/2534/1422 1843/2533/1421
f 1848/2535/1423 1849/2536/1424 1855/2537/1425
f 1854/2538/1426 1855/2537/1425 1861/2539/1427
f 1860/2540/1428 1861/2539/1427 1867/2541/1429
f 1866/2543/1430 1867/3298/1429 1873/2544/1431
f 1872/2545/1432 1873/2544/1431 1879/2546/1433
f 1878/2547/1434 1879/2546/1433 1885/2548/1435
f 1884/2549/1436 1885/2548/1435 1891/2550/1437
f 1890/2551/1438 1891/2550/1437 1897/2552/1439
f 1896/2553/1440 1897/2552/1439 1903/2554/1441
f 1902/2555/1442 1903/2554/1441 1909/2556/1443
f 1908/2557/1444 1909/2556/1443 1915/2558/1445
f 1914/2559/1446 1915/2558/1445 1921/2560/1447
f 1920/2561/1448 1921/2560/1447 1927/2562/1449
f 1926/2563/1450 1927/2562/1449 1933/2564/1451
f 1932/2565/1452 1933/2564/1451 1939/2566/1453
f 1938/2567/1454 1939/2566/1453 1945/2568/1455
f 1944/2569/1456 1945/2568/1455 1836/2570/1419
f 1833/2526/1415 1842/3299/1422 1841/2571/1457
f 1837/2528/1418 1838/2625/1871 1844/2572/1458
f 1841/2571/1457 1842/3299/1422 1848/2574/1423
f 1843/2573/1421 1844/2572/1458 1850/2575/1460
f 1848/2574/1423 1854/2580/1426 1853/2577/1461
f 1849/2576/1424 1850/2575/1460 1856/2578/1462
f 1854/2580/1426 1860/2582/1428 1859/2514/1463
f 1856/2578/1462 1862/2665/1872 1861/2581/1427
f 1860/2582/1428 1866/2585/1430 1865/2515/1464
f 1861/2581/1427 1862/2665/1872 1868/2583/1465
f 1866/2585/1430 1872/3300/1432 1871/2586/1466
f 1867/2584/1429 1868/2583/1465 1874/2587/1467
f 1871/2586/1466 1872/3300/1432 1878/2589/1434
f 1874/2587/1467 1880/2593/1470 1879/2590/1433
f 1877/2516/1468 1878/2589/1434 1884/2591/1436
f 1880/2593/1470 1886/2666/1873 1885/2594/1435
f 1884/2591/1436 1890/3301/1438 1889/2517/1471
f 1885/2594/1435 1886/2666/1873 1892/2595/1472
f 1889/2517/1471 1890/3301/1438 1896/2597/1440
f 1892/2595/1472 1898/2601/1475 1897/2598/1439
f 1895/2518/1473 1896/2597/1440 1902/2599/1442
f 1898/2601/1475 1904/2604/1477 1903/2602/1441
f 1901/2600/1474 1902/2599/1442 1908/2603/1444
f 1904/2604/1477 1910/2607/1479 1909/2605/1443
f 1907/2519/1476 1908/2603/1444 1914/2606/1446
f 1910/2607/1479 1916/2667/1874 1915/2608/1445
f 1914/2606/1446 1920/3302/1448 1919/2609/1480
f 1915/2608/1445 1916/2667/1874 1922/2610/1481
f 1919/2609/1480 1920/3302/1448 1926/2612/1450
f 1922/2610/1481 1928/2615/1484 1927/2613/1449
f 1925/2521/1482 1926/2612/1450 1932/2614/1452
f 1928/2615/1484 1934/2668/1875 1933/2616/1451
f 1931/2522/1483 1932/2614/1452 1938/2617/1454
f 1933/2616/1451 1934/2668/1875 1940/2618/1486
f 1937/2523/1485 1938/2617/1454 1944/2620/1456
f 1939/2619/1453 1940/2618/1486 1946/2621/1488
f 1828/2623/1420 1829/2525/1414 1943/2524/1487
f 1836/2529/1419 1945/2622/1455 1946/2621/1488
f 1834/2624/1489 1839/2627/1492 1838/2625/1490
f 1749/2626/522 1748/2629/522 1839/2627/1492
f 1750/2628/522 1845/2631/1494 1839/2627/1492
f 1750/2628/522 1751/2633/522 1851/2630/1493
f 1752/2632/522 1857/2635/1496 1851/2630/1493
f 1752/2632/522 1753/2636/522 1863/2634/1495
f 1753/2636/522 1754/2639/522 1869/2637/1497
f 1755/2638/522 1875/2641/1499 1869/2637/1497
f 1755/2638/522 1756/2643/522 1881/2640/1498
f 1757/2642/522 1887/2645/1501 1881/2640/1498
f 1757/2642/522 1758/2646/522 1893/2644/1500
f 1758/2646/522 1759/2649/522 1899/2647/1502
f 1760/2648/522 1905/2651/1504 1899/2647/1502
f 1760/2648/522 1761/2652/522 1911/2650/1503
f 1761/2652/522 1762/2655/522 1917/2653/1505
f 1763/2654/522 1923/2657/1507 1917/2653/1505
f 1763/2654/522 1764/2658/522 1929/2656/1506
f 1764/2658/522 1765/2661/522 1935/2659/1508
f 1766/2660/522 1941/2663/1509 1935/2659/1508
f 1767/2662/522 1947/2664/1510 1941/2663/1509
f 1749/2626/522 1834/2624/1489 1947/2664/1510
f 1839/2627/1492 1845/2631/1494 1844/2572/1511
f 1845/2631/1494 1851/2630/1493 1850/2575/1512
f 1850/2575/1512 1851/2630/1493 1857/2635/1496
f 1857/2635/1496 1863/2634/1495 1862/2665/1514
f 1863/2634/1495 1869/2637/1497 1868/2583/1515
f 1868/2583/1515 1869/2637/1497 1875/2641/1499
f 1875/2641/1499 1881/2640/1498 1880/2593/1517
f 1880/2593/1517 1881/2640/1498 1887/2645/1501
f 1887/2645/1501 1893/2644/1500 1892/2595/1519
f 1892/2595/1519 1893/2644/1500 1899/2647/1502
f 1898/2601/1520 1899/2647/1502 1905/2651/1504
f 1905/2651/1504 1911/2650/1503 1910/2607/1522
f 1911/2650/1503 1917/2653/1505 1916/2667/1523
f 1916/2667/1523 1917/2653/1505 1923/2657/1507
f 1923/2657/1507 1929/2656/1506 1928/2615/1525
f 1929/2656/1506 1935/2659/1508 1934/2668/1526
f 1935/2659/1508 1941/2663/1509 1940/2618/1527
f 1941/2663/1509 1947/2664/1510 1946/2621/1528
f 1834/2624/1489 1835/2527/1491 1946/2621/1528
f 1769/2669/1529 1952/2708/1568 1948/2670/1530
f 1770/2672/1532 1768/2671/1531 1948/2670/1530
f 1771/2674/1534 1770/2672/1532 1956/2673/1533
f 1771/2674/1534 1960/2675/1535 1964/2676/1536
f 1772/2677/1537 1964/2676/1536 1968/2678/1538
f 1774/2680/1540 1773/2679/1539 1968/2678/1538
f 1775/2682/1542 1774/2680/1540 1972/2681/1541
f 1775/2682/1542 1976/2683/1543 1980/2684/1544
f 1777/2686/1546 1776/2685/1545 1980/2684/1544
f 1778/2688/1548 1777/2686/1546 1984/2687/1547
f 1779/2690/1550 1778/2688/1548 1988/2689/1549
f 1780/2692/1552 1779/2690/1550 1992/2691/1551
f 1780/2692/1552 1996/2693/1553 2000/2694/1554
f 1782/2696/1556 1781/2695/1555 2000/2694/1554
f 1783/2698/1558 1782/2696/1556 2004/2697/1557
f 1783/2698/1558 2008/2699/1559 2012/2700/1560
f 1784/2701/1561 2012/2700/1560 2016/2702/1562
f 1786/2704/1564 1785/2703/1563 2016/2702/1562
f 1787/2706/1566 1786/2704/1564 2020/2705/1565
f 1769/2669/1529 1787/2706/1566 2024/2707/1567
f 1951/2709/1569 1955/2748/1608 1789/2710/1570
f 1951/2709/1569 1788/2711/1571 1790/2712/1572
f 1959/2713/1573 1790/2712/1572 1791/2714/1574
f 1967/2716/1576 1963/2715/1575 1791/2714/1574
f 1971/2718/1578 1967/2716/1576 1792/2717/1577
f 1971/2718/1578 1793/2719/1579 1794/2720/1580
f 1975/2721/1581 1794/2720/1580 1795/2722/1582
f 1983/2724/1584 1979/2723/1583 1795/2722/1582
f 1983/2724/1584 1796/2725/1585 1797/2726/1586
f 1987/2727/1587 1797/2726/1586 1798/2728/1588
f 1991/2729/1589 1798/2728/1588 1799/2730/1590
f 1999/2732/1592 1995/2731/1591 1799/2730/1590
f 2003/2734/1594 1999/2732/1592 1800/2733/1593
f 2003/2734/1594 1801/2735/1595 1802/2736/1596
f 2007/2737/1597 1802/2736/1596 1803/2738/1598
f 2015/2740/1600 2011/2739/1599 1803/2738/1598
f 2019/2742/1602 2015/2740/1600 1804/2741/1601
f 2019/2742/1602 1805/2743/1603 1806/2744/1604
f 2023/2745/1605 1806/2744/1604 1807/2746/1606
f 1955/2748/1608 2027/2747/1607 1807/2746/1606
f 1950/2749/1609 1951/2709/1569 1959/2713/1573
f 1949/2751/1611 1957/2760/1612 1956/2673/1533
f 1949/2752/1611 1950/2757/1609 1958/2753/1610
f 1951/2709/1569 1950/2749/1609 1954/2755/1613
f 1949/2752/1611 1953/2822/1614 1954/2756/1613
f 1949/2751/1611 1948/2670/1530 1952/2708/1568
f 1959/2713/1573 1963/2715/1575 1962/2759/1615
f 1957/2760/1612 1961/3303/1616 1960/2675/1535
f 1957/2754/1612 1958/2753/1610 1962/2761/1615
f 1963/2715/1575 1967/2716/1576 1966/2763/1617
f 1960/2675/1535 1961/3303/1616 1965/2764/1618
f 1961/2762/1616 1962/2761/1615 1966/2765/1617
f 1967/2716/1576 1971/2718/1578 1970/2767/1619
f 1964/2676/1536 1965/2764/1618 1969/2768/1620
f 1966/2765/1617 1970/2772/1619 1969/2769/1620
f 1970/2767/1619 1971/2718/1578 1975/2721/1581
f 1968/2678/1538 1969/2768/1620 1973/2771/1622
f 1970/2772/1619 1974/3304/1621 1973/2773/1622
f 1974/2770/1621 1975/2721/1581 1979/2723/1583
f 1973/2771/1622 1977/3305/1624 1976/2683/1543
f 1973/2773/1622 1974/3304/1621 1978/2775/1623
f 1979/2723/1583 1983/2724/1584 1982/2777/1625
f 1976/2683/1543 1977/3305/1624 1981/2778/1626
f 1977/2776/1624 1978/2775/1623 1982/2779/1625
f 1983/2724/1584 1987/2727/1587 1986/2781/1627
f 1981/2778/1626 1985/2785/1628 1984/2687/1547
f 1981/2780/1626 1982/2779/1625 1986/2782/1627
f 1987/2727/1587 1991/2729/1589 1990/2784/1629
f 1985/2785/1628 1989/2789/1630 1988/2689/1549
f 1985/2783/1628 1986/2782/1627 1990/2786/1629
f 1991/2729/1589 1995/2731/1591 1994/2788/1631
f 1989/2789/1630 1993/2793/1632 1992/2691/1551
f 1989/2787/1630 1990/2786/1629 1994/2790/1631
f 1994/2788/1631 1995/2731/1591 1999/2732/1592
f 1993/2793/1632 1997/3306/1634 1996/2693/1553
f 1994/2790/1631 1998/3307/1633 1997/2794/1634
f 1999/2732/1592 2003/2734/1594 2002/2795/1635
f 1996/2693/1553 1997/3306/1634 2001/2796/1636
f 1998/2797/1633 2002/2801/1635 2001/2798/1636
f 2002/2795/1635 2003/2734/1594 2007/2737/1597
f 2001/2796/1636 2005/2804/1638 2004/2697/1557
f 2002/2801/1635 2006/2805/1637 2005/2802/1638
f 2006/2800/1637 2007/2737/1597 2011/2739/1599
f 2005/2804/1638 2009/3308/1640 2008/2699/1559
f 2006/2805/1637 2010/3309/1639 2009/2806/1640
f 2011/2739/1599 2015/2740/1600 2014/2807/1641
f 2008/2699/1559 2009/3308/1640 2013/2808/1642
f 2009/2806/1640 2010/3309/1639 2014/2809/1641
f 2015/2740/1600 2019/2742/1602 2018/2811/1643
f 2013/2808/1642 2017/2815/1644 2016/2702/1562
f 2013/2810/1642 2014/2809/1641 2018/2812/1643
f 2018/2811/1643 2019/2742/1602 2023/2745/1605
f 2017/2815/1644 2021/2819/1646 2020/2705/1565
f 2017/2813/1644 2018/2812/1643 2022/2816/1645
f 2022/2814/1645 2023/2745/1605 2027/2747/1607
f 2021/2819/1646 2025/2823/1648 2024/2707/1567
f 2021/2817/1646 2022/2816/1645 2026/2820/1647
f 1955/2748/1608 1954/2755/1613 2026/2818/1647
f 1953/2822/1614 2025/2821/1648 2026/2820/1647
f 1953/2758/1614 1952/2708/1568 2024/2707/1567
f 1809/2824/1649 2028/2863/1649 2029/2825/1650
f 1810/2827/1651 1808/2826/1650 2029/2825/1650
f 1811/2829/1652 1810/2827/1651 2032/2828/1651
f 1811/2829/1652 2034/2830/1652 2036/2831/1653
f 1812/2832/1653 2036/2831/1653 2038/2833/1654
f 1814/2835/1655 1813/2834/1654 2038/2833/1654
f 1815/2837/1656 1814/2835/1655 2040/2836/1655
f 1815/2837/1656 2042/2838/1656 2044/2839/1657
f 1817/2841/1658 1816/2840/1657 2044/2839/1657
f 1818/2843/1659 1817/2841/1658 2046/2842/1658
f 1819/2845/1660 1818/2843/1659 2048/2844/1659
f 1820/2847/1661 1819/2845/1660 2050/2846/1660
f 1820/2847/1661 2052/2848/1661 2054/2849/1662
f 1822/2851/1663 1821/2850/1662 2054/2849/1662
f 1823/2853/1664 1822/2851/1663 2056/2852/1663
f 1823/2853/1664 2058/2854/1664 2060/2855/1665
f 1824/2856/1665 2060/2855/1665 2062/2857/1666
f 1826/2859/1667 1825/2858/1666 2062/2857/1666
f 1827/2861/1668 1826/2859/1667 2064/2860/1667
f 1809/2824/1649 1827/2861/1668 2066/2862/1668
f 2090/836/522 2089/837/522 2109/2864/522
f 2091/838/522 2111/2866/522 2109/2864/522
f 2092/840/522 2112/2868/522 2111/2866/522
f 2092/840/522 2093/839/522 2113/2867/522
f 2093/839/522 2094/841/522 2114/2869/522
f 2095/842/522 2115/2870/522 2114/2869/522
f 2096/843/522 2116/2872/522 2115/2870/522
f 2096/843/522 2097/844/522 2117/2871/522
f 2098/845/522 2118/2873/522 2117/2871/522
f 2099/847/522 2119/2875/522 2118/2873/522
f 2099/847/522 2100/846/522 2120/2874/522
f 2101/848/522 2121/2877/522 2120/2874/522
f 2101/848/522 2102/849/522 2122/2876/522
f 2103/850/522 2123/2878/522 2122/2876/522
f 2104/852/522 2124/2880/522 2123/2878/522
f 2104/852/522 2105/851/522 2125/2879/522
f 2105/851/522 2106/853/522 2126/2881/522
f 2107/854/522 2127/2882/522 2126/2881/522
f 2108/855/522 2128/2883/522 2127/2882/522
f 2090/836/522 2110/2865/522 2128/2883/522
f 2110/2865/522 2109/2864/522 2132/2884/522
f 2111/2866/522 2134/2886/522 2132/2884/522
f 2112/2868/522 2136/2888/522 2134/2886/522
f 2112/2868/522 2113/2867/522 2138/2887/522
f 2113/2867/522 2114/2869/522 2140/2889/522
f 2115/2870/522 2142/2890/522 2140/2889/522
f 2116/2872/522 2144/2892/522 2142/2890/522
f 2116/2872/522 2117/2871/522 2146/2891/522
f 2118/2873/522 2148/2893/522 2146/2891/522
f 2119/2875/522 2150/2895/522 2148/2893/522
f 2119/2875/522 2120/2874/522 2152/2894/522
f 2121/2877/522 2154/2897/522 2152/2894/522
f 2121/2877/522 2122/2876/522 2156/2896/522
f 2123/2878/522 2158/2898/522 2156/2896/522
f 2124/2880/522 2160/2900/522 2158/2898/522
f 2124/2880/522 2125/2879/522 2162/2899/522
f 2125/2879/522 2126/2881/522 2164/2901/522
f 2127/2882/522 2166/2902/522 2164/2901/522
f 2128/2883/522 2168/2903/522 2166/2902/522
f 2110/2865/522 2131/2885/522 2168/2903/522
f 2129/2904/503 2131/2944/503 2132/2905/502
f 2133/2907/504 2130/2906/502 2132/2905/502
f 2135/2909/505 2133/2907/504 2134/2908/504
f 2135/2909/505 2136/2910/505 2138/2911/506
f 2137/2912/506 2138/2911/506 2140/2913/507
f 2139/2914/507 2140/2913/507 2142/2915/508
f 2143/2917/509 2141/2916/508 2142/2915/508
f 2145/2919/510 2143/2917/509 2144/2918/509
f 2145/2919/510 2146/2920/510 2148/2921/511
f 2147/2922/511 2148/2921/511 2150/2923/512
f 2149/2924/512 2150/2923/512 2152/2925/513
f 2151/2926/513 2152/2925/513 2154/2927/1369
f 2153/2928/1369 2154/2927/1369 2156/2929/515
f 2155/2930/515 2156/2929/515 2158/2931/1370
f 2157/2932/1370 2158/2931/1370 2160/2933/517
f 2159/2934/517 2160/2933/517 2162/2935/1371
f 2163/2937/1378 2161/3310/1371 2162/2938/1371
f 2165/2940/1379 2163/2937/1378 2164/2939/1378
f 2167/2942/521 2165/2940/1379 2166/2941/520
f 2167/2942/521 2168/2943/521 2131/2944/503
f 2030/2945/525 2129/2984/525 2130/2946/525
f 2033/2948/525 2031/2947/525 2130/2946/525
f 2035/2950/525 2033/2948/525 2133/2949/525
f 2035/2950/525 2135/2951/525 2137/2952/525
f 2037/2953/525 2137/2952/525 2139/2954/525
f 2041/2956/525 2039/2955/525 2139/2954/525
f 2043/2958/525 2041/2956/525 2141/2957/525
f 2043/2958/525 2143/2959/525 2145/2960/525
f 2047/2962/525 2045/2961/525 2145/2960/525
f 2049/2964/525 2047/2962/525 2147/2963/525
f 2049/2964/525 2149/2965/525 2151/2966/525
f 2053/2968/525 2051/2967/525 2151/2966/525
f 2053/2968/525 2153/2969/525 2155/2970/525
f 2057/2972/525 2055/2971/525 2155/2970/525
f 2059/2974/525 2057/2972/525 2157/2973/525
f 2059/2974/525 2159/2975/525 2161/2976/525
f 2061/2977/525 2161/2976/525 2163/2978/525
f 2065/2980/525 2063/2979/525 2163/2978/525
f 2067/2982/525 2065/2980/525 2165/2981/525
f 2030/2945/525 2067/2982/525 2167/2983/525
f 2186/2985/1669 2185/3311/1672 2188/2986/1670
f 2185/2988/1672 2184/2991/1674 2189/2989/1673
f 2184/2991/1674 2183/2993/1676 2190/2992/1675
f 2183/2993/1676 2182/2995/1678 2191/2994/1677
f 2182/2995/1678 2181/3053/1733 2192/2996/1679
f 2234/2997/1680 2233/3000/1683 2242/2998/1681
f 2233/3000/1683 2232/3002/1685 2243/3001/1684
f 2232/3002/1685 2231/3004/1687 2244/3003/1686
f 2231/3004/1687 2230/3312/1689 2245/3005/1688
f 2230/3006/1689 2229/3042/1722 2246/3007/1690
f 2268/3009/1691 2272/3138/1695 2271/3010/1692
f 2267/3012/1694 2273/3016/1697 2272/3013/1695
f 2266/3015/1696 2274/3018/1699 2273/3016/1697
f 2265/3017/1698 2275/3020/1701 2274/3018/1699
f 2270/3019/1700 2276/3134/1801 2275/3020/1701
f 2317/3021/1702 2326/3025/1706 2325/3022/1703
f 2316/3024/1705 2327/3027/1708 2326/3025/1706
f 2315/3026/1707 2328/3029/1710 2327/3027/1708
f 2314/3028/1709 2329/3313/1712 2328/3029/1710
f 2313/3030/1711 2330/3052/1732 2329/3031/1712
f 2170/3033/1713 2186/2985/1669 2187/2987/1671
f 2175/3034/1714 2187/2987/1671 2199/3035/1715
f 2193/3036/1716 2199/3035/1715 2211/3037/1717
f 2205/3038/1718 2211/3037/1717 2223/3039/1719
f 2217/3040/1720 2223/3039/1719 2235/3041/1721
f 2229/3042/1722 2235/3041/1721 2248/3043/1723
f 2259/3044/1724 2258/3131/1799 2269/3011/1693
f 2271/3010/1692 2283/3046/1726 2277/3045/1725
f 2283/3046/1726 2295/3048/1728 2289/3047/1727
f 2295/3048/1728 2307/3050/1730 2301/3049/1729
f 2307/3050/1730 2319/3051/1731 2313/3030/1711
f 2319/3051/1731 2332/3178/1834 2330/3052/1732
f 2181/3053/1733 2331/3314/1876 2324/3054/1734
f 2192/2996/1679 2324/3054/1734 2312/3055/1735
f 2312/3055/1735 2300/3156/1818 2216/3057/1737
f 2216/3057/1737 2300/3156/1818 2288/3058/1738
f 2288/3058/1738 2276/3134/1801 2240/3060/1740
f 2240/3060/1740 2276/3134/1801 2270/3019/1700
f 2318/3023/1704 2325/3022/1703 2169/3062/1742
f 2180/3063/1743 2198/3086/1764 2306/3064/1744
f 2306/3064/1744 2198/3086/1764 2210/3065/1745
f 2294/3066/1746 2210/3065/1745 2222/3067/1747
f 2222/3067/1747 2234/2997/1680 2264/3069/1749
f 2234/2997/1680 2241/2999/1682 2257/3070/1750
f 2169/3062/1742 2174/3072/1752 2179/3071/1751
f 2174/3072/1752 2173/3074/1754 2178/3073/1753
f 2173/3074/1754 2172/3076/1756 2177/3075/1755
f 2172/3076/1756 2171/3315/1758 2176/3077/1757
f 2171/3078/1758 2170/3033/1713 2175/3034/1714
f 2191/2994/1677 2192/2996/1679 2204/3056/1736
f 2190/2992/1675 2191/2994/1677 2203/3080/1759
f 2189/2989/1673 2190/2992/1675 2202/3081/1760
f 2187/2987/1671 2188/2986/1670 2200/3083/1762
f 2188/2990/1670 2189/2989/1673 2201/3082/1761
f 2180/3063/1743 2179/3071/1751 2197/3085/1763
f 2179/3071/1751 2178/3073/1753 2196/3087/1765
f 2178/3073/1753 2177/3075/1755 2195/3088/1766
f 2177/3075/1755 2176/3077/1757 2194/3089/1767
f 2176/3079/1757 2175/3034/1714 2193/3036/1716
f 2203/3080/1759 2204/3056/1736 2216/3057/1737
f 2202/3081/1760 2203/3080/1759 2215/3091/1768
f 2201/3082/1761 2202/3081/1760 2214/3092/1769
f 2199/3035/1715 2200/3083/1762 2212/3094/1771
f 2200/3084/1762 2201/3082/1761 2213/3093/1770
f 2198/3086/1764 2197/3085/1763 2209/3096/1772
f 2197/3085/1763 2196/3087/1765 2208/3097/1773
f 2196/3087/1765 2195/3088/1766 2207/3098/1774
f 2195/3088/1766 2194/3089/1767 2206/3099/1775
f 2194/3090/1767 2193/3036/1716 2205/3038/1718
f 2215/3091/1768 2216/3057/1737 2228/3059/1739
f 2214/3092/1769 2215/3091/1768 2227/3101/1776
f 2213/3093/1770 2214/3092/1769 2226/3102/1777
f 2211/3037/1717 2212/3094/1771 2224/3104/1779
f 2212/3094/1771 2213/3316/1770 2225/3105/1778
f 2210/3065/1745 2209/3096/1772 2221/3106/1780
f 2209/3096/1772 2208/3097/1773 2220/3107/1781
f 2208/3097/1773 2207/3098/1774 2219/3108/1782
f 2207/3109/1774 2206/3100/1775 2218/3110/1783
f 2206/3100/1775 2205/3038/1718 2217/3040/1720
f 2227/3101/1776 2228/3059/1739 2240/3060/1740
f 2226/3102/1777 2227/3101/1776 2239/3112/1784
f 2225/3103/1778 2226/3102/1777 2238/3113/1785
f 2223/3039/1719 2224/3104/1779 2236/3115/1787
f 2224/3104/1779 2225/3105/1778 2237/3116/1786
f 2222/3067/1747 2221/3106/1780 2233/3000/1683
f 2221/3106/1780 2220/3107/1781 2232/3002/1685
f 2220/3107/1781 2219/3108/1782 2231/3004/1687
f 2219/3111/1782 2218/3110/1783 2230/3006/1689
f 2218/3110/1783 2217/3040/1720 2229/3042/1722
f 2239/3112/1784 2240/3060/1740 2247/3061/1741
f 2238/3113/1785 2239/3112/1784 2252/3118/1788
f 2237/3114/1786 2238/3113/1785 2251/3119/1789
f 2235/3041/1721 2236/3115/1787 2249/3121/1791
f 2236/3122/1787 2237/3114/1786 2250/3120/1790
f 2256/3124/1792 2263/3126/1794 2264/3069/1749
f 2255/3125/1793 2262/3128/1796 2263/3126/1794
f 2254/3127/1795 2261/3130/1798 2262/3128/1796
f 2253/3129/1797 2260/3317/1800 2261/3130/1798
f 2258/3131/1799 2259/3044/1724 2260/3132/1800
f 2276/3134/1801 2288/3058/1738 2287/3135/1802
f 2275/3020/1701 2287/3135/1802 2286/3136/1803
f 2274/3018/1699 2286/3136/1803 2285/3137/1804
f 2272/3138/1695 2284/3140/1805 2283/3046/1726
f 2273/3139/1697 2285/3149/1804 2284/3140/1805
f 2263/3126/1794 2281/3141/1806 2282/3068/1748
f 2262/3128/1796 2280/3142/1807 2281/3141/1806
f 2261/3130/1798 2279/3152/1808 2280/3142/1807
f 2260/3132/1800 2278/3145/1809 2279/3143/1808
f 2259/3044/1724 2277/3045/1725 2278/3145/1809
f 2288/3058/1738 2300/3156/1818 2299/3146/1810
f 2287/3135/1802 2299/3146/1810 2298/3147/1811
f 2286/3136/1803 2298/3147/1811 2297/3148/1812
f 2284/3140/1805 2296/3150/1813 2295/3048/1728
f 2285/3149/1804 2297/3318/1812 2296/3150/1813
f 2281/3141/1806 2293/3151/1814 2294/3066/1746
f 2280/3142/1807 2292/3153/1815 2293/3151/1814
f 2279/3152/1808 2291/3163/1816 2292/3153/1815
f 2278/3145/1809 2290/3155/1817 2291/3154/1816
f 2277/3045/1725 2289/3047/1727 2290/3155/1817
f 2300/3156/1818 2312/3055/1735 2311/3157/1819
f 2299/3146/1810 2311/3157/1819 2310/3158/1820
f 2298/3147/1811 2310/3158/1820 2309/3159/1821
f 2296/3150/1813 2308/3171/1822 2307/3050/1730
f 2297/3148/1812 2309/3159/1821 2308/3160/1822
f 2293/3151/1814 2305/3162/1823 2306/3064/1744
f 2292/3153/1815 2304/3164/1824 2305/3162/1823
f 2291/3163/1816 2303/3166/1825 2304/3164/1824
f 2290/3165/1817 2302/3173/1826 2303/3166/1825
f 2289/3047/1727 2301/3049/1729 2302/3167/1826
f 2312/3055/1735 2324/3054/1734 2323/3168/1827
f 2311/3157/1819 2323/3168/1827 2322/3169/1828
f 2310/3158/1820 2322/3169/1828 2321/3170/1829
f 2308/3171/1822 2320/3177/1830 2319/3051/1731
f 2309/3159/1821 2321/3170/1829 2320/3172/1830
f 2305/3162/1823 2317/3021/1702 2318/3023/1704
f 2304/3164/1824 2316/3024/1705 2317/3021/1702
f 2303/3166/1825 2315/3026/1707 2316/3024/1705
f 2302/3173/1826 2314/3028/1709 2315/3026/1707
f 2301/3049/1729 2313/3030/1711 2314/3032/1709
f 2324/3054/1734 2331/3314/1876 2336/3174/1831
f 2323/3168/1827 2336/3174/1831 2335/3175/1832
f 2322/3169/1828 2335/3175/1832 2334/3176/1833
f 2320/3177/1830 2333/3319/1835 2332/3178/1834
f 2321/3170/1829 2334/3176/1833 2333/3179/1835
