v -0.201370 -28.876833 -0.668781
v -0.384470 -29.134433 -3.572881
v 2.423730 -29.178333 -3.624081
v 2.518230 -28.926533 -0.564381
v 1.788330 -23.158933 -0.801881
v -0.315270 -23.158933 -0.856781
v 1.765430 -23.158933 -3.252781
v -0.205470 -23.158833 -3.116681
v 1.465130 -16.395433 -0.545981
v -0.461570 -16.478133 -0.963681
v 1.953930 -16.036133 -3.053781
v 0.011730 -16.553433 -2.889481
v 2.232030 -13.007433 -0.942981
v 5.289230 -5.076633 -0.922281
v 3.852030 -5.150433 -0.870881
v 0.135830 -13.011233 -0.846581
v 2.135930 -13.008533 -3.023481
v 5.063130 -5.057933 -2.872181
v 0.652730 -13.541133 -2.995181
v 3.643330 -5.087333 -2.824181
v 4.423430 -2.062233 -1.109181
v 5.883930 -2.242633 -1.109781
v 5.057730 4.799967 -2.290181
v 4.143630 4.887767 -2.159081
v 5.884130 -2.242733 -2.698981
v 4.972430 4.681867 -3.985081
v 4.485530 -2.036133 -2.695481
v 4.119230 4.807267 -3.662881
v 2.261630 9.258467 -3.349881
v 1.777030 9.258967 -3.348281
v 2.239330 9.184967 -4.558181
v 1.771330 9.239967 -4.374381
v 7.516230 -1.785133 -2.448581
v 7.581230 -2.051433 -4.029581
v 7.519730 -3.415033 -1.895681
v 7.372230 -3.759833 -3.506981
v 9.803230 0.065967 -4.957681
v 9.760330 0.040267 -3.728281
v 12.651230 4.814467 -4.006681
v 12.519530 4.591767 -4.832481
v 9.294030 -1.554933 -3.725181
v 12.760030 4.432967 -4.141881
v 9.427430 -1.632833 -4.748481
v 12.648030 4.002967 -4.979981
v -2.448970 -11.953433 -2.319481
v -2.528370 -11.600733 -0.767681
v -2.902470 -13.677333 -2.570881
v -2.522370 -13.669233 -0.759081
v -3.996970 -9.014633 -0.551281
v -4.275770 -9.883633 -2.357481
v -6.568870 -4.010933 -1.247881
v -6.296770 -3.889533 -0.586081
v -4.736370 -10.430933 -2.154681
v -6.941370 -4.528633 -1.184381
v -4.373270 -9.959333 -0.392581
v -6.714170 -4.478033 -0.464481
v 0.839030 4.677267 4.646719
v 2.196130 4.785167 3.096119
v 3.114530 5.655667 5.885819
v 1.193230 5.234267 6.406419
v 1.164230 8.152167 5.103019
v 0.403030 7.853767 3.956119
v -0.067370 7.291167 5.237619
v 0.438230 7.788367 5.425619
v 2.929430 6.565467 6.782919
v 0.574030 5.758467 6.911019
v 2.212530 5.291267 1.183419
v 1.058330 4.532567 2.426219
v 0.264030 5.262967 2.019819
v 2.157430 7.023667 -0.284181
v -0.266470 5.210367 5.190219
v -0.257670 5.051867 3.835719
v 0.422730 4.629667 3.276419
v 2.897830 8.171567 5.427519
v 2.317630 7.218267 7.635019
v 4.217530 7.574167 5.450319
v 1.420430 7.897967 0.939819
v 1.986330 8.537367 2.100219
v 3.757930 7.874967 0.775919
v -0.140970 6.452067 2.640119
v 0.113630 6.870567 1.217119
v 1.167030 6.788467 7.190519
v -0.085970 6.658167 5.207619
v 1.078130 8.797167 2.594519
v 0.733530 8.155867 1.840919
v 0.191730 7.844067 2.305219
v 3.197130 6.125267 0.539019
v 1.949130 9.017067 3.611919
v -0.377670 7.118567 3.271219
v 4.644030 6.467067 3.419219
v 5.333930 6.673467 3.594219
v 5.530530 7.784567 3.163919
v 4.355630 7.608367 0.990319
v 4.744430 6.973567 0.997619
v 7.280530 3.546567 2.831919
v 7.297330 4.824867 1.839819
v 7.922030 5.099967 5.030619
v 7.553230 3.576467 4.821419
v 4.213430 4.921567 6.358319
v 3.704830 4.580567 5.047919
v 4.482330 3.775067 5.532419
v 4.319730 4.242267 6.199519
v 7.264730 5.105567 6.555219
v 6.911530 3.249067 5.620519
v 6.116830 5.459267 0.725719
v 6.727030 4.146067 0.910719
v 5.464730 3.988967 1.123419
v 3.863030 6.392367 1.064119
v 6.398730 2.896967 3.605319
v 6.066630 3.155767 2.353719
v 6.619830 3.572767 1.609119
v 5.187030 5.982267 6.875819
v 6.627030 4.750167 7.755519
v 6.445230 6.617667 6.538319
v 3.080630 5.950967 2.750719
v 3.162130 6.286267 4.350919
v 4.223130 7.501167 2.911219
v 4.323030 4.017067 2.641219
v 3.526030 4.662067 1.882819
v 6.305330 3.946567 6.851219
v 5.080830 3.538867 4.939019
v 2.629230 5.676667 4.866019
v 2.808830 5.391267 3.627819
v 3.008630 4.818367 3.656619
v 5.564630 6.552067 1.076119
v 3.222930 6.090067 6.014819
v 3.781030 3.961467 3.723119
v 7.005730 6.957367 3.939619
v 7.215530 7.441467 4.361019
v 6.072530 8.073567 5.028419
v 4.863230 7.743567 2.929319
v 5.682630 7.763267 2.419919
v 0.956330 4.098367 -0.422981
v 1.927930 4.531067 -2.802281
v 2.192230 5.373067 -0.583781
v 1.310530 4.655467 1.336819
v 1.206530 8.723367 0.282619
v 0.290030 8.570167 -0.857381
v -0.551570 7.533467 -0.021281
v 0.015530 7.720167 0.883519
v 2.015530 6.660567 1.266119
v 0.606430 5.165167 1.857719
v 1.676230 5.034767 -4.812181
v 0.550430 4.395867 -3.796881
v -0.243870 5.126167 -4.203381
v 1.979030 6.618267 -5.507981
v -0.774470 5.073667 -1.032881
v -0.765570 4.915167 -2.387481
v -0.085170 4.492967 -2.946781
v 2.697930 8.804267 0.004519
v 1.300130 7.051467 1.506619
v 3.422630 8.024967 0.043019
v 1.160030 7.503167 -4.690381
v 1.724930 8.337567 -3.945381
v 3.083330 7.225467 -4.471181
v -1.280570 6.087567 -2.987481
v -1.052070 6.288467 -3.960381
v 0.116630 6.397767 2.805919
v -1.315470 6.774367 0.092119
v 0.586930 8.481867 -2.483281
v 0.096730 7.552967 -3.501581
v -1.229470 7.108467 -2.886281
v 2.688830 5.197867 -3.907681
v 1.569930 9.095467 -0.800581
v -1.557770 6.745167 -2.392981
v 3.533530 5.834667 -2.311481
v 4.052930 5.994867 -2.203881
v 4.384630 7.065667 -2.422081
v 3.482130 6.797767 -4.131581
v 3.670230 5.950567 -3.875781
v 0.426830 5.684567 -10.842281
v -1.501970 4.934367 -9.843581
v -1.280170 6.990267 -9.952381
v 0.068230 7.223667 -10.299881
v 0.370530 8.537367 -6.235881
v 1.177330 7.321467 -5.671281
v 1.832930 7.562067 -6.602581
v 1.293830 8.373567 -6.874181
v -0.576170 8.275667 -8.848881
v 1.040630 7.808367 -9.893381
v -1.630770 4.020567 -8.133281
v -0.223470 4.133267 -9.730381
v 0.744930 4.190367 -8.158181
v -1.398370 4.464067 -5.886481
v 1.672230 6.166767 -9.494881
v 1.603430 5.193367 -9.393681
v 0.711130 4.668667 -10.047681
v -1.206970 8.609867 -6.442981
v 0.033430 8.982967 -8.036381
v -2.544670 8.332167 -7.357881
v -0.601270 5.357167 -4.773081
v -1.115970 6.461767 -3.820781
v -2.649870 5.613267 -5.230381
v 1.694930 5.893767 -7.284081
v 0.973230 5.388267 -6.341481
v 1.017130 8.462167 -8.561481
v 1.805730 7.147067 -7.683681
v 0.253330 6.976667 -4.367481
v 0.343530 6.018467 -4.706681
v 1.139930 6.112467 -5.411481
v -2.277070 4.898767 -8.765681
v 0.143430 8.133467 -5.270181
v 1.780630 6.313367 -6.100281
v -2.834470 6.490267 -8.824781
v -4.037870 6.739767 -8.257381
v -3.749770 7.397467 -7.122981
v -3.376770 5.852967 -6.203281
v -3.228070 5.580567 -7.712181
v -5.641870 7.078567 3.340219
v -3.597870 7.124967 4.663119
v -3.829970 7.863667 1.603419
v -5.088370 7.556467 1.000619
v -3.356870 6.023467 -2.264481
v -3.734170 4.963267 -0.862081
v -4.716770 5.219567 -1.109181
v -4.413270 5.878067 -2.077181
v -3.862370 7.541867 -0.821581
v -5.676470 7.184567 -0.249881
v -2.662270 6.029667 5.522119
v -4.575870 6.238267 5.464219
v -4.593970 5.121367 4.636119
v -1.757570 5.047967 4.116419
v -5.993070 6.113467 1.878919
v -5.888270 5.725367 3.302519
v -5.485270 6.202867 4.518619
v -2.182870 6.801667 -1.880881
v -3.959870 7.176467 -2.278881
v -1.546870 7.679667 -0.828781
v -1.860370 4.534167 2.241919
v -0.981470 4.719767 0.460019
v -0.427470 5.694567 2.558919
v -4.936570 4.963767 1.598119
v -3.895170 4.629067 2.250319
v -5.009970 6.817567 -1.615981
v -5.220370 5.580467 -0.158381
v -2.353770 4.603967 -0.502781
v -2.591470 4.362367 0.990319
v -3.577670 4.398467 0.851919
v -2.447470 6.927067 4.595319
v -2.703870 5.511467 -1.902981
v -4.430270 4.532167 0.593219
v -2.025870 7.789267 2.416419
v -0.777670 8.116367 2.200319
v -0.458870 7.714467 0.804419
v -0.313070 6.542967 2.700219
v -1.166870 7.085567 3.524019
v -7.524670 1.991767 7.086619
v -5.726570 1.756467 6.586519
v -5.803070 3.178567 8.994419
v -7.766670 2.896267 8.466519
v -6.633270 5.350967 5.989019
v -6.921570 4.822167 4.740219
v -7.948870 4.572467 5.771419
v -7.469770 5.079767 5.990119
v -6.102970 4.226867 9.178319
v -8.379870 3.497567 8.254619
v -4.864070 1.816267 4.795319
v -6.514670 1.374067 5.478319
v -6.883770 1.971167 4.320119
v -3.957870 3.123167 2.736219
v -8.573170 2.609867 6.610119
v -8.081370 2.167267 5.587519
v -7.371070 1.649667 5.742819
v -5.247770 5.439667 7.285319
v -6.813970 5.024267 9.192419
v -4.245170 4.884067 8.382819
v -4.870370 4.209067 2.872219
v -4.679970 5.060867 3.851319
v -2.782570 4.151867 4.153519
v -7.205270 3.221467 4.012619
v -6.343670 3.305367 2.805419
v -7.739770 4.524567 8.345119
v -8.096370 3.972067 6.039119
v -5.599870 5.411767 3.584119
v -5.754670 4.646567 3.070319
v -6.473770 4.454867 3.272619
v -3.573570 2.458867 4.461919
v -5.184270 5.838867 4.830919
v -7.502670 3.983767 4.065419
v -3.345070 3.404567 7.514219
v -2.766470 3.636267 7.972319
v -2.179870 4.585367 7.207519
v -2.405970 3.948267 4.815019
v -2.214170 3.354267 5.358619
v -4.060570 -0.681733 1.758519
v -3.353170 -1.060533 1.752619
v -5.075670 -0.627133 3.971719
v -4.655870 -0.089833 3.085419
v -3.537970 1.996367 3.196419
v -3.281170 1.870167 2.134019
v -3.954570 1.732367 1.926219
v -3.983870 1.913167 2.497519
v -4.732170 0.994467 3.762519
v -4.471670 0.757367 2.064519
v -1.961070 -0.669333 0.858319
v -2.418970 -0.756133 0.554419
v -2.195970 0.032367 0.102519
v -0.805170 0.504967 1.571819
v -4.035970 0.287167 1.017219
v -3.453370 0.038267 0.338619
v -3.025670 -0.510233 0.492519
v -3.285570 1.501267 4.523919
v -4.218570 1.547267 3.564819
v -3.782070 0.551367 5.969319
v -1.251970 1.300967 1.743219
v -1.351670 1.848567 2.859819
v -0.730970 0.817367 3.168819
v -3.213070 0.998867 0.782719
v -2.367670 1.054167 0.834519
v -4.207170 1.422967 2.435119
v -4.055170 1.228167 1.645419
v -2.331770 2.059767 2.422719
v -1.955670 1.689267 1.663819
v -2.534770 1.617767 1.261219
v -2.369370 -0.808733 1.915119
v -3.191770 2.041667 3.351019
v -3.105770 1.551867 1.030919
v -3.863870 -0.878633 4.288419
v -1.473170 -0.618033 5.143619
v -1.587770 0.022167 5.447219
v -0.626570 0.031167 4.057419
v -0.994570 -0.594233 3.797019
v -6.094370 -5.905033 0.359619
v -3.777670 -6.465433 1.501319
v -6.130170 -5.990333 4.286019
v -7.215070 -5.477833 3.268919
v -5.610670 -0.963533 5.619519
v -4.923270 -1.030333 1.402819
v -6.206170 -1.129933 0.265219
v -6.581670 -1.055133 2.363319
v -6.528470 -4.084633 6.620819
v -7.766370 -3.800533 4.441419
v -1.704970 -5.716833 0.407619
v -3.361070 -5.821033 -1.168081
v -3.194570 -4.277033 -2.437181
v -0.365270 -3.870533 1.646919
v -6.544070 -3.909633 -0.674781
v -5.432770 -4.199933 -1.936481
v -4.549870 -5.297833 -1.642781
v -4.194670 -2.256933 6.311219
v -6.614970 -2.049633 6.103219
v -3.594370 -3.333933 7.737619
v -1.400170 -2.495033 1.094519
v -1.172770 -1.740733 3.660819
v -0.487770 -3.248033 3.713519
v -4.992670 -2.594033 -1.544681
v -3.465670 -2.622933 -1.242481
v -7.461870 -2.115033 4.433219
v -6.388870 -2.112533 -0.128681
v -3.004370 -0.737733 4.444719
v -2.573670 -1.651133 0.657619
v -3.708770 -1.631433 -0.512881
v -2.622170 -6.138433 2.336819
v -4.497370 -0.763633 5.580519
v -4.792270 -1.631433 -1.284481
v -4.005670 -5.947433 6.357619
v -3.484270 -5.584033 7.575219
v -2.418270 -4.316533 7.576219
v -0.561070 -4.120733 4.704919
v -2.447370 -5.374033 4.557019
v -9.771070 -5.825633 -0.214981
v -9.100470 -7.112533 0.154319
v -7.816970 -5.797033 0.382619
v -8.369770 -5.127933 -0.138581
v -6.244270 -4.913233 -2.706781
v -7.252670 -5.444633 -3.697581
v -7.687770 -4.918033 -3.449781
v -6.979370 -4.581033 -2.854881
v -6.875070 -4.969433 -0.542381
v -8.262370 -4.506833 -0.873281
v -9.104070 -7.982133 -0.983981
v -10.182470 -7.157733 -0.763181
v -10.048970 -7.043533 -2.308481
v -8.152870 -8.008333 -2.480681
v -9.542170 -5.324833 -1.717481
v -10.149370 -5.943133 -1.877881
v -10.333370 -6.459733 -1.023881
v -5.563470 -5.389833 -1.659581
v -6.387070 -4.470033 -1.309081
v -5.466470 -5.873033 -0.349981
v -7.519570 -7.382433 -3.520081
v -6.212270 -7.065033 -3.674581
v -6.586670 -7.874133 -2.018081
v -9.004270 -5.843733 -3.170881
v -8.718870 -6.552533 -3.424881
v -7.357470 -4.347033 -1.613381
v -8.321970 -4.995333 -2.806281
v -6.646470 -6.188733 -4.042281
v -7.460470 -6.669533 -4.012381
v -7.983570 -6.217833 -4.009481
v -8.422270 -7.583633 -0.089281
v -6.100470 -5.392033 -3.245281
v -8.358570 -5.760133 -3.912481
v -7.096970 -6.825333 0.490019
v -6.202170 -7.193333 0.855819
v -5.498470 -6.889333 0.062619
v -6.422970 -7.826433 -0.950181
v -7.179270 -7.686833 -0.116581
v -11.638270 -3.790733 -2.109081
v -9.882970 -4.033333 -1.427581
v -11.319470 -3.445833 1.225619
v -12.643270 -3.355533 -0.658181
v -11.101870 -0.597733 0.063019
v -10.670170 -0.685733 -1.385781
v -11.928670 -1.096733 -1.515881
v -11.736270 -0.756433 -0.685181
v -11.864970 -2.541233 1.890619
v -13.177370 -2.704333 -0.796481
v -8.380170 -3.560433 -2.079681
v -9.956570 -3.982733 -3.007981
v -9.863870 -3.092733 -3.657181
v -6.977770 -1.913433 -2.018181
v -12.415970 -3.007633 -2.713981
v -11.460470 -3.159233 -3.420881
v -10.838070 -3.729933 -3.199181
v -10.559770 -1.019233 1.969819
v -12.621570 -1.770633 1.984719
v -10.111470 -1.917233 3.028219
v -8.014470 -0.902333 -1.770081
v -8.472270 -0.443133 -0.351481
v -6.856670 -1.517033 0.493019
v -10.248170 -1.869033 -3.213381
v -9.013170 -1.539133 -3.434981
v -12.901570 -1.883833 0.415219
v -12.046870 -1.688733 -1.845481
v -9.182970 0.032167 -0.909281
v -8.922470 -0.484833 -1.913581
v -9.566670 -0.641333 -2.384781
v -7.298870 -3.024133 -1.003481
v -9.487870 0.018467 0.551819
v -10.673870 -1.180733 -2.840281
v -8.675170 -3.069033 1.976419
v -8.451370 -3.049533 2.850119
v -7.819770 -2.052033 3.365019
v -6.801170 -1.920033 1.070919
v -6.764870 -2.617033 1.168019
v -9.451070 1.578967 0.058119
v -8.369270 1.048367 2.394019
v -7.339270 2.585567 0.587319
v -8.042970 2.606167 -0.896081
v -4.834370 2.000567 -3.129381
v -5.556770 0.704967 -3.130281
v -6.308670 1.097067 -3.782081
v -5.759470 1.922267 -3.804081
v -6.211170 2.986567 -1.379381
v -7.889970 2.686567 -2.436281
v -7.758170 -0.253233 2.860219
v -9.352770 0.134167 1.687219
v -8.766070 -0.618833 0.304919
v -6.179370 -0.814033 1.779619
v -8.886070 1.171067 -1.889281
v -9.358870 0.416867 -1.081781
v -9.670770 0.457667 0.384419
v -4.198770 2.466367 -1.527581
v -5.562270 3.083067 -2.734081
v -4.327370 2.884767 0.258819
v -5.316970 -0.730833 0.021619
v -3.830770 -0.150933 -0.524781
v -4.516670 0.066567 2.017019
v -7.652470 0.130167 -2.188581
v -7.017770 -0.450933 -1.265081
v -6.651770 2.681567 -3.217081
v -7.224870 1.197767 -3.191281
v -4.506070 0.151467 -2.205281
v -5.322570 -0.459333 -1.474681
v -6.080870 -0.292233 -2.206281
v -7.349770 0.780367 2.975719
v -4.352870 1.382367 -2.795681
v -6.695170 -0.018033 -2.865481
v -6.201470 2.115067 2.316819
v -5.142770 2.343467 3.226619
v -4.170670 2.349767 2.168019
v -4.660370 0.765867 2.788319
v -5.845670 1.097167 3.182619
v -8.021570 -4.366133 -4.663481
v -5.768570 -4.204833 -4.610081
v -7.087870 -3.478133 -2.898781
v -9.026670 -3.930933 -3.212581
v -7.460670 -0.069933 -1.909581
v -7.073170 0.018167 -3.443381
v -8.272170 -0.745433 -4.379981
v -8.637770 -0.713433 -3.293481
v -8.243370 -2.219633 -1.596881
v -9.613570 -3.271733 -3.435281
v -4.315370 -3.666133 -5.579081
v -5.688670 -3.982733 -6.530281
v -5.595970 -3.092733 -7.179581
v -3.345070 -2.250333 -4.861681
v -8.148070 -3.007633 -6.236381
v -7.192570 -3.159233 -6.943281
v -6.570170 -3.729933 -6.721581
v -6.575870 -0.372133 -0.502981
v -8.656370 -1.669733 -2.019481
v -6.442470 -1.290533 -0.120981
v -4.120770 -1.208333 -4.883681
v -4.236570 -0.565233 -3.571381
v -3.479270 -1.958133 -2.975081
v -6.742570 -1.923433 -7.195981
v -5.891570 -1.792133 -7.332681
v -10.264970 -1.985533 -2.901181
v -8.853570 -1.267233 -5.450681
v -5.777270 -0.140433 -3.956081
v -5.449170 -0.891633 -5.367081
v -6.580970 -0.974133 -6.618181
v -4.486770 -3.769333 -4.055581
v -6.433770 0.188567 -1.882581
v -7.161570 -1.233233 -6.884981
v -5.137270 -3.383433 -2.151281
v -4.950270 -3.364133 -1.502581
v -4.420770 -2.438933 -0.770281
v -3.636970 -2.462433 -2.613581
v -3.915170 -3.308833 -2.700281
v -7.678670 -6.490933 2.981719
v -6.684270 -5.290233 3.127919
v -8.667270 -5.189433 5.396619
v -8.996770 -6.531933 4.212419
v -11.324970 -4.416633 2.210819
v -10.670670 -4.608933 0.918619
v -10.843170 -5.565633 1.552719
v -11.303470 -5.083933 1.924119
v -10.067670 -5.017433 5.460019
v -9.932170 -6.677833 3.791719
v -6.269570 -4.392733 1.710119
v -6.404870 -5.785433 1.796019
v -7.155570 -5.613133 0.553219
v -7.327570 -2.941333 0.040419
v -8.769670 -6.879533 2.156419
v -7.954370 -6.551333 1.350919
v -7.079470 -6.298633 1.750219
v -11.045870 -3.663833 3.932519
v -11.298670 -5.190633 5.220319
v -10.106670 -3.384033 5.336319
v -8.994570 -3.158833 -0.154881
v -10.051470 -2.863433 0.842119
v -8.278670 -1.987433 1.797219
v -8.762670 -5.297033 0.136619
v -8.432970 -4.486833 -0.721981
v -10.952170 -5.866433 4.091719
v -10.193770 -5.940133 1.763119
v -10.790570 -3.302933 0.264219
v -9.869770 -3.617433 -0.275381
v -9.920770 -4.208133 -0.329181
v -6.543470 -3.222433 1.832819
v -11.274470 -3.063833 1.599419
v -9.802470 -5.211933 0.077719
v -7.897070 -3.206133 4.828619
v -8.008870 -2.803033 5.466219
v -8.872770 -1.917133 4.928719
v -7.955670 -1.921333 2.563319
v -7.215570 -2.110633 3.155619
v 6.936230 -5.905033 -0.100881
v 8.863230 -6.465433 -2.032681
v 9.773030 -5.990333 1.796919
v 8.519930 -5.477833 2.473019
v 10.988330 -0.963533 1.874019
v 8.249030 -1.030333 -0.856681
v 6.814630 -1.129933 -0.026181
v 8.161730 -1.055133 1.368119
v 11.281330 -4.084633 3.327719
v 9.111030 -3.800533 3.616719
v 9.049930 -5.716833 -4.762681
v 7.120330 -5.821033 -3.741481
v 6.276830 -4.277033 -4.520281
v 10.585230 -3.870533 -5.605681
v 5.971430 -3.909633 -0.110781
v 5.580730 -4.199933 -1.894381
v 6.212330 -5.297833 -2.697581
v 12.161630 -2.256933 0.690419
v 10.864230 -2.049633 3.174919
v 13.482730 -3.333933 0.725219
v 9.693530 -2.495033 -4.762781
v 11.666430 -1.740733 -3.789981
v 12.029130 -3.248033 -4.496081
v 6.073830 -2.594033 -2.178581
v 7.016730 -2.622933 -3.665081
v 9.249330 -2.115033 3.287919
v 6.441830 -2.112533 -0.017781
v 11.368730 -0.737733 -1.463981
v 8.820230 -1.651133 -3.717281
v 7.431830 -1.631433 -3.060081
v 10.017630 -6.138433 -2.870181
v 11.487130 -0.763633 0.667419
v 6.357930 -1.631433 -2.269281
v 12.284830 -5.947433 0.510619
v 13.416730 -5.584033 0.530819
v 13.922330 -4.316533 -0.606481
v 12.715030 -4.120733 -3.948281
v 11.714130 -5.374033 -2.005281
v 8.916130 -0.681733 -1.608881
v 9.246830 -1.060533 -2.366681
v 10.044030 -0.627133 0.522619
v 9.598630 -0.089833 -0.345181
v 10.208730 1.996367 -1.485681
v 9.558230 1.870167 -2.262981
v 9.088230 1.732367 -1.642681
v 9.489630 1.913167 -1.340781
v 10.054630 0.994467 0.057019
v 8.943830 0.757367 -1.025181
v 9.256130 -0.669333 -4.275981
v 8.818430 -0.756133 -3.931181
v 8.595630 0.032367 -4.383281
v 10.322230 0.504967 -5.171681
v 8.389030 0.287167 -1.986281
v 8.171730 0.038267 -2.929481
v 8.486130 -0.510233 -3.312981
v 11.293130 1.501267 -1.126281
v 10.154130 1.547267 -0.584781
v 12.108530 0.551367 0.088119
v 10.235230 1.300967 -4.613681
v 10.999530 1.848567 -3.978381
v 11.518130 0.817367 -4.494581
v 8.608330 0.998867 -2.975581
v 9.046330 1.054167 -3.853281
v 9.338530 1.422967 -1.132081
v 8.836530 1.228167 -1.668281
v 10.217730 2.059767 -3.139481
v 9.844230 1.689267 -3.900281
v 9.277330 1.617767 -3.472881
v 9.830930 -0.808733 -3.339681
v 10.485130 2.041667 -1.781981
v 8.839530 1.551867 -2.972481
v 10.848130 -0.878633 -0.620681
v 12.601930 -0.618033 -2.767181
v 12.768230 0.022167 -2.501081
v 12.213330 0.031167 -4.185081
v 11.849830 -0.594233 -3.915681
v 2.516230 -3.790733 4.646719
v 3.842930 -4.033333 3.096119
v 5.091030 -3.445833 5.885819
v 3.094830 -3.355533 6.406419
v 4.349030 -0.597733 5.103019
v 3.500430 -0.685733 3.956119
v 2.809930 -1.096733 5.237619
v 3.504830 -0.756433 5.425619
v 5.316030 -2.541233 6.782919
v 2.741330 -2.704333 6.911019
v 4.080730 -3.560433 1.183419
v 2.659430 -3.982733 2.426219
v 2.231530 -3.092733 2.019819
v 4.789530 -1.913433 -0.284181
v 1.708230 -3.007633 5.190219
v 1.647030 -3.159233 3.835719
v 2.102930 -3.729933 3.276419
v 5.991730 -1.019233 5.427519
v 5.026030 -1.770633 7.635019
v 6.973330 -1.917233 5.450319
v 4.478930 -0.902333 0.939819
v 5.293230 -0.443133 2.100219
v 6.672130 -1.517033 0.775919
v 2.372030 -1.869033 2.640119
v 2.795830 -1.539133 1.217119
v 3.752630 -1.883833 7.190519
v 2.514330 -1.688733 5.207619
v 4.551130 0.032167 2.594519
v 3.944630 -0.484833 1.840919
v 3.297030 -0.641333 2.305219
v 5.375030 -3.024133 0.539019
v 5.468730 0.018467 3.611919
v 2.441630 -1.180733 3.271219
v 6.889030 -3.069033 3.419219
v 7.630030 -3.049533 3.594219
v 8.303430 -2.052033 3.163919
v 7.118430 -1.920033 0.990319
v 7.206230 -2.617033 0.997619
v 4.777230 -5.825633 3.551019
v 5.363330 -7.112533 3.010219
v 6.137130 -5.797033 1.748519
v 5.496530 -5.127933 2.091619
v 4.636530 -4.913233 -1.393181
v 3.438730 -5.444633 -0.786181
v 3.412830 -4.918033 -0.204481
v 4.180730 -4.581033 -0.678781
v 5.910930 -4.969433 0.305219
v 5.013330 -4.506833 1.629019
v 4.534230 -7.982133 2.475019
v 4.184030 -7.157733 3.730419
v 3.124030 -7.043533 2.856119
v 3.896930 -8.008333 0.750919
v 3.793630 -5.324833 2.595019
v 3.389530 -5.943133 3.167219
v 3.923030 -6.459733 3.768019
v 5.720030 -5.389833 -1.623781
v 5.584830 -4.470033 -0.578781
v 6.717830 -5.873033 -1.107081
v 3.441430 -7.382433 -0.417181
v 3.948230 -7.065033 -1.885681
v 4.974830 -7.874133 -0.701581
v 2.992030 -5.843733 1.332619
v 2.942630 -6.552533 0.907819
v 4.903930 -4.347033 0.312719
v 3.580230 -4.995333 0.777119
v 3.475330 -6.188733 -1.596381
v 3.111630 -6.669533 -0.713481
v 2.865930 -6.217833 -0.153881
v 5.507330 -7.583633 2.171019
v 4.313230 -5.392033 -1.801581
v 2.758830 -5.760133 0.292319
v 6.556130 -6.825333 1.030919
v 7.245830 -7.193333 0.249219
v 7.002530 -6.889333 -0.877581
v 5.828530 -7.826433 -0.370481
v 6.076330 -7.686833 0.831519
v 5.127330 1.578967 3.338819
v 7.337430 1.048367 3.290519
v 6.512130 2.585567 1.335619
v 5.100630 2.606167 1.384019
v 4.997130 2.000567 -3.097981
v 4.654330 0.704967 -2.327381
v 3.824430 1.097067 -1.833681
v 4.068530 1.922267 -2.430281
v 5.616930 2.986567 -0.799781
v 4.053630 2.686567 0.491319
v 7.965730 -0.253233 2.859119
v 6.357930 0.134167 4.005419
v 5.631130 -0.618833 2.724619
v 7.928030 -0.814033 0.662319
v 3.979530 1.171067 1.813519
v 4.342430 0.416867 2.700619
v 5.260430 0.457667 3.727819
v 6.462330 2.466367 -3.017781
v 4.939630 3.083067 -2.133881
v 7.699830 2.884767 -2.034381
v 7.058730 -0.730833 -1.090681
v 7.365530 -0.150933 -2.935581
v 8.888030 0.066567 -0.999781
v 4.346230 0.130167 0.355219
v 5.318030 -0.450933 0.115219
v 4.072630 2.681567 -1.199881
v 3.819930 1.197767 -0.576081
v 5.824230 0.151467 -3.010781
v 5.968530 -0.459333 -1.793281
v 5.077630 -0.292233 -1.330481
v 8.243030 0.780367 2.477919
v 5.467630 1.382367 -3.453881
v 4.307630 -0.018033 -0.987081
v 8.307930 2.115067 0.940319
v 9.470630 2.343467 0.241319
v 9.161630 2.349767 -1.297481
v 9.380530 0.765867 -0.481081
v 9.105730 1.097167 0.970719
v 2.372630 -4.366133 -0.422981
v 3.478530 -4.204833 -2.802281
v 4.097430 -3.478133 -0.583781
v 2.951130 -3.930933 1.336819
v 4.639730 -0.069933 0.282619
v 3.708530 0.018167 -0.857381
v 2.459930 -0.745433 -0.021281
v 3.076530 -0.713433 0.883519
v 4.496430 -2.219633 1.266119
v 2.511330 -3.271733 1.857719
v 3.462430 -3.666133 -4.812181
v 2.120630 -3.982733 -3.796881
v 1.692630 -3.092733 -4.203381
v 4.443330 -2.250333 -5.507981
v 1.169430 -3.007633 -1.032881
v 1.108230 -3.159233 -2.387481
v 1.564130 -3.729933 -2.946781
v 6.081130 -0.372133 0.004419
v 3.993630 -1.669733 1.506619
v 6.422030 -1.290533 0.043019
v 4.059930 -1.208333 -4.690381
v 4.958930 -0.565233 -3.945381
v 5.751030 -1.958133 -4.471181
v 1.137730 -1.923433 -2.987481
v 1.441330 -1.792133 -3.960381
v 2.590930 -1.985533 2.805919
v 1.406430 -1.267233 0.092119
v 3.949730 -0.140433 -2.483281
v 3.079530 -0.891633 -3.501581
v 1.634130 -0.974133 -2.886281
v 4.488530 -3.769333 -3.907681
v 5.145830 0.188567 -0.800581
v 1.165230 -1.233233 -2.392981
v 5.564530 -3.383433 -2.311481
v 6.124530 -3.364133 -2.203881
v 6.907530 -2.438933 -2.422081
v 5.939030 -2.462433 -4.131581
v 5.744330 -3.308833 -3.875781
v 8.091630 -6.490933 2.831919
v 8.668930 -5.290233 1.839819
v 9.378630 -5.189433 5.030619
v 8.361830 -6.531933 4.821419
v 5.804430 -4.416633 6.358319
v 5.175230 -4.608933 5.047919
v 5.554330 -5.565633 5.532419
v 5.606230 -5.083933 6.199519
v 8.761530 -5.017433 6.555219
v 7.613130 -6.677833 5.620519
v 7.834830 -4.392733 0.725719
v 7.833130 -5.785433 0.910719
v 6.574330 -5.613133 1.123419
v 6.120130 -2.941333 1.064119
v 6.975130 -6.879533 3.605319
v 6.775730 -6.551333 2.353719
v 7.480330 -6.298633 1.609119
v 7.187930 -3.663833 6.875819
v 8.004230 -5.190633 7.755519
v 8.653130 -3.384033 6.538319
v 5.188730 -3.158833 2.750719
v 5.412830 -2.863433 4.350819
v 6.946530 -1.987433 2.911219
v 5.510430 -5.297033 2.641219
v 5.042530 -4.486833 1.882819
v 7.348030 -5.866433 6.851219
v 6.014730 -5.940133 4.939019
v 4.642730 -3.302933 4.866019
v 4.686630 -3.617433 3.627819
v 4.623430 -4.208133 3.656619
v 7.794230 -3.222433 1.076119
v 5.383930 -3.063833 6.014819
v 4.975130 -5.211933 3.723119
v 9.330630 -3.206133 3.939619
v 9.741030 -2.803033 4.361019
v 8.941230 -1.917133 5.028419
v 7.656330 -1.921333 2.929319
v 8.437430 -2.110633 2.419919
v 5.934030 3.805767 -0.100881
v 7.996630 3.766367 -2.032681
v 8.645530 4.445067 1.796919
v 7.239230 4.610267 2.473019
v 7.583330 9.491867 1.874019
v 5.030530 8.733867 -0.856681
v 3.722230 8.275967 -0.026181
v 4.959130 8.688367 1.368119
v 9.230430 6.624167 3.327719
v 7.059830 6.341367 3.616719
v 7.843830 4.519467 -4.762681
v 6.070730 3.931567 -3.741481
v 4.597430 5.172967 -4.520281
v 8.480130 6.649367 -5.605681
v 4.148230 5.441767 -0.110781
v 3.907430 5.069067 -1.894381
v 4.985030 4.194367 -2.697581
v 9.257430 8.570367 0.690419
v 7.943430 8.436567 3.174919
v 10.975730 7.890367 0.725219
v 7.035430 7.719667 -4.762781
v 8.563930 8.931367 -3.789981
v 9.567830 7.602567 -4.496081
v 3.666930 6.707967 -2.178581
v 4.568430 6.919867 -3.665081
v 6.449930 7.965167 3.287919
v 3.802330 7.255167 -0.017781
v 7.842730 9.801267 -1.463981
v 5.841630 8.293567 -3.717281
v 4.524330 7.959867 -3.060081
v 8.941230 4.367467 -2.870181
v 7.965730 9.806867 0.667419
v 3.511930 7.687367 -2.269281
v 10.994530 5.122867 0.510619
v 11.901830 5.752567 0.530819
v 11.821730 7.075667 -0.606481
v 10.597630 6.953967 -3.948281
v 10.204730 5.518467 -2.005281
v 5.506230 9.231767 -1.608881
v 5.984330 8.958567 -2.366681
v 6.545430 9.569367 0.522619
v 5.889630 9.962867 -0.345181
v 5.548530 12.084167 -1.485681
v 4.990730 11.800167 -2.262981
v 4.608230 11.551067 -1.642681
v 4.907130 11.823267 -1.340781
v 5.843230 11.100667 0.057019
v 4.900330 10.595367 -1.025181
v 5.821330 9.329767 -4.275981
v 5.446830 9.136767 -3.931181
v 4.890430 9.823567 -4.383281
v 6.310530 10.707167 -5.171681
v 4.583930 10.011367 -1.986281
v 4.488330 9.721567 -2.929481
v 5.025630 9.284267 -3.312981
v 6.788130 11.892667 -1.126281
v 5.694330 11.646967 -0.584781
v 7.973930 11.204167 0.088119
v 5.878830 11.435367 -4.613681
v 6.358830 12.145467 -3.978381
v 7.300530 11.305067 -4.494581
v 4.478030 10.737867 -2.975581
v 4.866530 10.901167 -3.853281
v 4.980030 11.322867 -1.132081
v 4.592430 11.011867 -1.668281
v 5.529130 12.146267 -3.139481
v 5.339730 11.702267 -3.900281
v 4.836830 11.490967 -3.472881
v 6.424330 9.344167 -3.339681
v 5.789130 12.196967 -1.781981
v 4.452930 11.317767 -2.972481
v 7.413830 9.536367 -0.620681
v 8.952630 10.226967 -2.767181
v 8.828330 10.872567 -2.501081
v 8.301230 10.740367 -4.185081
v 8.233230 10.058567 -3.915681
v 3.864030 3.332767 3.551019
v 4.981730 2.268367 3.010219
v 5.133330 3.704767 1.748519
v 4.235630 4.172967 2.091619
v 3.330730 4.157067 -1.393181
v 2.435030 3.352267 -0.786181
v 2.179330 3.842067 -0.204481
v 2.755130 4.354667 -0.678781
v 4.556630 4.427467 0.305219
v 3.507430 4.635767 1.629019
v 4.582130 1.238267 2.475019
v 3.889930 1.926567 3.730419
v 2.840630 1.765267 2.856119
v 3.992830 1.051867 0.750919
v 2.716930 3.555267 2.595019
v 2.607530 2.869867 3.167219
v 3.337330 2.518267 3.768019
v 4.561330 3.982767 -1.623781
v 4.029930 4.815467 -0.578781
v 5.714130 3.780467 -1.107081
v 3.288630 1.526267 -0.417181
v 3.627030 1.954067 -1.885681
v 4.950030 1.451967 -0.701581
v 2.189230 2.862767 1.332619
v 2.453930 2.182067 0.907819
v 3.334130 4.758667 0.312719
v 2.371030 3.811667 0.777119
v 2.796330 2.660167 -1.596381
v 2.664630 2.114667 -0.713481
v 2.234630 2.478067 -0.153881
v 5.324430 1.860867 2.171019
v 3.236230 3.623767 -1.801581
v 1.932730 2.882367 0.292319
v 5.980030 2.841767 1.030919
v 6.791730 2.669867 0.249219
v 6.428930 2.894767 -0.877581
v 5.733830 1.713467 -0.370481
v 5.906030 1.907967 0.831519
v 0.941830 10.401467 3.338819
v 3.258230 10.462067 3.290519
v 1.805130 11.701667 1.335619
v 0.465630 11.362967 1.384019
v 0.634030 10.765767 -3.097981
v 0.879830 9.457567 -2.327381
v -0.074570 9.616567 -1.833681
v -0.206870 10.456367 -2.430281
v 0.785130 11.852467 -0.799781
v -0.556670 11.173067 0.491319
v 4.422230 9.394467 2.859119
v 2.736530 9.351667 4.005419
v 2.382130 8.457467 2.724619
v 4.632930 8.856267 0.662319
v 0.039130 9.725667 1.813519
v 0.712430 9.106867 2.700619
v 1.559830 9.378167 3.727819
v 1.810530 11.576667 -3.017781
v 0.104330 11.771667 -2.133881
v 2.793230 12.285067 -2.034381
v 3.777030 8.714167 -1.090681
v 3.811430 9.338667 -2.935581
v 5.151130 9.929967 -0.999781
v 0.841830 8.837567 0.355219
v 2.013130 8.536367 0.115219
v -0.536570 11.173067 -1.199881
v -0.123070 9.710267 -0.576081
v 2.225830 9.232567 -3.010781
v 2.630030 8.693467 -1.793281
v 1.716930 8.624967 -1.330481
v 4.229630 10.439167 2.477919
v 1.349030 10.302367 -3.453881
v 0.870630 8.688067 -0.987081
v 3.704630 11.713767 0.940319
v 4.700330 12.224067 0.241319
v 4.406230 12.151667 -1.297481
v 5.308230 10.714167 -0.481081
v 4.903730 10.956767 0.970719
v -1.474170 0.143767 6.695719
v 1.049630 -0.312433 6.379219
v 0.296730 1.155467 9.564419
v -1.146870 1.457167 9.191619
v 0.483230 5.907267 6.571319
v -0.856970 4.603467 3.176019
v -2.415270 4.354067 3.286419
v -1.783070 5.043567 4.967919
v 0.708930 3.532167 10.119119
v -1.351070 3.329467 9.186419
v 2.134530 -0.198333 3.701919
v 0.070030 -0.528233 3.750819
v -0.630670 0.467467 1.636519
v 3.491230 1.617067 2.376719
v -2.652270 1.676567 4.831119
v -2.261070 0.939867 3.411619
v -1.214270 -0.055233 3.823419
v 2.183630 4.785767 7.053819
v 0.058630 5.199467 8.353319
v 3.509130 4.155367 8.440019
v 2.154530 2.804267 1.683119
v 3.382130 4.152167 2.813419
v 4.225230 2.752167 3.477519
v -1.991070 2.415767 2.250519
v -0.589870 2.292067 1.479019
v -1.388170 4.781667 7.774119
v -2.579270 3.398167 3.830319
v 2.059430 5.473167 3.858919
v 0.845930 3.569567 1.543119
v -0.625670 3.399067 1.447319
v 2.327130 0.069767 5.976019
v 1.349530 5.940967 5.666919
v -1.869870 3.315067 1.614219
v 2.983430 1.512167 9.602419
v 3.905730 2.107467 9.862119
v 4.571130 3.101967 8.253319
v 4.763030 2.262567 4.853219
v 3.352230 1.337367 6.888219
v -0.042770 4.907367 2.610219
v 0.601630 4.486567 2.410819
v 0.117930 5.686667 4.809719
v -0.029770 5.867567 3.520019
v 0.590230 7.610267 1.369519
v 0.340030 7.175167 0.537119
v -0.286470 7.076067 0.932219
v -0.081270 7.396967 1.227319
v 0.032230 7.022367 3.274819
v -0.485370 6.313367 2.068719
v 1.276530 4.420467 0.579219
v 0.775430 4.314267 0.727719
v 0.620630 4.860567 -0.303881
v 2.355930 5.518367 -0.516781
v -0.523170 5.556867 1.375219
v -0.309570 5.080267 0.688219
v 0.205630 4.586767 0.907819
v 1.485730 7.508667 2.498619
v 0.272430 7.395667 2.400619
v 1.894230 7.126167 4.530319
v 1.931230 6.322767 -0.670181
v 2.264530 7.126867 -0.204381
v 3.090830 6.226367 0.343219
v -0.071570 6.023767 0.157419
v 0.639530 5.986567 -0.402581
v -0.210970 6.972767 1.680919
v -0.412070 6.564667 1.160219
v 1.222030 7.309667 -0.019481
v 1.249430 6.727967 -0.540481
v 0.600930 6.622467 -0.393081
v 1.444230 4.637167 1.697419
v 0.938330 7.651867 1.218519
v 0.036430 6.568567 -0.132881
v 1.303530 5.407567 4.415419
v 3.619530 5.589767 3.259619
v 3.555130 6.253267 3.092419
v 3.713830 5.763667 1.467019
v 3.397530 5.182467 1.972319
v -4.780270 0.492467 8.654819
v -3.842170 -0.623533 9.395319
v -2.902170 0.450367 7.770119
v -3.707970 0.964067 7.286319
v -3.160070 0.192967 3.910619
v -4.352570 -0.430433 4.252919
v -4.687370 0.155367 4.338619
v -3.889570 0.533267 4.052519
v -2.686070 0.815167 5.901419
v -4.058470 1.297967 6.250219
v -4.216170 -1.706133 9.212719
v -5.143970 -0.787933 9.490319
v -5.756070 -1.128933 8.224819
v -4.108370 -2.255133 7.543219
v -5.359470 0.493767 7.080319
v -5.828670 -0.025133 7.809119
v -5.504770 -0.224533 8.905519
v -2.042070 -0.020633 4.545419
v -2.716770 0.987367 4.678719
v -1.284770 -0.098333 5.755719
v -4.164670 -2.063633 5.941119
v -3.210770 -1.980833 4.742719
v -2.629370 -2.195033 6.742819
v -5.489570 -0.429933 6.066419
v -5.250270 -1.160733 6.205219
v -3.676070 1.127567 5.014619
v -4.904370 0.339867 5.268219
v -3.883970 -1.255633 4.141319
v -4.460270 -1.575933 5.042919
v -4.966470 -1.113433 5.066619
v -3.314370 -1.188033 9.112619
v -3.205770 -0.396033 3.776619
v -5.308770 -0.637333 5.055219
v -2.086170 -0.515133 8.107419
v -1.119970 -0.846033 8.040319
v -0.951970 -0.879533 6.796419
v -2.016670 -1.877833 7.358119
v -2.284570 -1.434533 8.347819
v -5.607870 0.348467 3.303319
v -3.753270 0.237967 1.740719
v -4.185170 1.509467 3.303819
v -5.849870 1.252967 4.683119
v -4.617770 4.840867 1.812719
v -5.010870 4.449667 0.406719
v -6.296570 3.658567 1.079219
v -6.109070 4.030067 2.067619
v -4.757970 3.118967 4.088319
v -6.546270 1.844267 4.440519
v -3.086970 0.274367 -0.289681
v -4.598470 -0.104733 0.167619
v -4.967570 0.492367 -0.990581
v -2.199570 1.609067 -1.433381
v -6.656870 1.131067 1.299419
v -6.165070 0.688467 0.276919
v -5.454870 0.170867 0.432119
v -3.197470 4.856367 2.443019
v -5.383470 3.537867 3.667319
v -2.758670 4.133567 3.283119
v -3.025070 2.616767 -1.683081
v -2.632070 3.561267 -1.136381
v -1.501370 2.403767 -0.216181
v -6.117670 1.658167 -1.083081
v -5.500470 1.635567 -1.834781
v -7.057470 3.206567 4.328419
v -7.174870 2.970867 1.076519
v -4.148970 4.014067 -0.697581
v -4.393470 2.921467 -1.376881
v -5.881770 2.637967 -1.458981
v -2.517770 0.623667 0.977519
v -3.802470 4.954867 0.970019
v -6.438070 2.404267 -1.080081
v -2.252970 1.567567 2.480419
v -1.806970 1.741267 2.803319
v -1.193570 2.698567 2.311719
v -1.381870 2.076267 0.504919
v -1.507770 1.336867 1.232319
v -1.488770 0.537067 10.018419
v -0.804970 1.521067 8.607619
v -1.424870 2.471667 11.451219
v -2.008670 0.996867 11.789119
v -5.195670 2.592367 10.391019
v -5.211470 1.988167 9.181219
v -4.903870 1.337467 10.428819
v -5.195670 1.920667 10.651019
v -2.579570 2.807767 12.296119
v -2.946570 0.863067 12.211719
v -1.259570 1.874467 6.686919
v -1.096970 0.682567 7.833219
v -2.310270 0.581367 7.323619
v -3.136370 2.823367 5.161919
v -2.697970 0.095367 10.430319
v -2.447670 0.066567 9.086919
v -1.587470 0.296267 8.612619
v -4.309370 3.699867 10.889419
v -3.674270 2.734767 13.061519
v -2.943670 4.222867 11.065619
v -4.562770 2.775367 6.277719
v -5.030470 3.437167 7.470019
v -3.282270 4.264567 6.352119
v -3.878070 0.937167 7.861319
v -4.133670 1.377667 6.455519
v -3.787970 1.784567 12.516219
v -4.209570 0.987067 10.418019
v -5.828470 2.976967 7.861819
v -5.261770 2.440567 7.097319
v -5.228470 1.909267 7.515419
v -1.627070 2.975867 6.117119
v -5.660470 3.614267 8.956419
v -4.776470 1.119667 8.444019
v -1.382970 3.977567 9.121919
v -1.253170 4.523167 9.359319
v -2.359470 5.261167 8.913819
v -2.678670 4.495967 6.635119
v -1.767070 4.403967 6.702719
v -1.474170 -6.377833 0.660319
v 1.049630 -6.367133 -0.132681
v 0.296730 -7.659133 3.240619
v -1.146870 -7.328333 3.544419
v 0.483230 -4.120133 9.115719
v -0.856970 -2.643933 5.904819
v -2.415270 -2.802533 5.578819
v -1.783070 -3.517033 7.233619
v 0.708930 -7.079833 6.957219
v -1.351070 -6.615333 6.304619
v 2.134530 -4.770033 -0.979581
v 0.070030 -4.923433 -1.447781
v -0.630670 -3.318733 -0.780481
v 3.491230 -3.312433 1.196119
v -2.652270 -4.714333 2.214619
v -2.261070 -4.169933 0.589419
v -1.214270 -4.786233 -0.722281
v 2.183630 -4.825433 7.644319
v 0.058630 -5.422733 8.747219
v 3.509130 -5.869033 7.239919
v 2.154530 -2.459733 2.684419
v 3.382130 -2.604533 5.101519
v 4.225230 -3.520933 3.288119
v -1.991070 -2.936333 2.326519
v -0.589870 -2.535533 1.851419
v -1.388170 -5.245033 7.911319
v -2.579270 -3.480733 4.374819
v 2.059430 -2.710533 7.446719
v 0.845930 -2.088233 3.760419
v -0.625670 -2.097233 3.472519
v 2.327130 -5.988133 0.278419
v 1.349530 -3.582433 8.822419
v -1.869870 -2.226033 3.411919
v 2.983430 -7.545933 3.781319
v 3.905730 -7.470933 4.757919
v 4.571130 -6.160033 5.615119
v 4.763030 -4.505033 3.087419
v 3.352230 -6.036933 2.494319
v -0.042770 -2.200333 6.138619
v 0.601630 -2.244133 5.442219
v 0.117930 -3.181333 8.122319
v -0.029770 -2.364233 7.900119
v 0.590230 -0.455233 9.655619
v 0.340030 -0.137133 8.698119
v -0.286470 -0.404033 8.701619
v -0.081270 -0.453633 9.287019
v 0.032230 -1.784033 9.510719
v -0.485370 -1.352833 8.007419
v 1.276530 -1.206133 4.650219
v 0.775430 -1.332633 4.549819
v 0.620630 -0.526733 4.964519
v 2.355930 -0.153733 5.854319
v -0.523170 -1.237233 6.628519
v -0.309570 -1.019233 5.664819
v 0.205630 -1.333833 5.020119
v 1.485730 -1.149133 9.933819
v 0.272430 -1.135033 9.729919
v 1.894230 -2.473333 10.140019
v 1.931230 0.240367 6.982719
v 2.264530 0.274967 8.345619
v 3.090830 -0.384333 7.224819
v -0.071570 -0.353333 6.855519
v 0.639530 -0.042433 6.588119
v -0.210970 -0.877733 8.833219
v -0.412070 -0.730233 8.033619
v 1.222030 0.236967 8.685319
v 1.249430 0.318767 7.629619
v 0.600930 0.193167 7.529919
v 1.444230 -1.773033 5.393919
v 0.938330 -0.351833 9.659719
v 0.036430 0.021767 7.549119
v 1.303530 -3.058333 7.561119
v 3.619530 -2.318433 7.391519
v 3.555130 -1.969833 8.306919
v 3.713830 -1.212033 6.968319
v 3.397530 -1.725733 6.302619
v -7.524670 -5.903933 3.534819
v -5.726570 -5.702933 2.998119
v -5.803070 -6.561133 6.009119
v -7.766670 -6.361733 5.392419
v -6.633270 -3.993033 8.074319
v -6.921570 -3.468733 6.820619
v -7.948870 -4.162033 6.843319
v -7.469770 -4.096633 7.674519
v -6.102970 -6.270333 7.625319
v -8.379870 -6.010833 6.199119
v -4.864070 -4.640633 2.407019
v -6.514670 -5.204633 2.013819
v -6.883770 -4.306033 2.455319
v -3.957870 -2.950033 3.554219
v -8.573170 -5.393033 4.266019
v -8.081370 -4.967333 3.225219
v -7.371070 -5.253633 2.520619
v -5.247770 -4.711833 8.696619
v -6.813970 -5.976233 8.807119
v -4.245170 -5.559433 8.293219
v -4.870370 -2.617133 5.207719
v -4.679970 -2.862433 6.835619
v -2.782570 -3.382433 5.609319
v -7.205270 -3.653533 4.183319
v -6.343670 -2.921133 3.849219
v -7.739770 -5.673933 7.748519
v -8.096370 -4.545033 6.059019
v -5.599870 -2.574233 7.252019
v -5.754670 -2.566233 5.928319
v -6.473770 -2.756333 5.722219
v -3.573570 -4.203433 3.228619
v -5.184270 -3.135933 8.354919
v -7.502670 -3.395133 5.327819
v -3.345070 -5.616333 5.781219
v -2.766470 -5.794433 6.296719
v -2.179870 -4.990633 7.406819
v -2.405970 -3.843633 5.559719
v -2.214170 -4.384333 4.889619
v -4.780270 -7.382633 1.917719
v -3.842170 -8.235533 0.552119
v -2.902170 -6.885133 1.520119
v -3.707970 -6.409533 2.094419
v -3.160070 -4.742733 -0.323181
v -4.352570 -5.177733 -1.113081
v -4.687370 -5.005433 -0.216381
v -3.889570 -4.696033 0.232719
v -2.686070 -5.662233 1.349619
v -4.058470 -5.681533 2.194119
v -4.216170 -8.540133 -1.114281
v -5.143970 -8.353033 0.345519
v -5.756070 -7.747933 -0.637381
v -4.108370 -7.779333 -2.557281
v -5.359470 -6.468233 1.322519
v -5.828670 -7.088133 0.833419
v -5.504770 -7.800033 0.954919
v -2.042070 -5.192133 -0.397581
v -2.716770 -4.887333 1.140119
v -1.284770 -5.924033 -0.053181
v -4.164670 -6.776833 -2.882181
v -3.210770 -6.049933 -3.214481
v -2.629370 -7.292033 -2.772081
v -5.489570 -6.230133 -0.424581
v -5.250270 -6.587833 -1.450081
v -3.676070 -5.029033 1.474219
v -4.904370 -5.474933 0.408319
v -3.883970 -5.425933 -2.372681
v -4.460270 -6.070633 -2.503281
v -4.966470 -5.909033 -1.812081
v -3.314370 -8.285533 -0.387781
v -3.205770 -4.888333 -1.242981
v -5.308770 -5.721833 -1.113981
v -2.086170 -7.446933 0.223719
v -1.119970 -7.533533 -0.289981
v -0.951970 -6.824333 -0.811081
v -2.016670 -7.528833 -2.070881
v -2.284570 -7.935133 -1.041481
v -5.641870 -1.800633 9.618419
v -3.597870 -2.550833 10.188519
v -3.829970 -0.494933 10.118119
v -5.088470 -0.261533 9.436219
v -3.356870 1.052167 5.936619
v -3.734170 -0.163833 4.904419
v -4.716770 0.076767 5.188719
v -4.413270 0.888267 5.793119
v -3.862370 0.790467 8.723719
v -5.676470 0.323167 8.413419
v -2.662270 -3.464733 8.898519
v -4.575870 -3.352033 9.184319
v -4.593970 -3.294933 7.222519
v -1.757570 -3.021133 6.917219
v -5.993070 -1.318433 7.640519
v -5.888270 -2.291933 7.607919
v -5.485270 -2.816633 8.773419
v -2.182870 1.124567 7.230119
v -3.959870 1.497667 7.632119
v -1.546870 0.846867 8.924419
v -1.860370 -2.128033 5.448419
v -0.981470 -1.023533 5.046419
v -0.427470 -1.871933 7.280519
v -4.936570 -1.591533 5.838019
v -3.895170 -2.096933 5.591519
v -5.009970 0.976867 7.354019
v -5.220370 -0.338133 6.081719
v -2.353770 -0.508633 4.510519
v -2.591470 -1.466833 4.720319
v -3.577670 -1.372733 4.721119
v -2.447470 -2.586533 9.870919
v -2.703870 0.648167 5.318419
v -4.430270 -1.171933 4.820319
v -2.025870 -0.995033 10.316619
v -0.777670 -0.745533 10.717219
v -0.458870 -0.087833 9.595019
v -0.313070 -1.632333 8.585619
v -1.166870 -1.904633 9.698519
v -5.607870 -4.331233 -0.324081
v -3.753270 -3.466233 -1.079581
v -4.185170 -3.891333 1.388919
v -5.849870 -4.789133 1.533519
v -4.617770 -1.762633 5.738119
v -5.010870 -1.094933 4.627819
v -6.296570 -1.785233 3.715719
v -6.109070 -2.218033 4.638619
v -4.757970 -3.736333 4.060719
v -6.546270 -4.424033 2.313819
v -3.086970 -2.274033 -1.795781
v -4.598470 -2.683133 -2.181681
v -4.967570 -1.784633 -1.740081
v -2.199570 -1.104133 -0.260481
v -6.656870 -2.871533 0.070619
v -6.165070 -2.445833 -0.970081
v -5.454870 -2.732233 -1.674781
v -3.197470 -2.122633 6.000019
v -5.383470 -3.333133 4.519119
v -2.758670 -2.884233 5.252319
v -3.025070 -0.577133 1.131419
v -2.632070 -0.536233 2.732119
v -1.501370 -1.509233 1.373419
v -6.117670 -1.288833 -0.055181
v -5.500470 -0.861133 -0.373681
v -7.057470 -3.842433 4.281019
v -7.174870 -2.044433 2.700219
v -4.148970 -0.619233 3.566419
v -4.393470 -0.639233 1.697119
v -5.881770 -0.699133 1.247619
v -2.517770 -2.877033 -0.799981
v -3.802470 -1.230333 5.586719
v -6.438170 -1.007633 1.046519
v -2.252970 -3.391433 1.162319
v -1.806970 -3.512933 1.541119
v -1.193570 -2.864633 2.766919
v -1.381870 -2.051933 1.163719
v -1.507770 -2.754533 0.348719
v -1.488770 -8.157133 2.500419
v -0.804970 -6.965133 3.417219
v -1.424870 -8.255133 5.897719
v -2.008670 -9.010433 3.850219
v -5.195670 -7.594033 5.673919
v -5.211470 -7.120933 4.323719
v -4.903870 -8.091833 3.836919
v -5.195670 -7.999633 4.781519
v -2.579570 -8.618033 6.714019
v -2.946570 -9.306433 3.813119
v -1.259570 -5.716433 3.210219
v -1.096970 -6.833733 1.886519
v -2.310270 -6.576333 1.544019
v -3.136370 -4.471433 4.031819
v -2.697970 -8.563633 2.005119
v -2.447670 -7.794833 1.453219
v -1.587470 -7.432533 1.612219
v -4.309370 -7.463333 7.496719
v -3.674270 -9.089933 6.896619
v -2.943670 -7.367233 8.335019
v -4.562770 -5.137333 4.384019
v -5.030470 -5.578333 5.812519
v -3.282270 -4.615733 6.609219
v -3.878070 -6.753433 2.272719
v -4.133670 -5.770533 2.389619
v -3.787970 -9.133733 5.288119
v -4.209570 -8.218433 3.315919
v -5.828470 -5.980233 5.282219
v -5.261770 -5.739933 4.200919
v -5.228470 -6.184033 3.575719
v -1.627070 -4.968033 4.619019
v -5.660470 -6.373933 6.637419
v -4.776470 -7.022433 2.763019
v -1.382970 -6.332233 7.236119
v -1.253170 -6.263133 8.131119
v -2.359470 -5.724633 9.050819
v -2.678670 -4.692333 7.057919
v -1.767070 -4.766433 6.947819
v 1.414630 -6.377833 -0.628481
v -0.239070 -6.367133 1.814119
v -1.270870 -7.659133 -1.449081
v -0.252070 -7.328333 -2.725181
v -4.277970 -4.120133 -6.063081
v -1.633970 -2.643933 -4.425481
v -0.216270 -2.802533 -5.274581
v -1.531670 -3.517033 -6.160281
v -3.410870 -7.079833 -4.157981
v -1.429070 -6.615333 -5.101281
v -0.703970 -4.770033 3.272919
v 1.191830 -4.923433 2.177319
v 1.433630 -3.318733 1.137919
v -2.857970 -3.312433 2.483519
v 1.610930 -4.714333 -2.725481
v 2.084930 -4.169933 -1.133081
v 1.876930 -4.786233 0.674219
v -4.936470 -4.825433 -3.660181
v -3.755770 -5.422733 -6.068581
v -5.810970 -5.869033 -2.387081
v -2.501570 -2.459733 0.326619
v -4.668570 -2.604533 -0.749981
v -4.468170 -3.520933 1.317219
v 1.022230 -2.936333 -2.343881
v 0.120930 -2.535533 -0.959581
v -2.180270 -5.245033 -6.426081
v 0.501530 -3.480733 -4.418881
v -4.740070 -2.710533 -3.589281
v -1.967370 -2.088233 -1.476981
v -0.638270 -2.097233 -2.295081
v -1.471170 -5.988133 2.394019
v -4.835370 -3.582433 -5.207681
v 0.396630 -2.226033 -3.134381
v -3.704570 -7.545933 0.032019
v -4.924670 -7.470933 -0.098581
v -5.879070 -6.160033 -0.316081
v -4.805170 -4.505033 1.863319
v -3.376870 -6.036933 1.335319
v -2.405470 -2.200333 -4.033081
v -2.587670 -2.244133 -3.010381
v -3.499770 -3.181333 -5.521181
v -3.272470 -2.364233 -5.447181
v -4.626870 -0.455233 -6.422981
v -3.959170 -0.137133 -5.827981
v -3.454670 -0.404033 -6.278081
v -3.905070 -0.453633 -6.604481
v -4.105670 -1.784033 -6.704181
v -2.956470 -1.352833 -5.859081
v -2.747770 -1.206133 -1.888581
v -2.294170 -1.332633 -2.165181
v -2.370670 -0.526733 -2.610781
v -4.205470 -0.153733 -2.090881
v -2.255470 -1.237233 -4.771881
v -1.959570 -1.019233 -3.840781
v -2.062370 -1.333833 -2.951981
v -5.485770 -1.149133 -6.008381
v -4.406270 -1.135033 -6.709881
v -5.916070 -2.473333 -5.883381
v -4.410870 0.240367 -3.305881
v -5.342770 0.274967 -4.169081
v -5.465570 -0.384433 -2.673581
v -2.730770 -0.353333 -4.632881
v -3.175370 -0.042433 -3.909181
v -3.579670 -0.877733 -6.330481
v -3.028470 -0.730233 -5.827981
v -4.665670 0.236967 -5.187881
v -4.174470 0.318767 -4.315381
v -3.602070 0.193167 -4.697781
v -3.244870 -1.773033 -2.369781
v -4.910170 -0.351833 -6.177681
v -3.155270 0.021767 -5.116281
v -4.184870 -3.058333 -4.221381
v -5.973770 -2.318433 -2.430881
v -6.366870 -1.969833 -3.216481
v -5.844270 -1.212033 -2.021581
v -5.264970 -1.725733 -1.709481
v 4.905930 -5.903933 -7.270781
v 3.714030 -5.702933 -5.553481
v 2.311930 -6.561133 -8.040981
v 4.198330 -6.361733 -8.944581
v 1.978630 -3.993033 -10.302381
v 2.821030 -3.468733 -9.495281
v 3.640130 -4.162033 -10.246981
v 2.848930 -4.096633 -10.576581
v 1.768330 -6.270333 -9.560981
v 4.301530 -6.010833 -10.034181
v 3.304530 -4.640633 -4.460081
v 4.829430 -5.204633 -5.320781
v 4.912930 -4.306033 -5.941081
v 2.014530 -2.950033 -4.740081
v 5.397630 -5.393033 -8.610181
v 5.506330 -4.967333 -7.418181
v 5.274930 -5.253633 -6.341681
v 0.556530 -4.711833 -9.816081
v 1.768330 -5.976233 -11.023481
v -0.057470 -5.559433 -8.774281
v 1.947930 -2.617133 -6.727581
v 1.002530 -2.862433 -7.906981
v 0.065630 -3.382433 -5.561481
v 4.332530 -3.653533 -7.566781
v 3.798730 -2.921133 -6.681681
v 3.031030 -5.673933 -10.829081
v 4.140630 -4.545033 -9.718481
v 1.543330 -2.574233 -8.900181
v 2.312030 -2.566233 -7.941181
v 2.993330 -2.756333 -8.287981
v 1.862230 -4.203533 -4.202581
v 0.671330 -3.135933 -9.494681
v 4.016430 -3.395133 -8.703881
v 0.436530 -5.616333 -6.101981
v -0.281570 -5.794433 -6.105381
v -1.295270 -4.990633 -6.583581
v -0.214570 -3.843633 -5.252581
v -0.043670 -4.384333 -4.574181
v 3.474630 -7.382633 -4.004881
v 3.380630 -8.235533 -2.231681
v 2.150430 -6.885133 -2.342681
v 2.522330 -6.409533 -3.382081
v 3.255030 -4.742733 -1.037481
v 4.602630 -5.177733 -1.250581
v 4.437130 -5.005333 -2.214181
v 3.574230 -4.696033 -2.007481
v 2.058730 -5.662233 -2.050681
v 2.757030 -5.681533 -3.712881
v 4.493030 -8.540133 -1.152281
v 4.532930 -8.353033 -2.994181
v 5.505430 -7.747933 -2.636981
v 5.107530 -7.779333 0.090619
v 4.232030 -6.468233 -3.937481
v 4.849030 -7.088133 -3.877281
v 4.528130 -7.800033 -3.744181
v 2.387830 -5.192133 -0.179181
v 2.185430 -4.887333 -1.903381
v 1.608530 -5.924033 0.083219
v 5.311030 -6.776833 0.313019
v 4.701830 -6.049933 1.262519
v 4.016930 -7.292033 1.320119
v 5.186630 -6.230133 -2.618581
v 5.491830 -6.587833 -1.619181
v 2.798130 -5.029033 -2.858181
v 4.308830 -5.474933 -2.873881
v 4.836430 -5.425933 0.101719
v 5.365530 -6.070633 -0.204181
v 5.438530 -5.909033 -1.124081
v 3.411130 -8.285533 -1.095381
v 3.739130 -4.888233 -0.326881
v 5.375630 -5.721833 -1.932481
v 2.121430 -7.446933 -0.712681
v 1.590430 -7.533533 0.392219
v 1.708030 -6.824333 0.933219
v 3.180930 -7.528833 1.190919
v 2.896830 -7.935133 0.167919
v 0.426830 -1.800633 -10.842281
v -1.501970 -2.550833 -9.843581
v -1.280170 -0.494933 -9.952381
v 0.068230 -0.261533 -10.299881
v 0.370530 1.052167 -6.235881
v 1.177330 -0.163833 -5.671281
v 1.833030 0.076767 -6.602581
v 1.293830 0.888267 -6.874181
v -0.576170 0.790467 -8.848881
v 1.040630 0.323167 -9.893381
v -1.630770 -3.464733 -8.133281
v -0.223470 -3.352033 -9.730381
v 0.744930 -3.294933 -8.158181
v -1.398370 -3.021133 -5.886481
v 1.672230 -1.318433 -9.494881
v 1.603430 -2.291933 -9.393681
v 0.711130 -2.816633 -10.047681
v -1.206970 1.124567 -6.442981
v 0.033430 1.497667 -8.036381
v -2.544570 0.846867 -7.357881
v -0.601270 -2.128033 -4.773081
v -1.115970 -1.023533 -3.820781
v -2.649870 -1.871933 -5.230381
v 1.694930 -1.591533 -7.284081
v 0.973230 -2.096933 -6.341481
v 1.017130 0.976867 -8.561481
v 1.805730 -0.338133 -7.683681
v 0.253330 -0.508633 -4.367481
v 0.343530 -1.466833 -4.706681
v 1.139930 -1.372733 -5.411481
v -2.277070 -2.586533 -8.765681
v 0.143430 0.648167 -5.270181
v 1.780630 -1.171933 -6.100281
v -2.834470 -0.995033 -8.824781
v -4.037870 -0.745533 -8.257381
v -3.749770 -0.087833 -7.122981
v -3.376770 -1.632333 -6.203281
v -3.228070 -1.904633 -7.712181
v 5.233330 -4.331233 -2.784281
v 4.102130 -3.466233 -0.849781
v 3.250930 -3.891333 -3.152681
v 4.525730 -4.789133 -4.458081
v 1.485930 -1.762633 -6.975781
v 2.343330 -1.094933 -6.359281
v 3.825730 -1.785233 -6.540181
v 3.225530 -2.218033 -7.152081
v 2.414730 -3.736333 -5.720481
v 4.709030 -4.424033 -5.585781
v 3.911930 -2.274033 0.204619
v 5.320830 -2.683233 -0.562781
v 5.404330 -1.784633 -1.182981
v 2.448530 -1.104133 -0.402381
v 5.889030 -2.871533 -3.852181
v 5.997730 -2.445833 -2.660181
v 5.766330 -2.732233 -1.583681
v 0.210930 -2.122633 -6.173381
v 2.697230 -3.333133 -6.537481
v 0.219930 -2.884233 -5.255981
v 2.438730 -0.577133 -2.116381
v 1.342930 -0.536233 -3.129181
v 1.089930 -1.509233 -1.224181
v 5.514530 -1.288833 -3.365581
v 5.170630 -0.861133 -2.667581
v 4.165630 -3.842433 -7.540181
v 5.029030 -2.044433 -6.346781
v 2.162930 -0.619233 -4.886281
v 3.269430 -0.639333 -3.550481
v 4.690530 -0.699133 -4.249781
v 2.967830 -2.877033 -0.193681
v 0.900730 -1.230333 -6.271381
v 5.237830 -1.007633 -4.484481
v 1.799830 -3.391433 -1.590181
v 1.255330 -3.512933 -1.577881
v 0.163630 -2.864633 -2.130381
v 1.095330 -2.051933 -0.969281
v 1.593330 -2.754533 -0.400781
v 0.531730 -8.157133 -2.125781
v -0.466470 -6.965133 -2.378381
v -1.171670 -8.255133 -4.825281
v 0.295530 -9.010433 -3.587581
v 1.984030 -7.594033 -7.336481
v 2.653330 -7.120933 -6.256781
v 2.641330 -8.091833 -5.643781
v 2.417930 -7.999633 -6.615381
v -0.635470 -8.618033 -6.309181
v 1.071430 -9.306433 -4.227181
v 0.001530 -5.716433 -2.535681
v 0.513630 -6.833733 -1.350081
v 1.660530 -6.576333 -1.939481
v 1.118530 -4.471433 -4.539481
v 1.749630 -8.563633 -2.588881
v 1.815730 -7.794833 -1.964281
v 1.043330 -7.432533 -1.478481
v 0.381730 -7.463333 -8.176581
v 0.160230 -9.089933 -7.238281
v -1.129370 -7.367233 -7.878981
v 2.099830 -5.137333 -5.842381
v 1.783130 -5.578333 -7.330481
v -0.016770 -4.615733 -6.726281
v 2.573130 -6.753433 -3.647681
v 2.722730 -5.770533 -3.924481
v 1.034130 -9.133733 -6.019781
v 2.333730 -8.218333 -4.727181
v 2.685830 -5.980233 -7.471781
v 2.753630 -5.739933 -6.193481
v 3.030730 -6.184033 -5.664581
v -0.386470 -4.968033 -3.936381
v 1.891130 -6.373933 -8.446781
v 3.060630 -7.022433 -4.685181
v -1.856170 -6.332133 -5.876781
v -2.396170 -6.263133 -6.507281
v -1.949470 -5.724633 -8.040181
v -0.722670 -4.692333 -6.657781
v -1.405670 -4.766433 -5.917981
v 1.414630 1.107467 -0.628481
v -0.239070 1.118167 1.814119
v -1.270870 -0.173833 -1.449081
v -0.252070 0.156867 -2.725181
v -4.277970 3.365167 -6.063081
v -1.633970 4.841267 -4.425481
v -0.216270 4.682767 -5.274581
v -1.531670 3.968167 -6.160281
v -3.410870 0.405467 -4.157981
v -1.429070 0.869867 -5.101281
v -0.703970 2.715267 3.272919
v 1.191830 2.561767 2.177319
v 1.433630 4.166467 1.137919
v -2.857970 4.172767 2.483519
v 1.610930 2.770867 -2.725481
v 2.084930 3.315367 -1.133081
v 1.876930 2.699067 0.674219
v -4.936470 2.659867 -3.660181
v -3.755770 2.062567 -6.068581
v -5.810970 1.616267 -2.387081
v -2.501570 5.025567 0.326619
v -4.668570 4.880667 -0.749981
v -4.468170 3.964367 1.317219
v 1.022230 4.548967 -2.343881
v 0.120930 4.949767 -0.959581
v -2.180270 2.240267 -6.426081
v 0.501530 4.004567 -4.418881
v -4.740070 4.774767 -3.589281
v -1.967370 5.396967 -1.476981
v -0.638270 5.387967 -2.295081
v -1.471170 1.497067 2.394019
v -4.835370 3.902867 -5.207681
v 0.396630 5.259167 -3.134381
v -3.704570 -0.060633 0.032019
v -4.924670 0.014367 -0.098481
v -5.879070 1.325167 -0.316081
v -4.805170 2.980267 1.863419
v -3.376870 1.448367 1.335319
v -2.405470 5.284967 -4.033081
v -2.587670 5.241167 -3.010381
v -3.499770 4.303967 -5.521181
v -3.272470 5.120967 -5.447181
v -4.626870 7.030067 -6.422981
v -3.959170 7.348067 -5.827981
v -3.454670 7.081167 -6.278081
v -3.905070 7.031667 -6.604481
v -4.105570 5.701267 -6.704181
v -2.956470 6.132367 -5.859181
v -2.747770 6.279067 -1.888581
v -2.294170 6.152667 -2.165181
v -2.370670 6.958467 -2.610781
v -4.205370 7.331567 -2.090881
v -2.255470 6.247967 -4.771881
v -1.959570 6.466067 -3.840781
v -2.062370 6.151467 -2.951981
v -5.485770 6.336167 -6.008381
v -4.406270 6.350167 -6.709881
v -5.916070 5.011967 -5.883381
v -4.410870 7.725567 -3.305881
v -5.342770 7.760167 -4.169081
v -5.465570 7.100867 -2.673581
v -2.730770 7.131867 -4.632881
v -3.175370 7.442767 -3.909181
v -3.579670 6.607467 -6.330481
v -3.028470 6.754967 -5.827981
v -4.665670 7.722167 -5.187881
v -4.174470 7.803967 -4.315381
v -3.602070 7.678367 -4.697781
v -3.244870 5.712267 -2.369781
v -4.910170 7.133467 -6.177681
v -3.155270 7.506967 -5.116281
v -4.184870 4.426967 -4.221381
v -5.973770 5.166867 -2.430881
v -6.366870 5.515467 -3.216481
v -5.844270 6.273167 -2.021581
v -5.264970 5.759567 -1.709481
v 4.905930 1.581367 -7.270781
v 3.714030 1.782367 -5.553481
v 2.311930 0.924167 -8.040981
v 4.198330 1.123467 -8.944581
v 1.978630 3.492167 -10.302381
v 2.821030 4.016467 -9.495281
v 3.640130 3.323267 -10.246981
v 2.848930 3.388667 -10.576581
v 1.768330 1.214867 -9.560981
v 4.301530 1.474367 -10.034181
v 3.304530 2.844667 -4.460081
v 4.829430 2.280567 -5.320781
v 4.912930 3.179167 -5.941081
v 2.014530 4.535267 -4.740081
v 5.397630 2.092267 -8.610181
v 5.506330 2.517867 -7.418181
v 5.274930 2.231567 -6.341681
v 0.556530 2.773367 -9.816081
v 1.768330 1.509067 -11.023481
v -0.057470 1.925767 -8.774281
v 1.947930 4.868167 -6.727581
v 1.002530 4.622867 -7.906981
v 0.065630 4.102767 -5.561481
v 4.332530 3.831767 -7.566781
v 3.798730 4.564167 -6.681681
v 3.031030 1.811367 -10.829081
v 4.140630 2.940267 -9.718481
v 1.543330 4.910967 -8.900181
v 2.312030 4.919067 -7.941181
v 2.993330 4.728867 -8.287981
v 1.862230 3.281767 -4.202581
v 0.671330 4.349367 -9.494681
v 4.016430 4.090167 -8.703881
v 0.436530 1.868867 -6.101981
v -0.281570 1.690867 -6.105381
v -1.295270 2.494667 -6.583581
v -0.214570 3.641667 -5.252581
v -0.043670 3.100967 -4.574181
v 3.474630 0.102667 -4.004881
v 3.380630 -0.750333 -2.231681
v 2.150430 0.600067 -2.342681
v 2.522330 1.075767 -3.382081
v 3.255030 2.742567 -1.037481
v 4.602630 2.307467 -1.250581
v 4.437130 2.479867 -2.214181
v 3.574230 2.789267 -2.007481
v 2.058730 1.823067 -2.050681
v 2.757030 1.803667 -3.712881
v 4.493030 -1.054933 -1.152281
v 4.532930 -0.867833 -2.994181
v 5.505430 -0.262633 -2.636981
v 5.107530 -0.294133 0.090619
v 4.232030 1.016967 -3.937481
v 4.849030 0.397167 -3.877281
v 4.528130 -0.314733 -3.744181
v 2.387830 2.293167 -0.179181
v 2.185430 2.597967 -1.903381
v 1.608530 1.561167 0.083219
v 5.311030 0.708367 0.313019
v 4.701830 1.435267 1.262519
v 4.016930 0.193167 1.320119
v 5.186630 1.255167 -2.618581
v 5.491830 0.897467 -1.619181
v 2.798130 2.456167 -2.858181
v 4.308830 2.010267 -2.873881
v 4.836430 2.059367 0.101719
v 5.365530 1.414567 -0.204181
v 5.438530 1.576167 -1.124081
v 3.411130 -0.800333 -1.095381
v 3.739130 2.596967 -0.326881
v 5.375630 1.763367 -1.932481
v 2.121430 0.038267 -0.712681
v 1.590430 -0.048233 0.392219
v 1.708030 0.660967 0.933219
v 3.180930 -0.043633 1.190919
v 2.896830 -0.449933 0.167919
v 5.233330 3.153967 -2.784281
v 4.102130 4.018967 -0.849781
v 3.250930 3.593967 -3.152681
v 4.525730 2.696167 -4.458081
v 1.485930 5.722567 -6.975781
v 2.343330 6.390267 -6.359281
v 3.825730 5.699967 -6.540181
v 3.225530 5.267167 -7.152081
v 2.414730 3.748967 -5.720481
v 4.709030 3.061167 -5.585781
v 3.911930 5.211167 0.204619
v 5.320830 4.802067 -0.562681
v 5.404330 5.700667 -1.182981
v 2.448530 6.381067 -0.402381
v 5.889030 4.613767 -3.852181
v 5.997730 5.039367 -2.660181
v 5.766330 4.753067 -1.583681
v 0.210930 5.362667 -6.173381
v 2.697230 4.152067 -6.537481
v 0.219930 4.600967 -5.255981
v 2.438730 6.908167 -2.116381
v 1.342930 6.949067 -3.129181
v 1.089930 5.975967 -1.224181
v 5.514530 6.196367 -3.365481
v 5.170630 6.624167 -2.667581
v 4.165630 3.642767 -7.540181
v 5.029030 5.440767 -6.346781
v 2.162930 6.866067 -4.886281
v 3.269430 6.845967 -3.550481
v 4.690530 6.786167 -4.249781
v 2.967830 4.608267 -0.193681
v 0.900730 6.254867 -6.271381
v 5.237830 6.477567 -4.484481
v 1.799830 4.093867 -1.590181
v 1.255330 3.972367 -1.577881
v 0.163630 4.620667 -2.130381
v 1.095330 5.433267 -0.969281
v 1.593330 4.730767 -0.400781
v 0.531730 -0.671833 -2.125781
v -0.466470 0.520067 -2.378381
v -1.171570 -0.769833 -4.825281
v 0.295530 -1.525233 -3.587581
v 1.984030 -0.108733 -7.336481
v 2.653330 0.364267 -6.256781
v 2.641330 -0.606533 -5.643781
v 2.417930 -0.514333 -6.615381
v -0.635470 -1.132733 -6.309181
v 1.071430 -1.821233 -4.227181
v 0.001530 1.768867 -2.535681
v 0.513630 0.651567 -1.350081
v 1.660530 0.908967 -1.939481
v 1.118530 3.013767 -4.539481
v 1.749630 -1.078433 -2.588881
v 1.815730 -0.309633 -1.964281
v 1.043330 0.052767 -1.478481
v 0.381730 0.021967 -8.176581
v 0.160230 -1.604633 -7.238281
v -1.129370 0.117967 -7.878981
v 2.099830 2.347967 -5.842381
v 1.783130 1.906867 -7.330481
v -0.016770 2.869467 -6.726281
v 2.573130 0.731867 -3.647681
v 2.722730 1.714767 -3.924481
v 1.034130 -1.648533 -6.019781
v 2.333730 -0.733133 -4.727181
v 2.685830 1.504967 -7.471781
v 2.753630 1.745267 -6.193481
v 3.030730 1.301267 -5.664581
v -0.386470 2.517167 -3.936381
v 1.891130 1.111367 -8.446781
v 3.060630 0.462867 -4.685181
v -1.856170 1.153067 -5.876781
v -2.396170 1.222167 -6.507281
v -1.949470 1.760567 -8.040181
v -0.722670 2.792967 -6.657781
v -1.405670 2.718867 -5.917981
# 3ds Max Wavefront OBJ Exporter v0.99 - (c)2007 guruware
# File Created: 07.06.2025 17:52:16

mtllib tree.mtl

#
# object Box001
#

# 1918 vertices

vn -0.0114 -0.9983 0.0577
vn -0.0312 0.0516 0.9982
vn 0.9831 0.1810 -0.0274
vn -0.0367 0.1000 -0.9943
vn -0.9999 0.0082 0.0145
vn -0.1112 -0.0225 0.9935
vn 0.9951 0.0103 0.0982
vn -0.0774 0.0497 -0.9958
vn -0.9895 0.0102 -0.1442
vn 0.0404 -0.0266 0.9988
vn 0.8604 -0.5043 -0.0734
vn -0.0309 0.0466 -0.9984
vn -0.8365 0.5375 -0.1067
vn 0.0687 0.2387 0.9686
vn 0.9827 0.1825 -0.0310
vn -0.1562 -0.2555 -0.9541
vn -0.9971 -0.0754 -0.0118
vn 0.0989 0.4309 0.8970
vn 0.7274 0.6837 -0.0584
vn -0.3392 -0.4748 -0.8121
vn -0.7716 -0.6356 0.0264
vn 0.0321 0.9991 -0.0282
vn 0.0194 0.1007 0.9947
vn -0.0141 0.0827 -0.9965
vn -0.9398 0.3386 0.0464
vn -0.1683 0.9840 -0.0590
vn 0.4604 0.1224 0.8792
vn -0.4342 0.0505 -0.8994
vn 0.3898 -0.9208 0.0138
vn -0.7287 0.6847 -0.0111
vn 0.2886 -0.1751 0.9413
vn 0.0332 -0.0458 -0.9984
vn 0.7436 -0.6561 0.1289
vn 0.8647 0.4372 -0.2474
vn -0.0771 0.0844 0.9934
vn 0.9730 -0.2179 0.0756
vn -0.0523 -0.0075 -0.9986
vn 0.3035 0.9475 -0.1004
vn -0.1151 0.0869 -0.9895
vn 0.0371 -0.0354 0.9987
vn -0.5914 -0.8064 -0.0034
vn 0.7694 0.5486 -0.3271
vn -0.3304 0.0515 -0.9424
vn 0.1691 0.1300 0.9770
vn -0.8016 -0.5313 0.2742
vn 0.6492 0.7287 -0.2180
vn -0.0435 0.0592 -0.9973
vn 0.2128 0.0401 0.9763
vn -0.7344 -0.6429 0.2175
vn -0.5163 0.8535 -0.0697
vn 0.5592 0.0870 0.8245
vn -0.3139 -0.2125 -0.9254
vn 0.5965 -0.7984 0.0825
vn 0.1485 -0.9820 0.1167
vn 0.2749 -0.9613 -0.0200
vn 0.2802 -0.9573 0.0711
vn 0.1903 -0.9704 0.1485
vn -0.4033 0.9096 0.1000
vn -0.4832 0.8718 0.0802
vn -0.4506 0.8917 0.0428
vn -0.4056 0.9133 0.0374
vn 0.5855 -0.6288 0.5117
vn 0.5658 -0.2037 0.7990
vn 0.1702 -0.7222 0.6704
vn 0.2281 -0.7337 0.6400
vn -0.2307 -0.7817 -0.5794
vn -0.3374 -0.8352 -0.4343
vn -0.6601 -0.5841 -0.4723
vn -0.4421 -0.4696 -0.7642
vn -0.2474 -0.9536 0.1714
vn -0.8370 -0.4699 0.2805
vn -0.8602 -0.5063 0.0605
vn -0.2744 -0.9572 0.0914
vn 0.1857 0.8908 0.4148
vn 0.1204 0.3159 0.9411
vn 0.8176 -0.1907 0.5433
vn -0.0508 0.9226 -0.3824
vn 0.1499 0.9629 -0.2243
vn 0.2357 0.8220 -0.5185
vn 0.2231 0.3822 -0.8968
vn -0.7222 -0.6382 -0.2669
vn -0.9621 -0.0305 -0.2711
vn -0.7644 0.1864 -0.6172
vn -0.8274 -0.1867 0.5297
vn -0.8053 0.3412 0.4849
vn -0.9453 0.1361 0.2966
vn 0.0609 -0.9969 0.0498
vn 0.1701 -0.9845 -0.0424
vn -0.5020 0.8627 0.0610
vn -0.5649 0.8251 -0.0132
vn -0.5610 0.8278 0.0052
vn 0.3314 -0.4976 -0.8016
vn -0.2092 -0.9385 0.2748
vn 0.4526 0.8745 -0.1744
vn 0.2839 0.9587 -0.0166
vn 0.1667 0.9440 -0.2847
vn -0.9423 -0.3204 0.0973
vn -0.9966 -0.0672 0.0484
vn -0.9051 0.1093 0.4109
vn 0.3710 -0.9240 -0.0922
vn 0.4078 -0.9118 -0.0471
vn -0.3988 0.9012 0.1697
vn 0.7444 -0.5294 0.4070
vn -0.4543 -0.8605 -0.2308
vn -0.2637 0.8834 0.3873
vn -0.1197 0.0413 0.9920
vn -0.1440 0.9318 0.3333
vn -0.5135 0.7219 -0.4639
vn -0.6070 0.1664 -0.7771
vn -0.8171 0.4566 -0.3519
vn 0.3095 -0.9367 -0.1634
vn -0.5495 0.8337 0.0546
vn 0.6435 -0.5102 0.5706
vn 0.0250 0.9997 0.0059
vn 0.3166 -0.9411 -0.1183
vn 0.2687 0.1073 -0.9572
vn 0.9326 0.0255 -0.3601
vn -0.0591 0.9546 0.2918
vn -0.1094 0.9261 -0.3611
vn -0.9326 0.2564 -0.2539
vn -0.7417 0.3765 0.5550
vn 0.2560 0.9666 0.0081
vn 0.9132 -0.3481 -0.2120
vn 0.9065 0.1181 -0.4053
vn 0.9627 0.1066 -0.2488
vn 0.9491 -0.2708 -0.1612
vn -0.6740 -0.6457 0.3590
vn -0.6316 -0.7242 0.2768
vn -0.7040 -0.6566 0.2708
vn -0.7462 -0.5945 0.2994
vn 0.8982 0.1861 0.3983
vn 0.8148 0.1034 0.5704
vn 0.7355 -0.5382 0.4115
vn 0.7811 -0.4685 0.4129
vn -0.1790 -0.2591 -0.9491
vn -0.1114 -0.6664 -0.7372
vn -0.2667 -0.6807 -0.6823
vn -0.5372 -0.3065 -0.7858
vn 0.3047 -0.9447 -0.1213
vn 0.0336 -0.9993 -0.0149
vn 0.0127 -0.9923 -0.1230
vn 0.2649 -0.9465 -0.1842
vn -0.2693 0.2054 0.9409
vn 0.2516 -0.1078 0.9618
vn 0.4829 0.7151 0.5055
vn -0.6701 0.7316 -0.1254
vn -0.4867 0.8721 0.0518
vn -0.4393 0.8934 -0.0944
vn -0.2658 0.8576 -0.4403
vn -0.1814 -0.9258 -0.3317
vn -0.3767 -0.9046 -0.1995
vn -0.6218 -0.6156 -0.4841
vn -0.0120 -0.9895 0.1441
vn -0.1551 -0.9603 0.2320
vn -0.1894 -0.9770 0.0985
vn 0.7621 -0.5483 -0.3442
vn 0.8349 0.1279 -0.5354
vn -0.6291 -0.7303 0.2662
vn -0.6495 -0.7469 0.1424
vn -0.6330 -0.7564 0.1648
vn -0.0460 0.8273 -0.5599
vn 0.3670 -0.9301 -0.0158
vn -0.1382 0.9869 0.0833
vn -0.2302 0.9380 0.2593
vn -0.3893 0.9210 0.0130
vn -0.1645 -0.9853 -0.0458
vn -0.2591 -0.9652 -0.0367
vn -0.1439 -0.9745 0.1724
vn 0.7024 0.5837 -0.4074
vn 0.7328 0.6072 -0.3071
vn -0.5884 -0.6921 0.4180
vn 0.6913 0.6779 0.2502
vn -0.0348 -0.9015 -0.4314
vn -0.3466 -0.6474 0.6788
vn 0.2019 -0.7612 0.6162
vn -0.4307 -0.2660 0.8624
vn -0.9078 -0.2813 -0.3112
vn -0.8451 -0.2980 -0.4438
vn -0.7641 -0.5896 -0.2619
vn 0.6568 0.5478 -0.5183
vn -0.6012 -0.7721 0.2058
vn 0.7970 0.4455 0.4077
vn -0.5924 0.6901 0.4158
vn 0.7175 0.5139 -0.4702
vn -0.2475 0.8503 -0.4645
vn 0.1396 0.9851 -0.1004
vn -0.4431 -0.0183 0.8963
vn -0.7752 0.6204 -0.1189
vn -0.4582 -0.8749 -0.1570
vn -0.1317 -0.9528 0.2734
vn -0.2509 0.9203 0.3002
vn 0.4385 -0.8964 0.0650
vn 0.2818 -0.9593 -0.0208
vn 0.5261 -0.8442 0.1027
vn 0.5577 -0.8235 0.1036
vn -0.3489 0.9290 0.1238
vn -0.3973 0.9167 0.0418
vn -0.4891 0.8597 0.1474
vn -0.4188 0.8812 0.2194
vn 0.7007 -0.5743 0.4232
vn 0.6745 -0.0711 0.7349
vn 0.6824 -0.2321 0.6931
vn 0.7701 -0.3958 0.5002
vn -0.2462 -0.6142 -0.7497
vn -0.3527 -0.7562 -0.5511
vn -0.5369 -0.5018 -0.6782
vn -0.3812 -0.2342 -0.8943
vn -0.3590 -0.9165 0.1763
vn -0.6334 -0.7622 0.1336
vn -0.6300 -0.7742 0.0610
vn -0.3489 -0.9353 0.0589
vn 0.2365 0.6893 0.6848
vn 0.3640 0.5012 0.7850
vn 0.6896 -0.2126 0.6922
vn -0.0808 0.8642 -0.4966
vn 0.0798 0.9329 -0.3511
vn 0.5879 0.5131 -0.6254
vn 0.5488 0.1920 -0.8136
vn -0.6076 -0.7531 -0.2524
vn -0.9029 -0.2721 -0.3328
vn -0.7785 0.1111 -0.6178
vn -0.5412 -0.7912 0.2847
vn -0.8418 -0.3069 0.4441
vn -0.9542 -0.0080 0.2989
vn 0.0163 -0.9980 -0.0610
vn 0.1084 -0.9869 -0.1194
vn -0.3615 0.9197 -0.1531
vn -0.3925 0.8974 -0.2015
vn -0.4918 0.8684 -0.0640
vn 0.6346 -0.4983 -0.5907
vn -0.3618 -0.9045 0.2257
vn 0.0784 0.9848 -0.1551
vn 0.3594 0.9187 -0.1636
vn -0.0910 0.9670 -0.2379
vn -0.8960 0.4354 0.0879
vn -0.9760 -0.2047 0.0750
vn -0.7029 0.6645 0.2536
vn 0.3194 -0.9453 -0.0655
vn 0.4365 -0.8941 0.0998
vn -0.2547 0.9670 0.0030
vn 0.6725 -0.6258 0.3951
vn 0.0329 0.8435 0.5361
vn 0.4265 0.3856 0.8182
vn 0.0538 0.8517 0.5213
vn -0.4012 0.8048 -0.4373
vn -0.4595 0.2966 -0.8372
vn -0.8227 0.3943 -0.4095
vn 0.2208 -0.9567 -0.1897
vn -0.5670 0.8216 0.0585
vn 0.6099 -0.5858 0.5337
vn 0.3394 0.9238 -0.1770
vn 0.3645 -0.9311 -0.0130
vn 0.2848 -0.4018 -0.8703
vn 0.9085 -0.2337 -0.3465
vn 0.0622 0.8547 0.5153
vn -0.3592 0.8634 -0.3542
vn -0.9329 0.1228 -0.3386
vn -0.5435 0.7671 0.3409
vn 0.4690 0.8680 -0.1631
vn -0.2768 -0.3173 -0.9070
vn -0.4847 -0.4875 -0.7262
vn -0.5024 0.0284 -0.8641
vn -0.3855 0.1411 -0.9118
vn 0.4837 0.7414 0.4652
vn 0.6458 0.4789 0.5946
vn 0.5723 0.5858 0.5739
vn 0.4397 0.7546 0.4870
vn -0.3092 0.8163 -0.4878
vn -0.2013 0.9012 -0.3839
vn -0.0942 0.8890 -0.4482
vn -0.1799 0.8493 -0.4963
vn 0.0464 -0.9963 0.0723
vn 0.2125 -0.9761 -0.0461
vn 0.3820 -0.9182 0.1043
vn 0.2075 -0.9472 0.2443
vn 0.6181 0.0469 -0.7847
vn 0.8993 0.0867 -0.4285
vn 0.8805 -0.2555 -0.3992
vn 0.6837 -0.3237 -0.6540
vn -0.0994 0.9947 0.0251
vn 0.0209 0.9942 -0.1058
vn -0.3060 0.8970 -0.3191
vn 0.0458 -0.7354 0.6761
vn -0.2291 0.0513 0.9721
vn -0.7015 -0.2474 0.6684
vn -0.4137 -0.8557 0.3110
vn 0.5018 -0.8644 -0.0317
vn 0.6349 -0.7485 0.1915
vn 0.4502 -0.8474 0.2814
vn 0.7104 0.4203 -0.5646
vn 0.8214 0.5393 -0.1856
vn 0.9609 0.2575 -0.1016
vn -0.1162 -0.6889 -0.7155
vn -0.1935 -0.7610 -0.6192
vn 0.7131 0.3219 0.6228
vn 0.7456 -0.0082 0.6663
vn 0.7410 0.0961 0.6646
vn -0.5619 -0.8216 0.0961
vn 0.5136 0.3034 -0.8026
vn -0.1251 0.8366 0.5334
vn -0.4280 0.7513 0.5024
vn 0.1318 0.2770 0.9518
vn 0.9932 -0.1137 -0.0237
vn 0.9923 -0.1216 -0.0228
vn 0.9713 0.2243 -0.0788
vn -0.5700 -0.5484 -0.6118
vn -0.6525 -0.1447 -0.7439
vn 0.5290 0.7252 0.4408
vn -0.4017 0.7824 -0.4759
vn 0.3692 -0.9151 -0.1622
vn 0.2532 0.9660 0.0526
vn 0.0981 0.9682 -0.2302
vn 0.0811 0.9842 0.1571
vn 0.3669 -0.8542 0.3685
vn 0.3167 -0.8843 0.3431
vn 0.4287 -0.8447 0.3204
vn -0.3604 -0.8688 -0.3396
vn 0.7172 0.2584 0.6471
vn -0.3005 0.8320 -0.4663
vn -0.3882 0.6541 0.6492
vn -0.5652 -0.6173 -0.5473
vn -0.3274 -0.9408 0.0880
vn -0.8705 -0.4661 0.1579
vn 0.0036 0.9795 0.2015
vn 0.3328 -0.5579 0.7603
vn 0.5331 -0.8145 0.2289
vn 0.7629 0.6317 -0.1375
vn -0.5421 0.6934 0.4747
vn -0.2003 0.9532 0.2265
vn -0.0563 0.9171 0.3947
vn -0.0915 0.9827 0.1611
vn -0.1448 0.9796 0.1390
vn -0.0625 -0.8991 -0.4332
vn -0.0675 -0.9444 -0.3219
vn -0.0415 -0.9342 -0.3544
vn -0.0189 -0.8970 -0.4417
vn -0.0493 0.9964 -0.0691
vn -0.0802 0.9797 -0.1839
vn -0.1761 0.9737 -0.1447
vn -0.1358 0.9856 -0.1008
vn 0.0180 -0.8426 0.5382
vn -0.2240 -0.8125 0.5383
vn -0.2628 -0.8877 0.3781
vn 0.0023 -0.9569 0.2903
vn -0.9133 0.3789 0.1492
vn -0.9915 -0.1159 -0.0590
vn -0.9895 0.0324 0.1405
vn -0.9474 0.2613 0.1846
vn 0.1700 0.7398 -0.6509
vn -0.1650 0.5689 -0.8057
vn 0.0279 0.9846 -0.1728
vn 0.3487 -0.9323 0.0958
vn 0.7211 -0.6324 -0.2831
vn 0.7327 -0.6667 0.1369
vn 0.8169 -0.0767 0.5717
vn -0.3876 -0.9035 0.1827
vn -0.2530 -0.9635 0.0877
vn -0.1370 -0.9843 0.1114
vn -0.9490 -0.1690 -0.2661
vn -0.8278 -0.4183 -0.3739
vn -0.7500 -0.6210 -0.2278
vn -0.3013 0.8706 0.3890
vn -0.1821 0.8641 0.4693
vn -0.0846 -0.9593 -0.2693
vn -0.0717 -0.9832 -0.1676
vn -0.0718 -0.9788 -0.1920
vn 0.7745 0.2175 0.5940
vn -0.7053 0.7086 0.0211
vn 0.5669 -0.5983 -0.5663
vn 0.7617 -0.3754 -0.5281
vn 0.4533 -0.7854 -0.4215
vn -0.5900 -0.8011 -0.1008
vn -0.5870 -0.8037 -0.0970
vn -0.7782 -0.5311 -0.3354
vn 0.0366 0.9221 0.3852
vn 0.0094 0.9795 0.2011
vn -0.1033 -0.8995 -0.4245
vn -0.0003 0.9987 -0.0510
vn -0.5776 -0.6657 0.4725
vn -0.3572 -0.0219 -0.9338
vn -0.3196 0.8205 -0.4739
vn 0.1149 0.0085 -0.9933
vn -0.0320 -0.9938 0.1064
vn -0.0160 -0.9905 0.1365
vn -0.1166 -0.9874 0.1070
vn 0.0696 0.7960 0.6013
vn -0.0720 -0.9708 -0.2288
vn -0.0509 0.9953 -0.0827
vn 0.7811 -0.4871 -0.3906
vn 0.0564 0.9342 0.3522
vn 0.6041 -0.2739 0.7484
vn 0.8054 0.5121 0.2985
vn 0.2907 0.0197 -0.9566
vn 0.1282 -0.9909 -0.0410
vn -0.2035 -0.9732 0.1068
vn -0.8128 -0.4223 -0.4013
vn 0.9256 0.0305 -0.3774
vn -0.0203 -0.9475 0.3191
vn 0.1659 -0.9559 0.2425
vn 0.1434 -0.9330 0.3301
vn 0.0047 -0.9245 0.3812
vn -0.3237 0.9238 -0.2042
vn -0.3910 0.8844 -0.2548
vn -0.3550 0.8922 -0.2793
vn -0.3050 0.9144 -0.2661
vn 0.1809 -0.2172 0.9592
vn 0.0255 0.2671 0.9633
vn -0.3561 -0.1626 0.9202
vn -0.2745 -0.2132 0.9377
vn 0.0359 -0.9310 -0.3631
vn -0.1420 -0.9393 -0.3123
vn -0.3525 -0.7810 -0.5156
vn -0.0168 -0.7914 -0.6110
vn -0.4633 -0.8606 0.2115
vn -0.9554 -0.2947 -0.0168
vn -0.8736 -0.3918 -0.2887
vn -0.4064 -0.9096 0.0864
vn -0.0089 0.9743 0.2251
vn -0.3090 0.6547 0.6898
vn 0.4316 0.2365 0.8705
vn 0.3068 0.7380 -0.6010
vn 0.4182 0.8480 -0.3256
vn 0.6698 0.5686 -0.4776
vn 0.6536 0.0979 -0.7505
vn -0.4541 -0.8085 -0.3744
vn -0.7128 -0.2777 -0.6441
vn -0.3518 -0.2369 -0.9056
vn -0.9765 -0.0949 0.1937
vn -0.7964 0.6047 -0.0005
vn -0.9123 0.3586 -0.1977
vn -0.0625 -0.9757 0.2102
vn 0.0712 -0.9825 0.1723
vn -0.4029 0.8718 -0.2787
vn -0.4415 0.8129 -0.3798
vn -0.4428 0.8213 -0.3597
vn 0.4883 -0.8107 -0.3229
vn -0.5030 -0.8061 0.3118
vn 0.6361 0.7687 -0.0671
vn 0.3444 0.9387 -0.0123
vn 0.4052 0.8061 -0.4312
vn -0.9285 -0.2282 -0.2928
vn -0.9289 -0.0914 -0.3590
vn -0.9580 0.2594 -0.1226
vn 0.2947 -0.9331 0.2061
vn 0.3105 -0.9152 0.2571
vn -0.3420 0.9295 -0.1379
vn 0.4620 -0.1953 0.8651
vn -0.3141 -0.9156 -0.2511
vn -0.3015 0.9505 0.0756
vn -0.5084 0.5197 0.6866
vn -0.1881 0.9790 0.0787
vn -0.1779 0.3881 -0.9043
vn -0.0956 -0.4379 -0.8939
vn -0.5048 0.2036 -0.8389
vn 0.2635 -0.9582 0.1112
vn -0.4454 0.8431 -0.3014
vn 0.2510 -0.0111 0.9679
vn 0.1070 0.9875 -0.1160
vn 0.2534 -0.9551 0.1539
vn 0.6177 -0.5594 -0.5528
vn 0.9607 -0.2600 0.0974
vn -0.1124 0.9904 0.0801
vn 0.2349 0.7586 -0.6077
vn -0.7141 0.0347 -0.6992
vn -0.7458 0.6623 0.0716
vn 0.3108 0.9505 -0.0063
vn -0.5243 -0.7933 -0.3095
vn -0.1680 -0.9731 -0.1577
vn -0.2134 -0.9751 -0.0610
vn -0.6284 -0.7221 -0.2893
vn -0.0669 0.9926 -0.1009
vn -0.0392 0.9860 -0.1621
vn -0.0305 0.9867 -0.1597
vn -0.0252 0.9913 -0.1295
vn -0.9411 -0.1346 0.3100
vn -0.8788 0.4475 0.1659
vn -0.8339 0.5195 -0.1866
vn -0.9584 0.1309 -0.2535
vn 0.6151 -0.5641 -0.5509
vn 0.2577 -0.6191 -0.7418
vn 0.3213 0.0207 -0.9467
vn 0.5549 0.4506 -0.6993
vn -0.8257 -0.4191 -0.3776
vn -0.7838 0.0114 -0.6210
vn -0.6986 -0.2274 -0.6785
vn -0.5745 -0.6617 -0.4818
vn -0.3172 0.8989 0.3023
vn -0.4802 0.8668 0.1343
vn -0.6959 0.4134 0.5872
vn 0.5710 0.8009 -0.1801
vn 0.4521 0.8820 0.1332
vn 0.8456 0.4609 0.2692
vn 0.8896 -0.4562 0.0224
vn -0.1137 0.2535 -0.9606
vn -0.0036 0.6686 -0.7436
vn 0.2067 0.7060 -0.6774
vn -0.9167 0.1073 -0.3848
vn -0.8019 0.5314 -0.2730
vn -0.6628 0.5794 -0.4743
vn -0.2622 -0.9046 -0.3361
vn -0.0021 -0.9883 -0.1528
vn -0.0333 0.9820 -0.1861
vn 0.0009 0.9689 -0.2474
vn -0.0150 0.9740 -0.2259
vn 0.4883 -0.8667 0.1021
vn -0.8994 -0.2996 -0.3184
vn 0.1239 0.9651 0.2308
vn 0.3395 0.8145 0.4705
vn 0.1974 0.9798 0.0326
vn -0.5095 0.6094 -0.6075
vn -0.5065 0.6083 -0.6111
vn -0.7400 0.5715 -0.3548
vn 0.0936 -0.9956 -0.0014
vn -0.0095 -0.9989 0.0460
vn -0.0869 0.9924 -0.0871
vn -0.7404 -0.2790 0.6115
vn -0.1222 -0.5755 -0.8086
vn -0.5376 0.8403 0.0696
vn -0.6375 0.7685 -0.0553
vn -0.3582 0.9119 0.2005
vn 0.3221 0.7638 -0.5594
vn 0.3973 0.7000 -0.5934
vn 0.2224 0.7284 -0.6481
vn 0.1585 -0.9869 -0.0316
vn -0.0369 0.9800 -0.1957
vn -0.0704 -0.8180 0.5709
vn 0.2825 0.9035 0.3225
vn 0.0667 -0.9976 0.0201
vn 0.7134 -0.5197 -0.4700
vn 0.7557 -0.5094 0.4115
vn -0.2322 0.9318 0.2791
vn 0.2807 0.9315 -0.2313
vn 0.1031 0.6708 -0.7344
vn -0.8229 0.5270 -0.2121
vn 0.3992 0.7450 0.5345
vn -0.1464 -0.9829 -0.1114
vn 0.0006 -0.9981 -0.0608
vn -0.0889 -0.9956 0.0283
vn -0.1889 -0.9819 -0.0161
vn -0.0576 0.9979 -0.0309
vn 0.0438 0.9952 -0.0871
vn 0.0418 0.9948 -0.0927
vn -0.0198 0.9996 -0.0185
vn -0.4975 -0.7489 0.4377
vn -0.5928 -0.1910 0.7824
vn -0.8062 -0.3773 0.4556
vn -0.5971 -0.7305 0.3314
vn 0.6882 -0.4837 -0.5408
vn 0.4303 -0.6077 -0.6675
vn 0.3637 -0.0193 -0.9313
vn 0.7607 0.1746 -0.6252
vn -0.7885 -0.4993 -0.3591
vn -0.8340 -0.0895 -0.5444
vn -0.6798 -0.2418 -0.6924
vn -0.5360 -0.6802 -0.5001
vn -0.1506 0.6119 0.7764
vn -0.5331 0.6221 0.5734
vn -0.3517 -0.1117 0.9294
vn 0.5235 0.8380 -0.1539
vn 0.5353 0.8337 0.1352
vn 0.8801 0.4345 0.1912
vn 0.9691 -0.2406 0.0549
vn -0.0631 0.1361 -0.9887
vn 0.0972 0.5938 -0.7987
vn 0.3722 0.6373 -0.6747
vn -0.9662 0.0513 -0.2526
vn -0.9305 0.2855 -0.2296
vn -0.7781 0.4209 -0.4663
vn -0.0969 -0.9714 -0.2170
vn 0.0013 -0.9843 -0.1764
vn -0.0113 0.9977 -0.0665
vn 0.1249 0.9826 -0.1373
vn 0.1032 0.9847 -0.1407
vn 0.5698 -0.8014 0.1820
vn -0.8946 -0.3657 -0.2566
vn 0.4693 0.6052 0.6431
vn 0.4605 0.6973 0.5494
vn 0.4726 0.7516 0.4601
vn -0.5557 0.5027 -0.6621
vn -0.5794 0.4682 -0.6671
vn -0.7782 0.4931 -0.3890
vn 0.0851 -0.9964 -0.0034
vn 0.0112 -0.9974 0.0719
vn -0.0706 0.9969 -0.0352
vn -0.2905 -0.7410 0.6054
vn -0.0815 -0.6785 -0.7300
vn -0.4458 0.8820 0.1531
vn -0.6937 0.6381 0.3342
vn -0.2166 0.7680 0.6027
vn 0.4980 0.7157 -0.4898
vn 0.5954 0.6125 -0.5199
vn 0.4221 0.6697 -0.6110
vn 0.1772 -0.9792 -0.0985
vn 0.0842 0.9860 -0.1436
vn -0.5295 -0.1306 0.8382
vn 0.5167 0.7519 0.4094
vn 0.3590 -0.9246 0.1274
vn 0.5605 -0.8273 -0.0372
vn 0.4635 -0.8637 0.1982
vn -0.0363 0.5846 0.8105
vn 0.3480 0.9252 -0.1512
vn 0.3016 0.5813 -0.7558
vn -0.8663 0.4577 -0.2002
vn 0.4493 0.7555 0.4769
vn -0.5516 0.0776 0.8305
vn -0.3784 -0.3356 0.8627
vn -0.1911 -0.0463 0.9805
vn -0.2661 0.3504 0.8980
vn 0.2367 0.7737 -0.5876
vn 0.1359 0.6236 -0.7698
vn 0.1759 0.6363 -0.7511
vn 0.2974 0.7369 -0.6071
vn 0.1640 0.7282 0.6655
vn 0.2136 0.8177 0.5345
vn 0.0760 0.8824 0.4644
vn 0.0838 0.8349 0.5440
vn -0.3727 -0.9146 -0.1567
vn -0.7206 -0.6690 -0.1823
vn -0.7302 -0.4675 -0.4983
vn -0.3490 -0.8211 -0.4517
vn -0.4951 0.8488 0.1857
vn -0.4632 0.8820 -0.0867
vn -0.5718 0.8165 -0.0802
vn -0.6209 0.7760 0.1109
vn 0.5452 0.8340 0.0846
vn 0.3459 0.9266 0.1475
vn 0.3782 0.7509 0.5413
vn 0.1142 -0.8624 -0.4932
vn 0.6504 -0.5490 -0.5249
vn 0.4726 -0.8742 -0.1110
vn 0.0988 -0.9942 -0.0426
vn -0.9124 -0.0480 -0.4065
vn -0.6819 0.0532 -0.7295
vn -0.5316 -0.4444 -0.7210
vn -0.3365 0.9411 0.0323
vn -0.2389 0.9582 -0.1575
vn -0.3404 0.9027 -0.2631
vn -0.6904 -0.1068 0.7155
vn -0.6199 -0.3756 0.6890
vn 0.1012 0.6391 -0.7624
vn -0.0269 0.3640 -0.9310
vn 0.0278 0.4642 -0.8853
vn 0.0771 -0.9889 0.1268
vn -0.3987 0.8863 0.2353
vn 0.8939 0.0760 -0.4418
vn 0.8864 -0.4414 -0.1394
vn 0.5051 -0.3854 -0.7722
vn -0.4433 0.8190 -0.3643
vn -0.4471 0.8158 -0.3669
vn -0.3111 0.9150 -0.2571
vn -0.2035 -0.5588 0.8039
vn -0.1231 -0.3068 0.9438
vn 0.1912 0.7982 -0.5713
vn 0.2415 0.5926 0.7685
vn -0.9680 -0.1874 -0.1669
vn 0.1984 0.9719 -0.1263
vn 0.1228 0.9813 0.1484
vn 0.4588 0.8755 -0.1516
vn -0.3441 -0.6427 -0.6845
vn -0.3374 -0.6942 -0.6358
vn -0.4451 -0.5309 -0.7211
vn -0.2920 -0.8508 0.4368
vn 0.0621 0.5236 -0.8497
vn 0.1866 0.7314 0.6559
vn 0.8201 -0.4921 -0.2921
vn -0.2028 -0.6946 0.6902
vn -0.0584 -0.9972 0.0468
vn 0.2684 -0.9448 0.1878
vn 0.5914 0.7902 -0.1608
vn 0.0810 -0.6078 -0.7900
vn -0.6343 -0.2283 -0.7386
vn -0.1970 0.9665 -0.1644
vn 0.8463 -0.5280 -0.0715
vn -0.1210 -0.9923 0.0254
vn 0.0522 -0.9970 0.0568
vn 0.0119 -0.9937 0.1115
vn -0.1338 -0.9876 0.0818
vn -0.1977 0.9748 -0.1036
vn -0.1844 0.9676 -0.1725
vn -0.1574 0.9723 -0.1727
vn -0.1284 0.9821 -0.1378
vn -0.3274 -0.8254 0.4600
vn -0.4993 -0.4776 0.7229
vn -0.5877 -0.7404 0.3261
vn -0.5485 -0.7645 0.3388
vn 0.4771 -0.6447 -0.5972
vn 0.2520 -0.6849 -0.6836
vn 0.1357 -0.1714 -0.9758
vn 0.5911 -0.0613 -0.8042
vn -0.4335 -0.8666 -0.2471
vn -0.7777 -0.1048 -0.6198
vn -0.6120 -0.1371 -0.7789
vn -0.3544 -0.8741 -0.3323
vn -0.3177 0.7666 0.5580
vn -0.7547 0.3380 0.5624
vn -0.2189 -0.5494 0.8064
vn 0.4311 0.8963 -0.1040
vn 0.4257 0.8878 0.1751
vn 0.5621 0.8189 0.1160
vn 0.9742 0.0967 -0.2041
vn -0.1282 -0.1972 -0.9720
vn -0.1527 0.5742 -0.8044
vn 0.2700 0.5707 -0.7755
vn -0.9098 0.2202 -0.3517
vn -0.6730 0.7017 -0.2337
vn -0.6066 0.6386 -0.4735
vn -0.1017 -0.9932 -0.0567
vn 0.0094 -0.9996 -0.0276
vn -0.1974 0.9668 -0.1625
vn -0.1438 0.9566 -0.2536
vn -0.1632 0.9569 -0.2402
vn 0.7880 -0.5909 -0.1731
vn -0.5096 -0.8464 -0.1549
vn 0.5840 0.6714 0.4563
vn 0.2656 0.8824 0.3885
vn 0.4856 0.8678 0.1056
vn -0.5870 0.3698 -0.7202
vn -0.4651 0.5944 -0.6561
vn -0.6937 0.6146 -0.3756
vn 0.1601 -0.9819 0.1009
vn 0.1378 -0.9812 0.1353
vn -0.2427 0.9667 -0.0808
vn -0.1023 -0.8323 0.5449
vn -0.0454 -0.6781 -0.7336
vn -0.4004 0.9116 0.0934
vn -0.9368 -0.0047 0.3498
vn -0.3208 0.9335 0.1603
vn 0.2533 0.8712 -0.4205
vn 0.4787 0.5289 -0.7008
vn 0.0794 0.8366 -0.5420
vn 0.2079 -0.9778 0.0254
vn -0.1949 0.9564 -0.2177
vn -0.2821 -0.7768 0.5631
vn 0.0874 0.9843 0.1536
vn 0.1690 -0.9844 0.0485
vn 0.9732 -0.0729 -0.2180
vn 0.7042 -0.5506 0.4483
vn -0.2517 0.9437 0.2147
vn 0.3783 0.9165 -0.1304
vn -0.1175 0.7532 -0.6472
vn -0.6982 0.6934 -0.1782
vn 0.2208 0.9003 0.3752
vn -0.5179 0.7943 0.3176
vn -0.5142 0.5554 0.6535
vn -0.3112 0.8955 0.3183
vn -0.3378 0.9066 0.2528
vn 0.4261 -0.4793 -0.7673
vn 0.3350 -0.6878 -0.6439
vn 0.3698 -0.6685 -0.6453
vn 0.4948 -0.4733 -0.7288
vn -0.0714 0.9903 0.1194
vn -0.0225 0.9995 0.0200
vn -0.1196 0.9927 -0.0163
vn -0.1207 0.9917 0.0452
vn -0.1901 -0.9667 0.1711
vn -0.3346 -0.9369 0.1018
vn -0.3229 -0.9448 -0.0557
vn -0.0948 -0.9951 0.0283
vn -0.8579 0.4474 -0.2529
vn -0.7791 0.0841 -0.6212
vn -0.9127 0.0965 -0.3970
vn -0.9194 0.2841 -0.2719
vn 0.3213 0.9350 -0.1502
vn 0.2074 0.9247 -0.3192
vn 0.0350 0.9957 0.0859
vn 0.2748 -0.9610 0.0294
vn 0.8471 -0.5314 -0.0088
vn 0.5961 -0.7243 0.3465
vn 0.2689 -0.7695 0.5792
vn -0.3662 -0.9026 -0.2264
vn -0.2072 -0.9439 -0.2570
vn -0.1147 -0.9776 -0.1767
vn -0.6228 0.4236 -0.6578
vn -0.4843 0.2715 -0.8317
vn -0.5462 -0.1752 -0.8191
vn -0.7301 0.5661 0.3827
vn -0.7196 0.4813 0.5005
vn 0.2656 -0.7439 -0.6132
vn 0.1599 -0.8835 -0.4402
vn 0.1848 -0.8610 -0.4739
vn 0.2291 -0.5976 0.7684
vn -0.6242 0.7597 -0.1822
vn 0.9600 -0.0817 -0.2677
vn 0.9964 0.0337 -0.0782
vn 0.8312 -0.4820 -0.2771
vn -0.4752 -0.5854 -0.6569
vn -0.4738 -0.5933 -0.6507
vn -0.4908 0.0501 -0.8698
vn -0.4047 0.6315 0.6614
vn -0.2573 0.8624 0.4359
vn 0.3833 -0.4814 -0.7882
vn -0.0466 0.9866 0.1561
vn -0.6087 -0.7917 -0.0528
vn 0.2129 0.7702 -0.6012
vn -0.0046 0.9620 -0.2729
vn 0.4807 0.7382 -0.4733
vn -0.0179 -0.9921 -0.1245
vn -0.0234 -0.9956 -0.0906
vn -0.0924 -0.9815 -0.1674
vn -0.5323 0.0615 0.8443
vn 0.2201 -0.8248 -0.5208
vn -0.0664 0.9925 0.1023
vn 0.9731 -0.2304 0.0045
vn -0.3669 0.6475 0.6679
vn 0.0330 -0.8420 0.5385
vn 0.5327 -0.0946 0.8410
vn 0.6071 0.6939 -0.3871
vn 0.2292 -0.9589 -0.1675
vn -0.1683 -0.9631 -0.2101
vn -0.4354 0.3038 -0.8474
vn 0.9683 0.1805 0.1727
vn 0.0441 -0.9867 0.1563
vn 0.0771 -0.9955 0.0545
vn 0.0486 -0.9648 0.2585
vn 0.0658 -0.9559 0.2861
vn -0.1496 0.9866 -0.0646
vn -0.1261 0.9845 -0.1218
vn -0.2419 0.9563 -0.1641
vn -0.2927 0.9533 -0.0743
vn -0.1408 -0.8298 0.5400
vn -0.4526 -0.4438 0.7734
vn -0.3533 -0.6270 0.6943
vn -0.1671 -0.7619 0.6257
vn 0.6386 -0.4309 -0.6376
vn 0.3632 -0.5792 -0.7298
vn 0.3702 -0.2249 -0.9013
vn 0.6991 0.1465 -0.6999
vn -0.5231 -0.7740 -0.3568
vn -0.6336 -0.4007 -0.6618
vn -0.5584 -0.4172 -0.7170
vn -0.3688 -0.8229 -0.4322
vn -0.5904 0.4920 0.6398
vn -0.6339 0.2801 0.7209
vn -0.4747 -0.4144 0.7765
vn 0.5075 0.8420 -0.1832
vn 0.5205 0.8513 0.0653
vn 0.8848 0.3960 0.2455
vn 0.9802 -0.1955 0.0307
vn -0.0986 -0.4202 -0.9021
vn -0.1042 0.2631 -0.9591
vn 0.2328 0.4556 -0.8592
vn -0.7585 -0.4729 -0.4484
vn -0.8426 0.3412 -0.4167
vn -0.7184 0.4337 -0.5438
vn -0.0076 -0.9892 -0.1462
vn 0.0718 -0.9914 -0.1095
vn 0.0504 0.9822 -0.1810
vn 0.0866 0.9691 -0.2308
vn -0.1088 0.9670 -0.2302
vn 0.6813 -0.7264 0.0908
vn -0.5731 -0.7511 -0.3278
vn 0.2923 0.9496 0.1134
vn 0.5239 0.7526 0.3990
vn 0.2706 0.9598 -0.0747
vn -0.3658 0.8212 -0.4380
vn -0.5569 0.3857 -0.7356
vn -0.4192 0.8837 -0.2081
vn 0.1028 -0.9897 0.0993
vn 0.0206 -0.9768 0.2133
vn -0.0388 0.9977 -0.0564
vn -0.1247 -0.8646 0.4868
vn -0.4770 0.7880 0.3893
vn -0.6229 -0.0504 0.7807
vn -0.4563 0.7923 0.4051
vn 0.2855 0.8952 -0.3421
vn 0.5870 0.5404 -0.6029
vn 0.1117 0.8148 -0.5689
vn 0.2029 -0.9781 -0.0465
vn -0.2044 0.9523 -0.2267
vn -0.2665 -0.8132 0.5174
vn 0.5024 0.7948 0.3404
vn 0.0913 -0.9883 0.1225
vn 0.8427 -0.4910 -0.2207
vn 0.6117 -0.6951 0.3776
vn -0.4497 0.7935 0.4100
vn 0.2352 0.9309 -0.2795
vn -0.0552 0.6791 -0.7320
vn -0.4341 0.8943 -0.1086
vn 0.5829 0.6543 0.4818
vn 0.4885 -0.7801 0.3909
vn 0.8040 -0.3554 0.4767
vn 0.7151 -0.4053 0.5695
vn 0.4686 -0.7476 0.4707
vn -0.8661 -0.1886 -0.4630
vn -0.7862 -0.3247 -0.5258
vn -0.8038 -0.1658 -0.5714
vn -0.8252 -0.0596 -0.5617
vn 0.0577 -0.2422 0.9685
vn -0.2193 -0.2738 0.9365
vn -0.1165 -0.8415 0.5275
vn -0.0905 -0.8106 0.5786
vn 0.8134 -0.1139 -0.5705
vn 0.7014 -0.4701 -0.5358
vn 0.5110 -0.5346 -0.6731
vn 0.5938 0.0599 -0.8024
vn 0.1559 -0.9863 0.0531
vn -0.0882 -0.9831 -0.1603
vn 0.0029 -0.9723 -0.2335
vn 0.2124 -0.9771 -0.0133
vn -0.8971 0.3437 0.2776
vn -0.7543 -0.2310 0.6146
vn -0.2171 0.3976 0.8915
vn -0.0986 0.9236 -0.3705
vn -0.1540 0.9754 -0.1579
vn 0.0003 0.9860 -0.1668
vn 0.2878 0.9151 -0.2825
vn 0.2015 -0.8595 -0.4697
vn -0.0488 -0.7773 -0.6273
vn 0.1538 -0.2635 -0.9523
vn -0.2362 -0.9696 -0.0636
vn -0.4230 -0.8955 -0.1386
vn -0.3024 -0.9202 -0.2485
vn 0.5135 -0.8212 0.2490
vn 0.8331 -0.4465 0.3265
vn -0.7671 -0.3331 -0.5483
vn -0.6645 -0.3496 -0.6605
vn -0.6834 -0.3763 -0.6256
vn 0.5932 0.7826 -0.1889
vn 0.0948 -0.9879 0.1229
vn -0.0687 0.9958 0.0607
vn -0.2774 0.9583 0.0683
vn -0.1081 0.9765 -0.1865
vn -0.1188 -0.9456 -0.3028
vn -0.1852 -0.9007 -0.3929
vn -0.3363 -0.9260 -0.1715
vn 0.8990 0.0794 0.4308
vn 0.8312 0.0854 0.5494
vn -0.8819 -0.2963 -0.3667
vn 0.1455 0.2287 0.9626
vn 0.3697 -0.8589 -0.3543
vn -0.9235 -0.3836 -0.0069
vn -0.6384 -0.7252 0.2578
vn -0.9979 -0.0435 0.0486
vn -0.1198 0.3908 -0.9127
vn 0.1179 0.3058 -0.9448
vn -0.1629 -0.1546 -0.9745
vn 0.9447 0.0728 0.3197
vn -0.7107 -0.4177 -0.5661
vn -0.0316 -0.1517 0.9879
vn -0.5124 0.8511 -0.1144
vn 0.9212 -0.0075 0.3889
vn 0.3899 0.8818 -0.2653
vn 0.2722 0.9418 0.1970
vn -0.9646 0.2477 0.0908
vn -0.1415 0.8927 -0.4279
vn -0.1528 -0.6991 -0.6985
vn -0.4519 -0.8875 -0.0908
vn -0.3164 0.9461 0.0694
vn -0.1690 -0.9829 0.0727
vn -0.0632 -0.9976 -0.0279
vn -0.0272 -0.9956 0.0894
vn -0.1062 -0.9850 0.1363
vn -0.0559 0.9981 0.0270
vn -0.0708 0.9948 -0.0734
vn -0.0677 0.9957 -0.0630
vn -0.0283 0.9996 0.0063
vn 0.2393 -0.7679 0.5941
vn 0.4818 -0.2018 0.8527
vn 0.0932 -0.3792 0.9206
vn 0.0583 -0.7660 0.6402
vn -0.2396 -0.5122 -0.8248
vn -0.4871 -0.6078 -0.6272
vn -0.6816 -0.0123 -0.7316
vn -0.2981 0.1745 -0.9384
vn -0.7481 -0.5104 0.4242
vn -0.9147 -0.0876 0.3945
vn -0.9553 -0.2378 0.1758
vn -0.7369 -0.6557 0.1642
vn 0.6799 0.5761 0.4536
vn 0.3086 0.6377 0.7058
vn 0.7351 -0.1235 0.6666
vn 0.1062 0.8549 -0.5078
vn 0.3876 0.8513 -0.3537
vn 0.6314 0.4034 -0.6623
vn 0.5649 -0.2455 -0.7878
vn -0.9177 0.1399 -0.3719
vn -0.7157 0.5543 -0.4250
vn -0.4969 0.6338 -0.5928
vn -0.7579 0.0496 0.6505
vn -0.7137 0.3015 0.6323
vn -0.8254 0.4138 0.3841
vn -0.2653 -0.9637 -0.0289
vn -0.1587 -0.9826 -0.0966
vn -0.0742 0.9965 -0.0382
vn -0.0812 0.9838 -0.1601
vn -0.0927 0.9847 -0.1474
vn 0.4627 -0.8137 -0.3520
vn -0.7167 -0.3823 0.5833
vn 0.8227 0.5664 -0.0487
vn 0.7466 0.6600 -0.0836
vn 0.6719 0.7279 -0.1367
vn -0.8771 0.4695 0.1014
vn -0.8910 0.4392 0.1150
vn -0.7684 0.4943 0.4065
vn 0.0293 -0.9961 -0.0827
vn 0.0786 -0.9966 0.0255
vn -0.0693 0.9969 0.0370
vn 0.4718 -0.7274 0.4982
vn -0.7293 -0.6312 -0.2640
vn -0.0562 0.9049 0.4219
vn 0.0216 0.6487 0.7608
vn 0.4909 0.7525 0.4390
vn -0.2705 0.7326 -0.6246
vn -0.2586 0.6358 -0.7273
vn -0.4386 0.6622 -0.6075
vn -0.0167 -0.9832 -0.1820
vn -0.1067 0.9855 -0.1319
vn 0.5986 -0.1292 0.7906
vn 0.6486 0.7359 -0.1944
vn 0.3016 -0.9292 -0.2135
vn 0.2355 -0.8566 -0.4591
vn 0.4239 -0.8678 -0.2595
vn 0.7499 0.5410 0.3807
vn 0.0106 0.9399 -0.3413
vn -0.6057 0.5598 -0.5654
vn -0.6463 0.4812 0.5922
vn 0.6753 0.7291 -0.1114
vn -0.5686 -0.7776 0.2684
vn -0.2335 -0.9711 0.0498
vn -0.1955 -0.9693 0.1494
vn -0.5963 -0.7261 0.3423
vn -0.1357 0.9907 -0.0026
vn -0.1815 0.9825 -0.0425
vn -0.1707 0.9840 -0.0503
vn -0.1438 0.9887 -0.0421
vn -0.1448 -0.1533 0.9775
vn -0.2777 0.4639 0.8413
vn -0.6099 0.5516 0.5690
vn -0.7535 0.1384 0.6427
vn -0.2825 -0.5875 -0.7583
vn -0.6197 -0.5924 -0.5148
vn -0.7201 0.0114 -0.6938
vn -0.4596 0.4331 -0.7753
vn -0.7845 -0.4259 0.4507
vn -0.9535 0.0026 0.3014
vn -0.9560 -0.2181 0.1962
vn -0.7403 -0.6412 0.2018
vn 0.1617 0.9108 0.3799
vn -0.1012 0.8895 0.4455
vn 0.2859 0.4340 0.8544
vn 0.1069 0.8229 -0.5580
vn 0.3449 0.8922 -0.2915
vn 0.6757 0.4051 -0.6159
vn 0.4879 -0.4493 -0.7484
vn -0.9109 0.2539 -0.3254
vn -0.7092 0.6242 -0.3277
vn -0.5677 0.6835 -0.4589
vn -0.8444 0.0878 0.5285
vn -0.6819 0.5458 0.4870
vn -0.7747 0.5649 0.2840
vn -0.4586 -0.8878 0.0393
vn -0.1145 -0.9898 -0.0848
vn -0.2137 0.9741 -0.0733
vn -0.2502 0.9611 -0.1169
vn -0.2387 0.9660 -0.0991
vn 0.3411 -0.8810 -0.3279
vn -0.7757 -0.3094 0.5500
vn 0.2917 0.9564 0.0150
vn 0.6151 0.7878 -0.0333
vn 0.1532 0.9818 -0.1119
vn -0.8128 0.5749 0.0938
vn -0.8142 0.5735 0.0901
vn -0.7172 0.5746 0.3944
vn 0.0429 -0.9956 -0.0837
vn 0.0425 -0.9987 0.0290
vn -0.1299 0.9912 0.0247
vn 0.2920 -0.2976 0.9089
vn -0.8079 -0.5263 -0.2653
vn -0.1899 0.8692 0.4565
vn -0.3637 0.8014 0.4749
vn 0.0477 0.9286 0.3680
vn -0.4149 0.7569 -0.5050
vn -0.4169 0.6958 -0.5848
vn -0.5502 0.6995 -0.4560
vn 0.0429 -0.9898 -0.1358
vn -0.2161 0.9743 -0.0643
vn 0.5298 -0.7886 0.3122
vn 0.4553 0.8883 -0.0608
vn 0.0522 -0.9978 -0.0412
vn -0.1519 -0.5556 -0.8175
vn 0.7747 -0.5072 -0.3776
vn 0.1755 0.9346 0.3095
vn -0.1041 0.9398 -0.3256
vn -0.6615 0.6330 -0.4022
vn -0.6319 0.5493 0.5469
vn 0.7014 0.7111 -0.0479
vn -0.0218 -0.9936 0.1110
vn 0.0829 -0.9964 -0.0150
vn 0.1022 -0.9929 0.0607
vn 0.0203 -0.9898 0.1407
vn -0.1997 0.9756 0.0912
vn -0.2611 0.9632 0.0640
vn -0.2420 0.9696 0.0368
vn -0.2009 0.9791 0.0322
vn 0.3282 -0.8263 0.4577
vn 0.4807 -0.4757 0.7366
vn 0.0533 -0.7727 0.6326
vn 0.0896 -0.7949 0.6001
vn -0.3878 -0.6515 -0.6521
vn -0.5696 -0.6618 -0.4873
vn -0.8275 -0.1816 -0.5313
vn -0.5451 -0.0626 -0.8360
vn -0.4624 -0.8642 0.1981
vn -0.9401 -0.1218 0.3184
vn -0.9839 -0.1548 0.0896
vn -0.4988 -0.8597 0.1100
vn 0.3936 0.7790 0.4881
vn 0.1940 0.3239 0.9260
vn 0.6767 -0.5269 0.5143
vn 0.1047 0.9157 -0.3880
vn 0.3622 0.9021 -0.2344
vn 0.3710 0.8041 -0.4645
vn 0.2880 0.0831 -0.9540
vn -0.9294 -0.1822 -0.3210
vn -0.8121 0.5314 -0.2410
vn -0.6117 0.5541 -0.5646
vn -0.8030 0.2711 0.5308
vn -0.5711 0.7148 0.4036
vn -0.7384 0.6313 0.2371
vn -0.1061 -0.9931 0.0504
vn -0.0098 -0.9994 -0.0321
vn -0.2665 0.9618 0.0626
vn -0.3235 0.9462 -0.0107
vn -0.3202 0.9473 0.0062
vn 0.2130 -0.6406 -0.7378
vn -0.4047 -0.8574 0.3179
vn 0.7233 0.6540 -0.2217
vn 0.5104 0.8597 -0.0182
vn 0.3916 0.8644 -0.3154
vn -0.9350 0.3412 0.0967
vn -0.8347 0.5492 0.0415
vn -0.7077 0.6141 0.3494
vn 0.1767 -0.9813 -0.0766
vn 0.2028 -0.9784 -0.0405
vn -0.1979 0.9692 0.1465
vn 0.4925 -0.8071 0.3256
vn -0.7181 -0.6319 -0.2916
vn -0.0961 0.9298 0.3554
vn -0.0952 -0.0484 0.9943
vn 0.0229 0.9470 0.3205
vn -0.3082 0.8677 -0.3900
vn -0.4906 0.5203 -0.6990
vn -0.5197 0.8012 -0.2966
vn 0.1248 -0.9813 -0.1464
vn -0.3122 0.9490 0.0446
vn 0.4350 -0.7656 0.4740
vn 0.1974 0.9803 0.0063
vn 0.1298 -0.9859 -0.1056
vn 0.2712 -0.0830 -0.9589
vn 0.7784 -0.5416 -0.3174
vn 0.1007 0.9502 0.2949
vn 0.0469 0.9335 -0.3556
vn -0.6747 0.7092 -0.2046
vn -0.5280 0.7142 0.4594
vn 0.4763 0.8792 0.0097
vn 0.5710 0.0607 0.8187
vn 0.6545 -0.3464 0.6720
vn 0.8309 -0.0507 0.5540
vn 0.7401 0.3279 0.5871
vn -0.4774 0.7590 -0.4426
vn -0.6750 0.5894 -0.4438
vn -0.6593 0.5943 -0.4606
vn -0.4706 0.7239 -0.5044
vn 0.6908 0.7003 0.1799
vn 0.6139 0.7840 0.0925
vn 0.5083 0.8457 0.1624
vn 0.5703 0.8001 0.1859
vn -0.3376 -0.9176 0.2096
vn -0.5679 -0.6466 0.5093
vn -0.8154 -0.4722 0.3348
vn -0.6198 -0.7837 0.0397
vn -0.0654 0.8696 0.4894
vn -0.3076 0.8960 0.3203
vn -0.3295 0.8370 0.4369
vn -0.1897 0.8136 0.5496
vn 0.3481 0.8539 -0.3869
vn 0.3041 0.9301 -0.2060
vn 0.6763 0.7346 -0.0555
vn -0.4167 -0.8566 -0.3044
vn -0.1841 -0.5476 -0.8162
vn 0.0917 -0.8961 -0.4343
vn 0.0325 -0.9964 -0.0781
vn -0.8511 -0.0583 0.5218
vn -0.9855 0.0555 0.1601
vn -0.9063 -0.4188 0.0569
vn -0.1445 0.9548 0.2597
vn -0.2715 0.9570 0.1019
vn -0.4258 0.8947 0.1345
vn 0.4209 -0.1113 0.9003
vn 0.4233 -0.3590 0.8318
vn -0.6567 0.6314 -0.4124
vn -0.8661 0.3272 -0.3780
vn -0.8083 0.4293 -0.4029
vn 0.1656 -0.9862 0.0015
vn 0.0525 0.9046 0.4229
vn -0.0311 0.0852 -0.9959
vn 0.2978 -0.4725 -0.8295
vn -0.5134 -0.3510 -0.7831
vn -0.5716 0.8045 0.1613
vn -0.5763 0.8008 0.1631
vn -0.3836 0.9173 0.1070
vn 0.6901 -0.5181 0.5053
vn 0.8244 -0.2794 0.4922
vn -0.4803 0.7779 -0.4053
vn 0.8234 0.5428 0.1653
vn -0.6776 -0.2019 0.7072
vn -0.0351 0.9767 -0.2116
vn 0.2304 0.9731 -0.0055
vn 0.0697 0.8936 -0.4434
vn -0.8003 -0.5968 -0.0583
vn -0.7627 -0.6453 -0.0437
vn -0.8641 -0.5032 -0.0101
vn 0.3073 -0.8498 0.4282
vn -0.7720 0.4823 -0.4141
vn 0.7106 0.6855 0.1583
vn 0.0989 -0.5402 -0.8357
vn 0.5845 -0.6671 0.4618
vn 0.0202 -0.9976 0.0666
vn 0.3176 -0.9413 -0.1145
vn 0.1213 0.8265 -0.5497
vn -0.7166 -0.5669 -0.4064
vn -0.9701 -0.2100 0.1215
vn -0.2602 0.9629 0.0715
vn 0.3568 -0.5746 -0.7366
vn 0.0795 0.8089 0.5826
vn 0.4140 0.5646 0.7140
vn 0.1910 0.9001 0.3915
vn 0.0995 0.9190 0.3815
vn -0.5726 -0.4698 -0.6719
vn -0.4877 -0.6788 -0.5490
vn -0.4730 -0.6781 -0.5626
vn -0.5088 -0.4724 -0.7197
vn 0.0781 0.9907 0.1111
vn 0.0080 0.9994 0.0340
vn -0.0616 0.9941 0.0890
vn -0.0110 0.9935 0.1133
vn 0.0850 -0.9704 0.2263
vn -0.0886 -0.9417 0.3247
vn -0.2054 -0.9530 0.2227
vn -0.0301 -0.9974 0.0656
vn -0.6953 0.4548 0.5565
vn -0.9458 0.1158 0.3034
vn -0.8400 0.1267 0.5275
vn -0.7460 0.2972 0.5960
vn -0.0121 0.9341 -0.3568
vn -0.2250 0.9231 -0.3118
vn 0.0962 0.9953 -0.0084
vn 0.1671 -0.9666 -0.1944
vn 0.4290 -0.5308 -0.7309
vn 0.6090 -0.7218 -0.3288
vn 0.6977 -0.7121 0.0780
vn -0.3999 -0.8948 0.1985
vn -0.3624 -0.9313 0.0359
vn -0.2275 -0.9738 0.0041
vn -0.9015 0.4038 0.1556
vn -0.9688 0.2463 -0.0264
vn -0.9855 -0.1675 0.0264
vn 0.0483 0.6090 0.7917
vn 0.1785 0.5173 0.8370
vn -0.5049 -0.7019 -0.5024
vn -0.3684 -0.8709 -0.3253
vn -0.3938 -0.8437 -0.3648
vn 0.8184 -0.5476 0.1740
vn -0.4917 0.7755 0.3960
vn 0.2063 -0.0930 -0.9741
vn 0.4541 0.0450 -0.8898
vn 0.1208 -0.5338 -0.8369
vn -0.8362 -0.5464 0.0465
vn -0.8307 -0.5547 0.0484
vn -0.9980 0.0523 -0.0358
vn 0.4682 0.6489 0.5998
vn 0.3216 0.8582 0.4000
vn -0.6049 -0.4672 -0.6449
vn 0.1371 0.9845 0.1091
vn -0.3538 -0.8187 0.4523
vn -0.4993 0.7496 -0.4345
vn -0.2542 0.9626 -0.0937
vn -0.2376 0.7515 -0.6154
vn -0.1353 -0.9898 -0.0453
vn -0.1076 -0.9938 -0.0277
vn -0.2025 -0.9792 -0.0142
vn 0.6032 0.0608 0.7953
vn -0.4203 -0.8110 -0.4069
vn 0.0730 0.9924 0.0989
vn 0.5162 -0.2555 -0.8175
vn 0.5004 0.6375 0.5858
vn 0.5437 -0.8096 0.2211
vn 0.9964 -0.0848 -0.0057
vn -0.1130 0.7280 -0.6762
vn -0.0629 -0.9649 -0.2550
vn -0.2921 -0.9560 0.0281
vn -0.9601 0.2722 -0.0633
vn 0.6834 0.1943 -0.7037
vn 0.2060 -0.9773 0.0486
vn 0.0859 -0.9959 -0.0285
vn 0.2902 -0.9532 0.0846
vn 0.3192 -0.9439 0.0844
vn -0.1491 0.9838 0.0992
vn -0.1856 0.9820 0.0350
vn -0.2724 0.9550 0.1174
vn -0.2156 0.9582 0.1882
vn 0.4644 -0.8147 0.3471
vn 0.5688 -0.4194 0.7075
vn 0.5290 -0.6064 0.5937
vn 0.5404 -0.7355 0.4086
vn -0.3621 -0.4476 -0.8176
vn -0.5677 -0.5695 -0.5944
vn -0.6762 -0.2000 -0.7091
vn -0.4021 0.1430 -0.9043
vn -0.6043 -0.7655 0.2208
vn -0.9057 -0.3920 0.1614
vn -0.9067 -0.4143 0.0784
vn -0.5977 -0.7984 0.0732
vn 0.3715 0.5360 0.7581
vn 0.4444 0.2996 0.8443
vn 0.5603 -0.4227 0.7123
vn 0.0835 0.8576 -0.5076
vn 0.3188 0.8707 -0.3745
vn 0.6786 0.3628 -0.6386
vn 0.5484 -0.2060 -0.8105
vn -0.8699 -0.3782 -0.3167
vn -0.9096 0.2492 -0.3325
vn -0.6837 0.4642 -0.5630
vn -0.8176 -0.4467 0.3634
vn -0.8396 0.3107 0.4456
vn -0.8535 0.4305 0.2936
vn -0.1524 -0.9863 -0.0632
vn -0.0636 -0.9914 -0.1144
vn -0.1638 0.9781 -0.1287
vn -0.1939 0.9654 -0.1745
vn -0.2740 0.9608 -0.0436
vn 0.4318 -0.7551 -0.4933
vn -0.6031 -0.7473 0.2788
vn 0.2549 0.9521 -0.1688
vn 0.6308 0.7486 -0.2044
vn 0.0807 0.9690 -0.2335
vn -0.6015 0.7960 0.0683
vn -0.9286 0.3647 0.0689
vn -0.4268 0.8799 0.2091
vn 0.1358 -0.9894 -0.0518
vn 0.2260 -0.9704 0.0848
vn -0.0759 0.9971 0.0028
vn 0.4284 -0.8457 0.3181
vn 0.1762 0.8087 0.5612
vn 0.5117 -0.0568 0.8573
vn 0.2025 0.8100 0.5503
vn -0.2151 0.8994 -0.3806
vn -0.3490 0.5521 -0.7572
vn -0.5318 0.7763 -0.3384
vn 0.0489 -0.9830 -0.1771
vn -0.3255 0.9443 0.0475
vn 0.3975 -0.8039 0.4424
vn 0.5789 0.7858 -0.2179
vn 0.1679 -0.9857 -0.0113
vn 0.1912 -0.5403 -0.8195
vn 0.6683 -0.6880 -0.2830
vn 0.2100 0.8103 0.5471
vn -0.1745 0.9339 -0.3121
vn -0.7206 0.6326 -0.2839
vn -0.3201 0.9046 0.2815
vn 0.7445 0.6343 -0.2081
vn 0.6254 -0.7602 -0.1762
vn 0.8506 -0.3509 -0.3916
vn 0.8713 -0.4208 -0.2526
vn 0.6791 -0.7227 -0.1287
vn -0.8782 -0.1906 0.4387
vn -0.8866 -0.3147 0.3389
vn -0.9308 -0.1611 0.3281
vn -0.9350 -0.0578 0.3498
vn 0.8990 -0.2339 0.3704
vn 0.7719 -0.2678 0.5765
vn 0.4757 -0.8156 0.3293
vn 0.5285 -0.7819 0.3306
vn -0.2152 -0.1242 -0.9686
vn -0.2286 -0.4752 -0.8497
vn -0.4292 -0.5279 -0.7329
vn -0.5300 0.0525 -0.8464
vn 0.1210 -0.9869 -0.1068
vn -0.2017 -0.9794 -0.0123
vn -0.1943 -0.9736 -0.1201
vn 0.0875 -0.9818 -0.1684
vn -0.1470 0.3885 0.9096
vn 0.2087 -0.2154 0.9540
vn 0.7347 0.3806 0.5616
vn -0.4100 0.9067 -0.0989
vn -0.2384 0.9697 0.0524
vn -0.1950 0.9771 -0.0849
vn -0.1062 0.9103 -0.4000
vn -0.4014 -0.8427 -0.3589
vn -0.6356 -0.7325 -0.2440
vn -0.8056 -0.2567 -0.5339
vn -0.2077 -0.9644 0.1635
vn -0.3410 -0.9025 0.2629
vn -0.3876 -0.9152 0.1101
vn 0.4985 -0.8229 -0.2727
vn 0.7572 -0.4174 -0.5024
vn -0.8886 -0.3215 0.3271
vn -0.9274 -0.3278 0.1800
vn -0.9095 -0.3574 0.2124
vn 0.0922 0.8195 -0.5656
vn 0.1700 -0.9853 -0.0138
vn 0.0295 0.9963 0.0810
vn -0.0579 0.9696 0.2377
vn -0.1919 0.9814 0.0099
vn -0.3600 -0.9315 -0.0523
vn -0.4910 -0.8701 -0.0431
vn -0.3309 -0.9229 0.1971
vn 0.8717 0.0800 -0.4835
vn 0.9288 0.0831 -0.3612
vn -0.8078 -0.3022 0.5061
vn 0.9304 0.2023 0.3055
vn -0.1892 -0.8704 -0.4546
vn -0.4872 -0.4205 0.7654
vn -0.0475 -0.7631 0.6445
vn -0.4745 -0.0407 0.8793
vn -0.8855 0.3500 -0.3057
vn -0.8323 0.2839 -0.4761
vn -0.9428 -0.1535 -0.2960
vn 0.8047 0.0757 -0.5889
vn -0.8781 -0.4010 0.2609
vn 0.8880 -0.1355 0.4395
vn -0.3658 0.8660 0.3409
vn 0.8504 -0.0077 -0.5261
vn -0.0879 0.8986 -0.4298
vn 0.3286 0.9377 -0.1130
vn -0.4082 0.2777 0.8697
vn -0.4895 0.8671 -0.0924
vn -0.7320 -0.6513 -0.2001
vn -0.3111 -0.9002 0.3046
vn -0.0799 0.9577 0.2766
vn 0.0016 -0.9975 0.0706
vn 0.1175 -0.9927 -0.0273
vn 0.1422 -0.9856 0.0911
vn 0.0594 -0.9891 0.1347
vn -0.2310 0.9725 0.0284
vn -0.2498 0.9650 -0.0804
vn -0.2427 0.9679 -0.0646
vn -0.2010 0.9796 0.0067
vn 0.4544 -0.5973 0.6609
vn 0.5137 0.0284 0.8575
vn 0.1370 -0.1757 0.9749
vn 0.1886 -0.7161 0.6721
vn -0.1347 -0.6115 -0.7797
vn -0.2732 -0.7505 -0.6018
vn -0.6103 -0.3070 -0.7302
vn -0.2810 -0.1808 -0.9425
vn -0.5007 -0.7902 0.3533
vn -0.7530 -0.5504 0.3607
vn -0.7504 -0.6453 0.1430
vn -0.4601 -0.8785 0.1285
vn 0.4412 0.8174 0.3704
vn 0.1544 0.7038 0.6934
vn 0.7280 0.1455 0.6700
vn -0.0490 0.8722 -0.4868
vn 0.1665 0.9247 -0.3425
vn 0.5839 0.5307 -0.6143
vn 0.6027 0.1089 -0.7905
vn -0.8568 -0.3728 -0.3563
vn -0.8598 0.0496 -0.5083
vn -0.6817 0.2981 -0.6682
vn -0.6512 -0.4775 0.5899
vn -0.7343 -0.2161 0.6436
vn -0.8992 -0.1689 0.4036
vn -0.0852 -0.9960 -0.0264
vn 0.0131 -0.9954 -0.0951
vn -0.2529 0.9663 -0.0477
vn -0.2579 0.9503 -0.1745
vn -0.2706 0.9488 -0.1628
vn 0.7053 -0.5585 -0.4366
vn -0.5110 -0.7090 0.4860
vn 0.5282 0.8483 -0.0376
vn 0.4629 0.8839 -0.0659
vn 0.3640 0.9221 -0.1316
vn -0.9791 -0.1713 0.1099
vn -0.9709 -0.2065 0.1216
vn -0.9046 -0.0772 0.4193
vn 0.2006 -0.9756 -0.0895
vn 0.2577 -0.9658 0.0278
vn -0.2470 0.9682 0.0401
vn 0.6746 -0.4344 0.5968
vn -0.4610 -0.8627 -0.2081
vn -0.2133 0.8675 0.4493
vn -0.1183 0.6999 0.7044
vn 0.2031 0.8973 0.3920
vn -0.4222 0.5701 -0.7048
vn -0.3797 0.4594 -0.8030
vn -0.6405 0.3248 -0.6959
vn 0.1492 -0.9707 -0.1883
vn -0.2885 0.9463 -0.1458
vn 0.5710 0.2810 0.7713
vn 0.3918 0.9069 -0.1550
vn 0.5269 -0.8098 -0.2583
vn 0.4148 -0.7418 -0.5270
vn 0.6769 -0.6606 -0.3248
vn 0.4931 0.8154 0.3033
vn -0.1479 0.9239 -0.3530
vn -0.7541 0.1287 -0.6440
vn -0.7576 0.0122 0.6526
vn 0.4091 0.9082 -0.0880
vn -0.3307 -0.9198 0.2113
vn -0.0197 -0.9989 0.0418
vn -0.0181 -0.9903 0.1381
vn -0.3615 -0.8898 0.2787
vn -0.3257 0.9454 -0.0056
vn -0.3812 0.9233 -0.0473
vn -0.3634 0.9299 -0.0564
vn -0.3347 0.9411 -0.0475
vn 0.0340 -0.1946 0.9803
vn -0.4202 0.2967 0.8576
vn -0.7435 0.2147 0.6333
vn -0.6991 -0.3678 0.6132
vn -0.1583 -0.6930 -0.7034
vn -0.3589 -0.7973 -0.4852
vn -0.6768 -0.3112 -0.6671
vn -0.5129 -0.0131 -0.8583
vn -0.5409 -0.7587 0.3630
vn -0.8398 -0.4732 0.2662
vn -0.7816 -0.6043 0.1549
vn -0.4651 -0.8710 0.1582
vn 0.0036 0.9296 0.3686
vn -0.3170 0.8054 0.5007
vn 0.2379 0.4102 0.8804
vn -0.0485 0.8415 -0.5381
vn 0.1044 0.9522 -0.2872
vn 0.6071 0.5268 -0.5949
vn 0.5682 -0.0586 -0.8208
vn -0.9068 -0.2690 -0.3246
vn -0.9085 0.1270 -0.3980
vn -0.7837 0.3092 -0.5387
vn -0.7701 -0.4120 0.4870
vn -0.8437 0.0430 0.5351
vn -0.9422 0.0069 0.3349
vn -0.2425 -0.9696 0.0331
vn 0.0639 -0.9941 -0.0879
vn -0.4284 0.8986 -0.0942
vn -0.4664 0.8736 -0.1390
vn -0.4542 0.8828 -0.1200
vn 0.5638 -0.7238 -0.3977
vn -0.5668 -0.6849 0.4578
vn 0.1077 0.9941 0.0136
vn 0.3498 0.9365 -0.0247
vn -0.0224 0.9931 -0.1154
vn -0.9940 -0.0169 0.1084
vn -0.9944 -0.0194 0.1042
vn -0.9004 0.0531 0.4319
vn 0.2165 -0.9717 -0.0946
vn 0.2167 -0.9757 0.0310
vn -0.3181 0.9476 0.0277
vn 0.3343 -0.0832 0.9388
vn -0.5297 -0.8223 -0.2079
vn -0.3614 0.7774 0.5148
vn -0.5367 0.6307 0.5605
vn -0.1360 0.9104 0.3908
vn -0.6130 0.5118 -0.6019
vn -0.5885 0.4268 -0.6866
vn -0.7856 0.3074 -0.5370
vn 0.2154 -0.9657 -0.1451
vn -0.4243 0.9024 -0.0753
vn 0.7869 -0.4770 0.3914
vn 0.2401 0.9694 -0.0513
vn 0.2275 -0.9728 -0.0442
vn -0.0511 -0.6083 -0.7921
vn 0.9054 0.0583 -0.4206
vn 0.0128 0.9553 0.2953
vn -0.2752 0.8927 -0.3569
vn -0.8621 0.1705 -0.4772
vn -0.7779 0.0966 0.6210
vn 0.4281 0.9030 -0.0376
vn 0.4870 0.3983 0.7773
vn 0.7145 -0.0280 0.6991
vn 0.7171 0.4805 0.5048
vn 0.5397 0.6833 0.4918
vn -0.7004 0.4775 -0.5305
vn -0.8410 0.1317 -0.5247
vn -0.8423 0.1054 -0.5285
vn -0.6713 0.4307 -0.6032
vn 0.4365 0.8886 0.1406
vn 0.3513 0.9339 0.0659
vn 0.2724 0.9532 0.1310
vn 0.3314 0.9313 0.1512
vn -0.1496 -0.9711 0.1857
vn -0.3261 -0.8622 0.3876
vn -0.5550 -0.7800 0.2891
vn -0.3479 -0.9365 0.0450
vn -0.2327 0.8132 0.5334
vn -0.5634 0.7418 0.3638
vn -0.5134 0.6750 0.5298
vn -0.3469 0.7101 0.6127
vn 0.1800 0.9272 -0.3284
vn 0.0818 0.9766 -0.1989
vn 0.4235 0.9056 -0.0250
vn -0.2128 -0.9418 -0.2603
vn -0.0335 -0.5837 -0.8112
vn 0.2686 -0.8355 -0.4794
vn 0.2209 -0.9724 -0.0748
vn -0.7246 -0.5497 0.4157
vn -0.8216 -0.5527 0.1394
vn -0.6262 -0.7782 0.0482
vn -0.3502 0.8952 0.2757
vn -0.4938 0.8612 0.1201
vn -0.7011 0.6918 0.1727
vn 0.4115 0.1818 0.8931
vn 0.4747 -0.0244 0.8798
vn -0.8372 0.2330 -0.4948
vn -0.8784 -0.2875 -0.3818
vn -0.8886 -0.1571 -0.4310
vn 0.3616 -0.9323 0.0017
vn -0.0988 0.8985 0.4276
vn -0.0432 0.0591 -0.9973
vn 0.3529 -0.2360 -0.9054
vn -0.3479 -0.5382 -0.7676
vn -0.8581 0.4701 0.2066
vn -0.8627 0.4605 0.2090
vn -0.6309 0.7647 0.1311
vn 0.8244 -0.0134 0.5658
vn 0.8187 0.2997 0.4898
vn -0.7113 0.4965 -0.4976
vn 0.5344 0.8354 0.1284
vn -0.5324 -0.5749 0.6214
vn -0.2041 0.9528 -0.2248
vn 0.0409 0.9990 -0.0169
vn -0.0851 0.8958 -0.4361
vn -0.5088 -0.8597 -0.0451
vn -0.4698 -0.8822 -0.0315
vn -0.5803 -0.8144 0.0015
vn 0.5060 -0.6983 0.5063
vn -0.8866 -0.0813 -0.4554
vn 0.4386 0.8900 0.1244
vn 0.1882 -0.4587 -0.8684
vn 0.7880 -0.2731 0.5518
vn 0.1916 -0.9789 0.0703
vn 0.5544 -0.8204 -0.1403
vn -0.0198 0.8431 -0.5375
vn -0.4675 -0.8217 -0.3258
vn -0.7110 -0.6963 0.0981
vn -0.4809 0.8726 0.0856
vn 0.4759 -0.3293 -0.8155
vn -0.0564 0.8436 0.5340
vn 0.2461 0.7286 0.6392
vn 0.0158 0.9279 0.3724
vn -0.0552 0.9244 0.3774
vn -0.3884 -0.7112 -0.5859
vn -0.3029 -0.8315 -0.4657
vn -0.3022 -0.8024 -0.5146
vn -0.3519 -0.6934 -0.6287
vn -0.0886 0.9898 0.1114
vn -0.1698 0.9848 0.0357
vn -0.2361 0.9669 0.0967
vn -0.1809 0.9763 0.1191
vn 0.2595 -0.9337 0.2467
vn 0.0594 -0.9432 0.3268
vn -0.0031 -0.9786 0.2059
vn 0.1365 -0.9885 0.0657
vn -0.7922 -0.0683 0.6065
vn -0.8849 -0.3071 0.3503
vn -0.7608 -0.4085 0.5043
vn -0.7618 -0.2338 0.6041
vn -0.1794 0.8936 -0.4115
vn -0.4654 0.8048 -0.3684
vn -0.0724 0.9973 -0.0130
vn 0.3843 -0.8975 -0.2165
vn 0.5513 -0.3151 -0.7725
vn 0.7971 -0.4974 -0.3424
vn 0.9723 -0.2062 0.1105
vn -0.1993 -0.9638 0.1769
vn -0.1654 -0.9857 0.0313
vn -0.0453 -0.9990 0.0020
vn -0.9556 -0.2451 0.1634
vn -0.9106 -0.4125 -0.0245
vn -0.7561 -0.6542 0.0190
vn -0.0536 0.6077 0.7924
vn 0.1124 0.5805 0.8065
vn -0.2810 -0.8735 -0.3975
vn -0.1803 -0.9413 -0.2853
vn -0.1999 -0.9287 -0.3124
vn 0.9789 0.0502 0.1979
vn -0.7258 0.4854 0.4874
vn 0.2100 0.0537 -0.9762
vn 0.3789 0.3013 -0.8750
vn 0.2136 -0.3591 -0.9085
vn -0.5405 -0.8406 0.0360
vn -0.5357 -0.8436 0.0373
vn -0.8370 -0.5462 -0.0331
vn 0.3331 0.7561 0.5634
vn 0.1465 0.9220 0.3583
vn -0.4191 -0.7248 -0.5469
vn -0.0302 0.9939 0.1061
vn -0.1775 -0.8987 0.4009
vn -0.7224 0.4445 -0.5296
vn -0.4546 0.8862 -0.0894
vn -0.3681 0.6177 -0.6950
vn 0.0326 -0.9985 -0.0441
vn 0.0601 -0.9978 -0.0270
vn -0.0291 -0.9995 -0.0137
vn 0.5174 0.4356 0.7366
vn -0.2280 -0.9081 -0.3512
vn -0.0932 0.9907 0.0994
vn 0.5391 0.1150 -0.8343
vn 0.3145 0.8065 0.5007
vn 0.8204 -0.4977 0.2816
vn 0.8453 0.5342 -0.0051
vn -0.2401 0.6496 -0.7214
vn 0.0987 -0.9613 -0.2573
vn -0.1081 -0.9938 0.0254
vn -0.9195 -0.3882 -0.0613
vn 0.5384 0.5722 -0.6186
vn -0.1336 -0.9714 0.1963
vn 0.0279 -0.9844 0.1735
vn -0.0010 -0.9566 0.2914
vn -0.1200 -0.9460 0.3011
vn -0.1406 0.9686 -0.2052
vn -0.1015 0.9367 -0.3352
vn -0.1056 0.9412 -0.3210
vn -0.1012 0.9714 -0.2146
vn -0.0931 -0.0536 0.9942
vn 0.0001 0.4681 0.8837
vn -0.3738 0.4092 0.8323
vn -0.3343 -0.1539 0.9298
vn 0.1821 -0.8771 -0.4444
vn -0.0275 -0.9262 -0.3760
vn -0.2024 -0.6672 -0.7169
vn 0.1908 -0.6735 -0.7142
vn -0.8539 -0.4587 0.2460
vn -0.9566 -0.2811 0.0766
vn -0.8744 -0.4578 -0.1609
vn -0.6023 -0.7980 0.0211
vn 0.2276 0.9163 0.3295
vn -0.0955 0.9184 0.3839
vn 0.2441 0.6756 0.6957
vn 0.3433 0.6282 -0.6982
vn 0.5326 0.6926 -0.4864
vn 0.9216 0.2300 -0.3128
vn 0.8193 -0.2703 -0.5056
vn -0.5030 -0.7090 -0.4942
vn -0.5106 -0.3664 -0.7779
vn -0.1691 -0.2901 -0.9419
vn -0.9524 -0.0881 0.2920
vn -0.9285 0.2985 0.2208
vn -0.9861 0.1572 -0.0536
vn -0.1476 -0.9866 0.0701
vn -0.0346 -0.9979 0.0551
vn -0.1238 0.9479 -0.2936
vn -0.0603 0.8935 -0.4450
vn -0.0824 0.8964 -0.4354
vn 0.6718 -0.7406 0.0137
vn -0.8972 -0.3112 0.3133
vn 0.5812 0.8084 0.0930
vn 0.5431 0.8394 0.0218
vn 0.4879 0.8593 -0.1532
vn -0.9464 -0.0720 -0.3148
vn -0.9490 -0.0892 -0.3023
vn -0.9799 0.1517 -0.1298
vn 0.1397 -0.9795 0.1448
vn 0.1380 -0.9516 0.2746
vn -0.1593 0.9667 -0.2005
vn 0.2636 0.0965 0.9598
vn -0.3348 -0.9113 -0.2394
vn -0.2847 0.9494 0.1326
vn -0.3077 0.8978 0.3150
vn 0.0546 0.9666 0.2503
vn 0.0734 -0.0541 -0.9958
vn 0.1535 -0.2482 -0.9565
vn -0.1147 -0.2389 -0.9642
vn 0.1393 -0.9898 0.0307
vn -0.1087 0.8993 -0.4237
vn 0.0841 0.7290 0.6794
vn 0.5664 0.8199 -0.0832
vn 0.4754 -0.8735 0.1052
vn 0.4548 -0.8820 -0.1236
vn 0.6209 -0.7781 0.0949
vn 0.2958 0.9017 0.3154
vn 0.1843 0.7632 -0.6193
vn -0.2968 -0.4089 -0.8630
vn -0.8648 0.4700 0.1768
vn 0.5232 0.8521 -0.0127
vn -0.5455 -0.8220 0.1637
vn -0.1608 -0.9716 0.1738
vn -0.1638 -0.9498 0.2665
vn -0.6479 -0.7285 0.2225
vn -0.2134 0.9368 -0.2773
vn -0.2505 0.9015 -0.3530
vn -0.2317 0.9062 -0.3537
vn -0.2037 0.9222 -0.3287
vn -0.4112 0.5452 0.7306
vn -0.6337 0.6868 0.3560
vn -0.7884 0.5996 0.1375
vn -0.9568 0.1575 0.2443
vn 0.1351 -0.9035 -0.4068
vn -0.1488 -0.9254 -0.3485
vn -0.2933 -0.6349 -0.7148
vn -0.0181 -0.5181 -0.8551
vn -0.8768 -0.4339 0.2072
vn -0.9594 -0.2782 -0.0475
vn -0.9059 -0.3816 -0.1837
vn -0.6325 -0.7732 0.0451
vn -0.0971 0.9835 0.1525
vn -0.3639 0.9218 0.1339
vn -0.1709 0.8092 0.5621
vn 0.3619 0.5294 -0.7673
vn 0.4297 0.7716 -0.4691
vn 0.9278 0.2636 -0.2642
vn 0.7847 -0.3609 -0.5039
vn -0.5707 -0.6318 -0.5245
vn -0.6201 -0.2130 -0.7550
vn -0.3687 -0.1790 -0.9121
vn -0.9867 -0.0562 0.1524
vn -0.9112 0.4093 0.0475
vn -0.9547 0.2659 -0.1338
vn -0.3306 -0.9425 0.0489
vn -0.0144 -0.9968 0.0780
vn -0.2776 0.8636 -0.4210
vn -0.2984 0.8185 -0.4909
vn -0.2932 0.8374 -0.4613
vn 0.5388 -0.8424 0.0071
vn -0.9182 -0.3067 0.2506
vn 0.1761 0.9818 -0.0713
vn 0.4311 0.9021 0.0163
vn 0.1279 0.9319 -0.3394
vn -0.9376 0.0745 -0.3397
vn -0.9370 0.0704 -0.3422
vn -0.9468 0.2993 -0.1179
vn 0.1534 -0.9779 0.1423
vn 0.0970 -0.9606 0.2604
vn -0.2197 0.9452 -0.2417
vn -0.1899 0.5920 0.7832
vn -0.3890 -0.8800 -0.2726
vn -0.4118 0.9019 0.1305
vn -0.5458 0.8297 0.1167
vn -0.1988 0.9727 0.1193
vn -0.1979 -0.0181 -0.9800
vn -0.1210 -0.1809 -0.9760
vn -0.3616 -0.1366 -0.9223
vn 0.1764 -0.9800 0.0917
vn -0.2811 0.8736 -0.3972
vn 0.5115 -0.1485 0.8463
vn 0.3428 0.9371 -0.0666
vn 0.1434 -0.9715 0.1885
vn 0.2374 -0.8747 -0.4225
vn 0.9608 -0.2750 0.0349
vn -0.0595 0.9922 0.1092
vn 0.0371 0.7215 -0.6914
vn -0.5063 -0.2468 -0.8263
vn -0.8494 0.5098 0.1366
vn 0.4966 0.8670 0.0407
vn 0.0623 0.8056 0.5892
vn 0.2159 0.3675 0.9046
vn 0.3235 0.7662 0.5553
vn 0.2159 0.8658 0.4513
vn -0.3342 0.0111 -0.9424
vn -0.4402 -0.2885 -0.8503
vn -0.4300 -0.3200 -0.8442
vn -0.2559 -0.1064 -0.9608
vn 0.3846 0.9030 0.1913
vn 0.3561 0.9318 0.0708
vn 0.2324 0.9681 0.0936
vn 0.2711 0.9522 0.1405
vn -0.3678 -0.8961 0.2483
vn -0.5975 -0.7330 0.3253
vn -0.8042 -0.5686 0.1732
vn -0.4263 -0.9038 0.0385
vn -0.3370 0.9239 0.1814
vn -0.5511 0.8326 -0.0555
vn -0.5301 0.8419 0.1011
vn -0.4307 0.8808 0.1966
vn 0.5204 0.7656 -0.3782
vn 0.3308 0.8714 -0.3623
vn 0.4801 0.8749 0.0640
vn -0.0938 -0.9845 -0.1480
vn 0.2241 -0.8813 -0.4161
vn 0.2670 -0.9605 -0.0781
vn 0.1589 -0.9730 0.1671
vn -0.9700 -0.2433 -0.0010
vn -0.8606 -0.4801 -0.1699
vn -0.6949 -0.7041 -0.1459
vn -0.3547 0.9327 -0.0649
vn -0.4095 0.8855 -0.2196
vn -0.6115 0.7560 -0.2336
vn -0.0859 0.7141 0.6947
vn -0.0325 0.5162 0.8558
vn -0.4791 -0.2110 -0.8520
vn -0.5537 -0.5563 -0.6197
vn -0.5375 -0.4929 -0.6842
vn 0.2488 -0.9242 0.2898
vn -0.1955 0.9682 0.1561
vn 0.4065 -0.6158 -0.6750
vn 0.5566 -0.7052 -0.4393
vn 0.1031 -0.8249 -0.5558
vn -0.7765 0.5806 -0.2450
vn -0.7825 0.5730 -0.2437
vn -0.5096 0.8228 -0.2517
vn 0.3911 0.3938 0.8319
vn 0.4315 0.6254 0.6502
vn -0.3696 0.0678 -0.9267
vn 0.4516 0.8644 0.2211
vn -0.9230 -0.0307 0.3836
vn 0.0292 0.8754 -0.4826
vn 0.1223 0.9758 -0.1814
vn 0.3008 0.6742 -0.6745
vn -0.4963 -0.8555 -0.1477
vn -0.4733 -0.8734 -0.1152
vn -0.6310 -0.7613 -0.1492
vn 0.1417 -0.3126 0.9393
vn -0.5228 -0.4437 -0.7279
vn 0.3771 0.9102 0.1713
vn 0.4209 -0.8122 -0.4038
vn 0.3959 0.2150 0.8928
vn 0.0518 -0.9551 0.2918
vn 0.4716 -0.8543 0.2185
vn 0.4647 0.4724 -0.7489
vn -0.2624 -0.9114 -0.3171
vn -0.7779 -0.6114 -0.1452
vn -0.3901 0.8874 -0.2457
vn 0.6123 -0.7268 -0.3112
vn 0.3022 -0.8683 0.3934
vn 0.1933 -0.9478 0.2535
vn 0.3702 -0.8025 0.4679
vn 0.4062 -0.7763 0.4821
vn -0.2777 0.9465 -0.1646
vn -0.2878 0.9154 -0.2814
vn -0.4157 0.8891 -0.1917
vn -0.3738 0.9219 -0.1021
vn 0.4105 -0.2178 0.8854
vn 0.2382 0.3647 0.9001
vn 0.2304 0.3294 0.9156
vn 0.4214 0.0463 0.9057
vn 0.1022 -0.8770 -0.4694
vn -0.1032 -0.9218 -0.3738
vn -0.1515 -0.8204 -0.5513
vn 0.1009 -0.7064 -0.7006
vn -0.5712 -0.8093 0.1371
vn -0.7441 -0.6669 -0.0397
vn -0.7100 -0.6886 -0.1475
vn -0.4458 -0.8949 0.0184
vn -0.0859 0.9125 0.4000
vn -0.0446 0.8275 0.5597
vn 0.2386 0.3070 0.9213
vn 0.2836 0.5877 -0.7578
vn 0.4433 0.7286 -0.5221
vn 0.9404 0.1553 -0.3026
vn 0.8268 -0.1479 -0.5427
vn -0.3943 -0.8615 -0.3200
vn -0.6002 -0.5425 -0.5878
vn -0.3009 -0.2317 -0.9251
vn -0.7593 -0.6377 0.1296
vn -0.9863 -0.1544 0.0587
vn -0.9669 0.1797 -0.1809
vn -0.0367 -0.9958 0.0841
vn 0.0647 -0.9952 0.0727
vn -0.1806 0.8710 -0.4569
vn -0.1906 0.8198 -0.5399
vn -0.3584 0.8408 -0.4057
vn 0.6512 -0.7500 -0.1157
vn -0.6020 -0.7804 0.1689
vn 0.2728 0.9281 -0.2533
vn 0.5683 0.8173 -0.0950
vn 0.1199 0.8565 -0.5021
vn -0.7938 0.4836 -0.3687
vn -0.9299 0.0524 -0.3639
vn -0.6555 0.7313 -0.1885
vn 0.2415 -0.9431 0.2284
vn 0.2836 -0.8566 0.4311
vn -0.1497 0.9589 -0.2410
vn 0.3971 -0.3264 0.8578
vn -0.1468 0.9527 0.2661
vn 0.0032 0.7255 0.6882
vn -0.1262 0.9560 0.2648
vn -0.0609 0.5308 -0.8453
vn 0.0739 -0.3881 -0.9187
vn -0.4837 0.1031 -0.8692
vn 0.1987 -0.9784 0.0564
vn -0.4630 0.8328 -0.3036
vn 0.2408 -0.1380 0.9607
vn 0.5391 0.8316 -0.1336
vn 0.2574 -0.9262 0.2754
vn 0.4892 -0.7829 -0.3844
vn 0.8776 -0.4629 0.1245
vn -0.1189 0.9571 0.2643
vn -0.0644 0.6838 -0.7268
vn -0.6566 -0.1737 -0.7340
vn -0.5087 0.8598 -0.0443
vn 0.6401 0.7668 -0.0474
vn 0.8489 -0.4589 0.2622
vn 0.9913 -0.1286 0.0268
vn 0.9526 -0.1962 0.2326
vn 0.8737 -0.3802 0.3035
vn -0.9362 -0.3457 0.0640
vn -0.8607 -0.5040 0.0713
vn -0.9106 -0.4134 0.0023
vn -0.9401 -0.3408 0.0001
vn 0.5592 0.5362 0.6323
vn 0.3932 0.4321 0.8116
vn 0.4264 -0.2459 0.8704
vn 0.4924 -0.1181 0.8623
vn 0.2474 -0.7573 -0.6044
vn 0.1748 -0.8993 -0.4009
vn 0.0264 -0.9084 -0.4173
vn -0.0350 -0.7488 -0.6618
vn 0.2445 -0.9580 0.1497
vn -0.0677 -0.9857 0.1544
vn -0.0438 -0.9988 0.0218
vn 0.2333 -0.9693 0.0772
vn -0.5176 0.7206 0.4612
vn -0.2187 0.3205 0.9217
vn 0.2483 0.8709 0.4242
vn -0.5139 0.6619 -0.5458
vn -0.4107 0.8561 -0.3138
vn -0.2070 0.8191 -0.5351
vn 0.0543 0.6212 -0.7818
vn -0.0458 -0.9791 -0.1982
vn -0.2754 -0.9414 -0.1947
vn -0.3244 -0.7991 -0.5061
vn -0.1902 -0.9421 0.2762
vn -0.4102 -0.8661 0.2856
vn -0.3478 -0.9251 0.1525
vn 0.7053 -0.7017 0.1008
vn 0.9634 -0.2447 -0.1094
vn -0.8304 -0.5570 0.0149
vn -0.7675 -0.6368 -0.0733
vn -0.7712 -0.6341 -0.0554
vn 0.4480 0.4269 -0.7855
vn 0.2609 -0.9258 0.2735
vn -0.0821 0.9899 -0.1154
vn -0.2317 0.9728 -0.0056
vn -0.2804 0.9166 -0.2848
vn -0.2040 -0.9788 0.0171
vn -0.2808 -0.9597 -0.0144
vn -0.3493 -0.9073 0.2341
vn 0.9649 0.2372 -0.1127
vn 0.9372 0.3485 -0.0150
vn -0.9139 -0.3515 0.2032
vn 0.4864 0.7842 0.3854
vn 0.1030 -0.9734 -0.2047
vn -0.8275 -0.0561 0.5586
vn -0.3234 -0.2691 0.9072
vn -0.7707 0.4015 0.4948
vn -0.6278 -0.5068 -0.5907
vn -0.4233 -0.6309 -0.6503
vn -0.5021 -0.7742 -0.3855
vn 0.9690 0.0947 -0.2280
vn -0.7825 -0.6226 0.0092
vn 0.4637 0.6856 0.5612
vn -0.5669 0.8238 -0.0014
vn 0.9833 0.1019 -0.1511
vn 0.1457 0.5686 -0.8096
vn 0.2888 0.9432 -0.1643
vn -0.6940 0.5748 0.4335
vn -0.6223 0.5408 -0.5659
vn -0.3689 -0.9069 -0.2035
vn -0.4247 -0.8321 0.3568
vn -0.2631 0.9646 0.0183
vn -0.1613 -0.9150 -0.3698
vn 0.0559 -0.8821 -0.4677
vn -0.0034 -0.9677 -0.2521
vn -0.1133 -0.9642 -0.2397
vn -0.1652 0.9259 0.3398
vn -0.0938 0.9688 0.2294
vn -0.0963 0.9701 0.2227
vn -0.1128 0.9370 0.3306
vn -0.0268 -0.9864 0.1619
vn 0.0120 -0.9070 0.4209
vn -0.2150 -0.9359 0.2792
vn -0.1554 -0.9784 0.1361
vn 0.2162 0.7660 -0.6054
vn -0.0143 0.6975 -0.7165
vn -0.2479 0.7607 -0.5999
vn 0.1316 0.9206 -0.3676
vn -0.7944 -0.5474 -0.2633
vn -0.9848 -0.1337 -0.1109
vn -0.8913 -0.2584 -0.3725
vn -0.7935 -0.4599 -0.3986
vn 0.3097 -0.5926 0.7436
vn -0.1660 -0.4831 0.8597
vn 0.1891 -0.8811 0.4334
vn 0.2424 0.9692 -0.0440
vn 0.5180 0.8182 0.2495
vn 0.6112 0.7907 -0.0345
vn 0.9269 0.0087 -0.3752
vn -0.4469 0.8096 -0.3806
vn -0.2669 0.9284 -0.2585
vn -0.1139 0.9648 -0.2368
vn -0.8818 -0.4478 0.1483
vn -0.9218 -0.3167 0.2234
vn -0.9919 0.1193 0.0441
vn -0.2254 -0.8070 -0.5459
vn -0.0737 -0.8058 -0.5876
vn -0.1373 0.9515 0.2752
vn -0.0453 0.9899 0.1344
vn -0.0649 0.9879 0.1405
vn 0.8477 -0.3923 -0.3571
vn -0.7434 -0.6689 -0.0019
vn 0.8473 0.1486 0.5099
vn 0.8198 0.2797 0.4996
vn 0.7866 0.4058 0.4654
vn -0.8115 0.5706 -0.1264
vn -0.8427 0.5213 -0.1344
vn -0.9774 -0.0650 0.2011
vn 0.1791 -0.8912 -0.4168
vn 0.1366 -0.9550 -0.2634
vn -0.1818 0.9218 0.3425
vn 0.1237 -0.9742 0.1885
vn -0.5714 0.3093 -0.7601
vn -0.5564 0.1334 0.8201
vn -0.5067 -0.3968 0.7654
vn 0.1320 -0.3765 0.9170
vn 0.0332 0.9830 -0.1805
vn 0.0670 0.9744 -0.2147
vn -0.0588 0.9734 -0.2216
vn 0.2337 -0.7433 -0.6268
vn -0.0842 0.9856 0.1465
vn 0.0629 -0.9121 0.4052
vn 0.7039 0.6138 0.3574
vn 0.5976 -0.7075 -0.3771
vn 0.7549 -0.1036 -0.6476
vn 0.7365 -0.5978 -0.3165
vn 0.4496 -0.5352 0.7151
vn 0.1108 0.9931 0.0374
vn -0.1618 0.9505 -0.2651
vn -0.9354 -0.2281 0.2704
vn 0.7372 0.4945 0.4604
vn -0.6080 -0.7451 -0.2742
vn -0.1925 -0.8762 -0.4419
vn -0.3054 -0.9174 -0.2551
vn -0.6335 -0.7488 -0.1947
vn -0.2147 0.9404 0.2636
vn -0.2112 0.9595 0.1864
vn -0.2034 0.9622 0.1808
vn -0.1824 0.9606 0.2097
vn -0.4891 -0.8246 0.2841
vn -0.6905 -0.4128 0.5940
vn -0.9246 -0.3069 0.2259
vn -0.8855 -0.4422 0.1425
vn 0.1775 0.7258 -0.6646
vn -0.1359 0.6611 -0.7379
vn -0.2532 0.7858 -0.5642
vn -0.0004 0.9478 -0.3190
vn -0.8111 -0.5359 -0.2345
vn -0.9921 0.0076 -0.1252
vn -0.8928 -0.2942 -0.3410
vn -0.7940 -0.4927 -0.3562
vn -0.2264 0.0484 0.9728
vn -0.5277 0.0830 0.8453
vn -0.2153 -0.6462 0.7322
vn 0.2477 0.9667 -0.0637
vn 0.4732 0.8153 0.3336
vn 0.6623 0.7493 -0.0026
vn 0.8659 -0.1303 -0.4829
vn -0.4670 0.8180 -0.3360
vn -0.3345 0.9175 -0.2153
vn -0.2063 0.9561 -0.2080
vn -0.9905 -0.1129 0.0783
vn -0.9634 -0.0740 0.2576
vn -0.9174 0.3963 0.0370
vn -0.4945 -0.6957 -0.5209
vn -0.0051 -0.8388 -0.5444
vn -0.2187 0.9597 0.1764
vn -0.2089 0.9735 0.0927
vn -0.2158 0.9693 0.1181
vn 0.7557 -0.4699 -0.4561
vn -0.8086 -0.5879 -0.0214
vn 0.2664 0.8004 0.5370
vn 0.5974 0.5658 0.5683
vn 0.1843 0.9148 0.3594
vn -0.7679 0.6353 -0.0818
vn -0.7639 0.6396 -0.0857
vn -0.9750 0.0392 0.2189
vn 0.1851 -0.8960 -0.4037
vn 0.0989 -0.9548 -0.2802
vn -0.2295 0.9296 0.2884
vn -0.1187 -0.9366 0.3296
vn -0.5997 0.4101 -0.6872
vn -0.7137 0.0952 0.6939
vn -0.8741 0.0828 0.4786
vn -0.3317 0.2479 0.9102
vn -0.0903 0.9808 -0.1728
vn -0.0644 0.9778 -0.1993
vn -0.1811 0.9634 -0.1978
vn 0.2546 -0.8275 -0.5003
vn -0.2245 0.9627 0.1513
vn 0.2554 -0.9579 0.1314
vn 0.4924 0.7211 0.4875
vn 0.1681 -0.9179 -0.3594
vn 0.2913 0.7335 -0.6141
vn 0.9782 -0.1844 -0.0954
vn -0.1314 0.3005 0.9447
vn 0.0207 0.9997 0.0103
vn -0.2746 0.9355 -0.2221
vn -0.9523 -0.1204 0.2805
vn 0.7587 0.3656 0.5391
vn -0.0233 -0.9711 -0.2374
vn 0.1949 -0.9234 -0.3307
vn 0.1663 -0.9605 -0.2233
vn 0.0039 -0.9840 -0.1781
vn -0.3856 0.8570 0.3417
vn -0.3734 0.8972 0.2356
vn -0.3556 0.9079 0.2222
vn -0.3009 0.9199 0.2515
vn 0.0583 -0.9903 0.1261
vn 0.0414 -0.9608 0.2741
vn -0.1541 -0.9793 0.1311
vn -0.1260 -0.9841 0.1251
vn 0.0536 0.6647 -0.7452
vn -0.1519 0.5890 -0.7937
vn -0.3374 0.6929 -0.6372
vn -0.0089 0.8748 -0.4844
vn -0.5206 -0.7763 -0.3556
vn -0.9710 -0.1076 -0.2137
vn -0.8478 -0.2792 -0.4509
vn -0.5458 -0.7184 -0.4313
vn -0.0241 -0.2459 0.9690
vn -0.3163 -0.4228 0.8492
vn 0.2211 -0.9239 0.3122
vn 0.1993 0.9793 0.0355
vn 0.4318 0.8469 0.3103
vn 0.4064 0.9059 0.1195
vn 0.5501 0.7258 -0.4130
vn -0.5392 0.7042 -0.4620
vn -0.4635 0.8564 -0.2277
vn -0.2300 0.9354 -0.2686
vn -0.9843 0.0210 0.1752
vn -0.9296 0.1821 0.3204
vn -0.8926 0.4467 0.0611
vn -0.0705 -0.9384 -0.3382
vn 0.0646 -0.9224 -0.3808
vn -0.4044 0.8648 0.2976
vn -0.3566 0.9238 0.1392
vn -0.3783 0.9111 0.1637
vn 0.6343 0.5236 -0.5688
vn -0.4455 -0.8784 -0.1731
vn 0.7757 0.5356 0.3338
vn 0.6105 0.5974 0.5200
vn 0.5363 0.8149 0.2197
vn -0.8430 0.5064 -0.1814
vn -0.6854 0.7208 -0.1033
vn -0.9463 0.2130 0.2431
vn 0.3228 -0.8963 -0.3040
vn 0.3110 -0.9144 -0.2591
vn -0.4266 0.8180 0.3859
vn 0.2258 -0.9664 0.1232
vn -0.5350 0.3498 -0.7690
vn -0.5623 0.3622 0.7434
vn -0.4967 -0.6890 0.5278
vn -0.3910 0.4000 0.8289
vn -0.0827 0.9926 -0.0891
vn -0.0596 0.9728 -0.2240
vn -0.2254 0.9675 -0.1147
vn 0.3558 -0.8210 -0.4466
vn -0.4049 0.8935 0.1943
vn 0.1152 -0.9793 0.1665
vn 0.1478 0.8701 0.4701
vn 0.3135 -0.8669 -0.3876
vn 0.4926 0.8008 -0.3408
vn 0.9489 -0.3091 -0.0635
vn -0.2368 0.4199 0.8762
vn 0.1430 0.9889 0.0394
vn -0.4136 0.8987 -0.1458
vn -0.9278 0.1164 0.3544
vn 0.5098 0.6139 0.6027
vn 0.1031 -0.8564 0.5059
vn 0.1572 -0.9260 0.3433
vn 0.2823 -0.8246 0.4902
vn 0.2498 -0.7693 0.5880
vn -0.1440 0.9741 -0.1742
vn -0.2562 0.9372 -0.2369
vn -0.1983 0.9538 -0.2258
vn -0.1202 0.9743 -0.1906
vn 0.6345 -0.0688 0.7699
vn 0.6146 0.3060 0.7270
vn 0.4653 0.3215 0.8247
vn 0.5360 0.1029 0.8379
vn -0.3706 -0.8927 -0.2565
vn -0.6067 -0.7938 -0.0429
vn -0.8668 -0.4104 -0.2832
vn -0.6870 -0.4644 -0.5589
vn -0.5140 -0.0179 0.8576
vn -0.7201 0.4054 0.5632
vn -0.8287 0.3402 0.4444
vn -0.7086 -0.1622 0.6867
vn 0.4478 0.8801 0.1577
vn 0.3503 0.8645 0.3605
vn 0.7593 0.3006 0.5772
vn -0.2547 0.0160 -0.9669
vn 0.2009 0.3780 -0.9038
vn 0.5635 -0.2349 -0.7920
vn 0.1291 -0.8117 -0.5697
vn -0.9130 -0.4078 0.0045
vn -0.9369 0.2584 -0.2354
vn -0.8735 -0.0150 -0.4865
vn -0.5097 0.4959 0.7030
vn -0.4516 0.8451 0.2862
vn -0.5756 0.7916 0.2051
vn -0.0626 -0.9167 0.3945
vn -0.0151 -0.9569 0.2900
vn -0.3235 0.9074 -0.2681
vn -0.4083 0.8500 -0.3329
vn -0.3771 0.8717 -0.3131
vn 0.2372 -0.9418 -0.2381
vn -0.4086 0.0494 0.9114
vn 0.2891 0.8901 -0.3524
vn 0.6505 0.6007 -0.4647
vn -0.0405 0.8071 -0.5890
vn -0.7097 0.6939 0.1216
vn -0.7126 0.6912 0.1204
vn -0.5781 0.7947 0.1848
vn 0.1919 -0.9528 0.2352
vn 0.3172 -0.8773 0.3601
vn -0.1741 0.9727 -0.1531
vn 0.7090 -0.2492 0.6597
vn -0.7292 -0.6761 0.1055
vn 0.0208 0.9935 0.1124
vn 0.2320 0.8058 0.5448
vn 0.1787 0.9839 -0.0025
vn -0.7871 0.0009 -0.6168
vn -0.7635 -0.1634 -0.6248
vn -0.8388 0.0322 -0.5435
vn 0.0643 -0.9922 0.1065
vn -0.3287 0.9013 -0.2821
vn 0.6677 -0.0562 0.7423
vn 0.4912 0.6775 -0.5475
vn 0.2010 -0.9559 0.2143
vn 0.0498 -0.9666 -0.2512
vn 0.4884 -0.8335 -0.2585
vn 0.2462 0.9678 -0.0531
vn -0.4056 0.5444 -0.7342
vn -0.9307 0.1049 -0.3505
vn -0.3931 0.8837 0.2541
vn 0.7303 0.4879 -0.4781
vn -0.3924 -0.3206 0.8621
vn -0.1023 -0.4951 0.8628
vn -0.1857 0.0256 0.9823
vn -0.3134 0.1421 0.9389
vn -0.0769 0.7637 -0.6410
vn -0.1224 0.4988 -0.8580
vn -0.0766 0.6001 -0.7962
vn -0.0232 0.7740 -0.6328
vn -0.0745 0.8230 0.5631
vn -0.0961 0.9065 0.4111
vn -0.2321 0.8871 0.3991
vn -0.1935 0.8487 0.4922
vn 0.0119 -0.9966 -0.0820
vn -0.1804 -0.9809 -0.0722
vn -0.2420 -0.9277 -0.2844
vn 0.0001 -0.9572 -0.2895
vn -0.9534 0.0515 0.2974
vn -0.9870 0.0856 -0.1357
vn -0.9594 -0.2457 -0.1383
vn -0.9375 -0.3038 0.1699
vn 0.0958 0.9947 0.0385
vn -0.0880 0.9930 0.0793
vn 0.0267 0.8991 0.4370
vn 0.4128 -0.7168 -0.5619
vn 0.7717 0.0444 -0.6345
vn 0.9587 -0.2453 -0.1442
vn 0.5378 -0.8411 -0.0578
vn -0.4328 -0.8658 -0.2512
vn -0.3903 -0.7776 -0.4929
vn -0.1808 -0.8643 -0.4694
vn -0.9120 0.4007 0.0873
vn -0.7968 0.5411 -0.2690
vn -0.8698 0.2590 -0.4199
vn -0.3878 -0.6767 0.6259
vn -0.2636 -0.7588 0.5955
vn -0.1611 0.3442 -0.9250
vn -0.1586 -0.0088 -0.9873
vn -0.1556 0.1059 -0.9821
vn 0.5227 -0.8265 0.2091
vn -0.8905 0.2805 0.3582
vn 0.4538 0.8159 -0.3583
vn 0.6668 0.7232 -0.1796
vn 0.5220 0.2381 -0.8191
vn -0.8540 -0.1186 -0.5065
vn -0.8526 -0.1271 -0.5069
vn -0.8672 0.2192 -0.4471
vn 0.0437 -0.5558 0.8302
vn 0.0203 -0.1533 0.9880
vn -0.1308 0.7510 -0.6472
vn -0.0005 0.7991 0.6012
vn -0.4075 -0.9115 -0.0563
vn -0.1694 0.9704 -0.1720
vn -0.2307 0.9666 0.1112
vn 0.0317 0.9852 -0.1686
vn -0.0456 -0.8690 -0.4926
vn -0.0211 -0.8965 -0.4425
vn -0.1407 -0.8623 -0.4865
vn 0.0602 -0.8832 0.4651
vn -0.1472 0.2766 -0.9497
vn -0.0766 0.8412 0.5353
vn 0.7192 0.6213 -0.3109
vn 0.0863 -0.6436 0.7605
vn 0.3247 -0.9410 0.0953
vn 0.8218 -0.4722 0.3189
vn 0.1345 0.9772 -0.1643
vn 0.2519 -0.5613 -0.7883
vn -0.2821 -0.8372 -0.4686
vn -0.7175 0.6381 -0.2794
vn 0.7357 0.6692 -0.1043
vn 0.1812 -0.9537 -0.2400
vn 0.2074 -0.9011 -0.3808
vn 0.2577 -0.9608 -0.1024
vn 0.2861 -0.9545 -0.0840
vn -0.2742 0.8977 0.3450
vn -0.3182 0.8985 0.3024
vn -0.4454 0.8557 0.2634
vn -0.4942 0.7594 0.4231
vn 0.1981 -0.9717 0.1289
vn 0.0933 -0.9535 0.2866
vn 0.1460 -0.9642 0.2212
vn 0.2054 -0.9627 0.1762
vn 0.1164 0.7978 -0.5916
vn -0.1086 0.7018 -0.7040
vn -0.2517 0.7309 -0.6344
vn 0.0731 0.9173 -0.3914
vn -0.6597 -0.6425 -0.3899
vn -0.9181 -0.1697 -0.3583
vn -0.8108 -0.3110 -0.4959
vn -0.6577 -0.5603 -0.5034
vn -0.1217 -0.7072 0.6964
vn -0.1130 -0.7591 0.6411
vn 0.0560 -0.9344 0.3519
vn 0.2209 0.9745 -0.0407
vn 0.4458 0.8763 0.1825
vn 0.6340 0.7722 -0.0420
vn 0.8708 0.2790 -0.4048
vn -0.5543 0.5906 -0.5865
vn -0.4626 0.8181 -0.3416
vn -0.2575 0.9075 -0.3320
vn -0.8651 -0.4670 -0.1831
vn -0.9374 0.2503 0.2420
vn -0.9441 0.3293 0.0133
vn -0.0551 -0.8441 -0.5334
vn 0.0649 -0.8326 -0.5501
vn -0.1353 0.9813 0.1369
vn -0.1258 0.9892 0.0754
vn -0.3259 0.9329 0.1533
vn 0.8881 -0.0407 -0.4578
vn -0.6471 -0.7176 -0.2575
vn 0.2767 0.9225 0.2690
vn 0.5486 0.7703 0.3252
vn 0.1573 0.9738 0.1644
vn -0.6234 0.7810 0.0380
vn -0.8433 0.4809 -0.2399
vn -0.6892 0.6359 0.3474
vn 0.2556 -0.9224 -0.2894
vn 0.2156 -0.9679 -0.1291
vn -0.1577 0.9418 0.2969
vn 0.1928 -0.9765 0.0963
vn -0.2706 -0.4135 0.8694
vn -0.0470 -0.8631 0.5029
vn -0.2330 -0.4102 0.8818
vn -0.0295 0.9980 -0.0552
vn 0.0245 0.9758 -0.2173
vn -0.2012 0.9713 -0.1272
vn 0.3089 -0.7697 -0.5587
vn -0.4182 0.8885 0.1887
vn 0.1094 -0.9839 0.1411
vn 0.6282 0.7101 0.3180
vn 0.2514 -0.9350 -0.2501
vn 0.5674 0.6366 -0.5224
vn 0.8821 -0.4517 -0.1336
vn -0.2226 -0.4091 0.8849
vn -0.0346 0.9994 -0.0051
vn -0.3822 0.9019 -0.2014
vn -0.6928 0.5768 0.4328
vn 0.7974 0.4921 0.3493
vn 0.7749 -0.6098 -0.1664
vn 0.9936 -0.1051 -0.0411
vn 0.9926 -0.0704 0.0985
vn 0.7322 -0.6805 -0.0275
vn -0.8831 -0.4635 -0.0725
vn -0.9468 -0.2347 -0.2200
vn -0.9405 -0.2465 -0.2338
vn -0.9811 -0.1350 -0.1384
vn 0.3944 -0.8640 0.3129
vn 0.2929 -0.8699 0.3970
vn 0.2193 -0.9679 0.1223
vn 0.2434 -0.9599 0.1389
vn 0.2075 0.8741 -0.4392
vn 0.2306 0.7109 -0.6644
vn -0.0177 0.5332 -0.8458
vn -0.0247 0.9072 -0.4201
vn 0.2988 -0.8778 -0.3744
vn -0.1628 -0.8247 -0.5416
vn -0.0259 -0.7579 -0.6519
vn 0.3424 -0.7887 -0.5107
vn -0.4242 -0.7550 0.5000
vn -0.2163 -0.9009 0.3764
vn 0.2434 -0.7462 0.6196
vn -0.3481 0.9371 0.0244
vn -0.3104 0.8979 0.3121
vn -0.3232 0.8741 0.3627
vn 0.0155 0.9996 -0.0255
vn -0.1246 0.1366 -0.9828
vn -0.4976 0.1258 -0.8583
vn -0.4271 0.6089 -0.6684
vn -0.1779 -0.9497 -0.2577
vn -0.3758 -0.9055 -0.1969
vn -0.4200 -0.7932 -0.4410
vn 0.7932 -0.5488 -0.2641
vn 0.9099 -0.3402 -0.2376
vn -0.8907 -0.4355 -0.1302
vn -0.9366 -0.0978 -0.3364
vn -0.9269 -0.2220 -0.3026
vn 0.2301 0.9708 -0.0677
vn 0.2556 -0.9335 -0.2514
vn -0.1139 0.8733 0.4738
vn -0.4035 0.6459 0.6480
vn -0.2988 0.9362 0.1853
vn -0.3453 -0.6922 -0.6338
vn -0.5211 -0.5422 -0.6592
vn -0.3631 -0.8801 -0.3058
vn 0.9655 0.2410 0.0984
vn 0.9758 0.1721 0.1352
vn -0.8429 -0.5352 -0.0551
vn 0.5641 -0.6386 0.5234
vn 0.2168 0.1712 -0.9611
vn -0.5475 -0.8273 0.1257
vn -0.1507 -0.9822 0.1120
vn -0.5970 -0.7667 0.2361
vn -0.4682 0.8259 -0.3141
vn -0.3146 0.8775 -0.3619
vn -0.5448 0.7075 -0.4502
vn 0.8735 0.4847 -0.0447
vn -0.9127 -0.2990 -0.2785
vn 0.3926 -0.8252 0.4060
vn -0.7837 0.4361 0.4424
vn 0.9354 0.3531 -0.0168
vn 0.0727 0.9964 -0.0428
vn 0.3469 0.8636 0.3659
vn -0.6406 -0.6793 0.3582
vn -0.3944 0.9190 -0.0026
vn -0.6404 0.1805 -0.7466
vn -0.3555 -0.9213 -0.1578
vn -0.4640 0.5744 0.6743
vn 0.3670 -0.9069 0.2070
vn 0.2647 -0.8762 0.4028
vn 0.1817 -0.9638 0.1951
vn 0.2536 -0.9578 0.1352
vn -0.1003 0.9284 -0.3579
vn -0.0796 0.9688 -0.2347
vn -0.0796 0.9682 -0.2373
vn -0.1346 0.9363 -0.3242
vn -0.1000 -0.9851 -0.1400
vn -0.2954 -0.8968 -0.3295
vn -0.0227 -0.9354 -0.3529
vn 0.0327 -0.9813 -0.1895
vn 0.2385 0.7650 0.5982
vn 0.4564 0.6899 0.5619
vn 0.5720 0.7462 0.3405
vn 0.1522 0.9113 0.3827
vn 0.8152 -0.5463 -0.1923
vn 0.8913 -0.1401 -0.4312
vn 0.9587 -0.2393 -0.1536
vn 0.8904 -0.4483 -0.0792
vn -0.7131 -0.5607 -0.4208
vn -0.4145 -0.4767 -0.7752
vn -0.4135 -0.8813 -0.2288
vn -0.1656 0.9736 0.1569
vn -0.5757 0.8150 0.0657
vn -0.4901 0.7882 0.3723
vn -0.5366 0.0014 0.8438
vn 0.5917 0.8031 0.0702
vn 0.3844 0.9201 0.0753
vn 0.2540 0.9585 0.1295
vn 0.6455 -0.4769 -0.5966
vn 0.6343 -0.3399 -0.6944
vn 0.8103 0.1126 -0.5751
vn 0.5376 -0.7816 0.3163
vn 0.4445 -0.7850 0.4315
vn -0.0754 0.9571 -0.2798
vn -0.0552 0.9898 -0.1316
vn -0.0448 0.9884 -0.1450
vn -0.4740 -0.4216 0.7731
vn 0.6172 -0.6858 -0.3857
vn -0.9897 0.1424 0.0178
vn -0.9653 0.2609 0.0127
vn -0.9107 0.4125 0.0233
vn 0.7525 0.5786 -0.3146
vn 0.7837 0.5297 -0.3243
vn 0.7025 -0.0679 -0.7084
vn 0.1468 -0.8850 0.4418
vn 0.0697 -0.9567 0.2827
vn -0.0873 0.9248 -0.3704
vn -0.2277 -0.9697 -0.0890
vn 0.9097 0.2869 0.3003
vn -0.1151 0.1388 -0.9836
vn -0.1178 -0.3858 -0.9150
vn -0.6707 -0.3342 -0.6622
vn 0.0964 0.9820 0.1626
vn 0.0923 0.9733 0.2101
vn 0.2074 0.9671 0.1471
vn 0.2392 -0.7430 0.6251
vn -0.0321 0.9864 -0.1613
vn -0.3234 -0.9002 -0.2916
vn -0.7962 0.6012 0.0676
vn -0.2347 -0.7370 0.6338
vn -0.1807 -0.1117 0.9772
vn -0.3999 -0.6309 0.6649
vn -0.7998 -0.5026 -0.3280
vn -0.1150 0.9930 0.0261
vn 0.3090 0.9420 0.1308
vn 0.6160 -0.2460 -0.7483
vn -0.8787 0.4774 0.0025
vn 0.6693 -0.7374 -0.0912
vn 0.4396 -0.8620 0.2522
vn 0.4368 -0.8989 0.0333
vn 0.6437 -0.7475 -0.1644
vn -0.0059 0.9473 -0.3203
vn 0.0426 0.9641 -0.2620
vn 0.0376 0.9670 -0.2520
vn 0.0041 0.9647 -0.2633
vn 0.2002 -0.8495 -0.4882
vn 0.1886 -0.4100 -0.8924
vn 0.6332 -0.3186 -0.7054
vn 0.6527 -0.4668 -0.5967
vn 0.3079 0.7198 0.6221
vn 0.5630 0.6439 0.5181
vn 0.5599 0.7690 0.3084
vn 0.2216 0.9363 0.2725
vn 0.8152 -0.5351 -0.2218
vn 0.9074 0.0070 -0.4201
vn 0.9449 -0.2732 -0.1805
vn 0.8681 -0.4833 -0.1135
vn -0.4707 0.0469 -0.8810
vn -0.1252 0.0849 -0.9885
vn -0.3119 -0.6696 -0.6740
vn -0.1570 0.9715 0.1777
vn -0.5844 0.8112 -0.0199
vn -0.5448 0.7460 0.3830
vn -0.4058 -0.1209 0.9059
vn 0.5805 0.8138 0.0257
vn 0.4123 0.9110 0.0054
vn 0.3078 0.9495 0.0605
vn 0.7907 -0.1068 -0.6028
vn 0.6532 -0.0765 -0.7533
vn 0.7488 0.4054 -0.5244
vn 0.7257 -0.6684 0.1630
vn 0.3451 -0.8276 0.4427
vn 0.0622 0.9670 -0.2469
vn 0.1060 0.9776 -0.1818
vn 0.0955 0.9745 -0.2033
vn -0.3195 -0.5019 0.8038
vn 0.6865 -0.6042 -0.4045
vn -0.5631 0.7743 -0.2888
vn -0.8166 0.5553 -0.1573
vn -0.4006 0.8941 -0.2004
vn 0.6881 0.6464 -0.3298
vn 0.6871 0.6502 -0.3243
vn 0.6881 0.0430 -0.7243
vn 0.1274 -0.8932 0.4313
vn 0.1115 -0.9545 0.2766
vn -0.0116 0.9359 -0.3520
vn -0.1292 -0.9363 -0.3265
vn 0.8931 0.3840 0.2345
vn 0.1099 0.1020 -0.9887
vn 0.4084 0.0906 -0.9083
vn -0.3471 0.2457 -0.9051
vn 0.1903 0.9773 0.0934
vn 0.1871 0.9736 0.1308
vn 0.2876 0.9556 0.0650
vn 0.1368 -0.8325 0.5369
vn 0.0785 0.9682 -0.2377
vn -0.2953 -0.9551 0.0236
vn -0.7050 0.6956 -0.1386
vn 0.1099 -0.9198 0.3766
vn 0.1853 0.7384 0.6485
vn -0.7689 -0.1955 0.6088
vn -0.5212 0.2905 -0.8025
vn -0.0238 0.9997 0.0022
vn 0.3706 0.9280 0.0395
vn 0.6256 -0.1303 -0.7692
vn -0.9360 0.3487 -0.0477
vn 0.1744 -0.9688 0.1761
vn 0.0633 -0.9259 0.3724
vn 0.0278 -0.9666 0.2547
vn 0.1183 -0.9822 0.1456
vn 0.0792 0.8771 -0.4738
vn 0.1429 0.9090 -0.3915
vn 0.1326 0.9215 -0.3650
vn 0.0722 0.9301 -0.3601
vn -0.1456 -0.9873 -0.0640
vn -0.2237 -0.9525 -0.2065
vn 0.0383 -0.9814 -0.1881
vn 0.0164 -0.9861 -0.1655
vn 0.4535 0.6472 0.6128
vn 0.6141 0.5703 0.5455
vn 0.6705 0.6692 0.3202
vn 0.3411 0.8526 0.3958
vn 0.6529 -0.7571 0.0246
vn 0.9350 -0.0963 -0.3413
vn 0.9714 -0.2246 -0.0764
vn 0.7137 -0.6970 0.0690
vn -0.6110 -0.2343 -0.7561
vn -0.2889 -0.4239 -0.8584
vn -0.3721 -0.9206 -0.1187
vn -0.1857 0.9799 0.0729
vn -0.5416 0.8401 -0.0316
vn -0.3893 0.9099 0.1435
vn -0.1696 0.7593 0.6282
vn 0.7177 0.6908 0.0875
vn 0.5233 0.8505 -0.0522
vn 0.3604 0.9277 0.0976
vn 0.7213 0.0379 -0.6915
vn 0.5786 0.2026 -0.7901
vn 0.7069 0.4627 -0.5350
vn 0.2851 -0.9292 0.2351
vn 0.2039 -0.9171 0.3425
vn 0.1298 0.8853 -0.4464
vn 0.1953 0.9347 -0.2971
vn 0.1964 0.9249 -0.3256
vn -0.1306 0.5516 0.8238
vn 0.4764 -0.8750 -0.0862
vn -0.8410 0.5270 0.1225
vn -0.8150 0.5713 -0.0967
vn -0.5895 0.8021 0.0955
vn 0.8116 0.5105 -0.2841
vn 0.6329 0.7265 -0.2678
vn 0.6442 0.2289 -0.7298
vn -0.0529 -0.9074 0.4170
vn -0.0752 -0.9253 0.3718
vn 0.0830 0.8370 -0.5409
vn -0.2659 -0.9639 0.0152
vn 0.8885 0.3246 0.3243
vn -0.0557 0.3777 -0.9243
vn 0.0400 -0.6918 -0.7210
vn -0.2565 0.4050 -0.8776
vn 0.1275 0.9914 0.0300
vn 0.2060 0.9655 0.1596
vn 0.2760 0.9607 -0.0282
vn 0.0179 -0.8346 0.5506
vn 0.1976 0.9083 -0.3687
vn -0.2060 -0.9756 -0.0757
vn -0.4311 0.8516 -0.2983
vn 0.0116 -0.8780 0.4785
vn -0.1700 0.8238 0.5408
vn -0.7610 -0.3252 0.5613
vn -0.4015 0.4141 -0.8169
vn -0.1425 0.9890 0.0408
vn 0.4328 0.8967 -0.0922
vn 0.5520 0.1266 -0.8242
vn -0.7827 0.5835 -0.2166
vn -0.4007 -0.8469 -0.3494
vn -0.3530 -0.9160 -0.1905
vn -0.5436 -0.8049 -0.2381
vn -0.5814 -0.7412 -0.3354
vn 0.2353 0.9698 0.0640
vn 0.3663 0.9284 0.0622
vn 0.3228 0.9431 0.0796
vn 0.2263 0.9697 0.0925
vn -0.9585 -0.0603 -0.2787
vn -0.9234 0.2895 -0.2522
vn -0.8685 0.2964 -0.3974
vn -0.9235 0.0945 -0.3717
vn 0.4694 -0.8828 0.0187
vn 0.5251 -0.8076 -0.2685
vn 0.8859 -0.4035 -0.2288
vn 0.8891 -0.4473 0.0969
vn -0.1645 -0.0248 -0.9861
vn 0.2154 0.4247 -0.8794
vn 0.3807 0.3349 -0.8619
vn 0.1108 -0.1735 -0.9786
vn -0.4911 0.8660 0.0938
vn -0.5037 0.8577 -0.1033
vn -0.9546 0.2880 -0.0757
vn 0.8006 0.0229 0.5988
vn 0.3945 0.3896 0.8322
vn 0.0721 -0.1879 0.9795
vn 0.2573 -0.8226 0.5071
vn 0.7725 -0.4094 -0.4854
vn 0.9217 0.2603 -0.2876
vn 0.9985 -0.0110 -0.0536
vn -0.0609 0.5293 -0.8462
vn 0.1715 0.8673 -0.4674
vn 0.3374 0.8133 -0.4740
vn -0.2177 -0.9116 -0.3486
vn -0.1893 -0.9483 -0.2549
vn 0.4238 0.9043 0.0503
vn 0.5474 0.8347 0.0604
vn 0.5067 0.8600 0.0604
vn -0.0293 -0.9486 0.3152
vn -0.2954 0.0500 -0.9541
vn 0.0072 0.8998 0.4363
vn -0.2132 0.6420 0.7365
vn 0.4310 0.7854 0.4443
vn 0.5078 0.7185 -0.4752
vn 0.5114 0.7156 -0.4758
vn 0.3388 0.8241 -0.4540
vn -0.3282 -0.9398 -0.0948
vn -0.4928 -0.8608 -0.1274
vn 0.2443 0.9691 0.0351
vn -0.9588 -0.2335 -0.1619
vn 0.5356 -0.7002 -0.4721
vn -0.0934 0.9924 -0.0801
vn -0.5464 0.7763 -0.3143
vn -0.1428 0.9854 0.0927
vn 0.9957 0.0008 0.0927
vn 0.9815 -0.1565 0.1102
vn 0.9995 0.0303 0.0131
vn -0.1245 -0.9908 -0.0533
vn 0.4524 0.8898 0.0601
vn -0.9691 -0.0521 -0.2412
vn -0.0236 0.6994 0.7144
vn -0.3067 -0.9492 -0.0706
vn 0.1311 -0.9648 0.2279
vn -0.2236 -0.8546 0.4687
vn -0.1634 0.9720 0.1687
vn 0.7788 0.5113 0.3635
vn 0.9769 0.1034 -0.1870
vn 0.1466 0.8992 -0.4122
vn -0.2808 0.5197 0.8069
vn 0.0001 -0.9597 0.2811
vn 0.0893 -0.9070 0.4116
vn -0.1431 -0.9661 0.2150
vn -0.1750 -0.9609 0.2147
vn -0.0065 0.9007 -0.4345
vn 0.0549 0.9108 -0.4092
vn 0.1797 0.8697 -0.4596
vn 0.1138 0.7830 -0.6115
vn -0.2445 -0.9696 -0.0009
vn -0.2716 -0.9439 -0.1877
vn -0.2652 -0.9577 -0.1117
vn -0.2848 -0.9578 -0.0378
vn 0.3068 0.7895 0.5316
vn 0.5204 0.6917 0.5007
vn 0.5964 0.7135 0.3678
vn 0.2139 0.9067 0.3636
vn 0.7825 -0.6225 -0.0155
vn 0.9695 -0.1646 -0.1816
vn 0.9569 -0.2902 -0.0136
vn 0.8402 -0.5378 0.0696
vn -0.3695 -0.7024 -0.6083
vn -0.3414 -0.7521 -0.5637
vn -0.2779 -0.9332 -0.2279
vn -0.1535 0.9771 0.1477
vn -0.4789 0.8741 0.0812
vn -0.4945 0.7759 0.3917
vn -0.4626 0.3023 0.8334
vn 0.8030 0.5688 0.1778
vn 0.5865 0.8092 0.0357
vn 0.4243 0.8960 0.1310
vn 0.8322 -0.4692 -0.2955
vn 0.6523 0.2482 -0.7162
vn 0.7790 0.3437 -0.5245
vn 0.4005 -0.8269 0.3948
vn 0.3155 -0.8216 0.4747
vn 0.0156 0.9835 -0.1801
vn 0.0502 0.9909 -0.1251
vn 0.1546 0.9463 -0.2839
vn -0.4417 -0.0444 0.8960
vn 0.6926 -0.7113 -0.1197
vn -0.4028 0.9122 -0.0759
vn -0.6366 0.7711 0.0088
vn -0.2446 0.9681 -0.0536
vn 0.4879 0.7975 -0.3549
vn 0.8439 0.4821 -0.2352
vn 0.3424 0.6748 -0.6537
vn -0.0014 -0.9246 0.3809
vn -0.0864 -0.9728 0.2149
vn -0.0755 0.9441 -0.3208
vn -0.2212 -0.9750 0.0202
vn -0.3719 -0.4100 -0.8328
vn -0.3069 -0.8416 -0.4444
vn -0.4071 -0.4043 -0.8190
vn 0.0615 0.9977 0.0296
vn 0.1322 0.9715 0.1969
vn 0.2696 0.9630 -0.0028
vn 0.1333 -0.7775 0.6146
vn 0.2126 0.9039 -0.3713
vn -0.1842 -0.9812 -0.0582
vn -0.7130 0.6985 0.0613
vn -0.0326 -0.9426 0.3325
vn -0.1059 0.6636 0.7406
vn -0.6553 -0.4762 0.5864
vn -0.4176 -0.4025 -0.8146
vn 0.0315 0.9994 -0.0135
vn 0.4434 0.8958 -0.0313
vn 0.2792 0.6097 -0.7418
vn -0.8671 0.4833 0.1208
vn -0.5385 -0.6407 0.5472
vn -0.8128 -0.1063 0.5728
vn -0.8937 -0.0892 0.4398
vn -0.5887 -0.6994 0.4053
vn 0.7847 -0.4730 -0.4006
vn 0.9217 -0.2369 -0.3073
vn 0.9243 -0.2483 -0.2900
vn 0.9079 -0.1382 -0.3958
vn -0.5153 -0.8556 -0.0491
vn -0.4933 -0.8555 -0.1574
vn -0.2613 -0.9652 0.0125
vn -0.2906 -0.9568 0.0114
vn 0.1328 0.8770 0.4618
vn 0.2741 0.6975 0.6621
vn 0.5447 0.5318 0.6484
vn 0.3096 0.8964 0.3173
vn 0.0203 -0.8804 0.4739
vn 0.4702 -0.8123 0.3451
vn 0.4091 -0.7522 0.5165
vn 0.0732 -0.8002 0.5952
vn 0.0303 -0.7697 -0.6377
vn -0.0722 -0.9024 -0.4248
vn -0.5760 -0.7230 -0.3814
vn 0.2627 0.9444 -0.1978
vn 0.0432 0.9050 -0.4231
vn 0.0269 0.8933 -0.4486
vn -0.0071 0.9992 0.0404
vn 0.7157 0.1284 0.6865
vn 0.9067 0.1149 0.4059
vn 0.7468 0.5915 0.3041
vn 0.3276 -0.9385 0.1093
vn 0.4337 -0.9005 -0.0326
vn 0.6174 -0.7747 0.1364
vn -0.4872 -0.5806 0.6523
vn -0.6210 -0.3477 0.7024
vn 0.8190 -0.4498 -0.3563
vn 0.9747 -0.0966 -0.2017
vn 0.9495 -0.2191 -0.2247
vn -0.1403 0.9750 0.1723
vn -0.0351 -0.9413 0.3358
vn -0.2304 0.8687 -0.4384
vn -0.1222 0.6657 -0.7361
vn 0.0864 0.9442 -0.3180
vn 0.6790 -0.6602 0.3211
vn 0.8245 -0.5073 0.2507
vn 0.4875 -0.8715 0.0530
vn -0.8727 0.2454 0.4221
vn -0.9014 0.1761 0.3956
vn 0.7372 -0.5490 -0.3937
vn -0.7798 -0.6123 -0.1306
vn 0.4703 0.1673 0.8665
vn 0.3647 -0.8462 -0.3885
vn 0.0388 -0.9859 -0.1627
vn 0.3290 -0.7876 -0.5210
vn 0.5830 0.8123 0.0156
vn 0.5024 0.8566 0.1177
vn 0.7124 0.6974 0.0782
vn -0.7035 0.5049 0.5001
vn 0.9245 -0.2980 -0.2379
vn -0.5800 -0.8049 -0.1254
vn 0.3547 0.4673 -0.8098
vn -0.7770 0.3686 0.5104
vn -0.0295 0.9970 0.0716
vn -0.5196 0.8463 -0.1170
vn 0.2855 -0.7105 -0.6432
vn 0.3226 0.9252 -0.1996
vn 0.9517 0.1672 0.2574
vn 0.3935 -0.9178 -0.0529
vn -0.0880 0.5903 -0.8024
vn 0.4090 -0.7522 0.5165
# 2946 vertex normals

vt 0.8399 0.9588 0.0000
vt 0.8041 0.9599 0.0000
vt 0.8047 0.9238 0.0000
vt 0.8424 0.9239 0.0000
vt 0.0060 0.0327 0.0000
vt 0.0210 0.0010 0.0000
vt 0.0597 0.0303 0.0000
vt 0.0478 0.0547 0.0000
vt 0.9912 0.0062 0.0000
vt 0.9933 0.0439 0.0000
vt 0.9436 0.0393 0.0000
vt 0.9436 0.0091 0.0000
vt 0.0268 0.3249 0.0000
vt 0.0010 0.2995 0.0000
vt 0.0369 0.2656 0.0000
vt 0.0552 0.2832 0.0000
vt 0.0010 0.3252 0.0000
vt 0.0367 0.3286 0.0000
vt 0.0327 0.3757 0.0000
vt 0.0049 0.3747 0.0000
vt 0.1080 0.0586 0.0000
vt 0.0966 0.0806 0.0000
vt 0.8848 0.0369 0.0000
vt 0.8877 0.0060 0.0000
vt 0.0768 0.2283 0.0000
vt 0.0978 0.2426 0.0000
vt 0.0295 0.4308 0.0000
vt 0.0058 0.4294 0.0000
vt 0.1375 0.0619 0.0000
vt 0.2136 0.0553 0.0000
vt 0.2050 0.0716 0.0000
vt 0.1257 0.0862 0.0000
vt 0.8598 0.0365 0.0000
vt 0.7941 0.0346 0.0000
vt 0.7942 0.0106 0.0000
vt 0.8597 0.0109 0.0000
vt 0.1169 0.2262 0.0000
vt 0.1001 0.2161 0.0000
vt 0.1763 0.1926 0.0000
vt 0.1896 0.2052 0.0000
vt 0.0359 0.4593 0.0000
vt 0.0362 0.3943 0.0000
vt 0.0603 0.3938 0.0000
vt 0.0624 0.4636 0.0000
vt 0.2311 0.0762 0.0000
vt 0.2380 0.0587 0.0000
vt 0.2857 0.0937 0.0000
vt 0.2811 0.1046 0.0000
vt 0.4948 0.0215 0.0000
vt 0.4995 0.0025 0.0000
vt 0.5589 0.0010 0.0000
vt 0.5548 0.0215 0.0000
vt 0.2133 0.1958 0.0000
vt 0.2016 0.1821 0.0000
vt 0.2374 0.1381 0.0000
vt 0.2446 0.1465 0.0000
vt 0.0587 0.3686 0.0000
vt 0.0392 0.3688 0.0000
vt 0.0521 0.3114 0.0000
vt 0.0706 0.3121 0.0000
vt 0.3030 0.1422 0.0000
vt 0.3002 0.1478 0.0000
vt 0.5967 0.0031 0.0000
vt 0.5937 0.0177 0.0000
vt 0.2411 0.0908 0.0000
vt 0.2451 0.0953 0.0000
vt 0.0667 0.2753 0.0000
vt 0.0794 0.2755 0.0000
vt 0.2255 0.8151 0.0000
vt 0.2277 0.8091 0.0000
vt 0.2404 0.8091 0.0000
vt 0.2403 0.8154 0.0000
vt 0.2251 0.5620 0.0000
vt 0.2055 0.5620 0.0000
vt 0.2220 0.5410 0.0000
vt 0.2415 0.5401 0.0000
vt 0.2386 0.0355 0.0000
vt 0.2506 0.0414 0.0000
vt 0.2302 0.2098 0.0000
vt 0.2184 0.2181 0.0000
vt 0.9727 0.9118 0.0000
vt 0.9731 0.9425 0.0000
vt 0.9534 0.9396 0.0000
vt 0.9487 0.9088 0.0000
vt 0.2529 0.5115 0.0000
vt 0.2378 0.5121 0.0000
vt 0.2412 0.4749 0.0000
vt 0.2514 0.4766 0.0000
vt 0.2769 0.0221 0.0000
vt 0.2624 0.0217 0.0000
vt 0.3264 0.0033 0.0000
vt 0.3286 0.0059 0.0000
vt 0.2497 0.2239 0.0000
vt 0.2629 0.2171 0.0000
vt 0.3140 0.2145 0.0000
vt 0.3118 0.2192 0.0000
vt 0.6066 0.3377 0.0000
vt 0.5946 0.3340 0.0000
vt 0.6078 0.2893 0.0000
vt 0.6187 0.2895 0.0000
vt 0.6112 0.2853 0.0000
vt 0.6214 0.2871 0.0000
vt 0.8506 0.9004 0.0000
vt 0.8440 0.8739 0.0000
vt 0.8839 0.8822 0.0000
vt 0.8849 0.9013 0.0000
vt 0.0664 0.1851 0.0000
vt 0.0804 0.1789 0.0000
vt 0.1211 0.1221 0.0000
vt 0.1058 0.1146 0.0000
vt 0.0312 0.4541 0.0000
vt 0.0089 0.4532 0.0000
vt 0.7216 0.6569 0.0000
vt 0.6993 0.6640 0.0000
vt 0.7130 0.6155 0.0000
vt 0.7211 0.6145 0.0000
vt 0.0754 0.1503 0.0000
vt 0.0680 0.1494 0.0000
vt 0.0814 0.0947 0.0000
vt 0.0879 0.0949 0.0000
vt 0.1229 0.1494 0.0000
vt 0.1320 0.1485 0.0000
vt 0.1571 0.1937 0.0000
vt 0.1503 0.1964 0.0000
vt 0.0131 0.4802 0.0000
vt 0.0346 0.4849 0.0000
vt 0.0322 0.5301 0.0000
vt 0.0233 0.5293 0.0000
vt 0.7189 0.6782 0.0000
vt 0.6998 0.6811 0.0000
vt 0.6029 0.3557 0.0000
vt 0.6226 0.3598 0.0000
vt 0.4996 0.9157 0.0000
vt 0.5012 0.9415 0.0000
vt 0.4683 0.9262 0.0000
vt 0.4808 0.9039 0.0000
vt 0.7184 0.1678 0.0000
vt 0.7223 0.1845 0.0000
vt 0.7066 0.1784 0.0000
vt 0.7092 0.1720 0.0000
vt 0.4620 0.9168 0.0000
vt 0.4819 0.8939 0.0000
vt 0.5180 0.9580 0.0000
vt 0.5173 0.9367 0.0000
vt 0.5280 0.9328 0.0000
vt 0.5315 0.9701 0.0000
vt 0.5047 0.9008 0.0000
vt 0.5166 0.9125 0.0000
vt 0.5155 0.9236 0.0000
vt 0.7304 0.1485 0.0000
vt 0.7052 0.1358 0.0000
vt 0.7182 0.1370 0.0000
vt 0.7415 0.1357 0.0000
vt 0.7587 0.1996 0.0000
vt 0.7530 0.1846 0.0000
vt 0.7804 0.1786 0.0000
vt 0.7763 0.2027 0.0000
vt 0.4259 0.0991 0.0000
vt 0.4410 0.0880 0.0000
vt 0.4586 0.0852 0.0000
vt 0.4483 0.0981 0.0000
vt 0.3882 0.0919 0.0000
vt 0.3851 0.0833 0.0000
vt 0.4094 0.0852 0.0000
vt 0.4092 0.0972 0.0000
vt 0.7406 0.1893 0.0000
vt 0.7446 0.1988 0.0000
vt 0.7356 0.2001 0.0000
vt 0.8433 0.9756 0.0000
vt 0.8290 0.9772 0.0000
vt 0.8337 0.9637 0.0000
vt 0.8554 0.9649 0.0000
vt 0.7388 0.1725 0.0000
vt 0.4334 0.0823 0.0000
vt 0.4093 0.0800 0.0000
vt 0.5149 0.9727 0.0000
vt 0.4764 0.9614 0.0000
vt 0.4623 0.9401 0.0000
vt 0.6993 0.1505 0.0000
vt 0.7449 0.2098 0.0000
vt 0.7219 0.1976 0.0000
vt 0.4687 0.9663 0.0000
vt 0.4708 0.9718 0.0000
vt 0.7738 0.1420 0.0000
vt 0.7835 0.1711 0.0000
vt 0.4970 0.9831 0.0000
vt 0.8618 0.9698 0.0000
vt 0.8644 0.9765 0.0000
vt 0.1897 0.7909 0.0000
vt 0.1806 0.7962 0.0000
vt 0.1830 0.7643 0.0000
vt 0.1883 0.7642 0.0000
vt 0.4455 0.0767 0.0000
vt 0.4071 0.0758 0.0000
vt 0.4741 0.8970 0.0000
vt 0.4599 0.9038 0.0000
vt 0.4772 0.0846 0.0000
vt 0.4623 0.0768 0.0000
vt 0.8200 0.0783 0.0000
vt 0.8078 0.0677 0.0000
vt 0.8471 0.0655 0.0000
vt 0.8445 0.0780 0.0000
vt 0.3400 0.7519 0.0000
vt 0.3569 0.7476 0.0000
vt 0.3496 0.7567 0.0000
vt 0.3417 0.7535 0.0000
vt 0.8659 0.0654 0.0000
vt 0.8544 0.0807 0.0000
vt 0.6728 0.9336 0.0000
vt 0.6594 0.9327 0.0000
vt 0.6689 0.9194 0.0000
vt 0.6973 0.9163 0.0000
vt 0.3775 0.7970 0.0000
vt 0.3696 0.7845 0.0000
vt 0.3855 0.7824 0.0000
vt 0.3936 0.7907 0.0000
vt 0.8393 0.7860 0.0000
vt 0.8579 0.7758 0.0000
vt 0.8661 0.7787 0.0000
vt 0.8555 0.7912 0.0000
vt 0.8401 0.8268 0.0000
vt 0.8204 0.8241 0.0000
vt 0.8381 0.8140 0.0000
vt 0.8609 0.8232 0.0000
vt 0.3851 0.7596 0.0000
vt 0.3958 0.7508 0.0000
vt 0.4016 0.7768 0.0000
vt 0.3441 0.7875 0.0000
vt 0.3302 0.7777 0.0000
vt 0.3557 0.7654 0.0000
vt 0.8050 0.0781 0.0000
vt 0.7964 0.0733 0.0000
vt 0.3610 0.7342 0.0000
vt 0.3758 0.7386 0.0000
vt 0.3751 0.7411 0.0000
vt 0.6843 0.9340 0.0000
vt 0.7014 0.9258 0.0000
vt 0.3527 0.7971 0.0000
vt 0.5347 0.9654 0.0000
vt 0.5419 0.9390 0.0000
vt 0.5504 0.9787 0.0000
vt 0.5412 0.9802 0.0000
vt 0.3729 0.7509 0.0000
vt 0.7984 0.0535 0.0000
vt 0.8337 0.0501 0.0000
vt 0.3459 0.7398 0.0000
vt 0.8657 0.0529 0.0000
vt 0.4019 0.7933 0.0000
vt 0.8282 0.7716 0.0000
vt 0.8537 0.7692 0.0000
vt 0.8268 0.7772 0.0000
vt 0.8293 0.8315 0.0000
vt 0.8508 0.8375 0.0000
vt 0.8289 0.8362 0.0000
vt 0.7941 0.0625 0.0000
vt 0.8389 0.0461 0.0000
vt 0.8471 0.0409 0.0000
vt 0.5728 0.9788 0.0000
vt 0.5552 0.9288 0.0000
vt 0.5669 0.9440 0.0000
vt 0.5777 0.9722 0.0000
vt 0.8150 0.0435 0.0000
vt 0.6012 0.9791 0.0000
vt 0.5891 0.9677 0.0000
vt 0.5824 0.9375 0.0000
vt 0.8140 0.7869 0.0000
vt 0.8140 0.8291 0.0000
vt 0.8695 0.0750 0.0000
vt 0.8807 0.0684 0.0000
vt 0.6892 0.9038 0.0000
vt 0.7010 0.9063 0.0000
vt 0.9239 0.2892 0.0000
vt 0.9439 0.3140 0.0000
vt 0.9182 0.3042 0.0000
vt 0.9026 0.2830 0.0000
vt 0.4164 0.6868 0.0000
vt 0.4046 0.7008 0.0000
vt 0.3938 0.6905 0.0000
vt 0.4011 0.6794 0.0000
vt 0.5665 0.1366 0.0000
vt 0.5437 0.1472 0.0000
vt 0.5364 0.1349 0.0000
vt 0.5428 0.1307 0.0000
vt 0.9673 0.3227 0.0000
vt 0.9630 0.3041 0.0000
vt 0.9723 0.2974 0.0000
vt 0.9730 0.3302 0.0000
vt 0.9410 0.2730 0.0000
vt 0.9557 0.2810 0.0000
vt 0.9576 0.2919 0.0000
vt 0.9112 0.8386 0.0000
vt 0.9257 0.8206 0.0000
vt 0.9289 0.8298 0.0000
vt 0.9177 0.8479 0.0000
vt 0.6943 0.8245 0.0000
vt 0.6849 0.8278 0.0000
vt 0.6726 0.8123 0.0000
vt 0.6877 0.8135 0.0000
vt 0.9653 0.2786 0.0000
vt 0.9745 0.2868 0.0000
vt 0.9012 0.2720 0.0000
vt 0.8939 0.2610 0.0000
vt 0.9320 0.2604 0.0000
vt 0.4085 0.7208 0.0000
vt 0.4022 0.7334 0.0000
vt 0.3851 0.7258 0.0000
vt 0.6841 0.7991 0.0000
vt 0.6966 0.8032 0.0000
vt 0.4211 0.7001 0.0000
vt 0.4356 0.6902 0.0000
vt 0.4231 0.7388 0.0000
vt 0.5490 0.1660 0.0000
vt 0.5417 0.1606 0.0000
vt 0.5796 0.1663 0.0000
vt 0.5783 0.1726 0.0000
vt 0.9513 0.3290 0.0000
vt 0.9289 0.3294 0.0000
vt 0.9039 0.3145 0.0000
vt 0.8991 0.2915 0.0000
vt 0.9202 0.8041 0.0000
vt 0.9311 0.8054 0.0000
vt 0.9119 0.8194 0.0000
vt 0.4158 0.7480 0.0000
vt 0.3874 0.7390 0.0000
vt 0.5680 0.1811 0.0000
vt 0.5430 0.1690 0.0000
vt 0.9245 0.3347 0.0000
vt 0.9249 0.3397 0.0000
vt 0.4406 0.7453 0.0000
vt 0.4450 0.6897 0.0000
vt 0.4574 0.7201 0.0000
vt 0.4457 0.7411 0.0000
vt 0.9450 0.3400 0.0000
vt 0.6694 0.8070 0.0000
vt 0.6700 0.7996 0.0000
vt 0.5891 0.1506 0.0000
vt 0.5865 0.1418 0.0000
vt 0.6070 0.1414 0.0000
vt 0.6102 0.1484 0.0000
vt 0.9088 0.8241 0.0000
vt 0.5297 0.1623 0.0000
vt 0.6131 0.1632 0.0000
vt 0.5894 0.1741 0.0000
vt 0.5247 0.1451 0.0000
vt 0.5407 0.1505 0.0000
vt 0.7188 0.8139 0.0000
vt 0.7244 0.8269 0.0000
vt 0.9396 0.8487 0.0000
vt 0.9387 0.8232 0.0000
vt 0.9548 0.8295 0.0000
vt 0.9530 0.8469 0.0000
vt 0.4883 0.6278 0.0000
vt 0.4861 0.6401 0.0000
vt 0.4720 0.6382 0.0000
vt 0.4744 0.6308 0.0000
vt 0.4702 0.5807 0.0000
vt 0.4736 0.5966 0.0000
vt 0.4499 0.6027 0.0000
vt 0.4550 0.5902 0.0000
vt 0.5461 0.3576 0.0000
vt 0.5716 0.3496 0.0000
vt 0.5728 0.3726 0.0000
vt 0.5349 0.3831 0.0000
vt 0.4968 0.3551 0.0000
vt 0.4955 0.3722 0.0000
vt 0.4874 0.3709 0.0000
vt 0.4858 0.3619 0.0000
vt 0.5006 0.6114 0.0000
vt 0.4754 0.6092 0.0000
vt 0.5045 0.5912 0.0000
vt 0.5369 0.4001 0.0000
vt 0.5253 0.4069 0.0000
vt 0.5169 0.3820 0.0000
vt 0.4849 0.3974 0.0000
vt 0.4774 0.4071 0.0000
vt 0.4749 0.3828 0.0000
vt 0.5099 0.3717 0.0000
vt 0.5099 0.3890 0.0000
vt 0.4963 0.3959 0.0000
vt 0.5840 0.3523 0.0000
vt 0.5581 0.3402 0.0000
vt 0.5857 0.3419 0.0000
vt 0.4823 0.4343 0.0000
vt 0.4761 0.4279 0.0000
vt 0.4795 0.4199 0.0000
vt 0.4900 0.4199 0.0000
vt 0.5428 0.3467 0.0000
vt 0.5068 0.3654 0.0000
vt 0.9701 0.6284 0.0000
vt 0.9875 0.6245 0.0000
vt 0.9863 0.6422 0.0000
vt 0.9687 0.6380 0.0000
vt 0.4837 0.4123 0.0000
vt 0.4954 0.4096 0.0000
vt 0.9405 0.8133 0.0000
vt 0.9549 0.8091 0.0000
vt 0.4948 0.4267 0.0000
vt 0.5017 0.4164 0.0000
vt 0.4940 0.5759 0.0000
vt 0.5899 0.3650 0.0000
vt 0.4619 0.6138 0.0000
vt 0.5470 0.4069 0.0000
vt 0.5641 0.3935 0.0000
vt 0.5602 0.4045 0.0000
vt 0.5098 0.5696 0.0000
vt 0.5173 0.5820 0.0000
vt 0.9912 0.7145 0.0000
vt 0.9687 0.7143 0.0000
vt 0.9775 0.6993 0.0000
vt 0.9898 0.7050 0.0000
vt 0.5370 0.3425 0.0000
vt 0.5257 0.3518 0.0000
vt 0.5200 0.3408 0.0000
vt 0.5148 0.3669 0.0000
vt 0.9907 0.7442 0.0000
vt 0.9969 0.7578 0.0000
vt 0.9855 0.7600 0.0000
vt 0.9737 0.7455 0.0000
vt 0.4989 0.6339 0.0000
vt 0.5439 0.4099 0.0000
vt 0.5028 0.4085 0.0000
vt 0.5242 0.6084 0.0000
vt 0.5230 0.6347 0.0000
vt 0.2362 0.9871 0.0000
vt 0.2208 0.9602 0.0000
vt 0.2584 0.9645 0.0000
vt 0.2652 0.9810 0.0000
vt 0.0712 0.6061 0.0000
vt 0.0618 0.6213 0.0000
vt 0.0504 0.6149 0.0000
vt 0.0575 0.6045 0.0000
vt 0.2882 0.9660 0.0000
vt 0.2803 0.9891 0.0000
vt 0.0533 0.7007 0.0000
vt 0.0299 0.6933 0.0000
vt 0.0324 0.6834 0.0000
vt 0.0693 0.6873 0.0000
vt 0.1402 0.7451 0.0000
vt 0.1582 0.7531 0.0000
vt 0.1407 0.7563 0.0000
vt 0.1257 0.7523 0.0000
vt 0.3020 0.9448 0.0000
vt 0.3061 0.9679 0.0000
vt 0.2893 0.9362 0.0000
vt 0.0744 0.6647 0.0000
vt 0.0913 0.6468 0.0000
vt 0.0911 0.6736 0.0000
vt 0.0210 0.6630 0.0000
vt 0.0385 0.6462 0.0000
vt 0.0492 0.6576 0.0000
vt 0.1844 0.7442 0.0000
vt 0.2013 0.7472 0.0000
vt 0.1833 0.7575 0.0000
vt 0.2217 0.9846 0.0000
vt 0.2105 0.9725 0.0000
vt 0.0776 0.6305 0.0000
vt 0.0696 0.6473 0.0000
vt 0.0579 0.6422 0.0000
vt 0.2337 0.4299 0.0000
vt 0.2263 0.4413 0.0000
vt 0.2182 0.4240 0.0000
vt 0.2235 0.4048 0.0000
vt 0.2540 0.9922 0.0000
vt 0.0780 0.6127 0.0000
vt 0.0844 0.6148 0.0000
vt 0.0482 0.6361 0.0000
vt 0.0410 0.6244 0.0000
vt 0.2221 0.9454 0.0000
vt 0.2492 0.9410 0.0000
vt 0.0218 0.6788 0.0000
vt 0.9015 0.9345 0.0000
vt 0.8939 0.9267 0.0000
vt 0.9074 0.9238 0.0000
vt 0.9151 0.9333 0.0000
vt 0.2106 0.9478 0.0000
vt 0.2524 0.9250 0.0000
vt 0.2697 0.9215 0.0000
vt 0.2399 0.3631 0.0000
vt 0.2402 0.3832 0.0000
vt 0.2305 0.4066 0.0000
vt 0.2359 0.9294 0.0000
vt 0.2350 0.4167 0.0000
vt 0.2464 0.9188 0.0000
vt 0.9235 0.9375 0.0000
vt 0.9303 0.9269 0.0000
vt 0.2069 0.7550 0.0000
vt 0.1950 0.7604 0.0000
vt 0.2327 0.3502 0.0000
vt 0.2155 0.3790 0.0000
vt 0.0245 0.6458 0.0000
vt 0.2975 0.9811 0.0000
vt 0.3732 0.3711 0.0000
vt 0.3778 0.3476 0.0000
vt 0.4040 0.3614 0.0000
vt 0.3871 0.3813 0.0000
vt 0.6989 0.2878 0.0000
vt 0.7143 0.2915 0.0000
vt 0.7016 0.3047 0.0000
vt 0.6989 0.2986 0.0000
vt 0.3754 0.4282 0.0000
vt 0.3667 0.4244 0.0000
vt 0.3727 0.3951 0.0000
vt 0.3777 0.4029 0.0000
vt 0.3629 0.3279 0.0000
vt 0.3611 0.3507 0.0000
vt 0.3462 0.3487 0.0000
vt 0.3452 0.3063 0.0000
vt 0.3620 0.3806 0.0000
vt 0.3535 0.3694 0.0000
vt 0.3592 0.3620 0.0000
vt 0.6829 0.2699 0.0000
vt 0.6594 0.2901 0.0000
vt 0.6596 0.2810 0.0000
vt 0.6694 0.2570 0.0000
vt 0.5865 0.5806 0.0000
vt 0.5803 0.5766 0.0000
vt 0.5935 0.5547 0.0000
vt 0.5981 0.5714 0.0000
vt 0.5929 0.6248 0.0000
vt 0.5872 0.6118 0.0000
vt 0.5892 0.6008 0.0000
vt 0.5982 0.6103 0.0000
vt 0.9538 0.6762 0.0000
vt 0.9453 0.6765 0.0000
vt 0.9528 0.6487 0.0000
vt 0.9632 0.6569 0.0000
vt 0.7285 0.2745 0.0000
vt 0.7348 0.2765 0.0000
vt 0.7323 0.2857 0.0000
vt 0.3664 0.3112 0.0000
vt 0.3675 0.3004 0.0000
vt 0.9585 0.6794 0.0000
vt 0.9677 0.6632 0.0000
vt 0.7131 0.2691 0.0000
vt 0.7252 0.2626 0.0000
vt 0.9552 0.6245 0.0000
vt 0.9615 0.6245 0.0000
vt 0.9482 0.6449 0.0000
vt 0.4015 0.3250 0.0000
vt 0.3735 0.4599 0.0000
vt 0.3613 0.4483 0.0000
vt 0.6699 0.3020 0.0000
vt 0.5803 0.5908 0.0000
vt 0.5796 0.6002 0.0000
vt 0.7226 0.2990 0.0000
vt 0.3716 0.4673 0.0000
vt 0.3638 0.4749 0.0000
vt 0.7215 0.2382 0.0000
vt 0.6839 0.2304 0.0000
vt 0.7133 0.2334 0.0000
vt 0.3840 0.3003 0.0000
vt 0.4099 0.3208 0.0000
vt 0.7450 0.8834 0.0000
vt 0.7442 0.8689 0.0000
vt 0.7518 0.8723 0.0000
vt 0.7574 0.8784 0.0000
vt 0.7818 0.8732 0.0000
vt 0.7893 0.8829 0.0000
vt 0.5746 0.5873 0.0000
vt 0.5801 0.6140 0.0000
vt 0.9437 0.6471 0.0000
vt 0.9682 0.6447 0.0000
vt 0.3643 0.4033 0.0000
vt 0.3601 0.4152 0.0000
vt 0.6563 0.6122 0.0000
vt 0.6547 0.6212 0.0000
vt 0.6317 0.5946 0.0000
vt 0.6415 0.6018 0.0000
vt 0.4388 0.6563 0.0000
vt 0.4406 0.6430 0.0000
vt 0.4496 0.6438 0.0000
vt 0.4473 0.6505 0.0000
vt 0.6384 0.4409 0.0000
vt 0.6419 0.4278 0.0000
vt 0.6626 0.4312 0.0000
vt 0.6496 0.4373 0.0000
vt 0.6625 0.6407 0.0000
vt 0.6672 0.6356 0.0000
vt 0.6722 0.6394 0.0000
vt 0.6512 0.6539 0.0000
vt 0.6652 0.6141 0.0000
vt 0.6721 0.6229 0.0000
vt 0.6693 0.6280 0.0000
vt 0.4296 0.6703 0.0000
vt 0.4452 0.6638 0.0000
vt 0.4504 0.6686 0.0000
vt 0.4289 0.6892 0.0000
vt 0.4182 0.6287 0.0000
vt 0.4142 0.6419 0.0000
vt 0.4054 0.6425 0.0000
vt 0.4136 0.6246 0.0000
vt 0.4509 0.6233 0.0000
vt 0.4460 0.6272 0.0000
vt 0.4357 0.6237 0.0000
vt 0.4370 0.6145 0.0000
vt 0.6585 0.4254 0.0000
vt 0.6680 0.4277 0.0000
vt 0.6752 0.4359 0.0000
vt 0.4279 0.6417 0.0000
vt 0.4270 0.6312 0.0000
vt 0.4357 0.6294 0.0000
vt 0.6506 0.6333 0.0000
vt 0.6317 0.6514 0.0000
vt 0.6656 0.4433 0.0000
vt 0.4339 0.6564 0.0000
vt 0.6758 0.4255 0.0000
vt 0.6785 0.4303 0.0000
vt 0.6649 0.4233 0.0000
vt 0.6251 0.6093 0.0000
vt 0.6344 0.4427 0.0000
vt 0.6145 0.4295 0.0000
vt 0.6580 0.4213 0.0000
vt 0.6446 0.4234 0.0000
vt 0.6494 0.4200 0.0000
vt 0.4436 0.6295 0.0000
vt 0.6045 0.6067 0.0000
vt 0.6094 0.6377 0.0000
vt 0.6060 0.6356 0.0000
vt 0.4051 0.6726 0.0000
vt 0.4000 0.6521 0.0000
vt 0.6247 0.6467 0.0000
vt 0.6207 0.6508 0.0000
vt 0.6834 0.4386 0.0000
vt 0.2260 0.3451 0.0000
vt 0.2102 0.3162 0.0000
vt 0.2548 0.3063 0.0000
vt 0.2588 0.3246 0.0000
vt 0.3457 0.1048 0.0000
vt 0.3497 0.0523 0.0000
vt 0.3691 0.0427 0.0000
vt 0.3675 0.0689 0.0000
vt 0.2759 0.2860 0.0000
vt 0.2730 0.3171 0.0000
vt 0.7655 0.8290 0.0000
vt 0.7849 0.8295 0.0000
vt 0.7996 0.8433 0.0000
vt 0.7492 0.8432 0.0000
vt 0.2232 0.3589 0.0000
vt 0.2025 0.3630 0.0000
vt 0.1954 0.3534 0.0000
vt 0.3259 0.1087 0.0000
vt 0.3568 0.1137 0.0000
vt 0.3542 0.1196 0.0000
vt 0.3142 0.1239 0.0000
vt 0.3066 0.0376 0.0000
vt 0.2961 0.0676 0.0000
vt 0.2874 0.0661 0.0000
vt 0.2920 0.0410 0.0000
vt 0.3660 0.0140 0.0000
vt 0.3593 0.0173 0.0000
vt 0.3393 0.0161 0.0000
vt 0.3395 0.0010 0.0000
vt 0.3140 0.1730 0.0000
vt 0.3139 0.1869 0.0000
vt 0.2577 0.1869 0.0000
vt 0.2510 0.1721 0.0000
vt 0.1865 0.3397 0.0000
vt 0.3166 0.0827 0.0000
vt 0.3225 0.0361 0.0000
vt 0.3402 0.0256 0.0000
vt 0.2042 0.2992 0.0000
vt 0.1807 0.3115 0.0000
vt 0.1757 0.2890 0.0000
vt 0.1919 0.2693 0.0000
vt 0.2996 0.1592 0.0000
vt 0.2637 0.1556 0.0000
vt 0.3319 0.1009 0.0000
vt 0.3560 0.0198 0.0000
vt 0.3725 0.0385 0.0000
vt 0.2477 0.2696 0.0000
vt 0.2534 0.2527 0.0000
vt 0.1756 0.3511 0.0000
vt 0.3723 0.0964 0.0000
vt 0.9737 0.6660 0.0000
vt 0.9791 0.6445 0.0000
vt 0.9836 0.6503 0.0000
vt 0.9908 0.6659 0.0000
vt 0.3000 0.1183 0.0000
vt 0.2853 0.0782 0.0000
vt 0.2184 0.2757 0.0000
vt 0.2511 0.2535 0.0000
vt 0.1999 0.2600 0.0000
vt 0.2400 0.2454 0.0000
vt 0.2884 0.1957 0.0000
vt 0.2626 0.1951 0.0000
vt 0.2403 0.1830 0.0000
vt 0.2354 0.1697 0.0000
vt 0.3408 0.1707 0.0000
vt 0.3345 0.1875 0.0000
vt 0.8575 0.5811 0.0000
vt 0.8668 0.5911 0.0000
vt 0.8537 0.6059 0.0000
vt 0.8492 0.5981 0.0000
vt 0.9769 0.8420 0.0000
vt 0.9773 0.8283 0.0000
vt 0.9833 0.8245 0.0000
vt 0.9828 0.8341 0.0000
vt 0.8453 0.6170 0.0000
vt 0.8440 0.5988 0.0000
vt 0.8916 0.5735 0.0000
vt 0.8889 0.5597 0.0000
vt 0.9079 0.5614 0.0000
vt 0.9100 0.5858 0.0000
vt 0.9516 0.7457 0.0000
vt 0.9487 0.7270 0.0000
vt 0.9540 0.7254 0.0000
vt 0.9575 0.7361 0.0000
vt 0.4840 0.7929 0.0000
vt 0.4734 0.7886 0.0000
vt 0.4671 0.7791 0.0000
vt 0.4853 0.7767 0.0000
vt 0.9228 0.5939 0.0000
vt 0.9247 0.6108 0.0000
vt 0.9043 0.6060 0.0000
vt 0.9542 0.7094 0.0000
vt 0.9603 0.7067 0.0000
vt 0.9634 0.7207 0.0000
vt 0.4493 0.7832 0.0000
vt 0.4609 0.7923 0.0000
vt 0.4485 0.8070 0.0000
vt 0.4328 0.7936 0.0000
vt 0.8637 0.5746 0.0000
vt 0.8691 0.5773 0.0000
vt 0.9688 0.8335 0.0000
vt 0.9687 0.8223 0.0000
vt 0.9745 0.8173 0.0000
vt 0.8806 0.5823 0.0000
vt 0.4479 0.7741 0.0000
vt 0.4299 0.7751 0.0000
vt 0.7424 0.9658 0.0000
vt 0.7258 0.9555 0.0000
vt 0.7542 0.9569 0.0000
vt 0.7542 0.9655 0.0000
vt 0.4480 0.8206 0.0000
vt 0.4397 0.8115 0.0000
vt 0.4567 0.8149 0.0000
vt 0.8694 0.6003 0.0000
vt 0.8608 0.6163 0.0000
vt 0.9726 0.8424 0.0000
vt 0.8501 0.6360 0.0000
vt 0.9630 0.7398 0.0000
vt 0.4658 0.8076 0.0000
vt 0.4753 0.8058 0.0000
vt 0.9289 0.5947 0.0000
vt 0.9216 0.5785 0.0000
vt 0.9288 0.5880 0.0000
vt 0.8776 0.5736 0.0000
vt 0.9797 0.8140 0.0000
vt 0.8623 0.6281 0.0000
vt 0.8585 0.6368 0.0000
vt 0.7405 0.9404 0.0000
vt 0.7143 0.9436 0.0000
vt 0.7144 0.9338 0.0000
vt 0.7291 0.9338 0.0000
vt 0.8734 0.5994 0.0000
vt 0.8809 0.5983 0.0000
vt 0.8689 0.6109 0.0000
vt 0.8912 0.6081 0.0000
vt 0.8787 0.6200 0.0000
vt 0.7347 0.9657 0.0000
vt 0.7182 0.9597 0.0000
vt 0.9292 0.6052 0.0000
vt 0.9542 0.7002 0.0000
vt 0.9580 0.6993 0.0000
vt 0.8999 0.6191 0.0000
vt 0.8838 0.6204 0.0000
vt 0.4250 0.7956 0.0000
vt 0.2104 0.5306 0.0000
vt 0.1885 0.5206 0.0000
vt 0.2092 0.4893 0.0000
vt 0.2246 0.5137 0.0000
vt 0.8228 0.2098 0.0000
vt 0.8213 0.2285 0.0000
vt 0.8057 0.2239 0.0000
vt 0.8118 0.2153 0.0000
vt 0.2168 0.4816 0.0000
vt 0.2313 0.5158 0.0000
vt 0.1686 0.5273 0.0000
vt 0.1880 0.5401 0.0000
vt 0.1863 0.5480 0.0000
vt 0.1506 0.5253 0.0000
vt 0.2199 0.5387 0.0000
vt 0.2070 0.5466 0.0000
vt 0.1992 0.5433 0.0000
vt 0.7151 0.9637 0.0000
vt 0.7416 0.9699 0.0000
vt 0.7319 0.9763 0.0000
vt 0.7093 0.9711 0.0000
vt 0.8512 0.2457 0.0000
vt 0.8523 0.2273 0.0000
vt 0.8755 0.2254 0.0000
vt 0.8625 0.2535 0.0000
vt 0.3284 0.8177 0.0000
vt 0.3194 0.8010 0.0000
vt 0.3184 0.7849 0.0000
vt 0.3300 0.7971 0.0000
vt 0.7941 0.2097 0.0000
vt 0.8030 0.1971 0.0000
vt 0.8027 0.2271 0.0000
vt 0.7943 0.2352 0.0000
vt 0.8413 0.2302 0.0000
vt 0.8397 0.2429 0.0000
vt 0.8299 0.2452 0.0000
vt 0.7154 0.5141 0.0000
vt 0.7189 0.5277 0.0000
vt 0.7054 0.5260 0.0000
vt 0.7043 0.4949 0.0000
vt 0.8444 0.2120 0.0000
vt 0.8381 0.1907 0.0000
vt 0.3132 0.8059 0.0000
vt 0.3155 0.8239 0.0000
vt 0.3108 0.8219 0.0000
vt 0.1556 0.5131 0.0000
vt 0.1759 0.4777 0.0000
vt 0.1952 0.4661 0.0000
vt 0.8136 0.1806 0.0000
vt 0.8316 0.2599 0.0000
vt 0.8145 0.2451 0.0000
vt 0.1737 0.4668 0.0000
vt 0.1661 0.4599 0.0000
vt 0.8483 0.1808 0.0000
vt 0.8773 0.1880 0.0000
vt 0.8788 0.2191 0.0000
vt 0.1506 0.4859 0.0000
vt 0.7081 0.4880 0.0000
vt 0.7140 0.4872 0.0000
vt 0.7112 0.4599 0.0000
vt 0.7190 0.4668 0.0000
vt 0.3103 0.7912 0.0000
vt 0.3259 0.8298 0.0000
vt 0.2288 0.5007 0.0000
vt 0.2266 0.4812 0.0000
vt 0.3242 0.7592 0.0000
vt 0.3145 0.7716 0.0000
vt 0.7569 0.0537 0.0000
vt 0.7856 0.0676 0.0000
vt 0.7634 0.0809 0.0000
vt 0.7451 0.0718 0.0000
vt 0.9590 0.5570 0.0000
vt 0.9483 0.5477 0.0000
vt 0.9515 0.5380 0.0000
vt 0.9584 0.5450 0.0000
vt 0.7392 0.0954 0.0000
vt 0.7261 0.0738 0.0000
vt 0.4685 0.3772 0.0000
vt 0.4732 0.4019 0.0000
vt 0.4560 0.4089 0.0000
vt 0.4446 0.3727 0.0000
vt 0.8729 0.0459 0.0000
vt 0.8969 0.0493 0.0000
vt 0.8870 0.0555 0.0000
vt 0.8689 0.0552 0.0000
vt 0.7373 0.1213 0.0000
vt 0.7225 0.1038 0.0000
vt 0.7593 0.1197 0.0000
vt 0.4216 0.3805 0.0000
vt 0.4032 0.3721 0.0000
vt 0.4313 0.3557 0.0000
vt 0.4496 0.4265 0.0000
vt 0.4243 0.4210 0.0000
vt 0.4264 0.4072 0.0000
vt 0.9647 0.5176 0.0000
vt 0.9646 0.5336 0.0000
vt 0.9524 0.5262 0.0000
vt 0.9522 0.5048 0.0000
vt 0.7609 0.0509 0.0000
vt 0.7769 0.0550 0.0000
vt 0.3951 0.3930 0.0000
vt 0.4089 0.3939 0.0000
vt 0.4096 0.4071 0.0000
vt 0.3969 0.4106 0.0000
vt 0.4657 0.3726 0.0000
vt 0.7329 0.0610 0.0000
vt 0.3542 0.5640 0.0000
vt 0.3453 0.5484 0.0000
vt 0.3669 0.5360 0.0000
vt 0.3644 0.5567 0.0000
vt 0.4097 0.4185 0.0000
vt 0.4118 0.4261 0.0000
vt 0.3983 0.4231 0.0000
vt 0.7928 0.0808 0.0000
vt 0.7847 0.0955 0.0000
vt 0.9539 0.5632 0.0000
vt 0.9437 0.5612 0.0000
vt 0.4650 0.4163 0.0000
vt 0.7093 0.1012 0.0000
vt 0.7165 0.0897 0.0000
vt 0.7176 0.1131 0.0000
vt 0.3999 0.8432 0.0000
vt 0.3791 0.8435 0.0000
vt 0.3751 0.8344 0.0000
vt 0.3884 0.8340 0.0000
vt 0.7959 0.1092 0.0000
vt 0.7829 0.1217 0.0000
vt 0.3651 0.5047 0.0000
vt 0.3418 0.5264 0.0000
vt 0.3462 0.5029 0.0000
vt 0.3593 0.4952 0.0000
vt 0.7954 0.1001 0.0000
vt 0.4392 0.3502 0.0000
vt 0.4536 0.3573 0.0000
vt 0.3463 0.4898 0.0000
vt 0.3566 0.4904 0.0000
vt 0.3491 0.5681 0.0000
vt 0.3402 0.5632 0.0000
vt 0.4383 0.4294 0.0000
vt 0.6047 0.2373 0.0000
vt 0.5843 0.2167 0.0000
vt 0.6111 0.2133 0.0000
vt 0.6264 0.2334 0.0000
vt 0.8543 0.3221 0.0000
vt 0.8608 0.3036 0.0000
vt 0.8800 0.3027 0.0000
vt 0.8764 0.3164 0.0000
vt 0.6330 0.2121 0.0000
vt 0.6299 0.2406 0.0000
vt 0.5373 0.6231 0.0000
vt 0.5347 0.6054 0.0000
vt 0.5421 0.6066 0.0000
vt 0.5490 0.6356 0.0000
vt 0.5924 0.2524 0.0000
vt 0.5775 0.2501 0.0000
vt 0.5736 0.2425 0.0000
vt 0.9604 0.8739 0.0000
vt 0.9872 0.8846 0.0000
vt 0.9819 0.8892 0.0000
vt 0.9587 0.8815 0.0000
vt 0.8392 0.2676 0.0000
vt 0.8314 0.2819 0.0000
vt 0.8192 0.2825 0.0000
vt 0.8307 0.2623 0.0000
vt 0.5415 0.5860 0.0000
vt 0.5517 0.5918 0.0000
vt 0.5528 0.6028 0.0000
vt 0.9036 0.8935 0.0000
vt 0.8926 0.8993 0.0000
vt 0.8889 0.8676 0.0000
vt 0.9039 0.8589 0.0000
vt 0.5671 0.2330 0.0000
vt 0.8505 0.2890 0.0000
vt 0.8567 0.2723 0.0000
vt 0.8774 0.2676 0.0000
vt 0.5771 0.2003 0.0000
vt 0.5625 0.2123 0.0000
vt 0.5597 0.1972 0.0000
vt 0.5770 0.1817 0.0000
vt 0.8432 0.3149 0.0000
vt 0.8352 0.3301 0.0000
vt 0.8854 0.2691 0.0000
vt 0.8831 0.2629 0.0000
vt 0.8936 0.2959 0.0000
vt 0.5994 0.1892 0.0000
vt 0.6289 0.1829 0.0000
vt 0.5368 0.5940 0.0000
vt 0.8911 0.3321 0.0000
vt 0.8679 0.3296 0.0000
vt 0.8749 0.2554 0.0000
vt 0.6033 0.1818 0.0000
vt 0.6046 0.1706 0.0000
vt 0.8312 0.3330 0.0000
vt 0.8140 0.3118 0.0000
vt 0.8184 0.2873 0.0000
vt 0.5834 0.1832 0.0000
vt 0.9975 0.9238 0.0000
vt 0.9990 0.9437 0.0000
vt 0.9929 0.9441 0.0000
vt 0.9886 0.9384 0.0000
vt 0.5816 0.1799 0.0000
vt 0.5428 0.5737 0.0000
vt 0.5571 0.5646 0.0000
vt 0.6405 0.2417 0.0000
vt 0.6332 0.2195 0.0000
vt 0.5576 0.6256 0.0000
vt 0.7257 0.5453 0.0000
vt 0.7129 0.5435 0.0000
vt 0.7384 0.5155 0.0000
vt 0.7427 0.5301 0.0000
vt 0.6458 0.4555 0.0000
vt 0.6302 0.4517 0.0000
vt 0.6391 0.4449 0.0000
vt 0.6430 0.4495 0.0000
vt 0.8686 0.7324 0.0000
vt 0.8734 0.7150 0.0000
vt 0.8857 0.7213 0.0000
vt 0.8805 0.7322 0.0000
vt 0.7122 0.7041 0.0000
vt 0.7132 0.6926 0.0000
vt 0.7280 0.6967 0.0000
vt 0.7304 0.7195 0.0000
vt 0.7397 0.5555 0.0000
vt 0.7292 0.5654 0.0000
vt 0.7180 0.5605 0.0000
vt 0.8672 0.6993 0.0000
vt 0.8802 0.7006 0.0000
vt 0.8609 0.7099 0.0000
vt 0.6768 0.3505 0.0000
vt 0.6890 0.3641 0.0000
vt 0.6651 0.3734 0.0000
vt 0.6552 0.3506 0.0000
vt 0.9499 0.9487 0.0000
vt 0.9592 0.9601 0.0000
vt 0.9542 0.9663 0.0000
vt 0.9388 0.9554 0.0000
vt 0.7547 0.5353 0.0000
vt 0.7678 0.5316 0.0000
vt 0.7581 0.5603 0.0000
vt 0.7145 0.6886 0.0000
vt 0.6963 0.6938 0.0000
vt 0.6998 0.6844 0.0000
vt 0.6207 0.4612 0.0000
vt 0.6145 0.4577 0.0000
vt 0.6145 0.4528 0.0000
vt 0.6428 0.3715 0.0000
vt 0.6395 0.3696 0.0000
vt 0.7037 0.3750 0.0000
vt 0.6978 0.4033 0.0000
vt 0.6992 0.3580 0.0000
vt 0.7530 0.5811 0.0000
vt 0.7397 0.5803 0.0000
vt 0.7664 0.5629 0.0000
vt 0.8440 0.7525 0.0000
vt 0.8498 0.7361 0.0000
vt 0.8606 0.7567 0.0000
vt 0.6368 0.4655 0.0000
vt 0.7190 0.5752 0.0000
vt 0.7093 0.5599 0.0000
vt 0.6704 0.4468 0.0000
vt 0.6834 0.4543 0.0000
vt 0.9719 0.9754 0.0000
vt 0.9603 0.9780 0.0000
vt 0.9730 0.9706 0.0000
vt 0.7091 0.7134 0.0000
vt 0.6207 0.4453 0.0000
vt 0.8472 0.7336 0.0000
vt 0.8441 0.7207 0.0000
vt 0.6839 0.4192 0.0000
vt 0.6687 0.4126 0.0000
vt 0.6600 0.3824 0.0000
vt 0.6727 0.7071 0.0000
vt 0.6914 0.7196 0.0000
vt 0.6644 0.7090 0.0000
vt 0.6497 0.3886 0.0000
vt 0.6569 0.4180 0.0000
vt 0.6659 0.4646 0.0000
vt 0.6881 0.3502 0.0000
vt 0.9724 0.9622 0.0000
vt 0.7724 0.5583 0.0000
vt 0.7565 0.5148 0.0000
vt 0.7723 0.5177 0.0000
vt 0.9387 0.9775 0.0000
vt 0.0148 0.9239 0.0000
vt 0.0492 0.9241 0.0000
vt 0.0249 0.9661 0.0000
vt 0.0075 0.9609 0.0000
vt 0.9772 0.0740 0.0000
vt 0.9285 0.0737 0.0000
vt 0.9223 0.0535 0.0000
vt 0.9467 0.0532 0.0000
vt 0.6234 0.5149 0.0000
vt 0.6045 0.4985 0.0000
vt 0.6326 0.4971 0.0000
vt 0.6397 0.5112 0.0000
vt 0.0743 0.9015 0.0000
vt 0.0477 0.8933 0.0000
vt 0.0465 0.8789 0.0000
vt 0.0957 0.9078 0.0000
vt 0.0060 0.9152 0.0000
vt 0.0176 0.8959 0.0000
vt 0.0304 0.8945 0.0000
vt 0.9780 0.0950 0.0000
vt 0.9872 0.0613 0.0000
vt 0.9924 0.0637 0.0000
vt 0.9905 0.1065 0.0000
vt 0.9085 0.1212 0.0000
vt 0.9351 0.1302 0.0000
vt 0.9324 0.1397 0.0000
vt 0.9095 0.1366 0.0000
vt 0.8949 0.0590 0.0000
vt 0.8970 0.0659 0.0000
vt 0.8931 0.0875 0.0000
vt 0.8789 0.0885 0.0000
vt 0.6313 0.4831 0.0000
vt 0.6674 0.4844 0.0000
vt 0.6729 0.4994 0.0000
vt 0.9522 0.1070 0.0000
vt 0.9093 0.1041 0.0000
vt 0.9021 0.0859 0.0000
vt 0.0671 0.9270 0.0000
vt 0.0996 0.9305 0.0000
vt 0.6599 0.5154 0.0000
vt 0.9715 0.0891 0.0000
vt 0.9587 0.8053 0.0000
vt 0.9598 0.7974 0.0000
vt 0.9864 0.8014 0.0000
vt 0.9863 0.8095 0.0000
vt 0.0591 0.9772 0.0000
vt 0.0684 0.9898 0.0000
vt 0.0257 0.9932 0.0000
vt 0.9732 0.0459 0.0000
vt 0.8989 0.0693 0.0000
vt 0.6347 0.1556 0.0000
vt 0.6345 0.1822 0.0000
vt 0.6245 0.1712 0.0000
vt 0.6254 0.1589 0.0000
vt 0.9832 0.1222 0.0000
vt 0.9434 0.1410 0.0000
vt 0.0754 0.9498 0.0000
vt 0.0695 0.9875 0.0000
vt 0.1013 0.9415 0.0000
vt 0.0839 0.9819 0.0000
vt 0.6456 0.4749 0.0000
vt 0.6629 0.4761 0.0000
vt 0.9633 0.7841 0.0000
vt 0.9853 0.7865 0.0000
vt 0.6105 0.4819 0.0000
vt 0.7380 0.3549 0.0000
vt 0.7453 0.3621 0.0000
vt 0.7084 0.3596 0.0000
vt 0.7204 0.3579 0.0000
vt 0.9377 0.4790 0.0000
vt 0.9484 0.4721 0.0000
vt 0.9521 0.4811 0.0000
vt 0.9461 0.4833 0.0000
vt 0.7700 0.8673 0.0000
vt 0.7708 0.8539 0.0000
vt 0.7850 0.8569 0.0000
vt 0.7761 0.8633 0.0000
vt 0.7674 0.3703 0.0000
vt 0.7653 0.3635 0.0000
vt 0.7715 0.3628 0.0000
vt 0.7731 0.3870 0.0000
vt 0.7447 0.3502 0.0000
vt 0.7566 0.3515 0.0000
vt 0.7596 0.3569 0.0000
vt 0.9230 0.4794 0.0000
vt 0.9353 0.4899 0.0000
vt 0.9343 0.4978 0.0000
vt 0.9088 0.4909 0.0000
vt 0.9480 0.4419 0.0000
vt 0.9363 0.4467 0.0000
vt 0.9317 0.4387 0.0000
vt 0.9488 0.4350 0.0000
vt 0.9678 0.4691 0.0000
vt 0.9625 0.4670 0.0000
vt 0.9601 0.4551 0.0000
vt 0.9675 0.4504 0.0000
vt 0.9518 0.4889 0.0000
vt 0.9472 0.4863 0.0000
vt 0.9553 0.4817 0.0000
vt 0.9619 0.4795 0.0000
vt 0.9432 0.4594 0.0000
vt 0.9504 0.4517 0.0000
vt 0.9559 0.4588 0.0000
vt 0.7540 0.3733 0.0000
vt 0.7600 0.3986 0.0000
vt 0.7918 0.8613 0.0000
vt 0.7845 0.8688 0.0000
vt 0.9353 0.4745 0.0000
vt 0.9597 0.4663 0.0000
vt 0.7181 0.3742 0.0000
vt 0.7596 0.8687 0.0000
vt 0.7442 0.8558 0.0000
vt 0.7043 0.3864 0.0000
vt 0.7352 0.4044 0.0000
vt 0.7314 0.4053 0.0000
vt 0.9094 0.4579 0.0000
vt 0.9220 0.4399 0.0000
vt 0.7518 0.4002 0.0000
vt 0.7533 0.4057 0.0000
vt 0.5094 0.1385 0.0000
vt 0.4853 0.1473 0.0000
vt 0.4873 0.1094 0.0000
vt 0.5130 0.1158 0.0000
vt 0.2796 0.5377 0.0000
vt 0.2828 0.5553 0.0000
vt 0.2651 0.5514 0.0000
vt 0.2694 0.5432 0.0000
vt 0.4899 0.0983 0.0000
vt 0.5199 0.1125 0.0000
vt 0.6722 0.7400 0.0000
vt 0.6536 0.7403 0.0000
vt 0.6494 0.7321 0.0000
vt 0.6836 0.7282 0.0000
vt 0.5217 0.1374 0.0000
vt 0.5146 0.1525 0.0000
vt 0.5061 0.1559 0.0000
vt 0.9962 0.8367 0.0000
vt 0.9900 0.8491 0.0000
vt 0.9836 0.8454 0.0000
vt 0.9888 0.8240 0.0000
vt 0.3189 0.5708 0.0000
vt 0.3153 0.5535 0.0000
vt 0.3393 0.5512 0.0000
vt 0.3327 0.5779 0.0000
vt 0.5353 0.5475 0.0000
vt 0.5251 0.5324 0.0000
vt 0.5230 0.5148 0.0000
vt 0.5355 0.5251 0.0000
vt 0.5302 0.5852 0.0000
vt 0.5233 0.5884 0.0000
vt 0.5226 0.5639 0.0000
vt 0.5334 0.5641 0.0000
vt 0.4949 0.1617 0.0000
vt 0.3043 0.5565 0.0000
vt 0.3060 0.5685 0.0000
vt 0.2962 0.5709 0.0000
vt 0.6894 0.7385 0.0000
vt 0.7080 0.7292 0.0000
vt 0.3029 0.5393 0.0000
vt 0.2908 0.5194 0.0000
vt 0.5192 0.5399 0.0000
vt 0.5177 0.5641 0.0000
vt 0.4531 0.1659 0.0000
vt 0.4526 0.1254 0.0000
vt 0.4634 0.1028 0.0000
vt 0.4974 0.1687 0.0000
vt 0.2554 0.5262 0.0000
vt 0.2623 0.5104 0.0000
vt 0.3018 0.5846 0.0000
vt 0.4716 0.1667 0.0000
vt 0.2800 0.5711 0.0000
vt 0.4452 0.1190 0.0000
vt 0.4350 0.1196 0.0000
vt 0.2991 0.5098 0.0000
vt 0.3315 0.5159 0.0000
vt 0.3411 0.5451 0.0000
vt 0.4350 0.1498 0.0000
vt 0.7131 0.7335 0.0000
vt 0.7132 0.7393 0.0000
vt 0.4359 0.1504 0.0000
vt 0.5152 0.5279 0.0000
vt 0.5148 0.5663 0.0000
vt 0.5100 0.1033 0.0000
vt 0.4981 0.0908 0.0000
vt 0.6588 0.7207 0.0000
vt 0.6811 0.7193 0.0000
vt 0.9167 0.9697 0.0000
vt 0.9243 0.9591 0.0000
vt 0.9342 0.9699 0.0000
vt 0.9260 0.9755 0.0000
vt 0.1008 0.8351 0.0000
vt 0.1008 0.8190 0.0000
vt 0.1051 0.8199 0.0000
vt 0.1050 0.8302 0.0000
vt 0.9248 0.6251 0.0000
vt 0.9179 0.6429 0.0000
vt 0.9141 0.6265 0.0000
vt 0.9192 0.6209 0.0000
vt 0.5897 0.3893 0.0000
vt 0.5746 0.3837 0.0000
vt 0.5863 0.3708 0.0000
vt 0.6115 0.3826 0.0000
vt 0.9040 0.9738 0.0000
vt 0.8988 0.9687 0.0000
vt 0.9057 0.9645 0.0000
vt 0.9214 0.6666 0.0000
vt 0.9138 0.6537 0.0000
vt 0.9254 0.6603 0.0000
vt 0.6263 0.3777 0.0000
vt 0.6438 0.3855 0.0000
vt 0.6284 0.3977 0.0000
vt 0.7300 0.6530 0.0000
vt 0.7308 0.6304 0.0000
vt 0.7370 0.6256 0.0000
vt 0.7393 0.6498 0.0000
vt 0.7508 0.6318 0.0000
vt 0.7522 0.6156 0.0000
vt 0.7692 0.6213 0.0000
vt 0.7665 0.6437 0.0000
vt 0.9091 0.9587 0.0000
vt 0.7361 0.5946 0.0000
vt 0.7393 0.6057 0.0000
vt 0.7351 0.6123 0.0000
vt 0.7293 0.6041 0.0000
vt 0.5926 0.4020 0.0000
vt 0.7446 0.6375 0.0000
vt 0.7538 0.6555 0.0000
vt 0.8555 0.9443 0.0000
vt 0.8640 0.9283 0.0000
vt 0.8655 0.9549 0.0000
vt 0.8562 0.9569 0.0000
vt 0.7310 0.6175 0.0000
vt 0.7243 0.6230 0.0000
vt 0.7245 0.6109 0.0000
vt 0.9395 0.6199 0.0000
vt 0.9333 0.6339 0.0000
vt 0.9356 0.6095 0.0000
vt 0.7598 0.5896 0.0000
vt 0.7706 0.5921 0.0000
vt 0.7711 0.6021 0.0000
vt 0.7556 0.5946 0.0000
vt 0.7338 0.6606 0.0000
vt 0.7395 0.6606 0.0000
vt 0.7615 0.6034 0.0000
vt 0.7434 0.6046 0.0000
vt 0.6302 0.3737 0.0000
vt 0.6104 0.3702 0.0000
vt 0.6235 0.3701 0.0000
vt 0.5824 0.3995 0.0000
vt 0.9363 0.6435 0.0000
vt 0.9338 0.6574 0.0000
vt 0.8776 0.9464 0.0000
vt 0.8735 0.9188 0.0000
vt 0.8827 0.9195 0.0000
vt 0.8824 0.9365 0.0000
vt 0.6057 0.4165 0.0000
vt 0.6085 0.4105 0.0000
vt 0.6146 0.4260 0.0000
vt 0.6235 0.4083 0.0000
vt 0.6287 0.4239 0.0000
vt 0.8539 0.9387 0.0000
vt 0.8564 0.9262 0.0000
vt 0.6407 0.3792 0.0000
vt 0.7714 0.6093 0.0000
vt 0.7254 0.6456 0.0000
vt 0.7392 0.6155 0.0000
vt 0.4794 0.3567 0.0000
vt 0.4550 0.3420 0.0000
vt 0.4763 0.3264 0.0000
vt 0.4917 0.3361 0.0000
vt 0.2571 0.4342 0.0000
vt 0.2464 0.4247 0.0000
vt 0.2496 0.4187 0.0000
vt 0.2564 0.4260 0.0000
vt 0.4994 0.3094 0.0000
vt 0.5089 0.3333 0.0000
vt 0.1924 0.6015 0.0000
vt 0.2144 0.5896 0.0000
vt 0.2221 0.6063 0.0000
vt 0.1900 0.6284 0.0000
vt 0.2536 0.3550 0.0000
vt 0.2502 0.3737 0.0000
vt 0.2440 0.3628 0.0000
vt 0.2444 0.3502 0.0000
vt 0.5036 0.2803 0.0000
vt 0.5152 0.2996 0.0000
vt 0.4838 0.2829 0.0000
vt 0.1989 0.6511 0.0000
vt 0.1926 0.6733 0.0000
vt 0.1756 0.6475 0.0000
vt 0.2385 0.6083 0.0000
vt 0.2355 0.6370 0.0000
vt 0.2227 0.6386 0.0000
vt 0.2628 0.3900 0.0000
vt 0.2627 0.4109 0.0000
vt 0.2505 0.4032 0.0000
vt 0.4755 0.3600 0.0000
vt 0.4615 0.3559 0.0000
vt 0.2122 0.6763 0.0000
vt 0.2119 0.6611 0.0000
vt 0.2239 0.6567 0.0000
vt 0.2281 0.6695 0.0000
vt 0.7930 0.1339 0.0000
vt 0.7883 0.1253 0.0000
vt 0.8153 0.1207 0.0000
vt 0.8358 0.1280 0.0000
vt 0.5016 0.3478 0.0000
vt 0.6601 0.2496 0.0000
vt 0.6445 0.2499 0.0000
vt 0.6469 0.2255 0.0000
vt 0.6620 0.2386 0.0000
vt 0.2404 0.4082 0.0000
vt 0.2416 0.3917 0.0000
vt 0.4499 0.3275 0.0000
vt 0.4587 0.3107 0.0000
vt 0.2520 0.4386 0.0000
vt 0.2418 0.4332 0.0000
vt 0.2281 0.5945 0.0000
vt 0.5267 0.3020 0.0000
vt 0.5191 0.3151 0.0000
vt 0.5205 0.2889 0.0000
vt 0.7741 0.1285 0.0000
vt 0.7829 0.1361 0.0000
vt 0.2342 0.6535 0.0000
vt 0.2393 0.6645 0.0000
vt 0.4500 0.2957 0.0000
vt 0.4629 0.2813 0.0000
vt 0.8485 0.1513 0.0000
vt 0.8395 0.1468 0.0000
vt 0.8294 0.1338 0.0000
vt 0.8119 0.1449 0.0000
vt 0.8115 0.1365 0.0000
vt 0.8205 0.1468 0.0000
vt 0.6622 0.2572 0.0000
vt 0.6579 0.2651 0.0000
vt 0.8607 0.1478 0.0000
vt 0.8596 0.1262 0.0000
vt 0.6026 0.2871 0.0000
vt 0.5756 0.3053 0.0000
vt 0.5824 0.2777 0.0000
vt 0.6070 0.2646 0.0000
vt 0.0616 0.7138 0.0000
vt 0.0634 0.7322 0.0000
vt 0.0448 0.7366 0.0000
vt 0.0423 0.7231 0.0000
vt 0.5893 0.2554 0.0000
vt 0.6151 0.2619 0.0000
vt 0.9278 0.8980 0.0000
vt 0.9280 0.9155 0.0000
vt 0.9200 0.9199 0.0000
vt 0.9180 0.8839 0.0000
vt 0.2554 0.6179 0.0000
vt 0.2661 0.6262 0.0000
vt 0.2636 0.6427 0.0000
vt 0.2585 0.6493 0.0000
vt 0.9288 0.7403 0.0000
vt 0.9395 0.7134 0.0000
vt 0.9440 0.7199 0.0000
vt 0.9364 0.7447 0.0000
vt 0.1005 0.7617 0.0000
vt 0.1020 0.7470 0.0000
vt 0.1137 0.7442 0.0000
vt 0.1112 0.7651 0.0000
vt 0.2733 0.6508 0.0000
vt 0.2736 0.6629 0.0000
vt 0.2626 0.6651 0.0000
vt 0.2664 0.5905 0.0000
vt 0.2778 0.5796 0.0000
vt 0.2814 0.6134 0.0000
vt 0.5961 0.3192 0.0000
vt 0.5846 0.3247 0.0000
vt 0.0800 0.7438 0.0000
vt 0.0812 0.7606 0.0000
vt 0.0628 0.7687 0.0000
vt 0.5575 0.3106 0.0000
vt 0.5634 0.3269 0.0000
vt 0.5482 0.3280 0.0000
vt 0.5400 0.3085 0.0000
vt 0.2605 0.5965 0.0000
vt 0.0758 0.7184 0.0000
vt 0.0770 0.7028 0.0000
vt 0.2795 0.6439 0.0000
vt 0.2856 0.6151 0.0000
vt 0.5554 0.2867 0.0000
vt 0.5603 0.2560 0.0000
vt 0.2556 0.6596 0.0000
vt 0.0210 0.7112 0.0000
vt 0.0450 0.7093 0.0000
vt 0.0706 0.7797 0.0000
vt 0.0543 0.7689 0.0000
vt 0.5498 0.2819 0.0000
vt 0.5397 0.2792 0.0000
vt 0.0797 0.6993 0.0000
vt 0.1059 0.7159 0.0000
vt 0.1124 0.7395 0.0000
vt 0.5437 0.3022 0.0000
vt 0.5400 0.3037 0.0000
vt 0.2812 0.6501 0.0000
vt 0.0344 0.7454 0.0000
vt 0.9421 0.6954 0.0000
vt 0.9527 0.6943 0.0000
vt 0.9089 0.9216 0.0000
vt 0.9088 0.8876 0.0000
vt 0.7570 0.4758 0.0000
vt 0.7471 0.4881 0.0000
vt 0.7463 0.4487 0.0000
vt 0.7574 0.4513 0.0000
vt 0.8966 0.4300 0.0000
vt 0.8938 0.4460 0.0000
vt 0.8864 0.4395 0.0000
vt 0.8909 0.4315 0.0000
vt 0.7449 0.4300 0.0000
vt 0.7586 0.4415 0.0000
vt 0.6805 0.9669 0.0000
vt 0.6700 0.9622 0.0000
vt 0.6779 0.9480 0.0000
vt 0.7005 0.9516 0.0000
vt 0.3658 0.8695 0.0000
vt 0.3568 0.8548 0.0000
vt 0.3723 0.8528 0.0000
vt 0.3812 0.8622 0.0000
vt 0.6591 0.5234 0.0000
vt 0.6738 0.5198 0.0000
vt 0.6742 0.5375 0.0000
vt 0.6729 0.5369 0.0000
vt 0.6104 0.5528 0.0000
vt 0.6233 0.5376 0.0000
vt 0.6306 0.5631 0.0000
vt 0.6095 0.5768 0.0000
vt 0.8755 0.4779 0.0000
vt 0.8861 0.4751 0.0000
vt 0.8921 0.4849 0.0000
vt 0.8822 0.4936 0.0000
vt 0.3317 0.8621 0.0000
vt 0.3167 0.8582 0.0000
vt 0.3408 0.8419 0.0000
vt 0.3896 0.8670 0.0000
vt 0.3778 0.8773 0.0000
vt 0.9045 0.4489 0.0000
vt 0.9008 0.4640 0.0000
vt 0.8960 0.4633 0.0000
vt 0.6896 0.9704 0.0000
vt 0.7033 0.9645 0.0000
vt 0.3412 0.8721 0.0000
vt 0.6338 0.5201 0.0000
vt 0.6182 0.5270 0.0000
vt 0.3563 0.8290 0.0000
vt 0.3693 0.8364 0.0000
vt 0.3337 0.8357 0.0000
vt 0.7301 0.4975 0.0000
vt 0.7299 0.4622 0.0000
vt 0.8463 0.8406 0.0000
vt 0.8550 0.8452 0.0000
vt 0.8454 0.8536 0.0000
vt 0.8380 0.8499 0.0000
vt 0.7314 0.4302 0.0000
vt 0.3876 0.8507 0.0000
vt 0.8390 0.8559 0.0000
vt 0.8156 0.8559 0.0000
vt 0.8091 0.8482 0.0000
vt 0.9038 0.4750 0.0000
vt 0.6694 0.9737 0.0000
vt 0.8877 0.4619 0.0000
vt 0.7266 0.4570 0.0000
vt 0.7193 0.4488 0.0000
vt 0.6662 0.5546 0.0000
vt 0.6385 0.5678 0.0000
vt 0.7209 0.4809 0.0000
vt 0.6279 0.5881 0.0000
vt 0.6437 0.5784 0.0000
vt 0.6706 0.5671 0.0000
vt 0.8226 0.8390 0.0000
vt 0.6106 0.5402 0.0000
vt 0.3255 0.8361 0.0000
vt 0.8739 0.4624 0.0000
vt 0.8828 0.4465 0.0000
vt 0.3197 0.8765 0.0000
vt 0.3053 0.8663 0.0000
vt 0.6944 0.9338 0.0000
vt 0.7037 0.9399 0.0000
vt 0.3169 0.9459 0.0000
vt 0.3499 0.9326 0.0000
vt 0.3417 0.9798 0.0000
vt 0.3218 0.9814 0.0000
vt 0.1793 0.8772 0.0000
vt 0.1779 0.8302 0.0000
vt 0.1970 0.8252 0.0000
vt 0.1983 0.8486 0.0000
vt 0.6019 0.5101 0.0000
vt 0.5834 0.5163 0.0000
vt 0.5877 0.4886 0.0000
vt 0.6018 0.4919 0.0000
vt 0.3596 0.9004 0.0000
vt 0.3338 0.9044 0.0000
vt 0.3193 0.8889 0.0000
vt 0.3709 0.8934 0.0000
vt 0.2953 0.9379 0.0000
vt 0.2999 0.9162 0.0000
vt 0.3163 0.9117 0.0000
vt 0.1538 0.8826 0.0000
vt 0.1876 0.8917 0.0000
vt 0.1775 0.9049 0.0000
vt 0.1388 0.8988 0.0000
vt 0.6884 0.6646 0.0000
vt 0.6941 0.6859 0.0000
vt 0.6807 0.6963 0.0000
vt 0.6759 0.6809 0.0000
vt 0.2858 0.2933 0.0000
vt 0.2993 0.2968 0.0000
vt 0.3011 0.3152 0.0000
vt 0.2866 0.3257 0.0000
vt 0.2963 0.2255 0.0000
vt 0.3097 0.2295 0.0000
vt 0.3038 0.2702 0.0000
vt 0.2889 0.2714 0.0000
vt 0.1474 0.8511 0.0000
vt 0.1453 0.8133 0.0000
vt 0.1629 0.8067 0.0000
vt 0.3649 0.9271 0.0000
vt 0.3793 0.9110 0.0000
vt 0.2820 0.2395 0.0000
vt 0.2753 0.2713 0.0000
vt 0.1652 0.8704 0.0000
vt 0.1204 0.8378 0.0000
vt 0.3074 0.2980 0.0000
vt 0.3123 0.2703 0.0000
vt 0.3755 0.9753 0.0000
vt 0.5942 0.5399 0.0000
vt 0.5714 0.5380 0.0000
vt 0.2020 0.8788 0.0000
vt 0.6963 0.6505 0.0000
vt 0.6886 0.6321 0.0000
vt 0.6971 0.6334 0.0000
vt 0.1790 0.8041 0.0000
vt 0.5882 0.5511 0.0000
vt 0.5774 0.5494 0.0000
vt 0.1051 0.8411 0.0000
vt 0.1194 0.8953 0.0000
vt 0.1008 0.8553 0.0000
vt 0.3765 0.9427 0.0000
vt 0.3864 0.9795 0.0000
vt 0.3895 0.9219 0.0000
vt 0.3902 0.9660 0.0000
vt 0.1254 0.8154 0.0000
vt 0.3096 0.3077 0.0000
vt 0.3157 0.2532 0.0000
vt 0.5749 0.4798 0.0000
vt 0.5696 0.4988 0.0000
vt 0.6744 0.6295 0.0000
vt 0.6745 0.8622 0.0000
vt 0.6636 0.8646 0.0000
vt 0.6831 0.8340 0.0000
vt 0.6817 0.8476 0.0000
vt 0.9099 0.5093 0.0000
vt 0.9034 0.4993 0.0000
vt 0.9123 0.4973 0.0000
vt 0.9144 0.5022 0.0000
vt 0.4848 0.6681 0.0000
vt 0.4906 0.6554 0.0000
vt 0.5039 0.6596 0.0000
vt 0.4955 0.6648 0.0000
vt 0.8092 0.9687 0.0000
vt 0.8142 0.9690 0.0000
vt 0.8188 0.9769 0.0000
vt 0.7991 0.9769 0.0000
vt 0.6798 0.8738 0.0000
vt 0.6726 0.8830 0.0000
vt 0.6644 0.8816 0.0000
vt 0.9086 0.5259 0.0000
vt 0.9197 0.5149 0.0000
vt 0.9265 0.5194 0.0000
vt 0.9175 0.5453 0.0000
vt 0.8723 0.5002 0.0000
vt 0.8775 0.5086 0.0000
vt 0.8674 0.5179 0.0000
vt 0.8639 0.5030 0.0000
vt 0.5274 0.6668 0.0000
vt 0.5279 0.6584 0.0000
vt 0.5387 0.6571 0.0000
vt 0.5453 0.6660 0.0000
vt 0.5052 0.6536 0.0000
vt 0.5118 0.6561 0.0000
vt 0.5157 0.6644 0.0000
vt 0.6552 0.8833 0.0000
vt 0.8909 0.5021 0.0000
vt 0.8829 0.4966 0.0000
vt 0.8901 0.4924 0.0000
vt 0.6512 0.8693 0.0000
vt 0.6487 0.8830 0.0000
vt 0.6365 0.8866 0.0000
vt 0.6332 0.8717 0.0000
vt 0.5111 0.6708 0.0000
vt 0.9055 0.5110 0.0000
vt 0.5279 0.6536 0.0000
vt 0.5115 0.6517 0.0000
vt 0.6653 0.8364 0.0000
vt 0.8449 0.9063 0.0000
vt 0.8486 0.9214 0.0000
vt 0.8222 0.9139 0.0000
vt 0.8340 0.9038 0.0000
vt 0.5321 0.6704 0.0000
vt 0.5397 0.6716 0.0000
vt 0.8091 0.9168 0.0000
vt 0.8110 0.9130 0.0000
vt 0.8192 0.9178 0.0000
vt 0.8165 0.9209 0.0000
vt 0.5393 0.6504 0.0000
vt 0.5481 0.6526 0.0000
vt 0.5341 0.6522 0.0000
vt 0.8976 0.4898 0.0000
vt 0.8290 0.7673 0.0000
vt 0.8387 0.7542 0.0000
vt 0.8647 0.7617 0.0000
vt 0.8610 0.7668 0.0000
vt 0.8837 0.5447 0.0000
vt 0.8666 0.5313 0.0000
vt 0.6295 0.8582 0.0000
vt 0.6327 0.8416 0.0000
vt 0.9667 0.5111 0.0000
vt 0.9537 0.4962 0.0000
vt 0.9614 0.4848 0.0000
vt 0.9666 0.4870 0.0000
vt 0.8789 0.7613 0.0000
vt 0.8818 0.7672 0.0000
vt 0.5078 0.6494 0.0000
vt 0.4985 0.6509 0.0000
vt 0.5550 0.6587 0.0000
vt 0.6568 0.8245 0.0000
vt 0.6498 0.8330 0.0000
vt 0.6347 0.8206 0.0000
vt 0.6391 0.8169 0.0000
vt 0.8390 0.6545 0.0000
vt 0.8456 0.6619 0.0000
vt 0.8416 0.6691 0.0000
vt 0.8373 0.6633 0.0000
vt 0.9632 0.3887 0.0000
vt 0.9457 0.3969 0.0000
vt 0.9466 0.3758 0.0000
vt 0.9574 0.3778 0.0000
vt 0.4948 0.7489 0.0000
vt 0.5089 0.7599 0.0000
vt 0.4964 0.7718 0.0000
vt 0.4728 0.7535 0.0000
vt 0.7842 0.9741 0.0000
vt 0.7694 0.9728 0.0000
vt 0.7692 0.9670 0.0000
vt 0.7789 0.9661 0.0000
vt 0.9299 0.4146 0.0000
vt 0.9334 0.4005 0.0000
vt 0.9452 0.4198 0.0000
vt 0.4572 0.7605 0.0000
vt 0.4399 0.7536 0.0000
vt 0.4568 0.7388 0.0000
vt 0.8496 0.7106 0.0000
vt 0.8497 0.6880 0.0000
vt 0.8553 0.6828 0.0000
vt 0.8587 0.7068 0.0000
vt 0.8350 0.6917 0.0000
vt 0.8340 0.6755 0.0000
vt 0.8418 0.6812 0.0000
vt 0.8439 0.7036 0.0000
vt 0.7869 0.9628 0.0000
vt 0.8001 0.9685 0.0000
vt 0.8513 0.6520 0.0000
vt 0.8558 0.6628 0.0000
vt 0.8528 0.6697 0.0000
vt 0.4925 0.7390 0.0000
vt 0.9470 0.3601 0.0000
vt 0.9659 0.3613 0.0000
vt 0.9026 0.9483 0.0000
vt 0.8929 0.9627 0.0000
vt 0.8892 0.9424 0.0000
vt 0.9008 0.9387 0.0000
vt 0.8495 0.6752 0.0000
vt 0.6394 0.8360 0.0000
vt 0.6256 0.8274 0.0000
vt 0.8434 0.6494 0.0000
vt 0.5996 0.8188 0.0000
vt 0.6171 0.8140 0.0000
vt 0.7740 0.9587 0.0000
vt 0.9204 0.3904 0.0000
vt 0.9341 0.3863 0.0000
vt 0.9200 0.4019 0.0000
vt 0.8607 0.6665 0.0000
vt 0.7968 0.9591 0.0000
vt 0.8051 0.9661 0.0000
vt 0.9653 0.4026 0.0000
vt 0.9667 0.4167 0.0000
vt 0.9539 0.4239 0.0000
vt 0.8744 0.9518 0.0000
vt 0.8814 0.9722 0.0000
vt 0.8697 0.9737 0.0000
vt 0.8689 0.9605 0.0000
vt 0.6229 0.8351 0.0000
vt 0.6159 0.8285 0.0000
vt 0.4622 0.7294 0.0000
vt 0.4772 0.7292 0.0000
vt 0.6021 0.8262 0.0000
vt 0.6080 0.8362 0.0000
vt 0.9049 0.9523 0.0000
vt 0.9026 0.9625 0.0000
vt 0.4525 0.7679 0.0000
vt 0.4420 0.7647 0.0000
vt 0.9188 0.3811 0.0000
vt 0.9287 0.3738 0.0000
vt 0.4719 0.7734 0.0000
vt 0.4054 0.6270 0.0000
vt 0.3804 0.6107 0.0000
vt 0.4090 0.6002 0.0000
vt 0.4233 0.6098 0.0000
vt 0.5936 0.0582 0.0000
vt 0.6032 0.0554 0.0000
vt 0.6089 0.0679 0.0000
vt 0.6015 0.0693 0.0000
vt 0.4341 0.5848 0.0000
vt 0.4403 0.6075 0.0000
vt 0.6687 0.0120 0.0000
vt 0.6820 0.0342 0.0000
vt 0.6661 0.0382 0.0000
vt 0.6417 0.0084 0.0000
vt 0.3514 0.7204 0.0000
vt 0.3583 0.7020 0.0000
vt 0.3626 0.7133 0.0000
vt 0.3595 0.7257 0.0000
vt 0.4374 0.5547 0.0000
vt 0.4502 0.5755 0.0000
vt 0.4202 0.5582 0.0000
vt 0.6198 0.0186 0.0000
vt 0.5971 0.0174 0.0000
vt 0.6215 0.0010 0.0000
vt 0.6651 0.0597 0.0000
vt 0.6362 0.0570 0.0000
vt 0.6338 0.0419 0.0000
vt 0.3475 0.6849 0.0000
vt 0.3490 0.6641 0.0000
vt 0.3605 0.6727 0.0000
vt 0.3961 0.6268 0.0000
vt 0.3814 0.6217 0.0000
vt 0.5954 0.0378 0.0000
vt 0.6106 0.0331 0.0000
vt 0.6159 0.0450 0.0000
vt 0.8668 0.1060 0.0000
vt 0.8715 0.1147 0.0000
vt 0.8444 0.1191 0.0000
vt 0.8239 0.1102 0.0000
vt 0.3452 0.6958 0.0000
vt 0.9027 0.7036 0.0000
vt 0.9132 0.7096 0.0000
vt 0.8947 0.7353 0.0000
vt 0.8939 0.7149 0.0000
vt 0.6197 0.0561 0.0000
vt 0.6243 0.0690 0.0000
vt 0.3751 0.5956 0.0000
vt 0.3909 0.5831 0.0000
vt 0.5896 0.0489 0.0000
vt 0.6781 0.0492 0.0000
vt 0.9040 0.6836 0.0000
vt 0.9099 0.6794 0.0000
vt 0.9148 0.6876 0.0000
vt 0.9065 0.6944 0.0000
vt 0.8856 0.1150 0.0000
vt 0.8768 0.1058 0.0000
vt 0.3846 0.5690 0.0000
vt 0.3978 0.5549 0.0000
vt 0.8112 0.0908 0.0000
vt 0.8203 0.0919 0.0000
vt 0.8303 0.1038 0.0000
vt 0.3776 0.5752 0.0000
vt 0.8482 0.1018 0.0000
vt 0.8392 0.0913 0.0000
vt 0.3559 0.6494 0.0000
vt 0.3623 0.6573 0.0000
vt 0.7991 0.0966 0.0000
vt 0.8001 0.1151 0.0000
vt 0.6538 0.0680 0.0000
vt 0.4511 0.5897 0.0000
vt 0.0863 0.8181 0.0000
vt 0.0538 0.8220 0.0000
vt 0.0635 0.7828 0.0000
vt 0.0821 0.7874 0.0000
vt 0.9176 0.1647 0.0000
vt 0.9594 0.1819 0.0000
vt 0.9581 0.2020 0.0000
vt 0.9374 0.1938 0.0000
vt 0.3453 0.6119 0.0000
vt 0.3655 0.6094 0.0000
vt 0.3601 0.6354 0.0000
vt 0.3452 0.6307 0.0000
vt 0.0398 0.8550 0.0000
vt 0.0664 0.8544 0.0000
vt 0.0754 0.8805 0.0000
vt 0.0224 0.8713 0.0000
vt 0.5256 0.0664 0.0000
vt 0.5485 0.0537 0.0000
vt 0.5660 0.0598 0.0000
vt 0.5609 0.0680 0.0000
vt 0.9117 0.1428 0.0000
vt 0.8957 0.1701 0.0000
vt 0.8739 0.1618 0.0000
vt 0.8946 0.1257 0.0000
vt 0.5186 0.1825 0.0000
vt 0.5361 0.1743 0.0000
vt 0.5447 0.1876 0.0000
vt 0.5338 0.1952 0.0000
vt 0.4599 0.1878 0.0000
vt 0.4654 0.1764 0.0000
vt 0.4830 0.1806 0.0000
vt 0.4799 0.1953 0.0000
vt 0.4949 0.0401 0.0000
vt 0.5123 0.0281 0.0000
vt 0.5609 0.0395 0.0000
vt 0.0829 0.8535 0.0000
vt 0.9510 0.1444 0.0000
vt 0.9795 0.1600 0.0000
vt 0.9807 0.1789 0.0000
vt 0.0374 0.8270 0.0000
vt 0.0129 0.8578 0.0000
vt 0.4948 0.0556 0.0000
vt 0.7230 0.4372 0.0000
vt 0.7106 0.4524 0.0000
vt 0.7145 0.4000 0.0000
vt 0.7230 0.4146 0.0000
vt 0.5881 0.0402 0.0000
vt 0.5803 0.0476 0.0000
vt 0.5676 0.0316 0.0000
vt 0.0289 0.7823 0.0000
vt 0.9287 0.1535 0.0000
vt 0.3530 0.5781 0.0000
vt 0.3756 0.5744 0.0000
vt 0.0964 0.8586 0.0000
vt 0.9028 0.1888 0.0000
vt 0.5031 0.1734 0.0000
vt 0.4842 0.1715 0.0000
vt 0.9787 0.1950 0.0000
vt 0.3595 0.5670 0.0000
vt 0.3689 0.5597 0.0000
vt 0.7017 0.4061 0.0000
vt 0.7025 0.4683 0.0000
vt 0.6943 0.4645 0.0000
vt 0.6948 0.4221 0.0000
vt 0.0242 0.8158 0.0000
vt 0.0170 0.7791 0.0000
vt 0.0060 0.8408 0.0000
vt 0.0085 0.7989 0.0000
vt 0.5212 0.1606 0.0000
vt 0.4683 0.1694 0.0000
vt 0.5468 0.0259 0.0000
vt 0.3719 0.6376 0.0000
vt 0.3779 0.6196 0.0000
vt 0.7680 0.7227 0.0000
vt 0.7656 0.7193 0.0000
vt 0.7951 0.7292 0.0000
vt 0.7792 0.7307 0.0000
vt 0.6131 0.9401 0.0000
vt 0.6029 0.9368 0.0000
vt 0.6077 0.9288 0.0000
vt 0.6114 0.9314 0.0000
vt 0.7762 0.7402 0.0000
vt 0.7614 0.7344 0.0000
vt 0.8092 0.7097 0.0000
vt 0.8158 0.7085 0.0000
vt 0.8165 0.7214 0.0000
vt 0.7940 0.7217 0.0000
vt 0.7528 0.7281 0.0000
vt 0.7444 0.7242 0.0000
vt 0.7471 0.7201 0.0000
vt 0.6270 0.9516 0.0000
vt 0.6258 0.9360 0.0000
vt 0.6366 0.9329 0.0000
vt 0.6520 0.9568 0.0000
vt 0.9315 0.7797 0.0000
vt 0.9370 0.7854 0.0000
vt 0.9272 0.7940 0.0000
vt 0.9238 0.7834 0.0000
vt 0.9286 0.7492 0.0000
vt 0.9354 0.7541 0.0000
vt 0.9329 0.7629 0.0000
vt 0.9239 0.7604 0.0000
vt 0.7566 0.7398 0.0000
vt 0.7502 0.7364 0.0000
vt 0.8233 0.7071 0.0000
vt 0.8202 0.6882 0.0000
vt 0.8287 0.6866 0.0000
vt 0.5960 0.9482 0.0000
vt 0.5896 0.9485 0.0000
vt 0.5914 0.9402 0.0000
vt 0.8085 0.6958 0.0000
vt 0.7857 0.7101 0.0000
vt 0.6113 0.9445 0.0000
vt 0.5937 0.9616 0.0000
vt 0.7342 0.7365 0.0000
vt 0.7378 0.7320 0.0000
vt 0.7474 0.7407 0.0000
vt 0.8138 0.6627 0.0000
vt 0.8295 0.6594 0.0000
vt 0.6506 0.9492 0.0000
vt 0.6555 0.9340 0.0000
vt 0.8296 0.7105 0.0000
vt 0.6169 0.9297 0.0000
vt 0.9369 0.7720 0.0000
vt 0.9381 0.7637 0.0000
vt 0.5946 0.9329 0.0000
vt 0.8589 0.9171 0.0000
vt 0.8642 0.9038 0.0000
vt 0.8775 0.9092 0.0000
vt 0.8779 0.9150 0.0000
vt 0.6005 0.9723 0.0000
vt 0.6343 0.9782 0.0000
vt 0.6143 0.9803 0.0000
vt 0.7838 0.6898 0.0000
vt 0.7826 0.6737 0.0000
vt 0.7791 0.6955 0.0000
vt 0.8936 0.9103 0.0000
vt 0.8983 0.9167 0.0000
vt 0.9417 0.7728 0.0000
vt 0.9394 0.7565 0.0000
vt 0.7510 0.7433 0.0000
vt 0.7654 0.7433 0.0000
vt 0.5971 0.7015 0.0000
vt 0.5828 0.7064 0.0000
vt 0.5775 0.6837 0.0000
vt 0.5892 0.6812 0.0000
vt 0.7128 0.9223 0.0000
vt 0.7127 0.9061 0.0000
vt 0.7186 0.9035 0.0000
vt 0.7184 0.9142 0.0000
vt 0.5820 0.6609 0.0000
vt 0.5975 0.6704 0.0000
vt 0.8359 0.4236 0.0000
vt 0.8482 0.4253 0.0000
vt 0.8491 0.4428 0.0000
vt 0.8263 0.4418 0.0000
vt 0.6102 0.6853 0.0000
vt 0.6132 0.6958 0.0000
vt 0.6051 0.7073 0.0000
vt 0.5793 0.6425 0.0000
vt 0.5870 0.6467 0.0000
vt 0.5654 0.6536 0.0000
vt 0.8189 0.4601 0.0000
vt 0.8017 0.4686 0.0000
vt 0.8049 0.4431 0.0000
vt 0.6253 0.7485 0.0000
vt 0.6467 0.7518 0.0000
vt 0.6450 0.7579 0.0000
vt 0.6201 0.7576 0.0000
vt 0.5975 0.6545 0.0000
vt 0.6116 0.6623 0.0000
vt 0.6111 0.8499 0.0000
vt 0.6065 0.8545 0.0000
vt 0.5897 0.8532 0.0000
vt 0.6018 0.8440 0.0000
vt 0.8066 0.4789 0.0000
vt 0.8179 0.4718 0.0000
vt 0.8240 0.4742 0.0000
vt 0.8127 0.4801 0.0000
vt 0.8248 0.4200 0.0000
vt 0.7968 0.4795 0.0000
vt 0.7870 0.4647 0.0000
vt 0.6592 0.7536 0.0000
vt 0.6566 0.7455 0.0000
vt 0.6680 0.7470 0.0000
vt 0.5829 0.8579 0.0000
vt 0.5671 0.8523 0.0000
vt 0.5776 0.8443 0.0000
vt 0.7084 0.9202 0.0000
vt 0.7043 0.9097 0.0000
vt 0.5662 0.6844 0.0000
vt 0.6118 0.7501 0.0000
vt 0.6045 0.7548 0.0000
vt 0.6038 0.6440 0.0000
vt 0.5954 0.6395 0.0000
vt 0.8330 0.4628 0.0000
vt 0.5945 0.8621 0.0000
vt 0.7148 0.8939 0.0000
vt 0.7097 0.8968 0.0000
vt 0.5547 0.6797 0.0000
vt 0.5573 0.6645 0.0000
vt 0.7841 0.4471 0.0000
vt 0.7854 0.4337 0.0000
vt 0.8008 0.4329 0.0000
vt 0.5697 0.8599 0.0000
vt 0.5547 0.8550 0.0000
vt 0.8089 0.4232 0.0000
vt 0.7936 0.4206 0.0000
vt 0.7173 0.9297 0.0000
vt 0.7067 0.9354 0.0000
vt 0.8279 0.4761 0.0000
vt 0.8351 0.4657 0.0000
vt 0.6124 0.6506 0.0000
vt 0.6342 0.7442 0.0000
vt 0.3297 0.6914 0.0000
vt 0.3059 0.7106 0.0000
vt 0.3114 0.6914 0.0000
vt 0.3329 0.6744 0.0000
vt 0.7688 0.3185 0.0000
vt 0.7523 0.3110 0.0000
vt 0.7628 0.2958 0.0000
vt 0.7746 0.2999 0.0000
vt 0.3672 0.6830 0.0000
vt 0.3805 0.6903 0.0000
vt 0.3700 0.7134 0.0000
vt 0.3651 0.7044 0.0000
vt 0.2973 0.7356 0.0000
vt 0.3168 0.7300 0.0000
vt 0.3215 0.7443 0.0000
vt 0.2859 0.7497 0.0000
vt 0.3433 0.7161 0.0000
vt 0.3369 0.7287 0.0000
vt 0.3278 0.7267 0.0000
vt 0.3949 0.6703 0.0000
vt 0.3840 0.6984 0.0000
vt 0.3889 0.6646 0.0000
vt 0.7843 0.6142 0.0000
vt 0.7765 0.6091 0.0000
vt 0.7860 0.5946 0.0000
vt 0.7926 0.6036 0.0000
vt 0.3363 0.7454 0.0000
vt 0.3284 0.7547 0.0000
vt 0.6839 0.4948 0.0000
vt 0.6952 0.4962 0.0000
vt 0.6932 0.5362 0.0000
vt 0.6780 0.5335 0.0000
vt 0.7728 0.6287 0.0000
vt 0.7818 0.6318 0.0000
vt 0.7841 0.6510 0.0000
vt 0.7692 0.6398 0.0000
vt 0.2900 0.7200 0.0000
vt 0.2769 0.7347 0.0000
vt 0.3418 0.6774 0.0000
vt 0.7570 0.3274 0.0000
vt 0.7739 0.3377 0.0000
vt 0.7292 0.3387 0.0000
vt 0.7373 0.3201 0.0000
vt 0.6886 0.5628 0.0000
vt 0.6824 0.5629 0.0000
vt 0.6989 0.5362 0.0000
vt 0.2866 0.7015 0.0000
vt 0.3677 0.6581 0.0000
vt 0.8038 0.2917 0.0000
vt 0.7928 0.3119 0.0000
vt 0.7924 0.6461 0.0000
vt 0.7368 0.2903 0.0000
vt 0.7311 0.2967 0.0000
vt 0.3692 0.6524 0.0000
vt 0.3771 0.6445 0.0000
vt 0.4840 0.8819 0.0000
vt 0.5291 0.8769 0.0000
vt 0.5149 0.8860 0.0000
vt 0.4921 0.8864 0.0000
vt 0.2770 0.7169 0.0000
vt 0.2808 0.6975 0.0000
vt 0.2753 0.7258 0.0000
vt 0.5192 0.8950 0.0000
vt 0.4996 0.8942 0.0000
vt 0.7860 0.6581 0.0000
vt 0.7922 0.6540 0.0000
vt 0.7020 0.5240 0.0000
vt 0.5202 0.8689 0.0000
vt 0.4749 0.8702 0.0000
vt 0.6744 0.5461 0.0000
vt 0.3813 0.7200 0.0000
vt 0.2965 0.7528 0.0000
vt 0.6714 0.3067 0.0000
vt 0.6885 0.3154 0.0000
vt 0.6532 0.3220 0.0000
vt 0.6494 0.3097 0.0000
vt 0.2975 0.6325 0.0000
vt 0.2925 0.6474 0.0000
vt 0.2871 0.6320 0.0000
vt 0.2919 0.6293 0.0000
vt 0.9788 0.9328 0.0000
vt 0.9786 0.9177 0.0000
vt 0.9953 0.9158 0.0000
vt 0.9921 0.9275 0.0000
vt 0.8945 0.8208 0.0000
vt 0.9044 0.8190 0.0000
vt 0.9047 0.8347 0.0000
vt 0.8859 0.8447 0.0000
vt 0.4838 0.5148 0.0000
vt 0.4889 0.5304 0.0000
vt 0.4724 0.5272 0.0000
vt 0.4665 0.5161 0.0000
vt 0.0677 0.5940 0.0000
vt 0.0409 0.5858 0.0000
vt 0.0503 0.5717 0.0000
vt 0.0655 0.5764 0.0000
vt 0.1245 0.5973 0.0000
vt 0.1098 0.6033 0.0000
vt 0.1236 0.5808 0.0000
vt 0.1382 0.5789 0.0000
vt 0.4573 0.5456 0.0000
vt 0.4399 0.5489 0.0000
vt 0.4506 0.5254 0.0000
vt 0.5108 0.5336 0.0000
vt 0.5146 0.5444 0.0000
vt 0.4888 0.5499 0.0000
vt 0.6887 0.3053 0.0000
vt 0.6982 0.3088 0.0000
vt 0.3007 0.6636 0.0000
vt 0.2962 0.6730 0.0000
vt 0.2918 0.6679 0.0000
vt 0.8853 0.8252 0.0000
vt 0.8739 0.8461 0.0000
vt 0.5056 0.5215 0.0000
vt 0.0915 0.6114 0.0000
vt 0.1050 0.6136 0.0000
vt 0.4644 0.5572 0.0000
vt 0.4889 0.5588 0.0000
vt 0.7187 0.3285 0.0000
vt 0.6814 0.3354 0.0000
vt 0.3059 0.6501 0.0000
vt 0.0894 0.5563 0.0000
vt 0.0607 0.5569 0.0000
vt 0.4569 0.5098 0.0000
vt 0.2908 0.6063 0.0000
vt 0.2987 0.5996 0.0000
vt 0.2990 0.6831 0.0000
vt 0.2874 0.6809 0.0000
vt 0.7120 0.3191 0.0000
vt 0.2853 0.6564 0.0000
vt 0.0865 0.5547 0.0000
vt 0.0920 0.5689 0.0000
vt 0.1201 0.5730 0.0000
vt 0.7111 0.3400 0.0000
vt 0.6783 0.3398 0.0000
vt 0.1264 0.5595 0.0000
vt 0.1192 0.5613 0.0000
vt 0.3066 0.6263 0.0000
vt 0.3045 0.6684 0.0000
vt 0.4530 0.5630 0.0000
vt 0.4916 0.5625 0.0000
vt 0.9897 0.9038 0.0000
vt 0.9817 0.9039 0.0000
vt 0.8973 0.8579 0.0000
vt 0.8856 0.8630 0.0000
vt 0.1407 0.5023 0.0000
vt 0.1375 0.5361 0.0000
vt 0.1026 0.5115 0.0000
vt 0.1061 0.4929 0.0000
vt 0.1539 0.2504 0.0000
vt 0.1192 0.2760 0.0000
vt 0.0998 0.2695 0.0000
vt 0.1171 0.2559 0.0000
vt 0.0582 0.4993 0.0000
vt 0.0756 0.4777 0.0000
vt 0.1102 0.3687 0.0000
vt 0.0843 0.3604 0.0000
vt 0.0806 0.3488 0.0000
vt 0.1387 0.3542 0.0000
vt 0.1367 0.2233 0.0000
vt 0.1558 0.2371 0.0000
vt 0.1358 0.2416 0.0000
vt 0.1197 0.2365 0.0000
vt 0.9349 0.8580 0.0000
vt 0.9155 0.8779 0.0000
vt 0.9088 0.8633 0.0000
vt 0.9373 0.8390 0.0000
vt 0.1330 0.3298 0.0000
vt 0.1615 0.3119 0.0000
vt 0.1598 0.3367 0.0000
vt 0.0708 0.3237 0.0000
vt 0.0845 0.3069 0.0000
vt 0.0972 0.3210 0.0000
vt 0.2062 0.2214 0.0000
vt 0.2260 0.2327 0.0000
vt 0.1825 0.2473 0.0000
vt 0.6977 0.8541 0.0000
vt 0.7142 0.8552 0.0000
vt 0.7268 0.8671 0.0000
vt 0.6943 0.8672 0.0000
vt 0.1612 0.2784 0.0000
vt 0.1250 0.3099 0.0000
vt 0.1068 0.3035 0.0000
vt 0.3845 0.0226 0.0000
vt 0.3701 0.0110 0.0000
vt 0.3980 0.0018 0.0000
vt 0.4235 0.0062 0.0000
vt 0.1722 0.2155 0.0000
vt 0.4912 0.0138 0.0000
vt 0.4757 0.0225 0.0000
vt 0.4465 0.0010 0.0000
vt 0.4751 0.0049 0.0000
vt 0.0926 0.2961 0.0000
vt 0.0906 0.2813 0.0000
vt 0.1267 0.5494 0.0000
vt 0.0835 0.5411 0.0000
vt 0.1618 0.2591 0.0000
vt 0.0415 0.5314 0.0000
vt 0.1190 0.2486 0.0000
vt 0.1107 0.2353 0.0000
vt 0.2177 0.2470 0.0000
vt 0.2363 0.2312 0.0000
vt 0.2409 0.2420 0.0000
vt 0.7408 0.8539 0.0000
vt 0.7433 0.8640 0.0000
vt 0.0679 0.5476 0.0000
vt 0.0549 0.5516 0.0000
vt 0.4699 0.0306 0.0000
vt 0.4497 0.0309 0.0000
vt 0.4202 0.0140 0.0000
vt 0.4260 0.0399 0.0000
vt 0.4116 0.0258 0.0000
vt 0.4381 0.0405 0.0000
vt 0.9374 0.8726 0.0000
vt 0.9275 0.8794 0.0000
vt 0.1973 0.2529 0.0000
vt 0.0765 0.3038 0.0000
vt 0.0574 0.4699 0.0000
vt 0.0409 0.4833 0.0000
vt 0.9020 0.4193 0.0000
vt 0.9016 0.4279 0.0000
vt 0.8939 0.3949 0.0000
vt 0.9006 0.3976 0.0000
vt 0.7957 0.7862 0.0000
vt 0.8047 0.7779 0.0000
vt 0.8115 0.7822 0.0000
vt 0.8054 0.7869 0.0000
vt 0.9054 0.3778 0.0000
vt 0.9090 0.3963 0.0000
vt 0.8209 0.7292 0.0000
vt 0.8270 0.7316 0.0000
vt 0.8260 0.7370 0.0000
vt 0.8012 0.7345 0.0000
vt 0.9099 0.4133 0.0000
vt 0.9117 0.4252 0.0000
vt 0.9091 0.4331 0.0000
vt 0.9476 0.7909 0.0000
vt 0.9513 0.7757 0.0000
vt 0.9572 0.7740 0.0000
vt 0.9569 0.7986 0.0000
vt 0.7985 0.7491 0.0000
vt 0.7860 0.7611 0.0000
vt 0.7843 0.7438 0.0000
vt 0.8316 0.7507 0.0000
vt 0.8212 0.7615 0.0000
vt 0.8152 0.7538 0.0000
vt 0.9129 0.3861 0.0000
vt 0.9141 0.3960 0.0000
vt 0.9666 0.5733 0.0000
vt 0.9660 0.5806 0.0000
vt 0.9587 0.5779 0.0000
vt 0.9596 0.5696 0.0000
vt 0.7951 0.7718 0.0000
vt 0.8017 0.7606 0.0000
vt 0.8095 0.7639 0.0000
vt 0.9492 0.8598 0.0000
vt 0.9576 0.8539 0.0000
vt 0.9583 0.8711 0.0000
vt 0.9487 0.8851 0.0000
vt 0.7919 0.7839 0.0000
vt 0.7841 0.7830 0.0000
vt 0.8155 0.7680 0.0000
vt 0.8172 0.7761 0.0000
vt 0.6730 0.7873 0.0000
vt 0.6463 0.7855 0.0000
vt 0.6394 0.7703 0.0000
vt 0.6724 0.7765 0.0000
vt 0.6145 0.7931 0.0000
vt 0.6223 0.7692 0.0000
vt 0.9158 0.4338 0.0000
vt 0.9091 0.4389 0.0000
vt 0.9469 0.7699 0.0000
vt 0.9507 0.7692 0.0000
vt 0.9448 0.7783 0.0000
vt 0.9666 0.5871 0.0000
vt 0.9618 0.5890 0.0000
vt 0.6484 0.8153 0.0000
vt 0.6371 0.8145 0.0000
vt 0.7295 0.8946 0.0000
vt 0.7708 0.8839 0.0000
vt 0.7468 0.9039 0.0000
vt 0.7292 0.9053 0.0000
vt 0.6618 0.8125 0.0000
vt 0.5946 0.8641 0.0000
vt 0.6187 0.8639 0.0000
vt 0.6225 0.8737 0.0000
vt 0.6170 0.8756 0.0000
vt 0.9650 0.6744 0.0000
vt 0.9678 0.6857 0.0000
vt 0.9629 0.6991 0.0000
vt 0.9587 0.6909 0.0000
vt 0.9429 0.7825 0.0000
vt 0.9164 0.3806 0.0000
vt 0.9168 0.3878 0.0000
vt 0.9365 0.8094 0.0000
vt 0.9338 0.7978 0.0000
vt 0.8276 0.7622 0.0000
vt 0.9108 0.3751 0.0000
vt 0.5251 0.2230 0.0000
vt 0.5225 0.2470 0.0000
vt 0.4885 0.2322 0.0000
vt 0.5050 0.2116 0.0000
vt 0.3781 0.1885 0.0000
vt 0.3882 0.1762 0.0000
vt 0.4000 0.1823 0.0000
vt 0.3900 0.1887 0.0000
vt 0.4715 0.2211 0.0000
vt 0.4988 0.2005 0.0000
vt 0.3883 0.1157 0.0000
vt 0.4095 0.1207 0.0000
vt 0.4114 0.1277 0.0000
vt 0.3716 0.1233 0.0000
vt 0.5605 0.6165 0.0000
vt 0.5648 0.6075 0.0000
vt 0.5683 0.6204 0.0000
vt 0.5659 0.6290 0.0000
vt 0.8493 0.4870 0.0000
vt 0.8597 0.4668 0.0000
vt 0.8621 0.4760 0.0000
vt 0.8563 0.4999 0.0000
vt 0.3732 0.1468 0.0000
vt 0.3622 0.1637 0.0000
vt 0.3469 0.1394 0.0000
vt 0.4211 0.1429 0.0000
vt 0.4058 0.1486 0.0000
vt 0.3976 0.1400 0.0000
vt 0.5597 0.5837 0.0000
vt 0.5624 0.5646 0.0000
vt 0.5718 0.5855 0.0000
vt 0.5359 0.2295 0.0000
vt 0.5376 0.2421 0.0000
vt 0.3706 0.1735 0.0000
vt 0.3796 0.1597 0.0000
vt 0.3890 0.1615 0.0000
vt 0.3689 0.1175 0.0000
vt 0.5218 0.2071 0.0000
vt 0.3599 0.1834 0.0000
vt 0.3587 0.1875 0.0000
vt 0.4030 0.1630 0.0000
vt 0.4060 0.1744 0.0000
vt 0.5095 0.2716 0.0000
vt 0.4793 0.2626 0.0000
vt 0.4549 0.2402 0.0000
vt 0.5737 0.6298 0.0000
vt 0.5663 0.6353 0.0000
vt 0.8442 0.4584 0.0000
vt 0.8572 0.4549 0.0000
vt 0.8433 0.4692 0.0000
vt 0.5251 0.2600 0.0000
vt 0.4706 0.2671 0.0000
vt 0.4551 0.2690 0.0000
vt 0.3493 0.1774 0.0000
vt 0.3302 0.1559 0.0000
vt 0.3428 0.1368 0.0000
vt 0.4840 0.2802 0.0000
vt 0.3442 0.1283 0.0000
vt 0.9875 0.7793 0.0000
vt 0.9731 0.7746 0.0000
vt 0.9687 0.7542 0.0000
vt 0.9777 0.7567 0.0000
vt 0.8363 0.4878 0.0000
vt 0.5755 0.5656 0.0000
vt 0.5749 0.5758 0.0000
vt 0.8383 0.5187 0.0000
vt 0.8340 0.4943 0.0000
vt 0.4212 0.1572 0.0000
vt 0.4780 0.2010 0.0000
vt 0.4614 0.2072 0.0000
vt 0.7961 0.6289 0.0000
vt 0.7891 0.6168 0.0000
vt 0.8003 0.6047 0.0000
vt 0.8042 0.6151 0.0000
vt 0.4796 0.8292 0.0000
vt 0.4974 0.8329 0.0000
vt 0.4928 0.8438 0.0000
vt 0.4816 0.8407 0.0000
vt 0.8104 0.6019 0.0000
vt 0.8102 0.6196 0.0000
vt 0.8757 0.6634 0.0000
vt 0.8804 0.6844 0.0000
vt 0.8662 0.6817 0.0000
vt 0.8639 0.6500 0.0000
vt 0.8037 0.6364 0.0000
vt 0.7986 0.6424 0.0000
vt 0.7927 0.6382 0.0000
vt 0.4699 0.8186 0.0000
vt 0.4629 0.8382 0.0000
vt 0.4609 0.8398 0.0000
vt 0.4599 0.8149 0.0000
vt 0.8672 0.0943 0.0000
vt 0.8639 0.0810 0.0000
vt 0.8755 0.0758 0.0000
vt 0.8755 0.0953 0.0000
vt 0.1366 0.8048 0.0000
vt 0.1211 0.8119 0.0000
vt 0.1084 0.8089 0.0000
vt 0.1184 0.7993 0.0000
vt 0.4664 0.8596 0.0000
vt 0.4690 0.8498 0.0000
vt 0.4895 0.8513 0.0000
vt 0.4859 0.8635 0.0000
vt 0.8826 0.6930 0.0000
vt 0.8939 0.6742 0.0000
vt 0.8976 0.6945 0.0000
vt 0.5038 0.8175 0.0000
vt 0.5103 0.8215 0.0000
vt 0.5090 0.8322 0.0000
vt 0.8902 0.6612 0.0000
vt 0.8752 0.6345 0.0000
vt 0.4879 0.8215 0.0000
vt 0.5048 0.8041 0.0000
vt 0.5062 0.8414 0.0000
vt 0.5020 0.8492 0.0000
vt 0.9067 0.6551 0.0000
vt 0.9108 0.6737 0.0000
vt 0.7956 0.5942 0.0000
vt 0.8082 0.5839 0.0000
vt 0.8786 0.6950 0.0000
vt 0.0955 0.8132 0.0000
vt 0.0908 0.8074 0.0000
vt 0.1040 0.8145 0.0000
vt 0.7949 0.5818 0.0000
vt 0.8008 0.5796 0.0000
vt 0.9961 0.7791 0.0000
vt 0.9972 0.7998 0.0000
vt 0.9886 0.7998 0.0000
vt 0.9904 0.7850 0.0000
vt 0.8937 0.6461 0.0000
vt 0.9107 0.6417 0.0000
vt 0.8869 0.6348 0.0000
vt 0.9076 0.6357 0.0000
vt 0.5108 0.8155 0.0000
vt 0.1126 0.8161 0.0000
vt 0.9412 0.9141 0.0000
vt 0.9342 0.9162 0.0000
vt 0.9338 0.8809 0.0000
vt 0.9452 0.8789 0.0000
vt 0.4944 0.8633 0.0000
vt 0.8156 0.6147 0.0000
vt 0.8168 0.6023 0.0000
vt 0.0948 0.7991 0.0000
vt 0.5696 0.7221 0.0000
vt 0.5959 0.7159 0.0000
vt 0.5930 0.7329 0.0000
vt 0.5768 0.7348 0.0000
vt 0.7367 0.6791 0.0000
vt 0.7450 0.6865 0.0000
vt 0.7396 0.6982 0.0000
vt 0.7342 0.6925 0.0000
vt 0.4855 0.6544 0.0000
vt 0.4776 0.6697 0.0000
vt 0.4549 0.6629 0.0000
vt 0.4672 0.6549 0.0000
vt 0.5134 0.7125 0.0000
vt 0.5142 0.6876 0.0000
vt 0.5380 0.6916 0.0000
vt 0.5354 0.7282 0.0000
vt 0.9468 0.5796 0.0000
vt 0.9414 0.6037 0.0000
vt 0.9338 0.6011 0.0000
vt 0.9351 0.5861 0.0000
vt 0.4889 0.6957 0.0000
vt 0.4706 0.6812 0.0000
vt 0.5055 0.6805 0.0000
vt 0.5534 0.7301 0.0000
vt 0.5563 0.7421 0.0000
vt 0.5280 0.7443 0.0000
vt 0.7542 0.7180 0.0000
vt 0.7521 0.7047 0.0000
vt 0.7598 0.6929 0.0000
vt 0.7668 0.7043 0.0000
vt 0.9575 0.5999 0.0000
vt 0.9576 0.6141 0.0000
vt 0.9417 0.6245 0.0000
vt 0.5716 0.7137 0.0000
vt 0.5834 0.7093 0.0000
vt 0.7526 0.6702 0.0000
vt 0.7594 0.6754 0.0000
vt 0.7552 0.6874 0.0000
vt 0.5011 0.7132 0.0000
vt 0.9577 0.5865 0.0000
vt 0.4726 0.7139 0.0000
vt 0.4911 0.7267 0.0000
vt 0.4723 0.7248 0.0000
vt 0.7505 0.6974 0.0000
vt 0.7411 0.7053 0.0000
vt 0.6108 0.7156 0.0000
vt 0.6162 0.7288 0.0000
vt 0.7422 0.6719 0.0000
vt 0.6224 0.7440 0.0000
vt 0.5925 0.7435 0.0000
vt 0.5212 0.6770 0.0000
vt 0.5362 0.6744 0.0000
vt 0.4554 0.6990 0.0000
vt 0.4569 0.6784 0.0000
vt 0.4684 0.7034 0.0000
vt 0.5639 0.7224 0.0000
vt 0.5562 0.7040 0.0000
vt 0.5661 0.7099 0.0000
vt 0.4998 0.6979 0.0000
vt 0.6323 0.7308 0.0000
vt 0.6364 0.7363 0.0000
vt 0.3825 0.7994 0.0000
vt 0.3623 0.8218 0.0000
vt 0.3540 0.8141 0.0000
vt 0.3664 0.8013 0.0000
vt 0.6272 0.7212 0.0000
vt 0.5119 0.7430 0.0000
vt 0.5003 0.7298 0.0000
vt 0.3402 0.8087 0.0000
vt 0.3527 0.7991 0.0000
vt 0.7616 0.6544 0.0000
vt 0.7672 0.6678 0.0000
vt 0.5668 0.6988 0.0000
vt 0.5556 0.6902 0.0000
vt 0.9497 0.6316 0.0000
vt 0.9407 0.6360 0.0000
vt 0.3831 0.8241 0.0000
vt 0.4100 0.8064 0.0000
vt 0.7461 0.7171 0.0000
vt 0.1643 0.3980 0.0000
vt 0.1882 0.3887 0.0000
vt 0.1826 0.4191 0.0000
vt 0.1612 0.4209 0.0000
vt 0.4370 0.8889 0.0000
vt 0.4284 0.9006 0.0000
vt 0.4094 0.9069 0.0000
vt 0.4148 0.8966 0.0000
vt 0.1753 0.4520 0.0000
vt 0.1522 0.4305 0.0000
vt 0.4304 0.9835 0.0000
vt 0.4104 0.9827 0.0000
vt 0.4073 0.9762 0.0000
vt 0.4466 0.9685 0.0000
vt 0.2304 0.7492 0.0000
vt 0.2331 0.7619 0.0000
vt 0.2199 0.7632 0.0000
vt 0.2117 0.7593 0.0000
vt 0.9262 0.7091 0.0000
vt 0.9362 0.6810 0.0000
vt 0.9395 0.6890 0.0000
vt 0.9325 0.7148 0.0000
vt 0.4411 0.9491 0.0000
vt 0.4514 0.9315 0.0000
vt 0.4608 0.9516 0.0000
vt 0.3951 0.9628 0.0000
vt 0.3988 0.9521 0.0000
vt 0.4053 0.9581 0.0000
vt 0.2625 0.7541 0.0000
vt 0.2856 0.7630 0.0000
vt 0.2638 0.7743 0.0000
vt 0.1663 0.3813 0.0000
vt 0.1773 0.3751 0.0000
vt 0.4354 0.9162 0.0000
vt 0.4261 0.9375 0.0000
vt 0.4061 0.9375 0.0000
vt 0.3235 0.2122 0.0000
vt 0.3297 0.2005 0.0000
vt 0.3373 0.2203 0.0000
vt 0.3319 0.2400 0.0000
vt 0.2536 0.7494 0.0000
vt 0.4466 0.8935 0.0000
vt 0.4555 0.8908 0.0000
vt 0.3986 0.9380 0.0000
vt 0.3951 0.9158 0.0000
vt 0.2041 0.3921 0.0000
vt 0.2075 0.4163 0.0000
vt 0.2010 0.4667 0.0000
vt 0.2096 0.7669 0.0000
vt 0.2055 0.7586 0.0000
vt 0.9269 0.6716 0.0000
vt 0.9404 0.6594 0.0000
vt 0.9232 0.6908 0.0000
vt 0.1968 0.3799 0.0000
vt 0.2133 0.4210 0.0000
vt 0.2212 0.4361 0.0000
vt 0.3156 0.2863 0.0000
vt 0.3190 0.2559 0.0000
vt 0.3277 0.2370 0.0000
vt 0.2171 0.4063 0.0000
vt 0.3230 0.2264 0.0000
vt 0.3152 0.2403 0.0000
vt 0.9188 0.7013 0.0000
vt 0.4019 0.8975 0.0000
vt 0.3209 0.2962 0.0000
vt 0.3382 0.2575 0.0000
vt 0.2293 0.7745 0.0000
vt 0.1457 0.4547 0.0000
vt 0.1672 0.4576 0.0000
vt 0.3337 0.6568 0.0000
vt 0.3251 0.6445 0.0000
vt 0.3389 0.6152 0.0000
vt 0.3425 0.6410 0.0000
vt 0.9008 0.3624 0.0000
vt 0.9179 0.3615 0.0000
vt 0.9224 0.3704 0.0000
vt 0.9111 0.3677 0.0000
vt 0.4481 0.2091 0.0000
vt 0.4329 0.2186 0.0000
vt 0.4294 0.1828 0.0000
vt 0.4414 0.1836 0.0000
vt 0.7468 0.0032 0.0000
vt 0.7631 0.0017 0.0000
vt 0.7668 0.0174 0.0000
vt 0.7358 0.0270 0.0000
vt 0.6784 0.9086 0.0000
vt 0.6629 0.9119 0.0000
vt 0.6661 0.9056 0.0000
vt 0.6772 0.9026 0.0000
vt 0.4103 0.2275 0.0000
vt 0.4187 0.2204 0.0000
vt 0.4275 0.2384 0.0000
vt 0.7308 0.0452 0.0000
vt 0.7130 0.0506 0.0000
vt 0.7040 0.0278 0.0000
vt 0.6477 0.8970 0.0000
vt 0.6444 0.8889 0.0000
vt 0.6679 0.8955 0.0000
vt 0.4179 0.2005 0.0000
vt 0.4134 0.1761 0.0000
vt 0.4334 0.1606 0.0000
vt 0.3266 0.6670 0.0000
vt 0.3221 0.6631 0.0000
vt 0.9079 0.3502 0.0000
vt 0.9213 0.3505 0.0000
vt 0.9283 0.3555 0.0000
vt 0.7293 0.0073 0.0000
vt 0.4487 0.1673 0.0000
vt 0.7026 0.0584 0.0000
vt 0.6926 0.0406 0.0000
vt 0.7192 0.0611 0.0000
vt 0.6361 0.8992 0.0000
vt 0.6434 0.9091 0.0000
vt 0.6345 0.9080 0.0000
vt 0.3103 0.6280 0.0000
vt 0.3248 0.5972 0.0000
vt 0.8909 0.3505 0.0000
vt 0.3347 0.5846 0.0000
vt 0.3429 0.6055 0.0000
vt 0.6835 0.8976 0.0000
vt 0.9033 0.3758 0.0000
vt 0.8838 0.3720 0.0000
vt 0.7328 0.0543 0.0000
vt 0.7556 0.0405 0.0000
vt 0.7405 0.0541 0.0000
vt 0.3146 0.6460 0.0000
vt 0.9369 0.3640 0.0000
vt 0.4480 0.2256 0.0000
vt 0.4493 0.2367 0.0000
vt 0.4347 0.2475 0.0000
vt 0.9879 0.9437 0.0000
vt 0.9948 0.9741 0.0000
vt 0.9786 0.9738 0.0000
vt 0.9853 0.9487 0.0000
vt 0.3116 0.5993 0.0000
vt 0.3254 0.5861 0.0000
vt 0.6988 0.0198 0.0000
vt 0.7005 0.0081 0.0000
vt 0.6744 0.0148 0.0000
vt 0.6862 0.0010 0.0000
vt 0.8789 0.3575 0.0000
vt 0.9433 0.3546 0.0000
vt 0.9433 0.3629 0.0000
vt 0.4000 0.1937 0.0000
vt 0.4042 0.1822 0.0000
vt 0.6829 0.0227 0.0000
vt 0.6399 0.1537 0.0000
vt 0.6744 0.1407 0.0000
vt 0.6629 0.1814 0.0000
vt 0.6433 0.1871 0.0000
vt 0.0780 0.4754 0.0000
vt 0.1121 0.4552 0.0000
vt 0.1303 0.4657 0.0000
vt 0.1134 0.4766 0.0000
vt 0.6671 0.2245 0.0000
vt 0.6395 0.2199 0.0000
vt 0.1187 0.6321 0.0000
vt 0.1174 0.6077 0.0000
vt 0.1307 0.6045 0.0000
vt 0.1307 0.6598 0.0000
vt 0.4065 0.2308 0.0000
vt 0.3910 0.2557 0.0000
vt 0.3878 0.2358 0.0000
vt 0.3945 0.2139 0.0000
vt 0.0293 0.5644 0.0000
vt 0.0343 0.5347 0.0000
vt 0.0479 0.5583 0.0000
vt 0.0379 0.5801 0.0000
vt 0.1009 0.3967 0.0000
vt 0.0730 0.4099 0.0000
vt 0.0756 0.3845 0.0000
vt 0.0963 0.3701 0.0000
vt 0.1599 0.4147 0.0000
vt 0.1462 0.4296 0.0000
vt 0.1346 0.4125 0.0000
vt 0.1515 0.3867 0.0000
vt 0.5397 0.5214 0.0000
vt 0.5528 0.5143 0.0000
vt 0.5599 0.5511 0.0000
vt 0.5469 0.5630 0.0000
vt 0.3969 0.1955 0.0000
vt 0.4085 0.2008 0.0000
vt 0.0721 0.4449 0.0000
vt 0.1078 0.4189 0.0000
vt 0.1249 0.4290 0.0000
vt 0.1086 0.6419 0.0000
vt 0.1290 0.6805 0.0000
vt 0.4125 0.2572 0.0000
vt 0.4046 0.2859 0.0000
vt 0.0191 0.5453 0.0000
vt 0.0110 0.6002 0.0000
vt 0.0119 0.5653 0.0000
vt 0.3701 0.2592 0.0000
vt 0.3766 0.2499 0.0000
vt 0.3793 0.2758 0.0000
vt 0.3730 0.2859 0.0000
vt 0.6915 0.1436 0.0000
vt 0.6991 0.1838 0.0000
vt 0.0708 0.4649 0.0000
vt 0.7049 0.2237 0.0000
vt 0.3828 0.2074 0.0000
vt 0.5650 0.5254 0.0000
vt 0.5556 0.4942 0.0000
vt 0.5675 0.4898 0.0000
vt 0.1055 0.6261 0.0000
vt 0.1382 0.4393 0.0000
vt 0.7112 0.1939 0.0000
vt 0.7199 0.2030 0.0000
vt 0.0185 0.6257 0.0000
vt 0.0403 0.6056 0.0000
vt 0.0267 0.6324 0.0000
vt 0.0958 0.6707 0.0000
vt 0.1082 0.6665 0.0000
vt 0.0964 0.6864 0.0000
vt 0.1209 0.6849 0.0000
vt 0.1072 0.6987 0.0000
vt 0.0235 0.5348 0.0000
vt 0.5673 0.5432 0.0000
vt 0.5413 0.4957 0.0000
vt 0.8662 0.8531 0.0000
vt 0.8696 0.8409 0.0000
vt 0.8696 0.8728 0.0000
vt 0.8633 0.8703 0.0000
vt 0.6954 0.8001 0.0000
vt 0.7040 0.7927 0.0000
vt 0.7105 0.7983 0.0000
vt 0.7047 0.8023 0.0000
vt 0.8799 0.7841 0.0000
vt 0.8877 0.7957 0.0000
vt 0.8729 0.7992 0.0000
vt 0.8770 0.7909 0.0000
vt 0.7196 0.7442 0.0000
vt 0.7254 0.7476 0.0000
vt 0.7245 0.7531 0.0000
vt 0.7008 0.7467 0.0000
vt 0.8563 0.8600 0.0000
vt 0.8573 0.8484 0.0000
vt 0.8625 0.8384 0.0000
vt 0.9055 0.8009 0.0000
vt 0.8916 0.8010 0.0000
vt 0.9111 0.7900 0.0000
vt 0.6982 0.7617 0.0000
vt 0.6862 0.7723 0.0000
vt 0.6846 0.7539 0.0000
vt 0.7298 0.7683 0.0000
vt 0.7198 0.7780 0.0000
vt 0.7141 0.7691 0.0000
vt 0.8810 0.8031 0.0000
vt 0.8739 0.8044 0.0000
vt 0.8639 0.8002 0.0000
vt 0.8648 0.8290 0.0000
vt 0.6949 0.7849 0.0000
vt 0.7012 0.7741 0.0000
vt 0.7086 0.7788 0.0000
vt 0.7181 0.8821 0.0000
vt 0.7238 0.8876 0.0000
vt 0.7040 0.8936 0.0000
vt 0.6882 0.8895 0.0000
vt 0.8539 0.8732 0.0000
vt 0.6918 0.7970 0.0000
vt 0.6844 0.7950 0.0000
vt 0.7144 0.7840 0.0000
vt 0.7160 0.7927 0.0000
vt 0.5746 0.9073 0.0000
vt 0.6003 0.9046 0.0000
vt 0.6118 0.9188 0.0000
vt 0.5788 0.9181 0.0000
vt 0.6276 0.8916 0.0000
vt 0.6283 0.9170 0.0000
vt 0.8570 0.8327 0.0000
vt 0.8852 0.8066 0.0000
vt 0.8945 0.8066 0.0000
vt 0.7298 0.8874 0.0000
vt 0.7271 0.8794 0.0000
vt 0.5885 0.8750 0.0000
vt 0.5993 0.8739 0.0000
vt 0.7354 0.8463 0.0000
vt 0.6959 0.8290 0.0000
vt 0.7287 0.8332 0.0000
vt 0.7434 0.8394 0.0000
vt 0.5768 0.8801 0.0000
vt 0.6844 0.8821 0.0000
vt 0.6923 0.8789 0.0000
vt 0.7384 0.8303 0.0000
vt 0.7473 0.8352 0.0000
vt 0.8981 0.8075 0.0000
vt 0.8794 0.8071 0.0000
vt 0.6943 0.8399 0.0000
vt 0.7170 0.8517 0.0000
vt 0.7259 0.7797 0.0000
vt 0.3293 0.3917 0.0000
vt 0.3036 0.3962 0.0000
vt 0.3119 0.3616 0.0000
vt 0.3371 0.3705 0.0000
vt 0.3902 0.4835 0.0000
vt 0.3934 0.4978 0.0000
vt 0.3801 0.5023 0.0000
vt 0.3817 0.4915 0.0000
vt 0.3198 0.3433 0.0000
vt 0.3473 0.3618 0.0000
vt 0.2145 0.8284 0.0000
vt 0.2191 0.8480 0.0000
vt 0.2117 0.8491 0.0000
vt 0.2005 0.8118 0.0000
vt 0.3453 0.3842 0.0000
vt 0.3361 0.3957 0.0000
vt 0.3248 0.4032 0.0000
vt 0.3108 0.3302 0.0000
vt 0.3323 0.3303 0.0000
vt 0.2962 0.3339 0.0000
vt 0.4285 0.5051 0.0000
vt 0.4220 0.4873 0.0000
vt 0.4531 0.4913 0.0000
vt 0.4493 0.5181 0.0000
vt 0.9453 0.5206 0.0000
vt 0.9344 0.5220 0.0000
vt 0.9288 0.5109 0.0000
vt 0.9405 0.5022 0.0000
vt 0.8374 0.6087 0.0000
vt 0.8347 0.6250 0.0000
vt 0.8253 0.6108 0.0000
vt 0.8323 0.5946 0.0000
vt 0.3119 0.4083 0.0000
vt 0.4080 0.4873 0.0000
vt 0.4132 0.5017 0.0000
vt 0.4052 0.5072 0.0000
vt 0.2109 0.8098 0.0000
vt 0.2041 0.7867 0.0000
vt 0.4072 0.4739 0.0000
vt 0.4045 0.4706 0.0000
vt 0.9318 0.5359 0.0000
vt 0.9409 0.5488 0.0000
vt 0.9375 0.5552 0.0000
vt 0.2748 0.3916 0.0000
vt 0.2779 0.3620 0.0000
vt 0.8137 0.6554 0.0000
vt 0.8091 0.6442 0.0000
vt 0.8164 0.6277 0.0000
vt 0.8208 0.6386 0.0000
vt 0.9482 0.5074 0.0000
vt 0.9482 0.4948 0.0000
vt 0.8216 0.6274 0.0000
vt 0.8372 0.6413 0.0000
vt 0.4171 0.5261 0.0000
vt 0.2904 0.4022 0.0000
vt 0.3941 0.5160 0.0000
vt 0.2713 0.3556 0.0000
vt 0.2660 0.3423 0.0000
vt 0.4196 0.4702 0.0000
vt 0.4509 0.4699 0.0000
vt 0.4582 0.4901 0.0000
vt 0.2604 0.3713 0.0000
vt 0.2079 0.7831 0.0000
vt 0.2124 0.7853 0.0000
vt 0.2174 0.7692 0.0000
vt 0.2240 0.7822 0.0000
vt 0.8267 0.6569 0.0000
vt 0.4042 0.5266 0.0000
vt 0.8222 0.6172 0.0000
vt 0.9483 0.5354 0.0000
vt 0.3424 0.3434 0.0000
vt 0.4178 0.5431 0.0000
vt 0.5048 0.7689 0.0000
vt 0.5272 0.7642 0.0000
vt 0.5247 0.7751 0.0000
vt 0.5116 0.7777 0.0000
vt 0.6409 0.6837 0.0000
vt 0.6566 0.6915 0.0000
vt 0.6509 0.7022 0.0000
vt 0.6411 0.6963 0.0000
vt 0.5272 0.7855 0.0000
vt 0.5069 0.7832 0.0000
vt 0.7872 0.3806 0.0000
vt 0.7867 0.4033 0.0000
vt 0.7741 0.3989 0.0000
vt 0.7793 0.3653 0.0000
vt 0.9819 0.8705 0.0000
vt 0.9941 0.8718 0.0000
vt 0.9963 0.8810 0.0000
vt 0.9892 0.8824 0.0000
vt 0.5498 0.7918 0.0000
vt 0.5284 0.7921 0.0000
vt 0.5536 0.7861 0.0000
vt 0.8219 0.4971 0.0000
vt 0.8171 0.4848 0.0000
vt 0.8274 0.4852 0.0000
vt 0.8298 0.5007 0.0000
vt 0.8190 0.5487 0.0000
vt 0.8136 0.5325 0.0000
vt 0.8178 0.5206 0.0000
vt 0.8260 0.5341 0.0000
vt 0.6246 0.7130 0.0000
vt 0.6284 0.7032 0.0000
vt 0.6468 0.7094 0.0000
vt 0.6418 0.7215 0.0000
vt 0.7867 0.4125 0.0000
vt 0.8015 0.3939 0.0000
vt 0.8003 0.4158 0.0000
vt 0.8105 0.4985 0.0000
vt 0.8154 0.5028 0.0000
vt 0.8129 0.5140 0.0000
vt 0.8067 0.5149 0.0000
vt 0.8011 0.3799 0.0000
vt 0.7933 0.3502 0.0000
vt 0.9786 0.8562 0.0000
vt 0.9850 0.8539 0.0000
vt 0.6495 0.6773 0.0000
vt 0.6335 0.6702 0.0000
vt 0.6674 0.6625 0.0000
vt 0.6646 0.6766 0.0000
vt 0.8103 0.5237 0.0000
vt 0.8071 0.5350 0.0000
vt 0.8041 0.5265 0.0000
vt 0.8177 0.3752 0.0000
vt 0.8173 0.3953 0.0000
vt 0.5452 0.7726 0.0000
vt 0.8251 0.5477 0.0000
vt 0.8306 0.5390 0.0000
vt 0.6245 0.6896 0.0000
vt 0.6635 0.7026 0.0000
vt 0.6673 0.6934 0.0000
vt 0.5588 0.7733 0.0000
vt 0.5648 0.7798 0.0000
vt 0.6592 0.6591 0.0000
vt 0.6250 0.6640 0.0000
vt 0.6295 0.6544 0.0000
vt 0.6485 0.6573 0.0000
vt 0.8077 0.3644 0.0000
vt 0.8245 0.3616 0.0000
vt 0.8041 0.3518 0.0000
vt 0.8230 0.3549 0.0000
vt 0.8139 0.5489 0.0000
vt 0.5168 0.7897 0.0000
vt 0.7939 0.9540 0.0000
vt 0.7683 0.9549 0.0000
vt 0.7746 0.9389 0.0000
vt 0.7920 0.9406 0.0000
vt 0.5681 0.4632 0.0000
vt 0.5659 0.4755 0.0000
vt 0.5518 0.4736 0.0000
vt 0.5542 0.4662 0.0000
vt 0.5500 0.4161 0.0000
vt 0.5534 0.4320 0.0000
vt 0.5297 0.4381 0.0000
vt 0.5348 0.4256 0.0000
vt 0.5037 0.4823 0.0000
vt 0.4782 0.4902 0.0000
vt 0.4771 0.4672 0.0000
vt 0.5150 0.4568 0.0000
vt 0.3801 0.4431 0.0000
vt 0.3971 0.4444 0.0000
vt 0.3958 0.4525 0.0000
vt 0.3868 0.4541 0.0000
vt 0.5804 0.4468 0.0000
vt 0.5552 0.4446 0.0000
vt 0.5843 0.4266 0.0000
vt 0.5129 0.4398 0.0000
vt 0.5245 0.4330 0.0000
vt 0.5330 0.4579 0.0000
vt 0.4223 0.4550 0.0000
vt 0.4321 0.4626 0.0000
vt 0.4077 0.4651 0.0000
vt 0.3966 0.4300 0.0000
vt 0.4139 0.4300 0.0000
vt 0.4208 0.4436 0.0000
vt 0.4658 0.4876 0.0000
vt 0.4918 0.4997 0.0000
vt 0.4641 0.4979 0.0000
vt 0.4592 0.4576 0.0000
vt 0.4528 0.4638 0.0000
vt 0.4448 0.4604 0.0000
vt 0.4448 0.4499 0.0000
vt 0.5070 0.4932 0.0000
vt 0.3904 0.4331 0.0000
vt 0.9751 0.6085 0.0000
vt 0.9925 0.6045 0.0000
vt 0.9913 0.6223 0.0000
vt 0.9737 0.6180 0.0000
vt 0.4372 0.4562 0.0000
vt 0.4345 0.4445 0.0000
vt 0.7585 0.9531 0.0000
vt 0.7542 0.9387 0.0000
vt 0.4516 0.4451 0.0000
vt 0.4413 0.4382 0.0000
vt 0.5739 0.4113 0.0000
vt 0.4599 0.4749 0.0000
vt 0.5417 0.4492 0.0000
vt 0.5028 0.4330 0.0000
vt 0.4857 0.4464 0.0000
vt 0.4896 0.4354 0.0000
vt 0.5896 0.4050 0.0000
vt 0.5971 0.4174 0.0000
vt 0.9962 0.6945 0.0000
vt 0.9737 0.6943 0.0000
vt 0.9824 0.6794 0.0000
vt 0.9948 0.6850 0.0000
vt 0.5129 0.4974 0.0000
vt 0.5241 0.4881 0.0000
vt 0.5298 0.4991 0.0000
vt 0.5351 0.4729 0.0000
vt 0.9845 0.7363 0.0000
vt 0.9709 0.7426 0.0000
vt 0.9687 0.7311 0.0000
vt 0.9832 0.7193 0.0000
vt 0.5787 0.4693 0.0000
vt 0.5059 0.4300 0.0000
vt 0.4334 0.4371 0.0000
vt 0.6041 0.4438 0.0000
vt 0.6028 0.4701 0.0000
vt 0.5948 0.0739 0.0000
vt 0.6137 0.0944 0.0000
vt 0.5834 0.0971 0.0000
vt 0.5725 0.0769 0.0000
vt 0.9773 0.2536 0.0000
vt 0.9697 0.2426 0.0000
vt 0.9719 0.2235 0.0000
vt 0.9795 0.2312 0.0000
vt 0.5500 0.0988 0.0000
vt 0.5598 0.0708 0.0000
vt 0.8889 0.2224 0.0000
vt 0.8983 0.2042 0.0000
vt 0.9060 0.2032 0.0000
vt 0.8963 0.2412 0.0000
vt 0.2356 0.5867 0.0000
vt 0.2497 0.5759 0.0000
vt 0.2506 0.5909 0.0000
vt 0.2460 0.6036 0.0000
vt 0.5369 0.1245 0.0000
vt 0.5414 0.0925 0.0000
vt 0.5478 0.1275 0.0000
vt 0.9175 0.2414 0.0000
vt 0.9299 0.2555 0.0000
vt 0.9065 0.2587 0.0000
vt 0.9242 0.1955 0.0000
vt 0.9328 0.2018 0.0000
vt 0.9242 0.2062 0.0000
vt 0.2408 0.5526 0.0000
vt 0.2497 0.5297 0.0000
vt 0.2618 0.5468 0.0000
vt 0.6109 0.0713 0.0000
vt 0.6214 0.0803 0.0000
vt 0.9516 0.2449 0.0000
vt 0.9351 0.2307 0.0000
vt 0.9437 0.2124 0.0000
vt 0.7688 0.4312 0.0000
vt 0.7639 0.4433 0.0000
vt 0.7542 0.4245 0.0000
vt 0.7575 0.4070 0.0000
vt 0.2354 0.5658 0.0000
vt 0.9686 0.2612 0.0000
vt 0.9674 0.2700 0.0000
vt 0.9466 0.2053 0.0000
vt 0.9696 0.2080 0.0000
vt 0.6175 0.1107 0.0000
vt 0.5968 0.1204 0.0000
vt 0.2529 0.6098 0.0000
vt 0.2442 0.6160 0.0000
vt 0.9172 0.7681 0.0000
vt 0.9038 0.7802 0.0000
vt 0.9080 0.7613 0.0000
vt 0.9210 0.7457 0.0000
vt 0.7672 0.4615 0.0000
vt 0.7737 0.4458 0.0000
vt 0.5950 0.1272 0.0000
vt 0.5846 0.1388 0.0000
vt 0.8002 0.5062 0.0000
vt 0.7505 0.4948 0.0000
vt 0.7890 0.4950 0.0000
vt 0.8033 0.5017 0.0000
vt 0.6101 0.1270 0.0000
vt 0.7620 0.4070 0.0000
vt 0.7678 0.4135 0.0000
vt 0.7687 0.3951 0.0000
vt 0.7741 0.4091 0.0000
vt 0.9254 0.7381 0.0000
vt 0.9180 0.7292 0.0000
vt 0.9843 0.2191 0.0000
vt 0.7392 0.5011 0.0000
vt 0.7767 0.5142 0.0000
vt 0.2616 0.5840 0.0000
vt 0.5347 0.0709 0.0000
vt 0.2995 0.7874 0.0000
vt 0.2957 0.7970 0.0000
vt 0.2664 0.7843 0.0000
vt 0.2821 0.7791 0.0000
vt 0.0995 0.7894 0.0000
vt 0.1128 0.7855 0.0000
vt 0.1203 0.7936 0.0000
vt 0.1084 0.7928 0.0000
vt 0.5607 0.8474 0.0000
vt 0.5451 0.8592 0.0000
vt 0.5401 0.8258 0.0000
vt 0.5527 0.8244 0.0000
vt 0.1761 0.6325 0.0000
vt 0.1695 0.6471 0.0000
vt 0.1547 0.6398 0.0000
vt 0.1617 0.6078 0.0000
vt 0.9616 0.8922 0.0000
vt 0.9773 0.8889 0.0000
vt 0.9781 0.8952 0.0000
vt 0.9682 0.8982 0.0000
vt 0.7661 0.9152 0.0000
vt 0.7766 0.9241 0.0000
vt 0.7684 0.9313 0.0000
vt 0.7563 0.9320 0.0000
vt 0.1491 0.5917 0.0000
vt 0.1532 0.5734 0.0000
vt 0.1763 0.5809 0.0000
vt 0.1656 0.7911 0.0000
vt 0.1449 0.7825 0.0000
vt 0.1415 0.7744 0.0000
vt 0.1660 0.7810 0.0000
vt 0.5288 0.8448 0.0000
vt 0.5230 0.8224 0.0000
vt 0.5434 0.8041 0.0000
vt 0.9613 0.9032 0.0000
vt 0.9487 0.9021 0.0000
vt 0.0978 0.7761 0.0000
vt 0.1136 0.7741 0.0000
vt 0.1201 0.7778 0.0000
vt 0.1811 0.6152 0.0000
vt 0.5597 0.8075 0.0000
vt 0.1518 0.5597 0.0000
vt 0.1712 0.5630 0.0000
vt 0.1415 0.5717 0.0000
vt 0.1321 0.7847 0.0000
vt 0.1316 0.7946 0.0000
vt 0.2755 0.8121 0.0000
vt 0.2524 0.7992 0.0000
vt 0.0858 0.7794 0.0000
vt 0.2284 0.7890 0.0000
vt 0.2484 0.7800 0.0000
vt 0.9761 0.9053 0.0000
vt 0.5098 0.8416 0.0000
vt 0.5304 0.8635 0.0000
vt 0.5098 0.8521 0.0000
vt 0.1179 0.7692 0.0000
vt 0.1821 0.6344 0.0000
vt 0.2446 0.7993 0.0000
vt 0.2255 0.8024 0.0000
vt 0.7429 0.9087 0.0000
vt 0.7393 0.9350 0.0000
vt 0.7392 0.9170 0.0000
vt 0.2510 0.8121 0.0000
vt 0.1854 0.5817 0.0000
vt 0.1942 0.5908 0.0000
vt 0.2012 0.5647 0.0000
vt 0.2070 0.5835 0.0000
vt 0.7673 0.8939 0.0000
vt 0.7767 0.8975 0.0000
vt 0.1407 0.5874 0.0000
vt 0.5137 0.8299 0.0000
vt 0.1907 0.5667 0.0000
vt 0.1580 0.7974 0.0000
vt 0.1411 0.6154 0.0000
vt 0.2036 0.7444 0.0000
vt 0.1905 0.7099 0.0000
vt 0.2313 0.7214 0.0000
vt 0.2370 0.7411 0.0000
vt 0.2060 0.9858 0.0000
vt 0.1859 0.9517 0.0000
vt 0.1963 0.9335 0.0000
vt 0.2072 0.9504 0.0000
vt 0.2744 0.7172 0.0000
vt 0.2697 0.7449 0.0000
vt 0.2530 0.8311 0.0000
vt 0.2286 0.8323 0.0000
vt 0.2255 0.8191 0.0000
vt 0.2807 0.8190 0.0000
vt 0.3462 0.2556 0.0000
vt 0.3617 0.2308 0.0000
vt 0.3648 0.2507 0.0000
vt 0.3582 0.2725 0.0000
vt 0.4147 0.0545 0.0000
vt 0.3851 0.0496 0.0000
vt 0.4086 0.0359 0.0000
vt 0.4304 0.0459 0.0000
vt 0.1273 0.9629 0.0000
vt 0.1406 0.9908 0.0000
vt 0.1151 0.9882 0.0000
vt 0.1008 0.9675 0.0000
vt 0.1453 0.9038 0.0000
vt 0.1602 0.9175 0.0000
vt 0.1432 0.9291 0.0000
vt 0.1173 0.9122 0.0000
vt 0.4217 0.8767 0.0000
vt 0.4146 0.8637 0.0000
vt 0.4514 0.8566 0.0000
vt 0.4632 0.8695 0.0000
vt 0.3558 0.2909 0.0000
vt 0.3442 0.2856 0.0000
vt 0.1756 0.9917 0.0000
vt 0.1495 0.9560 0.0000
vt 0.1596 0.9389 0.0000
vt 0.2629 0.8411 0.0000
vt 0.3014 0.8208 0.0000
vt 0.3402 0.2293 0.0000
vt 0.3481 0.2005 0.0000
vt 0.3957 0.0648 0.0000
vt 0.4506 0.0729 0.0000
vt 0.4156 0.0720 0.0000
vt 0.3826 0.2272 0.0000
vt 0.3760 0.2365 0.0000
vt 0.3733 0.2107 0.0000
vt 0.3797 0.2006 0.0000
vt 0.1935 0.6928 0.0000
vt 0.2337 0.6852 0.0000
vt 0.1955 0.9929 0.0000
vt 0.2736 0.6794 0.0000
vt 0.3699 0.2791 0.0000
vt 0.4257 0.8514 0.0000
vt 0.3944 0.8609 0.0000
vt 0.3901 0.8490 0.0000
vt 0.2470 0.8443 0.0000
vt 0.1700 0.9256 0.0000
vt 0.2438 0.6731 0.0000
vt 0.2529 0.6644 0.0000
vt 0.4761 0.0653 0.0000
vt 0.4559 0.0435 0.0000
vt 0.4828 0.0572 0.0000
vt 0.2916 0.8540 0.0000
vt 0.2874 0.8415 0.0000
vt 0.3073 0.8534 0.0000
vt 0.3058 0.8289 0.0000
vt 0.3196 0.8425 0.0000
vt 0.3851 0.0604 0.0000
vt 0.4435 0.8492 0.0000
vt 0.3959 0.8752 0.0000
vt 0.8242 0.8712 0.0000
vt 0.8363 0.8746 0.0000
vt 0.8045 0.8746 0.0000
vt 0.8070 0.8683 0.0000
vt 0.7686 0.7514 0.0000
vt 0.7600 0.7588 0.0000
vt 0.7535 0.7532 0.0000
vt 0.7593 0.7492 0.0000
vt 0.8301 0.7891 0.0000
vt 0.8379 0.8006 0.0000
vt 0.8231 0.8042 0.0000
vt 0.8271 0.7959 0.0000
vt 0.7444 0.8073 0.0000
vt 0.7385 0.8039 0.0000
vt 0.7395 0.7984 0.0000
vt 0.7632 0.8048 0.0000
vt 0.8173 0.8612 0.0000
vt 0.8289 0.8623 0.0000
vt 0.8389 0.8674 0.0000
vt 0.8556 0.8059 0.0000
vt 0.8417 0.8060 0.0000
vt 0.8612 0.7950 0.0000
vt 0.7658 0.7898 0.0000
vt 0.7778 0.7792 0.0000
vt 0.7794 0.7976 0.0000
vt 0.7342 0.7832 0.0000
vt 0.7442 0.7735 0.0000
vt 0.7499 0.7824 0.0000
vt 0.8311 0.8081 0.0000
vt 0.8240 0.8093 0.0000
vt 0.8140 0.8052 0.0000
vt 0.8483 0.8698 0.0000
vt 0.7691 0.7666 0.0000
vt 0.7628 0.7774 0.0000
vt 0.7554 0.7727 0.0000
vt 0.0192 0.7409 0.0000
vt 0.0247 0.7352 0.0000
vt 0.0307 0.7550 0.0000
vt 0.0266 0.7708 0.0000
vt 0.8041 0.8589 0.0000
vt 0.7722 0.7545 0.0000
vt 0.7796 0.7565 0.0000
vt 0.7496 0.7675 0.0000
vt 0.7480 0.7588 0.0000
vt 0.5581 0.9226 0.0000
vt 0.5554 0.8969 0.0000
vt 0.5696 0.8853 0.0000
vt 0.5689 0.9184 0.0000
vt 0.5424 0.8696 0.0000
vt 0.5678 0.8689 0.0000
vt 0.8445 0.8620 0.0000
vt 0.8353 0.8116 0.0000
vt 0.8446 0.8116 0.0000
vt 0.0245 0.7292 0.0000
vt 0.0165 0.7319 0.0000
vt 0.5258 0.9087 0.0000
vt 0.5247 0.8978 0.0000
vt 0.7561 0.8095 0.0000
vt 0.7956 0.8268 0.0000
vt 0.7628 0.8226 0.0000
vt 0.7481 0.8163 0.0000
vt 0.5309 0.9204 0.0000
vt 0.0191 0.7746 0.0000
vt 0.0160 0.7667 0.0000
vt 0.7531 0.8255 0.0000
vt 0.7442 0.8206 0.0000
vt 0.8482 0.8125 0.0000
vt 0.8295 0.8120 0.0000
vt 0.7972 0.8158 0.0000
vt 0.7745 0.8041 0.0000
vt 0.7380 0.7718 0.0000
vt 0.3268 0.4281 0.0000
vt 0.3314 0.4538 0.0000
vt 0.2968 0.4455 0.0000
vt 0.3057 0.4203 0.0000
vt 0.7888 0.2256 0.0000
vt 0.7745 0.2288 0.0000
vt 0.7700 0.2155 0.0000
vt 0.7808 0.2171 0.0000
vt 0.2785 0.4375 0.0000
vt 0.2969 0.4100 0.0000
vt 0.3447 0.4307 0.0000
vt 0.3401 0.4111 0.0000
vt 0.3475 0.4100 0.0000
vt 0.3587 0.4473 0.0000
vt 0.3193 0.4120 0.0000
vt 0.3309 0.4212 0.0000
vt 0.3384 0.4326 0.0000
vt 0.2654 0.4466 0.0000
vt 0.2655 0.4250 0.0000
vt 0.2691 0.4612 0.0000
vt 0.7672 0.2639 0.0000
vt 0.7850 0.2574 0.0000
vt 0.7810 0.2885 0.0000
vt 0.7542 0.2847 0.0000
vt 0.7317 0.2336 0.0000
vt 0.7457 0.2396 0.0000
vt 0.7462 0.2525 0.0000
vt 0.7292 0.2532 0.0000
vt 0.8574 0.5339 0.0000
vt 0.8546 0.5502 0.0000
vt 0.8453 0.5359 0.0000
vt 0.8523 0.5198 0.0000
vt 0.3434 0.4455 0.0000
vt 0.7850 0.2433 0.0000
vt 0.7706 0.2486 0.0000
vt 0.7651 0.2405 0.0000
vt 0.3483 0.4493 0.0000
vt 0.3551 0.4724 0.0000
vt 0.7984 0.2426 0.0000
vt 0.8017 0.2399 0.0000
vt 0.7563 0.2295 0.0000
vt 0.7611 0.2179 0.0000
vt 0.3268 0.4825 0.0000
vt 0.2972 0.4795 0.0000
vt 0.8336 0.5806 0.0000
vt 0.8290 0.5694 0.0000
vt 0.8364 0.5529 0.0000
vt 0.8407 0.5638 0.0000
vt 0.7574 0.9763 0.0000
vt 0.7442 0.9735 0.0000
vt 0.7626 0.9687 0.0000
vt 0.7700 0.9764 0.0000
vt 0.8416 0.5526 0.0000
vt 0.8571 0.5665 0.0000
vt 0.3374 0.4669 0.0000
vt 0.2907 0.4861 0.0000
vt 0.2774 0.4914 0.0000
vt 0.8021 0.2550 0.0000
vt 0.8024 0.2863 0.0000
vt 0.7822 0.2936 0.0000
vt 0.3064 0.4970 0.0000
vt 0.3513 0.4760 0.0000
vt 0.3468 0.4738 0.0000
vt 0.3418 0.4899 0.0000
vt 0.3352 0.4769 0.0000
vt 0.8467 0.5821 0.0000
vt 0.8421 0.5424 0.0000
vt 0.7403 0.2216 0.0000
vt 0.2785 0.4150 0.0000
vt 0.3951 0.8188 0.0000
vt 0.4175 0.8140 0.0000
vt 0.4150 0.8250 0.0000
vt 0.4018 0.8276 0.0000
vt 0.6873 0.5910 0.0000
vt 0.6794 0.6067 0.0000
vt 0.6688 0.6010 0.0000
vt 0.6747 0.5912 0.0000
vt 0.4175 0.8354 0.0000
vt 0.3972 0.8331 0.0000
vt 0.8371 0.3806 0.0000
vt 0.8365 0.4033 0.0000
vt 0.8240 0.3989 0.0000
vt 0.8291 0.3653 0.0000
vt 0.9619 0.8555 0.0000
vt 0.9742 0.8569 0.0000
vt 0.9764 0.8661 0.0000
vt 0.9693 0.8674 0.0000
vt 0.4400 0.8417 0.0000
vt 0.4186 0.8420 0.0000
vt 0.4439 0.8360 0.0000
vt 0.7828 0.5716 0.0000
vt 0.7876 0.5838 0.0000
vt 0.7773 0.5834 0.0000
vt 0.7749 0.5680 0.0000
vt 0.7857 0.5200 0.0000
vt 0.7911 0.5361 0.0000
vt 0.7869 0.5480 0.0000
vt 0.7787 0.5346 0.0000
vt 0.6579 0.5747 0.0000
vt 0.6678 0.5785 0.0000
vt 0.6616 0.5969 0.0000
vt 0.6494 0.5919 0.0000
vt 0.8366 0.4125 0.0000
vt 0.8514 0.3939 0.0000
vt 0.8502 0.4158 0.0000
vt 0.7942 0.5701 0.0000
vt 0.7893 0.5658 0.0000
vt 0.7918 0.5547 0.0000
vt 0.7980 0.5538 0.0000
vt 0.8510 0.3799 0.0000
vt 0.8432 0.3502 0.0000
vt 0.9587 0.8412 0.0000
vt 0.9650 0.8390 0.0000
vt 0.6937 0.5996 0.0000
vt 0.7008 0.5837 0.0000
vt 0.7085 0.6175 0.0000
vt 0.6944 0.6147 0.0000
vt 0.7944 0.5450 0.0000
vt 0.7976 0.5336 0.0000
vt 0.8006 0.5421 0.0000
vt 0.8676 0.3752 0.0000
vt 0.8672 0.3953 0.0000
vt 0.4354 0.8225 0.0000
vt 0.7796 0.5210 0.0000
vt 0.7741 0.5297 0.0000
vt 0.6814 0.5746 0.0000
vt 0.6684 0.6136 0.0000
vt 0.6776 0.6174 0.0000
vt 0.4490 0.8232 0.0000
vt 0.4551 0.8297 0.0000
vt 0.7119 0.6093 0.0000
vt 0.7070 0.5751 0.0000
vt 0.7165 0.5796 0.0000
vt 0.7137 0.5986 0.0000
vt 0.8576 0.3644 0.0000
vt 0.8744 0.3616 0.0000
vt 0.8539 0.3518 0.0000
vt 0.8729 0.3549 0.0000
vt 0.7908 0.5198 0.0000
vt 0.4071 0.8396 0.0000
vt 0.6511 0.1308 0.0000
vt 0.6322 0.1102 0.0000
vt 0.6625 0.1075 0.0000
vt 0.6734 0.1277 0.0000
vt 0.2940 0.9070 0.0000
vt 0.2864 0.8960 0.0000
vt 0.2886 0.8769 0.0000
vt 0.2961 0.8847 0.0000
vt 0.6959 0.1059 0.0000
vt 0.6861 0.1338 0.0000
vt 0.2055 0.8758 0.0000
vt 0.2150 0.8577 0.0000
vt 0.2226 0.8566 0.0000
vt 0.2130 0.8947 0.0000
vt 0.8411 0.1769 0.0000
vt 0.8302 0.1627 0.0000
vt 0.8453 0.1618 0.0000
vt 0.8580 0.1664 0.0000
vt 0.7091 0.0802 0.0000
vt 0.7046 0.1122 0.0000
vt 0.6982 0.0772 0.0000
vt 0.2341 0.8948 0.0000
vt 0.2466 0.9089 0.0000
vt 0.2231 0.9121 0.0000
vt 0.2408 0.8490 0.0000
vt 0.2495 0.8552 0.0000
vt 0.2409 0.8596 0.0000
vt 0.8070 0.1716 0.0000
vt 0.7841 0.1627 0.0000
vt 0.8012 0.1506 0.0000
vt 0.6350 0.1333 0.0000
vt 0.6245 0.1243 0.0000
vt 0.2682 0.8983 0.0000
vt 0.2518 0.8841 0.0000
vt 0.2604 0.8658 0.0000
vt 0.5500 0.7589 0.0000
vt 0.5379 0.7539 0.0000
vt 0.5567 0.7442 0.0000
vt 0.5742 0.7476 0.0000
vt 0.8201 0.1770 0.0000
vt 0.2853 0.9146 0.0000
vt 0.2841 0.9235 0.0000
vt 0.2633 0.8587 0.0000
vt 0.2862 0.8614 0.0000
vt 0.6285 0.0940 0.0000
vt 0.6492 0.0843 0.0000
vt 0.8642 0.1596 0.0000
vt 0.8704 0.1682 0.0000
vt 0.9023 0.7681 0.0000
vt 0.8889 0.7802 0.0000
vt 0.8931 0.7613 0.0000
vt 0.9060 0.7457 0.0000
vt 0.5198 0.7573 0.0000
vt 0.5354 0.7637 0.0000
vt 0.6509 0.0775 0.0000
vt 0.6614 0.0658 0.0000
vt 0.8720 0.4361 0.0000
vt 0.8833 0.3864 0.0000
vt 0.8832 0.4249 0.0000
vt 0.8764 0.4392 0.0000
vt 0.6358 0.0777 0.0000
vt 0.5742 0.7520 0.0000
vt 0.5677 0.7578 0.0000
vt 0.5862 0.7588 0.0000
vt 0.5721 0.7641 0.0000
vt 0.9104 0.7381 0.0000
vt 0.9031 0.7292 0.0000
vt 0.3009 0.8725 0.0000
vt 0.8770 0.3751 0.0000
vt 0.8639 0.4126 0.0000
vt 0.8384 0.1509 0.0000
vt 0.7112 0.1337 0.0000
vt 0.6278 0.2554 0.0000
vt 0.6374 0.2592 0.0000
vt 0.6247 0.2885 0.0000
vt 0.6195 0.2729 0.0000
vt 0.4280 0.2641 0.0000
vt 0.4319 0.2774 0.0000
vt 0.4239 0.2849 0.0000
vt 0.4247 0.2730 0.0000
vt 0.5597 0.7903 0.0000
vt 0.5752 0.7784 0.0000
vt 0.5802 0.8118 0.0000
vt 0.5676 0.8132 0.0000
vt 0.1416 0.6740 0.0000
vt 0.1482 0.6594 0.0000
vt 0.1630 0.6667 0.0000
vt 0.1560 0.6987 0.0000
vt 0.7822 0.0139 0.0000
vt 0.7856 0.0295 0.0000
vt 0.7792 0.0304 0.0000
vt 0.7762 0.0204 0.0000
vt 0.7997 0.9036 0.0000
vt 0.7892 0.8948 0.0000
vt 0.7975 0.8876 0.0000
vt 0.8096 0.8868 0.0000
vt 0.1686 0.7148 0.0000
vt 0.1645 0.7331 0.0000
vt 0.1414 0.7256 0.0000
vt 0.4263 0.3303 0.0000
vt 0.4349 0.3095 0.0000
vt 0.4431 0.3061 0.0000
vt 0.4364 0.3306 0.0000
vt 0.5915 0.7928 0.0000
vt 0.5973 0.8152 0.0000
vt 0.5770 0.8336 0.0000
vt 0.7713 0.0136 0.0000
vt 0.7724 0.0010 0.0000
vt 0.4413 0.2624 0.0000
vt 0.4433 0.2782 0.0000
vt 0.4396 0.2847 0.0000
vt 0.1366 0.6913 0.0000
vt 0.5606 0.8301 0.0000
vt 0.1659 0.7468 0.0000
vt 0.1465 0.7435 0.0000
vt 0.1762 0.7348 0.0000
vt 0.4327 0.2967 0.0000
vt 0.4228 0.2962 0.0000
vt 0.6525 0.2795 0.0000
vt 0.6396 0.3025 0.0000
vt 0.4381 0.2504 0.0000
vt 0.6294 0.3265 0.0000
vt 0.6204 0.3065 0.0000
vt 0.7692 0.0284 0.0000
vt 0.6105 0.7961 0.0000
vt 0.5899 0.7741 0.0000
vt 0.6105 0.7856 0.0000
vt 0.4483 0.2825 0.0000
vt 0.1356 0.6721 0.0000
vt 0.6396 0.3103 0.0000
vt 0.6428 0.3295 0.0000
vt 0.8229 0.9101 0.0000
vt 0.8265 0.8839 0.0000
vt 0.8266 0.9018 0.0000
vt 0.6525 0.3039 0.0000
vt 0.1323 0.7248 0.0000
vt 0.1235 0.7157 0.0000
vt 0.1165 0.7418 0.0000
vt 0.1107 0.7229 0.0000
vt 0.7986 0.9250 0.0000
vt 0.7891 0.9213 0.0000
vt 0.1770 0.7191 0.0000
vt 0.6066 0.8077 0.0000
vt 0.1270 0.7398 0.0000
vt 0.4200 0.3226 0.0000
vt 0.1766 0.6911 0.0000
# 3645 texture coords

o Box001
g Box001
usemtl wire_086086086
s 2
f 1/1/1 2/2/1 3/3/1 
f 3/3/1 4/4/1 1/1/1 
s 8
f 1/5/2 4/6/2 5/7/2 
f 5/7/2 6/8/2 1/5/2 
s 16
f 4/9/3 3/10/3 7/11/3 
f 7/11/3 5/12/3 4/9/3 
s 32
f 3/13/4 2/14/4 8/15/4 
f 8/15/4 7/16/4 3/13/4 
s 64
f 2/17/5 1/18/5 6/19/5 
f 6/19/5 8/20/5 2/17/5 
s off
f 5/7/6 9/21/6 10/22/6 
f 10/22/6 6/8/6 5/7/6 
f 7/11/7 11/23/7 9/24/7 
f 9/24/7 5/12/7 7/11/7 
f 7/16/8 8/15/8 12/25/8 
f 12/25/8 11/26/8 7/16/8 
f 6/19/9 10/27/9 12/28/9 
f 12/28/9 8/20/9 6/19/9 
f 13/29/10 14/30/10 15/31/10 
f 15/31/10 16/32/10 13/29/10 
f 17/33/11 18/34/11 14/35/11 
f 14/35/11 13/36/11 17/33/11 
f 17/37/12 19/38/12 20/39/12 
f 20/39/12 18/40/12 17/37/12 
f 16/41/13 15/42/13 20/43/13 
f 20/43/13 19/44/13 16/41/13 
f 21/45/14 22/46/14 23/47/14 
f 23/47/14 24/48/14 21/45/14 
f 22/49/15 25/50/15 26/51/15 
f 26/51/15 23/52/15 22/49/15 
f 25/53/16 27/54/16 28/55/16 
f 28/55/16 26/56/16 25/53/16 
f 27/57/17 21/58/17 24/59/17 
f 24/59/17 28/60/17 27/57/17 
f 24/48/18 23/47/18 29/61/18 
f 29/61/18 30/62/18 24/48/18 
f 23/52/19 26/51/19 31/63/19 
f 31/63/19 29/64/19 23/52/19 
f 26/56/20 28/55/20 32/65/20 
f 32/65/20 31/66/20 26/56/20 
f 28/60/21 24/59/21 30/67/21 
f 30/67/21 32/68/21 28/60/21 
s 1
f 31/69/22 32/70/22 30/71/22 
f 30/71/22 29/72/22 31/69/22 
s off
f 14/30/23 22/46/23 21/45/23 
f 21/45/23 15/31/23 14/30/23 
f 27/54/24 25/53/24 18/40/24 
f 18/40/24 20/39/24 27/54/24 
f 21/58/25 27/57/25 20/43/25 
f 20/43/25 15/42/25 21/58/25 
f 25/73/26 22/74/26 33/75/26 
f 33/75/26 34/76/26 25/73/26 
f 22/46/27 14/30/27 35/77/27 
f 35/77/27 33/78/27 22/46/27 
f 25/53/28 34/79/28 36/80/28 
f 36/80/28 18/40/28 25/53/28 
f 18/81/29 36/82/29 35/83/29 
f 35/83/29 14/84/29 18/81/29 
f 37/85/30 38/86/30 39/87/30 
f 39/87/30 40/88/30 37/85/30 
f 38/89/31 41/90/31 42/91/31 
f 42/91/31 39/92/31 38/89/31 
f 43/93/32 37/94/32 40/95/32 
f 40/95/32 44/96/32 43/93/32 
f 41/97/33 43/98/33 44/99/33 
f 44/99/33 42/100/33 41/97/33 
s 4
f 42/100/34 44/99/34 40/101/34 
f 40/101/34 39/102/34 42/100/34 
s off
f 9/21/35 13/29/35 16/32/35 
f 16/32/35 10/22/35 9/21/35 
f 17/33/36 13/36/36 9/24/36 
f 9/24/36 11/23/36 17/33/36 
f 19/38/37 17/37/37 11/26/37 
f 11/26/37 12/25/37 19/38/37 
f 16/103/38 19/104/38 45/105/38 
f 45/105/38 46/106/38 16/103/38 
f 19/38/39 12/25/39 47/107/39 
f 47/107/39 45/108/39 19/38/39 
f 16/32/40 46/109/40 48/110/40 
f 48/110/40 10/22/40 16/32/40 
f 12/28/41 10/27/41 48/111/41 
f 48/111/41 47/112/41 12/28/41 
f 49/113/42 50/114/42 51/115/42 
f 51/115/42 52/116/42 49/113/42 
f 50/117/43 53/118/43 54/119/43 
f 54/119/43 51/120/43 50/117/43 
f 55/121/44 49/122/44 52/123/44 
f 52/123/44 56/124/44 55/121/44 
f 53/125/45 55/126/45 56/127/45 
f 56/127/45 54/128/45 53/125/45 
f 50/114/46 49/113/46 46/129/46 
f 46/129/46 45/130/46 50/114/46 
f 47/107/47 53/118/47 50/117/47 
f 50/117/47 45/108/47 47/107/47 
f 46/109/48 49/122/48 55/121/48 
f 55/121/48 48/110/48 46/109/48 
f 55/126/49 53/125/49 47/112/49 
f 47/112/49 48/111/49 55/126/49 
f 38/86/50 37/85/50 34/76/50 
f 34/76/50 33/75/50 38/86/50 
f 41/90/51 38/89/51 33/78/51 
f 33/78/51 35/77/51 41/90/51 
f 34/79/52 37/94/52 43/93/52 
f 43/93/52 36/80/52 34/79/52 
f 36/131/53 43/98/53 41/97/53 
f 41/97/53 35/132/53 36/131/53 
s 2
f 57/133/54 58/134/55 59/135/56 
f 59/135/56 60/136/57 57/133/54 
s 4
f 61/137/58 62/138/59 63/139/60 
f 63/139/60 64/140/61 61/137/58 
s 8
f 59/135/62 65/141/63 66/142/64 
f 66/142/64 60/136/65 59/135/62 
s 32
f 67/143/66 68/144/67 69/145/68 
f 69/145/68 70/146/69 67/143/66 
s 64
f 57/133/70 71/147/71 72/148/72 
f 72/148/72 73/149/73 57/133/70 
s 8
f 74/150/74 75/151/75 65/152/63 
f 65/152/63 76/153/76 74/150/74 
s 16
f 77/154/77 78/155/78 79/156/79 
f 79/156/79 70/157/80 77/154/77 
s 32
f 72/158/81 80/159/82 81/160/83 
f 81/160/83 69/161/68 72/158/81 
s 64
f 66/162/84 82/163/85 83/164/86 
f 83/164/86 71/165/71 66/162/84 
s 2
f 73/149/87 68/144/88 58/134/55 
f 58/134/55 57/133/54 73/149/87 
s 4
f 84/166/89 85/167/90 86/168/91 
f 86/168/91 62/138/59 84/166/89 
s 16
f 87/169/92 67/170/92 70/171/80 
f 70/171/80 79/172/79 87/169/92 
s 64
f 60/136/93 66/142/84 71/147/71 
f 71/147/71 57/133/70 60/136/93 
s 16
f 88/173/94 74/150/95 78/155/78 
f 78/155/78 84/166/96 88/173/94 
s 64
f 89/174/97 80/159/98 83/164/86 
f 83/164/86 63/175/99 89/174/97 
s 2
f 87/176/100 90/177/101 59/135/56 
f 59/135/56 58/134/55 87/176/100 
s 4
f 88/173/102 84/166/89 62/138/59 
f 62/138/59 61/137/58 88/173/102 
s 8
f 90/177/103 76/178/76 65/141/63 
f 65/141/63 59/135/62 90/177/103 
s 32
f 73/149/104 72/148/81 69/145/68 
f 69/145/68 68/144/67 73/149/104 
s 8
f 64/140/105 82/179/106 75/151/75 
f 75/151/75 61/137/107 64/140/105 
s 32
f 85/167/108 77/154/109 81/180/83 
f 81/180/83 86/168/110 85/167/108 
s 2
f 68/144/88 67/143/111 87/176/100 
f 87/176/100 58/134/55 68/144/88 
s 4
f 89/181/112 63/139/60 62/138/59 
f 62/138/59 86/168/91 89/181/112 
s off
f 76/178/113 90/177/113 91/182/113 
f 91/182/113 92/183/113 76/178/113 
f 79/156/114 76/153/114 92/184/114 
f 92/184/114 93/185/114 79/156/114 
f 90/177/115 87/176/115 94/186/115 
f 94/186/115 91/182/115 90/177/115 
f 87/169/116 79/172/116 93/187/116 
f 93/187/116 94/188/116 87/169/116 
s 1
f 92/189/117 91/190/117 94/191/117 
f 94/191/117 93/192/117 92/189/117 
s 8
f 88/173/118 61/137/107 75/151/75 
f 75/151/75 74/150/74 88/173/118 
s 16
f 85/167/119 84/166/96 78/155/78 
f 78/155/78 77/154/77 85/167/119 
s 32
f 89/174/120 86/193/110 81/160/83 
f 81/160/83 80/159/82 89/174/120 
s 64
f 82/163/85 64/194/121 63/175/99 
f 63/175/99 83/164/86 82/163/85 
s 16
f 74/150/95 76/153/122 79/156/79 
f 79/156/79 78/155/78 74/150/95 
s 64
f 80/159/98 72/158/72 71/165/71 
f 71/165/71 83/164/86 80/159/98 
s 8
f 82/195/106 66/142/64 65/141/63 
f 65/141/63 75/196/75 82/195/106 
s 32
f 70/197/69 69/161/68 81/160/83 
f 81/160/83 77/198/109 70/197/69 
s 2
f 95/199/123 96/200/124 97/201/125 
f 97/201/125 98/202/126 95/199/123 
s 4
f 99/203/127 100/204/128 101/205/129 
f 101/205/129 102/206/130 99/203/127 
s 8
f 97/201/131 103/207/132 104/208/133 
f 104/208/133 98/202/134 97/201/131 
s 32
f 105/209/135 106/210/136 107/211/137 
f 107/211/137 108/212/138 105/209/135 
s 64
f 95/213/139 109/214/140 110/215/141 
f 110/215/141 111/216/142 95/213/139 
s 8
f 112/217/143 113/218/144 103/219/132 
f 103/219/132 114/220/145 112/217/143 
s 16
f 115/221/146 116/222/147 117/223/148 
f 117/223/148 108/224/149 115/221/146 
s 32
f 110/215/150 118/225/151 119/226/152 
f 119/226/152 107/227/137 110/215/150 
s 64
f 104/228/153 120/229/154 121/230/155 
f 121/230/155 109/214/140 104/228/153 
s 2
f 111/231/156 106/232/157 96/200/124 
f 96/200/124 95/199/123 111/231/156 
s 4
f 122/233/158 123/234/159 124/235/160 
f 124/235/160 100/204/128 122/233/158 
s 16
f 125/236/161 105/209/161 108/212/149 
f 108/212/149 117/237/148 125/236/161 
s 64
f 98/238/162 104/228/153 109/214/140 
f 109/214/140 95/213/139 98/238/162 
s 16
f 126/239/163 112/240/164 116/241/147 
f 116/241/147 122/242/165 126/239/163 
s 64
f 127/243/166 118/225/167 121/230/155 
f 121/230/155 101/205/168 127/243/166 
s 2
f 125/244/169 128/245/170 97/201/125 
f 97/201/125 96/200/124 125/244/169 
s 4
f 126/246/171 122/233/158 100/204/128 
f 100/204/128 99/203/127 126/246/171 
s 8
f 128/245/172 114/247/145 103/207/132 
f 103/207/132 97/201/131 128/245/172 
s 32
f 111/216/173 110/215/150 107/227/137 
f 107/227/137 106/248/136 111/216/173 
s 8
f 102/249/174 120/250/175 113/218/144 
f 113/218/144 99/251/176 102/249/174 
s 32
f 123/252/177 115/221/178 119/253/152 
f 119/253/152 124/254/179 123/252/177 
s 2
f 106/232/157 105/255/180 125/244/169 
f 125/244/169 96/200/124 106/232/157 
s 4
f 127/243/181 101/205/129 100/204/128 
f 100/204/128 124/235/160 127/243/181 
s off
f 114/247/182 128/245/182 129/256/182 
f 129/256/182 130/257/182 114/247/182 
f 117/258/183 114/259/183 130/260/183 
f 130/260/183 131/261/183 117/258/183 
f 128/245/184 125/244/184 132/262/184 
f 132/262/184 129/256/184 128/245/184 
f 125/263/185 117/258/185 131/261/185 
f 131/261/185 132/264/185 125/263/185 
s 1
f 130/260/186 129/265/186 132/264/186 
f 132/264/186 131/261/186 130/260/186 
s 8
f 126/266/187 99/251/176 113/218/144 
f 113/218/144 112/217/143 126/266/187 
s 16
f 123/252/188 122/267/165 116/222/147 
f 116/222/147 115/221/146 123/252/188 
s 32
f 127/243/189 124/235/179 119/226/152 
f 119/226/152 118/225/151 127/243/189 
s 64
f 120/229/154 102/206/190 101/205/168 
f 101/205/168 121/230/155 120/229/154 
s 16
f 112/240/164 114/259/191 117/258/148 
f 117/258/148 116/241/147 112/240/164 
s 64
f 118/225/167 110/215/141 109/214/140 
f 109/214/140 121/230/155 118/225/167 
s 8
f 120/268/175 104/208/133 103/207/132 
f 103/207/132 113/269/144 120/268/175 
s 32
f 108/212/138 107/211/137 119/270/152 
f 119/270/152 115/271/178 108/212/138 
s 2
f 133/272/192 134/273/193 135/274/194 
f 135/274/194 136/275/195 133/272/192 
s 4
f 137/276/196 138/277/197 139/278/198 
f 139/278/198 140/279/199 137/276/196 
s 8
f 135/280/200 141/281/201 142/282/202 
f 142/282/202 136/283/203 135/280/200 
s 32
f 143/284/204 144/285/205 145/286/206 
f 145/286/206 146/287/207 143/284/204 
s 64
f 133/272/208 147/288/209 148/289/210 
f 148/289/210 149/290/211 133/272/208 
s 8
f 150/291/212 151/292/213 141/293/201 
f 141/293/201 152/294/214 150/291/212 
s 16
f 153/295/215 154/296/216 155/297/217 
f 155/297/217 146/298/218 153/295/215 
s 32
f 148/289/219 156/299/220 157/300/221 
f 157/300/221 145/286/206 148/289/219 
s 64
f 142/301/222 158/302/223 159/303/224 
f 159/303/224 147/288/209 142/301/222 
s 2
f 149/290/225 144/285/226 134/273/193 
f 134/273/193 133/272/192 149/290/225 
s 4
f 160/304/227 161/305/228 162/306/229 
f 162/306/229 138/277/197 160/304/227 
s 16
f 163/307/230 143/308/230 146/298/218 
f 146/298/218 155/297/217 163/307/230 
s 64
f 136/275/231 142/301/222 147/288/209 
f 147/288/209 133/272/208 136/275/231 
s 16
f 164/309/232 150/310/233 154/311/216 
f 154/311/216 160/304/234 164/309/232 
s 64
f 165/312/235 156/313/236 159/314/224 
f 159/314/224 139/315/237 165/312/235 
s 2
f 163/316/238 166/317/239 135/274/194 
f 135/274/194 134/273/193 163/316/238 
s 4
f 164/309/240 160/304/227 138/277/197 
f 138/277/197 137/276/196 164/309/240 
s 8
f 166/317/241 152/318/214 141/319/201 
f 141/319/201 135/274/200 166/317/241 
s 32
f 149/290/104 148/289/219 145/286/206 
f 145/286/206 144/285/205 149/290/104 
s 8
f 140/320/242 158/321/243 151/292/213 
f 151/292/213 137/322/244 140/320/242 
s 32
f 161/305/245 153/323/246 157/324/221 
f 157/324/221 162/306/247 161/305/245 
s 2
f 144/285/226 143/284/248 163/316/238 
f 163/316/238 134/273/193 144/285/226 
s 4
f 165/312/249 139/315/198 138/325/197 
f 138/325/197 162/326/229 165/312/249 
s off
f 152/318/250 166/317/250 167/327/250 
f 167/327/250 168/328/250 152/318/250 
f 155/329/251 152/330/251 168/331/251 
f 168/331/251 169/332/251 155/329/251 
f 166/317/252 163/316/252 170/333/252 
f 170/333/252 167/327/252 166/317/252 
f 163/307/253 155/297/253 169/334/253 
f 169/334/253 170/335/253 163/307/253 
s 1
f 168/336/254 167/337/254 170/338/254 
f 170/338/254 169/339/254 168/336/254 
s 8
f 164/340/255 137/322/244 151/292/213 
f 151/292/213 150/291/212 164/340/255 
s 16
f 161/305/256 160/304/234 154/311/216 
f 154/311/216 153/323/215 161/305/256 
s 32
f 165/312/257 162/326/247 157/341/221 
f 157/341/221 156/313/220 165/312/257 
s 64
f 158/342/223 140/343/258 139/315/237 
f 139/315/237 159/314/224 158/342/223 
s 16
f 150/310/233 152/330/259 155/329/217 
f 155/329/217 154/311/216 150/310/233 
s 64
f 156/299/236 148/289/210 147/288/209 
f 147/288/209 159/303/224 156/299/236 
s 8
f 158/344/243 142/282/202 141/281/201 
f 141/281/201 151/345/213 158/344/243 
s 32
f 146/298/207 145/346/206 157/347/221 
f 157/347/221 153/295/246 146/298/207 
s 2
f 171/348/260 172/349/261 173/350/262 
f 173/350/262 174/351/263 171/348/260 
s 4
f 175/352/264 176/353/265 177/354/266 
f 177/354/266 178/355/267 175/352/264 
s 8
f 173/356/268 179/357/269 180/358/270 
f 180/358/270 174/359/271 173/356/268 
s 32
f 181/360/272 182/361/273 183/362/274 
f 183/362/274 184/363/275 181/360/272 
s 64
f 171/364/276 185/365/277 186/366/278 
f 186/366/278 187/367/279 171/364/276 
s 8
f 188/368/280 189/369/281 179/357/269 
f 179/357/269 190/370/282 188/368/280 
s 16
f 191/371/283 192/372/284 193/373/285 
f 193/373/285 184/363/286 191/371/283 
s 32
f 186/366/287 194/374/288 195/375/289 
f 195/375/289 183/376/274 186/366/287 
s 64
f 180/377/290 196/378/291 197/379/292 
f 197/379/292 185/365/277 180/377/290 
s 2
f 187/380/293 182/361/294 172/381/261 
f 172/381/261 171/382/260 187/380/293 
s 4
f 198/383/295 199/384/296 200/385/297 
f 200/385/297 176/386/265 198/383/295 
s 16
f 201/387/298 181/360/298 184/363/286 
f 184/363/286 193/373/285 201/387/298 
s 64
f 174/388/299 180/377/290 185/365/277 
f 185/365/277 171/364/276 174/388/299 
s 16
f 202/389/300 188/390/301 192/391/284 
f 192/391/284 198/392/302 202/389/300 
s 64
f 203/393/303 194/374/304 197/379/292 
f 197/379/292 177/394/305 203/393/303 
s 2
f 201/395/306 204/396/307 173/350/262 
f 173/350/262 172/349/261 201/395/306 
s 4
f 202/397/308 198/383/295 176/386/265 
f 176/386/265 175/398/264 202/397/308 
s 8
f 204/399/309 190/370/282 179/357/269 
f 179/357/269 173/356/268 204/399/309 
s 32
f 187/380/310 186/400/287 183/362/274 
f 183/362/274 182/361/273 187/380/310 
s 8
f 178/355/311 196/401/312 189/369/281 
f 189/369/281 175/352/313 178/355/311 
s 32
f 199/402/314 191/371/315 195/403/289 
f 195/403/289 200/404/316 199/402/314 
s 2
f 182/361/294 181/360/317 201/387/306 
f 201/387/306 172/381/261 182/361/294 
s 4
f 203/393/318 177/394/266 176/386/265 
f 176/386/265 200/385/297 203/393/318 
s off
f 190/370/319 204/399/319 205/405/319 
f 205/405/319 206/406/319 190/370/319 
f 193/407/320 190/408/320 206/409/320 
f 206/409/320 207/410/320 193/407/320 
f 204/411/321 201/387/321 208/412/321 
f 208/412/321 205/413/321 204/411/321 
f 201/387/322 193/373/322 207/414/322 
f 207/414/322 208/412/322 201/387/322 
s 1
f 206/415/323 205/416/323 208/417/323 
f 208/417/323 207/418/323 206/415/323 
s 8
f 202/419/324 175/352/313 189/369/281 
f 189/369/281 188/368/280 202/419/324 
s 16
f 199/402/325 198/420/302 192/372/284 
f 192/372/284 191/371/283 199/402/325 
s 32
f 203/393/326 200/385/316 195/375/289 
f 195/375/289 194/374/288 203/393/326 
s 64
f 196/378/291 178/421/327 177/394/305 
f 177/394/305 197/379/292 196/378/291 
s 16
f 188/368/301 190/370/328 193/422/285 
f 193/422/285 192/423/284 188/368/301 
s 64
f 194/374/304 186/366/278 185/365/277 
f 185/365/277 197/379/292 194/374/304 
s 8
f 196/401/312 180/358/270 179/357/269 
f 179/357/269 189/369/281 196/401/312 
s 32
f 184/363/275 183/362/274 195/403/289 
f 195/403/289 191/371/315 184/363/275 
s 2
f 209/424/329 210/425/330 211/426/331 
f 211/426/331 212/427/332 209/424/329 
s 4
f 213/428/333 214/429/334 215/430/335 
f 215/430/335 216/431/336 213/428/333 
s 8
f 211/426/337 217/432/338 218/433/339 
f 218/433/339 212/427/340 211/426/337 
s 32
f 219/434/341 220/435/342 221/436/343 
f 221/436/343 222/437/344 219/434/341 
s 64
f 209/438/345 223/439/346 224/440/347 
f 224/440/347 225/441/348 209/438/345 
s 8
f 226/442/349 227/443/350 217/432/338 
f 217/432/338 228/444/351 226/442/349 
s 16
f 229/445/352 230/446/353 231/447/354 
f 231/447/354 222/437/355 229/445/352 
s 32
f 224/448/356 232/449/357 233/450/358 
f 233/450/358 221/436/343 224/448/356 
s 64
f 218/451/359 234/452/360 235/453/361 
f 235/453/361 223/439/346 218/451/359 
s 2
f 225/454/362 220/455/363 210/425/330 
f 210/425/330 209/424/329 225/454/362 
s 4
f 236/456/364 237/457/365 238/458/366 
f 238/458/366 214/429/334 236/456/364 
s 16
f 239/459/367 219/460/367 222/461/355 
f 222/461/355 231/462/354 239/459/367 
s 64
f 212/427/368 218/433/359 223/463/346 
f 223/463/346 209/424/345 212/427/368 
s 16
f 240/464/369 226/465/370 230/446/353 
f 230/446/353 236/456/371 240/464/369 
s 64
f 241/466/372 232/449/373 235/467/361 
f 235/467/361 215/430/374 241/466/372 
s 2
f 239/468/375 242/469/376 211/426/331 
f 211/426/331 210/425/330 239/468/375 
s 4
f 240/464/377 236/456/364 214/429/334 
f 214/429/334 213/428/333 240/464/377 
s 8
f 242/469/378 228/444/351 217/432/338 
f 217/432/338 211/426/337 242/469/378 
s 32
f 225/470/379 224/448/356 221/436/343 
f 221/436/343 220/435/342 225/470/379 
s 8
f 216/471/380 234/472/381 227/473/350 
f 227/473/350 213/474/382 216/471/380 
s 32
f 237/457/383 229/445/384 233/450/358 
f 233/450/358 238/458/385 237/457/383 
s 2
f 220/455/363 219/475/386 239/468/375 
f 239/468/375 210/425/330 220/455/363 
s 4
f 241/466/387 215/430/335 214/429/334 
f 214/429/334 238/458/366 241/466/387 
s off
f 228/444/388 242/469/388 243/476/388 
f 243/476/388 244/477/388 228/444/388 
f 231/462/389 228/478/389 244/479/389 
f 244/479/389 245/480/389 231/462/389 
f 242/469/390 239/468/390 246/481/390 
f 246/481/390 243/476/390 242/469/390 
f 239/459/391 231/462/391 245/480/391 
f 245/480/391 246/482/391 239/459/391 
s 1
f 244/477/392 243/476/392 246/481/392 
f 246/481/392 245/483/392 244/477/392 
s 8
f 240/484/393 213/474/382 227/473/350 
f 227/473/350 226/485/349 240/484/393 
s 16
f 237/457/394 236/456/371 230/446/353 
f 230/446/353 229/445/352 237/457/394 
s 32
f 241/466/395 238/458/385 233/450/358 
f 233/450/358 232/449/357 241/466/395 
s 64
f 234/452/360 216/486/396 215/487/374 
f 215/487/374 235/453/361 234/452/360 
s 16
f 226/488/370 228/478/397 231/462/354 
f 231/462/354 230/489/353 226/488/370 
s 64
f 232/449/373 224/448/347 223/490/346 
f 223/490/346 235/467/361 232/449/373 
s 8
f 234/491/381 218/433/339 217/432/338 
f 217/432/338 227/443/350 234/491/381 
s 32
f 222/437/344 221/436/343 233/450/358 
f 233/450/358 229/445/384 222/437/344 
s 2
f 247/492/398 248/493/399 249/494/400 
f 249/494/400 250/495/401 247/492/398 
s 4
f 251/496/402 252/497/403 253/498/404 
f 253/498/404 254/499/405 251/496/402 
s 8
f 249/500/406 255/501/407 256/502/408 
f 256/502/408 250/503/409 249/500/406 
s 32
f 257/504/410 258/505/411 259/506/412 
f 259/506/412 260/507/413 257/504/410 
s 64
f 247/492/414 261/508/415 262/509/416 
f 262/509/416 263/510/417 247/492/414 
s 8
f 264/511/418 265/512/419 255/513/407 
f 255/513/407 266/514/420 264/511/418 
s 16
f 267/515/421 268/516/422 269/517/423 
f 269/517/423 260/518/424 267/515/421 
s 32
f 262/519/425 270/520/426 271/521/427 
f 271/521/427 259/522/412 262/519/425 
s 64
f 256/523/428 272/524/429 273/525/430 
f 273/525/430 261/526/415 256/523/428 
s 2
f 263/510/431 258/505/432 248/493/399 
f 248/493/399 247/492/398 263/510/431 
s 4
f 274/527/433 275/528/434 276/529/435 
f 276/529/435 252/497/403 274/527/433 
s 16
f 277/530/436 257/504/436 260/507/424 
f 260/507/424 269/531/423 277/530/436 
s 64
f 250/532/437 256/523/428 261/526/415 
f 261/526/415 247/533/414 250/532/437 
s 16
f 278/534/438 264/511/439 268/535/422 
f 268/535/422 274/527/440 278/534/438 
s 64
f 279/536/441 270/537/442 273/525/430 
f 273/525/430 253/538/443 279/536/441 
s 2
f 277/530/444 280/539/445 249/494/400 
f 249/494/400 248/493/399 277/530/444 
s 4
f 278/534/446 274/527/433 252/497/403 
f 252/497/403 251/496/402 278/534/446 
s 8
f 280/540/447 266/541/420 255/501/407 
f 255/501/407 249/500/406 280/540/447 
s 32
f 263/510/448 262/509/425 259/506/412 
f 259/506/412 258/505/411 263/510/448 
s 8
f 254/499/449 272/542/450 265/512/419 
f 265/512/419 251/496/451 254/499/449 
s 32
f 275/543/452 267/515/453 271/521/427 
f 271/521/427 276/544/454 275/543/452 
s 2
f 258/505/432 257/504/455 277/530/444 
f 277/530/444 248/493/399 258/505/432 
s 4
f 279/545/456 253/498/404 252/497/403 
f 252/497/403 276/529/435 279/545/456 
s off
f 266/541/457 280/540/457 281/546/457 
f 281/546/457 282/547/457 266/541/457 
f 269/548/458 266/514/458 282/549/458 
f 282/549/458 283/550/458 269/548/458 
f 280/539/459 277/530/459 284/551/459 
f 284/551/459 281/552/459 280/539/459 
f 277/553/460 269/554/460 283/555/460 
f 283/555/460 284/556/460 277/553/460 
s 1
f 282/557/461 281/558/461 284/556/461 
f 284/556/461 283/555/461 282/557/461 
s 8
f 278/534/462 251/496/451 265/512/419 
f 265/512/419 264/511/418 278/534/462 
s 16
f 275/543/463 274/559/440 268/516/422 
f 268/516/422 267/515/421 275/543/463 
s 32
f 279/560/464 276/544/454 271/521/427 
f 271/521/427 270/520/426 279/560/464 
s 64
f 272/524/429 254/561/465 253/538/443 
f 253/538/443 273/525/430 272/524/429 
s 16
f 264/511/439 266/514/466 269/548/423 
f 269/548/423 268/535/422 264/511/439 
s 64
f 270/537/442 262/562/416 261/526/415 
f 261/526/415 273/525/430 270/537/442 
s 8
f 272/563/450 256/502/408 255/501/407 
f 255/501/407 265/564/419 272/563/450 
s 32
f 260/518/413 259/522/412 271/521/427 
f 271/521/427 267/515/453 260/518/413 
s 2
f 285/565/467 286/566/468 287/567/469 
f 287/567/469 288/568/470 285/565/467 
s 4
f 289/569/471 290/570/472 291/571/473 
f 291/571/473 292/572/474 289/569/471 
s 8
f 287/573/475 293/574/476 294/575/477 
f 294/575/477 288/576/478 287/573/475 
s 32
f 295/577/479 296/578/480 297/579/481 
f 297/579/481 298/580/482 295/577/479 
s 64
f 285/565/483 299/581/484 300/582/485 
f 300/582/485 301/583/486 285/565/483 
s 8
f 302/584/487 303/585/488 293/586/476 
f 293/586/476 304/587/489 302/584/487 
s 16
f 305/588/490 306/589/491 307/590/492 
f 307/590/492 298/591/493 305/588/490 
s 32
f 300/592/494 308/593/495 309/594/496 
f 309/594/496 297/595/481 300/592/494 
s 64
f 294/575/497 310/596/498 311/597/499 
f 311/597/499 299/598/484 294/575/497 
s 2
f 301/583/500 296/578/501 286/566/468 
f 286/566/468 285/565/467 301/583/500 
s 4
f 312/599/502 313/600/503 314/601/504 
f 314/601/504 290/570/472 312/599/502 
s 16
f 315/602/505 295/577/505 298/580/493 
f 298/580/493 307/603/492 315/602/505 
s 64
f 288/576/506 294/575/497 299/598/484 
f 299/598/484 285/604/483 288/576/506 
s 16
f 316/605/507 302/584/508 306/589/491 
f 306/589/491 312/599/509 316/605/507 
s 64
f 317/606/510 308/607/511 311/597/499 
f 311/597/499 291/608/512 317/606/510 
s 2
f 315/602/513 318/609/514 287/567/469 
f 287/567/469 286/566/468 315/602/513 
s 4
f 316/605/515 312/599/502 290/570/472 
f 290/570/472 289/569/471 316/605/515 
s 8
f 318/610/516 304/611/489 293/574/476 
f 293/574/476 287/573/475 318/610/516 
s 32
f 301/583/517 300/582/494 297/579/481 
f 297/579/481 296/578/480 301/583/517 
s 8
f 292/612/518 310/596/519 303/613/488 
f 303/613/488 289/614/520 292/612/518 
s 32
f 313/600/521 305/588/522 309/594/496 
f 309/594/496 314/601/523 313/600/521 
s 2
f 296/578/501 295/577/524 315/602/513 
f 315/602/513 286/566/468 296/578/501 
s 4
f 317/615/525 291/571/473 290/570/472 
f 290/570/472 314/601/504 317/615/525 
s off
f 304/616/526 318/609/526 319/617/526 
f 319/617/526 320/618/526 304/616/526 
f 307/590/527 304/587/527 320/619/527 
f 320/619/527 321/620/527 307/590/527 
f 318/609/528 315/602/528 322/621/528 
f 322/621/528 319/617/528 318/609/528 
f 315/602/529 307/603/529 321/622/529 
f 321/622/529 322/621/529 315/602/529 
s 1
f 320/618/530 319/617/530 322/621/530 
f 322/621/530 321/622/530 320/618/530 
s 8
f 316/605/531 289/569/520 303/585/488 
f 303/585/488 302/584/487 316/605/531 
s 16
f 313/600/532 312/599/509 306/589/491 
f 306/589/491 305/588/490 313/600/532 
s 32
f 317/615/533 314/601/523 309/594/496 
f 309/594/496 308/593/495 317/615/533 
s 64
f 310/596/498 292/612/534 291/608/512 
f 291/608/512 311/597/499 310/596/498 
s 16
f 302/584/508 304/587/535 307/590/492 
f 307/590/492 306/589/491 302/584/508 
s 64
f 308/607/511 300/623/485 299/598/484 
f 299/598/484 311/597/499 308/607/511 
s 8
f 310/596/519 294/575/477 293/574/476 
f 293/574/476 303/613/488 310/596/519 
s 32
f 298/591/482 297/595/481 309/594/496 
f 309/594/496 305/588/522 298/591/482 
s 2
f 323/624/536 324/625/537 325/626/538 
f 325/626/538 326/627/539 323/624/536 
s 4
f 327/628/540 328/629/541 329/630/542 
f 329/630/542 330/631/543 327/628/540 
s 8
f 325/626/544 331/632/545 332/633/546 
f 332/633/546 326/627/547 325/626/544 
s 32
f 333/634/548 334/635/549 335/636/550 
f 335/636/550 336/637/551 333/634/548 
s 64
f 323/624/552 337/638/553 338/639/554 
f 338/639/554 339/640/555 323/624/552 
s 8
f 340/641/556 341/642/557 331/643/545 
f 331/643/545 342/644/558 340/641/556 
s 16
f 343/645/559 344/646/560 345/647/561 
f 345/647/561 336/648/562 343/645/559 
s 32
f 338/649/563 346/650/564 347/651/565 
f 347/651/565 335/652/550 338/649/563 
s 64
f 332/653/566 348/654/567 349/655/568 
f 349/655/568 337/656/553 332/653/566 
s 2
f 339/640/569 334/657/570 324/625/537 
f 324/625/537 323/624/536 339/640/569 
s 4
f 350/658/571 351/659/572 352/660/573 
f 352/660/573 328/629/541 350/658/571 
s 16
f 353/661/574 333/662/574 336/663/562 
f 336/663/562 345/664/561 353/661/574 
s 64
f 326/665/575 332/653/566 337/656/553 
f 337/656/553 323/666/552 326/665/575 
s 16
f 354/667/576 340/641/577 344/646/560 
f 344/646/560 350/658/578 354/667/576 
s 64
f 355/668/579 346/650/580 349/669/568 
f 349/669/568 329/630/581 355/668/579 
s 2
f 353/661/582 356/670/583 325/626/538 
f 325/626/538 324/625/537 353/661/582 
s 4
f 354/667/584 350/658/571 328/629/541 
f 328/629/541 327/628/540 354/667/584 
s 8
f 356/670/585 342/671/558 331/632/545 
f 331/632/545 325/626/544 356/670/585 
s 32
f 339/640/586 338/639/563 335/672/550 
f 335/672/550 334/657/549 339/640/586 
s 8
f 330/631/587 348/673/588 341/642/557 
f 341/642/557 327/628/589 330/631/587 
s 32
f 351/659/590 343/645/591 347/651/565 
f 347/651/565 352/660/592 351/659/590 
s 2
f 334/657/570 333/662/593 353/661/582 
f 353/661/582 324/625/537 334/657/570 
s 4
f 355/668/594 329/630/542 328/629/541 
f 328/629/541 352/660/573 355/668/594 
s off
f 342/674/595 356/675/595 357/676/595 
f 357/676/595 358/677/595 342/674/595 
f 345/647/596 342/644/596 358/678/596 
f 358/678/596 359/679/596 345/647/596 
f 356/670/597 353/661/597 360/680/597 
f 360/680/597 357/681/597 356/670/597 
f 353/661/598 345/664/598 359/682/598 
f 359/682/598 360/680/598 353/661/598 
s 1
f 358/683/599 357/681/599 360/680/599 
f 360/680/599 359/682/599 358/683/599 
s 8
f 354/667/600 327/628/589 341/642/557 
f 341/642/557 340/641/556 354/667/600 
s 16
f 351/659/601 350/658/578 344/646/560 
f 344/646/560 343/645/559 351/659/601 
s 32
f 355/668/602 352/660/592 347/651/565 
f 347/651/565 346/650/564 355/668/602 
s 64
f 348/654/567 330/684/603 329/685/581 
f 329/685/581 349/655/568 348/654/567 
s 16
f 340/641/577 342/644/604 345/647/561 
f 345/647/561 344/646/560 340/641/577 
s 64
f 346/686/580 338/687/554 337/656/553 
f 337/656/553 349/655/568 346/686/580 
s 8
f 348/654/588 332/653/546 331/688/545 
f 331/688/545 341/689/557 348/654/588 
s 32
f 336/648/551 335/652/550 347/651/565 
f 347/651/565 343/645/591 336/648/551 
s 2
f 361/690/605 362/691/606 363/692/607 
f 363/692/607 364/693/608 361/690/605 
s 4
f 365/694/609 366/695/610 367/696/611 
f 367/696/611 368/697/612 365/694/609 
s 8
f 363/692/613 369/698/614 370/699/615 
f 370/699/615 364/693/616 363/692/613 
s 32
f 371/700/617 372/701/618 373/702/619 
f 373/702/619 374/703/620 371/700/617 
s 64
f 361/704/621 375/705/622 376/706/623 
f 376/706/623 377/707/624 361/704/621 
s 8
f 378/708/625 379/709/626 369/710/614 
f 369/710/614 380/711/627 378/708/625 
s 16
f 381/712/628 382/713/629 383/714/630 
f 383/714/630 374/703/631 381/712/628 
s 32
f 376/706/632 384/715/633 385/716/634 
f 385/716/634 373/717/619 376/706/632 
s 64
f 370/718/635 386/719/636 387/720/637 
f 387/720/637 375/721/622 370/718/635 
s 2
f 377/722/638 372/723/639 362/691/606 
f 362/691/606 361/690/605 377/722/638 
s 4
f 388/724/640 389/725/641 390/726/642 
f 390/726/642 366/695/610 388/724/640 
s 16
f 391/727/643 371/700/643 374/703/631 
f 374/703/631 383/714/630 391/727/643 
s 64
f 364/728/644 370/718/635 375/721/622 
f 375/721/622 361/729/621 364/728/644 
s 16
f 392/730/645 378/731/646 382/732/629 
f 382/732/629 388/733/647 392/730/645 
s 64
f 393/734/648 384/735/649 387/720/637 
f 387/720/637 367/736/650 393/734/648 
s 2
f 391/737/651 394/738/652 363/692/607 
f 363/692/607 362/691/606 391/737/651 
s 4
f 392/739/653 388/724/640 366/695/610 
f 366/695/610 365/694/609 392/739/653 
s 8
f 394/738/654 380/740/627 369/698/614 
f 369/698/614 363/692/613 394/738/654 
s 32
f 377/707/655 376/706/632 373/717/619 
f 373/717/619 372/741/618 377/707/655 
s 8
f 368/742/656 386/719/657 379/709/626 
f 379/709/626 365/743/658 368/742/656 
s 32
f 389/744/659 381/712/660 385/745/634 
f 385/745/634 390/746/661 389/744/659 
s 2
f 372/701/639 371/700/662 391/727/651 
f 391/727/651 362/747/606 372/701/639 
s 4
f 393/748/663 367/696/611 366/695/610 
f 366/695/610 390/726/642 393/748/663 
s off
f 380/740/664 394/738/664 395/749/664 
f 395/749/664 396/750/664 380/740/664 
f 383/751/665 380/752/665 396/753/665 
f 396/753/665 397/754/665 383/751/665 
f 394/755/666 391/727/666 398/756/666 
f 398/756/666 395/757/666 394/755/666 
f 391/727/667 383/714/667 397/758/667 
f 397/758/667 398/756/667 391/727/667 
s 1
f 396/759/668 395/757/668 398/756/668 
f 398/756/668 397/758/668 396/759/668 
s 8
f 392/730/669 365/760/658 379/761/626 
f 379/761/626 378/731/625 392/730/669 
s 16
f 389/744/670 388/762/647 382/713/629 
f 382/713/629 381/712/628 389/744/670 
s 32
f 393/763/671 390/764/661 385/716/634 
f 385/716/634 384/715/633 393/763/671 
s 64
f 386/719/636 368/742/672 367/736/650 
f 367/736/650 387/720/637 386/719/636 
s 16
f 378/765/646 380/766/673 383/714/630 
f 383/714/630 382/713/629 378/765/646 
s 64
f 384/735/649 376/767/623 375/721/622 
f 375/721/622 387/720/637 384/735/649 
s 8
f 386/719/657 370/718/615 369/710/614 
f 369/710/614 379/709/626 386/719/657 
s 32
f 374/703/620 373/702/619 385/745/634 
f 385/745/634 381/712/660 374/703/620 
s 2
f 399/768/674 400/769/675 401/770/676 
f 401/770/676 402/771/677 399/768/674 
s 4
f 403/772/678 404/773/679 405/774/680 
f 405/774/680 406/775/681 403/772/678 
s 8
f 401/770/682 407/776/683 408/777/684 
f 408/777/684 402/771/685 401/770/682 
s 32
f 409/778/686 410/779/687 411/780/688 
f 411/780/688 412/781/689 409/778/686 
s 64
f 399/768/690 413/782/691 414/783/692 
f 414/783/692 415/784/693 399/768/690 
s 8
f 416/785/694 417/786/695 407/787/683 
f 407/787/683 418/788/696 416/785/694 
s 16
f 419/789/697 420/790/698 421/791/699 
f 421/791/699 412/792/700 419/789/697 
s 32
f 414/793/701 422/794/702 423/795/703 
f 423/795/703 411/796/688 414/793/701 
s 64
f 408/797/704 424/798/705 425/799/706 
f 425/799/706 413/800/691 408/797/704 
s 2
f 415/784/707 410/779/708 400/769/675 
f 400/769/675 399/768/674 415/784/707 
s 4
f 426/801/709 427/802/710 428/803/711 
f 428/803/711 404/773/679 426/801/709 
s 16
f 429/804/712 409/805/712 412/806/700 
f 412/806/700 421/807/699 429/804/712 
s 64
f 402/771/713 408/777/704 413/782/691 
f 413/782/691 399/768/690 402/771/713 
s 16
f 430/808/714 416/809/715 420/790/698 
f 420/790/698 426/801/716 430/808/714 
s 64
f 431/810/717 422/794/718 425/811/706 
f 425/811/706 405/812/719 431/810/717 
s 2
f 429/813/720 432/814/721 401/770/676 
f 401/770/676 400/769/675 429/813/720 
s 4
f 430/808/722 426/801/709 404/773/679 
f 404/773/679 403/772/678 430/808/722 
s 8
f 432/814/723 418/815/696 407/776/683 
f 407/776/683 401/770/682 432/814/723 
s 32
f 415/784/724 414/783/701 411/780/688 
f 411/780/688 410/779/687 415/784/724 
s 8
f 406/775/725 424/798/726 417/816/695 
f 417/816/695 403/772/727 406/775/725 
s 32
f 427/802/728 419/789/729 423/817/703 
f 423/817/703 428/803/730 427/802/728 
s 2
f 410/779/708 409/778/731 429/813/720 
f 429/813/720 400/769/675 410/779/708 
s 4
f 431/818/732 405/774/680 404/773/679 
f 404/773/679 428/803/711 431/818/732 
s off
f 418/815/733 432/814/733 433/819/733 
f 433/819/733 434/820/733 418/815/733 
f 421/791/734 418/821/734 434/822/734 
f 434/822/734 435/823/734 421/791/734 
f 432/814/735 429/813/735 436/824/735 
f 436/824/735 433/819/735 432/814/735 
f 429/804/736 421/807/736 435/825/736 
f 435/825/736 436/826/736 429/804/736 
s 1
f 434/827/737 433/828/737 436/826/737 
f 436/826/737 435/825/737 434/827/737 
s 8
f 430/808/738 403/772/727 417/816/695 
f 417/816/695 416/809/694 430/808/738 
s 16
f 427/802/739 426/801/716 420/790/698 
f 420/790/698 419/789/697 427/802/739 
s 32
f 431/810/740 428/829/730 423/795/703 
f 423/795/703 422/794/702 431/810/740 
s 64
f 424/798/705 406/775/741 405/774/719 
f 405/774/719 425/799/706 424/798/705 
s 16
f 416/809/715 418/821/742 421/791/699 
f 421/791/699 420/790/698 416/809/715 
s 64
f 422/794/718 414/793/692 413/830/691 
f 413/830/691 425/811/706 422/794/718 
s 8
f 424/831/726 408/777/684 407/776/683 
f 407/776/683 417/832/695 424/831/726 
s 32
f 412/833/689 411/796/688 423/795/703 
f 423/795/703 419/834/729 412/833/689 
s 2
f 437/835/743 438/836/744 439/837/745 
f 439/837/745 440/838/746 437/835/743 
s 4
f 441/839/747 442/840/748 443/841/749 
f 443/841/749 444/842/750 441/839/747 
s 8
f 439/837/751 445/843/752 446/844/753 
f 446/844/753 440/838/754 439/837/751 
s 32
f 447/845/755 448/846/756 449/847/757 
f 449/847/757 450/848/758 447/845/755 
s 64
f 437/849/759 451/850/760 452/851/761 
f 452/851/761 453/852/762 437/849/759 
s 8
f 454/853/763 455/854/764 445/843/752 
f 445/843/752 456/855/765 454/853/763 
s 16
f 457/856/766 458/857/767 459/858/768 
f 459/858/768 450/848/769 457/856/766 
s 32
f 452/859/770 460/860/771 461/861/772 
f 461/861/772 449/847/757 452/859/770 
s 64
f 446/862/773 462/863/774 463/864/775 
f 463/864/775 451/865/760 446/862/773 
s 2
f 453/866/776 448/867/777 438/836/744 
f 438/836/744 437/835/743 453/866/776 
s 4
f 464/868/778 465/869/779 466/870/780 
f 466/870/780 442/871/748 464/868/778 
s 16
f 467/872/781 447/845/781 450/848/769 
f 450/848/769 459/858/768 467/872/781 
s 64
f 440/838/782 446/844/773 451/873/760 
f 451/873/760 437/835/759 440/838/782 
s 16
f 468/874/783 454/875/784 458/876/767 
f 458/876/767 464/877/785 468/874/783 
s 64
f 469/878/786 460/860/787 463/879/775 
f 463/879/775 443/880/788 469/878/786 
s 2
f 467/881/789 470/882/790 439/837/745 
f 439/837/745 438/836/744 467/881/789 
s 4
f 468/883/791 464/884/778 442/840/748 
f 442/840/748 441/839/747 468/883/791 
s 8
f 470/882/792 456/855/765 445/843/752 
f 445/843/752 439/837/751 470/882/792 
s 32
f 453/885/793 452/859/770 449/847/757 
f 449/847/757 448/846/756 453/885/793 
s 8
f 444/886/794 462/887/795 455/854/764 
f 455/854/764 441/888/796 444/886/794 
s 32
f 465/869/797 457/856/798 461/861/772 
f 461/861/772 466/870/799 465/869/797 
s 2
f 448/889/777 447/890/800 467/891/789 
f 467/891/789 438/892/744 448/889/777 
s 4
f 469/878/801 443/880/749 442/871/748 
f 442/871/748 466/870/780 469/878/801 
s off
f 456/855/802 470/882/802 471/893/802 
f 471/893/802 472/894/802 456/855/802 
f 459/895/803 456/896/803 472/897/803 
f 472/897/803 473/898/803 459/895/803 
f 470/882/804 467/881/804 474/899/804 
f 474/899/804 471/893/804 470/882/804 
f 467/872/805 459/858/805 473/900/805 
f 473/900/805 474/901/805 467/872/805 
s 1
f 472/897/806 471/902/806 474/903/806 
f 474/903/806 473/898/806 472/897/806 
s 8
f 468/874/807 441/904/796 455/905/764 
f 455/905/764 454/875/763 468/874/807 
s 16
f 465/869/808 464/868/785 458/857/767 
f 458/857/767 457/856/766 465/869/808 
s 32
f 469/878/809 466/870/799 461/861/772 
f 461/861/772 460/860/771 469/878/809 
s 64
f 462/863/774 444/842/810 443/841/788 
f 443/841/788 463/864/775 462/863/774 
s 16
f 454/875/784 456/896/811 459/895/768 
f 459/895/768 458/876/767 454/875/784 
s 64
f 460/860/787 452/859/761 451/906/760 
f 451/906/760 463/879/775 460/860/787 
s 8
f 462/887/795 446/844/753 445/843/752 
f 445/843/752 455/854/764 462/887/795 
s 32
f 450/848/758 449/847/757 461/861/772 
f 461/861/772 457/856/798 450/848/758 
s 2
f 475/907/812 476/908/813 477/909/814 
f 477/909/814 478/910/815 475/907/812 
s 4
f 479/911/816 480/912/817 481/913/818 
f 481/913/818 482/914/819 479/911/816 
s 8
f 477/909/820 483/915/821 484/916/822 
f 484/916/822 478/910/823 477/909/820 
s 32
f 485/917/824 486/918/825 487/919/826 
f 487/919/826 488/920/827 485/917/824 
s 64
f 475/907/828 489/921/829 490/922/830 
f 490/922/830 491/923/831 475/907/828 
s 8
f 492/924/832 493/925/833 483/926/821 
f 483/926/821 494/927/834 492/924/832 
s 16
f 495/928/835 496/929/836 497/930/837 
f 497/930/837 488/931/838 495/928/835 
s 32
f 490/932/839 498/933/840 499/934/841 
f 499/934/841 487/919/826 490/932/839 
s 64
f 484/935/842 500/936/843 501/937/844 
f 501/937/844 489/938/829 484/935/842 
s 2
f 491/923/845 486/939/846 476/908/813 
f 476/908/813 475/907/812 491/923/845 
s 4
f 502/940/847 503/941/848 504/942/849 
f 504/942/849 480/912/817 502/940/847 
s 16
f 505/943/850 485/944/850 488/945/838 
f 488/945/838 497/946/837 505/943/850 
s 64
f 478/910/851 484/916/842 489/921/829 
f 489/921/829 475/907/828 478/910/851 
s 16
f 506/947/852 492/948/853 496/929/836 
f 496/929/836 502/940/854 506/947/852 
s 64
f 507/949/855 498/950/856 501/951/844 
f 501/951/844 481/913/857 507/949/855 
s 2
f 505/943/858 508/952/859 477/909/814 
f 477/909/814 476/908/813 505/943/858 
s 4
f 506/947/860 502/940/847 480/912/817 
f 480/912/817 479/911/816 506/947/860 
s 8
f 508/952/861 494/953/834 483/915/821 
f 483/915/821 477/909/820 508/952/861 
s 32
f 491/954/724 490/932/839 487/919/826 
f 487/919/826 486/918/825 491/954/724 
s 8
f 482/914/862 500/955/863 493/956/833 
f 493/956/833 479/911/864 482/914/862 
s 32
f 503/941/865 495/928/866 499/957/841 
f 499/957/841 504/942/867 503/941/865 
s 2
f 486/939/846 485/944/868 505/943/858 
f 505/943/858 476/908/813 486/939/846 
s 4
f 507/949/869 481/913/818 480/912/817 
f 480/912/817 504/942/849 507/949/869 
s off
f 494/953/870 508/952/870 509/958/870 
f 509/958/870 510/959/870 494/953/870 
f 497/930/871 494/960/871 510/961/871 
f 510/961/871 511/962/871 497/930/871 
f 508/952/872 505/943/872 512/963/872 
f 512/963/872 509/958/872 508/952/872 
f 505/964/873 497/965/873 511/966/873 
f 511/966/873 512/967/873 505/964/873 
s 1
f 510/959/874 509/958/874 512/963/874 
f 512/963/874 511/968/874 510/959/874 
s 8
f 506/947/875 479/911/864 493/956/833 
f 493/956/833 492/948/832 506/947/875 
s 16
f 503/941/876 502/940/854 496/929/836 
f 496/929/836 495/928/835 503/941/876 
s 32
f 507/949/877 504/942/867 499/957/841 
f 499/957/841 498/950/840 507/949/877 
s 64
f 500/955/843 482/914/878 481/913/857 
f 481/913/857 501/951/844 500/955/843 
s 16
f 492/948/853 494/960/879 497/930/837 
f 497/930/837 496/929/836 492/948/853 
s 64
f 498/933/856 490/932/830 489/969/829 
f 489/969/829 501/970/844 498/933/856 
s 8
f 500/971/863 484/916/822 483/915/821 
f 483/915/821 493/972/833 500/971/863 
s 32
f 488/920/827 487/919/826 499/934/841 
f 499/934/841 495/973/866 488/920/827 
s 2
f 513/974/880 514/975/881 515/976/882 
f 515/976/882 516/977/883 513/974/880 
s 4
f 517/978/884 518/979/885 519/980/886 
f 519/980/886 520/981/887 517/978/884 
s 8
f 515/982/888 521/983/889 522/984/890 
f 522/984/890 516/985/891 515/982/888 
s 32
f 523/986/892 524/987/893 525/988/894 
f 525/988/894 526/989/895 523/986/892 
s 64
f 513/974/896 527/990/897 528/991/898 
f 528/991/898 529/992/899 513/974/896 
s 8
f 530/993/900 531/994/901 521/983/889 
f 521/983/889 532/995/902 530/993/900 
s 16
f 533/996/903 534/997/904 535/998/905 
f 535/998/905 526/999/906 533/996/903 
s 32
f 528/1000/907 536/1001/908 537/1002/909 
f 537/1002/909 525/1003/894 528/1000/907 
s 64
f 522/1004/910 538/1005/911 539/1006/912 
f 539/1006/912 527/990/897 522/1004/910 
s 2
f 529/1007/913 524/987/914 514/1008/881 
f 514/1008/881 513/1009/880 529/1007/913 
s 4
f 540/1010/915 541/1011/916 542/1012/917 
f 542/1012/917 518/979/885 540/1010/915 
s 16
f 543/1013/918 523/1014/918 526/999/906 
f 526/999/906 535/998/905 543/1013/918 
s 64
f 516/977/919 522/1004/910 527/990/897 
f 527/990/897 513/974/896 516/977/919 
s 16
f 544/1015/920 530/1016/921 534/997/904 
f 534/997/904 540/1017/922 544/1015/920 
s 64
f 545/1018/923 536/1019/924 539/1006/912 
f 539/1006/912 519/1020/925 545/1018/923 
s 2
f 543/1021/926 546/1022/927 515/982/882 
f 515/982/882 514/1023/881 543/1021/926 
s 4
f 544/1024/928 540/1010/915 518/979/885 
f 518/979/885 517/978/884 544/1024/928 
s 8
f 546/1022/929 532/995/902 521/983/889 
f 521/983/889 515/982/888 546/1022/929 
s 32
f 529/992/930 528/991/907 525/1025/894 
f 525/1025/894 524/1026/893 529/992/930 
s 8
f 520/981/931 538/1027/932 531/1028/901 
f 531/1028/901 517/978/933 520/981/931 
s 32
f 541/1029/934 533/1030/935 537/1002/909 
f 537/1002/909 542/1031/936 541/1029/934 
s 2
f 524/987/914 523/986/937 543/1032/926 
f 543/1032/926 514/1008/881 524/987/914 
s 4
f 545/1033/938 519/980/886 518/979/885 
f 518/979/885 542/1012/917 545/1033/938 
s off
f 532/995/939 546/1022/939 547/1034/939 
f 547/1034/939 548/1035/939 532/995/939 
f 535/998/940 532/1036/940 548/1037/940 
f 548/1037/940 549/1038/940 535/998/940 
f 546/1039/941 543/1032/941 550/1040/941 
f 550/1040/941 547/1041/941 546/1039/941 
f 543/1013/942 535/998/942 549/1038/942 
f 549/1038/942 550/1042/942 543/1013/942 
s 1
f 548/1037/943 547/1043/943 550/1042/943 
f 550/1042/943 549/1038/943 548/1037/943 
s 8
f 544/1024/944 517/978/933 531/1028/901 
f 531/1028/901 530/1044/900 544/1024/944 
s 16
f 541/1045/945 540/1017/922 534/997/904 
f 534/997/904 533/996/903 541/1045/945 
s 32
f 545/1046/946 542/1031/936 537/1002/909 
f 537/1002/909 536/1001/908 545/1046/946 
s 64
f 538/1005/911 520/1047/947 519/1020/925 
f 519/1020/925 539/1006/912 538/1005/911 
s 16
f 530/1016/921 532/1036/948 535/998/905 
f 535/998/905 534/997/904 530/1016/921 
s 64
f 536/1019/924 528/991/898 527/990/897 
f 527/990/897 539/1006/912 536/1019/924 
s 8
f 538/1005/932 522/1004/890 521/1048/889 
f 521/1048/889 531/1049/901 538/1005/932 
s 32
f 526/1050/895 525/1003/894 537/1002/909 
f 537/1002/909 533/1030/935 526/1050/895 
s 2
f 551/1051/949 552/1052/950 553/1053/951 
f 553/1053/951 554/1054/952 551/1051/949 
s 4
f 555/1055/953 556/1056/954 557/1057/955 
f 557/1057/955 558/1058/956 555/1055/953 
s 8
f 553/1059/957 559/1060/958 560/1061/959 
f 560/1061/959 554/1062/960 553/1059/957 
s 32
f 561/1063/961 562/1064/962 563/1065/963 
f 563/1065/963 564/1066/964 561/1063/961 
s 64
f 551/1051/965 565/1067/966 566/1068/967 
f 566/1068/967 567/1069/968 551/1051/965 
s 8
f 568/1070/969 569/1071/970 559/1072/958 
f 559/1072/958 570/1073/971 568/1070/969 
s 16
f 571/1074/972 572/1075/973 573/1076/974 
f 573/1076/974 564/1077/975 571/1074/972 
s 32
f 566/1078/976 574/1079/977 575/1080/978 
f 575/1080/978 563/1081/963 566/1078/976 
s 64
f 560/1061/979 576/1082/980 577/1083/981 
f 577/1083/981 565/1084/966 560/1061/979 
s 2
f 567/1069/982 562/1064/983 552/1052/950 
f 552/1052/950 551/1051/949 567/1069/982 
s 4
f 578/1085/984 579/1086/985 580/1087/986 
f 580/1087/986 556/1056/954 578/1085/984 
s 16
f 581/1088/987 561/1063/987 564/1066/975 
f 564/1066/975 573/1089/974 581/1088/987 
s 64
f 554/1062/988 560/1061/979 565/1084/966 
f 565/1084/966 551/1090/965 554/1062/988 
s 16
f 582/1091/989 568/1070/990 572/1075/973 
f 572/1075/973 578/1085/991 582/1091/989 
s 64
f 583/1092/992 574/1093/993 577/1094/981 
f 577/1094/981 557/1095/994 583/1092/992 
s 2
f 581/1088/995 584/1096/996 553/1053/951 
f 553/1053/951 552/1052/950 581/1088/995 
s 4
f 582/1091/997 578/1085/984 556/1056/954 
f 556/1056/954 555/1055/953 582/1091/997 
s 8
f 584/1096/998 570/1097/971 559/1098/958 
f 559/1098/958 553/1053/957 584/1096/998 
s 32
f 567/1069/999 566/1068/976 563/1065/963 
f 563/1065/963 562/1064/962 567/1069/999 
s 8
f 558/1058/1000 576/1099/1001 569/1071/970 
f 569/1071/970 555/1055/1002 558/1058/1000 
s 32
f 579/1086/1003 571/1074/1004 575/1080/978 
f 575/1080/978 580/1087/1005 579/1086/1003 
s 2
f 562/1064/983 561/1063/1006 581/1088/995 
f 581/1088/995 552/1052/950 562/1064/983 
s 4
f 583/1100/1007 557/1057/955 556/1056/954 
f 556/1056/954 580/1087/986 583/1100/1007 
s off
f 570/1101/1008 584/1102/1008 585/1103/1008 
f 585/1103/1008 586/1104/1008 570/1101/1008 
f 573/1076/1009 570/1073/1009 586/1105/1009 
f 586/1105/1009 587/1106/1009 573/1076/1009 
f 584/1096/1010 581/1088/1010 588/1107/1010 
f 588/1107/1010 585/1108/1010 584/1096/1010 
f 581/1088/1011 573/1089/1011 587/1109/1011 
f 587/1109/1011 588/1107/1011 581/1088/1011 
s 1
f 586/1110/1012 585/1108/1012 588/1107/1012 
f 588/1107/1012 587/1109/1012 586/1110/1012 
s 8
f 582/1091/1013 555/1055/1002 569/1071/970 
f 569/1071/970 568/1070/969 582/1091/1013 
s 16
f 579/1086/1014 578/1085/991 572/1075/973 
f 572/1075/973 571/1074/972 579/1086/1014 
s 32
f 583/1100/1015 580/1087/1005 575/1080/978 
f 575/1080/978 574/1079/977 583/1100/1015 
s 64
f 576/1082/980 558/1111/1016 557/1112/994 
f 557/1112/994 577/1083/981 576/1082/980 
s 16
f 568/1070/990 570/1073/1017 573/1076/974 
f 573/1076/974 572/1075/973 568/1070/990 
s 64
f 574/1093/993 566/1113/967 565/1114/966 
f 565/1114/966 577/1094/981 574/1093/993 
s 8
f 576/1082/1001 560/1061/959 559/1060/958 
f 559/1060/958 569/1115/970 576/1082/1001 
s 32
f 564/1077/964 563/1081/963 575/1080/978 
f 575/1080/978 571/1074/1004 564/1077/964 
s 2
f 589/1116/1018 590/1117/1019 591/1118/1020 
f 591/1118/1020 592/1119/1021 589/1116/1018 
s 4
f 593/1120/1022 594/1121/1023 595/1122/1024 
f 595/1122/1024 596/1123/1025 593/1120/1022 
s 8
f 591/1124/1026 597/1125/1027 598/1126/1028 
f 598/1126/1028 592/1127/1029 591/1124/1026 
s 32
f 599/1128/1030 600/1129/1031 601/1130/1032 
f 601/1130/1032 602/1131/1033 599/1128/1030 
s 64
f 589/1116/1034 603/1132/1035 604/1133/1036 
f 604/1133/1036 605/1134/1037 589/1116/1034 
s 8
f 606/1135/1038 607/1136/1039 597/1137/1027 
f 597/1137/1027 608/1138/1040 606/1135/1038 
s 16
f 609/1139/1041 610/1140/1042 611/1141/1043 
f 611/1141/1043 602/1142/1044 609/1139/1041 
s 32
f 604/1143/1045 612/1144/1046 613/1145/1047 
f 613/1145/1047 601/1146/1032 604/1143/1045 
s 64
f 598/1147/1048 614/1148/1049 615/1149/1050 
f 615/1149/1050 603/1150/1035 598/1147/1048 
s 2
f 605/1134/1051 600/1129/1052 590/1117/1019 
f 590/1117/1019 589/1116/1018 605/1134/1051 
s 4
f 616/1151/1053 617/1152/1054 618/1153/1055 
f 618/1153/1055 594/1121/1023 616/1151/1053 
s 16
f 619/1154/1056 599/1128/1056 602/1131/1044 
f 602/1131/1044 611/1155/1043 619/1154/1056 
s 64
f 592/1127/1057 598/1126/1048 603/1156/1035 
f 603/1156/1035 589/1157/1034 592/1127/1057 
s 16
f 620/1158/1058 606/1135/1059 610/1140/1042 
f 610/1140/1042 616/1151/1060 620/1158/1058 
s 64
f 621/1159/1061 612/1144/1062 615/1149/1050 
f 615/1149/1050 595/1122/1063 621/1159/1061 
s 2
f 619/1154/1064 622/1160/1065 591/1118/1020 
f 591/1118/1020 590/1117/1019 619/1154/1064 
s 4
f 620/1158/1066 616/1151/1053 594/1121/1023 
f 594/1121/1023 593/1120/1022 620/1158/1066 
s 8
f 622/1161/1067 608/1162/1040 597/1125/1027 
f 597/1125/1027 591/1124/1026 622/1161/1067 
s 32
f 605/1134/1068 604/1133/1045 601/1130/1032 
f 601/1130/1032 600/1129/1031 605/1134/1068 
s 8
f 596/1123/1069 614/1148/1070 607/1136/1039 
f 607/1136/1039 593/1120/1071 596/1123/1069 
s 32
f 617/1152/1072 609/1139/1073 613/1145/1047 
f 613/1145/1047 618/1153/1074 617/1152/1072 
s 2
f 600/1129/1052 599/1128/1075 619/1154/1064 
f 619/1154/1064 590/1117/1019 600/1129/1052 
s 4
f 621/1159/1076 595/1122/1024 594/1121/1023 
f 594/1121/1023 618/1153/1055 621/1159/1076 
s off
f 608/1163/1077 622/1160/1077 623/1164/1077 
f 623/1164/1077 624/1165/1077 608/1163/1077 
f 611/1141/1078 608/1138/1078 624/1166/1078 
f 624/1166/1078 625/1167/1078 611/1141/1078 
f 622/1160/1079 619/1154/1079 626/1168/1079 
f 626/1168/1079 623/1164/1079 622/1160/1079 
f 619/1154/1080 611/1155/1080 625/1169/1080 
f 625/1169/1080 626/1168/1080 619/1154/1080 
s 1
f 624/1165/1081 623/1164/1081 626/1168/1081 
f 626/1168/1081 625/1169/1081 624/1165/1081 
s 8
f 620/1158/1082 593/1120/1071 607/1136/1039 
f 607/1136/1039 606/1135/1038 620/1158/1082 
s 16
f 617/1152/1083 616/1151/1060 610/1140/1042 
f 610/1140/1042 609/1139/1041 617/1152/1083 
s 32
f 621/1159/1084 618/1153/1074 613/1145/1047 
f 613/1145/1047 612/1144/1046 621/1159/1084 
s 64
f 614/1148/1049 596/1123/1085 595/1122/1063 
f 595/1122/1063 615/1149/1050 614/1148/1049 
s 16
f 606/1135/1059 608/1138/1086 611/1141/1043 
f 611/1141/1043 610/1140/1042 606/1135/1059 
s 64
f 612/1144/1062 604/1143/1036 603/1150/1035 
f 603/1150/1035 615/1149/1050 612/1144/1062 
s 8
f 614/1148/1070 598/1147/1028 597/1137/1027 
f 597/1137/1027 607/1136/1039 614/1148/1070 
s 32
f 602/1142/1033 601/1146/1032 613/1145/1047 
f 613/1145/1047 609/1139/1073 602/1142/1033 
s 2
f 627/1170/1087 628/1171/1088 629/1172/1089 
f 629/1172/1089 630/1173/1090 627/1170/1087 
s 4
f 631/1174/1091 632/1175/1092 633/1176/1093 
f 633/1176/1093 634/1177/1094 631/1174/1091 
s 8
f 629/1172/1095 635/1178/1096 636/1179/1097 
f 636/1179/1097 630/1173/1098 629/1172/1095 
s 32
f 637/1180/1099 638/1181/1100 639/1182/1101 
f 639/1182/1101 640/1183/1102 637/1180/1099 
s 64
f 627/1170/1103 641/1184/1104 642/1185/1105 
f 642/1185/1105 643/1186/1106 627/1170/1103 
s 8
f 644/1187/1107 645/1188/1108 635/1189/1096 
f 635/1189/1096 646/1190/1109 644/1187/1107 
s 16
f 647/1191/1110 648/1192/1111 649/1193/1112 
f 649/1193/1112 640/1194/1113 647/1191/1110 
s 32
f 642/1195/1114 650/1196/1115 651/1197/1116 
f 651/1197/1116 639/1198/1101 642/1195/1114 
s 64
f 636/1199/1117 652/1200/1118 653/1201/1119 
f 653/1201/1119 641/1202/1104 636/1199/1117 
s 2
f 643/1186/1120 638/1203/1121 628/1171/1088 
f 628/1171/1088 627/1170/1087 643/1186/1120 
s 4
f 654/1204/1122 655/1205/1123 656/1206/1124 
f 656/1206/1124 632/1175/1092 654/1204/1122 
s 16
f 657/1207/1125 637/1180/1125 640/1183/1113 
f 640/1183/1113 649/1208/1112 657/1207/1125 
s 64
f 630/1173/1126 636/1179/1117 641/1184/1104 
f 641/1184/1104 627/1170/1103 630/1173/1126 
s 16
f 658/1209/1127 644/1210/1128 648/1192/1111 
f 648/1192/1111 654/1204/1129 658/1209/1127 
s 64
f 659/1211/1130 650/1196/1131 653/1201/1119 
f 653/1201/1119 633/1212/1132 659/1211/1130 
s 2
f 657/1213/1133 660/1214/1134 629/1172/1089 
f 629/1172/1089 628/1171/1088 657/1213/1133 
s 4
f 658/1209/1135 654/1204/1122 632/1175/1092 
f 632/1175/1092 631/1174/1091 658/1209/1135 
s 8
f 660/1214/1136 646/1215/1109 635/1178/1096 
f 635/1178/1096 629/1172/1095 660/1214/1136 
s 32
f 643/1186/1137 642/1185/1114 639/1216/1101 
f 639/1216/1101 638/1203/1100 643/1186/1137 
s 8
f 634/1177/1138 652/1217/1139 645/1218/1108 
f 645/1218/1108 631/1174/1140 634/1177/1138 
s 32
f 655/1205/1141 647/1191/1142 651/1219/1116 
f 651/1219/1116 656/1206/1143 655/1205/1141 
s 2
f 638/1203/1121 637/1220/1144 657/1213/1133 
f 657/1213/1133 628/1171/1088 638/1203/1121 
s 4
f 659/1221/1145 633/1176/1093 632/1175/1092 
f 632/1175/1092 656/1206/1124 659/1221/1145 
s off
f 646/1215/1146 660/1214/1146 661/1222/1146 
f 661/1222/1146 662/1223/1146 646/1215/1146 
f 649/1193/1147 646/1224/1147 662/1225/1147 
f 662/1225/1147 663/1226/1147 649/1193/1147 
f 660/1214/1148 657/1213/1148 664/1227/1148 
f 664/1227/1148 661/1222/1148 660/1214/1148 
f 657/1207/1149 649/1208/1149 663/1228/1149 
f 663/1228/1149 664/1229/1149 657/1207/1149 
s 1
f 662/1223/1150 661/1222/1150 664/1227/1150 
f 664/1227/1150 663/1230/1150 662/1223/1150 
s 8
f 658/1209/1151 631/1174/1140 645/1218/1108 
f 645/1218/1108 644/1210/1107 658/1209/1151 
s 16
f 655/1205/1152 654/1204/1129 648/1192/1111 
f 648/1192/1111 647/1191/1110 655/1205/1152 
s 32
f 659/1211/1153 656/1231/1143 651/1197/1116 
f 651/1197/1116 650/1196/1115 659/1211/1153 
s 64
f 652/1200/1118 634/1232/1154 633/1212/1132 
f 633/1212/1132 653/1201/1119 652/1200/1118 
s 16
f 644/1210/1128 646/1224/1155 649/1193/1112 
f 649/1193/1112 648/1192/1111 644/1210/1128 
s 64
f 650/1196/1131 642/1195/1105 641/1202/1104 
f 641/1202/1104 653/1201/1119 650/1196/1131 
s 8
f 652/1233/1139 636/1179/1097 635/1178/1096 
f 635/1178/1096 645/1234/1108 652/1233/1139 
s 32
f 640/1183/1102 639/1182/1101 651/1235/1116 
f 651/1235/1116 647/1236/1142 640/1183/1102 
s 2
f 665/1237/1156 666/1238/1157 667/1239/1158 
f 667/1239/1158 668/1240/1159 665/1237/1156 
s 4
f 669/1241/1160 670/1242/1161 671/1243/1162 
f 671/1243/1162 672/1244/1163 669/1241/1160 
s 8
f 667/1245/1164 673/1246/1165 674/1247/1166 
f 674/1247/1166 668/1248/1167 667/1245/1164 
s 32
f 675/1249/1168 676/1250/1169 677/1251/1170 
f 677/1251/1170 678/1252/1171 675/1249/1168 
s 64
f 665/1237/1172 679/1253/1173 680/1254/1174 
f 680/1254/1174 681/1255/1175 665/1237/1172 
s 8
f 682/1256/1176 683/1257/1177 673/1246/1165 
f 673/1246/1165 684/1258/1178 682/1256/1176 
s 16
f 685/1259/1179 686/1260/1180 687/1261/1181 
f 687/1261/1181 678/1252/1182 685/1259/1179 
s 32
f 680/1262/1183 688/1263/1184 689/1264/1185 
f 689/1264/1185 677/1265/1170 680/1262/1183 
s 64
f 674/1266/1186 690/1267/1187 691/1268/1188 
f 691/1268/1188 679/1269/1173 674/1266/1186 
s 2
f 681/1255/1189 676/1270/1190 666/1238/1157 
f 666/1238/1157 665/1237/1156 681/1255/1189 
s 4
f 692/1271/1191 693/1272/1192 694/1273/1193 
f 694/1273/1193 670/1274/1161 692/1271/1191 
s 16
f 695/1275/1194 675/1249/1194 678/1252/1182 
f 678/1252/1182 687/1261/1181 695/1275/1194 
s 64
f 668/1276/1195 674/1266/1186 679/1269/1173 
f 679/1269/1173 665/1277/1172 668/1276/1195 
s 16
f 696/1278/1196 682/1279/1197 686/1280/1180 
f 686/1280/1180 692/1281/1198 696/1278/1196 
s 64
f 697/1282/1199 688/1263/1200 691/1283/1188 
f 691/1283/1188 671/1284/1201 697/1282/1199 
s 2
f 695/1285/1202 698/1286/1203 667/1245/1158 
f 667/1245/1158 666/1287/1157 695/1285/1202 
s 4
f 696/1288/1204 692/1289/1191 670/1290/1161 
f 670/1290/1161 669/1291/1160 696/1288/1204 
s 8
f 698/1286/1205 684/1258/1178 673/1246/1165 
f 673/1246/1165 667/1245/1164 698/1286/1205 
s 32
f 681/1292/1206 680/1262/1183 677/1265/1170 
f 677/1265/1170 676/1293/1169 681/1292/1206 
s 8
f 672/1294/1207 690/1267/1208 683/1295/1177 
f 683/1295/1177 669/1291/1209 672/1294/1207 
s 32
f 693/1296/1210 685/1259/1211 689/1297/1185 
f 689/1297/1185 694/1298/1212 693/1296/1210 
s 2
f 676/1250/1190 675/1249/1213 695/1275/1202 
f 695/1275/1202 666/1299/1157 676/1250/1190 
s 4
f 697/1282/1214 671/1284/1162 670/1274/1161 
f 670/1274/1161 694/1273/1193 697/1282/1214 
s off
f 684/1258/1215 698/1286/1215 699/1300/1215 
f 699/1300/1215 700/1301/1215 684/1258/1215 
f 687/1302/1216 684/1303/1216 700/1304/1216 
f 700/1304/1216 701/1305/1216 687/1302/1216 
f 698/1306/1217 695/1275/1217 702/1307/1217 
f 702/1307/1217 699/1308/1217 698/1306/1217 
f 695/1275/1218 687/1261/1218 701/1309/1218 
f 701/1309/1218 702/1307/1218 695/1275/1218 
s 1
f 700/1310/1219 699/1308/1219 702/1307/1219 
f 702/1307/1219 701/1309/1219 700/1310/1219 
s 8
f 696/1278/1220 669/1311/1209 683/1312/1177 
f 683/1312/1177 682/1279/1176 696/1278/1220 
s 16
f 693/1296/1221 692/1313/1198 686/1260/1180 
f 686/1260/1180 685/1259/1179 693/1296/1221 
s 32
f 697/1282/1222 694/1273/1212 689/1264/1185 
f 689/1264/1185 688/1263/1184 697/1282/1222 
s 64
f 690/1267/1187 672/1294/1223 671/1314/1201 
f 671/1314/1201 691/1268/1188 690/1267/1187 
s 16
f 682/1279/1197 684/1303/1224 687/1302/1181 
f 687/1302/1181 686/1280/1180 682/1279/1197 
s 64
f 688/1263/1200 680/1262/1174 679/1315/1173 
f 679/1315/1173 691/1283/1188 688/1263/1200 
s 8
f 690/1267/1208 674/1266/1166 673/1316/1165 
f 673/1316/1165 683/1295/1177 690/1267/1208 
s 32
f 678/1252/1171 677/1251/1170 689/1297/1185 
f 689/1297/1185 685/1259/1211 678/1252/1171 
s 2
f 703/1317/1225 704/1318/1226 705/1319/1227 
f 705/1319/1227 706/1320/1228 703/1317/1225 
s 4
f 707/1321/1229 708/1322/1230 709/1323/1231 
f 709/1323/1231 710/1324/1232 707/1321/1229 
s 8
f 705/1319/1233 711/1325/1234 712/1326/1235 
f 712/1326/1235 706/1320/1236 705/1319/1233 
s 32
f 713/1327/1237 714/1328/1238 715/1329/1239 
f 715/1329/1239 716/1330/1240 713/1327/1237 
s 64
f 703/1331/1241 717/1332/1242 718/1333/1243 
f 718/1333/1243 719/1334/1244 703/1331/1241 
s 8
f 720/1335/1245 721/1336/1246 711/1325/1234 
f 711/1325/1234 722/1337/1247 720/1335/1245 
s 16
f 723/1338/1248 724/1339/1249 725/1340/1250 
f 725/1340/1250 716/1330/1251 723/1338/1248 
s 32
f 718/1341/1252 726/1342/1253 727/1343/1254 
f 727/1343/1254 715/1329/1239 718/1341/1252 
s 64
f 712/1344/1255 728/1345/1256 729/1346/1257 
f 729/1346/1257 717/1332/1242 712/1344/1255 
s 2
f 719/1347/1258 714/1348/1259 704/1318/1226 
f 704/1318/1226 703/1317/1225 719/1347/1258 
s 4
f 730/1349/1260 731/1350/1261 732/1351/1262 
f 732/1351/1262 708/1352/1230 730/1349/1260 
s 16
f 733/1353/1263 713/1354/1263 716/1355/1251 
f 716/1355/1251 725/1356/1250 733/1353/1263 
s 64
f 706/1320/1264 712/1326/1255 717/1357/1242 
f 717/1357/1242 703/1317/1241 706/1320/1264 
s 16
f 734/1358/1265 720/1359/1266 724/1360/1249 
f 724/1360/1249 730/1361/1267 734/1358/1265 
s 64
f 735/1362/1268 726/1363/1269 729/1346/1257 
f 729/1346/1257 709/1323/1270 735/1362/1268 
s 2
f 733/1364/1271 736/1365/1272 705/1319/1227 
f 705/1319/1227 704/1318/1226 733/1364/1271 
s 4
f 734/1366/1273 730/1367/1260 708/1322/1230 
f 708/1322/1230 707/1321/1229 734/1366/1273 
s 8
f 736/1365/1274 722/1337/1247 711/1325/1234 
f 711/1325/1234 705/1319/1233 736/1365/1274 
s 32
f 719/1368/1275 718/1341/1252 715/1329/1239 
f 715/1329/1239 714/1328/1238 719/1368/1275 
s 8
f 710/1369/1276 728/1370/1277 721/1336/1246 
f 721/1336/1246 707/1371/1278 710/1369/1276 
s 32
f 731/1350/1279 723/1338/1280 727/1343/1254 
f 727/1343/1254 732/1351/1281 731/1350/1279 
s 2
f 714/1372/1259 713/1354/1282 733/1353/1271 
f 733/1353/1271 704/1373/1226 714/1372/1259 
s 4
f 735/1374/1283 709/1375/1231 708/1352/1230 
f 708/1352/1230 732/1351/1262 735/1374/1283 
s off
f 722/1337/1284 736/1365/1284 737/1376/1284 
f 737/1376/1284 738/1377/1284 722/1337/1284 
f 725/1356/1285 722/1378/1285 738/1379/1285 
f 738/1379/1285 739/1380/1285 725/1356/1285 
f 736/1381/1286 733/1353/1286 740/1382/1286 
f 740/1382/1286 737/1383/1286 736/1381/1286 
f 733/1353/1287 725/1356/1287 739/1380/1287 
f 739/1380/1287 740/1382/1287 733/1353/1287 
s 1
f 738/1379/1288 737/1383/1288 740/1382/1288 
f 740/1382/1288 739/1380/1288 738/1379/1288 
s 8
f 734/1358/1289 707/1384/1278 721/1385/1246 
f 721/1385/1246 720/1359/1245 734/1358/1289 
s 16
f 731/1350/1290 730/1349/1267 724/1339/1249 
f 724/1339/1249 723/1338/1248 731/1350/1290 
s 32
f 735/1374/1291 732/1351/1281 727/1343/1254 
f 727/1343/1254 726/1342/1253 735/1374/1291 
s 64
f 728/1345/1256 710/1324/1292 709/1323/1270 
f 709/1323/1270 729/1346/1257 728/1345/1256 
s 16
f 720/1386/1266 722/1378/1293 725/1356/1250 
f 725/1356/1250 724/1387/1249 720/1386/1266 
s 64
f 726/1363/1269 718/1333/1243 717/1332/1242 
f 717/1332/1242 729/1346/1257 726/1363/1269 
s 8
f 728/1370/1277 712/1326/1235 711/1325/1234 
f 711/1325/1234 721/1336/1246 728/1370/1277 
s 32
f 716/1330/1240 715/1329/1239 727/1343/1254 
f 727/1343/1254 723/1338/1280 716/1330/1240 
s 2
f 741/1388/1294 742/1389/1295 743/1390/1296 
f 743/1390/1296 744/1391/1297 741/1388/1294 
s 4
f 745/1392/1298 746/1393/1299 747/1394/1300 
f 747/1394/1300 748/1395/1301 745/1392/1298 
s 8
f 743/1390/1302 749/1396/1303 750/1397/1304 
f 750/1397/1304 744/1391/1305 743/1390/1302 
s 32
f 751/1398/1306 752/1399/1307 753/1400/1308 
f 753/1400/1308 754/1401/1309 751/1398/1306 
s 64
f 741/1402/1310 755/1403/1311 756/1404/1312 
f 756/1404/1312 757/1405/1313 741/1402/1310 
s 8
f 758/1406/1314 759/1407/1315 749/1408/1303 
f 749/1408/1303 760/1409/1316 758/1406/1314 
s 16
f 761/1410/1317 762/1411/1318 763/1412/1319 
f 763/1412/1319 754/1413/1320 761/1410/1317 
s 32
f 756/1404/1321 764/1414/1322 765/1415/1323 
f 765/1415/1323 753/1416/1308 756/1404/1321 
s 64
f 750/1417/1324 766/1418/1325 767/1419/1326 
f 767/1419/1326 755/1403/1311 750/1417/1324 
s 2
f 757/1420/1327 752/1421/1328 742/1389/1295 
f 742/1389/1295 741/1388/1294 757/1420/1327 
s 4
f 768/1422/1329 769/1423/1330 770/1424/1331 
f 770/1424/1331 746/1393/1299 768/1422/1329 
s 16
f 771/1425/1332 751/1426/1332 754/1427/1320 
f 754/1427/1320 763/1428/1319 771/1425/1332 
s 64
f 744/1429/1333 750/1417/1324 755/1403/1311 
f 755/1403/1311 741/1402/1310 744/1429/1333 
s 16
f 772/1430/1334 758/1431/1335 762/1411/1318 
f 762/1411/1318 768/1422/1336 772/1430/1334 
s 64
f 773/1432/1337 764/1414/1338 767/1419/1326 
f 767/1419/1326 747/1433/1339 773/1432/1337 
s 2
f 771/1425/1340 774/1434/1341 743/1390/1296 
f 743/1390/1296 742/1389/1295 771/1425/1340 
s 4
f 772/1430/1342 768/1422/1329 746/1393/1299 
f 746/1393/1299 745/1392/1298 772/1430/1342 
s 8
f 774/1434/1343 760/1435/1316 749/1396/1303 
f 749/1396/1303 743/1390/1302 774/1434/1343 
s 32
f 757/1405/1137 756/1404/1321 753/1416/1308 
f 753/1416/1308 752/1436/1307 757/1405/1137 
s 8
f 748/1395/1344 766/1437/1345 759/1438/1315 
f 759/1438/1315 745/1392/1346 748/1395/1344 
s 32
f 769/1423/1347 761/1410/1348 765/1439/1323 
f 765/1439/1323 770/1424/1349 769/1423/1347 
s 2
f 752/1421/1328 751/1426/1350 771/1425/1340 
f 771/1425/1340 742/1389/1295 752/1421/1328 
s 4
f 773/1440/1351 747/1394/1300 746/1393/1299 
f 746/1393/1299 770/1424/1331 773/1440/1351 
s off
f 760/1435/1352 774/1434/1352 775/1441/1352 
f 775/1441/1352 776/1442/1352 760/1435/1352 
f 763/1412/1353 760/1443/1353 776/1444/1353 
f 776/1444/1353 777/1445/1353 763/1412/1353 
f 774/1434/1354 771/1425/1354 778/1446/1354 
f 778/1446/1354 775/1441/1354 774/1434/1354 
f 771/1425/1355 763/1428/1355 777/1447/1355 
f 777/1447/1355 778/1446/1355 771/1425/1355 
s 1
f 776/1442/1356 775/1441/1356 778/1446/1356 
f 778/1446/1356 777/1447/1356 776/1442/1356 
s 8
f 772/1430/1357 745/1392/1346 759/1438/1315 
f 759/1438/1315 758/1431/1314 772/1430/1357 
s 16
f 769/1423/1358 768/1422/1336 762/1411/1318 
f 762/1411/1318 761/1410/1317 769/1423/1358 
s 32
f 773/1432/1359 770/1448/1349 765/1415/1323 
f 765/1415/1323 764/1414/1322 773/1432/1359 
s 64
f 766/1437/1325 748/1395/1360 747/1394/1339 
f 747/1394/1339 767/1449/1326 766/1437/1325 
s 16
f 758/1431/1335 760/1443/1361 763/1412/1319 
f 763/1412/1319 762/1411/1318 758/1431/1335 
s 64
f 764/1414/1338 756/1404/1312 755/1403/1311 
f 755/1403/1311 767/1419/1326 764/1414/1338 
s 8
f 766/1450/1345 750/1451/1304 749/1408/1303 
f 749/1408/1303 759/1407/1315 766/1450/1345 
s 32
f 754/1401/1309 753/1400/1308 765/1452/1323 
f 765/1452/1323 761/1453/1348 754/1401/1309 
s 2
f 779/1454/1362 780/1455/1363 781/1456/1364 
f 781/1456/1364 782/1457/1365 779/1454/1362 
s 4
f 783/1458/1366 784/1459/1367 785/1460/1368 
f 785/1460/1368 786/1461/1369 783/1458/1366 
s 8
f 781/1456/1370 787/1462/1371 788/1463/1372 
f 788/1463/1372 782/1457/1373 781/1456/1370 
s 32
f 789/1464/1374 790/1465/1375 791/1466/1376 
f 791/1466/1376 792/1467/1377 789/1464/1374 
s 64
f 779/1468/1378 793/1469/1379 794/1470/1380 
f 794/1470/1380 795/1471/1381 779/1468/1378 
s 8
f 796/1472/1382 797/1473/1383 787/1474/1371 
f 787/1474/1371 798/1475/1384 796/1472/1382 
s 16
f 799/1476/1385 800/1477/1386 801/1478/1387 
f 801/1478/1387 792/1479/1388 799/1476/1385 
s 32
f 794/1480/1389 802/1481/1390 803/1482/1391 
f 803/1482/1391 791/1483/1376 794/1480/1389 
s 64
f 788/1484/1392 804/1485/1393 805/1486/1394 
f 805/1486/1394 793/1469/1379 788/1484/1392 
s 2
f 795/1471/1395 790/1487/1396 780/1488/1363 
f 780/1488/1363 779/1468/1362 795/1471/1395 
s 4
f 806/1489/1397 807/1490/1398 808/1491/1399 
f 808/1491/1399 784/1459/1367 806/1489/1397 
s 16
f 809/1492/1400 789/1464/1400 792/1467/1388 
f 792/1467/1388 801/1493/1387 809/1492/1400 
s 64
f 782/1494/1401 788/1484/1392 793/1469/1379 
f 793/1469/1379 779/1468/1378 782/1494/1401 
s 16
f 810/1495/1402 796/1472/1403 800/1477/1386 
f 800/1477/1386 806/1496/1404 810/1495/1402 
s 64
f 811/1497/1405 802/1498/1406 805/1486/1394 
f 805/1486/1394 785/1499/1407 811/1497/1405 
s 2
f 809/1500/1408 812/1501/1409 781/1456/1364 
f 781/1456/1364 780/1455/1363 809/1500/1408 
s 4
f 810/1502/1410 806/1503/1397 784/1504/1367 
f 784/1504/1367 783/1505/1366 810/1502/1410 
s 8
f 812/1501/1411 798/1506/1384 787/1462/1371 
f 787/1462/1371 781/1456/1370 812/1501/1411 
s 32
f 795/1471/1412 794/1470/1389 791/1507/1376 
f 791/1507/1376 790/1487/1375 795/1471/1412 
s 8
f 786/1508/1413 804/1509/1414 797/1510/1383 
f 797/1510/1383 783/1505/1415 786/1508/1413 
s 32
f 807/1490/1416 799/1511/1417 803/1482/1391 
f 803/1482/1391 808/1491/1418 807/1490/1416 
s 2
f 790/1465/1396 789/1464/1419 809/1492/1408 
f 809/1492/1408 780/1512/1363 790/1465/1396 
s 4
f 811/1513/1420 785/1460/1368 784/1459/1367 
f 784/1459/1367 808/1491/1399 811/1513/1420 
s off
f 798/1506/1421 812/1501/1421 813/1514/1421 
f 813/1514/1421 814/1515/1421 798/1506/1421 
f 801/1478/1422 798/1475/1422 814/1516/1422 
f 814/1516/1422 815/1517/1422 801/1478/1422 
f 812/1501/1423 809/1500/1423 816/1518/1423 
f 816/1518/1423 813/1514/1423 812/1501/1423 
f 809/1519/1424 801/1478/1424 815/1517/1424 
f 815/1517/1424 816/1520/1424 809/1519/1424 
s 1
f 814/1516/1425 813/1521/1425 816/1520/1425 
f 816/1520/1425 815/1517/1425 814/1516/1425 
s 8
f 810/1502/1426 783/1505/1415 797/1510/1383 
f 797/1510/1383 796/1522/1382 810/1502/1426 
s 16
f 807/1523/1427 806/1496/1404 800/1477/1386 
f 800/1477/1386 799/1476/1385 807/1523/1427 
s 32
f 811/1513/1428 808/1491/1418 803/1482/1391 
f 803/1482/1391 802/1481/1390 811/1513/1428 
s 64
f 804/1485/1393 786/1524/1429 785/1499/1407 
f 785/1499/1407 805/1486/1394 804/1485/1393 
s 16
f 796/1472/1403 798/1475/1430 801/1478/1387 
f 801/1478/1387 800/1477/1386 796/1472/1403 
s 64
f 802/1481/1406 794/1480/1380 793/1525/1379 
f 793/1525/1379 805/1526/1394 802/1481/1406 
s 8
f 804/1485/1414 788/1484/1372 787/1527/1371 
f 787/1527/1371 797/1528/1383 804/1485/1414 
s 32
f 792/1467/1377 791/1466/1376 803/1529/1391 
f 803/1529/1391 799/1530/1417 792/1467/1377 
s 2
f 817/1531/1431 818/1532/1432 819/1533/1433 
f 819/1533/1433 820/1534/1434 817/1531/1431 
s 4
f 821/1535/1435 822/1536/1436 823/1537/1437 
f 823/1537/1437 824/1538/1438 821/1535/1435 
s 8
f 819/1539/1439 825/1540/1440 826/1541/1441 
f 826/1541/1441 820/1542/1442 819/1539/1439 
s 32
f 827/1543/1443 828/1544/1444 829/1545/1445 
f 829/1545/1445 830/1546/1446 827/1543/1443 
s 64
f 817/1531/1447 831/1547/1448 832/1548/1449 
f 832/1548/1449 833/1549/1450 817/1531/1447 
s 8
f 834/1550/1451 835/1551/1452 825/1552/1440 
f 825/1552/1440 836/1553/1453 834/1550/1451 
s 16
f 837/1554/1454 838/1555/1455 839/1556/1456 
f 839/1556/1456 830/1557/1457 837/1554/1454 
s 32
f 832/1558/1458 840/1559/1459 841/1560/1460 
f 841/1560/1460 829/1561/1445 832/1558/1458 
s 64
f 826/1562/1461 842/1563/1462 843/1564/1463 
f 843/1564/1463 831/1565/1448 826/1562/1461 
s 2
f 833/1549/1464 828/1544/1465 818/1532/1432 
f 818/1532/1432 817/1531/1431 833/1549/1464 
s 4
f 844/1566/1466 845/1567/1467 846/1568/1468 
f 846/1568/1468 822/1536/1436 844/1566/1466 
s 16
f 847/1569/1469 827/1543/1469 830/1546/1457 
f 830/1546/1457 839/1570/1456 847/1569/1469 
s 64
f 820/1571/1470 826/1562/1461 831/1565/1448 
f 831/1565/1448 817/1572/1447 820/1571/1470 
s 16
f 848/1573/1471 834/1550/1472 838/1574/1455 
f 838/1574/1455 844/1566/1473 848/1573/1471 
s 64
f 849/1575/1474 840/1559/1475 843/1564/1463 
f 843/1564/1463 823/1576/1476 849/1575/1474 
s 2
f 847/1569/1477 850/1577/1478 819/1533/1433 
f 819/1533/1433 818/1532/1432 847/1569/1477 
s 4
f 848/1573/1479 844/1566/1466 822/1536/1436 
f 822/1536/1436 821/1535/1435 848/1573/1479 
s 8
f 850/1578/1480 836/1579/1453 825/1540/1440 
f 825/1540/1440 819/1539/1439 850/1578/1480 
s 32
f 833/1549/1481 832/1548/1458 829/1545/1445 
f 829/1545/1445 828/1544/1444 833/1549/1481 
s 8
f 824/1538/1482 842/1580/1483 835/1551/1452 
f 835/1551/1452 821/1535/1484 824/1538/1482 
s 32
f 845/1581/1485 837/1554/1486 841/1582/1460 
f 841/1582/1460 846/1583/1487 845/1581/1485 
s 2
f 828/1544/1465 827/1543/1488 847/1569/1477 
f 847/1569/1477 818/1532/1432 828/1544/1465 
s 4
f 849/1584/1489 823/1537/1437 822/1536/1436 
f 822/1536/1436 846/1568/1468 849/1584/1489 
s off
f 836/1579/1490 850/1578/1490 851/1585/1490 
f 851/1585/1490 852/1586/1490 836/1579/1490 
f 839/1587/1491 836/1553/1491 852/1588/1491 
f 852/1588/1491 853/1589/1491 839/1587/1491 
f 850/1577/1492 847/1569/1492 854/1590/1492 
f 854/1590/1492 851/1591/1492 850/1577/1492 
f 847/1569/1493 839/1570/1493 853/1592/1493 
f 853/1592/1493 854/1590/1493 847/1569/1493 
s 1
f 852/1593/1494 851/1591/1494 854/1590/1494 
f 854/1590/1494 853/1592/1494 852/1593/1494 
s 8
f 848/1573/1495 821/1535/1484 835/1551/1452 
f 835/1551/1452 834/1550/1451 848/1573/1495 
s 16
f 845/1567/1496 844/1566/1473 838/1574/1455 
f 838/1574/1455 837/1594/1454 845/1567/1496 
s 32
f 849/1575/1497 846/1595/1487 841/1560/1460 
f 841/1560/1460 840/1559/1459 849/1575/1497 
s 64
f 842/1563/1462 824/1596/1498 823/1576/1476 
f 823/1576/1476 843/1564/1463 842/1563/1462 
s 16
f 834/1550/1472 836/1553/1499 839/1587/1456 
f 839/1587/1456 838/1574/1455 834/1550/1472 
s 64
f 840/1559/1475 832/1558/1449 831/1565/1448 
f 831/1565/1448 843/1564/1463 840/1559/1475 
s 8
f 842/1597/1483 826/1541/1441 825/1540/1440 
f 825/1540/1440 835/1598/1452 842/1597/1483 
s 32
f 830/1557/1446 829/1599/1445 841/1582/1460 
f 841/1582/1460 837/1554/1486 830/1557/1446 
s 2
f 855/1600/1500 856/1601/1501 857/1602/1502 
f 857/1602/1502 858/1603/1503 855/1600/1500 
s 4
f 859/1604/1504 860/1605/1505 861/1606/1506 
f 861/1606/1506 862/1607/1507 859/1604/1504 
s 8
f 857/1608/1508 863/1609/1509 864/1610/1510 
f 864/1610/1510 858/1611/1511 857/1608/1508 
s 32
f 865/1612/1512 866/1613/1513 867/1614/1514 
f 867/1614/1514 868/1615/1515 865/1612/1512 
s 64
f 855/1600/1516 869/1616/1517 870/1617/1518 
f 870/1617/1518 871/1618/1519 855/1600/1516 
s 8
f 872/1619/1520 873/1620/1521 863/1621/1509 
f 863/1621/1509 874/1622/1522 872/1619/1520 
s 16
f 875/1623/1523 876/1624/1524 877/1625/1525 
f 877/1625/1525 868/1626/1526 875/1623/1523 
s 32
f 870/1627/1527 878/1628/1528 879/1629/1529 
f 879/1629/1529 867/1630/1514 870/1627/1527 
s 64
f 864/1610/1530 880/1631/1531 881/1632/1532 
f 881/1632/1532 869/1633/1517 864/1610/1530 
s 2
f 871/1618/1533 866/1634/1534 856/1601/1501 
f 856/1601/1501 855/1600/1500 871/1618/1533 
s 4
f 882/1635/1535 883/1636/1536 884/1637/1537 
f 884/1637/1537 860/1605/1505 882/1635/1535 
s 16
f 885/1638/1538 865/1639/1538 868/1640/1526 
f 868/1640/1526 877/1641/1525 885/1638/1538 
s 64
f 858/1611/1539 864/1610/1530 869/1633/1517 
f 869/1633/1517 855/1642/1516 858/1611/1539 
s 16
f 886/1643/1540 872/1619/1541 876/1624/1524 
f 876/1624/1524 882/1635/1542 886/1643/1540 
s 64
f 887/1644/1543 878/1628/1544 881/1632/1532 
f 881/1632/1532 861/1645/1545 887/1644/1543 
s 2
f 885/1638/1546 888/1646/1547 857/1602/1502 
f 857/1602/1502 856/1601/1501 885/1638/1546 
s 4
f 886/1643/1548 882/1635/1535 860/1605/1505 
f 860/1605/1505 859/1604/1504 886/1643/1548 
s 8
f 888/1647/1549 874/1648/1522 863/1649/1509 
f 863/1649/1509 857/1650/1508 888/1647/1549 
s 32
f 871/1651/1550 870/1627/1527 867/1630/1514 
f 867/1630/1514 866/1652/1513 871/1651/1550 
s 8
f 862/1653/1551 880/1654/1552 873/1655/1521 
f 873/1655/1521 859/1656/1553 862/1653/1551 
s 32
f 883/1657/1554 875/1658/1555 879/1629/1529 
f 879/1629/1529 884/1659/1556 883/1657/1554 
s 2
f 866/1634/1534 865/1639/1557 885/1638/1546 
f 885/1638/1546 856/1601/1501 866/1634/1534 
s 4
f 887/1660/1558 861/1606/1506 860/1605/1505 
f 860/1605/1505 884/1637/1537 887/1660/1558 
s off
f 874/1661/1559 888/1662/1559 889/1663/1559 
f 889/1663/1559 890/1664/1559 874/1661/1559 
f 877/1625/1560 874/1622/1560 890/1665/1560 
f 890/1665/1560 891/1666/1560 877/1625/1560 
f 888/1646/1561 885/1638/1561 892/1667/1561 
f 892/1667/1561 889/1668/1561 888/1646/1561 
f 885/1669/1562 877/1670/1562 891/1671/1562 
f 891/1671/1562 892/1672/1562 885/1669/1562 
s 1
f 890/1664/1563 889/1663/1563 892/1673/1563 
f 892/1673/1563 891/1674/1563 890/1664/1563 
s 8
f 886/1643/1564 859/1604/1553 873/1620/1521 
f 873/1620/1521 872/1619/1520 886/1643/1564 
s 16
f 883/1636/1565 882/1635/1542 876/1624/1524 
f 876/1624/1524 875/1623/1523 883/1636/1565 
s 32
f 887/1644/1566 884/1659/1556 879/1629/1529 
f 879/1629/1529 878/1628/1528 887/1644/1566 
s 64
f 880/1631/1531 862/1675/1567 861/1645/1545 
f 861/1645/1545 881/1632/1532 880/1631/1531 
s 16
f 872/1619/1541 874/1622/1568 877/1625/1525 
f 877/1625/1525 876/1624/1524 872/1619/1541 
s 64
f 878/1628/1544 870/1627/1518 869/1633/1517 
f 869/1633/1517 881/1632/1532 878/1628/1544 
s 8
f 880/1631/1552 864/1610/1510 863/1609/1509 
f 863/1609/1509 873/1676/1521 880/1631/1552 
s 32
f 868/1677/1515 867/1630/1514 879/1629/1529 
f 879/1629/1529 875/1658/1555 868/1677/1515 
s 2
f 893/1678/1569 894/1679/1570 895/1680/1571 
f 895/1680/1571 896/1681/1572 893/1678/1569 
s 4
f 897/1682/1573 898/1683/1574 899/1684/1575 
f 899/1684/1575 900/1685/1576 897/1682/1573 
s 8
f 895/1686/1577 901/1687/1578 902/1688/1579 
f 902/1688/1579 896/1689/1580 895/1686/1577 
s 32
f 903/1690/1581 904/1691/1582 905/1692/1583 
f 905/1692/1583 906/1693/1584 903/1690/1581 
s 64
f 893/1694/1585 907/1695/1586 908/1696/1587 
f 908/1696/1587 909/1697/1588 893/1694/1585 
s 8
f 910/1698/1589 911/1699/1590 901/1687/1578 
f 901/1687/1578 912/1700/1591 910/1698/1589 
s 16
f 913/1701/1592 914/1702/1593 915/1703/1594 
f 915/1703/1594 906/1693/1595 913/1701/1592 
s 32
f 908/1704/1596 916/1705/1597 917/1706/1598 
f 917/1706/1598 905/1707/1583 908/1704/1596 
s 64
f 902/1708/1599 918/1709/1600 919/1710/1601 
f 919/1710/1601 907/1711/1586 902/1708/1599 
s 2
f 909/1697/1602 904/1712/1603 894/1713/1570 
f 894/1713/1570 893/1694/1569 909/1697/1602 
s 4
f 920/1714/1604 921/1715/1605 922/1716/1606 
f 922/1716/1606 898/1683/1574 920/1714/1604 
s 16
f 923/1717/1607 903/1690/1607 906/1693/1595 
f 906/1693/1595 915/1703/1594 923/1717/1607 
s 64
f 896/1689/1608 902/1688/1599 907/1718/1586 
f 907/1718/1586 893/1719/1585 896/1689/1608 
s 16
f 924/1720/1609 910/1721/1610 914/1722/1593 
f 914/1722/1593 920/1723/1611 924/1720/1609 
s 64
f 925/1724/1612 916/1705/1613 919/1710/1601 
f 919/1710/1601 899/1684/1614 925/1724/1612 
s 2
f 923/1725/1615 926/1726/1616 895/1680/1571 
f 895/1680/1571 894/1679/1570 923/1725/1615 
s 4
f 924/1727/1617 920/1714/1604 898/1683/1574 
f 898/1683/1574 897/1682/1573 924/1727/1617 
s 8
f 926/1726/1618 912/1728/1591 901/1729/1578 
f 901/1729/1578 895/1680/1577 926/1726/1618 
s 32
f 909/1697/1619 908/1696/1596 905/1730/1583 
f 905/1730/1583 904/1712/1582 909/1697/1619 
s 8
f 900/1731/1620 918/1732/1621 911/1699/1590 
f 911/1699/1590 897/1733/1622 900/1731/1620 
s 32
f 921/1715/1623 913/1734/1624 917/1706/1598 
f 917/1706/1598 922/1716/1625 921/1715/1623 
s 2
f 904/1712/1603 903/1735/1626 923/1736/1615 
f 923/1736/1615 894/1713/1570 904/1712/1603 
s 4
f 925/1724/1627 899/1684/1575 898/1683/1574 
f 898/1683/1574 922/1716/1606 925/1724/1627 
s off
f 912/1700/1628 926/1737/1628 927/1738/1628 
f 927/1738/1628 928/1739/1628 912/1700/1628 
f 915/1740/1629 912/1741/1629 928/1742/1629 
f 928/1742/1629 929/1743/1629 915/1740/1629 
f 926/1726/1630 923/1725/1630 930/1744/1630 
f 930/1744/1630 927/1745/1630 926/1726/1630 
f 923/1717/1631 915/1703/1631 929/1746/1631 
f 929/1746/1631 930/1747/1631 923/1717/1631 
s 1
f 928/1748/1632 927/1745/1632 930/1744/1632 
f 930/1744/1632 929/1749/1632 928/1748/1632 
s 8
f 924/1720/1633 897/1750/1622 911/1751/1590 
f 911/1751/1590 910/1721/1589 924/1720/1633 
s 16
f 921/1752/1634 920/1753/1611 914/1702/1593 
f 914/1702/1593 913/1701/1592 921/1752/1634 
s 32
f 925/1724/1635 922/1716/1625 917/1706/1598 
f 917/1706/1598 916/1705/1597 925/1724/1635 
s 64
f 918/1732/1600 900/1731/1636 899/1754/1614 
f 899/1754/1614 919/1755/1601 918/1732/1600 
s 16
f 910/1721/1610 912/1741/1637 915/1740/1594 
f 915/1740/1594 914/1722/1593 910/1721/1610 
s 64
f 916/1705/1613 908/1704/1587 907/1711/1586 
f 907/1711/1586 919/1710/1601 916/1705/1613 
s 8
f 918/1732/1621 902/1688/1579 901/1687/1578 
f 901/1687/1578 911/1699/1590 918/1732/1621 
s 32
f 906/1693/1584 905/1692/1583 917/1756/1598 
f 917/1756/1598 913/1701/1624 906/1693/1584 
s 2
f 931/1757/1638 932/1758/1639 933/1759/1640 
f 933/1759/1640 934/1760/1641 931/1757/1638 
s 4
f 935/1761/1642 936/1762/1643 937/1763/1644 
f 937/1763/1644 938/1764/1645 935/1761/1642 
s 8
f 933/1759/1646 939/1765/1647 940/1766/1648 
f 940/1766/1648 934/1760/1649 933/1759/1646 
s 32
f 941/1767/1650 942/1768/1651 943/1769/1652 
f 943/1769/1652 944/1770/1653 941/1767/1650 
s 64
f 931/1771/1654 945/1772/1655 946/1773/1656 
f 946/1773/1656 947/1774/1657 931/1771/1654 
s 8
f 948/1775/1658 949/1776/1659 939/1765/1647 
f 939/1765/1647 950/1777/1660 948/1775/1658 
s 16
f 951/1778/1661 952/1779/1662 953/1780/1663 
f 953/1780/1663 944/1770/1664 951/1778/1661 
s 32
f 946/1781/1665 954/1782/1666 955/1783/1667 
f 955/1783/1667 943/1769/1652 946/1781/1665 
s 64
f 940/1784/1668 956/1785/1669 957/1786/1670 
f 957/1786/1670 945/1772/1655 940/1784/1668 
s 2
f 947/1787/1671 942/1788/1672 932/1758/1639 
f 932/1758/1639 931/1757/1638 947/1787/1671 
s 4
f 958/1789/1673 959/1790/1674 960/1791/1675 
f 960/1791/1675 936/1762/1643 958/1789/1673 
s 16
f 961/1792/1676 941/1793/1676 944/1794/1664 
f 944/1794/1664 953/1795/1663 961/1792/1676 
s 64
f 934/1796/1677 940/1784/1668 945/1772/1655 
f 945/1772/1655 931/1771/1654 934/1796/1677 
s 16
f 962/1797/1678 948/1798/1679 952/1799/1662 
f 952/1799/1662 958/1800/1680 962/1797/1678 
s 64
f 963/1801/1681 954/1782/1682 957/1802/1670 
f 957/1802/1670 937/1763/1683 963/1801/1681 
s 2
f 961/1803/1684 964/1804/1685 933/1759/1640 
f 933/1759/1640 932/1758/1639 961/1803/1684 
s 4
f 962/1805/1686 958/1789/1673 936/1762/1643 
f 936/1762/1643 935/1761/1642 962/1805/1686 
s 8
f 964/1804/1687 950/1777/1660 939/1765/1647 
f 939/1765/1647 933/1759/1646 964/1804/1687 
s 32
f 947/1806/1688 946/1781/1665 943/1769/1652 
f 943/1769/1652 942/1768/1651 947/1806/1688 
s 8
f 938/1807/1689 956/1808/1690 949/1809/1659 
f 949/1809/1659 935/1810/1691 938/1807/1689 
s 32
f 959/1790/1692 951/1778/1693 955/1783/1667 
f 955/1783/1667 960/1791/1694 959/1790/1692 
s 2
f 942/1811/1672 941/1793/1695 961/1792/1684 
f 961/1792/1684 932/1812/1639 942/1811/1672 
s 4
f 963/1801/1696 937/1763/1644 936/1762/1643 
f 936/1762/1643 960/1791/1675 963/1801/1696 
s off
f 950/1777/1697 964/1804/1697 965/1813/1697 
f 965/1813/1697 966/1814/1697 950/1777/1697 
f 953/1795/1698 950/1815/1698 966/1816/1698 
f 966/1816/1698 967/1817/1698 953/1795/1698 
f 964/1804/1699 961/1803/1699 968/1818/1699 
f 968/1818/1699 965/1813/1699 964/1804/1699 
f 961/1792/1700 953/1795/1700 967/1817/1700 
f 967/1817/1700 968/1819/1700 961/1792/1700 
s 1
f 966/1816/1701 965/1820/1701 968/1819/1701 
f 968/1819/1701 967/1817/1701 966/1816/1701 
s 8
f 962/1797/1702 935/1810/1691 949/1809/1659 
f 949/1809/1659 948/1798/1658 962/1797/1702 
s 16
f 959/1790/1703 958/1789/1680 952/1779/1662 
f 952/1779/1662 951/1778/1661 959/1790/1703 
s 32
f 963/1801/1704 960/1791/1694 955/1783/1667 
f 955/1783/1667 954/1782/1666 963/1801/1704 
s 64
f 956/1785/1669 938/1821/1705 937/1822/1683 
f 937/1822/1683 957/1786/1670 956/1785/1669 
s 16
f 948/1823/1679 950/1815/1706 953/1795/1663 
f 953/1795/1663 952/1824/1662 948/1823/1679 
s 64
f 954/1782/1682 946/1781/1656 945/1825/1655 
f 945/1825/1655 957/1802/1670 954/1782/1682 
s 8
f 956/1826/1690 940/1766/1648 939/1765/1647 
f 939/1765/1647 949/1776/1659 956/1826/1690 
s 32
f 944/1770/1653 943/1769/1652 955/1783/1667 
f 955/1783/1667 951/1778/1693 944/1770/1653 
s 2
f 969/1827/1707 970/1828/1708 971/1829/1709 
f 971/1829/1709 972/1830/1710 969/1827/1707 
s 4
f 973/1831/1711 974/1832/1712 975/1833/1713 
f 975/1833/1713 976/1834/1714 973/1831/1711 
s 8
f 971/1835/1715 977/1836/1716 978/1837/1717 
f 978/1837/1717 972/1838/1718 971/1835/1715 
s 32
f 979/1839/1719 980/1840/1720 981/1841/1721 
f 981/1841/1721 982/1842/1722 979/1839/1719 
s 64
f 969/1843/1723 983/1844/1724 984/1845/1725 
f 984/1845/1725 985/1846/1726 969/1843/1723 
s 8
f 986/1847/1727 987/1848/1728 977/1849/1716 
f 977/1849/1716 988/1850/1729 986/1847/1727 
s 16
f 989/1851/1730 990/1852/1731 991/1853/1732 
f 991/1853/1732 982/1854/1733 989/1851/1730 
s 32
f 984/1855/1734 992/1856/1735 993/1857/1736 
f 993/1857/1736 981/1858/1721 984/1855/1734 
s 64
f 978/1859/1737 994/1860/1738 995/1861/1739 
f 995/1861/1739 983/1844/1724 978/1859/1737 
s 2
f 985/1862/1740 980/1840/1741 970/1828/1708 
f 970/1828/1708 969/1827/1707 985/1862/1740 
s 4
f 996/1863/1742 997/1864/1743 998/1865/1744 
f 998/1865/1744 974/1832/1712 996/1863/1742 
s 16
f 999/1866/1745 979/1839/1745 982/1842/1733 
f 982/1842/1733 991/1867/1732 999/1866/1745 
s 64
f 972/1868/1746 978/1859/1737 983/1844/1724 
f 983/1844/1724 969/1843/1723 972/1868/1746 
s 16
f 1000/1869/1747 986/1870/1748 990/1871/1731 
f 990/1871/1731 996/1872/1749 1000/1869/1747 
s 64
f 1001/1873/1750 992/1874/1751 995/1861/1739 
f 995/1861/1739 975/1875/1752 1001/1873/1750 
s 2
f 999/1866/1753 1002/1876/1754 971/1829/1709 
f 971/1829/1709 970/1828/1708 999/1866/1753 
s 4
f 1000/1877/1755 996/1863/1742 974/1832/1712 
f 974/1832/1712 973/1831/1711 1000/1877/1755 
s 8
f 1002/1878/1756 988/1879/1729 977/1836/1716 
f 977/1836/1716 971/1835/1715 1002/1878/1756 
s 32
f 985/1862/1757 984/1880/1734 981/1841/1721 
f 981/1841/1721 980/1840/1720 985/1862/1757 
s 8
f 976/1834/1758 994/1881/1759 987/1848/1728 
f 987/1848/1728 973/1831/1760 976/1834/1758 
s 32
f 997/1882/1761 989/1851/1762 993/1857/1736 
f 993/1857/1736 998/1883/1763 997/1882/1761 
s 2
f 980/1840/1741 979/1839/1764 999/1866/1753 
f 999/1866/1753 970/1828/1708 980/1840/1741 
s 4
f 1001/1884/1765 975/1833/1713 974/1832/1712 
f 974/1832/1712 998/1865/1744 1001/1884/1765 
s off
f 988/1879/1766 1002/1878/1766 1003/1885/1766 
f 1003/1885/1766 1004/1886/1766 988/1879/1766 
f 991/1887/1767 988/1888/1767 1004/1889/1767 
f 1004/1889/1767 1005/1890/1767 991/1887/1767 
f 1002/1876/1768 999/1866/1768 1006/1891/1768 
f 1006/1891/1768 1003/1892/1768 1002/1876/1768 
f 999/1866/1769 991/1867/1769 1005/1893/1769 
f 1005/1893/1769 1006/1891/1769 999/1866/1769 
s 1
f 1004/1894/1770 1003/1892/1770 1006/1891/1770 
f 1006/1891/1770 1005/1893/1770 1004/1894/1770 
s 8
f 1000/1877/1771 973/1831/1760 987/1848/1728 
f 987/1848/1728 986/1847/1727 1000/1877/1771 
s 16
f 997/1882/1772 996/1895/1749 990/1852/1731 
f 990/1852/1731 989/1851/1730 997/1882/1772 
s 32
f 1001/1896/1773 998/1883/1763 993/1857/1736 
f 993/1857/1736 992/1856/1735 1001/1896/1773 
s 64
f 994/1860/1738 976/1897/1774 975/1875/1752 
f 975/1875/1752 995/1861/1739 994/1860/1738 
s 16
f 986/1870/1748 988/1888/1775 991/1887/1732 
f 991/1887/1732 990/1871/1731 986/1870/1748 
s 64
f 992/1874/1751 984/1845/1725 983/1844/1724 
f 983/1844/1724 995/1861/1739 992/1874/1751 
s 8
f 994/1898/1759 978/1837/1717 977/1836/1716 
f 977/1836/1716 987/1899/1728 994/1898/1759 
s 32
f 982/1854/1722 981/1858/1721 993/1857/1736 
f 993/1857/1736 989/1851/1762 982/1854/1722 
s 2
f 1007/1900/1776 1008/1901/1777 1009/1902/1778 
f 1009/1902/1778 1010/1903/1779 1007/1900/1776 
s 4
f 1011/1904/1780 1012/1905/1781 1013/1906/1782 
f 1013/1906/1782 1014/1907/1783 1011/1904/1780 
s 8
f 1009/1902/1784 1015/1908/1785 1016/1909/1786 
f 1016/1909/1786 1010/1903/1787 1009/1902/1784 
s 32
f 1017/1910/1788 1018/1911/1789 1019/1912/1790 
f 1019/1912/1790 1020/1913/1791 1017/1910/1788 
s 64
f 1007/1900/1792 1021/1914/1793 1022/1915/1794 
f 1022/1915/1794 1023/1916/1795 1007/1900/1792 
s 8
f 1024/1917/1796 1025/1918/1797 1015/1919/1785 
f 1015/1919/1785 1026/1920/1798 1024/1917/1796 
s 16
f 1027/1921/1799 1028/1922/1800 1029/1923/1801 
f 1029/1923/1801 1020/1924/1802 1027/1921/1799 
s 32
f 1022/1925/1803 1030/1926/1804 1031/1927/1805 
f 1031/1927/1805 1019/1928/1790 1022/1925/1803 
s 64
f 1016/1909/1806 1032/1929/1807 1033/1930/1808 
f 1033/1930/1808 1021/1914/1793 1016/1909/1806 
s 2
f 1023/1931/1809 1018/1911/1810 1008/1932/1777 
f 1008/1932/1777 1007/1933/1776 1023/1931/1809 
s 4
f 1034/1934/1811 1035/1935/1812 1036/1936/1813 
f 1036/1936/1813 1012/1905/1781 1034/1934/1811 
s 16
f 1037/1937/1814 1017/1910/1814 1020/1913/1802 
f 1020/1913/1802 1029/1938/1801 1037/1937/1814 
s 64
f 1010/1903/1815 1016/1909/1806 1021/1914/1793 
f 1021/1914/1793 1007/1900/1792 1010/1903/1815 
s 16
f 1038/1939/1816 1024/1917/1817 1028/1940/1800 
f 1028/1940/1800 1034/1934/1818 1038/1939/1816 
s 64
f 1039/1941/1819 1030/1942/1820 1033/1930/1808 
f 1033/1930/1808 1013/1943/1821 1039/1941/1819 
s 2
f 1037/1937/1822 1040/1944/1823 1009/1945/1778 
f 1009/1945/1778 1008/1932/1777 1037/1937/1822 
s 4
f 1038/1939/1824 1034/1934/1811 1012/1905/1781 
f 1012/1905/1781 1011/1904/1780 1038/1939/1824 
s 8
f 1040/1946/1825 1026/1920/1798 1015/1919/1785 
f 1015/1919/1785 1009/1947/1784 1040/1946/1825 
s 32
f 1023/1931/1826 1022/1948/1803 1019/1912/1790 
f 1019/1912/1790 1018/1911/1789 1023/1931/1826 
s 8
f 1014/1907/1827 1032/1949/1828 1025/1918/1797 
f 1025/1918/1797 1011/1904/1829 1014/1907/1827 
s 32
f 1035/1950/1830 1027/1921/1831 1031/1927/1805 
f 1031/1927/1805 1036/1951/1832 1035/1950/1830 
s 2
f 1018/1911/1810 1017/1910/1833 1037/1937/1822 
f 1037/1937/1822 1008/1932/1777 1018/1911/1810 
s 4
f 1039/1952/1834 1013/1906/1782 1012/1905/1781 
f 1012/1905/1781 1036/1936/1813 1039/1952/1834 
s off
f 1026/1953/1835 1040/1954/1835 1041/1955/1835 
f 1041/1955/1835 1042/1956/1835 1026/1953/1835 
f 1029/1957/1836 1026/1920/1836 1042/1958/1836 
f 1042/1958/1836 1043/1959/1836 1029/1957/1836 
f 1040/1944/1837 1037/1937/1837 1044/1960/1837 
f 1044/1960/1837 1041/1961/1837 1040/1944/1837 
f 1037/1937/1838 1029/1938/1838 1043/1962/1838 
f 1043/1962/1838 1044/1960/1838 1037/1937/1838 
s 1
f 1042/1956/1839 1041/1955/1839 1044/1963/1839 
f 1044/1963/1839 1043/1964/1839 1042/1956/1839 
s 8
f 1038/1939/1840 1011/1904/1829 1025/1918/1797 
f 1025/1918/1797 1024/1917/1796 1038/1939/1840 
s 16
f 1035/1950/1841 1034/1965/1818 1028/1922/1800 
f 1028/1922/1800 1027/1921/1799 1035/1950/1841 
s 32
f 1039/1966/1842 1036/1951/1832 1031/1927/1805 
f 1031/1927/1805 1030/1926/1804 1039/1966/1842 
s 64
f 1032/1929/1807 1014/1967/1843 1013/1943/1821 
f 1013/1943/1821 1033/1930/1808 1032/1929/1807 
s 16
f 1024/1917/1817 1026/1920/1844 1029/1957/1801 
f 1029/1957/1801 1028/1940/1800 1024/1917/1817 
s 64
f 1030/1942/1820 1022/1915/1794 1021/1914/1793 
f 1021/1914/1793 1033/1930/1808 1030/1942/1820 
s 8
f 1032/1929/1828 1016/1909/1786 1015/1908/1785 
f 1015/1908/1785 1025/1968/1797 1032/1929/1828 
s 32
f 1020/1924/1791 1019/1928/1790 1031/1927/1805 
f 1031/1927/1805 1027/1921/1831 1020/1924/1791 
s 2
f 1045/1969/1845 1046/1970/1846 1047/1971/1847 
f 1047/1971/1847 1048/1972/1848 1045/1969/1845 
s 4
f 1049/1973/1849 1050/1974/1850 1051/1975/1851 
f 1051/1975/1851 1052/1976/1852 1049/1973/1849 
s 8
f 1047/1971/1853 1053/1977/1854 1054/1978/1855 
f 1054/1978/1855 1048/1972/1856 1047/1971/1853 
s 32
f 1055/1979/1857 1056/1980/1858 1057/1981/1859 
f 1057/1981/1859 1058/1982/1860 1055/1979/1857 
s 64
f 1045/1969/1861 1059/1983/1862 1060/1984/1863 
f 1060/1984/1863 1061/1985/1864 1045/1969/1861 
s 8
f 1062/1986/1865 1063/1987/1866 1053/1977/1854 
f 1053/1977/1854 1064/1988/1867 1062/1986/1865 
s 16
f 1065/1989/1868 1066/1990/1869 1067/1991/1870 
f 1067/1991/1870 1058/1982/1871 1065/1989/1868 
s 32
f 1060/1992/1872 1068/1993/1873 1069/1994/1874 
f 1069/1994/1874 1057/1995/1859 1060/1992/1872 
s 64
f 1054/1978/1875 1070/1996/1876 1071/1997/1877 
f 1071/1997/1877 1059/1983/1862 1054/1978/1875 
s 2
f 1061/1998/1878 1056/1999/1879 1046/2000/1846 
f 1046/2000/1846 1045/2001/1845 1061/1998/1878 
s 4
f 1072/2002/1880 1073/2003/1881 1074/2004/1882 
f 1074/2004/1882 1050/2005/1850 1072/2002/1880 
s 16
f 1075/2006/1883 1055/1979/1883 1058/1982/1871 
f 1058/1982/1871 1067/1991/1870 1075/2006/1883 
s 64
f 1048/1972/1884 1054/1978/1875 1059/1983/1862 
f 1059/1983/1862 1045/1969/1861 1048/1972/1884 
s 16
f 1076/2007/1885 1062/2008/1886 1066/1990/1869 
f 1066/1990/1869 1072/2002/1887 1076/2007/1885 
s 64
f 1077/2009/1888 1068/1993/1889 1071/2010/1877 
f 1071/2010/1877 1051/2011/1890 1077/2009/1888 
s 2
f 1075/2012/1891 1078/2013/1892 1047/2014/1847 
f 1047/2014/1847 1046/2000/1846 1075/2012/1891 
s 4
f 1076/2015/1893 1072/2016/1880 1050/1974/1850 
f 1050/1974/1850 1049/1973/1849 1076/2015/1893 
s 8
f 1078/2017/1894 1064/1988/1867 1053/1977/1854 
f 1053/1977/1854 1047/1971/1853 1078/2017/1894 
s 32
f 1061/2018/1895 1060/1992/1872 1057/1995/1859 
f 1057/1995/1859 1056/2019/1858 1061/2018/1895 
s 8
f 1052/2020/1896 1070/1996/1897 1063/1987/1866 
f 1063/1987/1866 1049/2021/1898 1052/2020/1896 
s 32
f 1073/2003/1899 1065/1989/1900 1069/2022/1874 
f 1069/2022/1874 1074/2004/1901 1073/2003/1899 
s 2
f 1056/1999/1879 1055/2023/1902 1075/2012/1891 
f 1075/2012/1891 1046/2000/1846 1056/1999/1879 
s 4
f 1077/2024/1903 1051/1975/1851 1050/1974/1850 
f 1050/1974/1850 1074/2025/1882 1077/2024/1903 
s off
f 1064/1988/1904 1078/2017/1904 1079/2026/1904 
f 1079/2026/1904 1080/2027/1904 1064/1988/1904 
f 1067/1991/1905 1064/2028/1905 1080/2029/1905 
f 1080/2029/1905 1081/2030/1905 1067/1991/1905 
f 1078/2013/1906 1075/2012/1906 1082/2031/1906 
f 1082/2031/1906 1079/2032/1906 1078/2013/1906 
f 1075/2006/1907 1067/1991/1907 1081/2030/1907 
f 1081/2030/1907 1082/2033/1907 1075/2006/1907 
s 1
f 1080/2029/1908 1079/2034/1908 1082/2033/1908 
f 1082/2033/1908 1081/2030/1908 1080/2029/1908 
s 8
f 1076/2015/1909 1049/1973/1898 1063/2035/1866 
f 1063/2035/1866 1062/2036/1865 1076/2015/1909 
s 16
f 1073/2003/1910 1072/2002/1887 1066/1990/1869 
f 1066/1990/1869 1065/1989/1868 1073/2003/1910 
s 32
f 1077/2037/1911 1074/2004/1901 1069/2022/1874 
f 1069/2022/1874 1068/2038/1873 1077/2037/1911 
s 64
f 1070/1996/1876 1052/2020/1912 1051/2039/1890 
f 1051/2039/1890 1071/1997/1877 1070/1996/1876 
s 16
f 1062/2008/1886 1064/2028/1913 1067/1991/1870 
f 1067/1991/1870 1066/1990/1869 1062/2008/1886 
s 64
f 1068/1993/1889 1060/1992/1863 1059/2040/1862 
f 1059/2040/1862 1071/2010/1877 1068/1993/1889 
s 8
f 1070/1996/1897 1054/1978/1855 1053/1977/1854 
f 1053/1977/1854 1063/1987/1866 1070/1996/1897 
s 32
f 1058/1982/1860 1057/1981/1859 1069/2022/1874 
f 1069/2022/1874 1065/1989/1900 1058/1982/1860 
s 2
f 1083/2041/1914 1084/2042/1915 1085/2043/1916 
f 1085/2043/1916 1086/2044/1917 1083/2041/1914 
s 4
f 1087/2045/1918 1088/2046/1919 1089/2047/1920 
f 1089/2047/1920 1090/2048/1921 1087/2045/1918 
s 8
f 1085/2049/1922 1091/2050/1923 1092/2051/1924 
f 1092/2051/1924 1086/2052/1925 1085/2049/1922 
s 32
f 1093/2053/1926 1094/2054/1927 1095/2055/1928 
f 1095/2055/1928 1096/2056/1929 1093/2053/1926 
s 64
f 1083/2041/1930 1097/2057/1931 1098/2058/1932 
f 1098/2058/1932 1099/2059/1933 1083/2041/1930 
s 8
f 1100/2060/1934 1101/2061/1935 1091/2050/1923 
f 1091/2050/1923 1102/2062/1936 1100/2060/1934 
s 16
f 1103/2063/1937 1104/2064/1938 1105/2065/1939 
f 1105/2065/1939 1096/2066/1940 1103/2063/1937 
s 32
f 1098/2058/1941 1106/2067/1942 1107/2068/1943 
f 1107/2068/1943 1095/2055/1928 1098/2058/1941 
s 64
f 1092/2069/1944 1108/2070/1945 1109/2071/1946 
f 1109/2071/1946 1097/2072/1931 1092/2069/1944 
s 2
f 1099/2059/1947 1094/2054/1948 1084/2042/1915 
f 1084/2042/1915 1083/2041/1914 1099/2059/1947 
s 4
f 1110/2073/1949 1111/2074/1950 1112/2075/1951 
f 1112/2075/1951 1088/2076/1919 1110/2073/1949 
s 16
f 1113/2077/1952 1093/2053/1952 1096/2056/1940 
f 1096/2056/1940 1105/2078/1939 1113/2077/1952 
s 64
f 1086/2044/1953 1092/2079/1944 1097/2057/1931 
f 1097/2057/1931 1083/2041/1930 1086/2044/1953 
s 16
f 1114/2080/1954 1100/2081/1955 1104/2082/1938 
f 1104/2082/1938 1110/2083/1956 1114/2080/1954 
s 64
f 1115/2084/1957 1106/2085/1958 1109/2071/1946 
f 1109/2071/1946 1089/2086/1959 1115/2084/1957 
s 2
f 1113/2077/1960 1116/2087/1961 1085/2043/1916 
f 1085/2043/1916 1084/2042/1915 1113/2077/1960 
s 4
f 1114/2080/1962 1110/2083/1949 1088/2046/1919 
f 1088/2046/1919 1087/2045/1918 1114/2080/1962 
s 8
f 1116/2088/1963 1102/2062/1936 1091/2050/1923 
f 1091/2050/1923 1085/2049/1922 1116/2088/1963 
s 32
f 1099/2059/448 1098/2058/1941 1095/2055/1928 
f 1095/2055/1928 1094/2054/1927 1099/2059/448 
s 8
f 1090/2048/1964 1108/2089/1965 1101/2090/1935 
f 1101/2090/1935 1087/2045/1966 1090/2048/1964 
s 32
f 1111/2074/1967 1103/2063/1968 1107/2091/1943 
f 1107/2091/1943 1112/2075/1969 1111/2074/1967 
s 2
f 1094/2054/1948 1093/2053/1970 1113/2077/1960 
f 1113/2077/1960 1084/2042/1915 1094/2054/1948 
s 4
f 1115/2092/1971 1089/2047/1920 1088/2046/1919 
f 1088/2046/1919 1112/2093/1951 1115/2092/1971 
s off
f 1102/2062/1972 1116/2088/1972 1117/2094/1972 
f 1117/2094/1972 1118/2095/1972 1102/2062/1972 
f 1105/2096/1973 1102/2097/1973 1118/2098/1973 
f 1118/2098/1973 1119/2099/1973 1105/2096/1973 
f 1116/2087/1974 1113/2077/1974 1120/2100/1974 
f 1120/2100/1974 1117/2101/1974 1116/2087/1974 
f 1113/2077/1975 1105/2078/1975 1119/2102/1975 
f 1119/2102/1975 1120/2100/1975 1113/2077/1975 
s 1
f 1118/2098/1976 1117/2103/1976 1120/2104/1976 
f 1120/2104/1976 1119/2099/1976 1118/2098/1976 
s 8
f 1114/2080/1977 1087/2045/1966 1101/2090/1935 
f 1101/2090/1935 1100/2081/1934 1114/2080/1977 
s 16
f 1111/2074/1978 1110/2073/1956 1104/2064/1938 
f 1104/2064/1938 1103/2063/1937 1111/2074/1978 
s 32
f 1115/2105/1979 1112/2075/1969 1107/2091/1943 
f 1107/2091/1943 1106/2106/1942 1115/2105/1979 
s 64
f 1108/2070/1945 1090/2107/1980 1089/2086/1959 
f 1089/2086/1959 1109/2071/1946 1108/2070/1945 
s 16
f 1100/2108/1955 1102/2097/1981 1105/2096/1939 
f 1105/2096/1939 1104/2109/1938 1100/2108/1955 
s 64
f 1106/2085/1958 1098/2110/1932 1097/2072/1931 
f 1097/2072/1931 1109/2071/1946 1106/2085/1958 
s 8
f 1108/2111/1965 1092/2051/1924 1091/2050/1923 
f 1091/2050/1923 1101/2061/1935 1108/2111/1965 
s 32
f 1096/2056/1929 1095/2055/1928 1107/2068/1943 
f 1107/2068/1943 1103/2112/1968 1096/2056/1929 
s 2
f 1121/2113/1982 1122/2114/1983 1123/2115/1984 
f 1123/2115/1984 1124/2116/1985 1121/2113/1982 
s 4
f 1125/2117/1986 1126/2118/1987 1127/2119/1988 
f 1127/2119/1988 1128/2120/1989 1125/2117/1986 
s 8
f 1123/2121/1990 1129/2122/1991 1130/2123/1992 
f 1130/2123/1992 1124/2124/1993 1123/2121/1990 
s 32
f 1131/2125/1994 1132/2126/1995 1133/2127/1996 
f 1133/2127/1996 1134/2128/1997 1131/2125/1994 
s 64
f 1121/2129/1998 1135/2130/1999 1136/2131/2000 
f 1136/2131/2000 1137/2132/2001 1121/2129/1998 
s 8
f 1138/2133/2002 1139/2134/2003 1129/2135/1991 
f 1129/2135/1991 1140/2136/2004 1138/2133/2002 
s 16
f 1141/2137/2005 1142/2138/2006 1143/2139/2007 
f 1143/2139/2007 1134/2140/2008 1141/2137/2005 
s 32
f 1136/2131/2009 1144/2141/2010 1145/2142/2011 
f 1145/2142/2011 1133/2143/1996 1136/2131/2009 
s 64
f 1130/2144/2012 1146/2145/2013 1147/2146/2014 
f 1147/2146/2014 1135/2130/1999 1130/2144/2012 
s 2
f 1137/2147/2015 1132/2148/2016 1122/2114/1983 
f 1122/2114/1983 1121/2113/1982 1137/2147/2015 
s 4
f 1148/2149/2017 1149/2150/2018 1150/2151/2019 
f 1150/2151/2019 1126/2118/1987 1148/2149/2017 
s 16
f 1151/2152/2020 1131/2125/2020 1134/2128/2008 
f 1134/2128/2008 1143/2153/2007 1151/2152/2020 
s 64
f 1124/2154/2021 1130/2144/2012 1135/2130/1999 
f 1135/2130/1999 1121/2129/1998 1124/2154/2021 
s 16
f 1152/2155/2022 1138/2133/2023 1142/2138/2006 
f 1142/2138/2006 1148/2156/2024 1152/2155/2022 
s 64
f 1153/2157/2025 1144/2141/2026 1147/2146/2014 
f 1147/2146/2014 1127/2158/2027 1153/2157/2025 
s 2
f 1151/2159/2028 1154/2160/2029 1123/2115/1984 
f 1123/2115/1984 1122/2114/1983 1151/2159/2028 
s 4
f 1152/2161/2030 1148/2149/2017 1126/2118/1987 
f 1126/2118/1987 1125/2117/1986 1152/2161/2030 
s 8
f 1154/2162/2031 1140/2136/2004 1129/2135/1991 
f 1129/2135/1991 1123/2163/1990 1154/2162/2031 
s 32
f 1137/2132/2032 1136/2131/2009 1133/2143/1996 
f 1133/2143/1996 1132/2164/1995 1137/2132/2032 
s 8
f 1128/2120/2033 1146/2165/2034 1139/2166/2003 
f 1139/2166/2003 1125/2117/2035 1128/2120/2033 
s 32
f 1149/2150/2036 1141/2167/2037 1145/2168/2011 
f 1145/2168/2011 1150/2151/2038 1149/2150/2036 
s 2
f 1132/2148/2016 1131/2169/2039 1151/2159/2028 
f 1151/2159/2028 1122/2114/1983 1132/2148/2016 
s 4
f 1153/2170/2040 1127/2119/1988 1126/2118/1987 
f 1126/2118/1987 1150/2151/2019 1153/2170/2040 
s off
f 1140/2136/2041 1154/2162/2041 1155/2171/2041 
f 1155/2171/2041 1156/2172/2041 1140/2136/2041 
f 1143/2139/2042 1140/2136/2042 1156/2172/2042 
f 1156/2172/2042 1157/2173/2042 1143/2139/2042 
f 1154/2160/2043 1151/2159/2043 1158/2174/2043 
f 1158/2174/2043 1155/2175/2043 1154/2160/2043 
f 1151/2176/2044 1143/2139/2044 1157/2173/2044 
f 1157/2173/2044 1158/2177/2044 1151/2176/2044 
s 1
f 1156/2172/2045 1155/2171/2045 1158/2177/2045 
f 1158/2177/2045 1157/2173/2045 1156/2172/2045 
s 8
f 1152/2161/2046 1125/2117/2035 1139/2166/2003 
f 1139/2166/2003 1138/2178/2002 1152/2161/2046 
s 16
f 1149/2150/2047 1148/2149/2024 1142/2179/2006 
f 1142/2179/2006 1141/2167/2005 1149/2150/2047 
s 32
f 1153/2157/2048 1150/2180/2038 1145/2142/2011 
f 1145/2142/2011 1144/2141/2010 1153/2157/2048 
s 64
f 1146/2145/2013 1128/2181/2049 1127/2158/2027 
f 1127/2158/2027 1147/2146/2014 1146/2145/2013 
s 16
f 1138/2133/2023 1140/2136/2050 1143/2139/2007 
f 1143/2139/2007 1142/2138/2006 1138/2133/2023 
s 64
f 1144/2141/2026 1136/2131/2000 1135/2130/1999 
f 1135/2130/1999 1147/2146/2014 1144/2141/2026 
s 8
f 1146/2182/2034 1130/2123/1992 1129/2122/1991 
f 1129/2122/1991 1139/2183/2003 1146/2182/2034 
s 32
f 1134/2128/1997 1133/2127/1996 1145/2184/2011 
f 1145/2184/2011 1141/2185/2037 1134/2128/1997 
s 2
f 1159/2186/2051 1160/2187/2052 1161/2188/2053 
f 1161/2188/2053 1162/2189/2054 1159/2186/2051 
s 4
f 1163/2190/2055 1164/2191/2056 1165/2192/2057 
f 1165/2192/2057 1166/2193/2058 1163/2190/2055 
s 8
f 1161/2188/2059 1167/2194/2060 1168/2195/2061 
f 1168/2195/2061 1162/2189/2062 1161/2188/2059 
s 32
f 1169/2196/2063 1170/2197/2064 1171/2198/2065 
f 1171/2198/2065 1172/2199/2066 1169/2196/2063 
s 64
f 1159/2200/2067 1173/2201/2068 1174/2202/2069 
f 1174/2202/2069 1175/2203/2070 1159/2200/2067 
s 8
f 1176/2204/2071 1177/2205/2072 1167/2206/2060 
f 1167/2206/2060 1178/2207/2073 1176/2204/2071 
s 16
f 1179/2208/2074 1180/2209/2075 1181/2210/2076 
f 1181/2210/2076 1172/2199/2077 1179/2208/2074 
s 32
f 1174/2211/2078 1182/2212/2079 1183/2213/2080 
f 1183/2213/2080 1171/2198/2065 1174/2211/2078 
s 64
f 1168/2214/2081 1184/2215/2082 1185/2216/2083 
f 1185/2216/2083 1173/2201/2068 1168/2214/2081 
s 2
f 1175/2217/2084 1170/2218/2085 1160/2219/2052 
f 1160/2219/2052 1159/2220/2051 1175/2217/2084 
s 4
f 1186/2221/2086 1187/2222/2087 1188/2223/2088 
f 1188/2223/2088 1164/2191/2056 1186/2221/2086 
s 16
f 1189/2224/2089 1169/2225/2089 1172/2226/2077 
f 1172/2226/2077 1181/2227/2076 1189/2224/2089 
s 64
f 1162/2228/2090 1168/2214/2081 1173/2201/2068 
f 1173/2201/2068 1159/2200/2067 1162/2228/2090 
s 16
f 1190/2229/2091 1176/2230/2092 1180/2231/2075 
f 1180/2231/2075 1186/2232/2093 1190/2229/2091 
s 64
f 1191/2233/2094 1182/2212/2095 1185/2234/2083 
f 1185/2234/2083 1165/2192/2096 1191/2233/2094 
s 2
f 1189/2235/2097 1192/2236/2098 1161/2188/2053 
f 1161/2188/2053 1160/2187/2052 1189/2235/2097 
s 4
f 1190/2237/2099 1186/2221/2086 1164/2191/2056 
f 1164/2191/2056 1163/2190/2055 1190/2237/2099 
s 8
f 1192/2236/2100 1178/2238/2073 1167/2194/2060 
f 1167/2194/2060 1161/2188/2059 1192/2236/2100 
s 32
f 1175/2203/2101 1174/2202/2078 1171/2239/2065 
f 1171/2239/2065 1170/2240/2064 1175/2203/2101 
s 8
f 1166/2241/2102 1184/2215/2103 1177/2242/2072 
f 1177/2242/2072 1163/2243/2104 1166/2241/2102 
s 32
f 1187/2222/2105 1179/2208/2106 1183/2213/2080 
f 1183/2213/2080 1188/2223/2107 1187/2222/2105 
s 2
f 1170/2218/2085 1169/2244/2108 1189/2245/2097 
f 1189/2245/2097 1160/2219/2052 1170/2218/2085 
s 4
f 1191/2233/2109 1165/2192/2057 1164/2191/2056 
f 1164/2191/2056 1188/2223/2088 1191/2233/2109 
s off
f 1178/2238/2110 1192/2236/2110 1193/2246/2110 
f 1193/2246/2110 1194/2247/2110 1178/2238/2110 
f 1181/2227/2111 1178/2248/2111 1194/2249/2111 
f 1194/2249/2111 1195/2250/2111 1181/2227/2111 
f 1192/2251/2112 1189/2224/2112 1196/2252/2112 
f 1196/2252/2112 1193/2253/2112 1192/2251/2112 
f 1189/2224/2113 1181/2227/2113 1195/2250/2113 
f 1195/2250/2113 1196/2252/2113 1189/2224/2113 
s 1
f 1194/2249/2114 1193/2253/2114 1196/2252/2114 
f 1196/2252/2114 1195/2250/2114 1194/2249/2114 
s 8
f 1190/2254/2115 1163/2255/2104 1177/2205/2072 
f 1177/2205/2072 1176/2204/2071 1190/2254/2115 
s 16
f 1187/2222/2116 1186/2221/2093 1180/2209/2075 
f 1180/2209/2075 1179/2208/2074 1187/2222/2116 
s 32
f 1191/2233/2117 1188/2223/2107 1183/2213/2080 
f 1183/2213/2080 1182/2212/2079 1191/2233/2117 
s 64
f 1184/2215/2082 1166/2241/2118 1165/2256/2096 
f 1165/2256/2096 1185/2216/2083 1184/2215/2082 
s 16
f 1176/2230/2092 1178/2248/2119 1181/2227/2076 
f 1181/2227/2076 1180/2231/2075 1176/2230/2092 
s 64
f 1182/2212/2095 1174/2211/2069 1173/2257/2068 
f 1173/2257/2068 1185/2234/2083 1182/2212/2095 
s 8
f 1184/2258/2103 1168/2195/2061 1167/2194/2060 
f 1167/2194/2060 1177/2259/2072 1184/2258/2103 
s 32
f 1172/2199/2066 1171/2198/2065 1183/2213/2080 
f 1183/2213/2080 1179/2208/2106 1172/2199/2066 
s 2
f 1197/2260/2120 1198/2261/2121 1199/2262/2122 
f 1199/2262/2122 1200/2263/2123 1197/2260/2120 
s 4
f 1201/2264/2124 1202/2265/2125 1203/2266/2126 
f 1203/2266/2126 1204/2267/2127 1201/2264/2124 
s 8
f 1199/2262/2128 1205/2268/2129 1206/2269/2130 
f 1206/2269/2130 1200/2263/2131 1199/2262/2128 
s 32
f 1207/2270/2132 1208/2271/2133 1209/2272/2134 
f 1209/2272/2134 1210/2273/2135 1207/2270/2132 
s 64
f 1197/2260/2136 1211/2274/2137 1212/2275/2138 
f 1212/2275/2138 1213/2276/2139 1197/2260/2136 
s 8
f 1214/2277/2140 1215/2278/2141 1205/2279/2129 
f 1205/2279/2129 1216/2280/2142 1214/2277/2140 
s 16
f 1217/2281/2143 1218/2282/2144 1219/2283/2145 
f 1219/2283/2145 1210/2273/2146 1217/2281/2143 
s 32
f 1212/2284/2147 1220/2285/2148 1221/2286/2149 
f 1221/2286/2149 1209/2272/2134 1212/2284/2147 
s 64
f 1206/2269/2150 1222/2287/2151 1223/2288/2152 
f 1223/2288/2152 1211/2274/2137 1206/2269/2150 
s 2
f 1213/2289/2153 1208/2290/2154 1198/2291/2121 
f 1198/2291/2121 1197/2292/2120 1213/2289/2153 
s 4
f 1224/2293/2155 1225/2294/2156 1226/2295/2157 
f 1226/2295/2157 1202/2265/2125 1224/2293/2155 
s 16
f 1227/2296/2158 1207/2297/2158 1210/2298/2146 
f 1210/2298/2146 1219/2299/2145 1227/2296/2158 
s 64
f 1200/2263/2159 1206/2269/2150 1211/2274/2137 
f 1211/2274/2137 1197/2260/2136 1200/2263/2159 
s 16
f 1228/2300/2160 1214/2301/2161 1218/2282/2144 
f 1218/2282/2144 1224/2293/2162 1228/2300/2160 
s 64
f 1229/2302/2163 1220/2285/2164 1223/2303/2152 
f 1223/2303/2152 1203/2266/2165 1229/2302/2163 
s 2
f 1227/2304/2166 1230/2305/2167 1199/2306/2122 
f 1199/2306/2122 1198/2307/2121 1227/2304/2166 
s 4
f 1228/2300/2168 1224/2293/2155 1202/2265/2125 
f 1202/2265/2125 1201/2264/2124 1228/2300/2168 
s 8
f 1230/2305/2169 1216/2308/2142 1205/2309/2129 
f 1205/2309/2129 1199/2306/2128 1230/2305/2169 
s 32
f 1213/2276/2170 1212/2275/2147 1209/2310/2134 
f 1209/2310/2134 1208/2311/2133 1213/2276/2170 
s 8
f 1204/2312/2171 1222/2313/2172 1215/2278/2141 
f 1215/2278/2141 1201/2314/2173 1204/2312/2171 
s 32
f 1225/2294/2174 1217/2281/2175 1221/2286/2149 
f 1221/2286/2149 1226/2295/2176 1225/2294/2174 
s 2
f 1208/2290/2154 1207/2315/2177 1227/2316/2166 
f 1227/2316/2166 1198/2291/2121 1208/2290/2154 
s 4
f 1229/2302/2178 1203/2266/2126 1202/2265/2125 
f 1202/2265/2125 1226/2295/2157 1229/2302/2178 
s off
f 1216/2308/2179 1230/2305/2179 1231/2317/2179 
f 1231/2317/2179 1232/2318/2179 1216/2308/2179 
f 1219/2319/2180 1216/2320/2180 1232/2321/2180 
f 1232/2321/2180 1233/2322/2180 1219/2319/2180 
f 1230/2305/2181 1227/2304/2181 1234/2323/2181 
f 1234/2323/2181 1231/2317/2181 1230/2305/2181 
f 1227/2324/2182 1219/2325/2182 1233/2326/2182 
f 1233/2326/2182 1234/2327/2182 1227/2324/2182 
s 1
f 1232/2328/2183 1231/2329/2183 1234/2330/2183 
f 1234/2330/2183 1233/2331/2183 1232/2328/2183 
s 8
f 1228/2332/2184 1201/2314/2173 1215/2278/2141 
f 1215/2278/2141 1214/2277/2140 1228/2332/2184 
s 16
f 1225/2294/2185 1224/2293/2162 1218/2282/2144 
f 1218/2282/2144 1217/2281/2143 1225/2294/2185 
s 32
f 1229/2302/2186 1226/2295/2176 1221/2286/2149 
f 1221/2286/2149 1220/2285/2148 1229/2302/2186 
s 64
f 1222/2287/2151 1204/2333/2187 1203/2334/2165 
f 1203/2334/2165 1223/2288/2152 1222/2287/2151 
s 16
f 1214/2277/2161 1216/2280/2188 1219/2335/2145 
f 1219/2335/2145 1218/2336/2144 1214/2277/2161 
s 64
f 1220/2285/2164 1212/2284/2138 1211/2337/2137 
f 1211/2337/2137 1223/2303/2152 1220/2285/2164 
s 8
f 1222/2287/2172 1206/2269/2130 1205/2268/2129 
f 1205/2268/2129 1215/2338/2141 1222/2287/2172 
s 32
f 1210/2273/2135 1209/2272/2134 1221/2286/2149 
f 1221/2286/2149 1217/2281/2175 1210/2273/2135 
s 2
f 1235/2339/2189 1236/2340/2190 1237/2341/2191 
f 1237/2341/2191 1238/2342/2192 1235/2339/2189 
s 4
f 1239/2343/2193 1240/2344/2194 1241/2345/2195 
f 1241/2345/2195 1242/2346/2196 1239/2343/2193 
s 8
f 1237/2341/2197 1243/2347/2198 1244/2348/2199 
f 1244/2348/2199 1238/2342/2200 1237/2341/2197 
s 32
f 1245/2349/2201 1246/2350/2202 1247/2351/2203 
f 1247/2351/2203 1248/2352/2204 1245/2349/2201 
s 64
f 1235/2353/2205 1249/2354/2206 1250/2355/2207 
f 1250/2355/2207 1251/2356/2208 1235/2353/2205 
s 8
f 1252/2357/2209 1253/2358/2210 1243/2359/2198 
f 1243/2359/2198 1254/2360/2211 1252/2357/2209 
s 16
f 1255/2361/2212 1256/2362/2213 1257/2363/2214 
f 1257/2363/2214 1248/2352/2215 1255/2361/2212 
s 32
f 1250/2364/2216 1258/2365/2217 1259/2366/2218 
f 1259/2366/2218 1247/2351/2203 1250/2364/2216 
s 64
f 1244/2367/2219 1260/2368/2220 1261/2369/2221 
f 1261/2369/2221 1249/2354/2206 1244/2367/2219 
s 2
f 1251/2370/2222 1246/2371/2223 1236/2340/2190 
f 1236/2340/2190 1235/2339/2189 1251/2370/2222 
s 4
f 1262/2372/2224 1263/2373/2225 1264/2374/2226 
f 1264/2374/2226 1240/2344/2194 1262/2372/2224 
s 16
f 1265/2375/2227 1245/2349/2227 1248/2352/2215 
f 1248/2352/2215 1257/2363/2214 1265/2375/2227 
s 64
f 1238/2342/2228 1244/2348/2219 1249/2376/2206 
f 1249/2376/2206 1235/2339/2205 1238/2342/2228 
s 16
f 1266/2377/2229 1252/2378/2230 1256/2362/2213 
f 1256/2362/2213 1262/2372/2231 1266/2377/2229 
s 64
f 1267/2379/2232 1258/2365/2233 1261/2380/2221 
f 1261/2380/2221 1241/2345/2234 1267/2379/2232 
s 2
f 1265/2381/2235 1268/2382/2236 1237/2341/2191 
f 1237/2341/2191 1236/2340/2190 1265/2381/2235 
s 4
f 1266/2377/2237 1262/2372/2224 1240/2344/2194 
f 1240/2344/2194 1239/2343/2193 1266/2377/2237 
s 8
f 1268/2382/2238 1254/2383/2211 1243/2347/2198 
f 1243/2347/2198 1237/2341/2197 1268/2382/2238 
s 32
f 1251/2356/2239 1250/2355/2216 1247/2384/2203 
f 1247/2384/2203 1246/2385/2202 1251/2356/2239 
s 8
f 1242/2386/2240 1260/2387/2241 1253/2358/2210 
f 1253/2358/2210 1239/2388/2242 1242/2386/2240 
s 32
f 1263/2373/2243 1255/2361/2244 1259/2366/2218 
f 1259/2366/2218 1264/2374/2245 1263/2373/2243 
s 2
f 1246/2371/2223 1245/2389/2246 1265/2381/2235 
f 1265/2381/2235 1236/2340/2190 1246/2371/2223 
s 4
f 1267/2379/2247 1241/2345/2195 1240/2344/2194 
f 1240/2344/2194 1264/2374/2226 1267/2379/2247 
s off
f 1254/2383/2248 1268/2382/2248 1269/2390/2248 
f 1269/2390/2248 1270/2391/2248 1254/2383/2248 
f 1257/2363/2249 1254/2392/2249 1270/2393/2249 
f 1270/2393/2249 1271/2394/2249 1257/2363/2249 
f 1268/2382/2250 1265/2381/2250 1272/2395/2250 
f 1272/2395/2250 1269/2390/2250 1268/2382/2250 
f 1265/2375/2251 1257/2363/2251 1271/2394/2251 
f 1271/2394/2251 1272/2396/2251 1265/2375/2251 
s 1
f 1270/2397/2252 1269/2398/2252 1272/2399/2252 
f 1272/2399/2252 1271/2400/2252 1270/2397/2252 
s 8
f 1266/2401/2253 1239/2388/2242 1253/2358/2210 
f 1253/2358/2210 1252/2357/2209 1266/2401/2253 
s 16
f 1263/2373/2254 1262/2372/2231 1256/2362/2213 
f 1256/2362/2213 1255/2361/2212 1263/2373/2254 
s 32
f 1267/2379/2255 1264/2374/2245 1259/2366/2218 
f 1259/2366/2218 1258/2365/2217 1267/2379/2255 
s 64
f 1260/2368/2220 1242/2402/2256 1241/2403/2234 
f 1241/2403/2234 1261/2369/2221 1260/2368/2220 
s 16
f 1252/2357/2230 1254/2360/2257 1257/2404/2214 
f 1257/2404/2214 1256/2405/2213 1252/2357/2230 
s 64
f 1258/2365/2233 1250/2364/2207 1249/2406/2206 
f 1249/2406/2206 1261/2380/2221 1258/2365/2233 
s 8
f 1260/2407/2241 1244/2348/2199 1243/2347/2198 
f 1243/2347/2198 1253/2408/2210 1260/2407/2241 
s 32
f 1248/2352/2204 1247/2351/2203 1259/2366/2218 
f 1259/2366/2218 1255/2361/2244 1248/2352/2204 
s 2
f 1273/2409/2258 1274/2410/2259 1275/2411/2260 
f 1275/2411/2260 1276/2412/2261 1273/2409/2258 
s 4
f 1277/2413/2262 1278/2414/2263 1279/2415/2264 
f 1279/2415/2264 1280/2416/2265 1277/2413/2262 
s 8
f 1275/2411/2266 1281/2417/2267 1282/2418/2268 
f 1282/2418/2268 1276/2412/2269 1275/2411/2266 
s 32
f 1283/2419/2270 1284/2420/2271 1285/2421/2272 
f 1285/2421/2272 1286/2422/2273 1283/2419/2270 
s 64
f 1273/2409/2274 1287/2423/2275 1288/2424/2276 
f 1288/2424/2276 1289/2425/2277 1273/2409/2274 
s 8
f 1290/2426/2278 1291/2427/2279 1281/2428/2267 
f 1281/2428/2267 1292/2429/2280 1290/2426/2278 
s 16
f 1293/2430/2281 1294/2431/2282 1295/2432/2283 
f 1295/2432/2283 1286/2433/2284 1293/2430/2281 
s 32
f 1288/2434/2285 1296/2435/2286 1297/2436/2287 
f 1297/2436/2287 1285/2437/2272 1288/2434/2285 
s 64
f 1282/2438/2288 1298/2439/2289 1299/2440/2290 
f 1299/2440/2290 1287/2441/2275 1282/2438/2288 
s 2
f 1289/2442/2291 1284/2420/2292 1274/2443/2259 
f 1274/2443/2259 1273/2444/2258 1289/2442/2291 
s 4
f 1300/2445/2293 1301/2446/2294 1302/2447/2295 
f 1302/2447/2295 1278/2414/2263 1300/2445/2293 
s 16
f 1303/2448/2296 1283/2419/2296 1286/2422/2284 
f 1286/2422/2284 1295/2449/2283 1303/2448/2296 
s 64
f 1276/2412/2297 1282/2418/2288 1287/2423/2275 
f 1287/2423/2275 1273/2409/2274 1276/2412/2297 
s 16
f 1304/2450/2298 1290/2426/2299 1294/2451/2282 
f 1294/2451/2282 1300/2445/2300 1304/2450/2298 
s 64
f 1305/2452/2301 1296/2453/2302 1299/2440/2290 
f 1299/2440/2290 1279/2415/2303 1305/2452/2301 
s 2
f 1303/2448/2304 1306/2454/2305 1275/2455/2260 
f 1275/2455/2260 1274/2443/2259 1303/2448/2304 
s 4
f 1304/2450/2306 1300/2445/2293 1278/2414/2263 
f 1278/2414/2263 1277/2413/2262 1304/2450/2306 
s 8
f 1306/2456/2307 1292/2457/2280 1281/2417/2267 
f 1281/2417/2267 1275/2411/2266 1306/2456/2307 
s 32
f 1289/2442/2308 1288/2458/2285 1285/2421/2272 
f 1285/2421/2272 1284/2420/2271 1289/2442/2308 
s 8
f 1280/2416/2309 1298/2439/2310 1291/2427/2279 
f 1291/2427/2279 1277/2413/2311 1280/2416/2309 
s 32
f 1301/2459/2312 1293/2460/2313 1297/2436/2287 
f 1297/2436/2287 1302/2461/2314 1301/2459/2312 
s 2
f 1284/2420/2292 1283/2419/2315 1303/2448/2304 
f 1303/2448/2304 1274/2443/2259 1284/2420/2292 
s 4
f 1305/2452/2316 1279/2415/2264 1278/2414/2263 
f 1278/2414/2263 1302/2447/2295 1305/2452/2316 
s off
f 1292/2457/2317 1306/2456/2317 1307/2462/2317 
f 1307/2462/2317 1308/2463/2317 1292/2457/2317 
f 1295/2464/2318 1292/2465/2318 1308/2466/2318 
f 1308/2466/2318 1309/2467/2318 1295/2464/2318 
f 1306/2454/2319 1303/2448/2319 1310/2468/2319 
f 1310/2468/2319 1307/2469/2319 1306/2454/2319 
f 1303/2448/2320 1295/2449/2320 1309/2470/2320 
f 1309/2470/2320 1310/2468/2320 1303/2448/2320 
s 1
f 1308/2471/2321 1307/2469/2321 1310/2468/2321 
f 1310/2468/2321 1309/2470/2321 1308/2471/2321 
s 8
f 1304/2450/2322 1277/2413/2311 1291/2427/2279 
f 1291/2427/2279 1290/2426/2278 1304/2450/2322 
s 16
f 1301/2446/2323 1300/2445/2300 1294/2451/2282 
f 1294/2451/2282 1293/2472/2281 1301/2446/2323 
s 32
f 1305/2473/2324 1302/2461/2314 1297/2436/2287 
f 1297/2436/2287 1296/2435/2286 1305/2473/2324 
s 64
f 1298/2439/2289 1280/2416/2325 1279/2415/2303 
f 1279/2415/2303 1299/2440/2290 1298/2439/2289 
s 16
f 1290/2474/2299 1292/2475/2326 1295/2476/2283 
f 1295/2476/2283 1294/2477/2282 1290/2474/2299 
s 64
f 1296/2453/2302 1288/2478/2276 1287/2441/2275 
f 1287/2441/2275 1299/2440/2290 1296/2453/2302 
s 8
f 1298/2479/2310 1282/2418/2268 1281/2417/2267 
f 1281/2417/2267 1291/2480/2279 1298/2479/2310 
s 32
f 1286/2481/2273 1285/2437/2272 1297/2436/2287 
f 1297/2436/2287 1293/2460/2313 1286/2481/2273 
s 2
f 1311/2482/2327 1312/2483/2328 1313/2484/2329 
f 1313/2484/2329 1314/2485/2330 1311/2482/2327 
s 4
f 1315/2486/2331 1316/2487/2332 1317/2488/2333 
f 1317/2488/2333 1318/2489/2334 1315/2486/2331 
s 8
f 1313/2490/2335 1319/2491/2336 1320/2492/2337 
f 1320/2492/2337 1314/2493/2338 1313/2490/2335 
s 32
f 1321/2494/2339 1322/2495/2340 1323/2496/2341 
f 1323/2496/2341 1324/2497/2342 1321/2494/2339 
s 64
f 1311/2498/2343 1325/2499/2344 1326/2500/2345 
f 1326/2500/2345 1327/2501/2346 1311/2498/2343 
s 8
f 1328/2502/2347 1329/2503/2348 1319/2491/2336 
f 1319/2491/2336 1330/2504/2349 1328/2502/2347 
s 16
f 1331/2505/2350 1332/2506/2351 1333/2507/2352 
f 1333/2507/2352 1324/2497/2353 1331/2505/2350 
s 32
f 1326/2508/2354 1334/2509/2355 1335/2510/2356 
f 1335/2510/2356 1323/2511/2341 1326/2508/2354 
s 64
f 1320/2512/2357 1336/2513/2358 1337/2514/2359 
f 1337/2514/2359 1325/2499/2344 1320/2512/2357 
s 2
f 1327/2515/2360 1322/2516/2361 1312/2483/2328 
f 1312/2483/2328 1311/2482/2327 1327/2515/2360 
s 4
f 1338/2517/2362 1339/2518/2363 1340/2519/2364 
f 1340/2519/2364 1316/2487/2332 1338/2517/2362 
s 16
f 1341/2520/2365 1321/2494/2365 1324/2497/2353 
f 1324/2497/2353 1333/2507/2352 1341/2520/2365 
s 64
f 1314/2521/2366 1320/2512/2357 1325/2499/2344 
f 1325/2499/2344 1311/2498/2343 1314/2521/2366 
s 16
f 1342/2522/2367 1328/2502/2368 1332/2523/2351 
f 1332/2523/2351 1338/2524/2369 1342/2522/2367 
s 64
f 1343/2525/2370 1334/2509/2371 1337/2526/2359 
f 1337/2526/2359 1317/2488/2372 1343/2525/2370 
s 2
f 1341/2527/2373 1344/2528/2374 1313/2484/2329 
f 1313/2484/2329 1312/2483/2328 1341/2527/2373 
s 4
f 1342/2529/2375 1338/2517/2362 1316/2487/2332 
f 1316/2487/2332 1315/2486/2331 1342/2529/2375 
s 8
f 1344/2528/2376 1330/2530/2349 1319/2531/2336 
f 1319/2531/2336 1313/2484/2335 1344/2528/2376 
s 32
f 1327/2532/2377 1326/2533/2354 1323/2496/2341 
f 1323/2496/2341 1322/2495/2340 1327/2532/2377 
s 8
f 1318/2534/2378 1336/2535/2379 1329/2503/2348 
f 1329/2503/2348 1315/2536/2380 1318/2534/2378 
s 32
f 1339/2537/2381 1331/2505/2382 1335/2538/2356 
f 1335/2538/2356 1340/2539/2383 1339/2537/2381 
s 2
f 1322/2495/2361 1321/2494/2384 1341/2520/2373 
f 1341/2520/2373 1312/2540/2328 1322/2495/2361 
s 4
f 1343/2525/2385 1317/2488/2333 1316/2487/2332 
f 1316/2487/2332 1340/2519/2364 1343/2525/2385 
s off
f 1330/2530/2386 1344/2528/2386 1345/2541/2386 
f 1345/2541/2386 1346/2542/2386 1330/2530/2386 
f 1333/2543/2387 1330/2544/2387 1346/2545/2387 
f 1346/2545/2387 1347/2546/2387 1333/2543/2387 
f 1344/2528/2388 1341/2527/2388 1348/2547/2388 
f 1348/2547/2388 1345/2541/2388 1344/2528/2388 
f 1341/2520/2389 1333/2507/2389 1347/2548/2389 
f 1347/2548/2389 1348/2549/2389 1341/2520/2389 
s 1
f 1346/2545/2390 1345/2550/2390 1348/2551/2390 
f 1348/2551/2390 1347/2546/2390 1346/2545/2390 
s 8
f 1342/2522/2391 1315/2536/2380 1329/2503/2348 
f 1329/2503/2348 1328/2502/2347 1342/2522/2391 
s 16
f 1339/2518/2392 1338/2517/2369 1332/2552/2351 
f 1332/2552/2351 1331/2553/2350 1339/2518/2392 
s 32
f 1343/2554/2393 1340/2539/2383 1335/2538/2356 
f 1335/2538/2356 1334/2555/2355 1343/2554/2393 
s 64
f 1336/2513/2358 1318/2556/2394 1317/2557/2372 
f 1317/2557/2372 1337/2514/2359 1336/2513/2358 
s 16
f 1328/2558/2368 1330/2544/2395 1333/2543/2352 
f 1333/2543/2352 1332/2559/2351 1328/2558/2368 
s 64
f 1334/2509/2371 1326/2508/2345 1325/2560/2344 
f 1325/2560/2344 1337/2526/2359 1334/2509/2371 
s 8
f 1336/2535/2379 1320/2492/2337 1319/2491/2336 
f 1319/2491/2336 1329/2503/2348 1336/2535/2379 
s 32
f 1324/2497/2342 1323/2496/2341 1335/2538/2356 
f 1335/2538/2356 1331/2505/2382 1324/2497/2342 
s 2
f 1349/2561/2396 1350/2562/2397 1351/2563/2398 
f 1351/2563/2398 1352/2564/2399 1349/2561/2396 
s 4
f 1353/2565/2400 1354/2566/2401 1355/2567/2402 
f 1355/2567/2402 1356/2568/2403 1353/2565/2400 
s 8
f 1351/2563/2404 1357/2569/2405 1358/2570/2406 
f 1358/2570/2406 1352/2564/2407 1351/2563/2404 
s 32
f 1359/2571/2408 1360/2572/2409 1361/2573/2410 
f 1361/2573/2410 1362/2574/2411 1359/2571/2408 
s 64
f 1349/2575/2412 1363/2576/2413 1364/2577/2414 
f 1364/2577/2414 1365/2578/2415 1349/2575/2412 
s 8
f 1366/2579/2416 1367/2580/2417 1357/2581/2405 
f 1357/2581/2405 1368/2582/2418 1366/2579/2416 
s 16
f 1369/2583/2419 1370/2584/2420 1371/2585/2421 
f 1371/2585/2421 1362/2574/2422 1369/2583/2419 
s 32
f 1364/2586/2423 1372/2587/2424 1373/2588/2425 
f 1373/2588/2425 1361/2573/2410 1364/2586/2423 
s 64
f 1358/2589/2426 1374/2590/2427 1375/2591/2428 
f 1375/2591/2428 1363/2576/2413 1358/2589/2426 
s 2
f 1365/2592/2429 1360/2593/2430 1350/2562/2397 
f 1350/2562/2397 1349/2561/2396 1365/2592/2429 
s 4
f 1376/2594/2431 1377/2595/2432 1378/2596/2433 
f 1378/2596/2433 1354/2566/2401 1376/2594/2431 
s 16
f 1379/2597/2434 1359/2598/2434 1362/2599/2422 
f 1362/2599/2422 1371/2600/2421 1379/2597/2434 
s 64
f 1352/2601/2435 1358/2589/2426 1363/2576/2413 
f 1363/2576/2413 1349/2575/2412 1352/2601/2435 
s 16
f 1380/2602/2436 1366/2603/2437 1370/2584/2420 
f 1370/2584/2420 1376/2594/2438 1380/2602/2436 
s 64
f 1381/2604/2439 1372/2587/2440 1375/2605/2428 
f 1375/2605/2428 1355/2567/2441 1381/2604/2439 
s 2
f 1379/2606/2442 1382/2607/2443 1351/2563/2398 
f 1351/2563/2398 1350/2562/2397 1379/2606/2442 
s 4
f 1380/2602/2444 1376/2594/2431 1354/2566/2401 
f 1354/2566/2401 1353/2565/2400 1380/2602/2444 
s 8
f 1382/2607/2445 1368/2608/2418 1357/2569/2405 
f 1357/2569/2405 1351/2563/2404 1382/2607/2445 
s 32
f 1365/2578/2239 1364/2577/2423 1361/2609/2410 
f 1361/2609/2410 1360/2610/2409 1365/2578/2239 
s 8
f 1356/2611/2446 1374/2612/2447 1367/2580/2417 
f 1367/2580/2417 1353/2613/2448 1356/2611/2446 
s 32
f 1377/2595/2449 1369/2583/2450 1373/2588/2425 
f 1373/2588/2425 1378/2596/2451 1377/2595/2449 
s 2
f 1360/2593/2430 1359/2614/2452 1379/2606/2442 
f 1379/2606/2442 1350/2562/2397 1360/2593/2430 
s 4
f 1381/2604/2453 1355/2567/2402 1354/2566/2401 
f 1354/2566/2401 1378/2596/2433 1381/2604/2453 
s off
f 1368/2608/2454 1382/2607/2454 1383/2615/2454 
f 1383/2615/2454 1384/2616/2454 1368/2608/2454 
f 1371/2600/2455 1368/2617/2455 1384/2618/2455 
f 1384/2618/2455 1385/2619/2455 1371/2600/2455 
f 1382/2607/2456 1379/2606/2456 1386/2620/2456 
f 1386/2620/2456 1383/2615/2456 1382/2607/2456 
f 1379/2597/2457 1371/2600/2457 1385/2619/2457 
f 1385/2619/2457 1386/2621/2457 1379/2597/2457 
s 1
f 1384/2618/2458 1383/2622/2458 1386/2621/2458 
f 1386/2621/2458 1385/2619/2458 1384/2618/2458 
s 8
f 1380/2623/2459 1353/2613/2448 1367/2580/2417 
f 1367/2580/2417 1366/2579/2416 1380/2623/2459 
s 16
f 1377/2595/2460 1376/2594/2438 1370/2584/2420 
f 1370/2584/2420 1369/2583/2419 1377/2595/2460 
s 32
f 1381/2604/2461 1378/2596/2451 1373/2588/2425 
f 1373/2588/2425 1372/2587/2424 1381/2604/2461 
s 64
f 1374/2624/2427 1356/2568/2462 1355/2567/2441 
f 1355/2567/2441 1375/2605/2428 1374/2624/2427 
s 16
f 1366/2625/2437 1368/2617/2463 1371/2600/2421 
f 1371/2600/2421 1370/2626/2420 1366/2625/2437 
s 64
f 1372/2627/2440 1364/2577/2414 1363/2576/2413 
f 1363/2576/2413 1375/2591/2428 1372/2627/2440 
s 8
f 1374/2628/2447 1358/2570/2406 1357/2569/2405 
f 1357/2569/2405 1367/2629/2417 1374/2628/2447 
s 32
f 1362/2574/2411 1361/2573/2410 1373/2588/2425 
f 1373/2588/2425 1369/2583/2450 1362/2574/2411 
s 2
f 1387/2630/2464 1388/2631/2465 1389/2632/2466 
f 1389/2632/2466 1390/2633/2467 1387/2630/2464 
s 4
f 1391/2634/2468 1392/2635/2469 1393/2636/2470 
f 1393/2636/2470 1394/2637/2471 1391/2634/2468 
s 8
f 1389/2638/2472 1395/2639/2473 1396/2640/2474 
f 1396/2640/2474 1390/2641/2475 1389/2638/2472 
s 32
f 1397/2642/2476 1398/2643/2477 1399/2644/2478 
f 1399/2644/2478 1400/2645/2479 1397/2642/2476 
s 64
f 1387/2646/2480 1401/2647/2481 1402/2648/2482 
f 1402/2648/2482 1403/2649/2483 1387/2646/2480 
s 8
f 1404/2650/2484 1405/2651/2485 1395/2639/2473 
f 1395/2639/2473 1406/2652/2486 1404/2650/2484 
s 16
f 1407/2653/2487 1408/2654/2488 1409/2655/2489 
f 1409/2655/2489 1400/2645/2490 1407/2653/2487 
s 32
f 1402/2648/2491 1410/2656/2492 1411/2657/2493 
f 1411/2657/2493 1399/2658/2478 1402/2648/2491 
s 64
f 1396/2640/2494 1412/2659/2495 1413/2660/2496 
f 1413/2660/2496 1401/2661/2481 1396/2640/2494 
s 2
f 1403/2662/2497 1398/2663/2498 1388/2631/2465 
f 1388/2631/2465 1387/2630/2464 1403/2662/2497 
s 4
f 1414/2664/2499 1415/2665/2500 1416/2666/2501 
f 1416/2666/2501 1392/2635/2469 1414/2664/2499 
s 16
f 1417/2667/2502 1397/2642/2502 1400/2645/2490 
f 1400/2645/2490 1409/2655/2489 1417/2667/2502 
s 64
f 1390/2641/2503 1396/2640/2494 1401/2661/2481 
f 1401/2661/2481 1387/2668/2480 1390/2641/2503 
s 16
f 1418/2669/2504 1404/2670/2505 1408/2654/2488 
f 1408/2654/2488 1414/2671/2506 1418/2669/2504 
s 64
f 1419/2672/2507 1410/2656/2508 1413/2673/2496 
f 1413/2673/2496 1393/2674/2509 1419/2672/2507 
s 2
f 1417/2675/2510 1420/2676/2511 1389/2632/2466 
f 1389/2632/2466 1388/2631/2465 1417/2675/2510 
s 4
f 1418/2677/2512 1414/2664/2499 1392/2635/2469 
f 1392/2635/2469 1391/2634/2468 1418/2677/2512 
s 8
f 1420/2676/2513 1406/2678/2486 1395/2679/2473 
f 1395/2679/2473 1389/2632/2472 1420/2676/2513 
s 32
f 1403/2649/2514 1402/2648/2491 1399/2658/2478 
f 1399/2658/2478 1398/2680/2477 1403/2649/2514 
s 8
f 1394/2637/2515 1412/2681/2516 1405/2682/2485 
f 1405/2682/2485 1391/2634/2517 1394/2637/2515 
s 32
f 1415/2683/2518 1407/2653/2519 1411/2684/2493 
f 1411/2684/2493 1416/2685/2520 1415/2683/2518 
s 2
f 1398/2663/2498 1397/2686/2521 1417/2675/2510 
f 1417/2675/2510 1388/2631/2465 1398/2663/2498 
s 4
f 1419/2687/2522 1393/2636/2470 1392/2635/2469 
f 1392/2635/2469 1416/2666/2501 1419/2687/2522 
s off
f 1406/2652/2523 1420/2688/2523 1421/2689/2523 
f 1421/2689/2523 1422/2690/2523 1406/2652/2523 
f 1409/2691/2524 1406/2692/2524 1422/2693/2524 
f 1422/2693/2524 1423/2694/2524 1409/2691/2524 
f 1420/2676/2525 1417/2675/2525 1424/2695/2525 
f 1424/2695/2525 1421/2696/2525 1420/2676/2525 
f 1417/2667/2526 1409/2655/2526 1423/2697/2526 
f 1423/2697/2526 1424/2698/2526 1417/2667/2526 
s 1
f 1422/2699/2527 1421/2700/2527 1424/2698/2527 
f 1424/2698/2527 1423/2697/2527 1422/2699/2527 
s 8
f 1418/2677/2528 1391/2634/2517 1405/2682/2485 
f 1405/2682/2485 1404/2701/2484 1418/2677/2528 
s 16
f 1415/2683/2529 1414/2671/2506 1408/2654/2488 
f 1408/2654/2488 1407/2653/2487 1415/2683/2529 
s 32
f 1419/2687/2530 1416/2666/2520 1411/2702/2493 
f 1411/2702/2493 1410/2703/2492 1419/2687/2530 
s 64
f 1412/2659/2495 1394/2704/2531 1393/2705/2509 
f 1393/2705/2509 1413/2660/2496 1412/2659/2495 
s 16
f 1404/2670/2505 1406/2706/2532 1409/2655/2489 
f 1409/2655/2489 1408/2654/2488 1404/2670/2505 
s 64
f 1410/2656/2508 1402/2648/2482 1401/2647/2481 
f 1401/2647/2481 1413/2673/2496 1410/2656/2508 
s 8
f 1412/2659/2516 1396/2640/2474 1395/2639/2473 
f 1395/2639/2473 1405/2651/2485 1412/2659/2516 
s 32
f 1400/2645/2479 1399/2644/2478 1411/2684/2493 
f 1411/2684/2493 1407/2653/2519 1400/2645/2479 
s 2
f 1425/2707/2533 1426/2708/2534 1427/2709/2535 
f 1427/2709/2535 1428/2710/2536 1425/2707/2533 
s 4
f 1429/2711/2537 1430/2712/2538 1431/2713/2539 
f 1431/2713/2539 1432/2714/2540 1429/2711/2537 
s 8
f 1427/2709/2541 1433/2715/2542 1434/2716/2543 
f 1434/2716/2543 1428/2710/2544 1427/2709/2541 
s 32
f 1435/2717/2545 1436/2718/2546 1437/2719/2547 
f 1437/2719/2547 1438/2720/2548 1435/2717/2545 
s 64
f 1425/2721/2549 1439/2722/2550 1440/2723/2551 
f 1440/2723/2551 1441/2724/2552 1425/2721/2549 
s 8
f 1442/2725/2553 1443/2726/2554 1433/2727/2542 
f 1433/2727/2542 1444/2728/2555 1442/2725/2553 
s 16
f 1445/2729/2556 1446/2730/2557 1447/2731/2558 
f 1447/2731/2558 1438/2732/2559 1445/2729/2556 
s 32
f 1440/2733/2560 1448/2734/2561 1449/2735/2562 
f 1449/2735/2562 1437/2736/2547 1440/2733/2560 
s 64
f 1434/2737/2563 1450/2738/2564 1451/2739/2565 
f 1451/2739/2565 1439/2740/2550 1434/2737/2563 
s 2
f 1441/2724/2566 1436/2741/2567 1426/2742/2534 
f 1426/2742/2534 1425/2721/2533 1441/2724/2566 
s 4
f 1452/2743/2568 1453/2744/2569 1454/2745/2570 
f 1454/2745/2570 1430/2712/2538 1452/2743/2568 
s 16
f 1455/2746/2571 1435/2717/2571 1438/2720/2559 
f 1438/2720/2559 1447/2747/2558 1455/2746/2571 
s 64
f 1428/2748/2572 1434/2749/2563 1439/2722/2550 
f 1439/2722/2550 1425/2721/2549 1428/2748/2572 
s 16
f 1456/2750/2573 1442/2725/2574 1446/2751/2557 
f 1446/2751/2557 1452/2752/2575 1456/2750/2573 
s 64
f 1457/2753/2576 1448/2754/2577 1451/2755/2565 
f 1451/2755/2565 1431/2756/2578 1457/2753/2576 
s 2
f 1455/2757/2579 1458/2758/2580 1427/2709/2535 
f 1427/2709/2535 1426/2708/2534 1455/2757/2579 
s 4
f 1456/2759/2581 1452/2743/2568 1430/2712/2538 
f 1430/2712/2538 1429/2711/2537 1456/2759/2581 
s 8
f 1458/2758/2582 1444/2760/2555 1433/2715/2542 
f 1433/2715/2542 1427/2709/2541 1458/2758/2582 
s 32
f 1441/2724/2583 1440/2723/2560 1437/2761/2547 
f 1437/2761/2547 1436/2741/2546 1441/2724/2583 
s 8
f 1432/2762/2584 1450/2738/2585 1443/2763/2554 
f 1443/2763/2554 1429/2764/2586 1432/2762/2584 
s 32
f 1453/2744/2587 1445/2729/2588 1449/2735/2562 
f 1449/2735/2562 1454/2745/2589 1453/2744/2587 
s 2
f 1436/2718/2567 1435/2717/2590 1455/2746/2579 
f 1455/2746/2579 1426/2765/2534 1436/2718/2567 
s 4
f 1457/2766/2591 1431/2713/2539 1430/2712/2538 
f 1430/2712/2538 1454/2745/2570 1457/2766/2591 
s off
f 1444/2760/2592 1458/2758/2592 1459/2767/2592 
f 1459/2767/2592 1460/2768/2592 1444/2760/2592 
f 1447/2769/2593 1444/2728/2593 1460/2770/2593 
f 1460/2770/2593 1461/2771/2593 1447/2769/2593 
f 1458/2772/2594 1455/2746/2594 1462/2773/2594 
f 1462/2773/2594 1459/2774/2594 1458/2772/2594 
f 1455/2746/2595 1447/2747/2595 1461/2775/2595 
f 1461/2775/2595 1462/2773/2595 1455/2746/2595 
s 1
f 1460/2776/2596 1459/2774/2596 1462/2773/2596 
f 1462/2773/2596 1461/2775/2596 1460/2776/2596 
s 8
f 1456/2750/2597 1429/2777/2586 1443/2726/2554 
f 1443/2726/2554 1442/2725/2553 1456/2750/2597 
s 16
f 1453/2744/2598 1452/2743/2575 1446/2730/2557 
f 1446/2730/2557 1445/2729/2556 1453/2744/2598 
s 32
f 1457/2766/2599 1454/2745/2589 1449/2735/2562 
f 1449/2735/2562 1448/2734/2561 1457/2766/2599 
s 64
f 1450/2738/2564 1432/2762/2600 1431/2778/2578 
f 1431/2778/2578 1451/2739/2565 1450/2738/2564 
s 16
f 1442/2725/2574 1444/2728/2601 1447/2769/2558 
f 1447/2769/2558 1446/2751/2557 1442/2725/2574 
s 64
f 1448/2754/2577 1440/2723/2551 1439/2722/2550 
f 1439/2722/2550 1451/2755/2565 1448/2754/2577 
s 8
f 1450/2738/2585 1434/2737/2543 1433/2779/2542 
f 1433/2779/2542 1443/2763/2554 1450/2738/2585 
s 32
f 1438/2732/2548 1437/2736/2547 1449/2735/2562 
f 1449/2735/2562 1445/2729/2588 1438/2732/2548 
s 2
f 1463/2780/2602 1464/2781/2603 1465/2782/2604 
f 1465/2782/2604 1466/2783/2605 1463/2780/2602 
s 4
f 1467/2784/2606 1468/2785/2607 1469/2786/2608 
f 1469/2786/2608 1470/2787/2609 1467/2784/2606 
s 8
f 1465/2788/2610 1471/2789/2611 1472/2790/2612 
f 1472/2790/2612 1466/2791/2613 1465/2788/2610 
s 32
f 1473/2792/2614 1474/2793/2615 1475/2794/2616 
f 1475/2794/2616 1476/2795/2617 1473/2792/2614 
s 64
f 1463/2780/2618 1477/2796/2619 1478/2797/2620 
f 1478/2797/2620 1479/2798/2621 1463/2780/2618 
s 8
f 1480/2799/2622 1481/2800/2623 1471/2789/2611 
f 1471/2789/2611 1482/2801/2624 1480/2799/2622 
s 16
f 1483/2802/2625 1484/2803/2626 1485/2804/2627 
f 1485/2804/2627 1476/2795/2628 1483/2802/2625 
s 32
f 1478/2805/2629 1486/2806/2630 1487/2807/2631 
f 1487/2807/2631 1475/2794/2616 1478/2805/2629 
s 64
f 1472/2790/2632 1488/2808/2633 1489/2809/2634 
f 1489/2809/2634 1477/2810/2619 1472/2790/2632 
s 2
f 1479/2798/2635 1474/2811/2636 1464/2781/2603 
f 1464/2781/2603 1463/2780/2602 1479/2798/2635 
s 4
f 1490/2812/2637 1491/2813/2638 1492/2814/2639 
f 1492/2814/2639 1468/2785/2607 1490/2812/2637 
s 16
f 1493/2815/2640 1473/2816/2640 1476/2817/2628 
f 1476/2817/2628 1485/2818/2627 1493/2815/2640 
s 64
f 1466/2783/2641 1472/2819/2632 1477/2796/2619 
f 1477/2796/2619 1463/2780/2618 1466/2783/2641 
s 16
f 1494/2820/2642 1480/2821/2643 1484/2803/2626 
f 1484/2803/2626 1490/2812/2644 1494/2820/2642 
s 64
f 1495/2822/2645 1486/2806/2646 1489/2823/2634 
f 1489/2823/2634 1469/2786/2647 1495/2822/2645 
s 2
f 1493/2824/2648 1496/2825/2649 1465/2826/2604 
f 1465/2826/2604 1464/2827/2603 1493/2824/2648 
s 4
f 1494/2820/2650 1490/2812/2637 1468/2785/2607 
f 1468/2785/2607 1467/2784/2606 1494/2820/2650 
s 8
f 1496/2825/2651 1482/2828/2624 1471/2829/2611 
f 1471/2829/2611 1465/2826/2610 1496/2825/2651 
s 32
f 1479/2798/2652 1478/2797/2629 1475/2830/2616 
f 1475/2830/2616 1474/2811/2615 1479/2798/2652 
s 8
f 1470/2831/2653 1488/2808/2654 1481/2800/2623 
f 1481/2800/2623 1467/2832/2655 1470/2831/2653 
s 32
f 1491/2813/2656 1483/2802/2657 1487/2807/2631 
f 1487/2807/2631 1492/2814/2658 1491/2813/2656 
s 2
f 1474/2833/2636 1473/2816/2659 1493/2815/2648 
f 1493/2815/2648 1464/2834/2603 1474/2833/2636 
s 4
f 1495/2822/2660 1469/2786/2608 1468/2785/2607 
f 1468/2785/2607 1492/2814/2639 1495/2822/2660 
s off
f 1482/2828/2661 1496/2825/2661 1497/2835/2661 
f 1497/2835/2661 1498/2836/2661 1482/2828/2661 
f 1485/2837/2662 1482/2838/2662 1498/2839/2662 
f 1498/2839/2662 1499/2840/2662 1485/2837/2662 
f 1496/2825/2663 1493/2824/2663 1500/2841/2663 
f 1500/2841/2663 1497/2835/2663 1496/2825/2663 
f 1493/2815/2664 1485/2818/2664 1499/2842/2664 
f 1499/2842/2664 1500/2843/2664 1493/2815/2664 
s 1
f 1498/2839/2665 1497/2844/2665 1500/2845/2665 
f 1500/2845/2665 1499/2840/2665 1498/2839/2665 
s 8
f 1494/2846/2666 1467/2832/2655 1481/2800/2623 
f 1481/2800/2623 1480/2799/2622 1494/2846/2666 
s 16
f 1491/2813/2667 1490/2812/2644 1484/2803/2626 
f 1484/2803/2626 1483/2802/2625 1491/2813/2667 
s 32
f 1495/2822/2668 1492/2814/2658 1487/2807/2631 
f 1487/2807/2631 1486/2806/2630 1495/2822/2668 
s 64
f 1488/2808/2633 1470/2831/2669 1469/2847/2647 
f 1469/2847/2647 1489/2809/2634 1488/2808/2633 
s 16
f 1480/2848/2643 1482/2838/2670 1485/2837/2627 
f 1485/2837/2627 1484/2849/2626 1480/2848/2643 
s 64
f 1486/2806/2646 1478/2805/2620 1477/2850/2619 
f 1477/2850/2619 1489/2823/2634 1486/2806/2646 
s 8
f 1488/2808/2654 1472/2790/2612 1471/2789/2611 
f 1471/2789/2611 1481/2800/2623 1488/2808/2654 
s 32
f 1476/2795/2617 1475/2794/2616 1487/2807/2631 
f 1487/2807/2631 1483/2802/2657 1476/2795/2617 
s 2
f 1501/2851/2671 1502/2852/2672 1503/2853/2673 
f 1503/2853/2673 1504/2854/2674 1501/2851/2671 
s 4
f 1505/2855/2675 1506/2856/2676 1507/2857/2677 
f 1507/2857/2677 1508/2858/2678 1505/2855/2675 
s 8
f 1503/2853/2679 1509/2859/2680 1510/2860/2681 
f 1510/2860/2681 1504/2854/2682 1503/2853/2679 
s 32
f 1511/2861/2683 1512/2862/2684 1513/2863/2685 
f 1513/2863/2685 1514/2864/2686 1511/2861/2683 
s 64
f 1501/2851/2687 1515/2865/2688 1516/2866/2689 
f 1516/2866/2689 1517/2867/2690 1501/2851/2687 
s 8
f 1518/2868/2691 1519/2869/2692 1509/2859/2680 
f 1509/2859/2680 1520/2870/2693 1518/2868/2691 
s 16
f 1521/2871/2694 1522/2872/2695 1523/2873/2696 
f 1523/2873/2696 1514/2874/2697 1521/2871/2694 
s 32
f 1516/2875/2698 1524/2876/2699 1525/2877/2700 
f 1525/2877/2700 1513/2878/2685 1516/2875/2698 
s 64
f 1510/2879/2701 1526/2880/2702 1527/2881/2703 
f 1527/2881/2703 1515/2882/2688 1510/2879/2701 
s 2
f 1517/2867/2704 1512/2883/2705 1502/2852/2672 
f 1502/2852/2672 1501/2851/2671 1517/2867/2704 
s 4
f 1528/2884/2706 1529/2885/2707 1530/2886/2708 
f 1530/2886/2708 1506/2856/2676 1528/2884/2706 
s 16
f 1531/2887/2709 1511/2861/2709 1514/2864/2697 
f 1514/2864/2697 1523/2888/2696 1531/2887/2709 
s 64
f 1504/2854/2710 1510/2860/2701 1515/2865/2688 
f 1515/2865/2688 1501/2851/2687 1504/2854/2710 
s 16
f 1532/2889/2711 1518/2890/2712 1522/2872/2695 
f 1522/2872/2695 1528/2884/2713 1532/2889/2711 
s 64
f 1533/2891/2714 1524/2876/2715 1527/2892/2703 
f 1527/2892/2703 1507/2893/2716 1533/2891/2714 
s 2
f 1531/2894/2717 1534/2895/2718 1503/2853/2673 
f 1503/2853/2673 1502/2852/2672 1531/2894/2717 
s 4
f 1532/2896/2719 1528/2897/2706 1506/2898/2676 
f 1506/2898/2676 1505/2899/2675 1532/2896/2719 
s 8
f 1534/2895/2720 1520/2870/2693 1509/2859/2680 
f 1509/2859/2680 1503/2853/2679 1534/2895/2720 
s 32
f 1517/2900/2721 1516/2875/2698 1513/2878/2685 
f 1513/2878/2685 1512/2901/2684 1517/2900/2721 
s 8
f 1508/2902/2722 1526/2880/2723 1519/2903/2692 
f 1519/2903/2692 1505/2899/2724 1508/2902/2722 
s 32
f 1529/2885/2725 1521/2871/2726 1525/2904/2700 
f 1525/2904/2700 1530/2886/2727 1529/2885/2725 
s 2
f 1512/2883/2705 1511/2905/2728 1531/2894/2717 
f 1531/2894/2717 1502/2852/2672 1512/2883/2705 
s 4
f 1533/2906/2729 1507/2857/2677 1506/2856/2676 
f 1506/2856/2676 1530/2886/2708 1533/2906/2729 
s off
f 1520/2870/2730 1534/2895/2730 1535/2907/2730 
f 1535/2907/2730 1536/2908/2730 1520/2870/2730 
f 1523/2873/2731 1520/2909/2731 1536/2910/2731 
f 1536/2910/2731 1537/2911/2731 1523/2873/2731 
f 1534/2895/2732 1531/2894/2732 1538/2912/2732 
f 1538/2912/2732 1535/2907/2732 1534/2895/2732 
f 1531/2887/2733 1523/2888/2733 1537/2913/2733 
f 1537/2913/2733 1538/2914/2733 1531/2887/2733 
s 1
f 1536/2915/2734 1535/2916/2734 1538/2914/2734 
f 1538/2914/2734 1537/2913/2734 1536/2915/2734 
s 8
f 1532/2896/2735 1505/2899/2724 1519/2903/2692 
f 1519/2903/2692 1518/2917/2691 1532/2896/2735 
s 16
f 1529/2885/2736 1528/2884/2713 1522/2872/2695 
f 1522/2872/2695 1521/2871/2694 1529/2885/2736 
s 32
f 1533/2906/2737 1530/2886/2727 1525/2904/2700 
f 1525/2904/2700 1524/2918/2699 1533/2906/2737 
s 64
f 1526/2880/2702 1508/2902/2738 1507/2919/2716 
f 1507/2919/2716 1527/2881/2703 1526/2880/2702 
s 16
f 1518/2890/2712 1520/2909/2739 1523/2873/2696 
f 1523/2873/2696 1522/2872/2695 1518/2890/2712 
s 64
f 1524/2876/2715 1516/2875/2689 1515/2920/2688 
f 1515/2920/2688 1527/2892/2703 1524/2876/2715 
s 8
f 1526/2921/2723 1510/2860/2681 1509/2859/2680 
f 1509/2859/2680 1519/2869/2692 1526/2921/2723 
s 32
f 1514/2874/2686 1513/2922/2685 1525/2904/2700 
f 1525/2904/2700 1521/2871/2726 1514/2874/2686 
s 2
f 1539/2923/2740 1540/2924/2741 1541/2925/2742 
f 1541/2925/2742 1542/2926/2743 1539/2923/2740 
s 4
f 1543/2927/2744 1544/2928/2745 1545/2929/2746 
f 1545/2929/2746 1546/2930/2747 1543/2927/2744 
s 8
f 1541/2925/2748 1547/2931/2749 1548/2932/2750 
f 1548/2932/2750 1542/2926/2751 1541/2925/2748 
s 32
f 1549/2933/2752 1550/2934/2753 1551/2935/2754 
f 1551/2935/2754 1552/2936/2755 1549/2933/2752 
s 64
f 1539/2937/2756 1553/2938/2757 1554/2939/2758 
f 1554/2939/2758 1555/2940/2759 1539/2937/2756 
s 8
f 1556/2941/2760 1557/2942/2761 1547/2931/2749 
f 1547/2931/2749 1558/2943/2762 1556/2941/2760 
s 16
f 1559/2944/2763 1560/2945/2764 1561/2946/2765 
f 1561/2946/2765 1552/2947/2766 1559/2944/2763 
s 32
f 1554/2948/2767 1562/2949/2768 1563/2950/2769 
f 1563/2950/2769 1551/2951/2754 1554/2948/2767 
s 64
f 1548/2952/2770 1564/2953/2771 1565/2954/2772 
f 1565/2954/2772 1553/2955/2757 1548/2952/2770 
s 2
f 1555/2956/2773 1550/2934/2774 1540/2957/2741 
f 1540/2957/2741 1539/2958/2740 1555/2956/2773 
s 4
f 1566/2959/2775 1567/2960/2776 1568/2961/2777 
f 1568/2961/2777 1544/2962/2745 1566/2959/2775 
s 16
f 1569/2963/2778 1549/2933/2778 1552/2936/2766 
f 1552/2936/2766 1561/2964/2765 1569/2963/2778 
s 64
f 1542/2965/2779 1548/2966/2770 1553/2938/2757 
f 1553/2938/2757 1539/2937/2756 1542/2965/2779 
s 16
f 1570/2967/2780 1556/2968/2781 1560/2969/2764 
f 1560/2969/2764 1566/2970/2782 1570/2967/2780 
s 64
f 1571/2971/2783 1562/2949/2784 1565/2972/2772 
f 1565/2972/2772 1545/2973/2785 1571/2971/2783 
s 2
f 1569/2963/2786 1572/2974/2787 1541/2975/2742 
f 1541/2975/2742 1540/2957/2741 1569/2963/2786 
s 4
f 1570/2967/2788 1566/2970/2775 1544/2928/2745 
f 1544/2928/2745 1543/2927/2744 1570/2967/2788 
s 8
f 1572/2976/2789 1558/2943/2762 1547/2931/2749 
f 1547/2931/2749 1541/2925/2748 1572/2976/2789 
s 32
f 1555/2977/2790 1554/2948/2767 1551/2951/2754 
f 1551/2951/2754 1550/2978/2753 1555/2977/2790 
s 8
f 1546/2930/2791 1564/2953/2792 1557/2979/2761 
f 1557/2979/2761 1543/2927/2793 1546/2930/2791 
s 32
f 1567/2960/2794 1559/2944/2795 1563/2950/2769 
f 1563/2950/2769 1568/2961/2796 1567/2960/2794 
s 2
f 1550/2934/2774 1549/2933/2797 1569/2963/2786 
f 1569/2963/2786 1540/2957/2741 1550/2934/2774 
s 4
f 1571/2980/2798 1545/2929/2746 1544/2928/2745 
f 1544/2928/2745 1568/2981/2777 1571/2980/2798 
s off
f 1558/2943/2799 1572/2976/2799 1573/2982/2799 
f 1573/2982/2799 1574/2983/2799 1558/2943/2799 
f 1561/2984/2800 1558/2985/2800 1574/2986/2800 
f 1574/2986/2800 1575/2987/2800 1561/2984/2800 
f 1572/2974/2801 1569/2963/2801 1576/2988/2801 
f 1576/2988/2801 1573/2989/2801 1572/2974/2801 
f 1569/2963/2802 1561/2964/2802 1575/2990/2802 
f 1575/2990/2802 1576/2988/2802 1569/2963/2802 
s 1
f 1574/2991/2803 1573/2989/2803 1576/2988/2803 
f 1576/2988/2803 1575/2990/2803 1574/2991/2803 
s 8
f 1570/2967/2804 1543/2927/2793 1557/2979/2761 
f 1557/2979/2761 1556/2968/2760 1570/2967/2804 
s 16
f 1567/2960/2805 1566/2959/2782 1560/2945/2764 
f 1560/2945/2764 1559/2944/2763 1567/2960/2805 
s 32
f 1571/2971/2806 1568/2961/2796 1563/2950/2769 
f 1563/2950/2769 1562/2949/2768 1571/2971/2806 
s 64
f 1564/2953/2771 1546/2930/2807 1545/2929/2785 
f 1545/2929/2785 1565/2954/2772 1564/2953/2771 
s 16
f 1556/2968/2781 1558/2985/2808 1561/2984/2765 
f 1561/2984/2765 1560/2969/2764 1556/2968/2781 
s 64
f 1562/2949/2784 1554/2948/2758 1553/2992/2757 
f 1553/2992/2757 1565/2972/2772 1562/2949/2784 
s 8
f 1564/2993/2792 1548/2932/2750 1547/2931/2749 
f 1547/2931/2749 1557/2942/2761 1564/2993/2792 
s 32
f 1552/2947/2755 1551/2951/2754 1563/2950/2769 
f 1563/2950/2769 1559/2944/2795 1552/2947/2755 
s 2
f 1577/2994/260 1578/2995/261 1579/2996/262 
f 1579/2996/262 1580/2997/263 1577/2994/260 
s 4
f 1581/2998/264 1582/2999/265 1583/3000/266 
f 1583/3000/266 1584/3001/267 1581/2998/264 
s 8
f 1579/3002/268 1585/3003/269 1586/3004/270 
f 1586/3004/270 1580/3005/271 1579/3002/268 
s 32
f 1587/3006/272 1588/3007/273 1589/3008/274 
f 1589/3008/274 1590/3009/275 1587/3006/272 
s 64
f 1577/3010/276 1591/3011/277 1592/3012/278 
f 1592/3012/278 1593/3013/279 1577/3010/276 
s 8
f 1594/3014/280 1595/3015/281 1585/3003/269 
f 1585/3003/269 1596/3016/282 1594/3014/280 
s 16
f 1597/3017/283 1598/3018/284 1599/3019/285 
f 1599/3019/285 1590/3009/286 1597/3017/283 
s 32
f 1592/3012/287 1600/3020/288 1601/3021/289 
f 1601/3021/289 1589/3022/274 1592/3012/287 
s 64
f 1586/3023/290 1602/3024/291 1603/3025/292 
f 1603/3025/292 1591/3011/277 1586/3023/290 
s 2
f 1593/3026/293 1588/3007/294 1578/3027/261 
f 1578/3027/261 1577/3028/260 1593/3026/293 
s 4
f 1604/3029/295 1605/3030/296 1606/3031/297 
f 1606/3031/297 1582/3032/265 1604/3029/295 
s 16
f 1607/3033/298 1587/3006/298 1590/3009/286 
f 1590/3009/286 1599/3019/285 1607/3033/298 
s 64
f 1580/3034/299 1586/3023/290 1591/3011/277 
f 1591/3011/277 1577/3010/276 1580/3034/299 
s 16
f 1608/3035/300 1594/3036/301 1598/3037/284 
f 1598/3037/284 1604/3038/302 1608/3035/300 
s 64
f 1609/3039/303 1600/3020/304 1603/3025/292 
f 1603/3025/292 1583/3040/305 1609/3039/303 
s 2
f 1607/3041/306 1610/3042/307 1579/2996/262 
f 1579/2996/262 1578/2995/261 1607/3041/306 
s 4
f 1608/3043/308 1604/3029/295 1582/3032/265 
f 1582/3032/265 1581/3044/264 1608/3043/308 
s 8
f 1610/3045/309 1596/3016/282 1585/3003/269 
f 1585/3003/269 1579/3002/268 1610/3045/309 
s 32
f 1593/3026/310 1592/3046/287 1589/3008/274 
f 1589/3008/274 1588/3007/273 1593/3026/310 
s 8
f 1584/3001/311 1602/3047/312 1595/3015/281 
f 1595/3015/281 1581/2998/313 1584/3001/311 
s 32
f 1605/3048/314 1597/3017/315 1601/3049/289 
f 1601/3049/289 1606/3050/316 1605/3048/314 
s 2
f 1588/3007/294 1587/3006/317 1607/3033/306 
f 1607/3033/306 1578/3027/261 1588/3007/294 
s 4
f 1609/3039/318 1583/3040/266 1582/3032/265 
f 1582/3032/265 1606/3031/297 1609/3039/318 
s off
f 1596/3016/319 1610/3045/319 1611/3051/319 
f 1611/3051/319 1612/3052/319 1596/3016/319 
f 1599/3053/320 1596/3054/320 1612/3055/320 
f 1612/3055/320 1613/3056/320 1599/3053/320 
f 1610/3057/321 1607/3033/321 1614/3058/321 
f 1614/3058/321 1611/3059/321 1610/3057/321 
f 1607/3033/322 1599/3019/322 1613/3060/322 
f 1613/3060/322 1614/3058/322 1607/3033/322 
s 1
f 1612/3061/323 1611/3062/323 1614/3063/323 
f 1614/3063/323 1613/3064/323 1612/3061/323 
s 8
f 1608/3065/324 1581/2998/313 1595/3015/281 
f 1595/3015/281 1594/3014/280 1608/3065/324 
s 16
f 1605/3048/325 1604/3066/302 1598/3018/284 
f 1598/3018/284 1597/3017/283 1605/3048/325 
s 32
f 1609/3039/326 1606/3031/316 1601/3021/289 
f 1601/3021/289 1600/3020/288 1609/3039/326 
s 64
f 1602/3024/291 1584/3067/327 1583/3040/305 
f 1583/3040/305 1603/3025/292 1602/3024/291 
s 16
f 1594/3014/301 1596/3016/328 1599/3068/285 
f 1599/3068/285 1598/3069/284 1594/3014/301 
s 64
f 1600/3020/304 1592/3012/278 1591/3011/277 
f 1591/3011/277 1603/3025/292 1600/3020/304 
s 8
f 1602/3047/312 1586/3004/270 1585/3003/269 
f 1585/3003/269 1595/3015/281 1602/3047/312 
s 32
f 1590/3009/275 1589/3008/274 1601/3049/289 
f 1601/3049/289 1597/3017/315 1590/3009/275 
s 2
f 1615/3070/2809 1616/3071/2810 1617/3072/2811 
f 1617/3072/2811 1618/3073/2812 1615/3070/2809 
s 4
f 1619/3074/2813 1620/3075/2814 1621/3076/2815 
f 1621/3076/2815 1622/3077/2816 1619/3074/2813 
s 8
f 1617/3072/2817 1623/3078/2818 1624/3079/2819 
f 1624/3079/2819 1618/3073/2820 1617/3072/2817 
s 32
f 1625/3080/2821 1626/3081/2822 1627/3082/2823 
f 1627/3082/2823 1628/3083/2824 1625/3080/2821 
s 64
f 1615/3084/2825 1629/3085/2826 1630/3086/2827 
f 1630/3086/2827 1631/3087/2828 1615/3084/2825 
s 8
f 1632/3088/2829 1633/3089/2830 1623/3078/2818 
f 1623/3078/2818 1634/3090/2831 1632/3088/2829 
s 16
f 1635/3091/2832 1636/3092/2833 1637/3093/2834 
f 1637/3093/2834 1628/3083/2835 1635/3091/2832 
s 32
f 1630/3094/2836 1638/3095/2837 1639/3096/2838 
f 1639/3096/2838 1627/3082/2823 1630/3094/2836 
s 64
f 1624/3097/2839 1640/3098/2840 1641/3099/2841 
f 1641/3099/2841 1629/3085/2826 1624/3097/2839 
s 2
f 1631/3100/2842 1626/3101/2843 1616/3071/2810 
f 1616/3071/2810 1615/3070/2809 1631/3100/2842 
s 4
f 1642/3102/2844 1643/3103/2845 1644/3104/2846 
f 1644/3104/2846 1620/3075/2814 1642/3102/2844 
s 16
f 1645/3105/2847 1625/3106/2847 1628/3107/2835 
f 1628/3107/2835 1637/3108/2834 1645/3105/2847 
s 64
f 1618/3109/2848 1624/3097/2839 1629/3085/2826 
f 1629/3085/2826 1615/3084/2825 1618/3109/2848 
s 16
f 1646/3110/2849 1632/3111/2850 1636/3092/2833 
f 1636/3092/2833 1642/3102/2851 1646/3110/2849 
s 64
f 1647/3112/2852 1638/3095/2853 1641/3113/2841 
f 1641/3113/2841 1621/3076/2854 1647/3112/2852 
s 2
f 1645/3114/2855 1648/3115/2856 1617/3072/2811 
f 1617/3072/2811 1616/3071/2810 1645/3114/2855 
s 4
f 1646/3110/2857 1642/3102/2844 1620/3075/2814 
f 1620/3075/2814 1619/3074/2813 1646/3110/2857 
s 8
f 1648/3115/2858 1634/3090/2831 1623/3078/2818 
f 1623/3078/2818 1617/3072/2817 1648/3115/2858 
s 32
f 1631/3087/2721 1630/3086/2836 1627/3116/2823 
f 1627/3116/2823 1626/3117/2822 1631/3087/2721 
s 8
f 1622/3118/2859 1640/3119/2860 1633/3120/2830 
f 1633/3120/2830 1619/3121/2861 1622/3118/2859 
s 32
f 1643/3103/2862 1635/3091/2863 1639/3096/2838 
f 1639/3096/2838 1644/3104/2864 1643/3103/2862 
s 2
f 1626/3122/2843 1625/3106/2865 1645/3105/2855 
f 1645/3105/2855 1616/3123/2810 1626/3122/2843 
s 4
f 1647/3112/2866 1621/3076/2815 1620/3075/2814 
f 1620/3075/2814 1644/3104/2846 1647/3112/2866 
s off
f 1634/3090/2867 1648/3115/2867 1649/3124/2867 
f 1649/3124/2867 1650/3125/2867 1634/3090/2867 
f 1637/3126/2868 1634/3127/2868 1650/3128/2868 
f 1650/3128/2868 1651/3129/2868 1637/3126/2868 
f 1648/3115/2869 1645/3114/2869 1652/3130/2869 
f 1652/3130/2869 1649/3124/2869 1648/3115/2869 
f 1645/3105/2870 1637/3108/2870 1651/3131/2870 
f 1651/3131/2870 1652/3132/2870 1645/3105/2870 
s 1
f 1650/3133/2871 1649/3134/2871 1652/3132/2871 
f 1652/3132/2871 1651/3131/2871 1650/3133/2871 
s 8
f 1646/3135/2872 1619/3121/2861 1633/3120/2830 
f 1633/3120/2830 1632/3136/2829 1646/3135/2872 
s 16
f 1643/3103/2873 1642/3102/2851 1636/3092/2833 
f 1636/3092/2833 1635/3091/2832 1643/3103/2873 
s 32
f 1647/3112/2874 1644/3104/2864 1639/3096/2838 
f 1639/3096/2838 1638/3095/2837 1647/3112/2874 
s 64
f 1640/3137/2840 1622/3077/2875 1621/3076/2854 
f 1621/3076/2854 1641/3113/2841 1640/3137/2840 
s 16
f 1632/3138/2850 1634/3127/2876 1637/3126/2834 
f 1637/3126/2834 1636/3139/2833 1632/3138/2850 
s 64
f 1638/3140/2853 1630/3086/2827 1629/3085/2826 
f 1629/3085/2826 1641/3099/2841 1638/3140/2853 
s 8
f 1640/3141/2860 1624/3079/2819 1623/3078/2818 
f 1623/3078/2818 1633/3089/2830 1640/3141/2860 
s 32
f 1628/3083/2824 1627/3082/2823 1639/3096/2838 
f 1639/3096/2838 1635/3091/2863 1628/3083/2824 
s 2
f 1653/3142/2877 1654/3143/2878 1655/3144/2879 
f 1655/3144/2879 1656/3145/2880 1653/3142/2877 
s 4
f 1657/3146/2881 1658/3147/2882 1659/3148/2883 
f 1659/3148/2883 1660/3149/2884 1657/3146/2881 
s 8
f 1655/3150/2885 1661/3151/2886 1662/3152/2887 
f 1662/3152/2887 1656/3153/2888 1655/3150/2885 
s 32
f 1663/3154/2889 1664/3155/2890 1665/3156/2891 
f 1665/3156/2891 1666/3157/2892 1663/3154/2889 
s 64
f 1653/3158/2893 1667/3159/2894 1668/3160/2895 
f 1668/3160/2895 1669/3161/2896 1653/3158/2893 
s 8
f 1670/3162/2897 1671/3163/2898 1661/3164/2886 
f 1661/3164/2886 1672/3165/2899 1670/3162/2897 
s 16
f 1673/3166/2900 1674/3167/2901 1675/3168/2902 
f 1675/3168/2902 1666/3157/2903 1673/3166/2900 
s 32
f 1668/3169/2904 1676/3170/2905 1677/3171/2906 
f 1677/3171/2906 1665/3172/2891 1668/3169/2904 
s 64
f 1662/3152/2907 1678/3173/2908 1679/3174/2909 
f 1679/3174/2909 1667/3175/2894 1662/3152/2907 
s 2
f 1669/3161/2910 1664/3176/2911 1654/3177/2878 
f 1654/3177/2878 1653/3158/2877 1669/3161/2910 
s 4
f 1680/3178/2912 1681/3179/2913 1682/3180/2914 
f 1682/3180/2914 1658/3147/2882 1680/3178/2912 
s 16
f 1683/3181/2915 1663/3154/2915 1666/3157/2903 
f 1666/3157/2903 1675/3168/2902 1683/3181/2915 
s 64
f 1656/3153/2916 1662/3152/2907 1667/3175/2894 
f 1667/3175/2894 1653/3182/2893 1656/3153/2916 
s 16
f 1684/3183/2917 1670/3184/2918 1674/3167/2901 
f 1674/3167/2901 1680/3185/2919 1684/3183/2917 
s 64
f 1685/3186/2920 1676/3170/2921 1679/3187/2909 
f 1679/3187/2909 1659/3148/2922 1685/3186/2920 
s 2
f 1683/3188/2923 1686/3189/2924 1655/3144/2879 
f 1655/3144/2879 1654/3143/2878 1683/3188/2923 
s 4
f 1684/3190/2925 1680/3178/2912 1658/3147/2882 
f 1658/3147/2882 1657/3146/2881 1684/3190/2925 
s 8
f 1686/3189/2926 1672/3191/2899 1661/3192/2886 
f 1661/3192/2886 1655/3144/2885 1686/3189/2926 
s 32
f 1669/3161/2927 1668/3160/2904 1665/3193/2891 
f 1665/3193/2891 1664/3176/2890 1669/3161/2927 
s 8
f 1660/3194/2928 1678/3173/2929 1671/3195/2898 
f 1671/3195/2898 1657/3196/2930 1660/3194/2928 
s 32
f 1681/3179/2931 1673/3197/2932 1677/3171/2906 
f 1677/3171/2906 1682/3180/2933 1681/3179/2931 
s 2
f 1664/3155/2911 1663/3154/2934 1683/3181/2923 
f 1683/3181/2923 1654/3198/2878 1664/3155/2911 
s 4
f 1685/3186/2935 1659/3148/2883 1658/3147/2882 
f 1658/3147/2882 1682/3180/2914 1685/3186/2935 
s off
f 1672/3191/2936 1686/3189/2936 1687/3199/2936 
f 1687/3199/2936 1688/3200/2936 1672/3191/2936 
f 1675/3201/2937 1672/3165/2937 1688/3202/2937 
f 1688/3202/2937 1689/3203/2937 1675/3201/2937 
f 1686/3189/2938 1683/3188/2938 1690/3204/2938 
f 1690/3204/2938 1687/3199/2938 1686/3189/2938 
f 1683/3181/2939 1675/3168/2939 1689/3205/2939 
f 1689/3205/2939 1690/3206/2939 1683/3181/2939 
s 1
f 1688/3207/2940 1687/3208/2940 1690/3206/2940 
f 1690/3206/2940 1689/3205/2940 1688/3207/2940 
s 8
f 1684/3209/2941 1657/3210/2930 1671/3163/2898 
f 1671/3163/2898 1670/3162/2897 1684/3209/2941 
s 16
f 1681/3211/2942 1680/3185/2919 1674/3167/2901 
f 1674/3167/2901 1673/3166/2900 1681/3211/2942 
s 32
f 1685/3186/2943 1682/3180/2933 1677/3171/2906 
f 1677/3171/2906 1676/3170/2905 1685/3186/2943 
s 64
f 1678/3173/2908 1660/3194/2944 1659/3212/2922 
f 1659/3212/2922 1679/3174/2909 1678/3173/2908 
s 16
f 1670/3184/2918 1672/3213/2945 1675/3168/2902 
f 1675/3168/2902 1674/3167/2901 1670/3184/2918 
s 64
f 1676/3170/2921 1668/3169/2895 1667/3214/2894 
f 1667/3214/2894 1679/3187/2909 1676/3170/2921 
s 8
f 1678/3173/2929 1662/3152/2887 1661/3151/2886 
f 1661/3151/2886 1671/3195/2898 1678/3173/2929 
s 32
f 1666/3157/2892 1665/3156/2891 1677/3215/2906 
f 1677/3215/2906 1673/3166/2932 1666/3157/2892 
s 2
f 1691/3216/2533 1692/3217/2534 1693/3218/2535 
f 1693/3218/2535 1694/3219/2536 1691/3216/2533 
s 4
f 1695/3220/2537 1696/3221/2538 1697/3222/2539 
f 1697/3222/2539 1698/3223/2540 1695/3220/2537 
s 8
f 1693/3218/2541 1699/3224/2542 1700/3225/2543 
f 1700/3225/2543 1694/3219/2544 1693/3218/2541 
s 32
f 1701/3226/2545 1702/3227/2546 1703/3228/2547 
f 1703/3228/2547 1704/3229/2548 1701/3226/2545 
s 64
f 1691/3230/2549 1705/3231/2550 1706/3232/2551 
f 1706/3232/2551 1707/3233/2552 1691/3230/2549 
s 8
f 1708/3234/2553 1709/3235/2554 1699/3236/2542 
f 1699/3236/2542 1710/3237/2555 1708/3234/2553 
s 16
f 1711/3238/2556 1712/3239/2557 1713/3240/2558 
f 1713/3240/2558 1704/3241/2559 1711/3238/2556 
s 32
f 1706/3242/2560 1714/3243/2561 1715/3244/2562 
f 1715/3244/2562 1703/3245/2547 1706/3242/2560 
s 64
f 1700/3246/2563 1716/3247/2564 1717/3248/2565 
f 1717/3248/2565 1705/3249/2550 1700/3246/2563 
s 2
f 1707/3233/2566 1702/3250/2567 1692/3251/2534 
f 1692/3251/2534 1691/3230/2533 1707/3233/2566 
s 4
f 1718/3252/2568 1719/3253/2569 1720/3254/2570 
f 1720/3254/2570 1696/3221/2538 1718/3252/2568 
s 16
f 1721/3255/2571 1701/3226/2571 1704/3229/2559 
f 1704/3229/2559 1713/3256/2558 1721/3255/2571 
s 64
f 1694/3257/2572 1700/3258/2563 1705/3231/2550 
f 1705/3231/2550 1691/3230/2549 1694/3257/2572 
s 16
f 1722/3259/2573 1708/3234/2574 1712/3260/2557 
f 1712/3260/2557 1718/3261/2575 1722/3259/2573 
s 64
f 1723/3262/2576 1714/3263/2577 1717/3264/2565 
f 1717/3264/2565 1697/3265/2578 1723/3262/2576 
s 2
f 1721/3266/2579 1724/3267/2580 1693/3218/2535 
f 1693/3218/2535 1692/3217/2534 1721/3266/2579 
s 4
f 1722/3268/2581 1718/3252/2568 1696/3221/2538 
f 1696/3221/2538 1695/3220/2537 1722/3268/2581 
s 8
f 1724/3267/2582 1710/3269/2555 1699/3224/2542 
f 1699/3224/2542 1693/3218/2541 1724/3267/2582 
s 32
f 1707/3233/2583 1706/3232/2560 1703/3270/2547 
f 1703/3270/2547 1702/3250/2546 1707/3233/2583 
s 8
f 1698/3271/2584 1716/3247/2585 1709/3272/2554 
f 1709/3272/2554 1695/3273/2586 1698/3271/2584 
s 32
f 1719/3253/2587 1711/3238/2588 1715/3244/2562 
f 1715/3244/2562 1720/3254/2589 1719/3253/2587 
s 2
f 1702/3227/2567 1701/3226/2590 1721/3255/2579 
f 1721/3255/2579 1692/3274/2534 1702/3227/2567 
s 4
f 1723/3275/2591 1697/3222/2539 1696/3221/2538 
f 1696/3221/2538 1720/3254/2570 1723/3275/2591 
s off
f 1710/3269/2592 1724/3267/2592 1725/3276/2592 
f 1725/3276/2592 1726/3277/2592 1710/3269/2592 
f 1713/3278/2593 1710/3237/2593 1726/3279/2593 
f 1726/3279/2593 1727/3280/2593 1713/3278/2593 
f 1724/3281/2594 1721/3255/2594 1728/3282/2594 
f 1728/3282/2594 1725/3283/2594 1724/3281/2594 
f 1721/3255/2595 1713/3256/2595 1727/3284/2595 
f 1727/3284/2595 1728/3282/2595 1721/3255/2595 
s 1
f 1726/3285/2596 1725/3283/2596 1728/3282/2596 
f 1728/3282/2596 1727/3284/2596 1726/3285/2596 
s 8
f 1722/3259/2597 1695/3286/2586 1709/3235/2554 
f 1709/3235/2554 1708/3234/2553 1722/3259/2597 
s 16
f 1719/3253/2598 1718/3252/2575 1712/3239/2557 
f 1712/3239/2557 1711/3238/2556 1719/3253/2598 
s 32
f 1723/3275/2599 1720/3254/2589 1715/3244/2562 
f 1715/3244/2562 1714/3243/2561 1723/3275/2599 
s 64
f 1716/3247/2564 1698/3271/2600 1697/3287/2578 
f 1697/3287/2578 1717/3248/2565 1716/3247/2564 
s 16
f 1708/3234/2574 1710/3237/2601 1713/3278/2558 
f 1713/3278/2558 1712/3260/2557 1708/3234/2574 
s 64
f 1714/3263/2577 1706/3232/2551 1705/3231/2550 
f 1705/3231/2550 1717/3264/2565 1714/3263/2577 
s 8
f 1716/3247/2585 1700/3246/2543 1699/3288/2542 
f 1699/3288/2542 1709/3272/2554 1716/3247/2585 
s 32
f 1704/3241/2548 1703/3245/2547 1715/3244/2562 
f 1715/3244/2562 1711/3238/2588 1704/3241/2548 
s 2
f 1729/3289/2602 1730/3290/2603 1731/3291/2604 
f 1731/3291/2604 1732/3292/2605 1729/3289/2602 
s 4
f 1733/3293/2606 1734/3294/2607 1735/3295/2608 
f 1735/3295/2608 1736/3296/2609 1733/3293/2606 
s 8
f 1731/3297/2610 1737/3298/2611 1738/3299/2612 
f 1738/3299/2612 1732/3300/2613 1731/3297/2610 
s 32
f 1739/3301/2614 1740/3302/2615 1741/3303/2616 
f 1741/3303/2616 1742/3304/2617 1739/3301/2614 
s 64
f 1729/3289/2618 1743/3305/2619 1744/3306/2620 
f 1744/3306/2620 1745/3307/2621 1729/3289/2618 
s 8
f 1746/3308/2622 1747/3309/2623 1737/3298/2611 
f 1737/3298/2611 1748/3310/2624 1746/3308/2622 
s 16
f 1749/3311/2625 1750/3312/2626 1751/3313/2627 
f 1751/3313/2627 1742/3304/2628 1749/3311/2625 
s 32
f 1744/3314/2629 1752/3315/2630 1753/3316/2631 
f 1753/3316/2631 1741/3303/2616 1744/3314/2629 
s 64
f 1738/3299/2632 1754/3317/2633 1755/3318/2634 
f 1755/3318/2634 1743/3319/2619 1738/3299/2632 
s 2
f 1745/3307/2635 1740/3320/2636 1730/3290/2603 
f 1730/3290/2603 1729/3289/2602 1745/3307/2635 
s 4
f 1756/3321/2637 1757/3322/2638 1758/3323/2639 
f 1758/3323/2639 1734/3294/2607 1756/3321/2637 
s 16
f 1759/3324/2640 1739/3325/2640 1742/3326/2628 
f 1742/3326/2628 1751/3327/2627 1759/3324/2640 
s 64
f 1732/3292/2641 1738/3328/2632 1743/3305/2619 
f 1743/3305/2619 1729/3289/2618 1732/3292/2641 
s 16
f 1760/3329/2642 1746/3330/2643 1750/3312/2626 
f 1750/3312/2626 1756/3321/2644 1760/3329/2642 
s 64
f 1761/3331/2645 1752/3315/2646 1755/3332/2634 
f 1755/3332/2634 1735/3295/2647 1761/3331/2645 
s 2
f 1759/3333/2648 1762/3334/2649 1731/3335/2604 
f 1731/3335/2604 1730/3336/2603 1759/3333/2648 
s 4
f 1760/3329/2650 1756/3321/2637 1734/3294/2607 
f 1734/3294/2607 1733/3293/2606 1760/3329/2650 
s 8
f 1762/3334/2651 1748/3337/2624 1737/3338/2611 
f 1737/3338/2611 1731/3335/2610 1762/3334/2651 
s 32
f 1745/3307/2652 1744/3306/2629 1741/3339/2616 
f 1741/3339/2616 1740/3320/2615 1745/3307/2652 
s 8
f 1736/3340/2653 1754/3317/2654 1747/3309/2623 
f 1747/3309/2623 1733/3341/2655 1736/3340/2653 
s 32
f 1757/3322/2656 1749/3311/2657 1753/3316/2631 
f 1753/3316/2631 1758/3323/2658 1757/3322/2656 
s 2
f 1740/3342/2636 1739/3325/2659 1759/3324/2648 
f 1759/3324/2648 1730/3343/2603 1740/3342/2636 
s 4
f 1761/3331/2660 1735/3295/2608 1734/3294/2607 
f 1734/3294/2607 1758/3323/2639 1761/3331/2660 
s off
f 1748/3337/2661 1762/3334/2661 1763/3344/2661 
f 1763/3344/2661 1764/3345/2661 1748/3337/2661 
f 1751/3346/2662 1748/3347/2662 1764/3348/2662 
f 1764/3348/2662 1765/3349/2662 1751/3346/2662 
f 1762/3334/2663 1759/3333/2663 1766/3350/2663 
f 1766/3350/2663 1763/3344/2663 1762/3334/2663 
f 1759/3324/2664 1751/3327/2664 1765/3351/2664 
f 1765/3351/2664 1766/3352/2664 1759/3324/2664 
s 1
f 1764/3348/2665 1763/3353/2665 1766/3354/2665 
f 1766/3354/2665 1765/3349/2665 1764/3348/2665 
s 8
f 1760/3355/2666 1733/3341/2655 1747/3309/2623 
f 1747/3309/2623 1746/3308/2622 1760/3355/2666 
s 16
f 1757/3322/2667 1756/3321/2644 1750/3312/2626 
f 1750/3312/2626 1749/3311/2625 1757/3322/2667 
s 32
f 1761/3331/2668 1758/3323/2658 1753/3316/2631 
f 1753/3316/2631 1752/3315/2630 1761/3331/2668 
s 64
f 1754/3317/2633 1736/3340/2669 1735/3356/2647 
f 1735/3356/2647 1755/3318/2634 1754/3317/2633 
s 16
f 1746/3357/2643 1748/3347/2670 1751/3346/2627 
f 1751/3346/2627 1750/3358/2626 1746/3357/2643 
s 64
f 1752/3315/2646 1744/3314/2620 1743/3359/2619 
f 1743/3359/2619 1755/3332/2634 1752/3315/2646 
s 8
f 1754/3317/2654 1738/3299/2612 1737/3298/2611 
f 1737/3298/2611 1747/3309/2623 1754/3317/2654 
s 32
f 1742/3304/2617 1741/3303/2616 1753/3316/2631 
f 1753/3316/2631 1749/3311/2657 1742/3304/2617 
s 2
f 1767/3360/2671 1768/3361/2672 1769/3362/2673 
f 1769/3362/2673 1770/3363/2674 1767/3360/2671 
s 4
f 1771/3364/2675 1772/3365/2676 1773/3366/2677 
f 1773/3366/2677 1774/3367/2678 1771/3364/2675 
s 8
f 1769/3362/2679 1775/3368/2680 1776/3369/2681 
f 1776/3369/2681 1770/3363/2682 1769/3362/2679 
s 32
f 1777/3370/2683 1778/3371/2684 1779/3372/2685 
f 1779/3372/2685 1780/3373/2686 1777/3370/2683 
s 64
f 1767/3360/2687 1781/3374/2688 1782/3375/2689 
f 1782/3375/2689 1783/3376/2690 1767/3360/2687 
s 8
f 1784/3377/2691 1785/3378/2692 1775/3368/2680 
f 1775/3368/2680 1786/3379/2693 1784/3377/2691 
s 16
f 1787/3380/2694 1788/3381/2695 1789/3382/2696 
f 1789/3382/2696 1780/3383/2697 1787/3380/2694 
s 32
f 1782/3384/2698 1790/3385/2699 1791/3386/2700 
f 1791/3386/2700 1779/3387/2685 1782/3384/2698 
s 64
f 1776/3388/2701 1792/3389/2702 1793/3390/2703 
f 1793/3390/2703 1781/3391/2688 1776/3388/2701 
s 2
f 1783/3376/2704 1778/3392/2705 1768/3361/2672 
f 1768/3361/2672 1767/3360/2671 1783/3376/2704 
s 4
f 1794/3393/2706 1795/3394/2707 1796/3395/2708 
f 1796/3395/2708 1772/3365/2676 1794/3393/2706 
s 16
f 1797/3396/2709 1777/3370/2709 1780/3373/2697 
f 1780/3373/2697 1789/3397/2696 1797/3396/2709 
s 64
f 1770/3363/2710 1776/3369/2701 1781/3374/2688 
f 1781/3374/2688 1767/3360/2687 1770/3363/2710 
s 16
f 1798/3398/2711 1784/3399/2712 1788/3381/2695 
f 1788/3381/2695 1794/3393/2713 1798/3398/2711 
s 64
f 1799/3400/2714 1790/3385/2715 1793/3401/2703 
f 1793/3401/2703 1773/3366/2716 1799/3400/2714 
s 2
f 1797/3402/2717 1800/3403/2718 1769/3362/2673 
f 1769/3362/2673 1768/3361/2672 1797/3402/2717 
s 4
f 1798/3404/2719 1794/3405/2706 1772/3406/2676 
f 1772/3406/2676 1771/3407/2675 1798/3404/2719 
s 8
f 1800/3403/2720 1786/3379/2693 1775/3368/2680 
f 1775/3368/2680 1769/3362/2679 1800/3403/2720 
s 32
f 1783/3408/2721 1782/3409/2698 1779/3410/2685 
f 1779/3410/2685 1778/3411/2684 1783/3408/2721 
s 8
f 1774/3412/2722 1792/3389/2723 1785/3413/2692 
f 1785/3413/2692 1771/3407/2724 1774/3412/2722 
s 32
f 1795/3394/2725 1787/3380/2726 1791/3386/2700 
f 1791/3386/2700 1796/3395/2727 1795/3394/2725 
s 2
f 1778/3392/2705 1777/3414/2728 1797/3402/2717 
f 1797/3402/2717 1768/3361/2672 1778/3392/2705 
s 4
f 1799/3400/2729 1773/3366/2677 1772/3365/2676 
f 1772/3365/2676 1796/3395/2708 1799/3400/2729 
s off
f 1786/3379/2730 1800/3403/2730 1801/3415/2730 
f 1801/3415/2730 1802/3416/2730 1786/3379/2730 
f 1789/3382/2731 1786/3417/2731 1802/3418/2731 
f 1802/3418/2731 1803/3419/2731 1789/3382/2731 
f 1800/3403/2732 1797/3402/2732 1804/3420/2732 
f 1804/3420/2732 1801/3415/2732 1800/3403/2732 
f 1797/3396/2733 1789/3397/2733 1803/3421/2733 
f 1803/3421/2733 1804/3422/2733 1797/3396/2733 
s 1
f 1802/3423/2734 1801/3424/2734 1804/3422/2734 
f 1804/3422/2734 1803/3421/2734 1802/3423/2734 
s 8
f 1798/3404/2735 1771/3407/2724 1785/3413/2692 
f 1785/3413/2692 1784/3425/2691 1798/3404/2735 
s 16
f 1795/3394/2736 1794/3393/2713 1788/3381/2695 
f 1788/3381/2695 1787/3380/2694 1795/3394/2736 
s 32
f 1799/3400/2737 1796/3395/2727 1791/3386/2700 
f 1791/3386/2700 1790/3385/2699 1799/3400/2737 
s 64
f 1792/3389/2702 1774/3412/2738 1773/3426/2716 
f 1773/3426/2716 1793/3390/2703 1792/3389/2702 
s 16
f 1784/3399/2712 1786/3417/2739 1789/3382/2696 
f 1789/3382/2696 1788/3381/2695 1784/3399/2712 
s 64
f 1790/3385/2715 1782/3384/2689 1781/3427/2688 
f 1781/3427/2688 1793/3401/2703 1790/3385/2715 
s 8
f 1792/3428/2723 1776/3369/2681 1775/3368/2680 
f 1775/3368/2680 1785/3378/2692 1792/3428/2723 
s 32
f 1780/3383/2686 1779/3387/2685 1791/3386/2700 
f 1791/3386/2700 1787/3380/2726 1780/3383/2686 
s 2
f 1805/3429/2740 1806/3430/2741 1807/3431/2742 
f 1807/3431/2742 1808/3432/2743 1805/3429/2740 
s 4
f 1809/3433/2744 1810/3434/2745 1811/3435/2746 
f 1811/3435/2746 1812/3436/2747 1809/3433/2744 
s 8
f 1807/3431/2748 1813/3437/2749 1814/3438/2750 
f 1814/3438/2750 1808/3432/2751 1807/3431/2748 
s 32
f 1815/3439/2752 1816/3440/2753 1817/3441/2754 
f 1817/3441/2754 1818/3442/2755 1815/3439/2752 
s 64
f 1805/3443/2756 1819/3444/2757 1820/3445/2758 
f 1820/3445/2758 1821/3446/2759 1805/3443/2756 
s 8
f 1822/3447/2760 1823/3448/2761 1813/3437/2749 
f 1813/3437/2749 1824/3449/2762 1822/3447/2760 
s 16
f 1825/3450/2763 1826/3451/2764 1827/3452/2765 
f 1827/3452/2765 1818/3453/2766 1825/3450/2763 
s 32
f 1820/3454/2767 1828/3455/2768 1829/3456/2769 
f 1829/3456/2769 1817/3457/2754 1820/3454/2767 
s 64
f 1814/3458/2770 1830/3459/2771 1831/3460/2772 
f 1831/3460/2772 1819/3461/2757 1814/3458/2770 
s 2
f 1821/3462/2773 1816/3440/2774 1806/3463/2741 
f 1806/3463/2741 1805/3464/2740 1821/3462/2773 
s 4
f 1832/3465/2775 1833/3466/2776 1834/3467/2777 
f 1834/3467/2777 1810/3468/2745 1832/3465/2775 
s 16
f 1835/3469/2778 1815/3439/2778 1818/3442/2766 
f 1818/3442/2766 1827/3470/2765 1835/3469/2778 
s 64
f 1808/3471/2779 1814/3472/2770 1819/3444/2757 
f 1819/3444/2757 1805/3443/2756 1808/3471/2779 
s 16
f 1836/3473/2780 1822/3474/2781 1826/3475/2764 
f 1826/3475/2764 1832/3476/2782 1836/3473/2780 
s 64
f 1837/3477/2783 1828/3455/2784 1831/3478/2772 
f 1831/3478/2772 1811/3479/2785 1837/3477/2783 
s 2
f 1835/3469/2786 1838/3480/2787 1807/3481/2742 
f 1807/3481/2742 1806/3463/2741 1835/3469/2786 
s 4
f 1836/3473/2788 1832/3476/2775 1810/3434/2745 
f 1810/3434/2745 1809/3433/2744 1836/3473/2788 
s 8
f 1838/3482/2789 1824/3449/2762 1813/3437/2749 
f 1813/3437/2749 1807/3431/2748 1838/3482/2789 
s 32
f 1821/3483/2790 1820/3454/2767 1817/3457/2754 
f 1817/3457/2754 1816/3484/2753 1821/3483/2790 
s 8
f 1812/3436/2791 1830/3459/2792 1823/3485/2761 
f 1823/3485/2761 1809/3433/2793 1812/3436/2791 
s 32
f 1833/3466/2794 1825/3450/2795 1829/3456/2769 
f 1829/3456/2769 1834/3467/2796 1833/3466/2794 
s 2
f 1816/3440/2774 1815/3439/2797 1835/3469/2786 
f 1835/3469/2786 1806/3463/2741 1816/3440/2774 
s 4
f 1837/3486/2798 1811/3435/2746 1810/3434/2745 
f 1810/3434/2745 1834/3487/2777 1837/3486/2798 
s off
f 1824/3449/2799 1838/3482/2799 1839/3488/2799 
f 1839/3488/2799 1840/3489/2799 1824/3449/2799 
f 1827/3490/2800 1824/3491/2800 1840/3492/2800 
f 1840/3492/2800 1841/3493/2800 1827/3490/2800 
f 1838/3480/2801 1835/3469/2801 1842/3494/2801 
f 1842/3494/2801 1839/3495/2801 1838/3480/2801 
f 1835/3469/2802 1827/3470/2802 1841/3496/2802 
f 1841/3496/2802 1842/3494/2802 1835/3469/2802 
s 1
f 1840/3497/2803 1839/3495/2803 1842/3494/2803 
f 1842/3494/2803 1841/3496/2803 1840/3497/2803 
s 8
f 1836/3473/2804 1809/3433/2793 1823/3485/2761 
f 1823/3485/2761 1822/3474/2760 1836/3473/2804 
s 16
f 1833/3466/2805 1832/3465/2782 1826/3451/2764 
f 1826/3451/2764 1825/3450/2763 1833/3466/2805 
s 32
f 1837/3477/2806 1834/3467/2796 1829/3456/2769 
f 1829/3456/2769 1828/3455/2768 1837/3477/2806 
s 64
f 1830/3459/2771 1812/3436/2807 1811/3435/2785 
f 1811/3435/2785 1831/3460/2772 1830/3459/2771 
s 16
f 1822/3474/2781 1824/3491/2808 1827/3490/2765 
f 1827/3490/2765 1826/3475/2764 1822/3474/2781 
s 64
f 1828/3455/2784 1820/3454/2758 1819/3498/2757 
f 1819/3498/2757 1831/3478/2772 1828/3455/2784 
s 8
f 1830/3499/2792 1814/3438/2750 1813/3437/2749 
f 1813/3437/2749 1823/3448/2761 1830/3499/2792 
s 32
f 1818/3453/2755 1817/3457/2754 1829/3456/2769 
f 1829/3456/2769 1825/3450/2795 1818/3453/2755 
s 2
f 1843/3500/2809 1844/3501/2810 1845/3502/2811 
f 1845/3502/2811 1846/3503/2812 1843/3500/2809 
s 4
f 1847/3504/2813 1848/3505/2814 1849/3506/2815 
f 1849/3506/2815 1850/3507/2816 1847/3504/2813 
s 8
f 1845/3502/2817 1851/3508/2818 1852/3509/2819 
f 1852/3509/2819 1846/3503/2820 1845/3502/2817 
s 32
f 1853/3510/2821 1854/3511/2822 1855/3512/2823 
f 1855/3512/2823 1856/3513/2824 1853/3510/2821 
s 64
f 1843/3514/2825 1857/3515/2826 1858/3516/2827 
f 1858/3516/2827 1859/3517/2828 1843/3514/2825 
s 8
f 1860/3518/2829 1861/3519/2830 1851/3508/2818 
f 1851/3508/2818 1862/3520/2831 1860/3518/2829 
s 16
f 1863/3521/2832 1864/3522/2833 1865/3523/2834 
f 1865/3523/2834 1856/3513/2835 1863/3521/2832 
s 32
f 1858/3524/2836 1866/3525/2837 1867/3526/2838 
f 1867/3526/2838 1855/3512/2823 1858/3524/2836 
s 64
f 1852/3527/2839 1868/3528/2840 1869/3529/2841 
f 1869/3529/2841 1857/3515/2826 1852/3527/2839 
s 2
f 1859/3530/2842 1854/3531/2843 1844/3501/2810 
f 1844/3501/2810 1843/3500/2809 1859/3530/2842 
s 4
f 1870/3532/2844 1871/3533/2845 1872/3534/2846 
f 1872/3534/2846 1848/3505/2814 1870/3532/2844 
s 16
f 1873/3535/2847 1853/3536/2847 1856/3537/2835 
f 1856/3537/2835 1865/3538/2834 1873/3535/2847 
s 64
f 1846/3539/2848 1852/3527/2839 1857/3515/2826 
f 1857/3515/2826 1843/3514/2825 1846/3539/2848 
s 16
f 1874/3540/2849 1860/3541/2850 1864/3522/2833 
f 1864/3522/2833 1870/3532/2851 1874/3540/2849 
s 64
f 1875/3542/2852 1866/3525/2853 1869/3543/2841 
f 1869/3543/2841 1849/3506/2854 1875/3542/2852 
s 2
f 1873/3544/2855 1876/3545/2856 1845/3502/2811 
f 1845/3502/2811 1844/3501/2810 1873/3544/2855 
s 4
f 1874/3540/2857 1870/3532/2844 1848/3505/2814 
f 1848/3505/2814 1847/3504/2813 1874/3540/2857 
s 8
f 1876/3545/2858 1862/3520/2831 1851/3508/2818 
f 1851/3508/2818 1845/3502/2817 1876/3545/2858 
s 32
f 1859/3517/2721 1858/3516/2836 1855/3546/2823 
f 1855/3546/2823 1854/3547/2822 1859/3517/2721 
s 8
f 1850/3548/2859 1868/3549/2860 1861/3550/2830 
f 1861/3550/2830 1847/3551/2861 1850/3548/2859 
s 32
f 1871/3533/2862 1863/3521/2863 1867/3526/2838 
f 1867/3526/2838 1872/3534/2864 1871/3533/2862 
s 2
f 1854/3552/2843 1853/3536/2865 1873/3535/2855 
f 1873/3535/2855 1844/3553/2810 1854/3552/2843 
s 4
f 1875/3542/2866 1849/3506/2815 1848/3505/2814 
f 1848/3505/2814 1872/3534/2846 1875/3542/2866 
s off
f 1862/3520/2867 1876/3545/2867 1877/3554/2867 
f 1877/3554/2867 1878/3555/2867 1862/3520/2867 
f 1865/3556/2868 1862/3557/2868 1878/3558/2868 
f 1878/3558/2868 1879/3559/2868 1865/3556/2868 
f 1876/3545/2869 1873/3544/2869 1880/3560/2869 
f 1880/3560/2869 1877/3554/2869 1876/3545/2869 
f 1873/3535/2870 1865/3538/2870 1879/3561/2870 
f 1879/3561/2870 1880/3562/2870 1873/3535/2870 
s 1
f 1878/3563/2871 1877/3564/2871 1880/3562/2871 
f 1880/3562/2871 1879/3561/2871 1878/3563/2871 
s 8
f 1874/3565/2872 1847/3551/2861 1861/3550/2830 
f 1861/3550/2830 1860/3566/2829 1874/3565/2872 
s 16
f 1871/3533/2873 1870/3532/2851 1864/3522/2833 
f 1864/3522/2833 1863/3521/2832 1871/3533/2873 
s 32
f 1875/3542/2874 1872/3534/2864 1867/3526/2838 
f 1867/3526/2838 1866/3525/2837 1875/3542/2874 
s 64
f 1868/3567/2840 1850/3507/2875 1849/3506/2854 
f 1849/3506/2854 1869/3543/2841 1868/3567/2840 
s 16
f 1860/3568/2850 1862/3557/2876 1865/3556/2834 
f 1865/3556/2834 1864/3569/2833 1860/3568/2850 
s 64
f 1866/3570/2853 1858/3516/2827 1857/3515/2826 
f 1857/3515/2826 1869/3529/2841 1866/3570/2853 
s 8
f 1868/3571/2860 1852/3509/2819 1851/3508/2818 
f 1851/3508/2818 1861/3519/2830 1868/3571/2860 
s 32
f 1856/3513/2824 1855/3512/2823 1867/3526/2838 
f 1867/3526/2838 1863/3521/2863 1856/3513/2824 
s 2
f 1881/3572/2877 1882/3573/2878 1883/3574/2879 
f 1883/3574/2879 1884/3575/2880 1881/3572/2877 
s 4
f 1885/3576/2881 1886/3577/2882 1887/3578/2883 
f 1887/3578/2883 1888/3579/2884 1885/3576/2881 
s 8
f 1883/3580/2885 1889/3581/2886 1890/3582/2887 
f 1890/3582/2887 1884/3583/2888 1883/3580/2885 
s 32
f 1891/3584/2889 1892/3585/2890 1893/3586/2891 
f 1893/3586/2891 1894/3587/2892 1891/3584/2889 
s 64
f 1881/3588/2893 1895/3589/2894 1896/3590/2946 
f 1896/3590/2946 1897/3591/2896 1881/3588/2893 
s 8
f 1898/3592/2897 1899/3593/2898 1889/3594/2886 
f 1889/3594/2886 1900/3595/2899 1898/3592/2897 
s 16
f 1901/3596/2900 1902/3597/2901 1903/3598/2902 
f 1903/3598/2902 1894/3587/2903 1901/3596/2900 
s 32
f 1896/3599/2904 1904/3600/2905 1905/3601/2906 
f 1905/3601/2906 1893/3602/2891 1896/3599/2904 
s 64
f 1890/3582/2907 1906/3603/2908 1907/3604/2909 
f 1907/3604/2909 1895/3605/2894 1890/3582/2907 
s 2
f 1897/3591/2910 1892/3606/2911 1882/3607/2878 
f 1882/3607/2878 1881/3588/2877 1897/3591/2910 
s 4
f 1908/3608/2912 1909/3609/2913 1910/3610/2914 
f 1910/3610/2914 1886/3577/2882 1908/3608/2912 
s 16
f 1911/3611/2915 1891/3584/2915 1894/3587/2903 
f 1894/3587/2903 1903/3598/2902 1911/3611/2915 
s 64
f 1884/3583/2916 1890/3582/2907 1895/3605/2894 
f 1895/3605/2894 1881/3612/2893 1884/3583/2916 
s 16
f 1912/3613/2917 1898/3614/2918 1902/3597/2901 
f 1902/3597/2901 1908/3615/2919 1912/3613/2917 
s 64
f 1913/3616/2920 1904/3600/2921 1907/3617/2909 
f 1907/3617/2909 1887/3578/2922 1913/3616/2920 
s 2
f 1911/3618/2923 1914/3619/2924 1883/3574/2879 
f 1883/3574/2879 1882/3573/2878 1911/3618/2923 
s 4
f 1912/3620/2925 1908/3608/2912 1886/3577/2882 
f 1886/3577/2882 1885/3576/2881 1912/3620/2925 
s 8
f 1914/3619/2926 1900/3621/2899 1889/3622/2886 
f 1889/3622/2886 1883/3574/2885 1914/3619/2926 
s 32
f 1897/3591/2927 1896/3590/2904 1893/3623/2891 
f 1893/3623/2891 1892/3606/2890 1897/3591/2927 
s 8
f 1888/3624/2928 1906/3603/2929 1899/3625/2898 
f 1899/3625/2898 1885/3626/2930 1888/3624/2928 
s 32
f 1909/3609/2931 1901/3627/2932 1905/3601/2906 
f 1905/3601/2906 1910/3610/2933 1909/3609/2931 
s 2
f 1892/3585/2911 1891/3584/2934 1911/3611/2923 
f 1911/3611/2923 1882/3628/2878 1892/3585/2911 
s 4
f 1913/3616/2935 1887/3578/2883 1886/3577/2882 
f 1886/3577/2882 1910/3610/2914 1913/3616/2935 
s off
f 1900/3621/2936 1914/3619/2936 1915/3629/2936 
f 1915/3629/2936 1916/3630/2936 1900/3621/2936 
f 1903/3631/2937 1900/3595/2937 1916/3632/2937 
f 1916/3632/2937 1917/3633/2937 1903/3631/2937 
f 1914/3619/2938 1911/3618/2938 1918/3634/2938 
f 1918/3634/2938 1915/3629/2938 1914/3619/2938 
f 1911/3611/2939 1903/3598/2939 1917/3635/2939 
f 1917/3635/2939 1918/3636/2939 1911/3611/2939 
s 1
f 1916/3637/2940 1915/3638/2940 1918/3636/2940 
f 1918/3636/2940 1917/3635/2940 1916/3637/2940 
s 8
f 1912/3639/2941 1885/3640/2930 1899/3593/2898 
f 1899/3593/2898 1898/3592/2897 1912/3639/2941 
s 16
f 1909/3641/2942 1908/3615/2919 1902/3597/2901 
f 1902/3597/2901 1901/3596/2900 1909/3641/2942 
s 32
f 1913/3616/2943 1910/3610/2933 1905/3601/2906 
f 1905/3601/2906 1904/3600/2905 1913/3616/2943 
s 64
f 1906/3603/2908 1888/3624/2944 1887/3642/2922 
f 1887/3642/2922 1907/3604/2909 1906/3603/2908 
s 16
f 1898/3614/2918 1900/3643/2945 1903/3598/2902 
f 1903/3598/2902 1902/3597/2901 1898/3614/2918 
s 64
f 1904/3600/2921 1896/3599/2946 1895/3644/2894 
f 1895/3644/2894 1907/3617/2909 1904/3600/2921 
s 8
f 1906/3603/2929 1890/3582/2887 1889/3581/2886 
f 1889/3581/2886 1899/3625/2898 1906/3603/2929 
s 32
f 1894/3587/2892 1893/3586/2891 1905/3645/2906 
f 1905/3645/2906 1901/3596/2932 1894/3587/2892 
# 3634 faces

