# Blender 4.4.3
# www.blender.org
mtllib wolf.mtl
o Wolf
v 0.000000 42.242905 31.173796
v -3.916000 43.200104 30.735395
v -1.963100 29.699701 14.334998
v 0.000000 28.333601 13.232198
v -5.808700 44.637604 30.112396
v -6.858000 47.447903 28.771196
v -9.768700 44.182301 18.962896
v -8.141700 39.674801 21.087196
v -5.808700 51.020306 27.135096
v -9.276200 47.229000 10.715696
v -3.916000 53.327904 26.078297
v -5.355600 51.454800 9.629796
v 0.000000 54.825203 25.392496
v 0.000000 53.886501 8.923896
v -3.280100 34.198399 -17.178102
v -3.176500 37.959400 -21.514303
v 0.000000 37.171501 -21.268202
v 0.000000 33.273602 -17.206001
v 0.000000 31.993299 -8.795503
v 0.000000 31.810900 3.493298
v -4.183200 32.947800 3.330998
v -3.459700 32.957401 -8.755703
v -6.772700 36.518902 2.887397
v -6.358100 36.880001 -5.934403
v -5.428000 44.504799 -20.030504
v -3.049100 43.493099 -22.075603
v -2.357000 41.301998 -22.075603
v -7.893600 40.761902 2.281497
v -7.037100 42.545700 -9.369802
v -6.772700 45.321899 1.617597
v -5.115200 46.170399 -14.271804
v -2.853200 46.653500 -14.295303
v -3.088500 46.021900 -19.509203
v -4.183200 48.596001 1.065596
v 0.000000 47.353100 -14.367404
v 0.000000 46.874901 -19.532104
v 0.000000 50.366100 0.689496
v -2.890200 30.993698 -16.802801
v -3.969400 36.124199 -21.510601
v -7.015300 33.267502 -5.951502
v -3.939600 30.275700 -8.611402
v -7.090900 38.516800 -21.513905
v -8.845100 36.596298 -8.438203
v -10.196900 39.392300 -14.792603
v -2.643100 26.712997 -16.409403
v -2.560700 21.351099 -19.271702
v -4.598700 23.513699 -21.571901
v -3.996300 27.553598 -20.620901
v -6.894100 21.028799 -9.629202
v -6.724600 17.034698 -15.294001
v -4.128000 18.708498 -16.413801
v -4.116300 22.222300 -10.996802
v -8.168800 23.641499 -22.020903
v -8.168800 27.747997 -21.258303
v -9.298100 22.186300 -10.921001
v -8.950200 18.708498 -16.413801
v -11.052400 21.342197 -19.216402
v -12.114000 26.575098 -15.542302
v -4.039300 17.130499 -22.944002
v -5.329500 20.248999 -23.565903
v -6.617600 13.677199 -17.505701
v -4.634900 14.149899 -19.161201
v -7.903500 20.351198 -24.054401
v -8.576000 14.021599 -18.897303
v -8.790300 16.937098 -22.591902
v -3.734200 32.734001 -21.640701
v -7.105700 28.854000 -6.074802
v -7.880800 33.048401 -22.049103
v -9.362100 30.989000 -8.316502
v -11.778800 32.900101 -15.403103
v -2.426700 45.580399 -22.075603
v 0.000000 46.598701 -22.075603
v 0.000000 40.073299 -22.075603
v -5.135000 15.252498 -24.608501
v -4.749500 10.061698 -21.514999
v -5.423600 10.447798 -23.148001
v -6.788400 9.731799 -17.255100
v -4.945500 9.848499 -18.797400
v -7.166800 15.361198 -25.029202
v -7.637400 10.407598 -23.308300
v -8.438800 9.869399 -18.802401
v -8.734600 10.086298 -21.408600
v -4.477600 47.244698 -29.969704
v -6.551200 42.910896 -29.969704
v 0.000000 49.117695 -29.969704
v -3.995200 37.866695 -29.969702
v -8.247200 35.741699 6.003497
v -10.005900 41.077702 6.733797
v -10.712500 35.787899 17.809599
v -7.294800 33.111099 20.114098
v -11.880300 36.890598 12.761297
v -10.831600 35.731300 7.050997
v -3.296200 27.646200 11.611098
v -6.219800 30.573299 7.042798
v -6.626800 27.390902 16.668999
v -9.325000 27.413801 15.788798
v -8.245400 19.007301 14.071398
v -6.606300 19.075602 14.835598
v -10.445300 28.257200 11.611098
v -9.176500 19.247601 11.786498
v -8.594300 25.706699 7.618398
v -7.911100 20.259399 8.638198
v -5.595300 25.860201 7.614498
v -5.929900 20.259199 8.636398
v -4.355400 19.247601 11.786498
v -6.644900 13.553501 14.500899
v -8.121300 13.416201 13.792099
v -8.380600 7.247501 15.182299
v -6.995900 7.170601 16.140800
v -8.911600 13.122601 12.080999
v -8.901800 7.503101 13.071199
v -7.882400 11.990901 9.276599
v -7.892100 8.462101 10.838899
v -5.394700 11.992801 9.275799
v -5.558200 8.458101 10.845399
v -4.428900 13.122601 12.080999
v -4.106400 8.287201 13.373799
v -8.726800 5.817902 16.012800
v -9.131300 5.654701 13.441900
v -9.784800 3.293001 14.166300
v -11.100100 2.413101 17.617100
v -8.298300 5.844801 11.900500
v -5.399300 5.849801 11.900500
v -4.563200 5.230001 15.020500
v -3.195800 2.701301 18.753401
v -4.116000 3.013101 14.900700
v -3.950200 2.986002 22.356400
v -5.334100 3.410102 23.080299
v -5.333600 0.797002 23.958500
v -3.651500 0.787002 23.267200
v -9.954200 1.760201 14.485200
v -11.416200 1.385001 17.576500
v -8.459000 4.356401 12.228600
v -5.239600 4.362001 12.258100
v -4.162500 1.793601 14.885500
v -3.369600 1.389801 18.670300
v -7.950100 3.577202 23.563299
v -9.560300 3.394402 22.843700
v -9.560900 0.798802 23.747101
v -7.949500 0.800802 24.448200
v -7.125500 6.052901 16.906601
v -9.328100 3.232901 19.898001
v -7.473000 3.609702 20.686100
v -5.617800 3.352701 20.515200
v -9.210400 30.427099 7.283897
v -6.034300 3.435402 23.194300
v -7.565700 3.547702 23.523199
v -7.565400 0.808302 24.536301
v -6.034700 0.807102 24.205999
v -9.955500 3.147202 22.221100
v -11.215400 2.644902 21.261400
v -11.515000 0.802402 22.378599
v -9.954900 0.808002 23.296900
v -5.376200 0.959202 20.482901
v -5.299400 0.128502 20.442400
v -3.304600 0.128501 19.210699
v -3.497600 0.128502 22.265301
v -5.289300 0.128502 23.025101
v -9.411700 1.100502 19.875500
v -9.446300 0.128502 19.835899
v -7.350300 0.128502 21.062599
v -7.778600 0.128502 23.555201
v -9.530800 0.128502 22.821301
v -7.383600 1.038002 20.982401
v -5.841900 0.128502 23.357000
v -7.500500 0.128502 23.668501
v -11.740100 0.128501 18.382401
v -9.773300 0.128502 22.450500
v -11.521800 0.128502 21.433901
v -10.378300 0.128501 17.029400
v -9.134800 0.546701 14.981900
v -5.067000 0.546701 14.981900
v -4.311800 0.128501 17.074699
v -5.362400 0.128501 19.159901
v -7.273900 0.128501 19.712799
v -9.231400 0.128501 18.574200
v -8.442500 3.078701 12.823500
v -5.335300 3.078701 12.888300
v -6.665200 18.099998 -27.284101
v -5.555700 18.082598 -26.812801
v -4.199500 0.367401 18.599199
v -10.913300 0.367401 17.865299
v -9.348500 0.367401 19.469200
v -7.308700 0.367402 20.575399
v -5.333800 0.367402 19.991899
v -7.034700 25.194000 -7.116902
v -4.133000 26.406300 -8.776102
v -9.551700 26.293200 -8.539902
v -8.316500 28.066900 6.237398
v -6.514500 28.216801 6.114898
v -6.312400 48.488598 -38.953102
v -9.311400 43.006798 -38.953102
v -5.539500 36.388096 -38.953102
v 0.000000 33.034397 -38.953102
v 0.000000 35.548298 -29.969702
v -4.825200 5.815801 14.012000
v -4.877700 7.382801 12.670199
v -5.290500 6.858301 14.534599
v -3.337900 5.918501 13.859200
v -3.853800 5.883401 13.207300
v -3.965600 5.721801 14.234900
v -4.153000 5.248101 13.821300
v -3.491000 5.071701 13.863300
v -7.913100 14.250701 8.817099
v -5.475100 14.241601 8.816899
v -7.411900 13.120801 8.591699
v -5.920800 13.117201 8.591199
v -9.424900 23.994301 -9.219302
v -4.124600 24.068800 -9.375302
v -6.964400 22.865900 -7.861902
v -8.726800 5.772398 -17.607700
v -9.131300 5.587499 -20.831800
v -9.784800 3.292999 -20.281700
v -11.100100 2.413099 -16.830799
v -8.298300 5.844798 -22.431801
v -4.784700 5.587499 -20.831800
v -5.370700 5.772398 -17.607700
v -3.195800 2.701299 -15.694500
v -4.083900 2.953499 -19.244900
v -3.950200 2.985999 -12.091500
v -5.334100 3.410099 -11.367600
v -5.333600 0.796999 -10.489400
v -3.654800 0.786999 -11.180700
v -9.954200 1.760198 -19.962700
v -11.416200 1.384999 -16.871401
v -8.459000 4.356398 -22.219299
v -5.399300 5.849798 -22.431801
v -5.239600 4.361998 -22.189800
v -4.162500 1.793599 -19.562401
v -3.369600 1.389799 -15.777600
v -7.950100 3.577199 -10.884600
v -9.560300 3.394399 -11.604200
v -9.560900 0.798799 -10.700800
v -7.949500 0.800799 -9.999700
v -7.125500 6.448199 -16.205601
v -9.328100 3.232899 -14.549900
v -7.473000 3.609699 -13.761900
v -5.617800 3.352699 -13.932700
v -6.034300 3.435399 -11.253600
v -7.565700 3.547699 -10.924700
v -7.565400 0.808299 -9.911600
v -6.034700 0.807099 -10.241900
v -9.955500 3.147199 -12.226800
v -11.215400 2.644899 -13.186500
v -11.511700 0.802399 -12.069300
v -9.954900 0.807999 -11.151000
v -5.376200 0.959199 -13.965000
v -5.299400 0.128499 -14.005500
v -3.304600 0.128499 -15.237300
v -3.497600 0.128499 -12.182600
v -5.289300 0.128499 -11.422800
v -9.411700 1.100499 -14.572400
v -9.446300 0.128499 -14.612000
v -7.350300 0.128499 -13.385300
v -7.778600 0.128499 -10.892700
v -9.530800 0.128499 -11.626600
v -7.383600 1.037999 -13.465500
v -5.841900 0.128499 -11.090900
v -7.500500 0.128499 -10.779400
v -11.740100 0.128499 -16.065500
v -9.773300 0.128499 -11.997400
v -11.521800 0.128499 -13.014000
v -10.378300 0.128499 -17.418501
v -9.134800 0.546699 -19.466000
v -5.067000 0.546699 -19.466000
v -4.311800 0.128499 -17.373199
v -5.362400 0.128499 -15.288000
v -7.273900 0.128499 -14.735100
v -9.231400 0.128499 -15.873700
v -8.442500 3.078698 -21.624399
v -5.335300 3.078698 -21.559601
v -4.199500 0.367399 -15.848700
v -10.913300 0.367399 -16.582600
v -9.348500 0.367399 -14.978700
v -7.308700 0.367399 -13.872500
v -5.333800 0.367399 -14.456000
v -9.072500 2.101402 24.353500
v -8.212900 2.101402 24.353500
v -8.642700 1.554802 25.512100
v -9.196400 2.218002 23.324699
v -8.089000 2.218002 23.324699
v -9.196400 2.436702 22.508400
v -8.089000 2.436702 22.508400
v -8.395800 2.665002 24.616301
v -8.889600 2.665002 24.616301
v -8.324600 3.127502 23.568399
v -8.960800 3.127502 23.568399
v -8.324600 3.346302 22.752100
v -8.960800 3.346302 22.752100
v -10.890700 1.722502 22.737101
v -10.130100 1.722502 22.670500
v -10.417400 1.328502 23.767200
v -11.080500 1.746002 21.830700
v -10.100600 1.746002 21.745001
v -11.145000 1.876302 21.094200
v -10.165000 1.876302 21.008499
v -10.275500 2.241502 22.872900
v -10.712500 2.241502 22.911100
v -10.296400 2.569702 21.907900
v -10.859400 2.569702 21.957199
v -10.360800 2.700102 21.171400
v -10.923900 2.700102 21.220699
v -6.365200 2.125702 24.629499
v -6.839400 1.569502 25.711300
v -7.226600 2.109302 24.494900
v -7.312200 2.224702 23.455000
v -6.202300 2.245802 23.628500
v -7.281600 2.444402 22.645300
v -6.171600 2.465602 22.818800
v -6.558300 2.685502 24.861601
v -7.053300 2.676102 24.784201
v -6.447600 3.150602 23.833300
v -7.085300 3.138502 23.733601
v -6.416900 3.370302 23.023600
v -7.054600 3.358202 22.923901
v -4.242500 1.783402 23.815201
v -4.755700 1.379102 24.762899
v -5.002400 1.769002 23.630100
v -4.997200 1.793002 22.707399
v -4.018300 1.811602 22.945999
v -4.905000 1.925402 21.987000
v -3.926000 1.944002 22.225599
v -4.427800 2.298802 23.959900
v -4.864300 2.290602 23.853600
v -4.244600 2.631002 23.036800
v -4.807100 2.620302 22.899700
v -4.152400 2.763402 22.316401
v -4.714800 2.752702 22.179300
v -9.072500 2.101399 -10.066800
v -8.212900 2.101399 -10.066800
v -8.642700 1.554799 -8.908200
v -9.196400 2.217999 -11.095600
v -8.089000 2.217999 -11.095600
v -9.196400 2.436699 -11.912000
v -8.089000 2.436699 -11.912000
v -8.395800 2.664999 -9.804000
v -8.889600 2.664999 -9.804000
v -8.324600 3.127499 -10.851900
v -8.960800 3.127499 -10.851900
v -8.324600 3.346299 -11.668300
v -8.960800 3.346299 -11.668300
v -10.890700 1.722499 -11.683300
v -10.130100 1.722499 -11.749800
v -10.417400 1.328499 -10.653100
v -11.080500 1.745999 -12.589600
v -10.100600 1.745999 -12.675300
v -11.145000 1.876299 -13.326100
v -10.165000 1.876299 -13.411800
v -10.275500 2.241499 -11.547400
v -10.712500 2.241499 -11.509200
v -10.296400 2.569699 -12.512400
v -10.859400 2.569699 -12.463100
v -10.360800 2.700099 -13.248900
v -10.923900 2.700099 -13.199600
v -6.365200 2.125699 -9.790800
v -6.839400 1.569499 -8.709000
v -7.226600 2.109299 -9.925400
v -7.312200 2.224699 -10.965300
v -6.202300 2.245799 -10.791800
v -7.281600 2.444399 -11.775000
v -6.171600 2.465599 -11.601500
v -6.558300 2.685499 -9.558800
v -7.053300 2.676099 -9.636100
v -6.447600 3.150599 -10.587000
v -7.085300 3.138499 -10.686700
v -6.416900 3.370299 -11.396700
v -7.054600 3.358199 -11.496400
v -4.242500 1.783399 -10.605100
v -4.755700 1.379099 -9.657500
v -5.002400 1.768999 -10.790200
v -4.997200 1.792999 -11.712900
v -4.018300 1.811599 -11.474300
v -4.905000 1.925399 -12.433300
v -3.926000 1.943999 -12.194700
v -4.427800 2.298799 -10.460400
v -4.864300 2.290599 -10.566800
v -4.244600 2.630999 -11.383500
v -4.807100 2.620299 -11.520600
v -4.152400 2.763399 -12.103900
v -4.714800 2.752699 -12.241000
v 0.000000 51.125896 -38.953102
v 1.963100 29.699701 14.334998
v 3.916000 43.200104 30.735395
v 5.808700 44.637604 30.112396
v 8.141700 39.674801 21.087196
v 9.768700 44.182301 18.962896
v 6.858000 47.447903 28.771196
v 9.276200 47.229000 10.715696
v 5.808700 51.020306 27.135096
v 5.355600 51.454800 9.629796
v 3.916000 53.327904 26.078297
v 3.280100 34.198399 -17.178102
v 3.176500 37.959400 -21.514303
v 3.459700 32.957401 -8.755703
v 4.183200 32.947800 3.330998
v 6.358100 36.880001 -5.934403
v 6.772700 36.518902 2.887397
v 5.428000 44.504799 -20.030504
v 2.357000 41.301998 -22.075603
v 3.049100 43.493099 -22.075603
v 7.037100 42.545700 -9.369802
v 7.893600 40.761902 2.281497
v 5.115200 46.170399 -14.271804
v 6.772700 45.321899 1.617597
v 2.853200 46.653500 -14.295303
v 3.088500 46.021900 -19.509203
v 4.183200 48.596001 1.065596
v 3.969400 36.124199 -21.510601
v 2.890200 30.993698 -16.802801
v 3.939600 30.275700 -8.611402
v 7.015300 33.267502 -5.951502
v 7.090900 38.516800 -21.513905
v 8.845100 36.596298 -8.438203
v 10.196900 39.392300 -14.792603
v 2.643100 26.712997 -16.409403
v 3.996300 27.553598 -20.620901
v 4.598700 23.513699 -21.571901
v 2.560700 21.351099 -19.271702
v 6.894100 21.028799 -9.629202
v 4.116300 22.222300 -10.996802
v 4.128000 18.708498 -16.413801
v 6.724600 17.034698 -15.294001
v 8.168800 27.747997 -21.258303
v 8.168800 23.641499 -22.020903
v 9.298100 22.186300 -10.921001
v 8.950200 18.708498 -16.413801
v 12.114000 26.575098 -15.542302
v 11.052400 21.342197 -19.216402
v 5.329500 20.248999 -23.565903
v 4.039300 17.130499 -22.944002
v 4.634900 14.149899 -19.161201
v 6.617600 13.677199 -17.505701
v 7.903500 20.351198 -24.054401
v 8.576000 14.021599 -18.897303
v 8.790300 16.937098 -22.591902
v 3.734200 32.734001 -21.640701
v 7.105700 28.854000 -6.074802
v 7.880800 33.048401 -22.049103
v 9.362100 30.989000 -8.316502
v 11.778800 32.900101 -15.403103
v 2.426700 45.580399 -22.075603
v 5.135000 15.252498 -24.608501
v 5.423600 10.447798 -23.148001
v 4.749500 10.061698 -21.514999
v 4.945500 9.848499 -18.797400
v 6.788400 9.731799 -17.255100
v 7.166800 15.361198 -25.029202
v 7.637400 10.407598 -23.308300
v 8.438800 9.869399 -18.802401
v 8.734600 10.086298 -21.408600
v 6.551200 42.910896 -29.969704
v 4.477600 47.244698 -29.969704
v 3.995200 37.866695 -29.969702
v 8.247200 35.741699 6.003497
v 10.005900 41.077702 6.733797
v 7.294800 33.111099 20.114098
v 10.712500 35.787899 17.809599
v 11.880300 36.890598 12.761297
v 10.831600 35.731300 7.050997
v 6.219800 30.573299 7.042798
v 3.296200 27.646200 11.611098
v 6.626800 27.390902 16.668999
v 6.606300 19.075602 14.835598
v 8.245400 19.007301 14.071398
v 9.325000 27.413801 15.788798
v 9.176600 19.247601 11.786498
v 10.445300 28.257200 11.611098
v 7.911100 20.259399 8.638198
v 8.594300 25.706699 7.618398
v 5.929900 20.259199 8.636398
v 5.595300 25.860201 7.614498
v 4.355400 19.247601 11.786498
v 6.644900 13.553501 14.500899
v 6.995900 7.170601 16.140800
v 8.380600 7.247501 15.182299
v 8.121400 13.416201 13.792099
v 8.901800 7.503101 13.071199
v 8.911600 13.122601 12.080999
v 7.892100 8.462101 10.838899
v 7.882400 11.990901 9.276599
v 5.558200 8.458101 10.845399
v 5.394700 11.992801 9.275799
v 4.106400 8.287201 13.373799
v 4.428900 13.122601 12.080999
v 8.726800 5.817902 16.012800
v 11.100100 2.413101 17.617100
v 9.784900 3.293001 14.166300
v 9.131300 5.654701 13.441900
v 8.298300 5.844801 11.900500
v 5.399300 5.849801 11.900500
v 4.116000 3.013101 14.900700
v 3.195800 2.701301 18.753401
v 4.563200 5.230001 15.020500
v 3.950200 2.986002 22.356400
v 3.651500 0.787002 23.267200
v 5.333600 0.797002 23.958500
v 5.334100 3.410102 23.080299
v 11.416200 1.385001 17.576500
v 9.954200 1.760201 14.485200
v 8.459000 4.356401 12.228600
v 5.239600 4.362001 12.258100
v 4.162500 1.793601 14.885500
v 3.369600 1.389801 18.670300
v 7.950100 3.577202 23.563299
v 7.949500 0.800802 24.448200
v 9.560900 0.798802 23.747101
v 9.560300 3.394402 22.843700
v 7.125500 6.052901 16.906601
v 7.473000 3.609702 20.686100
v 9.328100 3.232901 19.898001
v 5.617800 3.352701 20.515200
v 9.210400 30.427099 7.283897
v 6.034300 3.435402 23.194300
v 6.034700 0.807102 24.205999
v 7.565400 0.808302 24.536301
v 7.565700 3.547702 23.523199
v 9.955500 3.147202 22.221100
v 9.954900 0.808002 23.296900
v 11.515000 0.802402 22.378599
v 11.215400 2.644902 21.261400
v 5.376200 0.959202 20.482901
v 5.299400 0.128502 20.442400
v 5.289300 0.128502 23.025101
v 3.497600 0.128502 22.265301
v 3.304600 0.128501 19.210699
v 9.411700 1.100502 19.875500
v 9.446300 0.128502 19.835899
v 9.530800 0.128502 22.821301
v 7.778600 0.128502 23.555201
v 7.350300 0.128502 21.062599
v 7.383600 1.038002 20.982401
v 7.500500 0.128502 23.668501
v 5.841900 0.128502 23.357000
v 11.740100 0.128501 18.382401
v 11.521800 0.128502 21.433901
v 9.773300 0.128502 22.450500
v 10.378300 0.128501 17.029400
v 9.231400 0.128501 18.574200
v 7.273900 0.128501 19.712799
v 5.362400 0.128501 19.159901
v 4.311800 0.128501 17.074699
v 5.067000 0.546701 14.981900
v 9.134800 0.546701 14.981900
v 5.335300 3.078701 12.888300
v 8.442500 3.078701 12.823500
v 6.665200 18.099998 -27.284101
v 5.555700 18.082598 -26.812801
v 4.199500 0.367401 18.599199
v 10.913300 0.367401 17.865299
v 9.348500 0.367401 19.469200
v 5.333800 0.367402 19.991899
v 7.308700 0.367402 20.575399
v 4.133000 26.406300 -8.776102
v 7.034700 25.194000 -7.116902
v 9.551700 26.293200 -8.539902
v 8.316500 28.066900 6.237398
v 6.514500 28.216801 6.114898
v 9.311400 43.006798 -38.953102
v 6.312400 48.488598 -38.953102
v 5.539500 36.388096 -38.953102
v 4.825200 5.815801 14.012000
v 4.877700 7.382801 12.670199
v 5.290500 6.858301 14.534599
v 3.853800 5.883401 13.207300
v 3.337900 5.918501 13.859200
v 3.965600 5.721801 14.234900
v 4.153000 5.248101 13.821300
v 3.491000 5.071701 13.863300
v 7.913100 14.250701 8.817099
v 5.475100 14.241601 8.816899
v 7.411900 13.120801 8.591699
v 5.920800 13.117201 8.591199
v 9.424900 23.994301 -9.219302
v 4.124600 24.068800 -9.375302
v 6.964400 22.865900 -7.861902
v 8.726800 5.772398 -17.607700
v 11.100100 2.413099 -16.830799
v 9.784900 3.292999 -20.281700
v 9.131300 5.587499 -20.831800
v 8.298300 5.844798 -22.431801
v 4.784700 5.587499 -20.831800
v 4.083900 2.953499 -19.244900
v 3.195800 2.701299 -15.694500
v 5.370700 5.772398 -17.607700
v 3.950200 2.985999 -12.091500
v 3.654800 0.786999 -11.180700
v 5.333600 0.796999 -10.489400
v 5.334100 3.410099 -11.367600
v 11.416200 1.384999 -16.871401
v 9.954200 1.760198 -19.962700
v 8.459000 4.356398 -22.219299
v 5.239600 4.361998 -22.189800
v 5.399300 5.849798 -22.431801
v 4.162500 1.793599 -19.562401
v 3.369600 1.389799 -15.777600
v 7.950100 3.577199 -10.884600
v 7.949500 0.800799 -9.999700
v 9.560900 0.798799 -10.700800
v 9.560300 3.394399 -11.604200
v 7.125500 6.448199 -16.205601
v 7.473000 3.609699 -13.761900
v 9.328100 3.232899 -14.549900
v 5.617800 3.352699 -13.932700
v 6.034300 3.435399 -11.253600
v 6.034700 0.807099 -10.241900
v 7.565400 0.808299 -9.911600
v 7.565700 3.547699 -10.924700
v 9.955500 3.147199 -12.226800
v 9.954900 0.807999 -11.151000
v 11.511700 0.802399 -12.069300
v 11.215400 2.644899 -13.186500
v 5.376200 0.959199 -13.965000
v 5.299400 0.128499 -14.005500
v 5.289300 0.128499 -11.422800
v 3.497600 0.128499 -12.182600
v 3.304600 0.128499 -15.237300
v 9.411700 1.100499 -14.572400
v 9.446300 0.128499 -14.612000
v 9.530800 0.128499 -11.626600
v 7.778600 0.128499 -10.892700
v 7.350300 0.128499 -13.385300
v 7.383600 1.037999 -13.465500
v 7.500500 0.128499 -10.779400
v 5.841900 0.128499 -11.090900
v 11.740100 0.128499 -16.065500
v 11.521800 0.128499 -13.014000
v 9.773300 0.128499 -11.997400
v 10.378300 0.128499 -17.418501
v 9.231400 0.128499 -15.873700
v 7.273900 0.128499 -14.735100
v 5.362400 0.128499 -15.288000
v 4.311800 0.128499 -17.373199
v 5.067000 0.546699 -19.466000
v 9.134800 0.546699 -19.466000
v 5.335300 3.078698 -21.559601
v 8.442500 3.078698 -21.624399
v 4.199500 0.367399 -15.848700
v 10.913300 0.367399 -16.582600
v 9.348500 0.367399 -14.978700
v 5.333800 0.367399 -14.456000
v 7.308700 0.367399 -13.872500
v 9.072500 2.101402 24.353500
v 8.642700 1.554802 25.512100
v 8.212900 2.101402 24.353500
v 8.089000 2.218002 23.324699
v 9.196400 2.218002 23.324699
v 8.089000 2.436702 22.508400
v 9.196400 2.436702 22.508400
v 8.889600 2.665002 24.616301
v 8.395800 2.665002 24.616301
v 8.960800 3.127502 23.568399
v 8.324600 3.127502 23.568399
v 8.960800 3.346302 22.752100
v 8.324600 3.346302 22.752100
v 10.890700 1.722502 22.737101
v 10.417400 1.328502 23.767200
v 10.130100 1.722502 22.670500
v 10.100600 1.746002 21.745001
v 11.080500 1.746002 21.830700
v 10.165000 1.876302 21.008499
v 11.145000 1.876302 21.094200
v 10.712500 2.241502 22.911100
v 10.275500 2.241502 22.872900
v 10.859400 2.569702 21.957199
v 10.296400 2.569702 21.907900
v 10.923900 2.700102 21.220699
v 10.360800 2.700102 21.171400
v 6.365200 2.125702 24.629499
v 7.226600 2.109302 24.494900
v 6.839400 1.569502 25.711300
v 6.202300 2.245802 23.628500
v 7.312200 2.224702 23.455000
v 6.171600 2.465602 22.818800
v 7.281600 2.444402 22.645300
v 7.053300 2.676102 24.784201
v 6.558300 2.685502 24.861601
v 7.085300 3.138502 23.733601
v 6.447600 3.150602 23.833300
v 7.054600 3.358202 22.923901
v 6.416900 3.370302 23.023600
v 4.242500 1.783402 23.815201
v 5.002400 1.769002 23.630100
v 4.755700 1.379102 24.762899
v 4.018300 1.811602 22.945999
v 4.997200 1.793002 22.707399
v 3.926000 1.944002 22.225599
v 4.905000 1.925402 21.987000
v 4.864300 2.290602 23.853500
v 4.427800 2.298802 23.959900
v 4.807100 2.620302 22.899700
v 4.244600 2.631002 23.036800
v 4.714800 2.752702 22.179300
v 4.152400 2.763402 22.316401
v 9.072500 2.101399 -10.066800
v 8.642700 1.554799 -8.908200
v 8.212900 2.101399 -10.066800
v 8.089000 2.217999 -11.095600
v 9.196400 2.217999 -11.095600
v 8.089000 2.436699 -11.912000
v 9.196400 2.436699 -11.912000
v 8.889600 2.664999 -9.804000
v 8.395800 2.664999 -9.804000
v 8.960800 3.127499 -10.851900
v 8.324600 3.127499 -10.851900
v 8.960800 3.346299 -11.668300
v 8.324600 3.346299 -11.668300
v 10.890700 1.722499 -11.683300
v 10.417400 1.328499 -10.653100
v 10.130100 1.722499 -11.749800
v 10.100600 1.745999 -12.675300
v 11.080500 1.745999 -12.589600
v 10.165000 1.876299 -13.411800
v 11.145000 1.876299 -13.326100
v 10.712500 2.241499 -11.509200
v 10.275500 2.241499 -11.547400
v 10.859400 2.569699 -12.463100
v 10.296400 2.569699 -12.512400
v 10.923900 2.700099 -13.199600
v 10.360800 2.700099 -13.248900
v 6.365200 2.125699 -9.790800
v 7.226600 2.109299 -9.925400
v 6.839400 1.569499 -8.709000
v 6.202300 2.245799 -10.791800
v 7.312200 2.224699 -10.965300
v 6.171600 2.465599 -11.601500
v 7.281600 2.444399 -11.775000
v 7.053300 2.676099 -9.636100
v 6.558300 2.685499 -9.558800
v 7.085300 3.138499 -10.686700
v 6.447600 3.150599 -10.587000
v 7.054600 3.358199 -11.496400
v 6.416900 3.370299 -11.396700
v 4.242500 1.783399 -10.605100
v 5.002400 1.768999 -10.790200
v 4.755700 1.379099 -9.657500
v 4.018300 1.811599 -11.474300
v 4.997200 1.792999 -11.712900
v 3.926000 1.943999 -12.194700
v 4.905000 1.925399 -12.433300
v 4.864300 2.290599 -10.566800
v 4.427800 2.298799 -10.460400
v 4.807100 2.620299 -11.520600
v 4.244600 2.630999 -11.383500
v 4.714800 2.752699 -12.241000
v 4.152400 2.763399 -12.103900
v -2.998600 51.589603 39.633095
v -2.998600 52.191505 39.628296
v -3.299500 52.110905 39.628296
v -3.519900 51.890602 39.628296
v -3.600500 51.589603 39.628296
v -3.519900 51.288605 39.628296
v -3.299500 51.068302 39.628296
v -2.998600 50.987705 39.628296
v -2.697600 51.068302 39.628296
v -2.477300 51.288605 39.628296
v -2.396600 51.589603 39.628296
v -2.477300 51.890602 39.628296
v -2.697600 52.110905 39.628296
v -2.998600 52.382603 39.691296
v -2.998600 52.858402 39.108097
v -3.633000 52.688404 39.108097
v -3.395100 52.276405 39.691296
v -4.097400 52.224003 39.108097
v -3.685400 51.986103 39.691296
v -4.267400 51.589603 39.108097
v -3.791600 51.589603 39.691296
v -4.097400 50.955204 39.108097
v -3.685400 51.193104 39.691296
v -3.633000 50.490803 39.108097
v -3.395100 50.902805 39.691296
v -2.998600 50.320805 39.108097
v -2.998600 50.796505 39.691296
v -2.364200 50.490803 39.108097
v -2.602100 50.902805 39.691296
v -1.899800 50.955204 39.108097
v -2.311800 51.193104 39.691296
v -1.729800 51.589603 39.108097
v -2.205500 51.589603 39.691296
v -1.899800 52.224003 39.108097
v -2.311800 51.986103 39.691296
v -2.364200 52.688404 39.108097
v -2.602100 52.276405 39.691296
v -2.998600 53.054703 38.375595
v -3.731100 52.858402 38.375595
v -4.267400 52.322105 38.375595
v -4.463700 51.589603 38.375595
v -4.267400 50.857002 38.375595
v -3.731100 50.320805 38.375595
v -2.998600 50.124504 38.375595
v -2.266000 50.320805 38.375595
v -1.729800 50.857002 38.375595
v -1.533500 51.589603 38.375595
v -1.729800 52.322105 38.375595
v -2.266000 52.858402 38.375595
v -2.998600 52.858402 37.642998
v -3.633000 52.688404 37.642998
v -4.097400 52.224003 37.642998
v -4.267400 51.589603 37.642998
v -4.097400 50.955204 37.642998
v -3.633000 50.490803 37.642998
v -2.998600 50.320805 37.642998
v -2.364200 50.490803 37.642998
v -1.899800 50.955204 37.642998
v -1.729800 51.589603 37.642998
v -1.899800 52.224003 37.642998
v -2.364200 52.688404 37.642998
v 2.998600 51.589603 39.633095
v 3.299500 52.110905 39.628296
v 2.998600 52.191505 39.628296
v 3.519900 51.890602 39.628296
v 3.600500 51.589603 39.628296
v 3.519900 51.288605 39.628296
v 3.299500 51.068302 39.628296
v 2.998600 50.987705 39.628296
v 2.697600 51.068302 39.628296
v 2.477300 51.288605 39.628296
v 2.396600 51.589603 39.628296
v 2.477300 51.890602 39.628296
v 2.697600 52.110905 39.628296
v 2.998600 52.382603 39.691296
v 3.395100 52.276405 39.691296
v 3.633000 52.688404 39.108097
v 2.998600 52.858402 39.108097
v 3.685400 51.986103 39.691296
v 4.097400 52.224003 39.108097
v 3.791600 51.589603 39.691296
v 4.267400 51.589603 39.108097
v 3.685400 51.193104 39.691296
v 4.097400 50.955204 39.108097
v 3.395100 50.902805 39.691296
v 3.633000 50.490803 39.108097
v 2.998600 50.796505 39.691296
v 2.998600 50.320805 39.108097
v 2.602100 50.902805 39.691296
v 2.364200 50.490803 39.108097
v 2.311800 51.193104 39.691296
v 1.899800 50.955204 39.108097
v 2.205500 51.589603 39.691296
v 1.729800 51.589603 39.108097
v 2.311800 51.986103 39.691296
v 1.899800 52.224003 39.108097
v 2.602100 52.276405 39.691296
v 2.364200 52.688404 39.108097
v 3.731100 52.858402 38.375595
v 2.998600 53.054703 38.375595
v 4.267400 52.322105 38.375595
v 4.463700 51.589603 38.375595
v 4.267400 50.857002 38.375595
v 3.731100 50.320805 38.375595
v 2.998600 50.124504 38.375595
v 2.266000 50.320805 38.375595
v 1.729800 50.857002 38.375595
v 1.533500 51.589603 38.375595
v 1.729800 52.322105 38.375595
v 2.266000 52.858402 38.375595
v 3.633000 52.688404 37.642998
v 2.998600 52.858402 37.642998
v 4.097400 52.224003 37.642998
v 4.267400 51.589603 37.642998
v 4.097400 50.955204 37.642998
v 3.633000 50.490803 37.642998
v 2.998600 50.320805 37.642998
v 2.364200 50.490803 37.642998
v 1.899800 50.955204 37.642998
v 1.729800 51.589603 37.642998
v 1.899800 52.224003 37.642998
v 2.364200 52.688404 37.642998
v -6.817600 46.522102 33.546696
v -5.556600 47.370205 35.900898
v -6.449600 49.838406 36.133595
v -10.242700 48.596905 30.937397
v -5.512900 51.742504 37.144695
v -5.979000 53.762203 33.013096
v 6.817600 46.522102 33.546696
v 10.242700 48.596905 30.937397
v 6.449600 49.838406 36.133595
v 5.556600 47.370205 35.900898
v 5.979000 53.762203 33.013096
v 5.512900 51.742603 37.144695
v 0.000000 36.156902 30.498299
v 0.000000 43.301502 37.830097
v -5.151200 41.536903 31.092196
v 5.151200 41.536903 31.092196
v -0.475500 46.212704 47.194298
v -0.357600 46.660404 47.441998
v -1.430600 46.576305 46.863396
v -1.173800 46.071304 46.729195
v 0.000000 46.277603 47.194298
v 0.000000 46.503002 47.595497
v -2.049900 54.012302 40.476498
v -1.730600 52.959103 40.986195
v -1.280700 53.092403 41.427395
v -1.461600 54.219402 40.692696
v 0.000000 53.307102 41.694496
v 0.000000 54.214905 40.984997
v -1.694700 51.080803 40.836197
v -2.046600 50.351204 42.008495
v -1.175000 51.202602 42.995296
v -1.011700 51.975403 41.985695
v 0.000000 51.345802 43.322296
v 0.000000 52.180504 42.248497
v -2.415100 42.752304 33.720898
v -2.156000 43.383404 36.018097
v -4.019700 44.286602 35.912598
v -4.997400 43.791004 33.628998
v 0.000000 42.116505 33.899597
v 0.000000 42.907104 36.147697
v -6.167600 40.596004 29.070097
v -5.551500 42.986904 31.396896
v -7.404100 46.035904 30.908297
v -9.004900 44.959003 27.802095
v -8.443900 49.805504 30.368397
v -10.137600 49.033802 26.501396
v -7.930200 49.778103 33.482494
v -9.197800 52.109604 25.569897
v -7.691900 52.309803 29.980597
v -6.213900 54.315205 29.600296
v -7.350600 54.715199 24.869196
v -3.870700 50.206406 39.940296
v -4.790600 50.856003 38.363495
v -5.326500 49.536602 37.484898
v -4.274400 48.740803 39.546696
v -4.127000 57.018600 24.061996
v -3.634400 56.297802 29.303696
v 0.000000 57.457703 29.107595
v 0.000000 58.688301 23.299797
v -1.805000 56.507004 38.536896
v -3.186100 55.632504 37.822296
v 0.000000 56.355305 38.515396
v -0.755100 57.386105 35.767498
v -2.149100 57.012802 36.413998
v -1.116400 50.102406 44.904396
v -2.071300 49.581406 44.294495
v -1.513900 48.796303 46.113495
v -0.901100 49.427402 46.588398
v 0.000000 50.198006 45.228897
v 0.000000 49.497402 46.767796
v -2.681600 46.405003 42.981697
v -3.311400 47.240402 43.230595
v -3.824800 48.146004 40.895996
v -3.296800 47.672104 40.691998
v -3.884800 48.252106 39.244095
v -1.027300 47.571903 48.044994
v -0.590500 47.203903 48.062798
v -0.552900 48.233902 48.746494
v -1.096600 47.987602 48.207096
v 0.000000 46.973602 48.130997
v 0.000000 48.265102 48.883396
v -1.146400 47.527203 47.342197
v -2.493500 47.763805 45.842197
v -2.436400 46.753403 45.624195
v -1.264500 48.162205 47.473698
v -0.688700 48.639706 47.929897
v 0.000000 48.717102 48.098495
v -1.920100 45.802402 45.163197
v -2.565700 41.251705 31.724596
v 0.000000 40.742302 31.933296
v -0.497900 42.875305 43.833195
v -0.491600 44.543903 45.950798
v -1.165600 44.705006 45.461796
v -1.149000 43.246902 43.743496
v 0.000000 42.836903 43.898197
v 0.000000 44.528103 45.986195
v -1.346900 43.602203 42.533596
v -0.746100 43.175404 42.671597
v 0.000000 43.035103 42.744995
v -1.496900 44.784004 43.558994
v -1.261600 43.511604 40.237595
v -2.488400 44.009403 40.066296
v -3.377100 44.243603 37.544895
v -1.835500 43.556202 37.710995
v 0.000000 43.349403 40.297195
v -3.208100 45.339703 40.269398
v -4.182400 46.198006 37.843098
v -3.032800 49.490704 41.484196
v -4.606900 48.349804 37.593395
v -5.621300 55.270805 34.930496
v -4.832500 53.273502 37.785595
v -4.293200 54.633305 37.842796
v -0.709100 47.150105 47.676697
v -0.211600 46.730705 47.736694
v 0.000000 46.550903 47.724697
v -7.314500 52.043602 33.370995
v -2.941700 48.348103 43.594196
v -3.161300 53.864105 40.425896
v -2.405800 52.756104 40.994995
v -4.399000 51.139706 39.015697
v -4.637300 52.199604 38.214897
v -2.058100 50.992302 40.414997
v -3.666700 50.696705 39.788795
v -4.542400 52.452904 38.930298
v -4.354900 53.044502 39.418697
v -4.162300 52.428402 39.267097
v -3.204400 52.080204 40.098995
v -3.178000 52.268604 40.379498
v -3.502200 46.281506 37.866695
v -4.517200 47.346703 37.086197
v -3.789800 48.111603 37.901997
v -3.265900 48.259502 39.449196
v -2.702600 47.762905 41.009296
v -2.146000 47.022503 43.147495
v -1.748100 46.284405 45.358498
v -1.178300 46.318203 46.563698
v -2.563500 45.339806 40.232098
v -1.290600 44.677105 43.503895
v -0.959500 44.682304 44.972195
v -0.622400 44.624504 45.362896
v -2.369700 45.255604 37.545296
v 0.000000 45.206905 37.545296
v 0.000000 47.384304 34.801994
v -2.789500 47.410305 34.712296
v -1.919000 44.706905 40.252098
v 0.000000 44.501404 40.110695
v -1.055400 44.101902 43.474495
v 0.000000 44.018303 43.377396
v -0.753300 44.289703 45.132797
v 0.000000 44.075405 45.001297
v 0.000000 44.541904 45.317398
v 0.000000 57.544304 31.798296
v -3.371900 56.574703 31.876596
v -5.480200 58.552902 35.964294
v -6.174300 58.889103 35.716396
v -6.636600 55.707104 34.188797
v -1.824800 60.530502 36.593395
v -2.340300 59.899803 37.095695
v -3.408700 59.035904 34.095795
v -4.069200 63.412403 36.838497
v -2.718100 48.731705 37.543896
v 0.000000 48.731705 37.543896
v 0.000000 48.516304 39.246296
v -2.392500 48.513504 39.246296
v 0.000000 48.102703 40.889496
v -1.950600 48.102703 40.889496
v 0.000000 47.505703 43.110195
v -1.355700 47.450104 43.110195
v 0.000000 46.999405 45.207497
v -0.876000 46.999405 45.207497
v 0.000000 46.874104 46.767498
v -0.665200 46.874104 46.767498
v -0.570400 46.417103 46.933994
v 0.000000 46.446705 46.933994
v -3.758800 56.574104 34.813995
v -3.645500 59.298203 36.303898
v -3.892300 62.164005 36.809597
v -2.750400 52.039906 39.510796
v -2.163400 51.181705 39.490395
v -4.112800 51.363403 38.703297
v -4.274300 52.116703 38.286198
v -3.352300 50.963203 39.474396
v -4.031900 52.422905 38.706696
v -3.714100 52.524704 38.807796
v 0.000000 57.212902 35.540195
v -2.712400 38.077305 28.702896
v 0.000000 34.733704 27.931898
v 0.475500 46.212704 47.194298
v 1.173800 46.071304 46.729195
v 1.430600 46.576305 46.863396
v 0.357600 46.660404 47.441998
v 2.049900 54.012302 40.476498
v 1.461600 54.219402 40.692696
v 1.280700 53.092403 41.427395
v 1.730600 52.959103 40.986195
v 1.694700 51.080803 40.836197
v 1.011700 51.975403 41.985695
v 1.175000 51.202602 42.995296
v 2.046600 50.351204 42.008495
v 2.415100 42.752304 33.720898
v 4.997400 43.791004 33.628998
v 4.019700 44.286602 35.912598
v 2.156000 43.383404 36.018097
v 6.167600 40.596004 29.070097
v 9.004900 44.959003 27.802095
v 7.404100 46.035904 30.908297
v 5.551500 42.986904 31.396896
v 10.137600 49.033802 26.501396
v 8.443900 49.805504 30.368397
v 7.930200 49.778103 33.482494
v 9.197800 52.109604 25.569897
v 7.350600 54.715199 24.869196
v 6.213900 54.315205 29.600296
v 7.691900 52.309803 29.980597
v 3.870700 50.206406 39.940296
v 4.274400 48.740803 39.546696
v 5.326500 49.536602 37.484898
v 4.790600 50.856003 38.363495
v 4.127000 57.018600 24.061996
v 3.634400 56.297802 29.303696
v 3.186100 55.632504 37.822296
v 1.805000 56.507004 38.536896
v 2.149100 57.012802 36.413998
v 0.755100 57.386105 35.767498
v 1.116400 50.102406 44.904396
v 0.901100 49.427402 46.588398
v 1.513900 48.796303 46.113495
v 2.071300 49.581406 44.294495
v 2.681600 46.405003 42.981697
v 3.296800 47.672104 40.691998
v 3.824800 48.146004 40.895996
v 3.311400 47.240505 43.230595
v 3.884800 48.252106 39.244095
v 1.027300 47.571903 48.044994
v 1.096600 47.987602 48.207096
v 0.552900 48.233902 48.746494
v 0.590500 47.203903 48.062798
v 1.146400 47.527203 47.342197
v 2.436400 46.753403 45.624195
v 2.493500 47.763805 45.842197
v 0.688700 48.639706 47.929897
v 1.264500 48.162205 47.473698
v 1.920100 45.802402 45.163296
v 2.565700 41.251705 31.724596
v 0.497900 42.875305 43.833195
v 1.149000 43.246902 43.743496
v 1.165600 44.705006 45.461895
v 0.491600 44.543903 45.950798
v 0.746100 43.175404 42.671597
v 1.346900 43.602203 42.533596
v 1.496900 44.784004 43.558994
v 1.261600 43.511604 40.237595
v 1.835500 43.556202 37.710995
v 3.377100 44.243603 37.544895
v 2.488400 44.009403 40.066296
v 4.182400 46.198006 37.843098
v 3.208100 45.339703 40.269398
v 3.032800 49.490704 41.484196
v 4.606900 48.349804 37.593395
v 5.621300 55.270805 34.930496
v 4.293200 54.633305 37.842796
v 4.832500 53.273502 37.785595
v 0.709100 47.150105 47.676697
v 0.211600 46.730705 47.736694
v 7.314500 52.043602 33.370995
v 5.512900 51.742504 37.144695
v 2.941700 48.348103 43.594196
v 3.161300 53.864105 40.425896
v 2.405800 52.756104 40.994995
v 4.637300 52.199604 38.214897
v 4.399000 51.139706 39.015697
v 3.666700 50.696705 39.788795
v 2.058100 50.992302 40.414997
v 4.542400 52.452904 38.930298
v 4.354900 53.044502 39.418697
v 3.178000 52.268604 40.379498
v 3.204400 52.080204 40.098995
v 4.162300 52.428402 39.267097
v 4.517200 47.346703 37.086197
v 3.502200 46.281506 37.866695
v 3.789800 48.111603 37.901997
v 3.265900 48.259502 39.449196
v 2.702600 47.762905 41.009296
v 2.146000 47.022503 43.147495
v 1.748100 46.284405 45.358498
v 1.178300 46.318203 46.563797
v 2.563500 45.339806 40.232098
v 1.290600 44.677105 43.503895
v 0.959500 44.682304 44.972195
v 0.622400 44.624504 45.362995
v 2.369700 45.255604 37.545296
v 2.789500 47.410305 34.712296
v 1.919000 44.706905 40.252098
v 1.055400 44.101902 43.474495
v 0.753300 44.289703 45.132797
v 3.371900 56.574703 31.876596
v 6.636600 55.707104 34.188797
v 6.174300 58.889103 35.716396
v 5.480200 58.552902 35.964294
v 2.340300 59.899803 37.095695
v 1.824800 60.530502 36.593395
v 3.408700 59.035904 34.095795
v 4.069200 63.412403 36.838497
v 2.718100 48.731705 37.543896
v 2.392500 48.513504 39.246296
v 1.950600 48.102703 40.889496
v 1.355700 47.450104 43.110195
v 0.876000 46.999405 45.207497
v 0.665200 46.874104 46.767498
v 0.570400 46.417103 46.933994
v 3.758800 56.574104 34.813995
v 3.645500 59.298203 36.303898
v 3.892300 62.164005 36.809597
v 2.750400 52.039906 39.510796
v 2.163400 51.181705 39.490395
v 4.274300 52.116703 38.286198
v 4.112800 51.363403 38.703297
v 3.352300 50.963203 39.474396
v 4.031900 52.422905 38.706696
v 3.714100 52.524704 38.807796
v 2.712400 38.077305 28.702896
v 0.000000 44.500805 35.580296
v -2.825600 45.300602 35.363697
v -4.155900 40.984303 29.019497
v 0.000000 39.041103 29.799295
v -4.894100 47.485703 34.772297
v -7.198200 44.373405 28.056696
v -5.651300 50.470604 33.964195
v -8.311800 48.407005 27.342997
v -4.894100 53.455505 33.156197
v -7.198200 52.574203 26.214996
v -2.825600 55.640602 32.564796
v -4.155900 55.624805 25.389196
v 0.000000 56.440403 32.348198
v 0.000000 56.741402 25.086897
v -5.443300 36.005005 25.284597
v 0.000000 31.578001 24.495798
v -9.428000 40.483898 24.350496
v -10.886500 45.970501 21.734695
v -9.428000 51.928902 19.084896
v -5.443300 56.076302 17.027996
v 0.000000 57.972198 16.340397
v 4.155900 40.984303 29.019596
v 2.825600 45.300602 35.363796
v 7.198200 44.373405 28.056696
v 4.894100 47.485703 34.772297
v 8.311800 48.407005 27.342997
v 5.651300 50.470604 33.964294
v 7.198200 52.574203 26.214996
v 4.894100 53.455505 33.156296
v 4.155900 55.624805 25.389196
v 2.825600 55.640602 32.564796
v 5.443300 36.005005 25.284597
v 9.428000 40.483898 24.350496
v 10.886500 45.970501 21.734695
v 9.428000 51.928902 19.084896
v 5.443300 56.076302 17.027996
v 0.000000 43.995304 33.457596
v -3.092300 44.711803 33.097897
v -4.548100 39.186203 26.773396
v 0.000000 38.170002 27.407797
v -5.356000 46.670803 32.141994
v -7.877600 42.486900 24.545197
v -6.184600 49.350502 30.862297
v -9.096200 46.326500 22.291595
v -5.356000 52.059803 29.576696
v -7.877600 50.099899 19.965595
v -3.092300 54.097904 28.622196
v -4.548100 53.119301 18.419697
v 0.000000 55.201904 28.270096
v 0.000000 55.108898 17.677696
v -5.957000 32.563000 21.697397
v 0.000000 27.816702 20.181698
v -10.317800 37.889000 19.926699
v -11.913900 43.419102 16.388996
v -10.317800 49.405201 13.006896
v -5.957000 53.768299 10.008196
v 0.000000 56.759998 8.872596
v 4.548100 39.186203 26.773396
v 3.092300 44.711803 33.097897
v 7.877600 42.486900 24.545197
v 5.356000 46.670803 32.141994
v 9.096200 46.326500 22.291595
v 6.184600 49.350502 30.862297
v 7.877600 50.099899 19.965595
v 5.356000 52.059803 29.576696
v 4.548100 53.119301 18.419697
v 3.092300 54.097904 28.622196
v 5.957000 32.563000 21.697397
v 10.317800 37.889000 19.926699
v 11.913900 43.419102 16.388996
v 10.317800 49.405201 13.006896
v 5.957000 53.768299 10.008196
v -1.904400 43.536201 -22.216703
v -1.591400 44.790100 -22.216703
v -4.997500 47.263798 -37.320904
v -7.722300 42.394096 -37.320904
v 0.000000 45.393398 -22.216703
v 0.000000 49.696896 -37.320904
v 0.000000 41.400902 -22.216703
v -1.411900 42.168098 -22.216703
v -5.195900 37.209198 -37.320904
v 0.000000 34.164196 -37.320904
v -3.883000 47.281097 -52.724304
v -6.465000 42.352596 -52.724304
v 0.000000 49.652298 -52.724304
v -4.240500 37.378998 -52.724304
v 0.000000 34.423096 -52.724304
v 1.904400 43.536201 -22.216703
v 7.722300 42.394096 -37.320904
v 4.997500 47.263798 -37.320904
v 1.591400 44.790100 -22.216703
v 5.195900 37.209198 -37.320904
v 1.411900 42.168098 -22.216703
v 6.465000 42.352596 -52.724304
v 3.883000 47.281097 -52.724304
v 4.240500 37.378998 -52.724304
v -1.854300 44.999897 -29.452805
v -3.569900 47.053394 -45.547703
v -6.162800 42.533096 -45.547703
v -3.149100 42.809696 -29.452805
v -1.995900 40.561497 -29.452805
v -3.795300 37.828697 -45.547703
v 0.000000 35.411896 -45.547703
v 0.000000 39.327396 -29.452805
v 0.000000 46.853596 -61.758003
v -2.801200 45.397495 -61.758003
v 0.000000 48.994495 -45.547703
v -4.880200 42.107197 -61.758003
v -2.957000 38.764194 -61.758003
v 0.000000 36.952698 -61.758003
v 0.000000 45.989494 -29.452805
v 1.854300 44.999897 -29.452805
v 3.149100 42.809696 -29.452805
v 6.162800 42.533096 -45.547703
v 3.569900 47.053394 -45.547703
v 1.995900 40.561497 -29.452805
v 3.795300 37.828697 -45.547703
v 2.801200 45.397495 -61.758003
v 4.880200 42.107197 -61.758003
v 2.957000 38.764194 -61.758003
v -2.056000 45.751095 -41.976402
v -2.582000 45.114895 -60.549603
v -4.383900 42.224197 -60.549603
v -3.875800 42.411995 -41.976402
v -2.192400 38.913597 -41.976402
v -2.525400 38.921597 -60.549603
v 0.000000 38.303394 -60.549603
v 0.000000 37.041595 -41.976402
v -2.153400 44.648598 -69.436302
v -3.348600 42.239697 -69.436302
v 0.000000 45.926598 -60.549603
v 0.000000 45.518795 -69.436302
v -2.115900 39.630898 -69.436302
v 0.000000 47.260597 -41.976402
v 0.000000 38.841396 -69.436302
v 2.056000 45.751095 -41.976402
v 3.875800 42.411995 -41.976402
v 4.383900 42.224197 -60.549603
v 2.582000 45.114895 -60.549603
v 2.192400 38.913597 -41.976402
v 2.525400 38.921597 -60.549603
v 3.348600 42.239697 -69.436302
v 2.153400 44.648598 -69.436302
v 2.115900 39.630898 -69.436302
v -2.715500 42.243397 -59.033302
v -1.681300 44.040497 -59.033302
v -1.047100 43.522198 -73.572304
v -1.691200 42.425297 -73.572304
v 0.000000 44.904995 -59.033302
v 0.000000 44.049995 -73.572304
v -1.648900 40.234196 -59.033302
v -1.026900 41.198795 -73.572304
v 0.000000 39.183495 -59.033302
v 0.000000 40.557297 -73.572304
v 0.000000 42.403397 -75.646698
v 2.715500 42.243397 -59.033302
v 1.691200 42.425297 -73.572304
v 1.047100 43.522198 -73.572304
v 1.681300 44.040497 -59.033302
v 1.648900 40.234196 -59.033302
v 1.026900 41.198795 -73.572304
v -3.571200 48.176804 37.316498
v -3.220900 48.413506 38.421394
v -3.199500 47.873905 38.222095
v -3.342900 47.783802 37.801796
v -3.038600 47.888203 38.146297
v -3.184300 47.798203 37.726097
v -2.801900 48.451305 38.222195
v -3.168000 48.214703 37.117294
v -3.168800 48.984703 37.039997
v -3.563100 48.946903 37.239197
v -2.825600 49.221405 38.144897
v -3.235600 49.183605 38.344097
v -3.067500 48.381203 38.459698
v -2.962700 48.210606 39.586796
v -2.863600 47.885403 39.269695
v -2.915700 47.959305 38.781395
v -2.675700 47.892002 39.225998
v -2.732900 47.965904 38.737698
v -2.526000 48.225903 39.485897
v -2.658300 48.396404 38.358795
v -2.621100 49.035103 38.435097
v -3.024900 49.019802 38.535995
v -2.493100 48.864502 39.562096
v -2.924400 48.849205 39.663097
v -2.548900 47.604805 41.135696
v -2.336800 47.420803 41.864197
v -2.324000 46.786205 41.264095
v -2.431700 47.676704 42.200996
v -1.801100 47.708305 42.075996
v -1.997700 47.437904 41.796394
v -2.192500 48.029305 40.804897
v -2.228900 47.837303 40.778297
v -2.222200 47.621902 41.067898
v -2.401100 48.619602 42.389297
v -1.778300 48.651203 42.264194
v -2.783100 47.997803 40.929897
v -2.745500 48.940704 41.118195
v -2.737000 47.810204 40.885597
v -2.162600 48.972305 40.993095
v -2.673600 47.746803 40.573498
v -2.590900 47.274704 40.140896
v -2.779900 47.914505 39.909695
v -2.967500 48.318806 39.658794
v -2.474400 47.931602 39.841896
v -2.417500 48.350403 39.533794
v -2.356600 47.764004 40.505695
v -2.381800 49.293404 39.721996
v -2.924000 49.261803 39.847095
v -2.312900 47.749104 42.221294
v -2.062600 47.391304 43.144695
v -1.998900 47.270504 42.909397
v -2.139100 47.464504 42.408695
v -2.016600 46.964504 42.466496
v -1.612500 47.392902 43.047794
v -1.756500 47.271404 42.856796
v -1.883900 47.750706 42.124397
v -1.902800 47.465405 42.356094
v -1.820500 48.278103 42.273396
v -2.247100 48.276604 42.370296
v -1.547800 47.920403 43.196796
v -1.995600 47.918804 43.293697
v -2.000800 47.378105 43.178394
v -1.781000 47.105804 43.881298
v -1.733300 47.013905 43.702095
v -1.855000 47.161503 43.320995
v -1.752100 46.780903 43.365097
v -1.425400 47.107002 43.807495
v -1.541400 47.014503 43.662197
v -1.657400 47.379303 43.104694
v -1.666700 47.162205 43.280994
v -1.607800 47.780804 43.218098
v -1.949800 47.779602 43.291798
v -1.375100 47.508503 43.920895
v -1.729400 47.507305 43.994698
v -1.746800 47.107105 43.918697
v -1.531000 46.865204 44.542995
v -1.489100 46.783604 44.383896
v -1.608100 46.914703 44.045395
v -1.509800 46.576702 44.084496
v -1.204900 46.866302 44.477497
v -1.313000 46.784103 44.348396
v -1.430300 47.108204 43.853195
v -1.434900 46.915302 44.009895
v -1.385500 47.464806 43.953995
v -1.700900 47.463802 44.019497
v -1.159500 47.222904 44.578297
v -1.484500 47.221905 44.643795
v -1.641200 45.123005 44.033695
v -1.513500 45.539204 44.359695
v -1.702400 45.577003 44.355797
v -1.587000 45.540905 44.543396
v -1.745100 46.828304 44.770195
v -1.172800 46.702904 44.783096
v -0.892700 47.974304 44.908695
v -1.707700 48.137604 44.891895
v -1.367800 46.675804 45.467197
v -1.338600 48.095905 45.907997
v -1.322900 46.086002 44.637897
v -1.730400 46.167706 44.629498
v -1.488500 46.079105 45.058598
v -0.840000 45.454002 46.020996
v -1.285100 47.423306 46.217495
v -0.833400 47.355705 46.591396
v -0.617500 45.500404 46.197495
v -0.406900 46.966305 46.691696
v -0.660700 47.017506 47.146496
v -0.234800 45.473404 46.317196
v 0.000000 46.836605 46.742996
v -0.242100 46.790104 47.085896
v -4.078100 47.059303 36.352295
v -3.653200 47.152103 37.002197
v -3.413400 46.859905 37.369995
v -3.447500 46.291203 37.319096
v -3.498400 47.178303 36.922096
v -3.258600 46.886105 37.289795
v -3.040600 46.360004 37.108395
v -3.671200 47.128105 36.141598
v -4.191800 46.432102 35.928097
v -3.784800 46.500904 35.717396
v -3.154300 45.732803 36.684196
v -3.561200 45.664005 36.894897
v -3.272400 46.299603 37.370995
v -3.012300 46.500904 37.874897
v -2.867400 46.315903 38.383095
v -2.938000 45.872704 38.543896
v -2.831500 46.517403 37.829395
v -2.686600 46.332504 38.337597
v -2.520800 45.910904 38.438896
v -2.855200 46.337902 37.265995
v -3.272400 45.707905 37.155697
v -2.855200 45.746204 37.050594
v -2.520800 45.319305 38.223495
v -2.938000 45.281002 38.328598
v -2.283500 45.607502 40.324196
v -2.027400 46.250706 40.819996
v -2.007300 45.395405 41.115696
v -2.066100 45.002205 41.327095
v -1.722600 45.415104 41.041996
v -1.541100 45.038605 41.191196
v -1.998800 45.627205 40.250496
v -2.047100 45.588505 39.871296
v -2.020600 45.408604 39.810097
v -1.541100 44.126305 40.946796
v -2.066100 44.089905 41.082596
v -2.545500 44.460003 39.701496
v -2.545500 45.372204 39.945995
v -2.497600 45.557205 39.987896
v -2.020600 44.496403 39.565697
v -2.477300 45.771202 39.713196
v -2.684500 45.964405 38.991997
v -2.428800 46.400402 39.506695
v -2.939000 45.742302 38.564896
v -2.414000 45.778706 38.428997
v -2.399800 45.984104 38.918396
v -2.192600 45.790905 39.639595
v -2.939000 44.830105 38.320396
v -2.414000 44.866505 38.184597
v -1.966400 44.929104 41.313995
v -1.790000 45.080006 41.625095
v -1.625400 44.992702 42.199795
v -1.662900 44.768105 42.373695
v -1.663600 45.483303 41.907997
v -1.431900 45.018703 42.148296
v -1.306000 44.816105 42.278797
v -1.596500 45.106003 41.573597
v -1.609600 44.977203 41.219097
v -1.919800 44.396603 41.219795
v -1.563000 44.444603 41.124798
v -1.259500 44.283604 42.184597
v -1.616300 44.235603 42.279495
v -1.610000 44.762302 42.412495
v -1.475700 44.877205 42.649296
v -1.350400 44.810703 43.086697
v -1.379000 44.639805 43.219097
v -1.379500 45.184204 42.864597
v -1.203100 44.830505 43.047497
v -1.107300 44.676304 43.146896
v -1.328400 44.897003 42.610096
v -1.338400 44.798904 42.340298
v -1.574500 44.357002 42.340797
v -1.302900 44.393505 42.268497
v -1.071900 44.271004 43.075096
v -1.343500 44.234406 43.147396
v -1.350200 44.619503 43.254997
v -1.230900 44.721504 43.465298
v -1.119600 44.662502 43.853798
v -1.145000 44.510704 43.971497
v -1.145500 44.994205 43.656597
v -0.988800 44.680103 43.818996
v -0.903700 44.543102 43.907295
v -1.100000 44.739105 43.430496
v -1.108900 44.652004 43.190796
v -1.318700 44.259502 43.191196
v -1.077400 44.291904 43.127098
v -0.872200 44.183105 43.843597
v -1.113500 44.150604 43.907696
v -1.144300 45.625706 45.091698
v -1.131100 45.335705 45.021194
v -0.991300 45.348503 45.054295
v -1.036400 45.244003 45.171097
v -1.108500 44.808605 44.497196
v -1.012600 44.140503 43.585995
v -0.622200 44.193905 43.692497
v -0.735000 44.849804 44.597496
v -0.911500 43.851303 44.163097
v -0.848600 44.489902 44.967796
v -1.115500 45.044003 44.819496
v -0.829100 45.071804 44.889595
v -0.928300 44.841003 45.136997
v -0.529000 45.083603 45.435295
v -0.797900 44.120804 44.227295
v -0.525000 43.951603 44.340298
v -0.829600 43.855305 44.424995
v -0.391100 44.980904 45.525497
v -0.257700 43.979702 44.615498
v -0.418500 43.797504 44.684498
v -0.148700 44.925705 45.566395
v 0.000000 43.991405 44.699497
v -0.153300 43.897705 44.799397
v 3.571200 48.176804 37.316498
v 3.342900 47.783802 37.801796
v 3.199500 47.873905 38.222095
v 3.220900 48.413506 38.421394
v 3.184300 47.798203 37.726097
v 3.038600 47.888203 38.146297
v 2.801900 48.451305 38.222298
v 3.168000 48.214703 37.117294
v 3.563100 48.946903 37.239197
v 3.168800 48.984703 37.039997
v 2.825600 49.221405 38.144897
v 3.235600 49.183605 38.344097
v 3.067500 48.381203 38.459698
v 2.915700 47.959305 38.781395
v 2.863600 47.885403 39.269695
v 2.962700 48.210606 39.586796
v 2.732900 47.965904 38.737698
v 2.675700 47.892002 39.225998
v 2.526000 48.225803 39.485897
v 2.658300 48.396404 38.358795
v 3.024900 49.019802 38.535995
v 2.621100 49.035004 38.434998
v 2.493100 48.864502 39.562096
v 2.924400 48.849205 39.663097
v 2.548900 47.604805 41.135696
v 2.324000 46.786205 41.264095
v 2.336800 47.420803 41.864197
v 2.431700 47.676704 42.200996
v 1.997700 47.437904 41.796394
v 1.801100 47.708305 42.075996
v 2.222200 47.621902 41.067898
v 2.228900 47.837303 40.778297
v 2.192500 48.029305 40.804897
v 1.778300 48.651203 42.264194
v 2.401100 48.619602 42.389297
v 2.745500 48.940704 41.118195
v 2.783100 47.997704 40.929897
v 2.737000 47.810204 40.885597
v 2.162600 48.972305 40.993095
v 2.673600 47.746803 40.573498
v 2.779900 47.914505 39.909695
v 2.590900 47.274704 40.140896
v 2.967500 48.318806 39.658794
v 2.417500 48.350403 39.533794
v 2.474400 47.931602 39.841896
v 2.356600 47.764004 40.505695
v 2.924000 49.261803 39.847095
v 2.381800 49.293404 39.721996
v 2.312900 47.749104 42.221294
v 2.139100 47.464504 42.408596
v 1.998900 47.270504 42.909397
v 2.062600 47.391304 43.144695
v 2.016600 46.964504 42.466496
v 1.756500 47.271404 42.856796
v 1.612500 47.392902 43.047794
v 1.902800 47.465405 42.356094
v 1.883900 47.750706 42.124397
v 2.247100 48.276604 42.370296
v 1.820500 48.278103 42.273396
v 1.547800 47.920403 43.196796
v 1.995600 47.918804 43.293697
v 2.000800 47.378105 43.178394
v 1.855000 47.161503 43.320995
v 1.733300 47.013905 43.702095
v 1.781000 47.105804 43.881298
v 1.752100 46.780903 43.365097
v 1.541400 47.014503 43.662098
v 1.425400 47.107002 43.807495
v 1.666700 47.162205 43.280994
v 1.657400 47.379303 43.104694
v 1.949800 47.779602 43.291798
v 1.607800 47.780804 43.218098
v 1.375100 47.508503 43.920895
v 1.729400 47.507305 43.994698
v 1.746800 47.107105 43.918697
v 1.608100 46.914703 44.045395
v 1.489100 46.783604 44.383896
v 1.531000 46.865204 44.542995
v 1.509800 46.576702 44.084496
v 1.313000 46.784103 44.348396
v 1.204900 46.866302 44.477497
v 1.434900 46.915302 44.009895
v 1.430300 47.108204 43.853195
v 1.700900 47.463802 44.019497
v 1.385500 47.464806 43.953995
v 1.159500 47.222904 44.578297
v 1.484500 47.221905 44.643795
v 1.641200 45.123005 44.033695
v 1.702400 45.577003 44.355797
v 1.513500 45.539204 44.359695
v 1.587000 45.540905 44.543396
v 1.745100 46.828304 44.770195
v 1.707700 48.137604 44.891895
v 0.892700 47.974403 44.908695
v 1.172800 46.702904 44.783096
v 1.338600 48.095905 45.907997
v 1.367800 46.675804 45.467197
v 1.730400 46.167706 44.629498
v 1.322900 46.086002 44.637897
v 1.488500 46.079105 45.058598
v 0.840000 45.454002 46.020996
v 0.833400 47.355705 46.591396
v 1.285100 47.423306 46.217495
v 0.617500 45.500404 46.197495
v 0.406900 46.966305 46.691696
v 0.660700 47.017506 47.146496
v 0.234800 45.473404 46.317196
v 0.242100 46.790104 47.085896
v 4.078100 47.059303 36.352295
v 3.447500 46.291203 37.319096
v 3.413400 46.859905 37.369995
v 3.653200 47.152103 37.002197
v 3.258600 46.886105 37.289795
v 3.498400 47.178303 36.922096
v 3.040600 46.360004 37.108395
v 3.671200 47.128105 36.141598
v 3.784800 46.500904 35.717396
v 4.191800 46.432102 35.928097
v 3.154300 45.732803 36.684196
v 3.561200 45.664005 36.894897
v 3.272400 46.299603 37.370995
v 2.938000 45.872704 38.543896
v 2.867400 46.315903 38.383095
v 3.012300 46.500904 37.874897
v 2.686600 46.332504 38.337597
v 2.831500 46.517403 37.829395
v 2.520800 45.910904 38.438896
v 2.855200 46.337902 37.265995
v 2.855200 45.746204 37.050594
v 3.272400 45.707905 37.155697
v 2.520800 45.319305 38.223495
v 2.938000 45.281002 38.328598
v 2.283500 45.607502 40.324196
v 2.007300 45.395405 41.115696
v 2.027400 46.250706 40.819996
v 2.066000 45.002205 41.327095
v 1.541100 45.038605 41.191196
v 1.722600 45.415104 41.041996
v 2.020600 45.408604 39.810097
v 2.047100 45.588505 39.871296
v 1.998800 45.627205 40.250496
v 2.066100 44.089905 41.082596
v 1.541100 44.126305 40.946796
v 2.545500 45.372204 39.945995
v 2.545500 44.460003 39.701496
v 2.497600 45.557205 39.987896
v 2.020600 44.496403 39.565697
v 2.477300 45.771202 39.713196
v 2.428800 46.400402 39.506695
v 2.684500 45.964405 38.991997
v 2.939000 45.742302 38.564896
v 2.399800 45.984104 38.918396
v 2.414000 45.778706 38.428997
v 2.192600 45.790905 39.639595
v 2.414000 44.866505 38.184597
v 2.939000 44.830105 38.320396
v 1.966400 44.929104 41.313995
v 1.662900 44.768105 42.373695
v 1.625400 44.992702 42.199795
v 1.790000 45.080006 41.625095
v 1.663600 45.483303 41.907997
v 1.306000 44.816105 42.278797
v 1.431900 45.018703 42.148296
v 1.609600 44.977203 41.219097
v 1.596500 45.106003 41.573597
v 1.563000 44.444603 41.124798
v 1.919800 44.396603 41.219795
v 1.259500 44.283604 42.184597
v 1.616300 44.235603 42.279495
v 1.610000 44.762302 42.412495
v 1.379000 44.639805 43.219097
v 1.350400 44.810703 43.086697
v 1.475700 44.877205 42.649296
v 1.379500 45.184204 42.864597
v 1.107300 44.676304 43.146896
v 1.203100 44.830505 43.047497
v 1.338400 44.798904 42.340298
v 1.328400 44.897003 42.610096
v 1.302900 44.393505 42.268497
v 1.574500 44.357002 42.340797
v 1.071900 44.271004 43.075096
v 1.343500 44.234406 43.147396
v 1.350200 44.619503 43.254997
v 1.145000 44.510704 43.971497
v 1.119600 44.662502 43.853798
v 1.230900 44.721504 43.465298
v 1.145500 44.994205 43.656597
v 0.903700 44.543102 43.907295
v 0.988800 44.680103 43.818996
v 1.108900 44.652004 43.190796
v 1.100000 44.739105 43.430496
v 1.077400 44.291904 43.127098
v 1.318700 44.259502 43.191196
v 0.872200 44.183105 43.843597
v 1.113500 44.150604 43.907696
v 1.144300 45.625706 45.091698
v 0.991300 45.348503 45.054295
v 1.131100 45.335705 45.021194
v 1.036400 45.244003 45.171097
v 1.108500 44.808605 44.497196
v 0.735000 44.849804 44.597496
v 0.622200 44.193905 43.692497
v 1.012600 44.140503 43.585995
v 0.848600 44.489902 44.967796
v 0.911500 43.851303 44.163097
v 0.829100 45.071804 44.889595
v 1.115500 45.044003 44.819496
v 0.928300 44.841003 45.136997
v 0.529000 45.083603 45.435295
v 0.525000 43.951603 44.340298
v 0.797900 44.120804 44.227295
v 0.829600 43.855305 44.424995
v 0.391100 44.980904 45.525497
v 0.257700 43.979702 44.615498
v 0.418500 43.797504 44.684498
v 0.148700 44.925705 45.566395
v 0.153300 43.897705 44.799397
v -0.638600 45.479603 43.218895
v 0.000000 44.699604 43.145195
v 0.000000 45.363304 39.500595
v -1.124400 45.738102 39.506996
v -0.383100 45.063206 44.828697
v 0.000000 45.063206 44.828697
v 0.000000 45.035503 44.441696
v -0.429000 45.041702 44.567795
v -1.162800 45.454105 43.224995
v -1.842800 45.587704 39.544697
v -0.528400 45.063206 44.828697
v -0.671300 45.031704 44.719795
v 0.000000 46.283405 37.720097
v -1.891500 46.517403 37.731895
v -2.644300 46.456905 37.744896
v 0.000000 47.699905 34.270596
v -2.541600 47.983505 34.281597
v -3.567400 47.979805 34.290997
v 0.000000 44.889202 39.288296
v 0.000000 44.202503 43.073196
v -0.778000 45.012005 43.073196
v -1.147200 45.266205 39.288296
v 0.000000 44.544605 44.568798
v 0.000000 44.565105 44.886097
v -0.383100 44.565105 44.886097
v -0.482900 44.544605 44.568798
v -1.098500 44.971405 43.073196
v -1.751800 45.135002 39.288296
v -0.528400 44.565105 44.886097
v -0.666100 44.544605 44.568798
v 0.000000 45.847504 37.392498
v -1.896700 46.086704 37.392498
v -2.616200 46.032906 37.392498
v 0.000000 47.260403 33.951694
v -2.559800 47.549004 33.951694
v -3.567400 47.549004 33.951694
v 0.638600 45.479603 43.218895
v 1.124400 45.738102 39.506996
v 0.383100 45.063206 44.828697
v 0.429000 45.041702 44.567795
v 1.162800 45.454105 43.224995
v 1.842800 45.587704 39.544697
v 0.528400 45.063206 44.828697
v 0.671300 45.031704 44.719795
v 1.891500 46.517403 37.731895
v 2.644300 46.456905 37.744896
v 2.541600 47.983505 34.281597
v 3.567400 47.979805 34.290997
v 1.147200 45.266205 39.288296
v 0.778000 45.012005 43.073196
v 0.482900 44.544605 44.568798
v 0.383100 44.565105 44.886097
v 1.751800 45.135002 39.288296
v 1.098500 44.971405 43.073196
v 0.666100 44.544605 44.568798
v 0.528400 44.565105 44.886097
v 1.896700 46.086704 37.392498
v 2.616200 46.032906 37.392498
v 2.559800 47.549004 33.951694
v 3.567400 47.549004 33.951694
vn -0.0000 -0.7893 0.6140
vn -0.0829 -0.9385 0.3352
vn -0.0000 -0.9997 0.0243
vn -0.9582 0.0412 0.2831
vn -0.9357 -0.1273 0.3289
vn -0.6870 -0.5761 0.4429
vn -0.8843 0.4573 0.0941
vn -0.9704 0.1361 0.1992
vn -0.6035 0.7965 -0.0368
vn -0.8636 0.4802 -0.1533
vn -0.0000 0.9979 -0.0653
vn -0.5986 0.7786 -0.1885
vn 0.7827 -0.5798 -0.2263
vn -0.0000 -0.5730 -0.8195
vn -0.0000 -0.9013 -0.4332
vn 0.0381 -0.9877 -0.1515
vn 0.3031 -0.9074 0.2912
vn -0.0000 -0.9967 -0.0816
vn -0.5511 -0.8312 -0.0733
vn -0.9349 -0.2140 0.2831
vn -0.6738 0.5493 -0.4941
vn -0.7128 -0.4429 -0.5439
vn 0.1425 -0.3039 -0.9420
vn -0.9533 -0.1166 -0.2787
vn -0.9394 0.3417 -0.0269
vn -0.9247 0.3302 -0.1897
vn -0.3757 0.9231 -0.0821
vn -0.3149 0.9059 -0.2831
vn -0.0560 0.9910 -0.1216
vn -0.6665 0.7102 -0.2266
vn 0.0367 0.9922 -0.1191
vn -0.0000 0.9885 -0.1514
vn -0.0000 0.9538 -0.3005
vn 0.3915 -0.2446 -0.8871
vn -0.1677 -0.0603 0.9840
vn 0.8591 -0.1140 0.4989
vn -0.4477 0.1980 -0.8720
vn -0.8083 0.1878 0.5580
vn -0.8913 0.4523 -0.0309
vn 0.9997 0.0231 0.0124
vn 0.5112 0.2213 -0.8305
vn 0.7079 -0.1203 -0.6960
vn -0.0500 -0.7076 0.7048
vn 0.8074 -0.4603 0.3691
vn -0.0170 -0.7474 0.6642
vn -0.4253 0.0150 -0.9049
vn -0.7400 -0.5465 0.3921
vn -0.9532 -0.2104 -0.2169
vn -0.9983 -0.0217 -0.0543
vn 0.9942 -0.0193 -0.1054
vn 0.5449 0.5196 -0.6581
vn 0.9224 -0.1288 0.3641
vn 0.8394 -0.4559 0.2960
vn -0.3999 0.2700 -0.8759
vn -0.5790 0.4723 -0.6646
vn -0.9191 -0.0955 0.3822
vn 0.0341 -0.2359 0.9712
vn -0.8961 -0.1173 -0.4282
vn -0.7855 -0.5487 0.2862
vn 0.9864 0.1536 -0.0591
vn 0.6781 -0.0616 -0.7324
vn -0.0771 -0.1884 0.9790
vn -0.4561 0.0040 -0.8899
vn -0.8480 0.0643 0.5261
vn -0.9831 0.1593 -0.0903
vn -0.9853 0.1659 -0.0396
vn -0.6791 0.7042 0.2072
vn 0.9440 0.1129 -0.3101
vn -0.0000 -0.8635 -0.5043
vn 0.6108 -0.2962 -0.7343
vn 0.9797 -0.0731 -0.1866
vn 0.5697 -0.2042 -0.7961
vn 0.9040 -0.0006 0.4275
vn -0.5240 -0.3484 -0.7772
vn -0.4708 -0.1830 -0.8631
vn -0.8944 0.0778 0.4404
vn -0.0410 0.1815 0.9825
vn -0.9796 0.0086 -0.2008
vn -0.6636 0.6977 0.2699
vn -0.9382 -0.0151 0.3457
vn -0.0000 0.9659 0.2587
vn -0.6823 -0.6625 0.3092
vn -0.5193 -0.4418 -0.7315
vn -0.9327 0.1468 -0.3294
vn 0.0014 0.9745 -0.2245
vn -0.8358 -0.1243 0.5348
vn -0.3370 -0.5343 0.7752
vn -0.9967 0.0551 0.0598
vn -0.8300 -0.0453 -0.5559
vn 0.6115 0.1918 -0.7676
vn -0.3002 -0.7208 0.6248
vn -0.6943 -0.2630 0.6699
vn 0.2591 -0.1511 0.9539
vn 0.4532 -0.3356 0.8258
vn -0.9949 -0.0991 -0.0160
vn -0.7126 -0.1381 0.6879
vn -0.6116 -0.2802 -0.7399
vn -0.9899 -0.1285 -0.0605
vn 0.5927 -0.2181 -0.7754
vn -0.5475 -0.1555 -0.8222
vn 0.9693 -0.2387 -0.0589
vn 0.5212 -0.0748 -0.8501
vn 0.9959 -0.0233 0.0878
vn 0.2306 0.1170 0.9660
vn -0.7879 0.3399 0.5135
vn 0.1263 0.3457 0.9298
vn -0.7061 0.0471 0.7066
vn -0.9938 0.0401 -0.1039
vn -0.9949 -0.0501 0.0870
vn -0.4812 -0.3226 -0.8151
vn -0.6510 -0.2700 -0.7094
vn 0.4727 -0.3610 -0.8039
vn 0.9784 0.0434 0.2022
vn 0.5814 -0.2839 -0.7625
vn 0.9821 0.1193 0.1455
vn -0.6407 0.6781 0.3601
vn -0.9008 0.0333 -0.4329
vn -0.8421 0.5285 -0.1075
vn -0.9591 0.1672 -0.2284
vn -0.5181 -0.1756 -0.8371
vn 0.8025 0.5846 0.1196
vn 0.9518 0.0700 -0.2987
vn 0.6097 -0.1879 -0.7700
vn 0.6669 0.6558 0.3537
vn -0.4745 -0.2108 0.8546
vn 0.7045 -0.1379 0.6962
vn -0.6659 -0.4126 -0.6216
vn -0.9453 0.0782 -0.3167
vn -0.4347 -0.2198 -0.8734
vn 0.5542 -0.2215 -0.8024
vn 0.9420 0.2998 0.1511
vn 0.8146 -0.3340 -0.4743
vn 0.4032 0.6832 0.6088
vn -0.7394 -0.2528 0.6240
vn 0.3803 -0.2417 0.8927
vn 0.1026 0.7224 0.6839
vn -0.4442 0.8804 0.1662
vn -0.0635 0.9584 0.2781
vn -0.6605 -0.1861 -0.7274
vn -0.5448 0.6628 0.5137
vn 0.6065 -0.1932 0.7713
vn 0.6056 0.6691 0.4308
vn 0.2918 0.7083 0.6428
vn -0.7766 -0.1630 0.6085
vn 0.3541 -0.1555 0.9222
vn 0.2884 0.9198 0.2662
vn -0.0122 0.1083 0.9940
vn -0.4372 0.6673 0.6029
vn -0.0645 -0.9784 -0.1964
vn 0.7245 -0.6584 0.2039
vn -0.5555 -0.7734 0.3054
vn 0.9825 -0.1489 -0.1119
vn 0.6751 -0.6655 -0.3184
vn -0.7349 0.6067 0.3032
vn -0.0508 0.3581 0.9323
vn 0.0085 -0.9906 -0.1364
vn -0.6769 -0.7193 0.1560
vn 0.1675 -0.9467 -0.2750
vn -0.1110 0.1031 0.9885
vn 0.6450 -0.6966 0.3143
vn -0.6139 -0.7460 0.2581
vn -0.7835 0.5889 0.1983
vn -0.6178 -0.7709 0.1553
vn -0.7831 -0.5696 -0.2496
vn -0.1752 -0.8403 -0.5130
vn 0.5317 -0.8153 -0.2294
vn -0.0546 -0.9838 0.1708
vn -0.3394 -0.3266 -0.8821
vn 0.3844 -0.7508 -0.5372
vn 0.7228 0.1397 -0.6768
vn -0.2670 0.1422 -0.9532
vn 0.5655 -0.7273 0.3889
vn -0.5404 -0.2163 0.8131
vn 0.5468 -0.7506 0.3710
vn 0.3566 -0.9277 -0.1103
vn -0.3623 -0.8807 -0.3051
vn 0.1553 -0.9672 -0.2010
vn 0.0159 -0.9859 -0.1668
vn -0.0888 -0.9959 -0.0197
vn -0.0153 -0.9983 0.0560
vn 0.0552 -0.9936 0.0990
vn -0.4330 -0.8825 -0.1835
vn 0.2641 -0.6231 -0.7362
vn 0.8018 -0.1000 0.5892
vn -0.8046 -0.0527 0.5915
vn 0.4065 -0.0345 -0.9130
vn -0.4502 -0.1304 -0.8834
vn -0.6557 0.7173 0.2354
vn -0.6964 -0.6787 0.2332
vn -0.0000 -0.9273 0.3744
vn -0.4332 -0.5290 0.7297
vn 0.6585 -0.3177 -0.6822
vn 0.5920 0.0169 0.8058
vn 0.3396 -0.2507 -0.9065
vn 0.9755 0.0566 0.2127
vn 0.1829 -0.2166 0.9590
vn 0.5231 -0.8477 0.0884
vn -0.4355 -0.8977 -0.0664
vn -0.6607 -0.0117 -0.7506
vn 0.5773 -0.0129 -0.8164
vn 0.1254 -0.1828 -0.9751
vn -0.3390 -0.2805 -0.8980
vn -0.7556 -0.4812 0.4444
vn 0.8551 -0.2278 0.4658
vn -0.0407 -0.3364 0.9408
vn -0.0208 -0.5224 0.8525
vn -0.8100 0.4793 0.3378
vn -0.8960 0.0307 -0.4430
vn -0.8319 0.5449 -0.1047
vn -0.9616 0.1261 -0.2439
vn -0.5322 -0.0622 -0.8443
vn 0.8180 0.3733 0.4375
vn 0.9590 0.0592 -0.2772
vn 0.9945 0.0485 -0.0929
vn 0.6674 0.6553 0.3537
vn -0.4742 -0.2110 0.8547
vn 0.7042 -0.1376 0.6966
vn -0.6642 -0.4148 -0.6219
vn -0.9454 0.0783 -0.3164
vn -0.4562 -0.1704 -0.8734
vn 0.5581 -0.1920 -0.8073
vn 0.5503 -0.1152 -0.8270
vn 0.9561 -0.2508 -0.1514
vn 0.8277 -0.3034 -0.4721
vn -0.0206 0.6011 0.7989
vn -0.4872 0.8436 0.2257
vn -0.0851 0.9117 0.4018
vn 0.3160 0.8767 0.3627
vn 0.9561 0.2902 0.0420
vn 0.6065 -0.1932 0.7712
vn 0.2916 0.7084 0.6428
vn -0.7764 -0.1623 0.6089
vn 0.3537 -0.1556 0.9223
vn -0.4371 0.6674 0.6029
vn 0.7264 -0.6560 0.2047
vn -0.5554 -0.7735 0.3053
vn 0.6755 -0.6653 -0.3180
vn -0.6770 -0.7193 0.1560
vn -0.7837 0.5885 0.1987
vn -0.6200 -0.7690 0.1560
vn -0.7827 -0.5702 -0.2497
vn -0.3394 -0.3267 -0.8821
vn 0.5656 -0.7273 0.3889
vn 0.5464 -0.7507 0.3712
vn 0.3565 -0.9277 -0.1103
vn -0.8267 -0.5614 0.0365
vn 0.8268 -0.5613 0.0365
vn -0.0000 -0.6005 0.7996
vn -0.7768 -0.6253 -0.0753
vn -0.7883 -0.5944 -0.1592
vn 0.7821 -0.6185 -0.0764
vn 0.5560 0.6281 0.5445
vn -0.5559 0.6281 0.5445
vn 0.6077 0.7435 0.2793
vn -0.6077 0.7434 0.2793
vn -0.6153 0.7614 0.2041
vn 0.7883 -0.5944 -0.1592
vn -0.8162 -0.5560 0.1571
vn 0.8311 -0.5560 0.0129
vn 0.0739 -0.5290 0.8454
vn -0.7754 -0.6297 0.0474
vn 0.7760 -0.6060 -0.1751
vn 0.7771 -0.6229 -0.0904
vn 0.5963 0.6732 0.4373
vn -0.5114 0.6732 0.5341
vn -0.5867 0.7650 0.2655
vn 0.6211 0.7669 0.1613
vn -0.6014 0.7761 0.1899
vn -0.7945 -0.6060 -0.0376
vn 0.8413 -0.5353 0.0756
vn -0.0379 -0.6045 0.7957
vn -0.8116 -0.5842 0.0040
vn 0.7945 -0.6059 -0.0414
vn -0.7637 -0.6351 -0.1158
vn 0.7929 -0.5950 -0.1314
vn 0.4920 0.6400 0.5902
vn -0.6127 0.6117 0.5004
vn 0.5718 0.7600 0.3089
vn 0.5564 0.7963 0.2372
vn -0.6366 0.7296 0.2498
vn -0.6659 0.7260 0.1718
vn -0.7900 -0.5835 -0.1882
vn 0.8224 -0.5329 0.1992
vn -0.1154 -0.5371 0.8356
vn -0.8194 -0.5731 -0.0157
vn 0.7857 -0.6132 0.0814
vn -0.7617 -0.6349 -0.1290
vn 0.7933 -0.6087 -0.0103
vn 0.4470 0.6831 0.5776
vn -0.6426 0.6562 0.3957
vn 0.5537 0.7789 0.2946
vn 0.5451 0.8094 0.2185
vn -0.6433 0.7540 0.1324
vn -0.6649 0.7452 0.0518
vn -0.7810 -0.5888 -0.2082
vn -0.7767 -0.6253 -0.0752
vn 0.7821 -0.6185 -0.0765
vn 0.5559 0.6281 0.5444
vn -0.5560 0.6281 0.5445
vn -0.6077 0.7434 0.2792
vn 0.6046 0.7453 0.2808
vn -0.6157 0.7611 0.2039
vn -0.8163 -0.5559 0.1570
vn 0.8310 -0.5561 0.0130
vn 0.7732 -0.6274 -0.0919
vn -0.7801 -0.6241 0.0441
vn 0.7759 -0.6060 -0.1754
vn -0.5868 0.7650 0.2655
vn 0.6211 0.7670 0.1612
vn -0.6011 0.7763 0.1901
vn -0.6128 0.6117 0.5004
vn 0.4469 0.6831 0.5776
vn -0.6426 0.6561 0.3957
vn -0.0000 0.9759 0.2183
vn 0.0832 -0.9373 0.3384
vn 0.3002 -0.7208 0.6248
vn 0.8765 0.0558 0.4782
vn 0.9582 0.0412 0.2831
vn 0.6870 -0.5761 0.4429
vn 0.9691 0.1754 0.1737
vn 0.8843 0.4573 0.0941
vn 0.8603 0.4895 -0.1420
vn 0.6035 0.7965 -0.0368
vn 0.5992 0.7790 -0.1848
vn -0.7809 -0.4259 -0.4569
vn 0.0713 -0.2982 -0.9518
vn -0.2850 -0.9112 0.2976
vn 0.9403 -0.1716 0.2938
vn 0.4918 -0.8651 -0.0990
vn 0.6731 0.4957 -0.5488
vn 0.7122 -0.4442 -0.5435
vn 0.9826 -0.0895 -0.1625
vn 0.9534 -0.1167 -0.2783
vn 0.8912 -0.3758 -0.2540
vn 0.9555 0.2945 -0.0149
vn 0.9248 0.3303 -0.1887
vn 0.7296 0.6676 -0.1485
vn 0.4092 0.8930 -0.1873
vn 0.0561 0.9911 -0.1205
vn 0.6666 0.7103 -0.2260
vn -0.4360 -0.2920 -0.8512
vn 0.1670 -0.0611 0.9841
vn 0.4295 0.2283 -0.8737
vn 0.8083 0.1879 0.5580
vn 0.9100 0.4139 0.0244
vn -0.9968 0.0497 -0.0634
vn -0.5111 0.2214 -0.8305
vn -0.9947 -0.0518 -0.0893
vn -0.7997 -0.4633 0.3818
vn 0.0493 -0.6869 0.7251
vn 0.0171 -0.7474 0.6642
vn 0.4076 0.0308 -0.9126
vn -0.6439 -0.0675 -0.7621
vn 0.7822 -0.5111 0.3563
vn 0.7953 -0.4653 0.3886
vn 0.9535 -0.2106 -0.2157
vn 0.3928 0.3372 -0.8556
vn 0.9955 -0.0360 -0.0872
vn -0.5456 0.4786 -0.6879
vn -0.9286 -0.1494 0.3397
vn -0.8279 -0.4642 0.3148
vn 0.9188 -0.0952 0.3831
vn 0.5778 0.3103 -0.7549
vn 0.9222 -0.0123 -0.3865
vn -0.9855 0.1522 -0.0755
vn -0.6780 -0.0616 -0.7325
vn -0.8751 -0.0895 0.4756
vn 0.0766 -0.1887 0.9791
vn 0.4563 0.0040 -0.8898
vn 0.8344 0.0533 0.5485
vn 0.9831 0.1593 -0.0902
vn 0.8266 0.5556 0.0894
vn 0.0393 0.9935 0.1067
vn -0.9275 0.0708 -0.3670
vn -0.6258 -0.3818 -0.6802
vn -0.9797 -0.0731 -0.1866
vn -0.8907 -0.0085 0.4545
vn -0.0658 -0.3162 0.9464
vn 0.4521 -0.3738 -0.8099
vn -0.5697 -0.2295 -0.7892
vn 0.8944 0.0778 0.4405
vn 0.4636 -0.1710 -0.8694
vn 0.9794 0.0030 -0.2020
vn 0.6636 0.6977 0.2699
vn 0.9436 -0.0366 0.3290
vn 0.4796 -0.3154 -0.8188
vn 0.9327 0.1468 -0.3295
vn 0.8358 -0.1245 0.5348
vn 0.9967 0.0552 0.0598
vn 0.8311 -0.0468 -0.5542
vn -0.5929 0.2129 -0.7766
vn 0.2990 -0.4755 0.8273
vn -0.2596 -0.1283 0.9572
vn 0.6890 -0.2782 0.6692
vn -0.4556 -0.3426 0.8216
vn 0.9949 -0.0991 -0.0160
vn 0.9876 -0.1286 -0.0898
vn 0.6127 -0.2838 -0.7376
vn 0.5186 -0.1518 -0.8415
vn -0.5966 -0.2166 -0.7728
vn -0.5035 -0.0790 -0.8604
vn -0.9916 -0.1126 -0.0632
vn -0.2163 0.0835 0.9727
vn 0.7877 0.3399 0.5138
vn 0.7049 0.0610 0.7067
vn 0.9938 0.0402 -0.1039
vn 0.9956 -0.0266 0.0894
vn 0.4812 -0.3226 -0.8151
vn 0.6327 -0.2559 -0.7309
vn -0.4728 -0.3612 -0.8038
vn -0.6569 -0.2560 -0.7092
vn -0.9801 0.0621 0.1886
vn -0.9838 0.1248 0.1286
vn 0.7379 0.4922 0.4618
vn 0.9009 0.0332 -0.4328
vn 0.9831 0.1189 -0.1391
vn 0.5181 -0.1756 -0.8371
vn -0.9541 0.0543 -0.2944
vn -0.8126 0.5823 0.0237
vn -0.6097 -0.1879 -0.7700
vn -0.6959 0.6504 0.3044
vn 0.4744 -0.2101 0.8549
vn 0.3131 0.7273 0.6107
vn 0.8441 0.5210 -0.1271
vn 0.6666 -0.4135 -0.6202
vn 0.4347 -0.2197 -0.8733
vn -0.5542 -0.2214 -0.8024
vn -0.8189 -0.3111 -0.4823
vn -0.9376 0.3087 0.1599
vn -0.3851 0.6773 0.6269
vn 0.7394 -0.2528 0.6240
vn 0.7202 0.6314 0.2876
vn -0.1019 0.7221 0.6842
vn 0.0635 0.9584 0.2781
vn 0.4441 0.8805 0.1661
vn 0.6053 -0.0934 -0.7905
vn -0.6124 -0.1917 0.7670
vn 0.5480 0.6601 0.5138
vn -0.6056 0.6691 0.4308
vn -0.2060 0.8067 0.5539
vn 0.7768 -0.1622 0.6085
vn 0.7785 0.6177 0.1112
vn -0.2879 0.9192 0.2688
vn 0.0828 -0.0278 0.9962
vn 0.1374 -0.9720 -0.1904
vn -0.7245 -0.6584 0.2040
vn -0.6825 -0.6768 -0.2759
vn -0.9773 -0.1450 -0.1542
vn 0.0981 -0.0503 0.9939
vn 0.6834 -0.7160 0.1423
vn -0.0130 -0.9910 -0.1333
vn -0.1672 -0.9468 -0.2751
vn 0.1246 0.1778 0.9761
vn -0.6450 -0.6966 0.3143
vn 0.9718 -0.0057 -0.2357
vn 0.7008 -0.7122 0.0408
vn 0.7828 -0.5712 -0.2469
vn 0.0989 -0.9847 0.1434
vn -0.2301 -0.9612 0.1518
vn -0.2441 -0.8368 -0.4900
vn 0.4204 -0.4286 -0.7997
vn 0.2822 -0.8005 -0.5287
vn 0.2298 0.1026 -0.9678
vn -0.7222 0.1482 -0.6757
vn -0.6867 -0.1590 0.7093
vn 0.5553 -0.7782 0.2933
vn -0.5631 -0.7299 0.3875
vn 0.6016 -0.7549 0.2610
vn 0.5395 -0.2164 0.8137
vn -0.5767 -0.7270 0.3727
vn -0.4509 -0.8885 -0.0849
vn -0.3563 -0.9278 -0.1107
vn 0.3616 -0.8810 -0.3053
vn -0.1550 -0.9672 -0.2014
vn -0.0190 -0.9862 -0.1646
vn 0.1368 -0.9897 -0.0411
vn 0.3442 -0.9071 -0.2424
vn 0.0589 -0.9870 0.1497
vn -0.3330 -0.6271 -0.7041
vn -0.2783 -0.1756 0.9443
vn -0.3729 -0.2247 0.9002
vn -0.8018 -0.0999 0.5892
vn -0.0071 -0.3433 0.9392
vn 0.7587 -0.0888 0.6454
vn 0.4452 -0.1312 -0.8857
vn -0.3843 -0.0161 -0.9231
vn 0.6557 0.7173 0.2354
vn 0.6964 -0.6787 0.2332
vn 0.6787 -0.6543 0.3335
vn 0.9506 -0.0035 0.3105
vn -0.1948 0.3870 0.9013
vn 0.4230 -0.5032 0.7536
vn -0.6585 -0.3178 -0.6822
vn -0.5920 0.0169 0.8058
vn -0.3390 -0.2498 -0.9070
vn -0.9648 0.0949 0.2453
vn -0.1379 -0.2358 0.9620
vn 0.4812 -0.8766 -0.0024
vn -0.5231 -0.8477 0.0884
vn 0.7281 -0.1232 0.6743
vn 0.6219 -0.0705 -0.7799
vn -0.6346 -0.0331 -0.7721
vn -0.9896 -0.0663 0.1275
vn 0.3314 -0.2859 -0.8991
vn -0.3468 -0.2721 -0.8976
vn 0.8621 -0.2790 0.4230
vn -0.8137 -0.3409 0.4709
vn 0.0116 -0.5292 0.8484
vn 0.8488 0.3837 0.3637
vn 0.8961 0.0305 -0.4428
vn 0.9839 0.1096 -0.1414
vn 0.5322 -0.0623 -0.8443
vn -0.9889 0.0603 -0.1355
vn -0.8111 0.4221 0.4049
vn -0.9945 0.0488 -0.0928
vn -0.6961 0.6500 0.3048
vn 0.4741 -0.2102 0.8550
vn 0.3132 0.7274 0.6106
vn 0.8323 0.5377 -0.1345
vn 0.6651 -0.4158 -0.6204
vn 0.4563 -0.1706 -0.8733
vn -0.5581 -0.1919 -0.8073
vn -0.5522 -0.1120 -0.8262
vn -0.9561 -0.2508 -0.1516
vn -0.9469 0.2955 0.1266
vn 0.0206 0.6011 0.7989
vn 0.0851 0.9117 0.4018
vn 0.4872 0.8436 0.2257
vn -0.3160 0.8767 0.3627
vn -0.2061 0.8065 0.5542
vn 0.7766 -0.1616 0.6089
vn 0.7790 0.6169 0.1117
vn -0.7264 -0.6560 0.2048
vn -0.6821 -0.6772 -0.2759
vn 0.6834 -0.7160 0.1424
vn 0.1246 0.1779 0.9761
vn -0.6449 -0.6966 0.3143
vn 0.9719 -0.0058 -0.2355
vn 0.7020 -0.7109 0.0428
vn 0.7824 -0.5717 -0.2470
vn 0.4203 -0.4286 -0.7998
vn -0.6862 -0.1589 0.7098
vn 0.5550 -0.7783 0.2935
vn -0.5764 -0.7273 0.3727
vn -0.8644 -0.3101 -0.3958
vn -0.2781 -0.1756 0.9444
vn -0.0077 0.1625 0.9867
vn 0.8267 -0.5614 0.0366
vn -0.8268 -0.5613 0.0365
vn 0.7783 -0.6230 -0.0787
vn -0.7809 -0.6197 -0.0783
vn 0.5559 0.6281 0.5445
vn -0.6077 0.7435 0.2793
vn 0.6153 0.7614 0.2041
vn 0.6033 0.7468 0.2799
vn 0.8162 -0.5561 0.1571
vn -0.0739 -0.5290 0.8454
vn -0.8311 -0.5560 0.0128
vn 0.7773 -0.6276 0.0437
vn -0.7759 -0.6060 -0.1754
vn 0.7947 -0.6058 -0.0378
vn 0.5114 0.6732 0.5341
vn -0.5963 0.6732 0.4373
vn 0.5880 0.7655 0.2614
vn 0.6011 0.7763 0.1901
vn -0.6199 0.7681 0.1606
vn -0.7724 -0.6293 -0.0860
vn -0.8413 -0.5353 0.0756
vn 0.8116 -0.5842 0.0040
vn 0.0379 -0.6045 0.7957
vn -0.7928 -0.6084 -0.0372
vn -0.7929 -0.5950 -0.1314
vn 0.7643 -0.6345 -0.1149
vn 0.6127 0.6117 0.5004
vn -0.4920 0.6400 0.5902
vn -0.5707 0.7590 0.3134
vn 0.6374 0.7289 0.2501
vn -0.5564 0.7963 0.2372
vn 0.6659 0.7260 0.1718
vn -0.8224 -0.5329 0.1992
vn 0.8194 -0.5731 -0.0156
vn 0.1154 -0.5371 0.8356
vn -0.7835 -0.6155 0.0856
vn -0.7933 -0.6087 -0.0103
vn 0.7625 -0.6342 -0.1282
vn 0.6426 0.6561 0.3957
vn -0.4470 0.6831 0.5776
vn -0.5522 0.7782 0.2992
vn 0.6441 0.7533 0.1327
vn -0.5451 0.8094 0.2185
vn 0.6649 0.7452 0.0518
vn -0.7809 -0.6197 -0.0784
vn -0.5559 0.6281 0.5444
vn -0.6078 0.7434 0.2793
vn 0.8163 -0.5559 0.1570
vn -0.8310 -0.5561 0.0129
vn -0.7732 -0.6274 -0.0919
vn -0.7759 -0.6060 -0.1751
vn 0.7945 -0.6060 -0.0376
vn 0.5879 0.7655 0.2614
vn -0.6199 0.7681 0.1605
vn 0.8194 -0.5731 -0.0157
vn 0.7625 -0.6342 -0.1281
vn 0.6426 0.6562 0.3957
vn -0.4469 0.6831 0.5776
vn -0.0000 -0.0000 1.0000
vn -0.0000 -0.1808 0.9835
vn 0.0903 -0.1566 0.9835
vn 0.1566 -0.0904 0.9835
vn 0.1808 -0.0000 0.9835
vn 0.1566 0.0904 0.9835
vn 0.0904 0.1566 0.9835
vn -0.0000 0.1807 0.9835
vn -0.0904 0.1566 0.9835
vn -0.1566 0.0904 0.9835
vn -0.1808 -0.0000 0.9835
vn -0.1566 -0.0904 0.9835
vn -0.0904 -0.1566 0.9835
vn -0.0000 0.8970 0.4421
vn -0.1811 0.3138 0.9321
vn -0.0000 0.3622 0.9321
vn -0.7768 0.4485 0.4421
vn -0.3137 0.1811 0.9321
vn -0.8970 -0.0000 0.4421
vn -0.3622 -0.0000 0.9321
vn -0.3137 -0.1811 0.9321
vn -0.4485 -0.7768 0.4421
vn -0.1811 -0.3137 0.9321
vn -0.0000 -0.3624 0.9320
vn 0.4485 -0.7768 0.4421
vn 0.1812 -0.3137 0.9321
vn 0.7768 -0.4485 0.4421
vn 0.3137 -0.1811 0.9321
vn 0.3623 -0.0000 0.9321
vn 0.7768 0.4485 0.4421
vn 0.3137 0.1811 0.9321
vn 0.1811 0.3137 0.9321
vn -0.5000 0.8660 -0.0000
vn -0.4485 0.7768 0.4421
vn -0.8660 0.5000 -0.0000
vn -1.0000 -0.0000 -0.0000
vn -0.7768 -0.4485 0.4421
vn -0.8660 -0.5000 -0.0000
vn -0.5000 -0.8660 -0.0000
vn -0.0000 -0.8970 0.4421
vn -0.0000 -1.0000 -0.0000
vn 0.8660 -0.5000 -0.0000
vn 1.0000 -0.0000 -0.0000
vn 0.8970 -0.0000 0.4421
vn 0.8660 0.5000 -0.0000
vn 0.5000 0.8660 -0.0000
vn 0.4485 0.7768 0.4421
vn -0.0000 1.0000 -0.0000
vn -0.0000 0.9659 -0.2588
vn -0.8365 0.4830 -0.2588
vn -0.9659 -0.0000 -0.2588
vn -0.8365 -0.4829 -0.2589
vn -0.4830 -0.8365 -0.2588
vn -0.0000 -0.9659 -0.2588
vn 0.4830 -0.8365 -0.2588
vn 0.5000 -0.8660 -0.0000
vn 0.8365 -0.4829 -0.2588
vn 0.9659 -0.0000 -0.2588
vn 0.8365 0.4830 -0.2588
vn 0.4829 0.8365 -0.2588
vn -0.0903 -0.1566 0.9835
vn 0.0904 -0.1566 0.9835
vn 0.1811 0.3138 0.9321
vn 0.3622 -0.0000 0.9321
vn 0.1811 -0.3137 0.9321
vn -0.1812 -0.3137 0.9321
vn -0.3623 -0.0000 0.9321
vn -0.1811 0.3137 0.9321
vn 0.4830 0.8365 -0.2588
vn 0.8365 -0.4829 -0.2589
vn -0.8365 -0.4829 -0.2588
vn -0.4829 0.8365 -0.2588
vn -0.6990 -0.4683 0.5404
vn -0.8227 -0.0882 0.5616
vn -0.7825 0.0626 0.6194
vn -0.7953 0.5087 0.3296
vn 0.6990 -0.4683 0.5404
vn 0.8227 -0.0882 0.5616
vn 0.8274 -0.2854 0.4837
vn 0.7954 0.5087 0.3296
vn 0.7825 0.0626 0.6194
vn -0.0000 -0.7137 0.7004
vn -0.4537 -0.5075 0.7325
vn -0.0000 -0.7458 0.6662
vn 0.4537 -0.5075 0.7325
vn -0.1464 -0.9194 0.3651
vn -0.6416 -0.3007 0.7056
vn -0.0108 -0.9915 0.1293
vn 0.1009 -0.9937 0.0484
vn -0.4967 -0.5896 0.6369
vn -0.3925 0.1849 0.9010
vn -0.2522 0.5614 0.7882
vn -0.1756 0.5782 0.7968
vn -0.4707 0.3779 0.7973
vn 0.0002 0.7030 0.7112
vn -0.8149 0.5686 0.1121
vn -0.6715 0.4534 0.5861
vn -0.7877 0.3580 0.5014
vn -0.6024 0.6849 0.4099
vn -0.0000 0.6449 0.7643
vn -0.3343 -0.8238 0.4577
vn -0.6885 -0.6466 0.3284
vn -0.5803 -0.7181 0.3841
vn 0.0017 -0.8874 0.4611
vn -0.3219 -0.9227 0.2121
vn -0.6602 -0.5347 0.5275
vn -0.8361 -0.2139 0.5052
vn -0.5398 -0.5040 0.6742
vn -0.9598 0.0749 0.2704
vn -0.9184 0.1633 0.3603
vn -0.7894 -0.3283 0.5186
vn -0.8017 -0.4164 0.4289
vn -0.7749 -0.3218 0.5440
vn -0.9442 -0.0204 0.3287
vn -0.8297 0.4926 0.2625
vn -0.6848 0.7002 0.2016
vn -0.6492 0.7292 0.2164
vn -0.8233 -0.0023 0.5676
vn -0.9234 -0.2952 0.2452
vn -0.6764 0.3181 0.6643
vn -0.4313 0.8887 0.1557
vn -0.0000 0.9956 0.0940
vn -0.0000 0.9741 0.2260
vn -0.2802 0.8307 0.4811
vn -0.0067 0.8647 0.5023
vn -0.4147 0.5455 0.7283
vn -0.4654 0.7966 0.3857
vn -0.7345 0.5249 0.4300
vn -0.5227 0.7409 0.4218
vn 0.0098 0.8912 0.4534
vn -0.0000 0.8817 0.4718
vn -0.9456 -0.2361 0.2239
vn -0.1434 -0.9157 -0.3754
vn -0.0728 -0.9359 -0.3445
vn -0.7548 0.5788 0.3087
vn 0.0065 0.8371 0.5470
vn -0.9487 -0.2581 0.1827
vn -0.3185 -0.9479 -0.0000
vn -0.7714 -0.4319 0.4673
vn -0.4104 0.2185 0.8854
vn -0.8551 0.1520 0.4957
vn -0.4734 -0.6629 0.5801
vn -0.0000 0.2382 0.9712
vn -0.8741 0.1745 0.4533
vn -0.8583 -0.2511 0.4474
vn -0.9941 0.0146 0.1074
vn -0.5152 0.7161 0.4709
vn -0.0000 0.8686 0.4955
vn -0.8874 -0.2973 0.3524
vn 0.1726 -0.9801 -0.0981
vn -0.3099 -0.7073 0.6354
vn -0.2597 -0.9399 0.2217
vn -0.6729 0.4656 0.5748
vn -0.7409 -0.6441 0.1903
vn -0.0030 -0.9580 0.2868
vn -0.2496 0.2176 0.9436
vn -0.4225 -0.8996 -0.1105
vn -0.0000 -0.9873 -0.1588
vn -0.6083 0.7906 0.0696
vn -0.6159 -0.7635 0.1944
vn -0.2850 -0.9533 0.1005
vn -0.2317 -0.9726 -0.0178
vn -0.0000 -0.9897 0.1432
vn -0.0000 -0.9986 -0.0535
vn -0.7901 0.3708 0.4881
vn -0.6911 -0.6929 0.2055
vn -0.7193 -0.6674 0.1929
vn -0.7057 0.5154 0.4860
vn -0.8592 -0.1524 0.4884
vn -0.6175 -0.5945 0.5150
vn 0.0339 -0.9648 0.2608
vn -0.5583 0.2950 0.7754
vn -0.6948 0.0148 0.7191
vn -0.9269 0.2673 0.2635
vn -0.7337 0.5115 0.4473
vn -0.7166 -0.6320 0.2950
vn -0.4516 -0.7618 0.4644
vn -0.0404 -0.6340 0.7722
vn -0.8464 -0.1147 0.5201
vn -0.8224 0.4877 0.2928
vn -0.8760 0.3434 0.3387
vn -0.8583 0.0763 0.5075
vn -0.8304 -0.0782 0.5517
vn -0.2878 0.0394 0.9569
vn -0.3717 0.5727 0.7306
vn -0.6275 0.7081 0.3238
vn -0.8707 0.4865 0.0717
vn -0.4294 -0.6138 0.6625
vn -0.8402 0.5151 0.1697
vn -0.4803 0.4017 0.7797
vn -0.3189 -0.8702 0.3756
vn -0.6615 -0.3633 0.6561
vn -0.8575 0.1073 0.5031
vn -0.4641 -0.7460 0.4777
vn -0.4891 -0.1447 0.8601
vn 0.1450 -0.9522 0.2690
vn 0.1166 -0.9790 -0.1672
vn 0.2841 -0.8717 -0.3992
vn 0.6152 -0.7034 -0.3560
vn 0.8416 -0.4158 -0.3446
vn 0.7439 -0.4228 -0.5175
vn 0.3319 0.8898 0.3132
vn 0.3958 0.9047 0.1576
vn 0.4820 0.8577 -0.1791
vn 0.6678 0.6718 -0.3205
vn 0.2040 0.9384 -0.2791
vn 0.3674 0.8709 0.3265
vn -0.0000 -0.1030 0.9947
vn 0.3622 -0.0837 0.9283
vn 0.4392 0.8930 0.0982
vn 0.0246 0.9016 0.4319
vn 0.5542 0.8257 -0.1051
vn 0.0182 0.9775 0.2100
vn 0.0153 0.8989 -0.4379
vn 0.5440 0.6237 -0.5612
vn -0.0000 0.8698 -0.4934
vn -0.1822 -0.9311 0.3159
vn -0.4469 0.8448 -0.2943
vn -0.0000 0.9994 0.0340
vn -0.2669 -0.2972 0.9168
vn -0.9980 -0.0412 -0.0480
vn 0.4821 0.8600 0.1673
vn 0.2931 0.0363 0.9554
vn 0.0389 0.6350 -0.7715
vn 0.7778 0.6135 0.1366
vn -0.9460 0.2767 0.1691
vn -0.2240 0.9068 0.3571
vn -0.0045 -0.9859 0.1674
vn 0.1006 -0.9754 -0.1962
vn 0.2905 -0.9496 0.1182
vn -0.0000 -0.9828 -0.1848
vn 0.1856 -0.9363 -0.2982
vn 0.0056 -0.9666 -0.2561
vn 0.2429 -0.9288 -0.2798
vn 0.0019 -0.9706 -0.2406
vn 0.3082 -0.9287 -0.2063
vn -0.0045 -0.9871 -0.1597
vn 0.3842 -0.7202 -0.5776
vn 0.2973 -0.5131 -0.8052
vn 0.0034 -0.8021 -0.5971
vn -0.3078 0.1327 0.9421
vn -0.3444 -0.1518 0.9265
vn -0.3517 -0.2243 0.9088
vn -0.0447 0.5201 0.8530
vn -0.5935 -0.6958 -0.4045
vn -0.6757 -0.7094 0.2003
vn 0.3032 0.6883 0.6590
vn -0.1763 0.7951 0.5802
vn -0.3190 0.7263 0.6088
vn -0.4109 -0.2056 0.8882
vn 0.1110 -0.9730 -0.2025
vn 0.2717 -0.8265 0.4930
vn 0.0188 -0.6318 -0.7749
vn -0.0006 0.9760 0.2177
vn -0.8606 -0.3233 0.3935
vn -0.8542 0.4820 0.1951
vn -0.4959 -0.5847 0.6420
vn -0.0235 -0.7311 0.6819
vn -0.4943 0.8650 0.0861
vn -0.0364 -0.9334 0.3569
vn 0.6419 -0.3005 0.7055
vn 0.4445 -0.5580 0.7007
vn 0.2598 0.5412 0.7998
vn 0.4637 0.1209 0.8777
vn 0.1747 0.5750 0.7993
vn 0.4696 0.3699 0.8017
vn 0.6579 0.4959 0.5668
vn 0.7673 0.6322 0.1074
vn 0.7857 0.3597 0.5032
vn 0.5989 0.7074 0.3753
vn 0.3128 -0.8476 0.4288
vn 0.6885 -0.6465 0.3286
vn 0.3520 -0.9128 0.2072
vn 0.8361 -0.2139 0.5052
vn 0.6572 -0.5251 0.5406
vn 0.5398 -0.5040 0.6742
vn 0.9598 0.0749 0.2704
vn 0.8520 -0.3398 0.3983
vn 0.5669 -0.6994 0.4353
vn 0.7894 -0.3283 0.5186
vn 0.9447 -0.0116 0.3277
vn 0.7749 -0.3218 0.5440
vn 0.8017 -0.4164 0.4289
vn 0.8297 0.4926 0.2625
vn 0.6848 0.7003 0.2016
vn 0.8594 0.4719 0.1966
vn 0.9343 -0.2519 0.2524
vn 0.8842 -0.0159 0.4668
vn 0.6759 0.3194 0.6642
vn 0.4313 0.8887 0.1557
vn 0.4482 0.8936 0.0228
vn 0.2493 0.8331 0.4937
vn 0.3231 0.5997 0.7321
vn 0.3984 0.7812 0.4806
vn 0.7345 0.5249 0.4300
vn 0.7459 0.5815 0.3248
vn 0.5028 0.7590 0.4137
vn 0.2531 -0.8927 -0.3728
vn 0.9428 -0.2457 0.2253
vn 0.0726 -0.9360 -0.3445
vn 0.4090 -0.9099 -0.0690
vn 0.9488 -0.2582 0.1818
vn 0.7133 -0.5298 0.4588
vn 0.4102 0.2194 0.8852
vn 0.4656 -0.6633 0.5858
vn 0.8655 0.1868 0.4647
vn 0.8580 -0.2512 0.4481
vn 0.9939 0.0125 0.1093
vn 0.5201 0.7351 0.4349
vn 0.8817 -0.2875 0.3740
vn -0.1781 -0.9797 -0.0917
vn 0.3214 -0.7078 0.6290
vn 0.2953 -0.9373 0.1850
vn 0.6732 0.4653 0.5747
vn 0.2950 0.2319 0.9269
vn -0.0246 0.2939 0.9555
vn 0.7466 -0.6315 0.2093
vn 0.4225 -0.8996 -0.1105
vn 0.8096 -0.5689 0.1446
vn 0.4700 0.8650 0.1758
vn 0.3016 -0.9485 0.0974
vn 0.6183 -0.7683 0.1657
vn 0.2317 -0.9726 -0.0179
vn 0.6924 -0.6903 0.2099
vn 0.7925 0.3826 0.4749
vn 0.7967 0.4419 0.4123
vn 0.8562 -0.1400 0.4972
vn 0.6175 -0.5945 0.5151
vn 0.5449 0.2406 0.8032
vn 0.7519 -0.1213 0.6481
vn 0.9269 0.2673 0.2635
vn 0.8731 0.4835 0.0634
vn 0.7167 -0.6319 0.2950
vn 0.6046 -0.6259 0.4927
vn -0.0520 -0.8744 0.4824
vn 0.9185 0.1633 0.3603
vn 0.8207 0.4743 0.3187
vn 0.8402 -0.1008 0.5328
vn 0.8694 0.3689 0.3286
vn -0.0263 -0.9910 0.1309
vn 0.8224 0.1765 0.5408
vn 0.2893 0.0359 0.9566
vn 0.3698 0.5715 0.7325
vn 0.6271 0.7085 0.3237
vn 0.7106 0.5803 0.3979
vn 0.4173 -0.6040 0.6790
vn 0.6234 0.3256 0.7109
vn 0.7668 0.5979 0.2336
vn 0.4993 0.5285 0.6866
vn 0.6843 -0.3217 0.6544
vn 0.3136 -0.8862 0.3411
vn 0.8573 0.1082 0.5034
vn 0.5277 -0.5366 0.6585
vn 0.4974 -0.0697 0.8647
vn -0.1691 -0.9520 0.2553
vn -0.1830 -0.9739 -0.1346
vn -0.3369 -0.8780 -0.3400
vn -0.6292 -0.6882 -0.3611
vn -0.7967 -0.4536 -0.3994
vn -0.2503 0.8947 0.3699
vn -0.4195 0.8955 0.1486
vn -0.4820 0.8574 -0.1802
vn -0.2041 0.9384 -0.2789
vn -0.3782 0.8605 0.3414
vn -0.4140 0.9083 0.0592
vn -0.5905 0.8036 -0.0751
vn -0.0220 0.9980 0.0589
vn -0.5437 0.6236 -0.5617
vn 0.8666 -0.0184 0.4987
vn 0.4224 0.8472 -0.3222
vn 0.9979 -0.0385 -0.0515
vn 0.2488 -0.2356 0.9395
vn -0.1575 -0.1826 0.9705
vn -0.4542 0.8514 0.2624
vn -0.0390 0.6351 -0.7715
vn 0.9434 0.2733 0.1881
vn 0.2402 0.9091 0.3404
vn -0.1120 -0.9797 -0.1664
vn -0.2905 -0.9495 0.1183
vn -0.1904 -0.9331 -0.3051
vn -0.2507 -0.9243 -0.2877
vn -0.3360 -0.9157 -0.2202
vn -0.3595 -0.7109 -0.6045
vn -0.4041 -0.1034 0.9089
vn -0.3045 -0.5173 -0.7998
vn 0.3081 0.1319 0.9422
vn 0.3430 -0.1545 0.9265
vn 0.3570 -0.2320 0.9048
vn -0.8131 0.5010 0.2963
vn 0.5935 -0.6958 -0.4045
vn 0.8681 0.4146 0.2731
vn -0.3032 0.6883 0.6590
vn 0.1763 0.7951 0.5802
vn 0.4109 -0.2056 0.8882
vn 0.5280 -0.8421 0.1100
vn -0.1110 -0.9730 -0.2025
vn -0.2718 -0.8265 0.4930
vn -0.7744 -0.4155 -0.4771
vn -0.7782 0.6254 0.0569
vn 0.4959 -0.5847 0.6420
vn 0.6492 0.7292 0.2164
vn -0.0000 -0.7484 0.6632
vn -0.5651 -0.4981 0.6577
vn -0.0000 -0.6255 0.7803
vn -0.4484 -0.7078 0.5458
vn -0.7754 -0.2819 0.5650
vn -0.8290 -0.3412 0.4431
vn -0.9288 0.0587 0.3659
vn -0.9316 0.1139 0.3453
vn -0.8212 0.5305 0.2102
vn -0.8320 0.5146 0.2072
vn -0.4777 0.8727 0.1009
vn -0.5081 0.8568 0.0881
vn -0.0000 0.9960 0.0888
vn -0.4173 -0.4796 0.7719
vn -0.7281 -0.1734 0.6632
vn -0.9211 0.1611 0.3545
vn -0.8009 0.5662 0.1951
vn -0.4941 0.8605 0.1242
vn 0.5651 -0.4980 0.6578
vn 0.4484 -0.7078 0.5458
vn 0.7754 -0.2819 0.5650
vn 0.8290 -0.3412 0.4431
vn 0.9288 0.0587 0.3660
vn 0.9316 0.1138 0.3453
vn 0.8212 0.5305 0.2102
vn 0.8320 0.5147 0.2072
vn 0.4777 0.8727 0.1009
vn 0.5081 0.8568 0.0881
vn -0.0000 0.9993 0.0382
vn 0.4173 -0.4796 0.7719
vn 0.7281 -0.1734 0.6632
vn 0.9211 0.1611 0.3545
vn 0.8009 0.5662 0.1951
vn 0.4941 0.8605 0.1242
vn -0.0000 0.9874 0.1583
vn -0.4223 -0.6205 0.6608
vn -0.0000 -0.6463 0.7631
vn -0.0000 -0.7188 0.6952
vn -0.8015 -0.3563 0.4802
vn -0.5166 -0.5325 0.6705
vn -0.9506 0.1032 0.2927
vn -0.8524 -0.1906 0.4869
vn -0.8225 0.5591 0.1045
vn -0.9358 0.1870 0.2989
vn -0.4979 0.8670 -0.0191
vn -0.7930 0.5947 0.1326
vn -0.0000 0.9998 -0.0206
vn -0.5300 0.8447 0.0749
vn -0.4157 -0.5027 0.7579
vn -0.7952 -0.1657 0.5832
vn -0.9211 0.2097 0.3279
vn -0.7656 0.6054 0.2176
vn -0.0152 0.9955 0.0939
vn -0.5223 0.8382 0.1572
vn 0.4223 -0.6205 0.6608
vn 0.5279 -0.5143 0.6759
vn 0.8015 -0.3563 0.4802
vn 0.8499 -0.1773 0.4963
vn 0.9506 0.1032 0.2927
vn 0.9360 0.1950 0.2932
vn 0.8225 0.5591 0.1045
vn 0.7836 0.6047 0.1424
vn 0.4979 0.8670 -0.0191
vn 0.5245 0.8482 0.0738
vn 0.4157 -0.5027 0.7579
vn 0.7952 -0.1657 0.5832
vn 0.9211 0.2097 0.3279
vn 0.7656 0.6054 0.2176
vn 0.5223 0.8382 0.1572
vn -0.0000 0.9796 0.2010
vn -0.9375 -0.0765 0.3394
vn -0.6777 0.7283 0.1016
vn -0.9908 0.0251 0.1332
vn -0.7639 0.5865 0.2694
vn -0.0000 0.9921 0.1252
vn -0.0000 -0.9049 0.4257
vn -0.7130 -0.6838 0.1552
vn -0.0000 -0.9809 0.1947
vn -0.7256 -0.5727 0.3814
vn -0.9965 0.0316 -0.0777
vn -0.7387 0.6726 -0.0439
vn -0.7789 -0.6254 -0.0471
vn 0.9375 -0.0765 0.3394
vn 0.6777 0.7283 0.1016
vn 0.7639 0.5865 0.2694
vn -0.0000 0.9595 0.2817
vn 0.7130 -0.6838 0.1551
vn 0.7256 -0.5727 0.3814
vn 0.9904 0.0190 0.1369
vn 0.9965 0.0316 -0.0777
vn 0.7387 0.6726 -0.0439
vn -0.0000 0.9999 0.0146
vn 0.7789 -0.6254 -0.0471
vn -0.6961 0.7171 0.0354
vn -0.9822 0.0374 0.1840
vn -0.6785 0.7160 0.1640
vn -0.7355 -0.6756 0.0504
vn -0.0000 -0.9722 0.2343
vn -0.7227 -0.6638 0.1923
vn -0.9983 0.0296 0.0510
vn -0.0000 0.9917 -0.1287
vn -0.0000 0.9997 0.0250
vn -0.6677 0.7372 -0.1032
vn -0.0000 -0.9957 -0.0923
vn -0.0000 -0.9977 0.0681
vn -0.9967 0.0138 -0.0803
vn -0.0000 0.9832 0.1824
vn 0.9822 0.0374 0.1840
vn 0.7008 0.7128 0.0270
vn 0.6785 0.7161 0.1640
vn 0.7419 -0.6680 0.0586
vn 0.7227 -0.6638 0.1923
vn 0.9984 0.0266 0.0492
vn 0.6677 0.7372 -0.1032
vn 0.7002 -0.7094 -0.0801
vn 0.9967 0.0138 -0.0803
vn -0.6084 0.7862 -0.1080
vn -0.9993 0.0294 0.0220
vn -0.8018 0.5975 -0.0111
vn -0.8513 -0.5247 -0.0007
vn -0.0000 -0.9986 -0.0537
vn -0.0000 -0.9944 -0.1057
vn -0.6125 -0.7889 0.0489
vn -0.9946 0.0057 -0.1034
vn -0.9988 0.0154 -0.0457
vn -0.0016 0.9986 -0.0529
vn -0.7074 0.7045 -0.0576
vn -0.7071 -0.7032 -0.0747
vn -0.0000 0.9953 -0.0971
vn -0.0000 -0.9990 -0.0440
vn 0.9993 0.0294 0.0220
vn 0.5680 0.8221 -0.0396
vn 0.8018 0.5975 -0.0111
vn 0.8513 -0.5247 -0.0007
vn 0.5347 -0.8442 -0.0371
vn 0.9989 0.0245 -0.0410
vn 0.9946 0.0057 -0.1034
vn 0.7074 0.7045 -0.0576
vn 0.7071 -0.7032 -0.0747
vn -0.6919 0.7198 -0.0558
vn -0.9403 0.0184 -0.3398
vn -0.9975 0.0127 -0.0702
vn -0.0000 0.9439 -0.3303
vn -0.6462 0.6899 -0.3264
vn -0.6819 -0.6474 -0.3404
vn -0.7323 -0.6766 -0.0766
vn -0.0000 -0.9312 -0.3645
vn -0.0000 -0.9955 -0.0947
vn -0.0000 0.0173 -0.9999
vn 0.9405 0.0188 -0.3394
vn 0.6919 0.7198 -0.0558
vn 0.9975 0.0127 -0.0702
vn -0.0000 0.9983 -0.0591
vn 0.6832 -0.6446 -0.3431
vn 0.7323 -0.6766 -0.0766
vn 0.6475 0.6911 -0.3211
vn 0.3621 0.1221 -0.9241
vn 0.5695 0.8205 -0.0497
vn 0.8311 0.3902 0.3962
vn -0.6724 0.6639 -0.3272
vn -0.4157 0.8546 0.3113
vn 0.2893 0.6652 -0.6883
vn -0.9008 0.1362 -0.4122
vn -0.3544 0.4217 0.8346
vn 0.9129 0.0294 0.4071
vn -0.4736 0.0921 0.8759
vn 0.3393 -0.0777 -0.9375
vn -0.9137 -0.0791 -0.3986
vn 0.5564 0.3677 -0.7451
vn 0.5601 0.7679 0.3108
vn 0.7574 0.2286 0.6116
vn -0.5463 0.8196 -0.1727
vn -0.4498 0.7657 0.4598
vn -0.7665 0.3546 -0.5355
vn 0.4179 0.8510 -0.3180
vn -0.4917 0.2567 0.8321
vn 0.7984 -0.1257 0.5889
vn -0.8311 0.1066 -0.5458
vn -0.5795 -0.0599 0.8128
vn 0.5716 0.0640 -0.8180
vn 0.5989 0.7091 0.3721
vn 0.4370 0.7319 -0.5229
vn 0.0572 0.9644 0.2583
vn 0.4968 0.4693 -0.7300
vn -0.7198 0.6635 -0.2040
vn -0.9595 0.0300 0.2803
vn -0.5070 0.5593 0.6558
vn -0.7998 0.4135 -0.4350
vn 0.5254 0.1506 -0.8374
vn -0.8709 0.1152 -0.4778
vn 0.9618 0.1050 -0.2530
vn 0.6965 0.7080 -0.1165
vn -0.7919 0.5841 0.1778
vn -0.9744 -0.0124 0.2246
vn 0.3852 0.8966 -0.2185
vn 0.0371 0.9861 0.1617
vn 0.6813 0.5387 0.4956
vn 0.7639 0.2027 0.6126
vn -0.5188 0.5106 0.6857
vn -0.4831 0.1842 0.8560
vn -0.7136 0.6897 -0.1227
vn 0.8076 -0.1528 0.5695
vn 0.9801 -0.0009 -0.1983
vn 0.5194 0.5252 -0.6741
vn 0.7104 0.5328 0.4598
vn 0.8020 0.1686 0.5730
vn 0.4510 0.8062 -0.3829
vn 0.1418 0.9217 0.3611
vn -0.7555 0.5410 -0.3695
vn -0.6254 0.7764 -0.0781
vn -0.4695 0.4739 0.7450
vn -0.4044 0.1779 0.8971
vn 0.8261 -0.2456 0.5072
vn -0.8706 0.2297 -0.4351
vn -0.5078 -0.1774 0.8430
vn 0.5203 0.1700 -0.8369
vn 0.5083 0.5284 -0.6800
vn 0.6959 0.5595 0.4502
vn 0.8082 0.1773 0.5617
vn 0.4388 0.8089 -0.3913
vn 0.1445 0.9222 0.3586
vn -0.6180 0.7838 -0.0614
vn -0.7603 0.5430 -0.3566
vn -0.4615 0.4692 0.7529
vn -0.3950 0.1768 0.9015
vn 0.8319 -0.2455 0.4976
vn -0.8765 0.2294 -0.4232
vn -0.5019 -0.1775 0.8465
vn 0.5065 0.1735 -0.8446
vn 0.4998 0.5309 -0.6843
vn 0.6852 0.5791 0.4417
vn 0.8130 0.1836 0.5525
vn 0.4285 0.8113 -0.3977
vn 0.1471 0.9224 0.3570
vn -0.6119 0.7896 -0.0464
vn -0.7640 0.5443 -0.3465
vn -0.4544 0.4654 0.7596
vn -0.3869 0.1758 0.9052
vn 0.8366 -0.2455 0.4897
vn -0.8814 0.2288 -0.4132
vn -0.4962 -0.1779 0.8498
vn 0.4950 0.1757 -0.8509
vn 0.0701 0.7485 0.6594
vn -0.8859 0.0086 0.4637
vn 0.8790 -0.1530 0.4516
vn 0.0251 0.7094 -0.7044
vn 0.8757 -0.0424 0.4809
vn -0.8738 0.1453 0.4640
vn 0.8623 -0.0692 0.5016
vn -0.1072 0.4603 -0.8813
vn -0.8216 0.0849 0.5637
vn -0.0701 0.4754 -0.8770
vn -0.8753 0.0769 0.4773
vn 0.8715 -0.1131 0.4771
vn 0.0410 0.5796 -0.8138
vn -0.1351 0.9840 0.1161
vn 0.9682 0.2289 -0.1013
vn 0.0951 0.1056 0.9899
vn -0.1272 0.4650 -0.8761
vn -0.0008 0.9342 0.3566
vn -0.6541 -0.0045 0.7564
vn 0.0951 0.1056 0.9898
vn 0.5916 0.4396 -0.6758
vn 0.0156 0.9360 0.3516
vn -0.0001 0.0704 0.9975
vn -0.6540 -0.0046 0.7565
vn 0.2829 0.4847 -0.8276
vn 0.4992 -0.6988 -0.5123
vn 0.2308 0.3165 -0.9201
vn 0.8183 -0.5747 0.0081
vn -0.7104 -0.4830 -0.5120
vn 0.1786 -0.2956 -0.9385
vn -0.9460 0.0732 -0.3159
vn -0.4364 -0.8974 -0.0642
vn -0.3010 -0.7685 0.5646
vn -0.2994 -0.4968 0.8146
vn -0.9425 0.2868 -0.1715
vn 0.2994 0.4967 -0.8146
vn 0.5309 -0.8267 -0.1860
vn 0.4580 0.0040 -0.8889
vn 0.7869 -0.5173 0.3365
vn -0.4546 -0.8876 0.0743
vn 0.3613 -0.6091 -0.7060
vn -0.8140 -0.0912 -0.5737
vn -0.4298 -0.6227 0.6539
vn -0.5002 -0.2962 0.8137
vn -0.8660 0.1710 -0.4699
vn 0.8661 -0.1709 0.4698
vn 0.5553 -0.8297 -0.0577
vn 0.0235 -0.9781 -0.2068
vn 0.4019 -0.4281 -0.8095
vn -0.8220 -0.1761 -0.5415
vn 0.4264 -0.0923 -0.8998
vn -0.7612 -0.4792 -0.4369
vn -0.7637 -0.6344 0.1196
vn -0.9577 -0.1123 0.2651
vn -0.5542 -0.7244 0.4101
vn -0.8810 0.1225 -0.4570
vn 0.4731 0.2281 -0.8510
vn 0.9560 0.0404 -0.2906
vn 0.7677 -0.5383 -0.3475
vn -0.9565 -0.0755 0.2818
vn 0.4031 -0.6547 -0.6394
vn 0.6819 -0.7288 0.0625
vn -0.0082 -0.9508 -0.3096
vn -0.4275 -0.5663 0.7046
vn 0.7887 -0.4894 0.3722
vn -0.5154 -0.7584 0.3990
vn -0.7016 -0.6301 -0.3328
vn 0.8677 -0.1287 0.4802
vn -0.4972 -0.2245 0.8381
vn 0.9565 0.0755 -0.2818
vn 0.7384 -0.6672 0.0982
vn 0.4677 -0.1679 -0.8678
vn 0.8115 -0.4283 0.3975
vn 0.1065 -0.9893 -0.0993
vn 0.4526 -0.5439 -0.7067
vn -0.7756 -0.3071 -0.5515
vn -0.6720 -0.6238 -0.3991
vn -0.4856 -0.7540 0.4424
vn -0.3731 -0.5787 0.7252
vn -0.4849 -0.1933 0.8529
vn -0.8703 0.0111 -0.4925
vn 0.8703 -0.0109 0.4923
vn 0.7383 -0.6672 0.0983
vn 0.4678 -0.1680 -0.8678
vn 0.8113 -0.4285 0.3977
vn 0.1066 -0.9893 -0.0993
vn 0.4524 -0.5441 -0.7066
vn -0.7755 -0.3071 -0.5516
vn -0.6721 -0.6238 -0.3989
vn -0.4856 -0.7538 0.4426
vn -0.3731 -0.5786 0.7253
vn 0.8703 -0.0110 0.4924
vn -0.8703 0.0110 -0.4924
vn 0.7382 -0.6674 0.0982
vn 0.4676 -0.1681 -0.8678
vn 0.8115 -0.4284 0.3974
vn 0.1068 -0.9893 -0.0994
vn 0.4525 -0.5442 -0.7065
vn -0.6721 -0.6238 -0.3991
vn -0.4858 -0.7538 0.4424
vn -0.3731 -0.5786 0.7252
vn 0.8702 -0.0110 0.4926
vn -0.4852 -0.1933 0.8528
vn 0.4851 0.1934 -0.8528
vn 0.2724 -0.9606 -0.0545
vn 0.8647 -0.1874 0.4659
vn -0.8014 -0.5676 0.1886
vn 0.0539 0.0107 -0.9985
vn 0.8380 -0.4114 0.3586
vn -0.7122 -0.6303 0.3091
vn -0.7937 -0.5487 0.2628
vn 0.3943 0.7012 -0.5941
vn -0.2183 0.5920 -0.7758
vn 0.8599 -0.3464 0.3749
vn -0.8338 -0.5322 0.1463
vn -0.0587 0.2820 -0.9576
vn -0.1191 -0.7023 -0.7018
vn 0.4718 -0.7377 0.4829
vn -0.9844 -0.1743 0.0240
vn 0.5515 0.4452 -0.7054
vn -0.0022 -0.7404 -0.6721
vn -0.9844 -0.1744 0.0240
vn -0.8191 -0.4955 0.2891
vn 0.5819 0.4621 -0.6692
vn 0.0105 -0.7481 -0.6635
vn -0.0000 -0.8505 0.5260
vn 0.2815 0.5730 -0.7697
vn -0.5710 0.8198 -0.0446
vn -0.3589 0.1220 -0.9254
vn -0.8311 0.3902 0.3962
vn 0.6725 0.6639 -0.3271
vn -0.2879 0.6574 -0.6963
vn 0.9021 0.1366 -0.4094
vn 0.4232 0.8518 0.3088
vn 0.3595 0.4270 0.8297
vn -0.9129 0.0294 0.4071
vn 0.4736 0.0921 0.8759
vn -0.3393 -0.0777 -0.9375
vn -0.5600 0.7668 0.3137
vn -0.5548 0.3683 -0.7460
vn -0.7574 0.2286 0.6116
vn 0.5464 0.8196 -0.1723
vn -0.4178 0.8478 -0.3265
vn 0.7663 0.3546 -0.5359
vn 0.4479 0.7658 0.4614
vn 0.4924 0.2586 0.8311
vn -0.7984 -0.1257 0.5889
vn 0.8311 0.1065 -0.5458
vn -0.5716 0.0640 -0.8180
vn -0.5634 0.7278 0.3910
vn -0.0572 0.9644 0.2583
vn -0.4264 0.7370 -0.5244
vn -0.4842 0.4724 -0.7365
vn 0.7194 0.6634 -0.2057
vn 0.8009 0.4171 -0.4296
vn 0.7811 0.5043 0.3682
vn 0.9725 0.0294 0.2312
vn 0.5374 0.4748 0.6970
vn -0.5254 0.1506 -0.8374
vn -0.9803 0.0482 -0.1915
vn -0.8051 0.5929 0.0190
vn 0.8709 0.1153 -0.4777
vn -0.4376 0.8703 -0.2259
vn -0.7012 0.5280 0.4791
vn -0.0371 0.9861 0.1617
vn -0.7640 0.2029 0.6125
vn 0.5199 0.5114 0.6842
vn 0.6699 0.7399 -0.0612
vn 0.4826 0.1757 0.8580
vn -0.8077 -0.1528 0.5695
vn 0.5530 -0.1400 0.8214
vn -0.9801 -0.0009 -0.1983
vn 0.9744 -0.0124 0.2246
vn -0.7101 0.5316 0.4617
vn -0.5181 0.5259 -0.6745
vn -0.8020 0.1686 0.5730
vn -0.1418 0.9217 0.3610
vn -0.4562 0.8021 -0.3855
vn 0.7556 0.5412 -0.3690
vn 0.6263 0.7757 -0.0783
vn 0.4696 0.4739 0.7449
vn 0.4041 0.1777 0.8973
vn -0.8262 -0.2454 0.5071
vn 0.8706 0.2297 -0.4351
vn -0.5203 0.1700 -0.8369
vn -0.6957 0.5586 0.4516
vn -0.5073 0.5290 -0.6803
vn -0.8082 0.1773 0.5617
vn -0.1445 0.9222 0.3586
vn -0.4429 0.8058 -0.3932
vn 0.6180 0.7838 -0.0614
vn 0.7603 0.5427 -0.3570
vn 0.4615 0.4692 0.7529
vn 0.3950 0.1768 0.9015
vn -0.8319 -0.2455 0.4976
vn 0.8765 0.2293 -0.4233
vn -0.5065 0.1735 -0.8446
vn -0.6851 0.5783 0.4430
vn -0.4991 0.5313 -0.6846
vn -0.8130 0.1836 0.5526
vn -0.1471 0.9224 0.3570
vn -0.4319 0.8087 -0.3993
vn 0.6114 0.7899 -0.0462
vn 0.7639 0.5443 -0.3467
vn 0.4544 0.4654 0.7596
vn 0.3869 0.1758 0.9052
vn -0.8367 -0.2453 0.4896
vn 0.8815 0.2288 -0.4130
vn -0.4950 0.1757 -0.8509
vn -0.0701 0.7485 0.6594
vn -0.8790 -0.1530 0.4516
vn 0.8859 0.0086 0.4637
vn -0.0251 0.7094 -0.7043
vn -0.8668 -0.1016 0.4882
vn 0.8738 0.1453 0.4640
vn 0.7974 0.1153 0.5923
vn 0.1218 0.4371 -0.8911
vn -0.8623 -0.0692 0.5016
vn 0.8752 0.0763 0.4777
vn -0.8673 -0.1116 0.4851
vn -0.0077 0.6066 -0.7950
vn 0.1352 0.9840 0.1161
vn -0.0951 0.1055 0.9899
vn -0.9682 0.2289 -0.1013
vn 0.1272 0.4650 -0.8761
vn 0.0008 0.9342 0.3566
vn -0.0951 0.1056 0.9898
vn 0.6541 -0.0045 0.7564
vn -0.5916 0.4396 -0.6758
vn -0.0156 0.9360 0.3516
vn 0.6540 -0.0045 0.7565
vn 0.0001 0.0703 0.9975
vn -0.2829 0.4847 -0.8276
vn -0.2308 0.3165 -0.9201
vn -0.4992 -0.6988 -0.5123
vn -0.8184 -0.5746 0.0078
vn 0.7104 -0.4830 -0.5120
vn 0.4364 -0.8974 -0.0642
vn -0.1786 -0.2956 -0.9385
vn 0.9460 0.0732 -0.3159
vn 0.3010 -0.7685 0.5646
vn 0.2994 -0.4968 0.8146
vn -0.9425 -0.2868 0.1715
vn 0.9425 0.2868 -0.1715
vn -0.2994 0.4967 -0.8146
vn -0.4580 0.0040 -0.8889
vn -0.5309 -0.8267 -0.1860
vn -0.7869 -0.5173 0.3365
vn -0.3613 -0.6091 -0.7060
vn 0.4543 -0.8877 0.0742
vn 0.8140 -0.0912 -0.5737
vn 0.5880 -0.6681 -0.4559
vn 0.4298 -0.6227 0.6539
vn 0.4999 -0.2962 0.8138
vn -0.8661 -0.1709 0.4698
vn 0.8660 0.1710 -0.4699
vn -0.5000 0.2961 -0.8139
vn -0.5954 -0.8005 -0.0681
vn -0.4148 -0.4226 -0.8058
vn -0.0235 -0.9781 -0.2068
vn 0.8214 -0.1760 -0.5426
vn -0.4279 -0.0950 -0.8988
vn 0.7606 -0.4827 -0.4342
vn 0.9436 -0.1378 0.3010
vn 0.5258 -0.7787 0.3422
vn 0.8810 0.1225 -0.4569
vn -0.9294 0.0187 -0.3686
vn -0.4731 0.2280 -0.8510
vn -0.6535 -0.5639 -0.5048
vn 0.7799 -0.6240 -0.0484
vn 0.9565 -0.0755 0.2818
vn -0.3614 -0.6779 -0.6402
vn 0.0082 -0.9508 -0.3096
vn -0.6669 -0.7418 0.0715
vn 0.4289 -0.5661 0.7040
vn -0.7884 -0.4881 0.3745
vn 0.5153 -0.7562 0.4033
vn 0.7469 -0.5660 -0.3489
vn -0.8677 -0.1287 0.4802
vn -0.9565 0.0755 -0.2818
vn 0.4968 -0.2246 0.8383
vn -0.4677 -0.1679 -0.8678
vn -0.7384 -0.6672 0.0982
vn -0.8115 -0.4283 0.3975
vn -0.4526 -0.5439 -0.7066
vn -0.1065 -0.9893 -0.0993
vn 0.7756 -0.3071 -0.5515
vn 0.6720 -0.6238 -0.3991
vn 0.4858 -0.7538 0.4425
vn 0.3731 -0.5787 0.7252
vn 0.4849 -0.1933 0.8529
vn -0.8703 -0.0109 0.4923
vn 0.8703 0.0111 -0.4925
vn -0.4850 0.1933 -0.8529
vn -0.4678 -0.1680 -0.8678
vn -0.7383 -0.6672 0.0983
vn -0.8115 -0.4282 0.3976
vn -0.4524 -0.5441 -0.7066
vn -0.1066 -0.9893 -0.0993
vn 0.7755 -0.3071 -0.5516
vn 0.6721 -0.6238 -0.3989
vn 0.4856 -0.7538 0.4426
vn 0.3731 -0.5786 0.7253
vn -0.8703 -0.0110 0.4924
vn 0.8703 0.0110 -0.4924
vn 0.4849 -0.1935 0.8529
vn -0.4846 0.1932 -0.8531
vn -0.4676 -0.1681 -0.8678
vn -0.7382 -0.6674 0.0982
vn -0.8115 -0.4284 0.3974
vn -0.4525 -0.5442 -0.7065
vn -0.1068 -0.9893 -0.0994
vn 0.6721 -0.6238 -0.3991
vn 0.4854 -0.7540 0.4427
vn 0.3732 -0.5786 0.7252
vn -0.8702 -0.0110 0.4926
vn 0.4852 -0.1933 0.8528
vn -0.4848 0.1934 -0.8530
vn 0.8705 0.0109 -0.4921
vn -0.2721 -0.9607 -0.0547
vn 0.8014 -0.5676 0.1886
vn -0.8647 -0.1874 0.4660
vn -0.0539 0.0107 -0.9985
vn -0.8399 -0.4744 0.2636
vn 0.7122 -0.6303 0.3091
vn -0.6443 -0.5438 0.5378
vn 0.7939 -0.5425 0.2747
vn -0.3943 0.7012 -0.5941
vn 0.2137 0.6518 -0.7276
vn -0.8681 -0.3352 0.3661
vn 0.8264 -0.5406 0.1576
vn 0.0022 0.3063 -0.9519
vn 0.1191 -0.7023 -0.7018
vn 0.9844 -0.1744 0.0241
vn -0.4718 -0.7377 0.4829
vn -0.5515 0.4452 -0.7054
vn 0.0019 -0.7405 -0.6720
vn 0.8191 -0.4955 0.2891
vn -0.5819 0.4621 -0.6692
vn -0.0105 -0.7481 -0.6635
vn 0.8191 -0.4956 0.2891
vn -0.2815 0.5730 -0.7697
vn 0.3654 0.9309 -0.0044
vn -0.0001 0.9488 0.3159
vn 0.0188 0.9774 0.2106
vn 0.0018 0.7705 0.6375
vn -0.0452 0.9820 0.1835
vn 0.0232 0.7708 0.6366
vn -0.7433 0.6111 0.2720
vn -0.8556 0.3785 0.3532
vn -0.2842 0.8096 0.5135
vn -0.6011 0.5250 0.6025
vn 0.1219 0.9918 0.0390
vn -0.0000 0.9076 0.4199
vn 0.0076 0.9226 0.3856
vn -0.7441 0.4620 0.4826
vn -0.0000 0.9253 0.3792
vn 0.0556 0.9223 0.3824
vn -0.7889 0.4508 0.4177
vn 0.0136 -0.9506 -0.3100
vn -0.4072 -0.8983 -0.1651
vn -0.0121 -0.9782 -0.2071
vn -0.0765 -0.9755 0.2061
vn -0.0000 -0.6410 0.7676
vn 0.0533 -0.9952 -0.0821
vn -0.6270 -0.7788 0.0172
vn -0.4092 -0.9058 -0.1100
vn -0.4572 -0.5544 0.6954
vn -0.6567 -0.7507 0.0722
vn 0.0540 -0.9954 -0.0787
vn 0.0173 -0.9111 -0.4117
vn -0.0100 -0.9235 -0.3834
vn -0.6213 -0.7723 -0.1323
vn -0.0000 -0.9254 -0.3790
vn -0.0551 -0.9225 -0.3822
vn -0.6843 -0.7175 -0.1299
vn -0.4519 0.8753 0.1722
vn 0.0598 0.9981 -0.0159
vn 0.0756 0.9923 0.0977
vn -0.0231 0.7705 0.6370
vn 0.7299 0.6240 0.2790
vn -0.1000 0.9728 0.2088
vn 0.2086 0.6354 0.7434
vn 0.5592 0.6703 0.4879
vn 0.8205 0.4136 0.3947
vn -0.0297 0.9195 0.3919
vn 0.7417 0.4665 0.4820
vn -0.0556 0.9223 0.3824
vn 0.4071 -0.8982 -0.1659
vn 0.0160 -0.9787 -0.2046
vn 0.6271 -0.7788 0.0172
vn -0.0765 -0.9969 -0.0167
vn 0.4572 -0.5536 0.6960
vn 0.6578 -0.7411 0.1340
vn 0.0159 -0.9234 -0.3834
vn 0.4583 -0.8795 -0.1287
vn 0.0551 -0.9225 -0.3822
vn 0.6264 -0.7680 -0.1335
vn 0.7889 0.4508 0.4177
vn -0.8383 -0.4121 -0.3568
vn -0.9505 -0.0035 0.3106
vn -0.0000 -0.9614 0.2753
vn 0.6250 0.7763 0.0828
vn -0.6250 0.7763 0.0828
vn 0.7900 -0.5835 -0.1882
vn 0.7810 -0.5888 -0.2082
vn -0.4830 0.8365 -0.2588
vn -0.8274 -0.2854 0.4836
vn -0.9728 0.2045 0.1093
vn 0.9728 0.2044 0.1093
vn -0.6507 -0.4463 0.6143
vn 0.6507 -0.4463 0.6143
vn -0.8616 0.3617 0.3560
vn -0.8681 0.4146 0.2731
vn -0.0000 -0.5041 0.8636
vn -0.0000 -0.5962 0.8028
vn -0.0000 -0.5713 0.8208
vn -0.7002 -0.7094 -0.0801
vn -0.0000 0.9994 -0.0340
vn -0.5530 -0.1401 0.8214
vn 0.9425 -0.2868 0.1715
vn -0.5880 -0.6681 -0.4559
vn 0.5000 0.2961 -0.8139
vn 0.4850 0.1933 -0.8529
vn -0.4849 -0.1935 0.8529
vn 0.4849 0.1933 -0.8529
vn -0.8702 0.0110 -0.4926
vn 0.6443 -0.5438 0.5378
vn 0.9137 -0.0792 -0.3986
vn 0.5794 -0.0599 0.8128
vn 0.5078 -0.1774 0.8430
vn 0.5020 -0.1774 0.8465
vn 0.4962 -0.1779 0.8498
vn 0.0701 0.4754 -0.8770
vn 0.6843 -0.7175 -0.1299
vt 0.195500 0.979200
vt 0.404200 0.878300
vt 0.440500 0.905800
vt 0.145200 0.901000
vt 0.244000 0.830900
vt 0.168800 0.920700
vt 0.109000 0.883400
vt 0.198900 0.795000
vt 0.078000 0.874100
vt 0.172800 0.701700
vt 0.032300 0.865500
vt 0.111100 0.694400
vt 0.088500 0.217400
vt 0.050600 0.267700
vt 0.053500 0.208000
vt 0.331500 0.562900
vt 0.332900 0.439100
vt 0.350000 0.456800
vt 0.308900 0.576100
vt 0.263600 0.471800
vt 0.080500 0.362800
vt 0.062000 0.315200
vt 0.085400 0.282700
vt 0.228400 0.590900
vt 0.178900 0.462100
vt 0.171100 0.594700
vt 0.106000 0.429200
vt 0.058100 0.378500
vt 0.080600 0.432000
vt 0.122500 0.596900
vt 0.025900 0.391600
vt 0.048900 0.439200
vt 0.071700 0.596700
vt 0.104900 0.268400
vt 0.285500 0.427400
vt 0.343300 0.412500
vt 0.120100 0.310400
vt 0.234900 0.422200
vt 0.170200 0.376000
vt 0.137900 0.152600
vt 0.209100 0.164100
vt 0.169800 0.192400
vt 0.380200 0.235300
vt 0.376900 0.322400
vt 0.351200 0.307200
vt 0.204500 0.227600
vt 0.327700 0.296500
vt 0.290800 0.218700
vt 0.259900 0.279000
vt 0.195700 0.122900
vt 0.244500 0.142500
vt 0.434000 0.205000
vt 0.412500 0.261800
vt 0.240400 0.195300
vt 0.267500 0.166000
vt 0.370700 0.172200
vt 0.401500 0.189100
vt 0.314700 0.161600
vt 0.342700 0.226900
vt 0.107900 0.189200
vt 0.130500 0.238400
vt 0.312100 0.384700
vt 0.159300 0.266900
vt 0.275900 0.378800
vt 0.214500 0.325300
vt 0.055400 0.338300
vt 0.040900 0.354400
vt 0.431400 0.481500
vt 0.436500 0.414800
vt 0.437000 0.447100
vt 0.441200 0.362000
vt 0.452100 0.289700
vt 0.476300 0.241300
vt 0.042200 0.297100
vt 0.291700 0.104200
vt 0.330000 0.055600
vt 0.336300 0.075200
vt 0.446500 0.157700
vt 0.306700 0.124500
vt 0.353200 0.096200
vt 0.398900 0.132000
vt 0.422600 0.144600
vt 0.374200 0.112900
vt 0.474200 0.169800
vt 0.457500 0.506800
vt 0.580400 0.571400
vt 0.580400 0.506800
vt 0.457500 0.538100
vt 0.580400 0.637600
vt 0.457500 0.476400
vt 0.580400 0.434200
vt 0.436500 0.570000
vt 0.434400 0.542600
vt 0.308000 0.627500
vt 0.241500 0.651300
vt 0.047300 0.684700
vt 0.291800 0.789800
vt 0.318100 0.838300
vt 0.285900 0.729900
vt 0.302800 0.663800
vt 0.375500 0.641500
vt 0.179600 0.937400
vt 0.388100 0.783600
vt 0.486600 0.793500
vt 0.392300 0.816700
vt 0.484800 0.747000
vt 0.486000 0.774700
vt 0.419000 0.689700
vt 0.382500 0.731700
vt 0.428900 0.658500
vt 0.479900 0.706200
vt 0.434600 0.605500
vt 0.487600 0.682900
vt 0.427000 0.872700
vt 0.493400 0.832900
vt 0.550000 0.798500
vt 0.622200 0.791700
vt 0.623800 0.810800
vt 0.550900 0.780700
vt 0.617800 0.767700
vt 0.553700 0.760800
vt 0.607000 0.740800
vt 0.567100 0.729100
vt 0.614600 0.715100
vt 0.579500 0.669600
vt 0.574500 0.703700
vt 0.597000 0.847000
vt 0.549000 0.834400
vt 0.723000 0.862900
vt 0.757600 0.852200
vt 0.771100 0.884200
vt 0.734300 0.846900
vt 0.735500 0.825800
vt 0.696000 0.853500
vt 0.676000 0.840900
vt 0.710000 0.824400
vt 0.634700 0.907000
vt 0.621900 0.934200
vt 0.614600 0.912200
vt 0.773300 0.857600
vt 0.781400 0.879200
vt 0.742900 0.821500
vt 0.707100 0.816400
vt 0.657800 0.879800
vt 0.664600 0.834600
vt 0.732800 0.956300
vt 0.766100 0.973200
vt 0.739900 0.983800
vt 0.707600 0.874200
vt 0.753100 0.910600
vt 0.707700 0.924900
vt 0.364000 0.674800
vt 0.694100 0.955800
vt 0.673200 0.971000
vt 0.678700 0.951700
vt 0.781400 0.926300
vt 0.806700 0.929700
vt 0.795000 0.944300
vt 0.673700 0.916000
vt 0.655500 0.940700
vt 0.640800 0.922900
vt 0.603000 0.858100
vt 0.619000 0.892600
vt 0.603700 0.890800
vt 0.645200 0.871600
vt 0.635900 0.863100
vt 0.753500 0.949300
vt 0.763400 0.933900
vt 0.798400 0.955400
vt 0.774000 0.967000
vt 0.773700 0.943200
vt 0.716100 0.956800
vt 0.626400 0.971300
vt 0.663100 0.970700
vt 0.657400 0.980500
vt 0.788100 0.918700
vt 0.835200 0.885700
vt 0.813400 0.919500
vt 0.797900 0.877800
vt 0.516700 0.957800
vt 0.518900 0.902100
vt 0.556600 0.921000
vt 0.480900 0.963400
vt 0.501500 0.917400
vt 0.258700 0.101500
vt 0.277600 0.131800
vt 0.278400 0.132900
vt 0.596100 0.904100
vt 0.784000 0.971600
vt 0.788100 0.986500
vt 0.668100 0.989600
vt 0.828000 0.920500
vt 0.835900 0.937400
vt 0.522800 0.879400
vt 0.532400 0.892300
vt 0.547500 0.979100
vt 0.552200 0.966100
vt 0.561800 0.971500
vt 0.562700 0.943100
vt 0.567300 0.942800
vt 0.565500 0.917900
vt 0.556400 0.897600
vt 0.570900 0.916200
vt 0.551600 0.899900
vt 0.537400 0.881000
vt 0.553000 0.945200
vt 0.543500 0.903800
vt 0.541800 0.962200
vt 0.509300 0.972100
vt 0.462000 0.969100
vt 0.469800 0.931400
vt 0.454600 0.933700
vt 0.489000 0.907700
vt 0.848900 0.892700
vt 0.813000 0.960500
vt 0.632100 0.986000
vt 0.591500 0.864100
vt 0.357000 0.371000
vt 0.305500 0.341400
vt 0.397700 0.658200
vt 0.393400 0.673500
vt 0.721700 0.595200
vt 0.721700 0.404900
vt 0.580400 0.378400
vt 0.640700 0.795900
vt 0.638700 0.770200
vt 0.636100 0.752700
vt 0.644900 0.722600
vt 0.659700 0.703600
vt 0.640400 0.699700
vt 0.623300 0.848500
vt 0.617000 0.836400
vt 0.633800 0.688700
vt 0.652400 0.692400
vt 0.643400 0.673800
vt 0.653300 0.687100
vt 0.653300 0.675900
vt 0.654300 0.682400
vt 0.659600 0.687400
vt 0.659100 0.694100
vt 0.658900 0.680900
vt 0.544100 0.722900
vt 0.514200 0.650700
vt 0.552000 0.698400
vt 0.560800 0.706000
vt 0.556200 0.720700
vt 0.635200 0.847200
vt 0.316400 0.320300
vt 0.367100 0.346700
vt 0.331400 0.349900
vt 0.341300 0.329100
vt 0.540400 0.319200
vt 0.550500 0.279400
vt 0.587500 0.306700
vt 0.525000 0.290400
vt 0.509600 0.282000
vt 0.510000 0.336400
vt 0.472500 0.342400
vt 0.487800 0.310000
vt 0.511400 0.050300
vt 0.530700 0.075000
vt 0.516000 0.077200
vt 0.565200 0.269500
vt 0.596700 0.297600
vt 0.514000 0.269300
vt 0.472700 0.292200
vt 0.483700 0.293500
vt 0.477000 0.387500
vt 0.458500 0.344100
vt 0.689800 0.159800
vt 0.663400 0.182900
vt 0.660100 0.168300
vt 0.530700 0.335400
vt 0.577800 0.346100
vt 0.557600 0.368200
vt 0.533500 0.382200
vt 0.492300 0.382200
vt 0.643300 0.077200
vt 0.615500 0.098800
vt 0.626600 0.069400
vt 0.681500 0.277600
vt 0.650100 0.274900
vt 0.659500 0.262500
vt 0.517400 0.021900
vt 0.483500 0.020000
vt 0.565600 0.069200
vt 0.530800 0.046700
vt 0.561100 0.041900
vt 0.528400 0.110900
vt 0.509600 0.087600
vt 0.534000 0.083000
vt 0.467800 0.067100
vt 0.472800 0.082300
vt 0.721900 0.161300
vt 0.693900 0.180200
vt 0.679500 0.220500
vt 0.702600 0.212800
vt 0.625700 0.177500
vt 0.655200 0.190700
vt 0.625000 0.204400
vt 0.658400 0.132000
vt 0.649700 0.046500
vt 0.630100 0.039500
vt 0.663100 0.113000
vt 0.674900 0.085600
vt 0.610700 0.136000
vt 0.606400 0.104500
vt 0.626900 0.112400
vt 0.584600 0.073400
vt 0.693800 0.301100
vt 0.668300 0.291700
vt 0.642700 0.326200
vt 0.654600 0.330000
vt 0.628100 0.246900
vt 0.639000 0.275800
vt 0.605900 0.267400
vt 0.688600 0.241800
vt 0.560700 0.218400
vt 0.533000 0.162700
vt 0.580300 0.160800
vt 0.528600 0.243100
vt 0.524400 0.187200
vt 0.651300 0.166700
vt 0.627400 0.103700
vt 0.655600 0.256000
vt 0.524200 0.138600
vt 0.540700 0.145800
vt 0.602000 0.223000
vt 0.599600 0.207700
vt 0.611800 0.208200
vt 0.598100 0.179500
vt 0.602700 0.176700
vt 0.587400 0.153100
vt 0.568100 0.137800
vt 0.591900 0.148700
vt 0.563900 0.142600
vt 0.539400 0.132100
vt 0.566700 0.137900
vt 0.589500 0.186600
vt 0.558100 0.150900
vt 0.587600 0.209400
vt 0.560900 0.236400
vt 0.518200 0.256200
vt 0.500800 0.218000
vt 0.487900 0.229200
vt 0.507000 0.184800
vt 0.375500 0.042100
vt 0.460700 0.112600
vt 0.431000 0.096300
vt 0.395000 0.066500
vt 0.408600 0.076500
vt 0.491600 0.126500
vt 0.402800 0.505400
vt 0.414200 0.490100
vt 0.436200 0.515200
vt 0.377900 0.497400
vt 0.357300 0.492300
vt 0.389600 0.476600
vt 0.400400 0.524900
vt 0.399800 0.516600
vt 0.371400 0.528100
vt 0.371400 0.515500
vt 0.350000 0.514000
vt 0.406400 0.536200
vt 0.354900 0.550600
vt 0.378500 0.547300
vt 0.368000 0.469500
vt 0.349700 0.529800
vt 0.457500 0.444800
vt 0.721700 0.691200
vt 0.277500 0.585700
vt 0.014800 0.366100
vt 0.457500 0.574300
vt 0.642700 0.943500
vt 0.721700 0.506800
vt 0.638400 0.812700
vt 0.664900 0.707900
vt 0.504600 0.121400
vt 0.726500 0.183600
vt 0.687700 0.126300
vt 0.587400 0.131500
vt 0.601400 0.051900
vt 0.678800 0.331000
vt 0.704200 0.261100
vt 0.469000 0.052100
vt 0.630700 0.312800
vt 0.668700 0.224200
vt 0.657900 0.122900
vt 0.566500 0.079500
vt 0.368600 0.024200
vt 0.441200 0.109400
vt 0.762200 0.086700
vt 0.762200 0.126800
vt 0.742500 0.121100
vt 0.727800 0.106500
vt 0.722100 0.086700
vt 0.727800 0.067000
vt 0.742500 0.052400
vt 0.762200 0.046700
vt 0.782000 0.052400
vt 0.796600 0.067000
vt 0.802300 0.086700
vt 0.796600 0.106500
vt 0.782000 0.121100
vt 0.762200 0.145700
vt 0.738600 0.128200
vt 0.762200 0.135400
vt 0.712500 0.114800
vt 0.720700 0.110400
vt 0.703300 0.086700
vt 0.713600 0.086700
vt 0.720700 0.063100
vt 0.734100 0.037000
vt 0.738600 0.045300
vt 0.762200 0.038100
vt 0.790300 0.037000
vt 0.785800 0.045300
vt 0.811900 0.058700
vt 0.803700 0.063100
vt 0.810800 0.086700
vt 0.811900 0.114800
vt 0.803700 0.110400
vt 0.785800 0.128200
vt 0.728300 0.144500
vt 0.734100 0.136500
vt 0.704500 0.120700
vt 0.690300 0.086700
vt 0.712500 0.058700
vt 0.704500 0.052800
vt 0.728300 0.029000
vt 0.762200 0.027800
vt 0.762200 0.014800
vt 0.820000 0.052800
vt 0.834200 0.086700
vt 0.821100 0.086700
vt 0.820000 0.120700
vt 0.796200 0.144500
vt 0.790300 0.136500
vt 0.762200 0.158700
vt 0.722600 0.139400
vt 0.721200 0.132600
vt 0.727600 0.135300
vt 0.713100 0.131300
vt 0.716600 0.128000
vt 0.709800 0.126600
vt 0.713900 0.121600
vt 0.713600 0.052500
vt 0.712800 0.042800
vt 0.716300 0.046100
vt 0.717600 0.038100
vt 0.720800 0.041600
vt 0.722200 0.034800
vt 0.727300 0.038900
vt 0.798300 0.039100
vt 0.808100 0.038300
vt 0.804800 0.041800
vt 0.809300 0.046300
vt 0.812800 0.043100
vt 0.812000 0.052800
vt 0.815300 0.126100
vt 0.808500 0.127500
vt 0.811200 0.121000
vt 0.812000 0.130800
vt 0.804000 0.132000
vt 0.807200 0.135500
vt 0.797500 0.134700
vt 0.796200 0.029000
vt 0.717900 0.136100
vt 0.709500 0.047500
vt 0.803400 0.035000
vt 0.031400 0.915800
vt 0.099800 0.918200
vt 0.024300 0.992900
vt 0.137900 0.990400
vt 0.068300 0.889300
vt 0.979100 0.021300
vt 0.883900 0.114400
vt 0.979100 0.178600
vt 0.773100 0.421200
vt 0.777200 0.405900
vt 0.781400 0.411900
vt 0.770700 0.427800
vt 0.765300 0.419400
vt 0.807800 0.285700
vt 0.802600 0.269400
vt 0.811600 0.269300
vt 0.798700 0.287300
vt 0.780400 0.270000
vt 0.812800 0.324600
vt 0.794300 0.304400
vt 0.817200 0.307500
vt 0.789400 0.322500
vt 0.778200 0.301300
vt 0.897800 0.468200
vt 0.872300 0.498100
vt 0.905600 0.501900
vt 0.888300 0.437900
vt 0.867500 0.473000
vt 0.937000 0.500600
vt 0.986100 0.547200
vt 0.975400 0.488300
vt 0.938200 0.586400
vt 0.992600 0.594000
vt 0.872300 0.535000
vt 0.905800 0.538700
vt 0.932200 0.309300
vt 0.960800 0.260100
vt 0.972600 0.301900
vt 0.989900 0.629300
vt 0.923100 0.644300
vt 0.982200 0.664600
vt 0.876300 0.290900
vt 0.871400 0.326600
vt 0.854800 0.311600
vt 0.969700 0.710200
vt 0.890200 0.725500
vt 0.953700 0.763500
vt 0.814900 0.227600
vt 0.788300 0.225000
vt 0.829200 0.194400
vt 0.773400 0.350200
vt 0.770600 0.374600
vt 0.757300 0.372200
vt 0.756200 0.346100
vt 0.744000 0.368800
vt 0.824600 0.367000
vt 0.859600 0.352100
vt 0.830600 0.378100
vt 0.791600 0.352300
vt 0.771400 0.318000
vt 0.853600 0.342500
vt 0.879500 0.335800
vt 0.754600 0.404700
vt 0.740600 0.404100
vt 0.751100 0.401200
vt 0.754700 0.412400
vt 0.733800 0.406800
vt 0.786800 0.382200
vt 0.763900 0.401200
vt 0.759300 0.394000
vt 0.746700 0.392400
vt 0.735900 0.391300
vt 0.794000 0.389600
vt 0.803300 0.398800
vt 0.926700 0.458500
vt 0.767900 0.455300
vt 0.745300 0.471700
vt 0.769500 0.463900
vt 0.765900 0.449500
vt 0.738000 0.465800
vt 0.781900 0.461200
vt 0.781100 0.451300
vt 0.768000 0.481000
vt 0.815700 0.485200
vt 0.845400 0.473100
vt 0.812700 0.468600
vt 0.840900 0.449700
vt 0.811200 0.452400
vt 0.812000 0.502000
vt 0.849200 0.494200
vt 0.783700 0.470600
vt 0.833200 0.330800
vt 0.898300 0.300100
vt 0.903200 0.320700
vt 0.860800 0.445700
vt 0.843500 0.519000
vt 0.893900 0.205500
vt 0.871400 0.257200
vt 0.858700 0.242600
vt 0.760800 0.411000
vt 0.759900 0.420700
vt 0.751200 0.421000
vt 0.919100 0.281200
vt 0.945100 0.235900
vt 0.812700 0.359200
vt 0.891100 0.269800
vt 0.818100 0.285800
vt 0.826800 0.270400
vt 0.840500 0.230800
vt 0.928800 0.211500
vt 0.870700 0.273900
vt 0.824900 0.307100
vt 0.864100 0.292100
vt 0.854300 0.278300
vt 0.834100 0.287000
vt 0.851400 0.271000
vt 0.859800 0.274500
vt 0.854700 0.532200
vt 0.922400 0.328000
vt 0.902700 0.335600
vt 0.880000 0.347700
vt 0.858900 0.363500
vt 0.833400 0.387000
vt 0.803400 0.406800
vt 0.785200 0.413200
vt 0.835600 0.525800
vt 0.805500 0.507500
vt 0.747300 0.476000
vt 0.765800 0.483700
vt 0.741100 0.472800
vt 0.821000 0.538000
vt 0.822100 0.589700
vt 0.850800 0.568600
vt 0.796200 0.513400
vt 0.796800 0.556300
vt 0.760800 0.488900
vt 0.777400 0.530000
vt 0.735900 0.482800
vt 0.743100 0.477100
vt 0.733400 0.474600
vt 0.763100 0.425300
vt 0.872200 0.669600
vt 0.862600 0.714200
vt 0.885700 0.623100
vt 0.879400 0.161200
vt 0.910100 0.193100
vt 0.806200 0.186100
vt 0.827400 0.153400
vt 0.817500 0.699900
vt 0.832200 0.659700
vt 0.794000 0.674500
vt 0.827700 0.619000
vt 0.776400 0.638300
vt 0.919900 0.392700
vt 0.887300 0.361500
vt 0.911100 0.352800
vt 0.896200 0.397300
vt 0.865200 0.374900
vt 0.874500 0.403300
vt 0.837800 0.398500
vt 0.844100 0.417400
vt 0.808900 0.416300
vt 0.811700 0.428900
vt 0.785500 0.423100
vt 0.963300 0.384300
vt 0.955600 0.343400
vt 0.778900 0.422000
vt 0.785300 0.432400
vt 0.864200 0.193200
vt 0.844800 0.121200
vt 0.850300 0.158000
vt 0.889100 0.155300
vt 0.817200 0.146900
vt 0.863600 0.617200
vt 0.779000 0.285700
vt 0.842000 0.295400
vt 0.838500 0.289100
vt 0.860600 0.286000
vt 0.847200 0.298000
vt 0.851800 0.304100
vt 0.868100 0.276900
vt 0.856500 0.281900
vt 0.860500 0.279900
vt 0.776800 0.430400
vt 0.795700 0.180300
vt 0.940200 0.542300
vt 0.899200 0.574900
vt 0.931900 0.615600
vt 0.973600 0.437300
vt 0.914200 0.427600
vt 0.891600 0.598600
vt 0.907300 0.680700
vt 0.734000 0.463200
vt 0.760000 0.424600
vt 0.750900 0.498600
vt 0.844800 0.105400
vt 0.831200 0.303900
vt 0.952800 0.766600
vt 0.721700 0.324300
vt 0.673200 0.784100
vt 0.842800 0.760700
vt 0.671600 0.758000
vt 0.849200 0.788100
vt 0.845100 0.775100
vt 0.845100 0.744600
vt 0.673300 0.729300
vt 0.849000 0.730800
vt 0.676100 0.704100
vt 0.872600 0.760200
vt 0.675800 0.808500
vt 0.277500 0.041100
vt 0.252200 0.043900
vt 0.249000 0.029600
vt 0.267400 0.047900
vt 0.252800 0.051300
vt 0.267400 0.044600
vt 0.277600 0.049500
vt 0.246800 0.043900
vt 0.240400 0.028100
vt 0.257600 0.014500
vt 0.266800 0.080500
vt 0.251800 0.068200
vt 0.288700 0.034900
vt 0.289200 0.053300
vt 0.203700 0.064100
vt 0.182900 0.076300
vt 0.185000 0.056500
vt 0.181100 0.084900
vt 0.174300 0.073500
vt 0.217000 0.042400
vt 0.204400 0.053100
vt 0.184900 0.040400
vt 0.166400 0.083300
vt 0.181700 0.111000
vt 0.165900 0.112100
vt 0.217000 0.074200
vt 0.217000 0.065600
vt 0.217000 0.050700
vt 0.184100 0.006000
vt 0.217000 0.018100
vt 0.217000 0.104300
vt 0.181200 0.029700
vt 0.111900 0.069900
vt 0.141200 0.082100
vt 0.137800 0.095200
vt 0.122600 0.068300
vt 0.147900 0.062600
vt 0.112600 0.060800
vt 0.122700 0.061000
vt 0.142900 0.041500
vt 0.149100 0.100200
vt 0.150500 0.083500
vt 0.123000 0.108100
vt 0.142900 0.026400
vt 0.096800 0.055500
vt 0.124800 0.013200
vt 0.096300 0.075400
vt 0.057800 0.022800
vt 0.066900 0.045500
vt 0.062400 0.049800
vt 0.054900 0.049800
vt 0.049600 0.045500
vt 0.074400 0.120800
vt 0.111700 0.157600
vt 0.086100 0.189500
vt 0.047000 0.120800
vt 0.009000 0.157600
vt 0.028200 0.103500
vt 0.039500 0.189500
vt 0.077000 0.071500
vt 0.067700 0.080900
vt 0.039900 0.071500
vt 0.051400 0.080900
vt 0.089700 0.103500
vt 0.247500 0.010300
vt 0.137000 0.118900
vt 0.936500 0.942800
vt 0.959000 0.894100
vt 0.935100 0.886900
vt 0.940500 0.970800
vt 0.935700 0.963000
vt 0.934600 0.966800
vt 0.927200 0.941300
vt 0.918600 0.884600
vt 0.932700 0.965400
vt 0.930800 0.963500
vt 0.943600 0.966100
vt 0.964800 0.863300
vt 0.930300 0.851100
vt 0.916900 0.847000
vt 0.980500 0.810200
vt 0.935300 0.794200
vt 0.916400 0.788600
vt 0.877000 0.903300
vt 0.912600 0.945700
vt 0.897200 0.890300
vt 0.911700 0.975200
vt 0.924000 0.972900
vt 0.919500 0.969300
vt 0.918100 0.943100
vt 0.908200 0.885300
vt 0.926400 0.971400
vt 0.922700 0.967400
vt 0.895300 0.957900
vt 0.863600 0.871900
vt 0.895200 0.853400
vt 0.907700 0.847300
vt 0.847600 0.822600
vt 0.889900 0.797700
vt 0.907000 0.788800
vt 0.934200 0.978400
vt 0.928500 0.973500
vt 0.954300 0.948800
vt 0.918100 0.977400
vt 0.690900 0.976700
vt 0.680200 0.233200
vt 0.647600 0.135000
vt 0.578700 0.081300
vt 0.816100 0.047700
vt 0.802600 0.138800
vt 0.137800 0.915400
vt 0.846400 0.033500
vt 0.985400 0.388300
vt 0.818000 0.707900
vt 0.986500 0.384100
s 1
usemtl Wolf
f 1/1/1 3/2/2 4/3/3
f 6/4/4 8/5/5 5/6/6
f 9/7/7 7/8/8 6/4/4
f 11/9/9 10/10/10 9/7/7
f 13/11/11 12/12/12 11/9/9
f 15/13/13 17/14/14 18/15/15
f 20/16/16 22/17/17 19/18/18
f 21/19/19 24/20/20 22/17/17
f 25/21/21 27/22/22 16/23/23
f 24/20/20 28/24/24 29/25/25
f 29/25/25 30/26/26 31/27/27
f 33/28/28 31/27/27 32/29/29
f 31/27/27 34/30/30 32/29/29
f 36/31/31 32/29/29 35/32/32
f 32/29/29 37/33/33 35/32/32
f 15/13/13 39/34/34 16/23/23
f 22/17/17 40/35/35 41/36/36
f 16/23/23 42/37/37 25/21/21
f 24/20/20 43/38/38 40/35/35
f 25/21/21 44/39/39 31/27/27
f 29/25/25 44/39/39 43/38/38
f 45/40/40 47/41/41 48/42/42
f 50/43/43 52/44/44 49/45/45
f 47/41/41 54/46/46 48/42/42
f 55/47/47 50/43/43 49/45/45
f 54/46/46 57/48/48 58/49/49
f 57/48/48 55/47/47 58/49/49
f 46/50/50 60/51/51 47/41/41
f 50/43/43 62/52/52 51/53/53
f 53/54/54 60/51/51 63/55/55
f 50/43/43 64/56/56 61/57/57
f 57/48/48 63/55/55 65/58/58
f 56/59/59 65/58/58 64/56/56
f 38/60/60 66/61/61 39/34/34
f 40/35/35 67/62/62 41/36/36
f 39/34/34 68/63/63 42/37/37
f 69/64/64 40/35/35 43/38/38
f 42/37/37 70/65/65 44/39/39
f 70/65/65 43/38/38 44/39/39
f 33/28/28 26/66/66 25/21/21
f 36/31/31 71/67/67 33/28/28
f 22/17/17 18/68/15 19/18/18
f 22/17/17 38/69/60 15/70/13
f 45/71/40 51/53/53 46/72/50
f 51/53/53 59/73/68 46/72/50
f 16/23/23 73/74/69 17/14/14
f 74/75/70 75/76/71 76/77/72
f 61/57/57 78/78/73 62/52/52
f 79/79/74 76/77/72 80/80/75
f 61/57/57 81/81/76 77/82/77
f 65/58/58 80/80/75 82/83/78
f 64/56/56 82/83/78 81/81/76
f 62/52/52 75/84/71 59/73/68
f 26/85/66 83/86/79 84/87/80
f 71/88/67 85/89/81 83/86/79
f 27/90/22 84/87/80 86/91/82
f 3/92/2 20/16/16 4/93/3
f 87/94/83 21/19/19 3/92/2
f 28/24/24 87/94/83 88/95/84
f 30/26/26 88/95/84 10/10/10
f 12/12/12 30/26/26 10/10/10
f 14/96/85 34/30/30 12/12/12
f 8/5/5 89/97/86 90/98/87
f 7/8/8 91/99/88 89/97/86
f 88/95/84 91/99/88 10/10/10
f 88/95/84 87/94/83 92/100/89
f 3/92/2 94/101/90 87/94/83
f 3/2/2 2/102/91 90/98/87
f 96/103/92 98/104/93 95/105/94
f 96/103/92 100/106/95 97/107/96
f 101/108/97 100/106/95 99/109/98
f 103/110/99 102/111/100 101/108/97
f 93/112/101 104/113/102 103/110/99
f 93/114/101 98/104/93 105/115/103
f 106/116/104 108/117/105 109/118/106
f 107/119/107 111/120/108 108/117/105
f 110/121/109 113/122/110 111/120/108
f 112/123/111 115/124/112 113/122/110
f 116/125/113 115/124/112 114/126/114
f 106/116/104 117/127/115 116/128/113
f 118/129/116 120/130/117 121/131/118
f 119/132/119 122/133/120 120/130/117
f 124/134/121 126/135/122 123/136/123
f 127/137/124 129/138/125 130/139/126
f 121/131/118 131/140/127 132/141/128
f 120/130/117 133/142/129 131/140/127
f 122/133/120 134/143/130 133/142/129
f 126/135/122 134/143/130 123/136/123
f 125/144/131 135/145/132 126/135/122
f 137/146/133 139/147/134 140/148/135
f 141/149/136 142/150/137 143/151/138
f 141/149/136 125/144/131 124/134/121
f 96/103/92 90/98/87 89/97/86
f 99/109/98 89/97/86 91/99/88
f 145/152/139 91/99/88 92/100/89
f 95/105/94 3/2/2 90/98/87
f 87/94/83 145/152/139 92/100/89
f 147/153/140 149/154/141 146/155/142
f 150/156/143 152/157/144 153/158/145
f 118/129/116 142/150/137 141/149/136
f 141/149/136 143/151/138 144/159/146
f 144/159/146 127/137/124 125/144/131
f 154/160/147 128/161/148 144/159/146
f 155/162/149 157/163/150 158/164/151
f 136/165/152 157/163/150 156/166/153
f 143/151/138 138/167/154 137/146/133
f 159/168/155 138/167/154 142/150/137
f 161/169/156 163/170/157 160/171/158
f 164/172/159 137/146/133 140/148/135
f 143/151/138 146/155/142 144/159/146
f 164/172/159 147/153/140 143/151/138
f 161/173/156 165/174/160 166/175/161
f 154/160/147 146/155/142 149/154/141
f 142/150/137 151/176/162 150/156/143
f 132/141/128 151/176/162 121/131/118
f 160/177/158 169/178/163 167/179/164
f 159/168/155 150/156/143 153/158/145
f 171/180/165 173/181/166 175/182/167
f 177/183/168 172/184/169 171/180/165
f 63/55/55 79/79/74 65/58/58
f 59/185/68 180/186/170 60/51/51
f 180/186/170 63/55/55 60/51/51
f 180/186/170 79/79/74 179/187/171
f 2/102/91 8/5/5 90/98/87
f 158/164/151 130/139/126 129/188/125
f 139/147/134 162/189/172 140/190/135
f 166/175/161 149/154/141 148/191/173
f 152/157/144 168/192/174 153/193/145
f 136/194/152 181/195/175 173/181/166
f 132/196/128 182/197/176 167/198/164
f 167/198/164 183/199/177 160/200/158
f 184/201/178 155/202/149 161/203/156
f 160/200/158 184/201/178 161/203/156
f 185/204/179 156/205/153 155/202/149
f 182/197/176 176/206/180 183/199/177
f 175/182/167 185/204/179 184/201/178
f 183/199/177 175/182/167 184/201/178
f 174/207/181 181/195/175 185/204/179
f 136/194/152 156/205/153 181/195/175
f 132/196/128 170/208/182 182/197/176
f 177/183/168 131/209/127 133/210/129
f 178/211/183 133/210/129 134/212/130
f 135/213/132 178/211/183 134/212/130
f 173/181/166 135/213/132 136/194/152
f 136/165/152 127/137/124 130/139/126
f 131/209/127 170/208/182 132/196/128
f 132/141/128 169/178/163 152/157/144
f 168/192/174 159/214/155 153/193/145
f 159/168/155 163/170/157 139/147/134
f 162/189/172 164/215/159 140/190/135
f 164/216/159 166/175/161 148/191/173
f 165/174/160 154/160/147 149/154/141
f 154/217/147 158/164/151 129/188/125
f 38/60/60 48/42/42 66/61/61
f 67/62/62 187/218/184 41/36/36
f 66/61/61 54/46/46 68/63/63
f 188/219/185 67/62/62 69/64/64
f 54/46/46 70/65/65 68/63/63
f 58/49/49 69/64/64 70/65/65
f 41/36/36 45/71/40 38/69/60
f 145/152/139 101/108/97 99/109/98
f 94/101/90 103/110/99 190/220/186
f 94/101/90 189/221/187 145/152/139
f 190/220/186 101/108/97 189/221/187
f 191/222/188 84/87/80 83/86/79
f 193/223/189 195/224/190 86/91/82
f 84/87/80 193/223/189 86/91/82
f 118/225/116 109/118/106 108/117/105
f 119/226/119 108/117/105 111/120/108
f 122/227/120 111/120/108 113/122/110
f 123/228/123 113/122/110 115/124/112
f 196/229/191 115/124/112 197/230/192
f 109/118/106 196/231/191 198/232/193
f 117/233/115 200/234/194 197/230/192
f 198/235/193 199/236/195 117/233/115
f 200/234/194 196/229/191 197/230/192
f 196/237/191 201/238/196 198/235/193
f 199/236/195 203/239/197 200/234/194
f 201/238/196 203/239/197 199/236/195
f 200/234/194 203/239/197 202/240/198
f 202/241/198 203/239/197 201/238/196
f 97/107/96 106/116/104 98/104/93
f 100/106/95 107/119/107 97/107/96
f 204/242/199 100/106/95 102/111/100
f 104/113/102 204/242/199 102/111/100
f 105/243/103 205/244/200 104/113/102
f 106/116/104 105/115/103 98/104/93
f 204/242/199 112/123/111 110/121/109
f 205/244/200 114/126/114 207/245/201
f 205/244/200 206/246/202 204/242/199
f 207/245/201 112/123/111 206/246/202
f 109/118/106 198/232/193 117/127/115
f 109/118/106 124/247/121 196/231/191
f 117/233/115 197/230/192 115/124/112
f 196/229/191 123/228/123 115/124/112
f 208/248/203 58/49/49 55/47/47
f 45/71/40 209/249/204 52/44/44
f 186/250/205 209/249/204 187/218/184
f 208/248/203 186/250/205 188/219/185
f 49/45/45 209/249/204 210/251/206
f 55/47/47 210/251/206 208/248/203
f 211/252/207 213/253/208 214/254/209
f 212/255/210 215/256/211 213/253/208
f 217/257/212 219/258/213 216/259/214
f 220/260/215 222/261/216 223/262/217
f 214/254/209 224/263/218 225/264/219
f 213/253/208 226/265/220 224/263/218
f 215/256/211 228/266/221 226/265/220
f 219/258/213 228/266/221 227/267/222
f 219/258/213 230/268/223 229/269/224
f 231/270/133 233/271/134 234/272/135
f 235/273/225 236/274/226 237/275/227
f 217/257/212 238/276/228 218/277/229
f 240/278/140 242/279/230 239/280/142
f 243/281/231 245/282/232 246/283/233
f 211/252/207 236/274/226 235/273/225
f 235/273/225 237/275/227 238/276/228
f 238/284/228 220/260/215 218/285/229
f 247/286/147 221/287/234 238/288/228
f 248/289/149 250/290/235 251/291/236
f 230/292/223 250/290/235 249/293/237
f 237/294/227 232/295/154 231/270/133
f 252/296/155 232/295/154 236/297/226
f 254/298/156 256/299/238 253/300/158
f 257/301/159 231/270/133 234/272/135
f 237/302/227 239/280/142 238/303/228
f 257/304/159 240/278/140 237/305/227
f 254/306/156 258/307/160 259/308/161
f 247/309/147 239/280/142 242/279/230
f 236/310/226 244/311/239 243/281/231
f 225/312/219 244/311/239 214/313/209
f 253/314/158 262/315/240 260/316/241
f 252/317/155 243/281/231 246/283/233
f 264/318/165 266/319/166 268/320/167
f 270/321/242 265/322/169 264/318/165
f 251/291/236 223/262/217 222/261/216
f 233/271/134 255/323/243 234/272/135
f 259/308/161 242/279/230 241/324/173
f 245/282/232 261/325/244 246/283/233
f 230/326/223 272/327/245 266/319/166
f 225/328/219 273/329/176 260/330/241
f 260/330/241 274/331/177 253/332/158
f 275/333/178 248/334/149 254/335/156
f 253/332/158 275/333/178 254/335/156
f 276/336/179 249/337/237 248/338/149
f 273/329/176 269/339/180 274/331/177
f 268/320/167 276/336/179 275/333/178
f 274/331/177 268/320/167 275/333/178
f 267/340/181 272/327/245 276/336/179
f 230/326/223 249/337/237 272/327/245
f 225/328/219 263/341/182 273/329/176
f 270/321/242 224/342/218 226/343/220
f 271/344/183 226/343/220 228/345/221
f 229/346/224 271/344/183 228/345/221
f 266/319/166 229/346/224 230/326/223
f 230/292/223 220/260/215 223/262/217
f 224/342/218 263/341/182 225/328/219
f 225/312/219 262/315/240 245/282/232
f 261/325/244 252/317/155 246/283/233
f 252/296/155 256/299/238 233/271/134
f 255/323/243 257/301/159 234/272/135
f 257/304/159 259/308/161 241/324/173
f 258/307/160 247/309/147 242/279/230
f 247/286/147 251/291/236 222/261/216
f 219/258/213 227/267/222 216/259/214
f 75/76/71 227/347/222 76/77/72
f 77/82/77 217/348/212 78/78/73
f 227/347/222 80/80/75 76/77/72
f 211/349/207 77/82/77 81/81/76
f 215/350/211 82/83/78 80/80/75
f 212/351/210 81/81/76 82/83/78
f 78/78/73 216/352/214 75/84/71
f 277/353/246 278/354/247 279/355/248
f 280/356/249 278/354/247 277/353/246
f 282/357/250 281/358/251 280/356/249
f 279/355/248 284/359/252 285/360/253
f 285/360/253 286/361/254 287/362/255
f 286/361/254 289/363/256 287/362/255
f 279/355/248 278/364/247 284/359/252
f 278/364/247 286/361/254 284/359/252
f 283/365/257 286/361/254 281/366/251
f 282/357/250 287/362/255 289/363/256
f 277/353/246 287/362/255 280/356/249
f 277/353/246 279/355/248 285/360/253
f 290/353/258 291/354/259 292/355/260
f 293/356/261 291/354/259 290/353/258
f 293/356/261 296/367/262 294/358/263
f 292/355/260 297/359/264 298/360/265
f 297/359/264 300/362/266 298/360/265
f 299/361/267 302/363/268 300/362/266
f 292/355/260 291/364/259 297/359/264
f 291/364/259 299/361/267 297/359/264
f 296/365/262 299/361/267 294/366/263
f 293/356/261 302/363/268 295/357/269
f 290/353/258 300/362/266 293/356/261
f 290/353/258 292/355/260 298/360/265
f 303/353/270 304/355/271 305/354/272
f 305/354/272 307/356/273 303/353/270
f 306/358/274 309/357/275 307/356/273
f 304/355/271 310/360/276 311/359/277
f 312/362/278 311/359/277 310/360/276
f 314/363/279 313/361/280 312/362/278
f 304/355/271 311/359/277 305/364/272
f 305/364/272 313/361/280 306/366/274
f 306/366/274 315/368/281 308/365/282
f 309/357/275 312/362/278 307/356/273
f 312/362/278 303/353/270 307/356/273
f 303/353/270 310/360/276 304/355/271
f 316/353/283 317/355/284 318/354/285
f 318/354/285 320/356/286 316/353/283
f 319/358/287 322/357/288 320/356/286
f 317/355/284 323/360/289 324/359/290
f 325/362/291 324/359/290 323/360/289
f 327/363/292 326/361/293 325/362/291
f 317/355/284 324/359/290 318/364/285
f 318/364/285 326/361/293 319/366/287
f 319/366/287 328/368/294 321/365/295
f 322/357/288 325/362/291 320/356/286
f 325/362/291 316/353/283 320/356/286
f 316/353/283 323/360/289 317/355/284
f 329/353/246 330/354/247 331/355/248
f 332/356/296 330/354/247 329/353/246
f 334/357/250 333/358/297 332/356/296
f 331/355/248 336/359/298 337/360/299
f 336/359/298 339/362/300 337/360/299
f 338/361/301 341/363/302 339/362/300
f 331/355/248 330/364/247 336/359/298
f 330/364/247 338/361/301 336/359/298
f 335/365/257 338/361/301 333/366/297
f 334/357/250 339/362/300 341/363/302
f 329/353/246 339/362/300 332/356/296
f 329/353/246 331/355/248 337/360/299
f 342/353/303 343/354/304 344/355/260
f 342/353/303 346/358/305 343/354/304
f 345/356/306 348/367/307 346/358/305
f 344/355/260 349/359/264 350/360/265
f 349/359/264 352/362/308 350/360/265
f 351/361/309 354/363/310 352/362/308
f 344/355/260 343/364/304 349/359/264
f 343/364/304 351/361/309 349/359/264
f 348/365/307 351/361/309 346/366/305
f 345/356/306 354/363/310 347/357/269
f 342/353/303 352/362/308 345/356/306
f 342/353/303 344/355/260 350/360/265
f 355/353/270 356/355/271 357/354/272
f 357/354/272 359/356/273 355/353/270
f 358/358/274 361/357/275 359/356/273
f 356/355/271 362/360/276 363/359/311
f 364/362/278 363/359/311 362/360/276
f 366/363/279 365/361/280 364/362/278
f 356/355/271 363/359/311 357/364/272
f 357/364/272 365/361/280 358/366/274
f 358/366/274 367/368/281 360/365/282
f 361/357/275 364/362/278 359/356/273
f 364/362/278 355/353/270 359/356/273
f 355/353/270 362/360/276 356/355/271
f 368/353/283 369/355/284 370/354/285
f 370/354/285 372/356/286 368/353/283
f 371/358/287 374/357/288 372/356/286
f 369/355/284 375/360/312 376/359/313
f 377/362/291 376/359/313 375/360/312
f 379/363/292 378/361/293 377/362/291
f 369/355/284 376/359/313 370/364/285
f 370/364/285 378/361/293 371/366/287
f 371/366/287 380/368/294 373/365/295
f 374/357/288 377/362/291 372/356/286
f 377/362/291 368/353/283 372/356/286
f 368/353/283 375/360/312 369/355/284
f 73/369/69 86/91/82 195/224/190
f 381/370/314 83/86/79 85/89/81
f 1/1/1 382/2/315 383/102/316
f 385/5/317 387/4/318 384/6/319
f 386/8/320 389/7/321 387/4/318
f 388/10/322 391/9/323 389/7/321
f 390/12/324 13/11/11 391/9/323
f 392/13/325 17/14/14 393/23/326
f 394/17/327 20/16/16 19/18/18
f 396/20/328 395/19/329 394/17/327
f 398/21/330 399/22/331 400/66/332
f 396/20/328 402/24/333 397/371/334
f 401/25/335 404/26/336 402/24/333
f 403/27/337 406/28/338 405/29/339
f 403/27/337 407/30/340 404/26/336
f 405/29/339 36/31/31 35/32/32
f 405/29/339 37/33/33 407/30/340
f 408/34/341 392/13/325 393/23/326
f 394/17/327 411/35/342 396/20/328
f 412/37/343 393/23/326 398/21/330
f 396/20/328 413/38/344 401/25/335
f 414/39/345 398/21/330 403/27/337
f 401/25/335 414/39/345 403/27/337
f 415/40/346 417/41/347 418/50/348
f 420/44/349 422/43/350 419/45/351
f 423/46/352 417/41/347 416/42/353
f 425/47/354 422/43/350 426/59/355
f 423/46/352 428/48/356 424/54/357
f 425/47/354 428/48/356 427/49/358
f 429/51/359 418/50/348 417/41/347
f 431/52/360 422/43/350 421/53/361
f 424/54/357 429/51/359 417/41/347
f 422/43/350 434/56/362 426/59/355
f 428/48/356 433/55/363 424/54/357
f 426/59/355 435/58/364 428/48/356
f 409/60/365 408/34/341 436/61/366
f 411/35/342 410/36/367 437/62/368
f 408/34/341 438/63/369 436/61/366
f 411/35/342 439/64/370 413/38/344
f 412/37/343 440/65/371 438/63/369
f 413/38/344 440/65/371 414/39/345
f 406/28/338 400/66/332 441/67/372
f 36/31/31 441/67/372 72/372/373
f 394/17/327 18/68/15 392/70/325
f 409/69/365 394/17/327 392/70/325
f 415/71/346 421/53/361 420/44/349
f 430/73/374 421/53/361 418/72/348
f 73/74/69 393/23/326 17/14/14
f 442/75/375 444/76/376 430/185/374
f 445/78/377 432/57/378 431/52/360
f 447/79/379 443/77/380 442/75/375
f 432/57/378 449/81/381 434/56/362
f 435/58/364 448/80/382 447/79/379
f 434/56/362 450/83/383 435/58/364
f 444/84/376 431/52/360 430/73/374
f 400/85/332 452/86/384 441/88/372
f 441/88/372 85/89/81 72/373/373
f 399/90/331 451/87/385 400/85/332
f 382/92/315 20/16/16 395/19/329
f 454/94/386 395/19/329 397/371/334
f 454/94/386 402/24/333 455/95/387
f 455/95/387 404/26/336 388/10/322
f 390/12/324 404/26/336 407/30/340
f 14/96/85 407/30/340 37/33/33
f 385/5/317 457/97/388 386/8/320
f 386/8/320 458/99/389 388/10/322
f 458/99/389 455/95/387 388/10/322
f 455/95/387 459/100/390 454/94/386
f 460/101/391 382/92/315 454/94/386
f 382/2/315 456/98/392 383/102/316
f 463/104/393 465/103/394 462/105/395
f 465/103/394 466/106/396 467/109/397
f 466/106/396 469/108/398 467/109/397
f 468/111/399 471/110/400 469/108/398
f 470/113/401 461/112/402 471/110/400
f 461/114/402 463/104/393 462/105/395
f 473/116/403 475/117/404 476/119/405
f 476/119/405 477/120/406 478/121/407
f 478/121/407 479/122/408 480/123/409
f 480/123/409 481/124/410 482/126/411
f 481/124/410 484/125/412 482/126/411
f 483/127/413 473/116/403 484/128/412
f 485/129/414 487/130/415 488/132/416
f 488/132/416 487/130/415 489/133/417
f 491/135/418 493/134/419 490/136/420
f 494/137/421 496/138/422 497/161/423
f 486/131/424 499/140/425 487/130/415
f 487/130/415 500/142/426 489/133/417
f 489/133/417 501/143/427 490/136/420
f 501/143/427 491/135/418 490/136/420
f 502/145/428 492/144/429 491/135/418
f 504/146/430 506/147/431 507/167/432
f 508/149/433 509/151/434 510/150/435
f 492/144/429 508/149/433 493/134/419
f 456/98/392 465/103/394 457/97/388
f 457/97/388 467/109/397 458/99/389
f 458/99/389 512/152/436 459/100/390
f 382/2/315 462/105/395 456/98/392
f 454/94/386 512/152/436 460/101/391
f 514/154/437 516/153/438 513/155/439
f 517/156/440 519/157/441 520/176/442
f 510/150/435 485/129/414 508/149/433
f 508/149/433 511/159/443 509/151/434
f 494/137/421 511/159/443 492/144/429
f 497/161/423 521/160/444 511/159/443
f 522/162/445 524/163/446 525/166/447
f 524/163/446 503/165/448 525/166/447
f 509/151/434 507/167/432 510/150/435
f 507/167/432 526/168/449 510/150/435
f 528/170/450 530/169/451 527/171/452
f 531/172/453 504/146/430 509/151/434
f 513/155/439 509/151/434 511/159/443
f 516/153/438 531/172/453 509/151/434
f 530/173/451 533/174/454 522/374/445
f 521/160/444 513/155/439 511/159/443
f 510/150/435 520/176/442 486/131/424
f 520/176/442 498/141/455 486/131/424
f 535/178/456 527/177/452 534/179/457
f 526/168/449 517/156/440 510/150/435
f 538/206/458 540/207/459 542/184/460
f 542/184/460 545/183/461 543/180/462
f 433/55/363 447/79/379 546/187/463
f 430/185/374 547/186/464 442/75/375
f 433/55/363 547/186/464 429/51/359
f 547/186/464 447/79/379 442/75/375
f 383/102/316 385/5/317 384/6/319
f 495/139/465 523/164/466 496/188/422
f 506/147/431 529/189/467 528/170/450
f 514/154/437 532/175/468 515/191/469
f 519/157/441 536/192/470 535/178/456
f 503/194/448 541/181/471 548/195/472
f 498/196/455 534/198/457 549/197/473
f 534/198/457 550/199/474 549/197/473
f 522/202/445 552/201/475 530/203/451
f 527/200/452 552/201/475 550/199/474
f 525/205/447 551/204/476 522/202/445
f 549/197/473 538/206/458 537/208/477
f 551/204/476 539/182/478 552/201/475
f 550/199/474 539/182/478 538/206/458
f 548/195/472 540/207/459 551/204/476
f 503/194/448 548/195/472 525/205/447
f 498/196/455 549/197/473 537/208/477
f 499/209/425 545/183/461 500/210/426
f 500/210/426 544/211/479 501/212/427
f 502/213/428 544/211/479 542/184/460
f 502/213/428 541/181/471 503/194/448
f 503/165/448 494/137/421 492/144/429
f 499/209/425 537/208/477 543/180/462
f 498/141/455 535/178/456 534/179/457
f 526/214/449 536/192/470 518/193/480
f 526/168/449 528/170/450 527/171/452
f 531/215/453 529/189/467 505/190/481
f 531/216/453 532/175/468 530/173/451
f 521/160/444 533/174/454 514/154/437
f 521/217/444 523/164/466 522/162/445
f 409/60/365 416/42/353 415/40/346
f 437/62/368 553/218/482 554/250/483
f 436/61/366 423/46/352 416/42/353
f 437/62/368 555/219/484 439/64/370
f 440/65/371 423/46/352 438/63/369
f 439/64/370 427/49/358 440/65/371
f 410/36/367 415/71/346 553/218/482
f 469/108/398 512/152/436 467/109/397
f 460/101/391 471/110/400 461/112/402
f 460/101/391 556/221/485 557/220/486
f 557/220/486 469/108/398 471/110/400
f 451/87/385 559/222/487 452/86/384
f 195/224/190 560/223/488 453/91/489
f 451/87/385 560/223/488 558/375/490
f 474/118/491 485/225/414 475/117/404
f 475/117/404 488/226/416 477/120/406
f 477/120/406 489/227/417 479/122/408
f 479/122/408 490/228/420 481/124/410
f 561/229/492 562/230/493 481/124/410
f 474/118/491 563/232/494 561/231/492
f 483/233/413 564/234/495 565/236/496
f 563/235/494 565/236/496 566/238/497
f 561/229/492 564/234/495 562/230/493
f 561/237/492 566/238/497 567/241/498
f 565/236/496 564/234/495 568/239/499
f 566/238/497 565/236/496 568/239/499
f 564/234/495 567/240/498 568/239/499
f 567/241/498 566/238/497 568/239/499
f 464/107/500 473/116/403 476/119/405
f 466/106/396 476/119/405 478/121/407
f 466/106/396 569/242/501 468/111/399
f 470/113/401 569/242/501 570/244/502
f 472/243/503 570/244/502 484/125/412
f 472/115/503 473/116/403 463/104/393
f 480/123/409 569/242/501 478/121/407
f 570/244/502 482/126/411 484/125/412
f 570/244/502 571/246/504 572/245/505
f 572/245/505 480/123/409 482/126/411
f 474/118/491 483/127/413 563/232/494
f 474/118/491 493/247/419 508/376/433
f 483/233/413 481/124/410 562/230/493
f 561/229/492 490/228/420 493/377/419
f 427/49/358 573/248/506 425/47/354
f 574/249/507 415/71/346 420/44/349
f 554/250/483 574/249/507 575/251/508
f 554/250/483 573/248/506 555/219/484
f 574/249/507 419/45/351 575/251/508
f 575/251/508 425/47/354 573/248/506
f 576/252/509 578/253/510 579/255/511
f 579/255/511 578/253/510 580/256/512
f 582/258/513 584/257/514 581/259/515
f 585/260/516 587/261/517 588/287/518
f 577/254/519 590/263/520 578/253/510
f 578/253/510 591/265/521 580/256/512
f 580/256/512 592/266/522 593/267/523
f 592/266/522 582/258/513 593/267/523
f 582/258/513 595/268/524 583/277/525
f 596/270/430 598/271/431 599/295/432
f 600/273/526 601/275/527 602/274/528
f 584/257/514 603/276/529 600/273/526
f 605/279/437 607/278/438 604/280/439
f 608/281/530 610/282/531 611/311/532
f 602/274/528 576/252/509 600/273/526
f 600/273/526 603/276/529 601/275/527
f 585/260/516 603/284/529 583/285/525
f 588/287/518 612/286/444 603/288/529
f 613/289/445 615/290/533 616/378/534
f 615/290/533 595/292/524 616/293/534
f 601/294/527 599/295/432 602/379/528
f 599/295/432 617/296/449 602/297/528
f 619/299/535 621/298/451 618/300/452
f 622/301/536 596/270/430 601/380/527
f 604/280/439 601/302/527 603/303/529
f 607/278/438 622/304/536 601/305/527
f 621/306/451 624/307/537 613/381/445
f 612/309/444 604/280/439 603/382/529
f 602/310/528 611/311/532 577/383/519
f 611/311/532 589/312/538 577/313/519
f 626/315/539 618/314/452 625/316/540
f 617/317/449 608/281/530 602/384/528
f 629/339/458 631/340/459 633/322/460
f 633/322/460 636/321/541 634/318/462
f 586/262/542 614/291/543 587/261/517
f 598/271/431 620/323/467 619/299/535
f 605/279/437 623/308/468 606/324/469
f 610/282/531 627/325/544 626/315/539
f 595/326/524 632/319/471 637/327/472
f 589/328/538 625/330/540 638/329/473
f 625/330/540 639/331/474 638/329/473
f 613/334/445 641/333/475 621/335/451
f 618/332/452 641/333/475 639/331/474
f 616/337/534 640/336/476 613/338/445
f 638/329/473 629/339/458 628/341/477
f 640/336/476 630/320/478 641/333/475
f 639/331/474 630/320/478 629/339/458
f 637/327/472 631/340/459 640/336/476
f 595/326/524 637/327/472 616/337/534
f 589/328/538 638/329/473 628/341/477
f 590/342/520 636/321/541 591/343/521
f 591/343/521 635/344/479 592/345/522
f 594/346/545 635/344/479 633/322/460
f 594/346/545 632/319/471 595/326/524
f 595/292/524 585/260/516 583/385/525
f 590/342/520 628/341/477 634/318/462
f 589/312/538 626/315/539 625/386/540
f 617/317/449 627/325/544 609/283/546
f 617/296/449 619/299/535 618/387/452
f 622/301/536 620/323/467 597/272/481
f 622/304/536 623/308/468 621/388/451
f 612/309/444 624/307/537 605/279/437
f 612/286/444 614/291/543 613/389/445
f 582/258/513 581/259/515 593/267/523
f 444/76/376 593/347/523 581/390/515
f 446/82/547 584/348/514 600/391/526
f 448/80/382 593/347/523 443/77/380
f 446/82/547 576/349/509 449/81/381
f 450/83/383 580/350/512 448/80/382
f 449/81/381 579/351/511 450/83/383
f 445/78/377 581/352/515 584/348/514
f 642/353/548 643/355/248 644/354/549
f 644/354/549 646/356/550 642/353/548
f 645/358/551 648/357/257 646/356/550
f 643/355/248 649/360/552 650/359/299
f 649/360/552 652/361/553 650/359/299
f 653/363/554 652/361/553 651/362/555
f 643/355/248 650/359/299 644/364/549
f 644/364/549 652/361/553 645/366/551
f 652/361/553 647/365/250 645/366/551
f 648/357/257 651/362/555 646/356/550
f 651/362/555 642/353/548 646/356/550
f 642/353/548 649/360/552 643/355/248
f 655/353/556 656/355/557 657/354/558
f 657/354/558 659/356/559 655/353/556
f 659/356/559 660/367/560 661/357/561
f 656/355/557 662/360/562 663/359/563
f 664/362/564 663/359/563 662/360/562
f 666/363/565 665/361/566 664/362/564
f 656/355/557 663/359/563 657/364/558
f 657/364/558 665/361/566 658/366/567
f 665/361/566 660/365/560 658/366/567
f 666/363/565 659/356/559 661/357/561
f 664/362/564 655/353/556 659/356/559
f 655/353/556 662/360/562 656/355/557
f 668/353/568 669/354/569 670/355/570
f 671/356/571 669/354/569 668/353/568
f 673/357/572 672/358/573 671/356/571
f 670/355/570 675/359/574 676/360/575
f 675/359/574 678/362/576 676/360/575
f 677/361/577 680/363/578 678/362/576
f 670/355/570 669/364/569 675/359/574
f 669/364/569 677/361/577 675/359/574
f 672/366/573 679/368/579 677/361/577
f 673/357/572 678/362/576 680/363/578
f 668/353/568 678/362/576 671/356/571
f 668/353/568 670/355/570 676/360/575
f 681/353/580 682/354/581 683/355/582
f 684/356/583 682/354/581 681/353/580
f 686/357/584 685/358/585 684/356/583
f 683/355/582 688/359/586 689/360/587
f 688/359/586 691/362/588 689/360/587
f 690/361/589 693/363/590 691/362/588
f 683/355/582 682/364/581 688/359/586
f 682/364/581 690/361/589 688/359/586
f 685/366/585 692/368/591 690/361/589
f 686/357/584 691/362/588 693/363/590
f 681/353/580 691/362/588 684/356/583
f 681/353/580 683/355/582 689/360/587
f 694/353/548 695/355/248 696/354/549
f 696/354/549 698/356/550 694/353/548
f 697/358/592 700/357/257 698/356/550
f 695/355/248 701/360/552 702/359/593
f 701/360/552 704/361/594 702/359/593
f 705/363/554 704/361/594 703/362/555
f 695/355/248 702/359/593 696/364/549
f 696/364/549 704/361/594 697/366/592
f 704/361/594 699/365/250 697/366/592
f 700/357/257 703/362/555 698/356/550
f 703/362/555 694/353/548 698/356/550
f 694/353/548 701/360/552 695/355/248
f 707/353/595 708/355/557 709/354/596
f 707/353/595 710/358/597 711/356/559
f 711/356/559 712/367/598 713/357/599
f 708/355/557 714/360/562 715/359/563
f 716/362/600 715/359/563 714/360/562
f 718/363/565 717/361/601 716/362/600
f 708/355/557 715/359/563 709/364/596
f 709/364/596 717/361/601 710/366/597
f 717/361/601 712/365/598 710/366/597
f 718/363/565 711/356/559 713/357/599
f 716/362/600 707/353/595 711/356/559
f 707/353/595 714/360/562 708/355/557
f 720/353/568 721/354/569 722/355/570
f 723/356/571 721/354/569 720/353/568
f 725/357/572 724/358/573 723/356/571
f 722/355/570 727/359/574 728/360/575
f 727/359/574 730/362/576 728/360/575
f 729/361/577 732/363/578 730/362/576
f 722/355/570 721/364/569 727/359/574
f 721/364/569 729/361/577 727/359/574
f 724/366/573 731/368/579 729/361/577
f 725/357/572 730/362/576 732/363/578
f 720/353/568 730/362/576 723/356/571
f 720/353/568 722/355/570 728/360/575
f 733/353/580 734/354/602 735/355/582
f 736/356/583 734/354/602 733/353/580
f 738/357/584 737/358/603 736/356/583
f 735/355/582 740/359/604 741/360/605
f 740/359/604 743/362/588 741/360/605
f 742/361/589 745/363/590 743/362/588
f 735/355/582 734/364/602 740/359/604
f 734/364/602 742/361/589 740/359/604
f 737/366/603 744/368/591 742/361/589
f 738/357/584 743/362/588 745/363/590
f 733/353/580 743/362/588 736/356/583
f 733/353/580 735/355/582 741/360/605
f 73/369/69 453/91/489 399/90/331
f 381/370/314 452/86/384 559/222/487
f 746/392/606 747/393/607 748/394/608
f 746/392/606 748/394/608 749/395/609
f 746/392/606 749/395/609 750/396/610
f 746/392/606 750/396/610 751/397/611
f 746/392/606 751/397/611 752/398/612
f 746/392/606 752/398/612 753/399/613
f 746/392/606 753/399/613 754/400/614
f 746/392/606 754/400/614 755/401/615
f 746/392/606 755/401/615 756/402/616
f 746/392/606 756/402/616 757/403/617
f 746/392/606 757/403/617 758/404/618
f 746/392/606 758/404/618 747/393/607
f 760/405/619 762/406/620 759/407/621
f 762/406/620 763/408/622 764/409/623
f 764/409/623 765/410/624 766/411/625
f 765/410/624 768/412/626 766/411/625
f 768/412/626 769/413/627 770/414/628
f 769/413/627 772/415/629 770/414/628
f 772/415/629 773/416/630 774/417/631
f 774/417/631 775/418/632 776/419/633
f 775/418/632 778/420/634 776/419/633
f 778/420/634 779/421/635 780/422/636
f 779/421/635 782/423/637 780/422/636
f 782/423/637 760/405/619 759/407/621
f 760/405/619 784/424/638 761/425/639
f 784/424/638 763/408/622 761/425/639
f 785/426/640 765/410/624 763/408/622
f 786/427/641 767/428/642 765/410/624
f 787/429/643 769/413/627 767/428/642
f 788/430/644 771/431/645 769/413/627
f 789/432/646 773/416/630 771/431/645
f 773/416/630 791/433/647 775/418/632
f 775/418/632 792/434/648 777/435/649
f 777/435/649 793/436/650 779/421/635
f 779/421/635 794/437/651 781/438/652
f 781/438/652 783/439/653 760/405/619
f 795/440/654 784/441/638 783/442/653
f 784/441/638 797/443/655 785/444/640
f 785/444/640 798/445/656 786/446/641
f 786/447/641 799/448/657 787/449/643
f 787/449/643 800/450/658 788/451/644
f 788/451/644 801/452/659 789/453/646
f 789/454/646 802/455/660 790/456/661
f 802/455/660 791/457/647 790/456/661
f 803/458/662 792/459/648 791/457/647
f 804/460/663 793/461/650 792/462/648
f 805/463/664 794/464/651 793/461/650
f 806/465/665 783/466/653 794/464/651
f 759/407/621 748/394/608 747/393/607
f 762/406/620 749/395/609 748/394/608
f 749/395/609 766/411/625 750/396/610
f 766/411/625 751/397/611 750/396/610
f 751/397/611 770/414/628 752/398/612
f 752/398/612 772/415/629 753/399/613
f 753/399/613 774/417/631 754/400/614
f 774/417/631 755/401/615 754/400/614
f 776/419/633 756/402/616 755/401/615
f 756/402/616 780/422/636 757/403/617
f 780/422/636 758/404/618 757/403/617
f 758/404/618 759/407/621 747/393/607
f 807/392/606 808/394/666 809/393/607
f 807/392/606 810/395/617 808/394/666
f 807/392/606 811/396/616 810/395/617
f 807/392/606 812/397/615 811/396/616
f 807/392/606 813/398/614 812/397/615
f 807/392/606 814/399/613 813/398/614
f 807/392/606 815/400/612 814/399/613
f 807/392/606 816/401/611 815/400/612
f 807/392/606 817/402/610 816/401/611
f 807/392/606 818/403/609 817/402/610
f 807/392/606 819/404/667 818/403/609
f 807/392/606 809/393/607 819/404/667
f 821/406/668 823/405/619 820/407/621
f 821/406/668 825/408/635 822/425/652
f 824/409/636 827/410/649 825/408/635
f 828/412/633 827/410/649 826/411/669
f 828/412/633 831/413/630 829/428/632
f 832/415/629 831/413/630 830/414/670
f 832/415/629 835/416/627 833/431/645
f 834/417/671 837/418/642 835/416/627
f 838/420/672 837/418/642 836/419/626
f 838/420/672 841/421/622 839/435/624
f 842/423/673 841/421/622 840/422/623
f 842/423/673 823/405/619 843/438/639
f 823/405/619 844/424/651 845/439/653
f 825/408/635 844/424/651 822/425/652
f 827/410/649 846/426/650 825/408/635
f 829/428/632 847/427/648 827/410/649
f 831/413/630 848/429/647 829/428/632
f 833/431/645 849/430/661 831/413/630
f 835/416/627 850/432/646 833/431/645
f 835/416/627 852/433/643 851/467/644
f 837/418/642 853/434/641 852/433/643
f 839/435/624 854/436/640 853/434/641
f 841/421/622 855/437/638 854/436/640
f 843/438/639 845/439/653 855/437/638
f 844/441/651 857/440/654 845/442/653
f 844/441/651 858/443/664 856/468/674
f 846/444/650 859/445/663 858/443/664
f 847/447/648 860/448/675 859/469/663
f 848/449/647 861/450/660 860/448/675
f 849/451/661 862/452/659 861/450/660
f 850/454/646 863/455/658 862/470/659
f 852/457/643 863/455/658 851/456/644
f 853/459/641 864/458/676 852/457/643
f 854/461/640 865/460/656 853/462/641
f 855/464/638 866/463/655 854/461/640
f 845/466/653 867/465/677 855/464/638
f 808/394/666 820/407/621 809/393/607
f 810/395/617 821/406/668 808/394/666
f 810/395/617 826/411/669 824/409/636
f 812/397/615 826/411/669 811/396/616
f 812/397/615 830/414/670 828/412/633
f 813/398/614 832/415/629 830/414/670
f 814/399/613 834/417/671 832/415/629
f 816/401/611 834/417/671 815/400/612
f 817/402/610 836/419/626 816/401/611
f 817/402/610 840/422/623 838/420/672
f 819/404/667 840/422/623 818/403/609
f 819/404/667 820/407/621 842/423/673
f 868/471/678 870/472/679 871/473/680
f 870/472/679 873/474/681 871/473/680
f 874/471/682 876/472/683 877/475/684
f 878/474/685 876/472/683 875/473/686
f 881/476/687 882/477/688 880/478/689
f 883/477/690 881/476/687 880/478/689
f 884/479/691 886/480/692 887/481/693
f 888/482/694 885/483/695 884/479/691
f 891/484/696 893/485/697 890/486/698
f 892/487/699 895/488/700 893/485/697
f 897/489/701 899/490/702 896/491/703
f 898/492/704 901/493/705 899/490/702
f 902/494/706 904/495/707 905/496/708
f 906/497/709 903/498/710 902/494/706
f 909/499/711 911/500/712 908/501/713
f 911/500/712 912/502/714 913/503/715
f 905/496/708 869/504/716 868/505/717
f 869/506/718 914/507/719 868/508/717
f 915/509/720 917/510/721 918/511/722
f 920/512/723 922/513/724 919/514/725
f 923/515/726 925/516/727 926/517/728
f 927/518/729 890/486/698 893/485/697
f 929/519/730 931/520/731 927/518/729
f 929/519/730 893/485/697 895/488/700
f 932/521/732 934/522/733 935/523/734
f 936/524/735 935/523/734 937/525/736
f 939/526/737 941/527/738 938/528/739
f 898/492/704 933/529/740 932/521/732
f 900/530/741 932/521/732 936/524/735
f 940/531/742 942/532/743 941/527/738
f 943/533/744 945/534/745 946/535/746
f 944/536/747 948/537/748 945/534/745
f 950/538/749 886/480/692 949/539/750
f 935/523/734 952/540/751 953/541/752
f 937/525/736 953/541/752 954/542/753
f 951/543/754 938/528/739 955/544/755
f 909/499/711 902/494/706 905/496/708
f 956/545/756 906/497/709 902/494/706
f 958/546/757 960/547/758 961/548/759
f 962/549/760 959/550/761 958/546/757
f 961/548/759 965/551/762 958/546/757
f 958/546/757 966/552/763 962/549/760
f 967/553/764 961/548/759 960/547/758
f 969/554/765 971/555/766 968/556/767
f 968/556/767 881/557/768 972/558/769
f 973/559/770 970/560/771 969/554/765
f 964/561/772 968/556/767 965/551/762
f 965/551/762 972/558/769 966/552/763
f 964/561/772 973/559/770 969/554/765
f 975/562/773 896/491/703 919/514/725
f 921/563/774 869/506/716 976/564/775
f 970/560/771 903/498/710 971/555/766
f 971/555/766 907/565/776 881/557/768
f 974/566/777 904/495/707 970/560/771
f 977/567/778 978/568/779 979/569/780
f 886/480/692 980/570/781 949/539/750
f 981/571/782 947/572/783 944/536/747
f 912/502/714 915/509/720 913/503/715
f 870/573/784 983/574/785 914/507/719
f 922/513/724 976/564/775 942/532/743
f 933/529/740 950/538/749 934/522/733
f 940/531/742 984/575/786 975/562/773
f 897/489/701 984/575/786 933/529/740
f 940/531/742 919/514/725 922/513/724
f 951/543/754 887/481/693 886/480/692
f 934/522/733 949/539/750 952/540/751
f 951/543/754 984/575/786 939/526/737
f 921/563/774 872/576/787 870/573/788
f 986/577/789 890/486/698 985/578/790
f 985/578/790 928/579/791 979/569/780
f 873/580/792 872/576/787 978/568/779
f 920/512/723 988/581/793 872/576/787
f 989/582/794 919/514/725 896/491/703
f 919/514/725 987/583/795 920/512/723
f 988/581/793 978/568/779 872/576/787
f 993/584/796 995/585/797 992/586/798
f 991/587/799 992/586/798 978/568/779
f 896/491/703 986/577/789 995/585/797
f 979/569/780 992/586/798 985/578/790
f 974/566/777 997/588/800 869/504/716
f 976/564/775 997/589/800 998/590/801
f 942/532/743 998/590/801 999/591/802
f 941/527/738 999/591/802 1000/592/803
f 938/528/739 1000/592/803 1001/593/804
f 955/544/755 1001/593/804 1002/594/805
f 887/481/693 1002/594/805 1003/595/806
f 973/559/770 996/596/807 974/566/777
f 967/553/764 1004/597/808 973/559/770
f 967/553/764 1006/598/809 1005/599/810
f 960/547/758 1007/600/811 1006/598/809
f 1008/601/812 1010/602/813 1011/603/814
f 1012/604/815 1009/605/816 1008/601/812
f 1014/606/817 1013/607/818 1012/604/815
f 1017/608/819 1014/606/817 1016/609/820
f 959/550/761 1018/610/821 1007/600/811
f 953/541/752 946/535/746 945/534/745
f 952/540/751 943/533/744 946/535/746
f 980/570/781 943/533/744 949/539/750
f 980/570/781 981/571/782 944/536/747
f 889/611/822 981/571/782 885/483/695
f 925/516/727 1020/612/823 1019/613/824
f 1020/612/823 917/510/721 873/614/792
f 1021/615/825 1023/616/826 977/567/778
f 930/617/827 1025/618/828 931/520/731
f 930/619/827 1026/620/829 1024/621/830
f 1022/622/831 1027/623/832 1026/620/829
f 1029/624/833 1031/625/834 1028/626/835
f 1030/627/836 1033/628/837 1031/625/834
f 1032/629/838 1035/630/839 1033/628/837
f 1034/631/840 1037/632/841 1035/630/839
f 1036/633/842 1039/634/843 1037/632/841
f 1010/635/813 1028/626/835 1011/636/814
f 887/481/693 1040/637/844 884/479/691
f 1038/638/845 1040/637/844 1039/634/843
f 979/569/780 1042/639/846 977/567/778
f 1042/639/846 1021/615/825 977/567/778
f 1044/640/847 1043/641/848 1025/618/828
f 931/520/731 928/579/791 927/518/729
f 1044/640/847 1022/642/831 1021/615/825
f 1024/643/830 1044/640/847 1025/618/828
f 1043/641/848 1044/640/847 1021/615/825
f 1043/641/848 931/520/731 1025/618/828
f 1026/620/829 1027/623/832 1024/621/830
f 1026/620/829 1023/644/826 1022/622/831
f 891/484/696 899/490/702 892/487/699
f 899/490/702 894/645/849 892/487/699
f 986/577/789 896/491/703 891/484/696
f 1045/646/850 989/582/794 994/647/851
f 985/578/790 995/585/797 986/577/789
f 1047/648/852 988/581/793 987/583/795
f 989/582/794 1049/649/853 990/650/854
f 1049/649/853 987/583/795 990/650/854
f 1048/651/855 991/587/799 988/581/793
f 1051/652/856 994/647/851 993/584/796
f 1050/653/857 993/584/796 991/587/799
f 989/582/794 995/585/797 994/647/851
f 996/596/807 1011/603/814 997/588/800
f 997/589/800 1028/626/835 998/590/801
f 998/590/801 1031/625/834 999/591/802
f 1031/625/834 1000/592/803 999/591/802
f 1033/628/837 1001/593/804 1000/592/803
f 1001/593/804 1037/632/841 1002/594/805
f 1037/632/841 1003/595/806 1002/594/805
f 1004/597/808 1008/601/812 996/596/807
f 1005/599/810 1012/604/815 1004/597/808
f 1006/598/809 1014/606/817 1005/599/810
f 1007/600/811 1016/609/820 1006/598/809
f 1018/610/821 1016/609/820 1007/600/811
f 1003/595/806 1039/634/843 1040/637/844
f 1041/654/858 884/479/691 1040/637/844
f 930/617/827 929/519/730 1052/655/859
f 905/496/708 910/656/860 909/499/711
f 910/656/860 914/657/719 912/502/714
f 916/658/861 873/614/792 917/510/721
f 908/501/713 956/545/756 909/499/711
f 1053/659/862 957/660/863 956/545/756
f 912/502/714 983/661/785 916/658/861
f 924/662/864 918/511/722 917/510/721
f 930/619/827 1019/613/824 1020/612/823
f 1020/612/823 873/614/792 1023/644/826
f 1023/616/826 873/580/792 977/567/778
f 954/542/753 945/534/745 948/537/748
f 1055/479/865 1057/480/866 1058/483/867
f 888/482/694 1058/483/867 889/611/822
f 1060/485/868 1062/484/869 1059/486/870
f 895/488/700 1061/487/871 1060/485/868
f 1064/490/872 1066/489/873 1063/491/874
f 901/493/705 1065/492/875 1064/490/872
f 1067/494/876 1069/495/877 1070/498/878
f 906/497/709 1070/498/878 907/565/776
f 1072/500/879 1074/499/880 1071/501/881
f 1072/500/879 1076/502/882 1073/656/883
f 1068/496/884 877/504/885 1069/495/877
f 1077/507/886 877/506/887 874/508/888
f 1078/509/889 1080/510/890 1081/658/891
f 1083/513/892 1085/512/893 1082/514/894
f 1086/515/895 925/516/727 1087/662/896
f 1059/486/870 1089/518/897 1060/485/868
f 1090/520/898 929/519/730 1089/518/897
f 1060/485/868 929/519/730 895/488/700
f 1092/521/899 1094/522/900 1095/529/901
f 936/524/735 1093/523/902 1092/521/899
f 1097/527/903 1099/526/904 1096/528/905
f 1065/492/875 1095/529/901 1066/489/873
f 900/530/741 1092/521/899 1065/492/875
f 1100/532/906 1098/531/907 1097/527/903
f 1101/533/908 1103/534/909 1104/536/910
f 1104/536/910 948/537/748 947/572/783
f 1057/480/866 1107/538/911 1105/539/912
f 1093/523/902 1109/540/913 1094/522/900
f 937/525/736 1108/541/914 1093/523/902
f 1096/528/905 1106/543/915 1110/544/916
f 1067/494/876 1074/499/880 1068/496/884
f 906/497/709 1111/545/917 1067/494/876
f 1112/546/918 1114/547/919 1115/550/920
f 962/549/760 1115/550/920 963/663/921
f 1113/548/922 1116/551/923 1117/561/924
f 1112/546/918 966/552/763 1116/551/923
f 1113/548/922 1118/553/925 1114/547/919
f 1120/555/926 1122/554/927 1119/556/928
f 881/557/768 1119/556/928 972/558/769
f 1121/560/929 1124/559/930 1122/554/927
f 1119/556/928 1117/561/924 1116/551/923
f 972/558/769 1116/551/923 966/552/763
f 1117/561/924 1124/559/930 1118/553/925
f 1125/562/931 1063/491/874 1066/489/873
f 877/506/885 1084/563/932 1126/564/933
f 1070/498/878 1121/560/929 1120/555/926
f 907/565/776 1120/555/926 881/557/768
f 1069/495/877 1123/566/934 1121/560/929
f 1127/567/935 1129/568/936 878/580/937
f 1057/480/866 1130/570/938 1058/483/867
f 1131/571/939 947/572/783 982/664/940
f 1078/509/889 1076/502/882 1075/503/941
f 1132/574/942 876/573/943 1077/507/886
f 1083/513/892 1126/564/933 1084/563/932
f 1107/538/911 1095/529/901 1094/522/900
f 1098/531/907 1134/575/944 1099/526/904
f 1134/575/944 1066/489/873 1095/529/901
f 1082/514/894 1098/531/907 1083/513/892
f 1056/481/945 1106/543/915 1057/480/866
f 1105/539/912 1094/522/900 1109/540/913
f 1134/575/944 1106/543/915 1099/526/904
f 1133/576/946 1084/563/932 876/573/943
f 1059/486/870 1136/577/947 1135/578/948
f 1088/579/949 1135/578/948 1128/569/950
f 1133/576/946 878/580/937 1129/568/936
f 1085/512/893 1137/581/951 1138/583/952
f 1082/514/894 1140/582/953 1063/491/874
f 1082/514/894 1138/583/952 1139/650/954
f 1129/568/936 1137/581/951 1133/576/946
f 1143/585/955 1145/584/956 1142/586/957
f 1142/586/957 1141/587/958 1129/568/936
f 1063/491/874 1143/585/955 1136/577/947
f 1142/586/957 1128/569/950 1135/578/948
f 1146/588/959 1123/566/934 877/504/885
f 1126/564/933 1146/589/959 877/506/885
f 1100/532/906 1148/590/960 1126/564/933
f 1097/527/903 1149/591/961 1100/532/906
f 1096/528/905 1150/592/962 1097/527/903
f 1110/544/916 1151/593/963 1096/528/905
f 1056/481/945 1152/594/964 1110/544/916
f 1147/596/965 1124/559/930 1123/566/934
f 1154/597/966 1118/553/925 1124/559/930
f 1118/553/925 1156/598/967 1114/547/919
f 1114/547/919 1157/600/968 1115/550/920
f 1158/601/969 1010/602/813 1009/605/816
f 1160/604/970 1009/605/816 1013/607/818
f 1161/606/971 1013/607/818 1015/665/972
f 1161/606/971 1017/608/819 1162/609/973
f 1115/550/920 1018/610/821 963/663/921
f 1108/541/914 1102/535/974 1109/540/913
f 1109/540/913 1101/533/908 1105/539/912
f 1101/533/908 1130/570/938 1105/539/912
f 1130/570/938 1131/571/939 1058/483/867
f 1131/571/939 889/611/822 1058/483/867
f 1163/612/975 925/516/727 1019/613/824
f 1163/612/975 1080/510/890 1087/662/896
f 1164/616/976 1166/615/977 1127/567/935
f 1167/618/978 1091/617/979 1090/520/898
f 1091/619/979 1169/620/980 1163/612/975
f 1165/622/981 1169/620/980 1170/623/982
f 1172/625/983 1029/624/833 1171/626/984
f 1173/628/985 1030/627/836 1172/625/983
f 1174/630/986 1032/629/838 1173/628/985
f 1175/632/987 1034/631/840 1174/630/986
f 1176/634/988 1036/633/842 1175/632/987
f 1171/626/984 1010/635/813 1159/636/989
f 1177/637/990 1056/481/945 1055/479/865
f 1177/637/990 1038/638/845 1176/634/988
f 1128/569/950 1178/639/991 1088/579/949
f 1166/615/977 1178/639/991 1127/567/935
f 1180/640/992 1167/618/978 1179/641/993
f 1090/520/898 1088/579/949 1178/639/991
f 1165/642/981 1180/640/992 1166/615/977
f 1168/643/994 1180/640/992 1170/666/982
f 1179/641/993 1166/615/977 1180/640/992
f 1179/641/993 1090/520/898 1178/639/991
f 1169/620/980 1168/621/994 1170/623/982
f 1169/620/980 1164/644/976 1163/612/975
f 1062/484/869 1064/490/872 1063/491/874
f 894/645/849 1064/490/872 1061/487/871
f 1136/577/947 1062/484/869 1063/491/874
f 1181/646/995 1140/582/953 1182/667/996
f 1143/585/955 1135/578/948 1136/577/947
f 1137/581/951 1184/648/997 1138/583/952
f 1140/582/953 1185/649/998 1182/667/996
f 1138/583/952 1185/649/998 1139/650/954
f 1141/587/958 1183/651/999 1137/581/951
f 1144/647/1000 1187/652/1001 1145/584/956
f 1145/584/956 1186/653/1002 1141/587/958
f 1140/582/953 1143/585/955 1063/491/874
f 1147/596/965 1159/603/989 1158/601/969
f 1146/589/959 1171/626/984 1159/636/989
f 1148/590/960 1172/625/983 1171/626/984
f 1150/592/962 1172/625/983 1149/591/961
f 1151/593/963 1173/628/985 1150/592/962
f 1151/593/963 1175/632/987 1174/630/986
f 1153/595/1003 1175/632/987 1152/594/964
f 1154/597/966 1158/601/969 1160/604/970
f 1155/599/1004 1160/604/970 1161/606/971
f 1156/598/967 1161/606/971 1162/609/973
f 1157/600/968 1156/598/967 1162/609/973
f 1018/610/821 1162/609/973 1017/608/819
f 1153/595/1003 1177/637/990 1176/634/988
f 1041/654/858 1055/479/865 888/482/694
f 1091/617/979 1052/655/859 929/519/730
f 1073/656/883 1068/496/884 1074/499/880
f 1073/656/883 1077/657/886 874/505/888
f 1081/658/891 878/614/937 1132/661/942
f 1111/545/917 1071/501/881 1074/499/880
f 957/660/863 1188/659/1005 1111/545/917
f 1076/502/882 1132/661/942 1077/657/886
f 1087/662/896 1079/511/1006 1086/515/895
f 1019/613/824 1091/619/979 1163/612/975
f 1163/612/975 1164/644/976 878/614/937
f 1164/616/976 1127/567/935 878/580/937
f 954/542/753 1103/534/909 1108/541/914
f 1189/497/1007 1191/545/1008 1192/660/1009
f 1190/494/1010 1194/499/1011 1191/545/1008
f 1193/496/1012 1196/656/1013 1194/499/1011
f 1195/505/1014 1198/502/1015 1196/656/1013
f 1197/657/1016 1200/510/1017 1198/502/1015
f 1199/614/1018 1202/516/1019 1200/510/1017
f 1203/659/1020 1192/660/1009 1191/545/1008
f 1205/501/1021 1191/545/1008 1194/499/1011
f 1206/500/1022 1194/499/1011 1196/656/1013
f 1198/502/1015 1206/500/1022 1196/656/1013
f 1200/510/1017 1207/503/1023 1198/502/1015
f 1202/516/1019 1208/511/1024 1200/510/1017
f 1189/497/1007 1210/545/1025 1211/494/1026
f 1211/494/1026 1212/499/1027 1213/496/1028
f 1213/496/1028 1214/656/1029 1215/505/1030
f 1215/505/1030 1216/502/1031 1217/657/1032
f 1217/657/1032 1218/510/1033 1219/614/1034
f 1219/614/1034 1202/516/1019 1201/613/1035
f 1192/660/1009 1220/659/1036 1210/545/1025
f 1210/545/1025 1221/501/1037 1212/499/1027
f 1212/499/1027 1222/500/1038 1214/656/1029
f 1216/502/1031 1222/500/1038 1223/503/1039
f 1218/510/1033 1223/503/1039 1224/511/1040
f 1202/516/1019 1224/511/1040 1209/668/1041
f 1226/494/1042 1228/660/1043 1225/497/1044
f 1229/496/1045 1227/545/1046 1226/494/1042
f 1231/505/1047 1230/499/1048 1229/496/1045
f 1233/657/1049 1232/656/1050 1231/505/1047
f 1235/614/1051 1234/502/1052 1233/657/1049
f 1237/613/1053 1236/510/1054 1235/614/1051
f 1239/659/1055 1228/660/1043 1227/545/1046
f 1241/501/1056 1227/545/1046 1230/499/1048
f 1232/656/1050 1241/501/1056 1230/499/1048
f 1234/502/1052 1242/500/1057 1232/656/1050
f 1236/510/1054 1243/503/1058 1234/502/1052
f 1238/516/1059 1244/511/1060 1236/510/1054
f 1228/660/1043 1247/494/1061 1225/497/1044
f 1246/545/1062 1249/496/1063 1247/494/1061
f 1248/499/1064 1251/505/1065 1249/496/1063
f 1250/656/1066 1253/657/1067 1251/505/1065
f 1252/502/1068 1255/614/1069 1253/657/1067
f 1254/510/1070 1237/613/1053 1255/614/1069
f 1228/660/1043 1256/659/1071 1246/545/1062
f 1246/545/1062 1257/501/1072 1248/499/1064
f 1250/656/1066 1257/501/1072 1258/500/1073
f 1252/502/1068 1258/500/1073 1259/503/1074
f 1254/510/1070 1259/503/1074 1260/511/1075
f 1238/516/1059 1260/511/1075 1245/668/1076
f 1261/85/1077 1263/86/1078 1264/87/1079
f 1262/88/1080 1266/89/1081 1263/86/1078
f 1267/369/1082 1269/91/1083 1270/224/1084
f 1268/90/1085 1264/87/1079 1269/91/1083
f 1263/86/1078 1272/375/1086 1264/87/1079
f 1266/89/1081 1271/222/1087 1263/86/1078
f 1274/223/1088 1270/224/1084 1269/91/1083
f 1272/375/1086 1269/91/1083 1264/87/1079
f 1276/85/1089 1278/86/1090 1279/88/1091
f 1279/88/1091 1266/89/1081 1265/373/1092
f 1267/369/1082 1280/91/1093 1281/90/1094
f 1281/90/1094 1277/87/1095 1276/85/1089
f 1278/86/1090 1282/375/1096 1283/222/1097
f 1266/89/1081 1283/222/1097 1273/370/1098
f 1270/224/1084 1284/223/1099 1280/91/1093
f 1280/91/1093 1282/375/1096 1277/87/1095
f 1286/86/1100 1288/85/1101 1285/88/1102
f 1290/91/1103 1292/369/1104 1289/90/1105
f 1287/87/1106 1289/90/1105 1288/85/1101
f 1293/370/1107 1286/86/1100 1295/89/1108
f 1294/222/1109 1287/87/1106 1286/86/1100
f 1290/91/1103 1298/669/1110 1291/224/1111
f 1296/375/1112 1290/91/1103 1287/87/1106
f 1286/86/1100 1299/373/1113 1295/89/1108
f 1301/85/1114 1303/86/1115 1300/88/1116
f 1292/369/1104 1305/91/1117 1304/90/1118
f 1304/90/1118 1302/87/1119 1301/85/1114
f 1293/370/1107 1303/86/1115 1306/222/1120
f 1302/87/1119 1306/222/1120 1303/86/1115
f 1305/91/1117 1298/669/1110 1308/223/1121
f 1305/91/1117 1307/375/1122 1302/87/1119
f 1303/86/1115 1299/373/1113 1300/88/1116
f 1310/86/1123 1312/85/1124 1309/88/1125
f 1313/90/1126 1315/224/1127 1316/369/1128
f 1312/85/1124 1314/91/1129 1313/90/1126
f 1310/86/1123 1318/375/1130 1311/87/1131
f 1319/89/1132 1317/222/1133 1310/86/1123
f 1314/91/1129 1318/375/1130 1321/223/1134
f 1319/89/1132 1309/88/1125 1322/373/1135
f 1315/224/1127 1321/223/1134 1323/669/1136
f 1325/85/1137 1327/86/1138 1324/88/1139
f 1328/90/1140 1315/224/1127 1329/91/1141
f 1325/85/1137 1329/91/1141 1326/87/1142
f 1330/375/1143 1327/86/1138 1326/87/1142
f 1331/222/1144 1319/89/1132 1327/86/1138
f 1329/91/1141 1330/375/1143 1326/87/1142
f 1324/88/1139 1319/89/1132 1322/373/1135
f 1332/223/1145 1315/224/1127 1323/669/1136
f 1334/670/1146 1336/671/1147 1333/672/1148
f 1334/670/1146 1338/673/1149 1335/674/1150
f 1333/672/1148 1340/675/1151 1339/676/1152
f 1339/676/1152 1342/677/1153 1341/678/1154
f 1335/674/1150 1343/679/1155 1336/671/1147
f 1338/673/1149 1343/679/1155 1335/674/1150
f 1336/671/1147 1343/679/1155 1340/675/1151
f 1340/675/1151 1343/679/1155 1342/677/1153
f 1345/671/1156 1347/670/1157 1344/672/1158
f 1347/670/1157 1338/673/1149 1337/680/1159
f 1349/675/1160 1344/672/1158 1348/676/1161
f 1342/677/1153 1348/676/1161 1341/678/1154
f 1346/674/1162 1345/671/1156 1343/679/1155
f 1338/673/1149 1346/674/1162 1343/679/1155
f 1345/671/1156 1349/675/1160 1343/679/1155
f 1349/675/1160 1342/677/1153 1343/679/1155
f 1351/681/1163 1353/682/1164 1350/683/1165
f 1353/682/1164 1354/684/1166 1355/685/1167
f 1351/681/1163 1354/684/1166 1352/686/1168
f 1356/687/1169 1355/685/1167 1354/684/1166
f 1350/683/1165 1355/688/1167 1357/689/1170
f 1357/689/1170 1359/690/1171 1350/683/1165
f 1356/687/1169 1358/691/1172 1357/692/1170
f 1356/687/1169 1361/693/1173 1360/694/1174
f 1351/681/1163 1359/690/1171 1361/693/1173
f 1363/681/1175 1365/682/1176 1362/683/1177
f 1365/682/1176 1366/684/1178 1367/685/1179
f 1368/687/1180 1364/686/1181 1363/681/1175
f 1368/687/1180 1367/685/1179 1366/684/1178
f 1362/683/1177 1367/688/1179 1369/689/1182
f 1369/689/1182 1371/690/1183 1362/683/1177
f 1369/692/1182 1372/694/1184 1370/691/1185
f 1368/687/1180 1373/693/1186 1372/694/1184
f 1362/683/1177 1373/693/1186 1363/681/1175
f 1374/695/1187 1375/696/1188 1376/697/1189
f 1377/698/1190 1379/699/1191 1375/696/1188
f 1375/696/1188 1379/699/1191 1376/697/1189
f 1380/700/1192 1382/701/1193 1379/702/1191
f 1379/702/1191 1382/701/1193 1376/697/1189
f 1382/701/1193 1374/695/1187 1376/697/1189
f 1378/703/1194 1383/704/1195 1384/705/1196
f 1385/706/1197 1383/704/1195 1377/698/1190
f 1377/698/1190 1374/695/1187 1387/707/1198
f 1374/695/1187 1381/708/1199 1387/707/1198
f 1380/700/1192 1384/709/1196 1388/710/1200
f 1389/695/1201 1390/697/1202 1391/696/1203
f 1392/698/1204 1393/699/1205 1394/703/1206
f 1391/696/1203 1390/697/1202 1393/699/1205
f 1393/702/1205 1381/708/1199 1380/700/1192
f 1393/702/1205 1390/697/1202 1395/701/1207
f 1395/701/1207 1390/697/1202 1389/695/1201
f 1394/703/1206 1397/704/1208 1392/698/1204
f 1392/698/1204 1386/711/1209 1385/706/1197
f 1387/707/1198 1391/696/1203 1392/698/1204
f 1381/708/1199 1389/695/1201 1387/707/1198
f 1388/710/1200 1394/712/1206 1380/700/1192
f 1399/713/1210 1401/714/1211 1398/715/1212
f 1401/714/1211 1400/716/1213 1402/717/1214
f 1403/718/1215 1400/716/1213 1399/713/1210
f 1400/716/1213 1404/719/1216 1402/717/1214
f 1403/718/1215 1406/720/1217 1404/719/1216
f 1404/719/1216 1406/720/1217 1402/717/1214
f 1405/721/1218 1401/714/1211 1406/722/1217
f 1406/722/1217 1401/714/1211 1402/717/1214
f 1405/721/1218 1408/723/1219 1398/715/1212
f 1405/724/1218 1409/725/1220 1407/726/1221
f 1403/718/1215 1410/727/1222 1409/725/1220
f 1398/715/1212 1410/727/1222 1399/713/1210
f 1412/713/1223 1414/714/1224 1411/715/1225
f 1414/714/1224 1413/716/1226 1415/717/1227
f 1412/713/1223 1417/719/1228 1413/716/1226
f 1413/716/1226 1417/719/1228 1415/717/1227
f 1416/718/1229 1419/720/1230 1417/719/1228
f 1417/719/1228 1419/720/1230 1415/717/1227
f 1418/721/1231 1414/714/1224 1419/722/1230
f 1419/722/1230 1414/714/1224 1415/717/1227
f 1418/721/1231 1421/723/1232 1411/715/1225
f 1418/724/1231 1422/725/1233 1420/726/1234
f 1416/718/1229 1423/727/1235 1422/725/1233
f 1411/715/1225 1423/727/1235 1412/713/1223
f 1425/713/1236 1427/714/1237 1424/715/1238
f 1427/714/1237 1426/716/1239 1428/717/1240
f 1425/713/1236 1430/719/1241 1426/716/1239
f 1426/716/1239 1430/719/1241 1428/717/1240
f 1429/718/1242 1432/720/1243 1430/719/1241
f 1430/719/1241 1432/720/1243 1428/717/1240
f 1431/721/1244 1427/714/1237 1432/722/1243
f 1432/722/1243 1427/714/1237 1428/717/1240
f 1431/721/1244 1434/723/1245 1424/715/1238
f 1431/724/1244 1435/725/1246 1433/726/1247
f 1429/718/1242 1436/727/1248 1435/725/1246
f 1424/715/1238 1436/727/1248 1425/713/1236
f 1437/728/1249 1438/729/1250 1439/730/1251
f 1437/728/1249 1440/731/1252 1438/732/1250
f 1437/728/1249 1439/730/1251 1440/731/1252
f 1441/733/1253 1443/734/1254 1444/735/1255
f 1445/736/1256 1443/737/1254 1442/738/1257
f 1445/736/1256 1444/735/1255 1446/739/1258
f 1439/730/1251 1447/740/1259 1448/741/1260
f 1440/731/1252 1447/742/1259 1438/732/1250
f 1440/731/1252 1448/741/1260 1449/743/1261
f 1448/741/1260 1442/744/1257 1441/733/1253
f 1449/743/1261 1442/738/1257 1447/742/1259
f 1449/743/1261 1441/733/1253 1445/736/1256
f 1450/728/1262 1451/739/1263 1452/737/1264
f 1450/728/1262 1452/734/1264 1446/735/1265
f 1450/728/1262 1446/735/1265 1451/739/1263
f 1453/728/1266 1454/734/1267 1452/735/1268
f 1453/728/1266 1455/739/1269 1454/737/1267
f 1453/728/1266 1452/735/1268 1455/739/1269
f 1456/728/1270 1457/734/1271 1454/735/1272
f 1456/728/1270 1458/739/1273 1457/737/1271
f 1456/728/1270 1454/735/1272 1458/739/1273
f 1460/682/1274 1462/681/1275 1459/683/1276
f 1460/682/1274 1464/684/1277 1461/686/1278
f 1462/681/1275 1464/684/1277 1465/687/1279
f 1465/687/1279 1463/685/1280 1466/692/1281
f 1463/688/1280 1459/683/1276 1466/689/1281
f 1459/683/1276 1468/745/1282 1466/689/1281
f 1466/692/1281 1469/694/1283 1465/687/1279
f 1469/694/1283 1462/681/1275 1465/687/1279
f 1470/693/1284 1459/683/1276 1462/681/1275
f 1472/682/1285 1474/681/1286 1471/683/1287
f 1475/685/1288 1473/686/1289 1472/682/1285
f 1473/686/1289 1477/687/1290 1474/681/1286
f 1477/687/1290 1475/685/1288 1478/692/1291
f 1478/689/1291 1472/682/1285 1471/683/1287
f 1471/683/1287 1480/745/1292 1478/689/1291
f 1478/692/1291 1481/694/1293 1477/687/1290
f 1481/694/1293 1474/681/1286 1477/687/1290
f 1474/681/1286 1479/690/1294 1471/683/1287
f 1483/695/1295 1484/697/1296 1485/696/1297
f 1485/696/1297 1488/703/1298 1486/698/1299
f 1485/696/1297 1484/697/1296 1487/699/1300
f 1487/702/1300 1490/708/1301 1491/700/1302
f 1487/702/1300 1484/697/1296 1489/701/1303
f 1489/701/1303 1484/697/1296 1483/695/1295
f 1492/705/1304 1486/698/1299 1488/703/1298
f 1493/704/1305 1495/706/1306 1486/698/1299
f 1496/707/1307 1485/696/1297 1486/698/1299
f 1490/708/1301 1483/695/1295 1496/707/1307
f 1497/710/1308 1488/712/1298 1491/700/1302
f 1498/695/1309 1499/696/1310 1500/697/1311
f 1502/703/1312 1499/696/1310 1501/698/1313
f 1499/696/1310 1503/699/1314 1500/697/1311
f 1491/700/1302 1504/701/1315 1503/702/1314
f 1503/702/1314 1504/701/1315 1500/697/1311
f 1504/701/1315 1498/695/1309 1500/697/1311
f 1502/703/1312 1505/704/1316 1506/705/1317
f 1501/698/1313 1494/711/1318 1505/704/1316
f 1501/698/1313 1498/695/1309 1496/707/1307
f 1498/695/1309 1490/708/1301 1496/707/1307
f 1491/700/1302 1506/709/1317 1497/710/1308
f 1508/714/1319 1510/713/1320 1507/715/1321
f 1508/714/1319 1511/717/1322 1509/716/1323
f 1509/716/1323 1513/718/1324 1510/713/1320
f 1509/716/1323 1511/717/1322 1512/719/1325
f 1513/718/1324 1514/720/1326 1515/724/1327
f 1512/719/1325 1511/717/1322 1514/720/1326
f 1515/721/1327 1508/714/1319 1507/715/1321
f 1514/722/1326 1511/717/1322 1508/714/1319
f 1507/715/1321 1517/746/1328 1515/721/1327
f 1517/726/1328 1513/718/1324 1515/724/1327
f 1518/725/1329 1510/713/1320 1513/718/1324
f 1510/713/1320 1516/723/1330 1507/715/1321
f 1521/714/1331 1523/713/1332 1520/715/1333
f 1521/714/1331 1524/717/1334 1522/716/1335
f 1522/716/1335 1526/718/1336 1523/713/1332
f 1522/716/1335 1524/717/1334 1525/719/1337
f 1526/718/1336 1527/720/1338 1528/724/1339
f 1525/719/1337 1524/717/1334 1527/720/1338
f 1528/721/1339 1521/714/1331 1520/715/1333
f 1527/722/1338 1524/717/1334 1521/714/1331
f 1529/723/1340 1528/721/1339 1520/715/1333
f 1528/724/1339 1531/725/1341 1526/718/1336
f 1531/725/1341 1523/713/1332 1526/718/1336
f 1523/713/1332 1529/723/1340 1520/715/1333
f 1534/714/1342 1536/713/1343 1533/715/1344
f 1534/714/1342 1537/717/1345 1535/716/1346
f 1535/716/1346 1539/718/1336 1536/713/1343
f 1535/716/1346 1537/717/1345 1538/719/1347
f 1539/718/1336 1540/720/1348 1541/724/1349
f 1538/719/1347 1537/717/1345 1540/720/1348
f 1541/721/1349 1534/714/1342 1533/715/1344
f 1540/722/1348 1537/717/1345 1534/714/1342
f 1542/723/1350 1541/721/1349 1533/715/1344
f 1543/726/1351 1539/718/1336 1541/724/1349
f 1539/718/1336 1545/727/1352 1536/713/1343
f 1545/727/1352 1533/715/1344 1536/713/1343
f 1546/728/1353 1547/730/1354 1548/729/1355
f 1546/728/1353 1548/732/1355 1549/731/1356
f 1546/728/1353 1549/731/1356 1547/730/1354
f 1550/733/1357 1552/734/1358 1553/744/1359
f 1553/738/1359 1554/739/1360 1555/736/1361
f 1554/739/1360 1550/733/1357 1555/736/1361
f 1556/741/1362 1548/729/1355 1547/730/1354
f 1557/742/1363 1549/731/1356 1548/732/1355
f 1549/731/1356 1556/741/1362 1547/730/1354
f 1556/741/1362 1553/744/1359 1557/740/1363
f 1553/738/1359 1558/743/1364 1557/742/1363
f 1555/736/1361 1556/741/1362 1558/743/1364
f 1559/728/1365 1560/735/1366 1561/734/1367
f 1559/728/1365 1561/737/1367 1562/739/1368
f 1559/728/1365 1562/739/1368 1560/735/1366
f 1563/728/1369 1561/735/1370 1564/734/1371
f 1563/728/1369 1564/737/1371 1565/739/1372
f 1563/728/1369 1565/739/1372 1561/735/1370
f 1566/728/1373 1564/735/1371 1567/734/1374
f 1566/728/1373 1567/737/1374 1568/739/1375
f 1566/728/1373 1568/739/1375 1564/735/1371
f 1570/682/1376 1572/681/1377 1569/683/1378
f 1570/682/1376 1574/684/1379 1571/686/1380
f 1572/681/1377 1574/684/1379 1575/687/1381
f 1575/687/1381 1573/685/1382 1576/692/1383
f 1573/688/1382 1569/683/1378 1576/689/1383
f 1577/690/1384 1576/689/1383 1569/683/1378
f 1578/691/1385 1575/687/1381 1576/692/1383
f 1575/687/1381 1580/693/1386 1572/681/1377
f 1572/681/1377 1577/690/1384 1569/683/1378
f 1582/682/1387 1584/681/1388 1581/683/1389
f 1582/682/1387 1586/684/1390 1583/686/1391
f 1583/686/1391 1587/687/1392 1584/681/1388
f 1587/687/1392 1585/685/1393 1588/692/1394
f 1585/688/1393 1581/683/1389 1588/689/1394
f 1589/690/1395 1588/689/1394 1581/683/1389
f 1588/692/1394 1591/694/1396 1587/687/1392
f 1587/687/1392 1592/693/1397 1584/681/1388
f 1592/693/1397 1581/683/1389 1584/681/1388
f 1593/695/1398 1594/697/1399 1595/696/1400
f 1596/698/1401 1597/699/1402 1598/703/1403
f 1595/696/1400 1594/697/1399 1597/699/1402
f 1597/702/1402 1600/708/1404 1601/700/1405
f 1597/702/1402 1594/697/1399 1599/701/1406
f 1599/701/1406 1594/697/1399 1593/695/1398
f 1598/703/1403 1603/704/1407 1596/698/1401
f 1603/704/1407 1605/706/1408 1596/698/1401
f 1606/707/1409 1595/696/1400 1596/698/1401
f 1600/708/1404 1593/695/1398 1606/707/1409
f 1601/700/1405 1602/709/1410 1598/712/1403
f 1608/695/1411 1609/696/1412 1610/697/1413
f 1611/698/1414 1613/699/1415 1609/696/1412
f 1609/696/1412 1613/699/1415 1610/697/1413
f 1601/700/1405 1614/701/1416 1613/702/1415
f 1613/702/1415 1614/701/1416 1610/697/1413
f 1614/701/1416 1608/695/1411 1610/697/1413
f 1612/703/1417 1615/704/1418 1616/705/1419
f 1611/698/1414 1604/711/1420 1615/704/1418
f 1611/698/1414 1608/695/1411 1606/707/1409
f 1608/695/1411 1600/708/1404 1606/707/1409
f 1612/712/1417 1607/710/1421 1601/700/1405
f 1618/714/1422 1620/713/1423 1617/715/1424
f 1618/714/1422 1621/717/1425 1619/716/1426
f 1619/716/1426 1623/718/1427 1620/713/1423
f 1619/716/1426 1621/717/1425 1622/719/1428
f 1623/718/1427 1624/720/1429 1625/724/1430
f 1622/719/1428 1621/717/1425 1624/720/1429
f 1625/721/1430 1618/714/1422 1617/715/1424
f 1624/722/1429 1621/717/1425 1618/714/1422
f 1626/723/1431 1625/721/1430 1617/715/1424
f 1625/724/1430 1628/725/1432 1623/718/1427
f 1623/718/1427 1629/727/1433 1620/713/1423
f 1629/727/1433 1617/715/1424 1620/713/1423
f 1631/714/1434 1633/713/1435 1630/715/1436
f 1631/714/1434 1634/717/1437 1632/716/1438
f 1633/713/1435 1635/719/1439 1636/718/1440
f 1632/716/1438 1634/717/1437 1635/719/1439
f 1636/718/1440 1637/720/1441 1638/724/1442
f 1635/719/1439 1634/717/1437 1637/720/1441
f 1638/721/1442 1631/714/1434 1630/715/1436
f 1637/722/1441 1634/717/1437 1631/714/1434
f 1639/723/1443 1638/721/1442 1630/715/1436
f 1638/724/1442 1641/725/1444 1636/718/1440
f 1636/718/1440 1642/727/1445 1633/713/1435
f 1642/727/1445 1630/715/1436 1633/713/1435
f 1644/714/1446 1646/713/1447 1643/715/1448
f 1644/714/1446 1647/717/1449 1645/716/1450
f 1646/713/1447 1648/719/1451 1649/718/1452
f 1645/716/1450 1647/717/1449 1648/719/1451
f 1649/718/1452 1650/720/1453 1651/724/1454
f 1648/719/1451 1647/717/1449 1650/720/1453
f 1651/721/1454 1644/714/1446 1643/715/1448
f 1650/722/1453 1647/717/1449 1644/714/1446
f 1652/723/1455 1651/721/1454 1643/715/1448
f 1651/724/1454 1654/725/1456 1649/718/1452
f 1649/718/1452 1655/727/1457 1646/713/1447
f 1655/727/1457 1643/715/1448 1646/713/1447
f 1656/728/1458 1657/730/1459 1658/729/1460
f 1656/728/1458 1658/732/1460 1659/731/1461
f 1656/728/1458 1659/731/1461 1657/730/1459
f 1660/733/1462 1662/734/1463 1663/744/1464
f 1662/737/1463 1665/736/1465 1663/738/1464
f 1665/736/1465 1661/735/1466 1660/733/1462
f 1657/730/1459 1667/740/1467 1658/729/1460
f 1667/742/1467 1659/731/1461 1658/732/1460
f 1659/731/1461 1666/741/1468 1657/730/1459
f 1666/741/1468 1663/744/1464 1667/740/1467
f 1663/738/1464 1668/743/1469 1667/742/1467
f 1668/743/1469 1660/733/1462 1666/741/1468
f 1669/728/1470 1670/737/1471 1671/739/1472
f 1669/728/1470 1664/735/1473 1670/734/1471
f 1669/728/1470 1671/739/1472 1664/735/1473
f 1672/728/1474 1670/735/1475 1673/734/1476
f 1672/728/1474 1673/737/1476 1674/739/1477
f 1672/728/1474 1674/739/1477 1670/735/1475
f 1675/728/1478 1673/735/1479 1457/734/1480
f 1675/728/1478 1457/737/1480 1676/739/1481
f 1675/728/1478 1676/739/1481 1673/735/1479
f 1678/681/1482 1680/682/1483 1677/683/1484
f 1680/682/1483 1681/684/1485 1682/685/1486
f 1678/681/1482 1681/684/1485 1679/686/1487
f 1683/687/1488 1682/685/1486 1681/684/1485
f 1677/683/1484 1682/688/1486 1684/689/1489
f 1677/683/1484 1685/745/1490 1686/690/1491
f 1684/692/1489 1687/694/1492 1685/691/1490
f 1678/681/1482 1687/694/1492 1683/687/1488
f 1677/683/1484 1688/693/1493 1678/681/1482
f 1690/681/1494 1692/682/1495 1689/683/1496
f 1691/686/1497 1694/685/1498 1692/682/1495
f 1695/687/1499 1691/686/1497 1690/681/1494
f 1695/687/1499 1694/685/1498 1693/684/1500
f 1696/689/1501 1692/682/1495 1694/688/1498
f 1689/683/1496 1697/745/1502 1698/690/1503
f 1696/692/1501 1699/694/1504 1697/691/1502
f 1690/681/1494 1699/694/1504 1695/687/1499
f 1690/681/1494 1698/690/1503 1700/693/1505
f 1701/695/1506 1702/696/1507 1703/697/1508
f 1705/703/1509 1702/696/1507 1704/698/1510
f 1702/696/1507 1706/699/1511 1703/697/1508
f 1707/700/1512 1709/701/1513 1706/702/1511
f 1706/702/1511 1709/701/1513 1703/697/1508
f 1709/701/1513 1701/695/1506 1703/697/1508
f 1704/698/1510 1711/705/1514 1705/703/1509
f 1712/706/1515 1710/704/1516 1704/698/1510
f 1704/698/1510 1701/695/1506 1714/707/1517
f 1701/695/1506 1708/708/1518 1714/707/1517
f 1705/712/1509 1715/710/1519 1707/700/1512
f 1716/695/1520 1717/697/1521 1718/696/1522
f 1718/696/1522 1721/703/1523 1719/698/1524
f 1718/696/1522 1717/697/1521 1720/699/1525
f 1720/702/1525 1708/708/1518 1707/700/1512
f 1720/702/1525 1717/697/1521 1722/701/1526
f 1722/701/1526 1717/697/1521 1716/695/1520
f 1721/703/1523 1724/704/1527 1719/698/1524
f 1719/698/1524 1713/711/1528 1712/706/1515
f 1714/707/1517 1718/696/1522 1719/698/1524
f 1708/708/1518 1716/695/1520 1714/707/1517
f 1707/700/1512 1723/709/1529 1721/712/1523
f 1726/713/1530 1728/714/1531 1725/715/1532
f 1728/714/1531 1727/716/1533 1729/717/1534
f 1730/718/1535 1727/716/1533 1726/713/1530
f 1727/716/1533 1731/719/1536 1729/717/1534
f 1730/718/1535 1733/720/1537 1731/719/1536
f 1731/719/1536 1733/720/1537 1729/717/1534
f 1732/721/1538 1728/714/1531 1733/722/1537
f 1733/722/1537 1728/714/1531 1729/717/1534
f 1725/715/1532 1734/746/1539 1735/723/1540
f 1730/718/1535 1734/726/1539 1732/724/1538
f 1726/713/1530 1736/725/1541 1730/718/1535
f 1726/713/1530 1735/723/1540 1737/727/1542
f 1739/713/1543 1741/714/1544 1738/715/1545
f 1741/714/1544 1740/716/1546 1742/717/1547
f 1743/718/1548 1740/716/1546 1739/713/1543
f 1740/716/1546 1744/719/1549 1742/717/1547
f 1743/718/1548 1746/720/1550 1744/719/1549
f 1744/719/1549 1746/720/1550 1742/717/1547
f 1745/721/1551 1741/714/1544 1746/722/1550
f 1746/722/1550 1741/714/1544 1742/717/1547
f 1745/721/1551 1748/723/1552 1738/715/1545
f 1745/724/1551 1749/725/1553 1747/726/1554
f 1739/713/1543 1749/725/1553 1743/718/1548
f 1739/713/1543 1748/723/1552 1750/727/1555
f 1752/713/1556 1754/714/1557 1751/715/1558
f 1754/714/1557 1753/716/1559 1755/717/1560
f 1756/718/1548 1753/716/1559 1752/713/1556
f 1753/716/1559 1757/719/1561 1755/717/1560
f 1756/718/1548 1759/720/1562 1757/719/1561
f 1757/719/1561 1759/720/1562 1755/717/1560
f 1758/721/1563 1754/714/1557 1759/722/1562
f 1759/722/1562 1754/714/1557 1755/717/1560
f 1758/721/1563 1761/723/1564 1751/715/1558
f 1756/718/1548 1760/726/1565 1758/724/1563
f 1756/718/1548 1763/727/1566 1762/725/1567
f 1751/715/1558 1763/727/1566 1752/713/1556
f 1764/728/1568 1765/729/1569 1766/730/1570
f 1764/728/1568 1767/731/1571 1765/732/1569
f 1764/728/1568 1766/730/1570 1767/731/1571
f 1768/733/1572 1770/734/1573 1771/735/1574
f 1769/738/1575 1773/739/1576 1770/737/1573
f 1768/733/1572 1773/739/1576 1772/736/1577
f 1765/729/1569 1775/741/1578 1766/730/1570
f 1767/731/1571 1774/742/1579 1765/732/1569
f 1767/731/1571 1775/741/1578 1776/743/1580
f 1775/741/1578 1769/744/1575 1768/733/1572
f 1776/743/1580 1769/738/1575 1774/742/1579
f 1775/741/1578 1772/736/1577 1776/743/1580
f 1777/728/1581 1778/734/1582 1779/735/1583
f 1777/728/1581 1780/739/1584 1778/737/1582
f 1777/728/1581 1779/735/1583 1780/739/1584
f 1781/728/1585 1782/734/1586 1778/735/1582
f 1781/728/1585 1783/739/1587 1782/737/1586
f 1781/728/1585 1778/735/1582 1783/739/1587
f 1784/728/1588 1567/734/1374 1782/735/1589
f 1784/728/1588 1785/739/1590 1567/737/1374
f 1784/728/1588 1782/735/1589 1785/739/1590
f 1786/747/1591 1788/748/1592 1789/749/1593
f 1791/750/1594 1793/751/1595 1790/752/1596
f 1794/753/1597 1789/749/1593 1795/754/1598
f 1796/755/1599 1793/751/1595 1797/756/1600
f 1792/757/1601 1786/747/1591 1793/751/1595
f 1793/751/1595 1794/753/1597 1797/756/1600
f 1789/749/1593 1798/758/1602 1799/759/1603
f 1795/754/1598 1799/759/1603 1800/760/1604
f 1799/759/1603 1801/761/1605 1802/762/1606
f 1800/760/1604 1802/762/1606 1803/763/1607
f 1804/764/1608 1806/765/1609 1807/766/1610
f 1808/767/1611 1810/768/1612 1811/769/1613
f 1807/766/1610 1812/770/1614 1813/771/1615
f 1811/769/1613 1814/772/1616 1815/773/1617
f 1805/774/1618 1811/769/1613 1806/765/1609
f 1806/765/1609 1815/773/1617 1812/770/1614
f 1816/775/1619 1807/766/1610 1817/776/1620
f 1817/776/1620 1813/771/1615 1818/777/1621
f 1819/778/1622 1817/776/1620 1820/779/1623
f 1820/779/1623 1818/777/1621 1821/780/1624
f 1790/752/1596 1809/781/1612 1791/750/1594
f 1795/754/1598 1812/770/1614 1794/753/1597
f 1796/755/1599 1810/782/1612 1790/752/1596
f 1797/756/1600 1814/772/1616 1796/755/1599
f 1794/753/1597 1815/773/1617 1797/756/1600
f 1800/760/1604 1813/771/1615 1795/754/1598
f 1803/763/1607 1818/777/1621 1800/760/1604
f 1822/747/1625 1788/748/1592 1787/783/1626
f 1825/751/1627 1791/750/1594 1824/752/1628
f 1826/753/1629 1823/749/1630 1822/747/1625
f 1828/755/1631 1825/751/1627 1824/752/1628
f 1822/747/1625 1792/757/1601 1825/751/1627
f 1826/753/1629 1825/751/1627 1829/756/1632
f 1823/749/1630 1798/758/1602 1788/748/1592
f 1827/754/1633 1830/759/1634 1823/749/1630
f 1830/759/1634 1801/761/1605 1798/758/1602
f 1831/760/1635 1832/762/1636 1830/759/1634
f 1804/764/1608 1835/765/1637 1805/774/1618
f 1808/767/1611 1837/768/1612 1809/784/1612
f 1834/766/1638 1839/770/1639 1835/765/1637
f 1836/769/1640 1841/772/1641 1837/768/1612
f 1805/774/1618 1836/769/1640 1808/767/1611
f 1835/765/1637 1840/773/1642 1836/769/1640
f 1816/775/1619 1834/766/1638 1804/764/1608
f 1842/776/1643 1838/771/1644 1834/766/1638
f 1819/778/1622 1842/776/1643 1816/775/1619
f 1844/779/1645 1843/777/1646 1842/776/1643
f 1809/781/1612 1824/752/1628 1791/750/1594
f 1839/770/1639 1827/754/1633 1826/753/1629
f 1837/782/1612 1828/755/1631 1824/752/1628
f 1841/772/1641 1829/756/1632 1828/755/1631
f 1840/773/1642 1826/753/1629 1829/756/1632
f 1838/771/1644 1831/760/1635 1827/754/1633
f 1843/777/1646 1833/763/1647 1831/760/1635
f 1/1/1 2/102/91 3/2/2
f 6/4/4 7/8/8 8/5/5
f 9/7/7 10/10/10 7/8/8
f 11/9/9 12/12/12 10/10/10
f 13/11/11 14/96/85 12/12/12
f 15/13/13 16/23/23 17/14/14
f 20/16/16 21/19/19 22/17/17
f 21/19/19 23/371/1648 24/20/20
f 25/21/21 26/66/66 27/22/22
f 24/20/20 23/371/1648 28/24/24
f 29/25/25 28/24/24 30/26/26
f 33/28/28 25/21/21 31/27/27
f 31/27/27 30/26/26 34/30/30
f 36/31/31 33/28/28 32/29/29
f 32/29/29 34/30/30 37/33/33
f 15/13/13 38/60/60 39/34/34
f 22/17/17 24/20/20 40/35/35
f 16/23/23 39/34/34 42/37/37
f 24/20/20 29/25/25 43/38/38
f 25/21/21 42/37/37 44/39/39
f 29/25/25 31/27/27 44/39/39
f 45/40/40 46/50/50 47/41/41
f 50/43/43 51/53/53 52/44/44
f 47/41/41 53/54/54 54/46/46
f 55/47/47 56/59/59 50/43/43
f 54/46/46 53/54/54 57/48/48
f 57/48/48 56/59/59 55/47/47
f 46/50/50 59/185/68 60/51/51
f 50/43/43 61/57/57 62/52/52
f 53/54/54 47/41/41 60/51/51
f 50/43/43 56/59/59 64/56/56
f 57/48/48 53/54/54 63/55/55
f 56/59/59 57/48/48 65/58/58
f 39/34/34 66/61/61 68/63/63
f 69/64/64 67/62/62 40/35/35
f 42/37/37 68/63/63 70/65/65
f 70/65/65 69/64/64 43/38/38
f 33/28/28 71/67/67 26/66/66
f 36/31/31 72/372/373 71/67/67
f 22/17/17 15/70/13 18/68/15
f 22/17/17 41/36/36 38/69/60
f 45/71/40 52/44/44 51/53/53
f 51/53/53 62/52/52 59/73/68
f 16/23/23 27/22/22 73/74/69
f 74/75/70 59/185/68 75/76/71
f 61/57/57 77/82/77 78/78/73
f 79/79/74 74/75/70 76/77/72
f 61/57/57 64/56/56 81/81/76
f 65/58/58 79/79/74 80/80/75
f 64/56/56 65/58/58 82/83/78
f 62/52/52 78/78/73 75/84/71
f 26/85/66 71/88/67 83/86/79
f 71/88/67 72/373/373 85/89/81
f 27/90/22 26/85/66 84/87/80
f 3/92/2 21/19/19 20/16/16
f 87/94/83 23/371/1648 21/19/19
f 28/24/24 23/371/1648 87/94/83
f 30/26/26 28/24/24 88/95/84
f 12/12/12 34/30/30 30/26/26
f 14/96/85 37/33/33 34/30/30
f 8/5/5 7/8/8 89/97/86
f 7/8/8 10/10/10 91/99/88
f 88/95/84 92/100/89 91/99/88
f 3/92/2 93/112/101 94/101/90
f 96/103/92 97/107/96 98/104/93
f 96/103/92 99/109/98 100/106/95
f 101/108/97 102/111/100 100/106/95
f 103/110/99 104/113/102 102/111/100
f 93/112/101 105/243/103 104/113/102
f 93/114/101 95/105/94 98/104/93
f 106/116/104 107/119/107 108/117/105
f 107/119/107 110/121/109 111/120/108
f 110/121/109 112/123/111 113/122/110
f 112/123/111 114/126/114 115/124/112
f 116/125/113 117/233/115 115/124/112
f 106/116/104 109/118/106 117/127/115
f 118/129/116 119/132/119 120/130/117
f 124/134/121 125/144/131 126/135/122
f 127/137/124 128/161/148 129/138/125
f 121/131/118 120/130/117 131/140/127
f 120/130/117 122/133/120 133/142/129
f 122/133/120 123/136/123 134/143/130
f 126/135/122 135/145/132 134/143/130
f 125/144/131 136/165/152 135/145/132
f 137/146/133 138/167/154 139/147/134
f 141/149/136 144/159/146 125/144/131
f 96/103/92 95/105/94 90/98/87
f 99/109/98 96/103/92 89/97/86
f 145/152/139 99/109/98 91/99/88
f 95/105/94 93/114/101 3/2/2
f 87/94/83 94/101/90 145/152/139
f 147/153/140 148/785/173 149/154/141
f 150/156/143 151/176/162 152/157/144
f 118/129/116 121/131/118 142/150/137
f 144/159/146 128/161/148 127/137/124
f 154/160/147 129/138/125 128/161/148
f 155/162/149 156/166/153 157/163/150
f 136/165/152 130/139/126 157/163/150
f 143/151/138 142/150/137 138/167/154
f 159/168/155 139/147/134 138/167/154
f 161/169/156 162/189/172 163/170/157
f 164/172/159 143/151/138 137/146/133
f 143/151/138 147/153/140 146/155/142
f 164/172/159 148/785/173 147/153/140
f 161/173/156 155/374/149 165/174/160
f 154/160/147 144/159/146 146/155/142
f 142/150/137 121/131/118 151/176/162
f 132/141/128 152/157/144 151/176/162
f 160/177/158 168/192/174 169/178/163
f 159/168/155 142/150/137 150/156/143
f 176/206/180 170/208/182 171/180/165
f 171/180/165 172/184/169 173/181/166
f 173/181/166 174/207/181 175/182/167
f 175/182/167 176/206/180 171/180/165
f 177/183/168 178/211/183 172/184/169
f 63/55/55 179/187/171 79/79/74
f 59/185/68 74/75/70 180/186/170
f 180/186/170 179/187/171 63/55/55
f 180/186/170 74/75/70 79/79/74
f 2/102/91 5/6/6 8/5/5
f 158/164/151 157/163/150 130/139/126
f 139/147/134 163/170/157 162/189/172
f 166/175/161 165/174/160 149/154/141
f 152/157/144 169/178/163 168/192/174
f 167/198/164 182/197/176 183/199/177
f 184/201/178 185/204/179 155/202/149
f 160/200/158 183/199/177 184/201/178
f 185/204/179 181/195/175 156/205/153
f 182/197/176 170/208/182 176/206/180
f 175/182/167 174/207/181 185/204/179
f 183/199/177 176/206/180 175/182/167
f 174/207/181 173/181/166 181/195/175
f 177/183/168 171/180/165 131/209/127
f 178/211/183 177/183/168 133/210/129
f 135/213/132 172/184/169 178/211/183
f 173/181/166 172/184/169 135/213/132
f 136/165/152 125/144/131 127/137/124
f 131/209/127 171/180/165 170/208/182
f 132/141/128 167/179/164 169/178/163
f 168/192/174 160/177/158 159/214/155
f 159/168/155 160/171/158 163/170/157
f 162/189/172 161/169/156 164/215/159
f 164/216/159 161/173/156 166/175/161
f 165/174/160 155/374/149 154/160/147
f 154/217/147 155/162/149 158/164/151
f 38/60/60 45/40/40 48/42/42
f 67/62/62 186/250/205 187/218/184
f 66/61/61 48/42/42 54/46/46
f 188/219/185 186/250/205 67/62/62
f 54/46/46 58/49/49 70/65/65
f 58/49/49 188/219/185 69/64/64
f 41/36/36 187/218/184 45/71/40
f 145/152/139 189/221/187 101/108/97
f 94/101/90 93/112/101 103/110/99
f 94/101/90 190/220/186 189/221/187
f 190/220/186 103/110/99 101/108/97
f 191/222/188 192/375/1649 84/87/80
f 193/223/189 194/669/1650 195/224/190
f 84/87/80 192/375/1649 193/223/189
f 118/225/116 141/376/136 109/118/106
f 119/226/119 118/225/116 108/117/105
f 122/227/120 119/226/119 111/120/108
f 123/228/123 122/227/120 113/122/110
f 117/233/115 199/236/195 200/234/194
f 198/235/193 201/238/196 199/236/195
f 200/234/194 202/240/198 196/229/191
f 196/237/191 202/241/198 201/238/196
f 97/107/96 107/119/107 106/116/104
f 100/106/95 110/121/109 107/119/107
f 204/242/199 110/121/109 100/106/95
f 104/113/102 205/244/200 204/242/199
f 105/243/103 116/125/113 205/244/200
f 106/116/104 116/128/113 105/115/103
f 204/242/199 206/246/202 112/123/111
f 205/244/200 116/125/113 114/126/114
f 205/244/200 207/245/201 206/246/202
f 207/245/201 114/126/114 112/123/111
f 109/118/106 141/376/136 124/247/121
f 196/229/191 124/377/121 123/228/123
f 208/248/203 188/219/185 58/49/49
f 45/71/40 187/218/184 209/249/204
f 186/250/205 210/251/206 209/249/204
f 208/248/203 210/251/206 186/250/205
f 49/45/45 52/44/44 209/249/204
f 55/47/47 49/45/45 210/251/206
f 211/252/207 212/255/210 213/253/208
f 217/257/212 218/277/229 219/258/213
f 220/260/215 221/287/234 222/261/216
f 214/254/209 213/253/208 224/263/218
f 213/253/208 215/256/211 226/265/220
f 215/256/211 227/267/222 228/266/221
f 219/258/213 229/269/224 228/266/221
f 219/258/213 218/277/229 230/268/223
f 231/270/133 232/295/154 233/271/134
f 217/257/212 235/273/225 238/276/228
f 240/278/140 241/324/173 242/279/230
f 243/281/231 244/311/239 245/282/232
f 211/252/207 214/254/209 236/274/226
f 238/284/228 221/287/234 220/260/215
f 247/286/147 222/261/216 221/287/234
f 248/289/149 249/378/237 250/290/235
f 230/292/223 223/262/217 250/290/235
f 237/294/227 236/379/226 232/295/154
f 252/296/155 233/271/134 232/295/154
f 254/298/156 255/323/243 256/299/238
f 257/301/159 237/380/227 231/270/133
f 237/302/227 240/278/140 239/280/142
f 257/304/159 241/324/173 240/278/140
f 254/306/156 248/381/149 258/307/160
f 247/309/147 238/382/228 239/280/142
f 236/310/226 214/383/209 244/311/239
f 225/312/219 245/282/232 244/311/239
f 253/314/158 261/325/244 262/315/240
f 252/317/155 236/384/226 243/281/231
f 269/339/180 263/341/182 264/318/165
f 264/318/165 265/322/169 266/319/166
f 266/319/166 267/340/181 268/320/167
f 268/320/167 269/339/180 264/318/165
f 270/321/242 271/344/183 265/322/169
f 251/291/236 250/290/235 223/262/217
f 233/271/134 256/299/238 255/323/243
f 259/308/161 258/307/160 242/279/230
f 245/282/232 262/315/240 261/325/244
f 260/330/241 273/329/176 274/331/177
f 275/333/178 276/336/179 248/334/149
f 253/332/158 274/331/177 275/333/178
f 276/336/179 272/327/245 249/337/237
f 273/329/176 263/341/182 269/339/180
f 268/320/167 267/340/181 276/336/179
f 274/331/177 269/339/180 268/320/167
f 267/340/181 266/319/166 272/327/245
f 270/321/242 264/318/165 224/342/218
f 271/344/183 270/321/242 226/343/220
f 229/346/224 265/322/169 271/344/183
f 266/319/166 265/322/169 229/346/224
f 230/292/223 218/385/229 220/260/215
f 224/342/218 264/318/165 263/341/182
f 225/312/219 260/386/241 262/315/240
f 261/325/244 253/786/158 252/317/155
f 252/296/155 253/387/158 256/299/238
f 255/323/243 254/787/156 257/301/159
f 257/304/159 254/388/156 259/308/161
f 258/307/160 248/788/149 247/309/147
f 247/286/147 248/389/149 251/291/236
f 75/76/71 216/390/214 227/347/222
f 77/82/77 235/391/225 217/348/212
f 227/347/222 215/350/211 80/80/75
f 211/349/207 235/391/225 77/82/77
f 215/350/211 212/351/210 82/83/78
f 212/351/210 211/349/207 81/81/76
f 78/78/73 217/348/212 216/352/214
f 280/356/249 281/358/251 278/354/247
f 282/357/250 283/367/257 281/358/251
f 285/360/253 284/359/252 286/361/254
f 286/361/254 288/368/554 289/363/256
f 278/364/247 281/366/251 286/361/254
f 283/365/257 288/368/554 286/361/254
f 282/357/250 280/356/249 287/362/255
f 277/353/246 285/360/253 287/362/255
f 293/356/261 294/358/263 291/354/259
f 293/356/261 295/357/269 296/367/262
f 297/359/264 299/361/267 300/362/266
f 299/361/267 301/368/1651 302/363/268
f 291/364/259 294/366/263 299/361/267
f 296/365/262 301/368/1651 299/361/267
f 293/356/261 300/362/266 302/363/268
f 290/353/258 298/360/265 300/362/266
f 305/354/272 306/358/274 307/356/273
f 306/358/274 308/367/282 309/357/275
f 312/362/278 313/361/280 311/359/277
f 314/363/279 315/368/281 313/361/280
f 305/364/272 311/359/277 313/361/280
f 306/366/274 313/361/280 315/368/281
f 309/357/275 314/363/279 312/362/278
f 312/362/278 310/360/276 303/353/270
f 318/354/285 319/358/287 320/356/286
f 319/358/287 321/367/295 322/357/288
f 325/362/291 326/361/293 324/359/290
f 327/363/292 328/368/294 326/361/293
f 318/364/285 324/359/290 326/361/293
f 319/366/287 326/361/293 328/368/294
f 322/357/288 327/363/292 325/362/291
f 325/362/291 323/360/289 316/353/283
f 332/356/296 333/358/297 330/354/247
f 334/357/250 335/367/257 333/358/297
f 336/359/298 338/361/301 339/362/300
f 338/361/301 340/368/554 341/363/302
f 330/364/247 333/366/297 338/361/301
f 335/365/257 340/368/554 338/361/301
f 334/357/250 332/356/296 339/362/300
f 329/353/246 337/360/299 339/362/300
f 342/353/303 345/356/306 346/358/305
f 345/356/306 347/357/269 348/367/307
f 349/359/264 351/361/309 352/362/308
f 351/361/309 353/368/1651 354/363/310
f 343/364/304 346/366/305 351/361/309
f 348/365/307 353/368/1651 351/361/309
f 345/356/306 352/362/308 354/363/310
f 342/353/303 350/360/265 352/362/308
f 357/354/272 358/358/274 359/356/273
f 358/358/274 360/367/282 361/357/275
f 364/362/278 365/361/280 363/359/311
f 366/363/279 367/368/281 365/361/280
f 357/364/272 363/359/311 365/361/280
f 358/366/274 365/361/280 367/368/281
f 361/357/275 366/363/279 364/362/278
f 364/362/278 362/360/276 355/353/270
f 370/354/285 371/358/287 372/356/286
f 371/358/287 373/367/295 374/357/288
f 377/362/291 378/361/293 376/359/313
f 379/363/292 380/368/294 378/361/293
f 370/364/285 376/359/313 378/361/293
f 371/366/287 378/361/293 380/368/294
f 374/357/288 379/363/292 377/362/291
f 377/362/291 375/360/312 368/353/283
f 73/369/69 27/90/22 86/91/82
f 381/370/314 191/222/188 83/86/79
f 1/1/1 4/3/3 382/2/315
f 385/5/317 386/8/320 387/4/318
f 386/8/320 388/10/322 389/7/321
f 388/10/322 390/12/324 391/9/323
f 390/12/324 14/96/85 13/11/11
f 392/13/325 18/15/15 17/14/14
f 394/17/327 395/19/329 20/16/16
f 396/20/328 397/371/334 395/19/329
f 398/21/330 393/23/326 399/22/331
f 396/20/328 401/25/335 402/24/333
f 401/25/335 403/27/337 404/26/336
f 403/27/337 398/21/330 406/28/338
f 403/27/337 405/29/339 407/30/340
f 405/29/339 406/28/338 36/31/31
f 405/29/339 35/32/32 37/33/33
f 408/34/341 409/60/365 392/13/325
f 394/17/327 410/36/367 411/35/342
f 412/37/343 408/34/341 393/23/326
f 396/20/328 411/35/342 413/38/344
f 414/39/345 412/37/343 398/21/330
f 401/25/335 413/38/344 414/39/345
f 415/40/346 416/42/353 417/41/347
f 420/44/349 421/53/361 422/43/350
f 423/46/352 424/54/357 417/41/347
f 425/47/354 419/45/351 422/43/350
f 423/46/352 427/49/358 428/48/356
f 425/47/354 426/59/355 428/48/356
f 429/51/359 430/185/374 418/50/348
f 431/52/360 432/57/378 422/43/350
f 424/54/357 433/55/363 429/51/359
f 422/43/350 432/57/378 434/56/362
f 428/48/356 435/58/364 433/55/363
f 426/59/355 434/56/362 435/58/364
f 408/34/341 412/37/343 438/63/369
f 411/35/342 437/62/368 439/64/370
f 412/37/343 414/39/345 440/65/371
f 413/38/344 439/64/370 440/65/371
f 406/28/338 398/21/330 400/66/332
f 36/31/31 406/28/338 441/67/372
f 394/17/327 19/18/18 18/68/15
f 409/69/365 410/36/367 394/17/327
f 415/71/346 418/72/348 421/53/361
f 430/73/374 431/52/360 421/53/361
f 73/74/69 399/22/331 393/23/326
f 442/75/375 443/77/380 444/76/376
f 445/78/377 446/82/547 432/57/378
f 447/79/379 448/80/382 443/77/380
f 432/57/378 446/82/547 449/81/381
f 435/58/364 450/83/383 448/80/382
f 434/56/362 449/81/381 450/83/383
f 444/84/376 445/78/377 431/52/360
f 400/85/332 451/87/385 452/86/384
f 441/88/372 452/86/384 85/89/81
f 399/90/331 453/91/489 451/87/385
f 382/92/315 4/93/3 20/16/16
f 454/94/386 382/92/315 395/19/329
f 454/94/386 397/371/334 402/24/333
f 455/95/387 402/24/333 404/26/336
f 390/12/324 388/10/322 404/26/336
f 14/96/85 390/12/324 407/30/340
f 385/5/317 456/98/392 457/97/388
f 386/8/320 457/97/388 458/99/389
f 458/99/389 459/100/390 455/95/387
f 460/101/391 461/112/402 382/92/315
f 463/104/393 464/107/500 465/103/394
f 465/103/394 464/107/500 466/106/396
f 466/106/396 468/111/399 469/108/398
f 468/111/399 470/113/401 471/110/400
f 470/113/401 472/243/503 461/112/402
f 461/114/402 472/115/503 463/104/393
f 473/116/403 474/118/491 475/117/404
f 476/119/405 475/117/404 477/120/406
f 478/121/407 477/120/406 479/122/408
f 480/123/409 479/122/408 481/124/410
f 481/124/410 483/233/413 484/125/412
f 483/127/413 474/118/491 473/116/403
f 485/129/414 486/131/424 487/130/415
f 491/135/418 492/144/429 493/134/419
f 494/137/421 495/139/465 496/138/422
f 486/131/424 498/141/455 499/140/425
f 487/130/415 499/140/425 500/142/426
f 489/133/417 500/142/426 501/143/427
f 501/143/427 502/145/428 491/135/418
f 502/145/428 503/165/448 492/144/429
f 504/146/430 505/148/481 506/147/431
f 492/144/429 511/159/443 508/149/433
f 456/98/392 462/105/395 465/103/394
f 457/97/388 465/103/394 467/109/397
f 458/99/389 467/109/397 512/152/436
f 382/2/315 461/114/402 462/105/395
f 454/94/386 459/100/390 512/152/436
f 514/154/437 515/785/469 516/153/438
f 517/156/440 518/158/480 519/157/441
f 510/150/435 486/131/424 485/129/414
f 494/137/421 497/161/423 511/159/443
f 497/161/423 496/138/422 521/160/444
f 522/162/445 523/164/466 524/163/446
f 524/163/446 495/139/465 503/165/448
f 509/151/434 504/146/430 507/167/432
f 507/167/432 506/147/431 526/168/449
f 528/170/450 529/189/467 530/169/451
f 531/172/453 505/148/481 504/146/430
f 513/155/439 516/153/438 509/151/434
f 516/153/438 515/785/469 531/172/453
f 530/173/451 532/175/468 533/174/454
f 521/160/444 514/154/437 513/155/439
f 510/150/435 517/156/440 520/176/442
f 520/176/442 519/157/441 498/141/455
f 535/178/456 536/192/470 527/177/452
f 526/168/449 518/158/480 517/156/440
f 543/180/462 537/208/477 538/206/458
f 538/206/458 539/182/478 540/207/459
f 540/207/459 541/181/471 542/184/460
f 542/184/460 543/180/462 538/206/458
f 542/184/460 544/211/479 545/183/461
f 433/55/363 435/58/364 447/79/379
f 430/185/374 429/51/359 547/186/464
f 433/55/363 546/187/463 547/186/464
f 547/186/464 546/187/463 447/79/379
f 383/102/316 456/98/392 385/5/317
f 495/139/465 524/163/446 523/164/466
f 506/147/431 505/190/481 529/189/467
f 514/154/437 533/174/454 532/175/468
f 519/157/441 518/193/480 536/192/470
f 534/198/457 527/200/452 550/199/474
f 522/202/445 551/204/476 552/201/475
f 527/200/452 530/203/451 552/201/475
f 525/205/447 548/195/472 551/204/476
f 549/197/473 550/199/474 538/206/458
f 551/204/476 540/207/459 539/182/478
f 550/199/474 552/201/475 539/182/478
f 548/195/472 541/181/471 540/207/459
f 499/209/425 543/180/462 545/183/461
f 500/210/426 545/183/461 544/211/479
f 502/213/428 501/212/427 544/211/479
f 502/213/428 542/184/460 541/181/471
f 503/165/448 495/139/465 494/137/421
f 499/209/425 498/196/455 537/208/477
f 498/141/455 519/157/441 535/178/456
f 526/214/449 527/177/452 536/192/470
f 526/168/449 506/147/431 528/170/450
f 531/215/453 530/169/451 529/189/467
f 531/216/453 515/191/469 532/175/468
f 521/160/444 522/374/445 533/174/454
f 521/217/444 496/188/422 523/164/466
f 409/60/365 436/61/366 416/42/353
f 437/62/368 410/36/367 553/218/482
f 436/61/366 438/63/369 423/46/352
f 437/62/368 554/250/483 555/219/484
f 440/65/371 427/49/358 423/46/352
f 439/64/370 555/219/484 427/49/358
f 410/36/367 409/69/365 415/71/346
f 469/108/398 556/221/485 512/152/436
f 460/101/391 557/220/486 471/110/400
f 460/101/391 512/152/436 556/221/485
f 557/220/486 556/221/485 469/108/398
f 451/87/385 558/375/490 559/222/487
f 195/224/190 194/669/1650 560/223/488
f 451/87/385 453/91/489 560/223/488
f 474/118/491 508/376/433 485/225/414
f 475/117/404 485/225/414 488/226/416
f 477/120/406 488/226/416 489/227/417
f 479/122/408 489/227/417 490/228/420
f 483/233/413 562/230/493 564/234/495
f 563/235/494 483/233/413 565/236/496
f 561/229/492 567/240/498 564/234/495
f 561/237/492 563/235/494 566/238/497
f 464/107/500 463/104/393 473/116/403
f 466/106/396 464/107/500 476/119/405
f 466/106/396 478/121/407 569/242/501
f 470/113/401 468/111/399 569/242/501
f 472/243/503 470/113/401 570/244/502
f 472/115/503 484/128/412 473/116/403
f 480/123/409 571/246/504 569/242/501
f 570/244/502 572/245/505 482/126/411
f 570/244/502 569/242/501 571/246/504
f 572/245/505 571/246/504 480/123/409
f 474/118/491 561/231/492 493/247/419
f 561/229/492 481/124/410 490/228/420
f 427/49/358 555/219/484 573/248/506
f 574/249/507 553/218/482 415/71/346
f 554/250/483 553/218/482 574/249/507
f 554/250/483 575/251/508 573/248/506
f 574/249/507 420/44/349 419/45/351
f 575/251/508 419/45/351 425/47/354
f 576/252/509 577/254/519 578/253/510
f 582/258/513 583/277/525 584/257/514
f 585/260/516 586/262/542 587/261/517
f 577/254/519 589/264/538 590/263/520
f 578/253/510 590/263/520 591/265/521
f 580/256/512 591/265/521 592/266/522
f 592/266/522 594/269/545 582/258/513
f 582/258/513 594/269/545 595/268/524
f 596/270/430 597/272/481 598/271/431
f 584/257/514 583/277/525 603/276/529
f 605/279/437 606/324/469 607/278/438
f 608/281/530 609/283/546 610/282/531
f 602/274/528 577/254/519 576/252/509
f 585/260/516 588/287/518 603/284/529
f 588/287/518 587/261/517 612/286/444
f 613/289/445 614/291/543 615/290/533
f 615/290/533 586/262/542 595/292/524
f 601/294/527 596/270/430 599/295/432
f 599/295/432 598/271/431 617/296/449
f 619/299/535 620/323/467 621/298/451
f 622/301/536 597/272/481 596/270/430
f 604/280/439 607/278/438 601/302/527
f 607/278/438 606/324/469 622/304/536
f 621/306/451 623/308/468 624/307/537
f 612/309/444 605/279/437 604/280/439
f 602/310/528 608/281/530 611/311/532
f 611/311/532 610/282/531 589/312/538
f 626/315/539 627/325/544 618/314/452
f 617/317/449 609/283/546 608/281/530
f 634/318/462 628/341/477 629/339/458
f 629/339/458 630/320/478 631/340/459
f 631/340/459 632/319/471 633/322/460
f 633/322/460 634/318/462 629/339/458
f 633/322/460 635/344/479 636/321/541
f 586/262/542 615/290/533 614/291/543
f 598/271/431 597/272/481 620/323/467
f 605/279/437 624/307/537 623/308/468
f 610/282/531 609/283/546 627/325/544
f 625/330/540 618/332/452 639/331/474
f 613/334/445 640/336/476 641/333/475
f 618/332/452 621/335/451 641/333/475
f 616/337/534 637/327/472 640/336/476
f 638/329/473 639/331/474 629/339/458
f 640/336/476 631/340/459 630/320/478
f 639/331/474 641/333/475 630/320/478
f 637/327/472 632/319/471 631/340/459
f 590/342/520 634/318/462 636/321/541
f 591/343/521 636/321/541 635/344/479
f 594/346/545 592/345/522 635/344/479
f 594/346/545 633/322/460 632/319/471
f 595/292/524 586/262/542 585/260/516
f 590/342/520 589/328/538 628/341/477
f 589/312/538 610/282/531 626/315/539
f 617/317/449 618/786/452 627/325/544
f 617/296/449 598/271/431 619/299/535
f 622/301/536 621/787/451 620/323/467
f 622/304/536 606/324/469 623/308/468
f 612/309/444 613/788/445 624/307/537
f 612/286/444 587/261/517 614/291/543
f 444/76/376 443/77/380 593/347/523
f 446/82/547 445/78/377 584/348/514
f 448/80/382 580/350/512 593/347/523
f 446/82/547 600/391/526 576/349/509
f 450/83/383 579/351/511 580/350/512
f 449/81/381 576/349/509 579/351/511
f 445/78/377 444/84/376 581/352/515
f 644/354/549 645/358/551 646/356/550
f 645/358/551 647/367/250 648/357/257
f 649/360/552 651/362/555 652/361/553
f 653/363/554 654/368/256 652/361/553
f 644/364/549 650/359/299 652/361/553
f 652/361/553 654/368/256 647/365/250
f 648/357/257 653/363/554 651/362/555
f 651/362/555 649/360/552 642/353/548
f 657/354/558 658/358/567 659/356/559
f 659/356/559 658/358/567 660/367/560
f 664/362/564 665/361/566 663/359/563
f 666/363/565 667/368/1652 665/361/566
f 657/364/558 663/359/563 665/361/566
f 665/361/566 667/368/1652 660/365/560
f 666/363/565 664/362/564 659/356/559
f 664/362/564 662/360/562 655/353/556
f 671/356/571 672/358/573 669/354/569
f 673/357/572 674/367/1653 672/358/573
f 675/359/574 677/361/577 678/362/576
f 677/361/577 679/368/579 680/363/578
f 669/364/569 672/366/573 677/361/577
f 672/366/573 674/365/1653 679/368/579
f 673/357/572 671/356/571 678/362/576
f 668/353/568 676/360/575 678/362/576
f 684/356/583 685/358/585 682/354/581
f 686/357/584 687/367/1654 685/358/585
f 688/359/586 690/361/589 691/362/588
f 690/361/589 692/368/591 693/363/590
f 682/364/581 685/366/585 690/361/589
f 685/366/585 687/365/1654 692/368/591
f 686/357/584 684/356/583 691/362/588
f 681/353/580 689/360/587 691/362/588
f 696/354/549 697/358/592 698/356/550
f 697/358/592 699/367/250 700/357/257
f 701/360/552 703/362/555 704/361/594
f 705/363/554 706/368/256 704/361/594
f 696/364/549 702/359/593 704/361/594
f 704/361/594 706/368/256 699/365/250
f 700/357/257 705/363/554 703/362/555
f 703/362/555 701/360/552 694/353/548
f 707/353/595 709/354/596 710/358/597
f 711/356/559 710/358/597 712/367/598
f 716/362/600 717/361/601 715/359/563
f 718/363/565 719/368/1652 717/361/601
f 709/364/596 715/359/563 717/361/601
f 717/361/601 719/368/1652 712/365/598
f 718/363/565 716/362/600 711/356/559
f 716/362/600 714/360/562 707/353/595
f 723/356/571 724/358/573 721/354/569
f 725/357/572 726/367/1653 724/358/573
f 727/359/574 729/361/577 730/362/576
f 729/361/577 731/368/579 732/363/578
f 721/364/569 724/366/573 729/361/577
f 724/366/573 726/365/1653 731/368/579
f 725/357/572 723/356/571 730/362/576
f 720/353/568 728/360/575 730/362/576
f 736/356/583 737/358/603 734/354/602
f 738/357/584 739/367/1654 737/358/603
f 740/359/604 742/361/589 743/362/588
f 742/361/589 744/368/591 745/363/590
f 734/364/602 737/366/603 742/361/589
f 737/366/603 739/365/1654 744/368/591
f 738/357/584 736/356/583 743/362/588
f 733/353/580 741/360/605 743/362/588
f 73/369/69 195/224/190 453/91/489
f 381/370/314 85/89/81 452/86/384
f 760/405/619 761/425/639 762/406/620
f 762/406/620 761/425/639 763/408/622
f 764/409/623 763/408/622 765/410/624
f 765/410/624 767/428/642 768/412/626
f 768/412/626 767/428/642 769/413/627
f 769/413/627 771/431/645 772/415/629
f 772/415/629 771/431/645 773/416/630
f 774/417/631 773/416/630 775/418/632
f 775/418/632 777/435/649 778/420/634
f 778/420/634 777/435/649 779/421/635
f 779/421/635 781/438/652 782/423/637
f 782/423/637 781/438/652 760/405/619
f 760/405/619 783/439/653 784/424/638
f 784/424/638 785/426/640 763/408/622
f 785/426/640 786/427/641 765/410/624
f 786/427/641 787/429/643 767/428/642
f 787/429/643 788/430/644 769/413/627
f 788/430/644 789/432/646 771/431/645
f 789/432/646 790/467/661 773/416/630
f 773/416/630 790/467/661 791/433/647
f 775/418/632 791/433/647 792/434/648
f 777/435/649 792/434/648 793/436/650
f 779/421/635 793/436/650 794/437/651
f 781/438/652 794/437/651 783/439/653
f 795/440/654 796/468/1655 784/441/638
f 784/441/638 796/468/1655 797/443/655
f 785/444/640 797/443/655 798/445/656
f 786/447/641 798/469/656 799/448/657
f 787/449/643 799/448/657 800/450/658
f 788/451/644 800/450/658 801/452/659
f 789/454/646 801/470/659 802/455/660
f 802/455/660 803/458/662 791/457/647
f 803/458/662 804/789/663 792/459/648
f 804/460/663 805/463/664 793/461/650
f 805/463/664 806/465/665 794/464/651
f 806/465/665 795/790/654 783/466/653
f 759/407/621 762/406/620 748/394/608
f 762/406/620 764/409/623 749/395/609
f 749/395/609 764/409/623 766/411/625
f 766/411/625 768/412/626 751/397/611
f 751/397/611 768/412/626 770/414/628
f 752/398/612 770/414/628 772/415/629
f 753/399/613 772/415/629 774/417/631
f 774/417/631 776/419/633 755/401/615
f 776/419/633 778/420/634 756/402/616
f 756/402/616 778/420/634 780/422/636
f 780/422/636 782/423/637 758/404/618
f 758/404/618 782/423/637 759/407/621
f 821/406/668 822/425/652 823/405/619
f 821/406/668 824/409/636 825/408/635
f 824/409/636 826/411/669 827/410/649
f 828/412/633 829/428/632 827/410/649
f 828/412/633 830/414/670 831/413/630
f 832/415/629 833/431/645 831/413/630
f 832/415/629 834/417/671 835/416/627
f 834/417/671 836/419/626 837/418/642
f 838/420/672 839/435/624 837/418/642
f 838/420/672 840/422/623 841/421/622
f 842/423/673 843/438/639 841/421/622
f 842/423/673 820/407/621 823/405/619
f 823/405/619 822/425/652 844/424/651
f 825/408/635 846/426/650 844/424/651
f 827/410/649 847/427/648 846/426/650
f 829/428/632 848/429/647 847/427/648
f 831/413/630 849/430/661 848/429/647
f 833/431/645 850/432/646 849/430/661
f 835/416/627 851/467/644 850/432/646
f 835/416/627 837/418/642 852/433/643
f 837/418/642 839/435/624 853/434/641
f 839/435/624 841/421/622 854/436/640
f 841/421/622 843/438/639 855/437/638
f 843/438/639 823/405/619 845/439/653
f 844/441/651 856/468/674 857/440/654
f 844/441/651 846/444/650 858/443/664
f 846/444/650 847/446/648 859/445/663
f 847/447/648 848/449/647 860/448/675
f 848/449/647 849/451/661 861/450/660
f 849/451/661 850/453/646 862/452/659
f 850/454/646 851/456/644 863/455/658
f 852/457/643 864/458/676 863/455/658
f 853/459/641 865/789/656 864/458/676
f 854/461/640 866/463/655 865/460/656
f 855/464/638 867/465/677 866/463/655
f 845/466/653 857/790/654 867/465/677
f 808/394/666 821/406/668 820/407/621
f 810/395/617 824/409/636 821/406/668
f 810/395/617 811/396/616 826/411/669
f 812/397/615 828/412/633 826/411/669
f 812/397/615 813/398/614 830/414/670
f 813/398/614 814/399/613 832/415/629
f 814/399/613 815/400/612 834/417/671
f 816/401/611 836/419/626 834/417/671
f 817/402/610 838/420/672 836/419/626
f 817/402/610 818/403/609 840/422/623
f 819/404/667 842/423/673 840/422/623
f 819/404/667 809/393/607 820/407/621
f 868/471/678 869/475/1656 870/472/679
f 870/472/679 872/791/1657 873/474/681
f 874/471/682 875/473/686 876/472/683
f 878/474/685 879/791/1658 876/472/683
f 881/476/687 868/792/1659 882/477/688
f 883/477/690 874/792/1660 881/476/687
f 884/479/691 885/483/695 886/480/692
f 888/482/694 889/611/822 885/483/695
f 891/484/696 892/487/699 893/485/697
f 892/487/699 894/645/849 895/488/700
f 897/489/701 898/492/704 899/490/702
f 898/492/704 900/530/741 901/493/705
f 902/494/706 903/498/710 904/495/707
f 906/497/709 907/565/776 903/498/710
f 909/499/711 910/656/860 911/500/712
f 911/500/712 910/656/860 912/502/714
f 905/496/708 904/495/707 869/504/716
f 869/506/718 870/573/784 914/507/719
f 915/509/720 916/658/861 917/510/721
f 920/512/723 921/563/774 922/513/724
f 923/515/726 924/662/864 925/516/727
f 927/518/729 928/579/791 890/486/698
f 929/519/730 930/617/827 931/520/731
f 929/519/730 927/518/729 893/485/697
f 932/521/732 933/529/740 934/522/733
f 936/524/735 932/521/732 935/523/734
f 939/526/737 940/531/742 941/527/738
f 898/492/704 897/489/701 933/529/740
f 900/530/741 898/492/704 932/521/732
f 940/531/742 922/513/724 942/532/743
f 943/533/744 944/536/747 945/534/745
f 944/536/747 947/572/783 948/537/748
f 950/538/749 951/543/754 886/480/692
f 935/523/734 934/522/733 952/540/751
f 937/525/736 935/523/734 953/541/752
f 951/543/754 939/526/737 938/528/739
f 909/499/711 956/545/756 902/494/706
f 956/545/756 957/660/863 906/497/709
f 958/546/757 959/550/761 960/547/758
f 962/549/760 963/663/921 959/550/761
f 961/548/759 964/561/772 965/551/762
f 958/546/757 965/551/762 966/552/763
f 967/553/764 964/561/772 961/548/759
f 969/554/765 970/560/771 971/555/766
f 968/556/767 971/555/766 881/557/768
f 973/559/770 974/566/777 970/560/771
f 964/561/772 969/554/765 968/556/767
f 965/551/762 968/556/767 972/558/769
f 964/561/772 967/553/764 973/559/770
f 975/562/773 897/489/701 896/491/703
f 921/563/774 870/573/788 869/506/716
f 970/560/771 904/495/707 903/498/710
f 971/555/766 903/498/710 907/565/776
f 974/566/777 869/504/716 904/495/707
f 977/567/778 873/580/792 978/568/779
f 886/480/692 885/483/695 980/570/781
f 981/571/782 982/664/940 947/572/783
f 912/502/714 916/658/861 915/509/720
f 870/573/784 872/576/1661 983/574/785
f 922/513/724 921/563/774 976/564/775
f 933/529/740 984/575/786 950/538/749
f 940/531/742 939/526/737 984/575/786
f 897/489/701 975/562/773 984/575/786
f 940/531/742 975/562/773 919/514/725
f 951/543/754 955/544/755 887/481/693
f 934/522/733 950/538/749 949/539/750
f 951/543/754 950/538/749 984/575/786
f 921/563/774 920/512/723 872/576/787
f 986/577/789 891/484/696 890/486/698
f 985/578/790 890/486/698 928/579/791
f 873/580/792 983/574/785 872/576/1661
f 920/512/723 987/583/795 988/581/793
f 989/582/794 990/650/854 919/514/725
f 919/514/725 990/650/854 987/583/795
f 988/581/793 991/587/799 978/568/779
f 993/584/796 994/647/851 995/585/797
f 991/587/799 993/584/796 992/586/798
f 979/569/780 978/568/779 992/586/798
f 974/566/777 996/596/807 997/588/800
f 976/564/775 869/506/716 997/589/800
f 942/532/743 976/564/775 998/590/801
f 941/527/738 942/532/743 999/591/802
f 938/528/739 941/527/738 1000/592/803
f 955/544/755 938/528/739 1001/593/804
f 887/481/693 955/544/755 1002/594/805
f 973/559/770 1004/597/808 996/596/807
f 967/553/764 1005/599/810 1004/597/808
f 967/553/764 960/547/758 1006/598/809
f 960/547/758 959/550/761 1007/600/811
f 1008/601/812 1009/605/816 1010/602/813
f 1012/604/815 1013/607/818 1009/605/816
f 1014/606/817 1015/665/972 1013/607/818
f 1017/608/819 1015/665/972 1014/606/817
f 959/550/761 963/663/921 1018/610/821
f 953/541/752 952/540/751 946/535/746
f 952/540/751 949/539/750 943/533/744
f 980/570/781 944/536/747 943/533/744
f 980/570/781 885/483/695 981/571/782
f 889/611/822 982/664/940 981/571/782
f 925/516/727 924/662/864 1020/612/823
f 1020/612/823 924/662/864 917/510/721
f 1021/615/825 1022/642/831 1023/616/826
f 930/617/827 1024/643/830 1025/618/828
f 930/619/827 1020/612/823 1026/620/829
f 1029/624/833 1030/627/836 1031/625/834
f 1030/627/836 1032/629/838 1033/628/837
f 1032/629/838 1034/631/840 1035/630/839
f 1034/631/840 1036/633/842 1037/632/841
f 1036/633/842 1038/638/845 1039/634/843
f 1010/635/813 1029/624/833 1028/626/835
f 887/481/693 1003/595/806 1040/637/844
f 1038/638/845 1041/654/858 1040/637/844
f 979/569/780 928/579/791 1042/639/846
f 1042/639/846 1043/641/848 1021/615/825
f 931/520/731 1042/639/846 928/579/791
f 1044/640/847 1027/666/832 1022/642/831
f 1024/643/830 1027/666/832 1044/640/847
f 1043/641/848 1042/639/846 931/520/731
f 1026/620/829 1020/612/823 1023/644/826
f 891/484/696 896/491/703 899/490/702
f 899/490/702 901/493/705 894/645/849
f 1045/646/850 1046/667/1662 989/582/794
f 985/578/790 992/586/798 995/585/797
f 1047/648/852 1048/651/855 988/581/793
f 989/582/794 1046/667/1662 1049/649/853
f 1049/649/853 1047/648/852 987/583/795
f 1048/651/855 1050/653/857 991/587/799
f 1051/652/856 1045/646/850 994/647/851
f 1050/653/857 1051/652/856 993/584/796
f 989/582/794 896/491/703 995/585/797
f 996/596/807 1008/601/812 1011/603/814
f 997/589/800 1011/636/814 1028/626/835
f 998/590/801 1028/626/835 1031/625/834
f 1031/625/834 1033/628/837 1000/592/803
f 1033/628/837 1035/630/839 1001/593/804
f 1001/593/804 1035/630/839 1037/632/841
f 1037/632/841 1039/634/843 1003/595/806
f 1004/597/808 1012/604/815 1008/601/812
f 1005/599/810 1014/606/817 1012/604/815
f 1006/598/809 1016/609/820 1014/606/817
f 1018/610/821 1017/608/819 1016/609/820
f 1041/654/858 888/482/694 884/479/691
f 905/496/708 868/505/717 910/656/860
f 910/656/860 868/505/717 914/657/719
f 916/658/861 983/661/785 873/614/792
f 908/501/713 1053/659/862 956/545/756
f 1053/659/862 1054/793/1663 957/660/863
f 912/502/714 914/657/719 983/661/785
f 924/662/864 923/515/726 918/511/722
f 930/619/827 1052/794/859 1019/613/824
f 954/542/753 953/541/752 945/534/745
f 1055/479/865 1056/481/945 1057/480/866
f 888/482/694 1055/479/865 1058/483/867
f 1060/485/868 1061/487/871 1062/484/869
f 895/488/700 894/645/849 1061/487/871
f 1064/490/872 1065/492/875 1066/489/873
f 901/493/705 900/530/741 1065/492/875
f 1067/494/876 1068/496/884 1069/495/877
f 906/497/709 1067/494/876 1070/498/878
f 1072/500/879 1073/656/883 1074/499/880
f 1072/500/879 1075/503/941 1076/502/882
f 1068/496/884 874/505/888 877/504/885
f 1077/507/886 876/573/943 877/506/887
f 1078/509/889 1079/511/1006 1080/510/890
f 1083/513/892 1084/563/932 1085/512/893
f 1086/515/895 926/517/728 925/516/727
f 1059/486/870 1088/579/949 1089/518/897
f 1090/520/898 1091/617/979 929/519/730
f 1060/485/868 1089/518/897 929/519/730
f 1092/521/899 1093/523/902 1094/522/900
f 936/524/735 937/525/736 1093/523/902
f 1097/527/903 1098/531/907 1099/526/904
f 1065/492/875 1092/521/899 1095/529/901
f 900/530/741 936/524/735 1092/521/899
f 1100/532/906 1083/513/892 1098/531/907
f 1101/533/908 1102/535/974 1103/534/909
f 1104/536/910 1103/534/909 948/537/748
f 1057/480/866 1106/543/915 1107/538/911
f 1093/523/902 1108/541/914 1109/540/913
f 937/525/736 954/542/753 1108/541/914
f 1096/528/905 1099/526/904 1106/543/915
f 1067/494/876 1111/545/917 1074/499/880
f 906/497/709 957/660/863 1111/545/917
f 1112/546/918 1113/548/922 1114/547/919
f 962/549/760 1112/546/918 1115/550/920
f 1113/548/922 1112/546/918 1116/551/923
f 1112/546/918 962/549/760 966/552/763
f 1113/548/922 1117/561/924 1118/553/925
f 1120/555/926 1121/560/929 1122/554/927
f 881/557/768 1120/555/926 1119/556/928
f 1121/560/929 1123/566/934 1124/559/930
f 1119/556/928 1122/554/927 1117/561/924
f 972/558/769 1119/556/928 1116/551/923
f 1117/561/924 1122/554/927 1124/559/930
f 1125/562/931 1082/514/894 1063/491/874
f 877/506/885 876/573/943 1084/563/932
f 1070/498/878 1069/495/877 1121/560/929
f 907/565/776 1070/498/878 1120/555/926
f 1069/495/877 877/504/885 1123/566/934
f 1127/567/935 1128/569/950 1129/568/936
f 1057/480/866 1105/539/912 1130/570/938
f 1131/571/939 1104/536/910 947/572/783
f 1078/509/889 1081/658/891 1076/502/882
f 1132/574/942 1133/576/946 876/573/943
f 1083/513/892 1100/532/906 1126/564/933
f 1107/538/911 1134/575/944 1095/529/901
f 1098/531/907 1125/562/931 1134/575/944
f 1134/575/944 1125/562/931 1066/489/873
f 1082/514/894 1125/562/931 1098/531/907
f 1056/481/945 1110/544/916 1106/543/915
f 1105/539/912 1107/538/911 1094/522/900
f 1134/575/944 1107/538/911 1106/543/915
f 1133/576/946 1085/512/893 1084/563/932
f 1059/486/870 1062/484/869 1136/577/947
f 1088/579/949 1059/486/870 1135/578/948
f 1133/576/946 1132/574/942 878/580/937
f 1085/512/893 1133/576/946 1137/581/951
f 1082/514/894 1139/650/954 1140/582/953
f 1082/514/894 1085/512/893 1138/583/952
f 1129/568/936 1141/587/958 1137/581/951
f 1143/585/955 1144/647/1000 1145/584/956
f 1142/586/957 1145/584/956 1141/587/958
f 1142/586/957 1129/568/936 1128/569/950
f 1146/588/959 1147/596/965 1123/566/934
f 1126/564/933 1148/590/960 1146/589/959
f 1100/532/906 1149/591/961 1148/590/960
f 1097/527/903 1150/592/962 1149/591/961
f 1096/528/905 1151/593/963 1150/592/962
f 1110/544/916 1152/594/964 1151/593/963
f 1056/481/945 1153/595/1003 1152/594/964
f 1147/596/965 1154/597/966 1124/559/930
f 1154/597/966 1155/599/1004 1118/553/925
f 1118/553/925 1155/599/1004 1156/598/967
f 1114/547/919 1156/598/967 1157/600/968
f 1158/601/969 1159/603/989 1010/602/813
f 1160/604/970 1158/601/969 1009/605/816
f 1161/606/971 1160/604/970 1013/607/818
f 1161/606/971 1015/665/972 1017/608/819
f 1115/550/920 1157/600/968 1018/610/821
f 1108/541/914 1103/534/909 1102/535/974
f 1109/540/913 1102/535/974 1101/533/908
f 1101/533/908 1104/536/910 1130/570/938
f 1130/570/938 1104/536/910 1131/571/939
f 1131/571/939 982/664/940 889/611/822
f 1163/612/975 1087/662/896 925/516/727
f 1163/612/975 878/614/937 1080/510/890
f 1164/616/976 1165/642/981 1166/615/977
f 1167/618/978 1168/643/994 1091/617/979
f 1091/619/979 1168/621/994 1169/620/980
f 1172/625/983 1030/627/836 1029/624/833
f 1173/628/985 1032/629/838 1030/627/836
f 1174/630/986 1034/631/840 1032/629/838
f 1175/632/987 1036/633/842 1034/631/840
f 1176/634/988 1038/638/845 1036/633/842
f 1171/626/984 1029/624/833 1010/635/813
f 1177/637/990 1153/595/1003 1056/481/945
f 1177/637/990 1041/654/858 1038/638/845
f 1128/569/950 1127/567/935 1178/639/991
f 1166/615/977 1179/641/993 1178/639/991
f 1090/520/898 1089/518/897 1088/579/949
f 1165/642/981 1170/666/982 1180/640/992
f 1168/643/994 1167/618/978 1180/640/992
f 1179/641/993 1167/618/978 1090/520/898
f 1169/620/980 1165/622/981 1164/644/976
f 1062/484/869 1061/487/871 1064/490/872
f 894/645/849 901/493/705 1064/490/872
f 1181/646/995 1144/647/1000 1140/582/953
f 1143/585/955 1142/586/957 1135/578/948
f 1137/581/951 1183/651/999 1184/648/997
f 1140/582/953 1139/650/954 1185/649/998
f 1138/583/952 1184/648/997 1185/649/998
f 1141/587/958 1186/653/1002 1183/651/999
f 1144/647/1000 1181/646/995 1187/652/1001
f 1145/584/956 1187/652/1001 1186/653/1002
f 1140/582/953 1144/647/1000 1143/585/955
f 1147/596/965 1146/588/959 1159/603/989
f 1146/589/959 1148/590/960 1171/626/984
f 1148/590/960 1149/591/961 1172/625/983
f 1150/592/962 1173/628/985 1172/625/983
f 1151/593/963 1174/630/986 1173/628/985
f 1151/593/963 1152/594/964 1175/632/987
f 1153/595/1003 1176/634/988 1175/632/987
f 1154/597/966 1147/596/965 1158/601/969
f 1155/599/1004 1154/597/966 1160/604/970
f 1156/598/967 1155/599/1004 1161/606/971
f 1018/610/821 1157/600/968 1162/609/973
f 1041/654/858 1177/637/990 1055/479/865
f 1073/656/883 874/505/888 1068/496/884
f 1073/656/883 1076/502/882 1077/657/886
f 1081/658/891 1080/510/890 878/614/937
f 1111/545/917 1188/659/1005 1071/501/881
f 957/660/863 1054/793/1663 1188/659/1005
f 1076/502/882 1081/658/891 1132/661/942
f 1087/662/896 1080/510/890 1079/511/1006
f 1019/613/824 1052/794/859 1091/619/979
f 954/542/753 948/537/748 1103/534/909
f 1189/497/1007 1190/494/1010 1191/545/1008
f 1190/494/1010 1193/496/1012 1194/499/1011
f 1193/496/1012 1195/505/1014 1196/656/1013
f 1195/505/1014 1197/657/1016 1198/502/1015
f 1197/657/1016 1199/614/1018 1200/510/1017
f 1199/614/1018 1201/613/1035 1202/516/1019
f 1203/659/1020 1204/795/1664 1192/660/1009
f 1205/501/1021 1203/659/1020 1191/545/1008
f 1206/500/1022 1205/501/1021 1194/499/1011
f 1198/502/1015 1207/503/1023 1206/500/1022
f 1200/510/1017 1208/511/1024 1207/503/1023
f 1202/516/1019 1209/668/1041 1208/511/1024
f 1189/497/1007 1192/660/1009 1210/545/1025
f 1211/494/1026 1210/545/1025 1212/499/1027
f 1213/496/1028 1212/499/1027 1214/656/1029
f 1215/505/1030 1214/656/1029 1216/502/1031
f 1217/657/1032 1216/502/1031 1218/510/1033
f 1219/614/1034 1218/510/1033 1202/516/1019
f 1192/660/1009 1204/795/1664 1220/659/1036
f 1210/545/1025 1220/659/1036 1221/501/1037
f 1212/499/1027 1221/501/1037 1222/500/1038
f 1216/502/1031 1214/656/1029 1222/500/1038
f 1218/510/1033 1216/502/1031 1223/503/1039
f 1202/516/1019 1218/510/1033 1224/511/1040
f 1226/494/1042 1227/545/1046 1228/660/1043
f 1229/496/1045 1230/499/1048 1227/545/1046
f 1231/505/1047 1232/656/1050 1230/499/1048
f 1233/657/1049 1234/502/1052 1232/656/1050
f 1235/614/1051 1236/510/1054 1234/502/1052
f 1237/613/1053 1238/516/1059 1236/510/1054
f 1239/659/1055 1240/795/1665 1228/660/1043
f 1241/501/1056 1239/659/1055 1227/545/1046
f 1232/656/1050 1242/500/1057 1241/501/1056
f 1234/502/1052 1243/503/1058 1242/500/1057
f 1236/510/1054 1244/511/1060 1243/503/1058
f 1238/516/1059 1245/668/1076 1244/511/1060
f 1228/660/1043 1246/545/1062 1247/494/1061
f 1246/545/1062 1248/499/1064 1249/496/1063
f 1248/499/1064 1250/656/1066 1251/505/1065
f 1250/656/1066 1252/502/1068 1253/657/1067
f 1252/502/1068 1254/510/1070 1255/614/1069
f 1254/510/1070 1238/516/1059 1237/613/1053
f 1228/660/1043 1240/795/1665 1256/659/1071
f 1246/545/1062 1256/659/1071 1257/501/1072
f 1250/656/1066 1248/499/1064 1257/501/1072
f 1252/502/1068 1250/656/1066 1258/500/1073
f 1254/510/1070 1252/502/1068 1259/503/1074
f 1238/516/1059 1254/510/1070 1260/511/1075
f 1261/85/1077 1262/88/1080 1263/86/1078
f 1262/88/1080 1265/373/1092 1266/89/1081
f 1267/369/1082 1268/90/1085 1269/91/1083
f 1268/90/1085 1261/85/1077 1264/87/1079
f 1263/86/1078 1271/222/1087 1272/375/1086
f 1266/89/1081 1273/370/1098 1271/222/1087
f 1274/223/1088 1275/669/646 1270/224/1084
f 1272/375/1086 1274/223/1088 1269/91/1083
f 1276/85/1089 1277/87/1095 1278/86/1090
f 1279/88/1091 1278/86/1090 1266/89/1081
f 1267/369/1082 1270/224/1084 1280/91/1093
f 1281/90/1094 1280/91/1093 1277/87/1095
f 1278/86/1090 1277/87/1095 1282/375/1096
f 1266/89/1081 1278/86/1090 1283/222/1097
f 1270/224/1084 1275/669/646 1284/223/1099
f 1280/91/1093 1284/223/1099 1282/375/1096
f 1286/86/1100 1287/87/1106 1288/85/1101
f 1290/91/1103 1291/224/1111 1292/369/1104
f 1287/87/1106 1290/91/1103 1289/90/1105
f 1293/370/1107 1294/222/1109 1286/86/1100
f 1294/222/1109 1296/375/1112 1287/87/1106
f 1290/91/1103 1297/223/1666 1298/669/1110
f 1296/375/1112 1297/223/1666 1290/91/1103
f 1286/86/1100 1285/88/1102 1299/373/1113
f 1301/85/1114 1302/87/1119 1303/86/1115
f 1292/369/1104 1291/224/1111 1305/91/1117
f 1304/90/1118 1305/91/1117 1302/87/1119
f 1293/370/1107 1295/89/1108 1303/86/1115
f 1302/87/1119 1307/375/1122 1306/222/1120
f 1305/91/1117 1291/224/1111 1298/669/1110
f 1305/91/1117 1308/223/1121 1307/375/1122
f 1303/86/1115 1295/89/1108 1299/373/1113
f 1310/86/1123 1311/87/1131 1312/85/1124
f 1313/90/1126 1314/91/1129 1315/224/1127
f 1312/85/1124 1311/87/1131 1314/91/1129
f 1310/86/1123 1317/222/1133 1318/375/1130
f 1319/89/1132 1320/370/1667 1317/222/1133
f 1314/91/1129 1311/87/1131 1318/375/1130
f 1319/89/1132 1310/86/1123 1309/88/1125
f 1315/224/1127 1314/91/1129 1321/223/1134
f 1325/85/1137 1326/87/1142 1327/86/1138
f 1328/90/1140 1316/369/1128 1315/224/1127
f 1325/85/1137 1328/90/1140 1329/91/1141
f 1330/375/1143 1331/222/1144 1327/86/1138
f 1331/222/1144 1320/370/1667 1319/89/1132
f 1329/91/1141 1332/223/1145 1330/375/1143
f 1324/88/1139 1327/86/1138 1319/89/1132
f 1332/223/1145 1329/91/1141 1315/224/1127
f 1334/670/1146 1335/674/1150 1336/671/1147
f 1334/670/1146 1337/680/1159 1338/673/1149
f 1333/672/1148 1336/671/1147 1340/675/1151
f 1339/676/1152 1340/675/1151 1342/677/1153
f 1345/671/1156 1346/674/1162 1347/670/1157
f 1347/670/1157 1346/674/1162 1338/673/1149
f 1349/675/1160 1345/671/1156 1344/672/1158
f 1342/677/1153 1349/675/1160 1348/676/1161
f 1351/681/1163 1352/686/1168 1353/682/1164
f 1353/682/1164 1352/686/1168 1354/684/1166
f 1351/681/1163 1356/687/1169 1354/684/1166
f 1356/687/1169 1357/692/1170 1355/685/1167
f 1350/683/1165 1353/682/1164 1355/688/1167
f 1357/689/1170 1358/745/1172 1359/690/1171
f 1356/687/1169 1360/694/1174 1358/691/1172
f 1356/687/1169 1351/681/1163 1361/693/1173
f 1351/681/1163 1350/683/1165 1359/690/1171
f 1363/681/1175 1364/686/1181 1365/682/1176
f 1365/682/1176 1364/686/1181 1366/684/1178
f 1368/687/1180 1366/684/1178 1364/686/1181
f 1368/687/1180 1369/692/1182 1367/685/1179
f 1362/683/1177 1365/682/1176 1367/688/1179
f 1369/689/1182 1370/745/1185 1371/690/1183
f 1369/692/1182 1368/687/1180 1372/694/1184
f 1368/687/1180 1363/681/1175 1373/693/1186
f 1362/683/1177 1371/690/1183 1373/693/1186
f 1377/698/1190 1378/703/1194 1379/699/1191
f 1379/702/1191 1378/712/1194 1380/700/1192
f 1380/700/1192 1381/708/1199 1382/701/1193
f 1378/703/1194 1377/698/1190 1383/704/1195
f 1385/706/1197 1386/711/1209 1383/704/1195
f 1387/707/1198 1385/706/1197 1377/698/1190
f 1377/698/1190 1375/696/1188 1374/695/1187
f 1374/695/1187 1382/701/1193 1381/708/1199
f 1380/700/1192 1378/712/1194 1384/709/1196
f 1392/698/1204 1391/696/1203 1393/699/1205
f 1380/700/1192 1394/712/1206 1393/702/1205
f 1393/702/1205 1395/701/1207 1381/708/1199
f 1394/703/1206 1396/705/1668 1397/704/1208
f 1392/698/1204 1397/704/1208 1386/711/1209
f 1392/698/1204 1385/706/1197 1387/707/1198
f 1387/707/1198 1389/695/1201 1391/696/1203
f 1381/708/1199 1395/701/1207 1389/695/1201
f 1388/710/1200 1396/709/1668 1394/712/1206
f 1399/713/1210 1400/716/1213 1401/714/1211
f 1403/718/1215 1404/719/1216 1400/716/1213
f 1403/718/1215 1405/724/1218 1406/720/1217
f 1405/721/1218 1398/715/1212 1401/714/1211
f 1405/721/1218 1407/746/1221 1408/723/1219
f 1405/724/1218 1403/718/1215 1409/725/1220
f 1403/718/1215 1399/713/1210 1410/727/1222
f 1398/715/1212 1408/723/1219 1410/727/1222
f 1412/713/1223 1413/716/1226 1414/714/1224
f 1412/713/1223 1416/718/1229 1417/719/1228
f 1416/718/1229 1418/724/1231 1419/720/1230
f 1418/721/1231 1411/715/1225 1414/714/1224
f 1418/721/1231 1420/746/1234 1421/723/1232
f 1418/724/1231 1416/718/1229 1422/725/1233
f 1416/718/1229 1412/713/1223 1423/727/1235
f 1411/715/1225 1421/723/1232 1423/727/1235
f 1425/713/1236 1426/716/1239 1427/714/1237
f 1425/713/1236 1429/718/1242 1430/719/1241
f 1429/718/1242 1431/724/1244 1432/720/1243
f 1431/721/1244 1424/715/1238 1427/714/1237
f 1431/721/1244 1433/746/1247 1434/723/1245
f 1431/724/1244 1429/718/1242 1435/725/1246
f 1429/718/1242 1425/713/1236 1436/727/1248
f 1424/715/1238 1434/723/1245 1436/727/1248
f 1441/733/1253 1442/744/1257 1443/734/1254
f 1445/736/1256 1446/739/1258 1443/737/1254
f 1445/736/1256 1441/733/1253 1444/735/1255
f 1439/730/1251 1438/729/1250 1447/740/1259
f 1440/731/1252 1449/743/1261 1447/742/1259
f 1440/731/1252 1439/730/1251 1448/741/1260
f 1448/741/1260 1447/740/1259 1442/744/1257
f 1449/743/1261 1445/736/1256 1442/738/1257
f 1449/743/1261 1448/741/1260 1441/733/1253
f 1460/682/1274 1461/686/1278 1462/681/1275
f 1460/682/1274 1463/685/1280 1464/684/1277
f 1462/681/1275 1461/686/1278 1464/684/1277
f 1465/687/1279 1464/684/1277 1463/685/1280
f 1463/688/1280 1460/682/1274 1459/683/1276
f 1459/683/1276 1467/690/1669 1468/745/1282
f 1466/692/1281 1468/691/1282 1469/694/1283
f 1469/694/1283 1470/693/1284 1462/681/1275
f 1470/693/1284 1467/690/1669 1459/683/1276
f 1472/682/1285 1473/686/1289 1474/681/1286
f 1475/685/1288 1476/684/1670 1473/686/1289
f 1473/686/1289 1476/684/1670 1477/687/1290
f 1477/687/1290 1476/684/1670 1475/685/1288
f 1478/689/1291 1475/688/1288 1472/682/1285
f 1471/683/1287 1479/690/1294 1480/745/1292
f 1478/692/1291 1480/691/1292 1481/694/1293
f 1481/694/1293 1482/693/1671 1474/681/1286
f 1474/681/1286 1482/693/1671 1479/690/1294
f 1485/696/1297 1487/699/1300 1488/703/1298
f 1491/700/1302 1488/712/1298 1487/702/1300
f 1487/702/1300 1489/701/1303 1490/708/1301
f 1492/705/1304 1493/704/1305 1486/698/1299
f 1493/704/1305 1494/711/1318 1495/706/1306
f 1486/698/1299 1495/706/1306 1496/707/1307
f 1496/707/1307 1483/695/1295 1485/696/1297
f 1490/708/1301 1489/701/1303 1483/695/1295
f 1497/710/1308 1492/709/1304 1488/712/1298
f 1502/703/1312 1503/699/1314 1499/696/1310
f 1503/702/1314 1502/712/1312 1491/700/1302
f 1491/700/1302 1490/708/1301 1504/701/1315
f 1502/703/1312 1501/698/1313 1505/704/1316
f 1501/698/1313 1495/706/1306 1494/711/1318
f 1496/707/1307 1495/706/1306 1501/698/1313
f 1501/698/1313 1499/696/1310 1498/695/1309
f 1498/695/1309 1504/701/1315 1490/708/1301
f 1491/700/1302 1502/712/1312 1506/709/1317
f 1508/714/1319 1509/716/1323 1510/713/1320
f 1509/716/1323 1512/719/1325 1513/718/1324
f 1513/718/1324 1512/719/1325 1514/720/1326
f 1515/721/1327 1514/722/1326 1508/714/1319
f 1507/715/1321 1516/723/1330 1517/746/1328
f 1517/726/1328 1518/725/1329 1513/718/1324
f 1518/725/1329 1519/727/1672 1510/713/1320
f 1510/713/1320 1519/727/1672 1516/723/1330
f 1521/714/1331 1522/716/1335 1523/713/1332
f 1522/716/1335 1525/719/1337 1526/718/1336
f 1526/718/1336 1525/719/1337 1527/720/1338
f 1528/721/1339 1527/722/1338 1521/714/1331
f 1529/723/1340 1530/746/1673 1528/721/1339
f 1528/724/1339 1530/726/1673 1531/725/1341
f 1531/725/1341 1532/727/1674 1523/713/1332
f 1523/713/1332 1532/727/1674 1529/723/1340
f 1534/714/1342 1535/716/1346 1536/713/1343
f 1535/716/1346 1538/719/1347 1539/718/1336
f 1539/718/1336 1538/719/1347 1540/720/1348
f 1541/721/1349 1540/722/1348 1534/714/1342
f 1542/723/1350 1543/746/1351 1541/721/1349
f 1543/726/1351 1544/725/1675 1539/718/1336
f 1539/718/1336 1544/725/1675 1545/727/1352
f 1545/727/1352 1542/723/1350 1533/715/1344
f 1550/733/1357 1551/735/1676 1552/734/1358
f 1553/738/1359 1552/737/1358 1554/739/1360
f 1554/739/1360 1551/735/1676 1550/733/1357
f 1556/741/1362 1557/740/1363 1548/729/1355
f 1557/742/1363 1558/743/1364 1549/731/1356
f 1549/731/1356 1558/743/1364 1556/741/1362
f 1556/741/1362 1550/733/1357 1553/744/1359
f 1553/738/1359 1555/736/1361 1558/743/1364
f 1555/736/1361 1550/733/1357 1556/741/1362
f 1570/682/1376 1571/686/1380 1572/681/1377
f 1570/682/1376 1573/685/1382 1574/684/1379
f 1572/681/1377 1571/686/1380 1574/684/1379
f 1575/687/1381 1574/684/1379 1573/685/1382
f 1573/688/1382 1570/682/1376 1569/683/1378
f 1577/690/1384 1578/745/1385 1576/689/1383
f 1578/691/1385 1579/694/1677 1575/687/1381
f 1575/687/1381 1579/694/1677 1580/693/1386
f 1572/681/1377 1580/693/1386 1577/690/1384
f 1582/682/1387 1583/686/1391 1584/681/1388
f 1582/682/1387 1585/685/1393 1586/684/1390
f 1583/686/1391 1586/684/1390 1587/687/1392
f 1587/687/1392 1586/684/1390 1585/685/1393
f 1585/688/1393 1582/682/1387 1581/683/1389
f 1589/690/1395 1590/745/1678 1588/689/1394
f 1588/692/1394 1590/691/1678 1591/694/1396
f 1587/687/1392 1591/694/1396 1592/693/1397
f 1592/693/1397 1589/690/1395 1581/683/1389
f 1596/698/1401 1595/696/1400 1597/699/1402
f 1601/700/1405 1598/712/1403 1597/702/1402
f 1597/702/1402 1599/701/1406 1600/708/1404
f 1598/703/1403 1602/705/1410 1603/704/1407
f 1603/704/1407 1604/711/1420 1605/706/1408
f 1596/698/1401 1605/706/1408 1606/707/1409
f 1606/707/1409 1593/695/1398 1595/696/1400
f 1600/708/1404 1599/701/1406 1593/695/1398
f 1601/700/1405 1607/710/1421 1602/709/1410
f 1611/698/1414 1612/703/1417 1613/699/1415
f 1613/702/1415 1612/712/1417 1601/700/1405
f 1601/700/1405 1600/708/1404 1614/701/1416
f 1612/703/1417 1611/698/1414 1615/704/1418
f 1611/698/1414 1605/706/1408 1604/711/1420
f 1606/707/1409 1605/706/1408 1611/698/1414
f 1611/698/1414 1609/696/1412 1608/695/1411
f 1608/695/1411 1614/701/1416 1600/708/1404
f 1612/712/1417 1616/709/1419 1607/710/1421
f 1618/714/1422 1619/716/1426 1620/713/1423
f 1619/716/1426 1622/719/1428 1623/718/1427
f 1623/718/1427 1622/719/1428 1624/720/1429
f 1625/721/1430 1624/722/1429 1618/714/1422
f 1626/723/1431 1627/746/1679 1625/721/1430
f 1625/724/1430 1627/726/1679 1628/725/1432
f 1623/718/1427 1628/725/1432 1629/727/1433
f 1629/727/1433 1626/723/1431 1617/715/1424
f 1631/714/1434 1632/716/1438 1633/713/1435
f 1633/713/1435 1632/716/1438 1635/719/1439
f 1636/718/1440 1635/719/1439 1637/720/1441
f 1638/721/1442 1637/722/1441 1631/714/1434
f 1639/723/1443 1640/746/1680 1638/721/1442
f 1638/724/1442 1640/726/1680 1641/725/1444
f 1636/718/1440 1641/725/1444 1642/727/1445
f 1642/727/1445 1639/723/1443 1630/715/1436
f 1644/714/1446 1645/716/1450 1646/713/1447
f 1646/713/1447 1645/716/1450 1648/719/1451
f 1649/718/1452 1648/719/1451 1650/720/1453
f 1651/721/1454 1650/722/1453 1644/714/1446
f 1652/723/1455 1653/746/1681 1651/721/1454
f 1651/724/1454 1653/726/1681 1654/725/1456
f 1649/718/1452 1654/725/1456 1655/727/1457
f 1655/727/1457 1652/723/1455 1643/715/1448
f 1660/733/1462 1661/735/1466 1662/734/1463
f 1662/737/1463 1664/739/1682 1665/736/1465
f 1665/736/1465 1664/739/1682 1661/735/1466
f 1657/730/1459 1666/741/1468 1667/740/1467
f 1667/742/1467 1668/743/1469 1659/731/1461
f 1659/731/1461 1668/743/1469 1666/741/1468
f 1666/741/1468 1660/733/1462 1663/744/1464
f 1663/738/1464 1665/736/1465 1668/743/1469
f 1668/743/1469 1665/736/1465 1660/733/1462
f 1678/681/1482 1679/686/1487 1680/682/1483
f 1680/682/1483 1679/686/1487 1681/684/1485
f 1678/681/1482 1683/687/1488 1681/684/1485
f 1683/687/1488 1684/692/1489 1682/685/1486
f 1677/683/1484 1680/682/1483 1682/688/1486
f 1677/683/1484 1684/689/1489 1685/745/1490
f 1684/692/1489 1683/687/1488 1687/694/1492
f 1678/681/1482 1688/693/1493 1687/694/1492
f 1677/683/1484 1686/690/1491 1688/693/1493
f 1690/681/1494 1691/686/1497 1692/682/1495
f 1691/686/1497 1693/684/1500 1694/685/1498
f 1695/687/1499 1693/684/1500 1691/686/1497
f 1695/687/1499 1696/692/1501 1694/685/1498
f 1696/689/1501 1689/683/1496 1692/682/1495
f 1689/683/1496 1696/689/1501 1697/745/1502
f 1696/692/1501 1695/687/1499 1699/694/1504
f 1690/681/1494 1700/693/1505 1699/694/1504
f 1690/681/1494 1689/683/1496 1698/690/1503
f 1705/703/1509 1706/699/1511 1702/696/1507
f 1706/702/1511 1705/712/1509 1707/700/1512
f 1707/700/1512 1708/708/1518 1709/701/1513
f 1704/698/1510 1710/704/1516 1711/705/1514
f 1712/706/1515 1713/711/1528 1710/704/1516
f 1714/707/1517 1712/706/1515 1704/698/1510
f 1704/698/1510 1702/696/1507 1701/695/1506
f 1701/695/1506 1709/701/1513 1708/708/1518
f 1705/712/1509 1711/709/1514 1715/710/1519
f 1718/696/1522 1720/699/1525 1721/703/1523
f 1707/700/1512 1721/712/1523 1720/702/1525
f 1720/702/1525 1722/701/1526 1708/708/1518
f 1721/703/1523 1723/705/1529 1724/704/1527
f 1719/698/1524 1724/704/1527 1713/711/1528
f 1719/698/1524 1712/706/1515 1714/707/1517
f 1714/707/1517 1716/695/1520 1718/696/1522
f 1708/708/1518 1722/701/1526 1716/695/1520
f 1707/700/1512 1715/710/1519 1723/709/1529
f 1726/713/1530 1727/716/1533 1728/714/1531
f 1730/718/1535 1731/719/1536 1727/716/1533
f 1730/718/1535 1732/724/1538 1733/720/1537
f 1732/721/1538 1725/715/1532 1728/714/1531
f 1725/715/1532 1732/721/1538 1734/746/1539
f 1730/718/1535 1736/725/1541 1734/726/1539
f 1726/713/1530 1737/727/1542 1736/725/1541
f 1726/713/1530 1725/715/1532 1735/723/1540
f 1739/713/1543 1740/716/1546 1741/714/1544
f 1743/718/1548 1744/719/1549 1740/716/1546
f 1743/718/1548 1745/724/1551 1746/720/1550
f 1745/721/1551 1738/715/1545 1741/714/1544
f 1745/721/1551 1747/746/1554 1748/723/1552
f 1745/724/1551 1743/718/1548 1749/725/1553
f 1739/713/1543 1750/727/1555 1749/725/1553
f 1739/713/1543 1738/715/1545 1748/723/1552
f 1752/713/1556 1753/716/1559 1754/714/1557
f 1756/718/1548 1757/719/1561 1753/716/1559
f 1756/718/1548 1758/724/1563 1759/720/1562
f 1758/721/1563 1751/715/1558 1754/714/1557
f 1758/721/1563 1760/746/1565 1761/723/1564
f 1756/718/1548 1762/725/1567 1760/726/1565
f 1756/718/1548 1752/713/1556 1763/727/1566
f 1751/715/1558 1761/723/1564 1763/727/1566
f 1768/733/1572 1769/744/1575 1770/734/1573
f 1769/738/1575 1772/736/1577 1773/739/1576
f 1768/733/1572 1771/735/1574 1773/739/1576
f 1765/729/1569 1774/740/1579 1775/741/1578
f 1767/731/1571 1776/743/1580 1774/742/1579
f 1767/731/1571 1766/730/1570 1775/741/1578
f 1775/741/1578 1774/740/1579 1769/744/1575
f 1776/743/1580 1772/736/1577 1769/738/1575
f 1775/741/1578 1768/733/1572 1772/736/1577
f 1786/747/1591 1787/783/1626 1788/748/1592
f 1791/750/1594 1792/757/1601 1793/751/1595
f 1794/753/1597 1786/747/1591 1789/749/1593
f 1796/755/1599 1790/752/1596 1793/751/1595
f 1792/757/1601 1787/783/1626 1786/747/1591
f 1793/751/1595 1786/747/1591 1794/753/1597
f 1789/749/1593 1788/748/1592 1798/758/1602
f 1795/754/1598 1789/749/1593 1799/759/1603
f 1799/759/1603 1798/758/1602 1801/761/1605
f 1800/760/1604 1799/759/1603 1802/762/1606
f 1804/764/1608 1805/774/1618 1806/765/1609
f 1808/767/1611 1809/784/1612 1810/768/1612
f 1807/766/1610 1806/765/1609 1812/770/1614
f 1811/769/1613 1810/768/1612 1814/772/1616
f 1805/774/1618 1808/767/1611 1811/769/1613
f 1806/765/1609 1811/769/1613 1815/773/1617
f 1816/775/1619 1804/764/1608 1807/766/1610
f 1817/776/1620 1807/766/1610 1813/771/1615
f 1819/778/1622 1816/775/1619 1817/776/1620
f 1820/779/1623 1817/776/1620 1818/777/1621
f 1790/752/1596 1810/782/1612 1809/781/1612
f 1795/754/1598 1813/771/1615 1812/770/1614
f 1796/755/1599 1814/772/1616 1810/782/1612
f 1797/756/1600 1815/773/1617 1814/772/1616
f 1794/753/1597 1812/770/1614 1815/773/1617
f 1800/760/1604 1818/777/1621 1813/771/1615
f 1803/763/1607 1821/780/1624 1818/777/1621
f 1822/747/1625 1823/749/1630 1788/748/1592
f 1825/751/1627 1792/757/1601 1791/750/1594
f 1826/753/1629 1827/754/1633 1823/749/1630
f 1828/755/1631 1829/756/1632 1825/751/1627
f 1822/747/1625 1787/783/1626 1792/757/1601
f 1826/753/1629 1822/747/1625 1825/751/1627
f 1823/749/1630 1830/759/1634 1798/758/1602
f 1827/754/1633 1831/760/1635 1830/759/1634
f 1830/759/1634 1832/762/1636 1801/761/1605
f 1831/760/1635 1833/763/1647 1832/762/1636
f 1804/764/1608 1834/766/1638 1835/765/1637
f 1808/767/1611 1836/769/1640 1837/768/1612
f 1834/766/1638 1838/771/1644 1839/770/1639
f 1836/769/1640 1840/773/1642 1841/772/1641
f 1805/774/1618 1835/765/1637 1836/769/1640
f 1835/765/1637 1839/770/1639 1840/773/1642
f 1816/775/1619 1842/776/1643 1834/766/1638
f 1842/776/1643 1843/777/1646 1838/771/1644
f 1819/778/1622 1844/779/1645 1842/776/1643
f 1844/779/1645 1845/780/1683 1843/777/1646
f 1809/781/1612 1837/782/1612 1824/752/1628
f 1839/770/1639 1838/771/1644 1827/754/1633
f 1837/782/1612 1841/772/1641 1828/755/1631
f 1841/772/1641 1840/773/1642 1829/756/1632
f 1840/773/1642 1839/770/1639 1826/753/1629
f 1838/771/1644 1843/777/1646 1831/760/1635
f 1843/777/1646 1845/780/1683 1833/763/1647
